iso3,country,year,month,year_month,date,n_eq_nearby,monthly_max_mag_nearby,monthly_sum_shake_proxy,monthly_max_shake_proxy,monthly_min_dist_km
BHS,Bahamas,2007,1,2007-01,2007-01-01,0,,0.0,0.0,
BHS,Bahamas,2007,2,2007-02,2007-02-01,0,,0.0,0.0,
BHS,Bahamas,2007,3,2007-03,2007-03-01,0,,0.0,0.0,
BHS,Bahamas,2007,4,2007-04,2007-04-01,0,,0.0,0.0,
BHS,Bahamas,2007,5,2007-05,2007-05-01,0,,0.0,0.0,
BHS,Bahamas,2007,6,2007-06,2007-06-01,0,,0.0,0.0,
BHS,Bahamas,2007,7,2007-07,2007-07-01,0,,0.0,0.0,
BHS,Bahamas,2007,8,2007-08,2007-08-01,0,,0.0,0.0,
BHS,Bahamas,2007,9,2007-09,2007-09-01,0,,0.0,0.0,
BHS,Bahamas,2007,10,2007-10,2007-10-01,0,,0.0,0.0,
BHS,Bahamas,2007,11,2007-11,2007-11-01,0,,0.0,0.0,
BHS,Bahamas,2007,12,2007-12,2007-12-01,0,,0.0,0.0,
BHS,Bahamas,2008,1,2008-01,2008-01-01,0,,0.0,0.0,
BHS,Bahamas,2008,2,2008-02,2008-02-01,0,,0.0,0.0,
BHS,Bahamas,2008,3,2008-03,2008-03-01,0,,0.0,0.0,
BHS,Bahamas,2008,4,2008-04,2008-04-01,0,,0.0,0.0,
BHS,Bahamas,2008,5,2008-05,2008-05-01,0,,0.0,0.0,
BHS,Bahamas,2008,6,2008-06,2008-06-01,0,,0.0,0.0,
BHS,Bahamas,2008,7,2008-07,2008-07-01,0,,0.0,0.0,
BHS,Bahamas,2008,8,2008-08,2008-08-01,0,,0.0,0.0,
BHS,Bahamas,2008,9,2008-09,2008-09-01,0,,0.0,0.0,
BHS,Bahamas,2008,10,2008-10,2008-10-01,0,,0.0,0.0,
BHS,Bahamas,2008,11,2008-11,2008-11-01,0,,0.0,0.0,
BHS,Bahamas,2008,12,2008-12,2008-12-01,0,,0.0,0.0,
BHS,Bahamas,2009,1,2009-01,2009-01-01,0,,0.0,0.0,
BHS,Bahamas,2009,2,2009-02,2009-02-01,0,,0.0,0.0,
BHS,Bahamas,2009,3,2009-03,2009-03-01,0,,0.0,0.0,
BHS,Bahamas,2009,4,2009-04,2009-04-01,0,,0.0,0.0,
BHS,Bahamas,2009,5,2009-05,2009-05-01,0,,0.0,0.0,
BHS,Bahamas,2009,6,2009-06,2009-06-01,0,,0.0,0.0,
BHS,Bahamas,2009,7,2009-07,2009-07-01,0,,0.0,0.0,
BHS,Bahamas,2009,8,2009-08,2009-08-01,0,,0.0,0.0,
BHS,Bahamas,2009,9,2009-09,2009-09-01,0,,0.0,0.0,
BHS,Bahamas,2009,10,2009-10,2009-10-01,0,,0.0,0.0,
BHS,Bahamas,2009,11,2009-11,2009-11-01,0,,0.0,0.0,
BHS,Bahamas,2009,12,2009-12,2009-12-01,0,,0.0,0.0,
BHS,Bahamas,2010,1,2010-01,2010-01-01,0,,0.0,0.0,
BHS,Bahamas,2010,2,2010-02,2010-02-01,0,,0.0,0.0,
BHS,Bahamas,2010,3,2010-03,2010-03-01,0,,0.0,0.0,
BHS,Bahamas,2010,4,2010-04,2010-04-01,1,4.9,24.19438365998389,24.19438365998389,491.0425903546991
BHS,Bahamas,2010,5,2010-05,2010-05-01,0,,0.0,0.0,
BHS,Bahamas,2010,6,2010-06,2010-06-01,1,4.8,22.173069201582255,22.173069201582255,485.4651539471078
BHS,Bahamas,2010,7,2010-07,2010-07-01,0,,0.0,0.0,
BHS,Bahamas,2010,8,2010-08,2010-08-01,0,,0.0,0.0,
BHS,Bahamas,2010,9,2010-09,2010-09-01,0,,0.0,0.0,
BHS,Bahamas,2010,10,2010-10,2010-10-01,0,,0.0,0.0,
BHS,Bahamas,2010,11,2010-11,2010-11-01,0,,0.0,0.0,
BHS,Bahamas,2010,12,2010-12,2010-12-01,0,,0.0,0.0,
BHS,Bahamas,2011,1,2011-01,2011-01-01,0,,0.0,0.0,
BHS,Bahamas,2011,2,2011-02,2011-02-01,0,,0.0,0.0,
BHS,Bahamas,2011,3,2011-03,2011-03-01,0,,0.0,0.0,
BHS,Bahamas,2011,4,2011-04,2011-04-01,0,,0.0,0.0,
BHS,Bahamas,2011,5,2011-05,2011-05-01,0,,0.0,0.0,
BHS,Bahamas,2011,6,2011-06,2011-06-01,0,,0.0,0.0,
BHS,Bahamas,2011,7,2011-07,2011-07-01,0,,0.0,0.0,
BHS,Bahamas,2011,8,2011-08,2011-08-01,0,,0.0,0.0,
BHS,Bahamas,2011,9,2011-09,2011-09-01,1,5.2,33.21541195475322,33.21541195475322,496.7414516144289
BHS,Bahamas,2011,10,2011-10,2011-10-01,0,,0.0,0.0,
BHS,Bahamas,2011,11,2011-11,2011-11-01,0,,0.0,0.0,
BHS,Bahamas,2011,12,2011-12,2011-12-01,0,,0.0,0.0,
BHS,Bahamas,2012,1,2012-01,2012-01-01,0,,0.0,0.0,
BHS,Bahamas,2012,2,2012-02,2012-02-01,0,,0.0,0.0,
BHS,Bahamas,2012,3,2012-03,2012-03-01,0,,0.0,0.0,
BHS,Bahamas,2012,4,2012-04,2012-04-01,0,,0.0,0.0,
BHS,Bahamas,2012,5,2012-05,2012-05-01,0,,0.0,0.0,
BHS,Bahamas,2012,6,2012-06,2012-06-01,0,,0.0,0.0,
BHS,Bahamas,2012,7,2012-07,2012-07-01,0,,0.0,0.0,
BHS,Bahamas,2012,8,2012-08,2012-08-01,0,,0.0,0.0,
BHS,Bahamas,2012,9,2012-09,2012-09-01,0,,0.0,0.0,
BHS,Bahamas,2012,10,2012-10,2012-10-01,0,,0.0,0.0,
BHS,Bahamas,2012,11,2012-11,2012-11-01,0,,0.0,0.0,
BHS,Bahamas,2012,12,2012-12,2012-12-01,0,,0.0,0.0,
BHS,Bahamas,2013,1,2013-01,2013-01-01,0,,0.0,0.0,
BHS,Bahamas,2013,2,2013-02,2013-02-01,0,,0.0,0.0,
BHS,Bahamas,2013,3,2013-03,2013-03-01,0,,0.0,0.0,
BHS,Bahamas,2013,4,2013-04,2013-04-01,0,,0.0,0.0,
BHS,Bahamas,2013,5,2013-05,2013-05-01,0,,0.0,0.0,
BHS,Bahamas,2013,6,2013-06,2013-06-01,0,,0.0,0.0,
BHS,Bahamas,2013,7,2013-07,2013-07-01,0,,0.0,0.0,
BHS,Bahamas,2013,8,2013-08,2013-08-01,0,,0.0,0.0,
BHS,Bahamas,2013,9,2013-09,2013-09-01,0,,0.0,0.0,
BHS,Bahamas,2013,10,2013-10,2013-10-01,0,,0.0,0.0,
BHS,Bahamas,2013,11,2013-11,2013-11-01,0,,0.0,0.0,
BHS,Bahamas,2013,12,2013-12,2013-12-01,0,,0.0,0.0,
BHS,Bahamas,2014,1,2014-01,2014-01-01,1,5.0,67.46929767163758,67.46929767163758,308.95801747820565
BHS,Bahamas,2014,2,2014-02,2014-02-01,0,,0.0,0.0,
BHS,Bahamas,2014,3,2014-03,2014-03-01,1,4.7,46.25118817973043,46.25118817973043,315.39756290700313
BHS,Bahamas,2014,4,2014-04,2014-04-01,0,,0.0,0.0,
BHS,Bahamas,2014,5,2014-05,2014-05-01,0,,0.0,0.0,
BHS,Bahamas,2014,6,2014-06,2014-06-01,0,,0.0,0.0,
BHS,Bahamas,2014,7,2014-07,2014-07-01,0,,0.0,0.0,
BHS,Bahamas,2014,8,2014-08,2014-08-01,0,,0.0,0.0,
BHS,Bahamas,2014,9,2014-09,2014-09-01,0,,0.0,0.0,
BHS,Bahamas,2014,10,2014-10,2014-10-01,0,,0.0,0.0,
BHS,Bahamas,2014,11,2014-11,2014-11-01,0,,0.0,0.0,
BHS,Bahamas,2014,12,2014-12,2014-12-01,0,,0.0,0.0,
BHS,Bahamas,2015,1,2015-01,2015-01-01,0,,0.0,0.0,
BHS,Bahamas,2015,2,2015-02,2015-02-01,0,,0.0,0.0,
BHS,Bahamas,2015,3,2015-03,2015-03-01,0,,0.0,0.0,
BHS,Bahamas,2015,4,2015-04,2015-04-01,0,,0.0,0.0,
BHS,Bahamas,2015,5,2015-05,2015-05-01,0,,0.0,0.0,
BHS,Bahamas,2015,6,2015-06,2015-06-01,0,,0.0,0.0,
BHS,Bahamas,2015,7,2015-07,2015-07-01,0,,0.0,0.0,
BHS,Bahamas,2015,8,2015-08,2015-08-01,0,,0.0,0.0,
BHS,Bahamas,2015,9,2015-09,2015-09-01,0,,0.0,0.0,
BHS,Bahamas,2015,10,2015-10,2015-10-01,0,,0.0,0.0,
BHS,Bahamas,2015,11,2015-11,2015-11-01,0,,0.0,0.0,
BHS,Bahamas,2015,12,2015-12,2015-12-01,0,,0.0,0.0,
BHS,Bahamas,2016,1,2016-01,2016-01-01,0,,0.0,0.0,
BHS,Bahamas,2016,2,2016-02,2016-02-01,0,,0.0,0.0,
BHS,Bahamas,2016,3,2016-03,2016-03-01,0,,0.0,0.0,
BHS,Bahamas,2016,4,2016-04,2016-04-01,0,,0.0,0.0,
BHS,Bahamas,2016,5,2016-05,2016-05-01,0,,0.0,0.0,
BHS,Bahamas,2016,6,2016-06,2016-06-01,0,,0.0,0.0,
BHS,Bahamas,2016,7,2016-07,2016-07-01,0,,0.0,0.0,
BHS,Bahamas,2016,8,2016-08,2016-08-01,0,,0.0,0.0,
BHS,Bahamas,2016,9,2016-09,2016-09-01,0,,0.0,0.0,
BHS,Bahamas,2016,10,2016-10,2016-10-01,0,,0.0,0.0,
BHS,Bahamas,2016,11,2016-11,2016-11-01,0,,0.0,0.0,
BHS,Bahamas,2016,12,2016-12,2016-12-01,0,,0.0,0.0,
BHS,Bahamas,2017,1,2017-01,2017-01-01,1,5.8,72.0219160957572,72.0219160957572,480.10526135302615
BHS,Bahamas,2017,2,2017-02,2017-02-01,0,,0.0,0.0,
BHS,Bahamas,2017,3,2017-03,2017-03-01,0,,0.0,0.0,
BHS,Bahamas,2017,4,2017-04,2017-04-01,0,,0.0,0.0,
BHS,Bahamas,2017,5,2017-05,2017-05-01,0,,0.0,0.0,
BHS,Bahamas,2017,6,2017-06,2017-06-01,0,,0.0,0.0,
BHS,Bahamas,2017,7,2017-07,2017-07-01,0,,0.0,0.0,
BHS,Bahamas,2017,8,2017-08,2017-08-01,0,,0.0,0.0,
BHS,Bahamas,2017,9,2017-09,2017-09-01,0,,0.0,0.0,
BHS,Bahamas,2017,10,2017-10,2017-10-01,0,,0.0,0.0,
BHS,Bahamas,2017,11,2017-11,2017-11-01,0,,0.0,0.0,
BHS,Bahamas,2017,12,2017-12,2017-12-01,0,,0.0,0.0,
BHS,Bahamas,2018,1,2018-01,2018-01-01,0,,0.0,0.0,
BHS,Bahamas,2018,2,2018-02,2018-02-01,0,,0.0,0.0,
BHS,Bahamas,2018,3,2018-03,2018-03-01,0,,0.0,0.0,
BHS,Bahamas,2018,4,2018-04,2018-04-01,0,,0.0,0.0,
BHS,Bahamas,2018,5,2018-05,2018-05-01,0,,0.0,0.0,
BHS,Bahamas,2018,6,2018-06,2018-06-01,0,,0.0,0.0,
BHS,Bahamas,2018,7,2018-07,2018-07-01,0,,0.0,0.0,
BHS,Bahamas,2018,8,2018-08,2018-08-01,0,,0.0,0.0,
BHS,Bahamas,2018,9,2018-09,2018-09-01,0,,0.0,0.0,
BHS,Bahamas,2018,10,2018-10,2018-10-01,0,,0.0,0.0,
BHS,Bahamas,2018,11,2018-11,2018-11-01,0,,0.0,0.0,
BHS,Bahamas,2018,12,2018-12,2018-12-01,0,,0.0,0.0,
BHS,Bahamas,2019,1,2019-01,2019-01-01,0,,0.0,0.0,
BHS,Bahamas,2019,2,2019-02,2019-02-01,0,,0.0,0.0,
BHS,Bahamas,2019,3,2019-03,2019-03-01,0,,0.0,0.0,
BHS,Bahamas,2019,4,2019-04,2019-04-01,0,,0.0,0.0,
BHS,Bahamas,2019,5,2019-05,2019-05-01,0,,0.0,0.0,
BHS,Bahamas,2019,6,2019-06,2019-06-01,0,,0.0,0.0,
BHS,Bahamas,2019,7,2019-07,2019-07-01,0,,0.0,0.0,
BHS,Bahamas,2019,8,2019-08,2019-08-01,0,,0.0,0.0,
BHS,Bahamas,2019,9,2019-09,2019-09-01,0,,0.0,0.0,
BHS,Bahamas,2019,10,2019-10,2019-10-01,0,,0.0,0.0,
BHS,Bahamas,2019,11,2019-11,2019-11-01,0,,0.0,0.0,
BHS,Bahamas,2019,12,2019-12,2019-12-01,0,,0.0,0.0,
BHS,Bahamas,2020,1,2020-01,2020-01-01,0,,0.0,0.0,
BHS,Bahamas,2020,2,2020-02,2020-02-01,0,,0.0,0.0,
BHS,Bahamas,2020,3,2020-03,2020-03-01,0,,0.0,0.0,
BHS,Bahamas,2020,4,2020-04,2020-04-01,0,,0.0,0.0,
BHS,Bahamas,2020,5,2020-05,2020-05-01,0,,0.0,0.0,
BHS,Bahamas,2020,6,2020-06,2020-06-01,0,,0.0,0.0,
BHS,Bahamas,2020,7,2020-07,2020-07-01,0,,0.0,0.0,
BHS,Bahamas,2020,8,2020-08,2020-08-01,0,,0.0,0.0,
BHS,Bahamas,2020,9,2020-09,2020-09-01,0,,0.0,0.0,
BHS,Bahamas,2020,10,2020-10,2020-10-01,0,,0.0,0.0,
BHS,Bahamas,2020,11,2020-11,2020-11-01,0,,0.0,0.0,
BHS,Bahamas,2020,12,2020-12,2020-12-01,0,,0.0,0.0,
BHS,Bahamas,2021,1,2021-01,2021-01-01,0,,0.0,0.0,
BHS,Bahamas,2021,2,2021-02,2021-02-01,0,,0.0,0.0,
BHS,Bahamas,2021,3,2021-03,2021-03-01,0,,0.0,0.0,
BHS,Bahamas,2021,4,2021-04,2021-04-01,0,,0.0,0.0,
BHS,Bahamas,2021,5,2021-05,2021-05-01,0,,0.0,0.0,
BHS,Bahamas,2021,6,2021-06,2021-06-01,0,,0.0,0.0,
BHS,Bahamas,2021,7,2021-07,2021-07-01,0,,0.0,0.0,
BHS,Bahamas,2021,8,2021-08,2021-08-01,0,,0.0,0.0,
BHS,Bahamas,2021,9,2021-09,2021-09-01,0,,0.0,0.0,
BHS,Bahamas,2021,10,2021-10,2021-10-01,0,,0.0,0.0,
BHS,Bahamas,2021,11,2021-11,2021-11-01,0,,0.0,0.0,
BHS,Bahamas,2021,12,2021-12,2021-12-01,0,,0.0,0.0,
BHS,Bahamas,2022,1,2022-01,2022-01-01,0,,0.0,0.0,
BHS,Bahamas,2022,2,2022-02,2022-02-01,0,,0.0,0.0,
BHS,Bahamas,2022,3,2022-03,2022-03-01,0,,0.0,0.0,
BHS,Bahamas,2022,4,2022-04,2022-04-01,0,,0.0,0.0,
BHS,Bahamas,2022,5,2022-05,2022-05-01,0,,0.0,0.0,
BHS,Bahamas,2022,6,2022-06,2022-06-01,0,,0.0,0.0,
BHS,Bahamas,2022,7,2022-07,2022-07-01,0,,0.0,0.0,
BHS,Bahamas,2022,8,2022-08,2022-08-01,0,,0.0,0.0,
BHS,Bahamas,2022,9,2022-09,2022-09-01,0,,0.0,0.0,
BHS,Bahamas,2022,10,2022-10,2022-10-01,0,,0.0,0.0,
BHS,Bahamas,2022,11,2022-11,2022-11-01,1,5.0,79.78165843433479,79.78165843433479,275.43381972576833
BHS,Bahamas,2022,12,2022-12,2022-12-01,1,4.8,66.84423757978124,66.84423757978124,264.7678245216912
BHS,Bahamas,2023,1,2023-01,2023-01-01,0,,0.0,0.0,
BHS,Bahamas,2023,2,2023-02,2023-02-01,0,,0.0,0.0,
BHS,Bahamas,2023,3,2023-03,2023-03-01,0,,0.0,0.0,
BHS,Bahamas,2023,4,2023-04,2023-04-01,0,,0.0,0.0,
BHS,Bahamas,2023,5,2023-05,2023-05-01,0,,0.0,0.0,
BHS,Bahamas,2023,6,2023-06,2023-06-01,0,,0.0,0.0,
BHS,Bahamas,2023,7,2023-07,2023-07-01,0,,0.0,0.0,
BHS,Bahamas,2023,8,2023-08,2023-08-01,0,,0.0,0.0,
BHS,Bahamas,2023,9,2023-09,2023-09-01,0,,0.0,0.0,
BHS,Bahamas,2023,10,2023-10,2023-10-01,0,,0.0,0.0,
BHS,Bahamas,2023,11,2023-11,2023-11-01,0,,0.0,0.0,
BHS,Bahamas,2023,12,2023-12,2023-12-01,0,,0.0,0.0,
BHS,Bahamas,2024,1,2024-01,2024-01-01,0,,0.0,0.0,
BHS,Bahamas,2024,2,2024-02,2024-02-01,0,,0.0,0.0,
BHS,Bahamas,2024,3,2024-03,2024-03-01,0,,0.0,0.0,
BHS,Bahamas,2024,4,2024-04,2024-04-01,0,,0.0,0.0,
BHS,Bahamas,2024,5,2024-05,2024-05-01,0,,0.0,0.0,
BHS,Bahamas,2024,6,2024-06,2024-06-01,0,,0.0,0.0,
BHS,Bahamas,2024,7,2024-07,2024-07-01,0,,0.0,0.0,
BHS,Bahamas,2024,8,2024-08,2024-08-01,0,,0.0,0.0,
BHS,Bahamas,2024,9,2024-09,2024-09-01,0,,0.0,0.0,
BHS,Bahamas,2024,10,2024-10,2024-10-01,0,,0.0,0.0,
BHS,Bahamas,2024,11,2024-11,2024-11-01,3,6.8,333.7637236314821,232.42982002072608,474.39171559420646
BHS,Bahamas,2024,12,2024-12,2024-12-01,1,5.9,82.69319645179365,82.69319645179365,475.4977387001667
BLZ,Belize,2007,1,2007-01,2007-01-01,7,5.4,292.8593951156214,95.01033061338245,295.9995358953082
BLZ,Belize,2007,2,2007-02,2007-02-01,5,5.0,186.28855006552448,55.70915289208543,313.2575335117082
BLZ,Belize,2007,3,2007-03,2007-03-01,6,5.6,360.69231589812557,127.07910577267101,90.22718824744673
BLZ,Belize,2007,4,2007-04,2007-04-01,5,4.8,174.87591850672334,74.6644968627844,173.56235126906842
BLZ,Belize,2007,5,2007-05,2007-05-01,3,4.6,101.54552548713475,43.87142657696642,302.93649619127393
BLZ,Belize,2007,6,2007-06,2007-06-01,8,6.7,994.9112136968805,475.4876611872521,285.8642210530574
BLZ,Belize,2007,7,2007-07,2007-07-01,9,5.5,475.4256063751006,154.10035636532896,243.32799828265
BLZ,Belize,2007,8,2007-08,2007-08-01,14,5.2,516.9581213522728,96.52677673021428,214.30260578221822
BLZ,Belize,2007,9,2007-09,2007-09-01,10,5.3,497.230699725332,141.2913803288608,215.24281370114022
BLZ,Belize,2007,10,2007-10,2007-10-01,15,5.2,509.8175210453264,70.93691853264559,229.85679155810132
BLZ,Belize,2007,11,2007-11,2007-11-01,7,5.7,267.4338277319022,91.59613449291518,293.8664341707756
BLZ,Belize,2007,12,2007-12,2007-12-01,9,4.7,353.6884590423868,73.99896991967222,198.3789081566897
BLZ,Belize,2008,1,2008-01,2008-01-01,11,5.6,591.1883393913315,126.02685876107614,207.67063542199162
BLZ,Belize,2008,2,2008-02,2008-02-01,3,4.8,130.212894268293,60.63313835639825,261.24667747151744
BLZ,Belize,2008,3,2008-03,2008-03-01,4,5.7,205.83639889259803,96.33455126517744,375.88224362556207
BLZ,Belize,2008,4,2008-04,2008-04-01,13,6.1,840.3664890419959,240.7577042058067,29.675651169675543
BLZ,Belize,2008,5,2008-05,2008-05-01,4,5.7,407.5106788684137,136.79643762128194,161.2575457775509
BLZ,Belize,2008,6,2008-06,2008-06-01,12,5.5,465.79409143842736,69.26519399665946,303.70404071801175
BLZ,Belize,2008,7,2008-07,2008-07-01,4,4.9,140.4629622032048,42.96647986867198,313.4917740378047
BLZ,Belize,2008,8,2008-08,2008-08-01,12,5.1,454.0800308339289,78.58456349153681,209.37993632519382
BLZ,Belize,2008,9,2008-09,2008-09-01,8,5.2,443.1953692341675,96.97686210084666,236.39806349571157
BLZ,Belize,2008,10,2008-10,2008-10-01,7,6.7,548.3808020129817,322.24075624018866,384.785795163423
BLZ,Belize,2008,11,2008-11,2008-11-01,8,5.8,442.57055683337995,154.97559347968965,241.33059660273597
BLZ,Belize,2008,12,2008-12,2008-12-01,2,4.7,80.5501469557542,44.15067900936024,278.64163054088806
BLZ,Belize,2009,1,2009-01,2009-01-01,10,5.8,544.1530462786577,112.08455064933997,275.0978680923544
BLZ,Belize,2009,2,2009-02,2009-02-01,5,4.7,176.54564806843422,55.22016725218852,279.94934664100765
BLZ,Belize,2009,3,2009-03,2009-03-01,9,5.4,431.4355807649506,107.10459877510363,257.2742132052461
BLZ,Belize,2009,4,2009-04,2009-04-01,9,5.2,498.37992418368503,133.6585424409562,214.4519239146334
BLZ,Belize,2009,5,2009-05,2009-05-01,13,7.3,2631.068931658052,1429.1105353826003,84.61281674224043
BLZ,Belize,2009,6,2009-06,2009-06-01,11,5.4,1186.7035408622762,202.60602530736585,89.03988023897143
BLZ,Belize,2009,7,2009-07,2009-07-01,2,5.0,74.9870862489895,54.29846905199261,352.39334003939393
BLZ,Belize,2009,8,2009-08,2009-08-01,6,5.2,178.57534227911555,36.868420136513045,314.6922194948615
BLZ,Belize,2009,9,2009-09,2009-09-01,2,4.7,56.64839594540828,39.21600092938232,348.3980236102383
BLZ,Belize,2009,10,2009-10,2009-10-01,9,4.8,427.18174024434467,145.7417692806345,62.82187234764107
BLZ,Belize,2009,11,2009-11,2009-11-01,6,5.9,410.733799903148,216.13013123830228,207.9818375066607
BLZ,Belize,2009,12,2009-12,2009-12-01,9,5.1,385.1589961679509,73.36400828546309,299.32237621177563
BLZ,Belize,2010,1,2010-01,2010-01-01,8,5.9,784.2385685669445,269.0007272557175,55.37558079675569
BLZ,Belize,2010,2,2010-02,2010-02-01,10,5.6,799.6021801202321,203.54905574828075,217.53440769985605
BLZ,Belize,2010,3,2010-03,2010-03-01,11,5.2,458.89999417788215,126.11338182825189,229.9079767361514
BLZ,Belize,2010,4,2010-04,2010-04-01,8,5.6,392.36127255192827,112.16616803302497,252.62796260425435
BLZ,Belize,2010,5,2010-05,2010-05-01,2,5.0,80.09417811464263,41.761525390305216,335.81989961662316
BLZ,Belize,2010,6,2010-06,2010-06-01,1,4.6,28.099756545310075,28.099756545310075,392.036960290421
BLZ,Belize,2010,7,2010-07,2010-07-01,6,5.1,278.4111350203691,65.3997200191802,274.5065643953559
BLZ,Belize,2010,8,2010-08,2010-08-01,5,5.5,344.5677934374327,125.33039402007824,255.9693443982935
BLZ,Belize,2010,9,2010-09,2010-09-01,7,5.1,242.24849975292312,41.19876269484495,317.8977701262783
BLZ,Belize,2010,10,2010-10,2010-10-01,7,5.0,321.82516827651915,64.95430897171252,280.01577442636125
BLZ,Belize,2010,11,2010-11,2010-11-01,7,5.0,281.8466409947175,77.43280459953124,235.35874006923356
BLZ,Belize,2010,12,2010-12,2010-12-01,4,5.7,259.2185991721466,133.2147015746497,300.4864720624276
BLZ,Belize,2011,1,2011-01,2011-01-01,8,5.1,271.235112297134,49.44252554228982,300.44712771972024
BLZ,Belize,2011,2,2011-02,2011-02-01,5,5.7,229.33398226963024,86.46288419256749,298.59283482783565
BLZ,Belize,2011,3,2011-03,2011-03-01,14,5.6,629.4741467475427,90.45999929439101,153.6384073395029
BLZ,Belize,2011,4,2011-04,2011-04-01,8,5.8,402.25056351327555,137.9278240913751,249.80384491946697
BLZ,Belize,2011,5,2011-05,2011-05-01,4,5.4,165.81527301057181,50.0201600784048,323.4735283581411
BLZ,Belize,2011,6,2011-06,2011-06-01,5,5.5,278.7649110535432,100.75578966893487,325.5960119816713
BLZ,Belize,2011,7,2011-07,2011-07-01,10,5.7,468.6925145163818,86.82750571071564,281.53370591962897
BLZ,Belize,2011,8,2011-08,2011-08-01,4,5.0,247.20682043515464,107.35049594154694,216.0727176629892
BLZ,Belize,2011,9,2011-09,2011-09-01,8,5.6,696.411362369617,203.8653684024594,219.1254916795017
BLZ,Belize,2011,10,2011-10,2011-10-01,3,5.0,149.54195710699975,76.49660420844793,168.71402176428117
BLZ,Belize,2011,11,2011-11,2011-11-01,9,5.8,500.81309111051826,135.23049678997992,229.67898679256362
BLZ,Belize,2011,12,2011-12,2011-12-01,17,5.1,676.5274115651262,70.93519321479589,229.8616559893938
BLZ,Belize,2012,1,2012-01,2012-01-01,11,6.2,498.13360851130705,142.07892692757008,224.4063818428343
BLZ,Belize,2012,2,2012-02,2012-02-01,10,5.6,450.98579469052646,71.09569603748538,197.91974568700155
BLZ,Belize,2012,3,2012-03,2012-03-01,7,5.5,263.61027113699504,63.55560692164514,239.21137849836384
BLZ,Belize,2012,4,2012-04,2012-04-01,7,5.2,584.8630732706766,371.2009929176649,13.995513198020042
BLZ,Belize,2012,5,2012-05,2012-05-01,9,6.0,345.0289877776156,108.64649799038516,228.34619580278672
BLZ,Belize,2012,6,2012-06,2012-06-01,8,5.7,529.0367583683517,202.51030900964705,250.31534421852498
BLZ,Belize,2012,7,2012-07,2012-07-01,7,5.9,480.18443586589046,125.36183978410598,214.4466741971931
BLZ,Belize,2012,8,2012-08,2012-08-01,29,7.3,1613.294373927686,515.6320684571103,150.70292207757674
BLZ,Belize,2012,9,2012-09,2012-09-01,17,5.5,578.6129298432577,77.53994357586684,263.30683662310184
BLZ,Belize,2012,10,2012-10,2012-10-01,14,5.5,717.83827965505,132.5607685184411,198.04343036501803
BLZ,Belize,2012,11,2012-11,2012-11-01,57,7.4,2868.218567301927,793.1925026490078,305.66403878418384
BLZ,Belize,2012,12,2012-12,2012-12-01,21,5.4,927.6440011383538,95.88023823901574,274.62115817737316
BLZ,Belize,2013,1,2013-01,2013-01-01,10,5.3,358.22653305059964,71.61877450515762,273.99524489632944
BLZ,Belize,2013,2,2013-02,2013-02-01,7,4.7,173.27425980626057,31.67413086578557,374.20647554446737
BLZ,Belize,2013,3,2013-03,2013-03-01,8,6.2,710.1834090844819,436.16437005178364,211.9989240891708
BLZ,Belize,2013,4,2013-04,2013-04-01,15,5.4,898.8295324957071,207.4959257764322,167.9544353887023
BLZ,Belize,2013,5,2013-05,2013-05-01,5,5.8,348.5527420617956,127.29281243445212,176.06259750570803
BLZ,Belize,2013,6,2013-06,2013-06-01,7,5.0,302.3668494232843,99.52188426693013,185.1653321647469
BLZ,Belize,2013,7,2013-07,2013-07-01,4,5.7,322.0621064960916,158.948997228742,298.756827283493
BLZ,Belize,2013,8,2013-08,2013-08-01,12,5.6,534.7470946732187,120.74398617695054,167.58205834397012
BLZ,Belize,2013,9,2013-09,2013-09-01,7,6.4,584.547687190666,269.6650792765122,299.7037838483443
BLZ,Belize,2013,10,2013-10,2013-10-01,4,4.8,121.47714156174925,43.03671584405026,352.8301229964288
BLZ,Belize,2013,11,2013-11,2013-11-01,5,4.9,211.27528663269734,68.78791404154295,236.00938140579382
BLZ,Belize,2013,12,2013-12,2013-12-01,8,5.6,347.09798237919966,129.52419940299367,271.532560638296
BLZ,Belize,2014,1,2014-01,2014-01-01,7,5.5,350.5322350333072,99.60998144303163,301.55496532284224
BLZ,Belize,2014,2,2014-02,2014-02-01,8,4.9,232.85588255934533,38.20914573310814,346.4232364220866
BLZ,Belize,2014,3,2014-03,2014-03-01,14,6.2,638.0138448849842,164.62216911495426,311.34352873394613
BLZ,Belize,2014,4,2014-04,2014-04-01,14,6.1,534.9583919688089,96.4847013883071,220.29828918238152
BLZ,Belize,2014,5,2014-05,2014-05-01,10,5.0,340.34885999879606,67.35496728752152,240.21966301164036
BLZ,Belize,2014,6,2014-06,2014-06-01,5,5.2,309.10972288889485,83.95142748173495,218.45214029891056
BLZ,Belize,2014,7,2014-07,2014-07-01,6,6.9,658.0077235002107,413.12343989921123,352.3601868375755
BLZ,Belize,2014,8,2014-08,2014-08-01,6,5.2,210.38716251142316,66.77261443699089,332.2607054798965
BLZ,Belize,2014,9,2014-09,2014-09-01,9,5.0,243.59326768387777,39.09907705748154,330.107582952156
BLZ,Belize,2014,10,2014-10,2014-10-01,12,7.3,977.2350509092258,615.6147477589116,245.11169427171274
BLZ,Belize,2014,11,2014-11,2014-11-01,14,5.2,582.520811799981,86.71690044471792,278.73465597353936
BLZ,Belize,2014,12,2014-12,2014-12-01,17,6.1,823.822058222439,188.26699021850266,337.0841302503377
BLZ,Belize,2015,1,2015-01,2015-01-01,9,5.5,444.20300255189875,146.22250677786954,156.7713219818928
BLZ,Belize,2015,2,2015-02,2015-02-01,11,5.4,481.7486137096744,70.7755405214234,214.02875768021107
BLZ,Belize,2015,3,2015-03,2015-03-01,6,5.5,230.91355920409842,100.81851219793693,343.75740284022993
BLZ,Belize,2015,4,2015-04,2015-04-01,6,5.4,358.8216004580542,103.61610517580918,242.00638350433454
BLZ,Belize,2015,5,2015-05,2015-05-01,6,5.1,285.3953382141025,68.18032772498273,270.1571174319499
BLZ,Belize,2015,6,2015-06,2015-06-01,5,4.8,195.74854621183954,63.65075534266074,251.53275529511572
BLZ,Belize,2015,7,2015-07,2015-07-01,5,5.6,310.49512537826183,128.10767439190508,317.0095162543578
BLZ,Belize,2015,8,2015-08,2015-08-01,9,5.7,506.4479264585176,84.57120932407258,240.9353131776746
BLZ,Belize,2015,9,2015-09,2015-09-01,11,5.4,375.34182065524226,98.35429887334578,210.5514448016006
BLZ,Belize,2015,10,2015-10,2015-10-01,5,5.1,190.62930030607217,59.88258738546171,309.789541941488
BLZ,Belize,2015,11,2015-11,2015-11-01,7,5.6,337.9191554300756,126.38275833297321,299.089146373901
BLZ,Belize,2015,12,2015-12,2015-12-01,7,6.6,542.7365540458782,186.5538543758063,266.729510844828
BLZ,Belize,2016,1,2016-01,2016-01-01,6,5.4,227.43418343424113,68.22275180313204,285.60687466088035
BLZ,Belize,2016,2,2016-02,2016-02-01,15,5.0,657.2290130390448,102.56433107287229,214.3436265967414
BLZ,Belize,2016,3,2016-03,2016-03-01,7,5.6,272.7844110053227,70.71327628778121,322.5917296883139
BLZ,Belize,2016,4,2016-04,2016-04-01,14,6.1,616.6697532644442,117.37562730077774,301.77206490939744
BLZ,Belize,2016,5,2016-05,2016-05-01,9,5.0,401.51578719146016,76.05514080252453,275.86210986870765
BLZ,Belize,2016,6,2016-06,2016-06-01,13,6.1,719.8365435036065,141.69289366337188,126.29985112381304
BLZ,Belize,2016,7,2016-07,2016-07-01,5,4.9,165.18772293196034,47.75716617153939,332.0150181257006
BLZ,Belize,2016,8,2016-08,2016-08-01,6,4.9,268.89419154697555,78.98449661275087,208.47743443077604
BLZ,Belize,2016,9,2016-09,2016-09-01,10,5.7,411.93158986738524,67.54787133806506,305.698245579576
BLZ,Belize,2016,10,2016-10,2016-10-01,6,4.8,253.70478773606118,88.96890862957628,207.58345114563036
BLZ,Belize,2016,11,2016-11,2016-11-01,16,6.9,783.0378235045603,287.90990085271716,230.4761125263779
BLZ,Belize,2016,12,2016-12,2016-12-01,16,5.5,628.1779070013887,141.29414397585526,276.25303216191446
BLZ,Belize,2017,1,2017-01,2017-01-01,7,5.3,384.3117727079872,90.31033907367828,202.25253184864812
BLZ,Belize,2017,2,2017-02,2017-02-01,8,4.9,300.2217633192198,83.80361774551723,219.54560908839292
BLZ,Belize,2017,3,2017-03,2017-03-01,10,5.2,358.734001571603,54.86019737248099,258.23152612697015
BLZ,Belize,2017,4,2017-04,2017-04-01,4,4.9,194.34783175466976,74.07954561407156,244.21295331718665
BLZ,Belize,2017,5,2017-05,2017-05-01,15,6.2,879.988073587558,214.93614133965602,284.35915616734576
BLZ,Belize,2017,6,2017-06,2017-06-01,19,6.9,1740.251362933928,542.8159927243464,226.19974037846072
BLZ,Belize,2017,7,2017-07,2017-07-01,7,5.1,349.2885251442989,85.30937794515303,215.9839667981505
BLZ,Belize,2017,8,2017-08,2017-08-01,9,5.3,340.8826732154764,72.5181629253099,344.2888759226185
BLZ,Belize,2017,9,2017-09,2017-09-01,10,5.0,299.6978301026203,84.57519494433141,240.7384916367272
BLZ,Belize,2017,10,2017-10,2017-10-01,10,4.9,300.8024901505692,44.333464570669534,304.4983913725542
BLZ,Belize,2017,11,2017-11,2017-11-01,8,5.2,298.39926975681817,65.71776806514467,326.94571677293726
BLZ,Belize,2017,12,2017-12,2017-12-01,6,5.3,264.6203304707716,83.82785638281305,288.56532396301174
BLZ,Belize,2018,1,2018-01,2018-01-01,14,5.3,606.6195632875472,91.59764236953687,155.70803617225792
BLZ,Belize,2018,2,2018-02,2018-02-01,9,5.0,310.6988549034152,52.63425495965669,342.0890565784079
BLZ,Belize,2018,3,2018-03,2018-03-01,8,4.7,282.4180756461793,53.208580800722395,264.3452074596803
BLZ,Belize,2018,4,2018-04,2018-04-01,10,5.9,601.1317810860013,179.28925720647027,203.68406729645764
BLZ,Belize,2018,5,2018-05,2018-05-01,14,5.4,667.067799648485,94.15720588864531,310.86484751340583
BLZ,Belize,2018,6,2018-06,2018-06-01,8,5.7,410.46366037535995,191.71370042286634,261.2728798994491
BLZ,Belize,2018,7,2018-07,2018-07-01,6,5.3,262.88740539437566,68.16812584810816,284.5715719617816
BLZ,Belize,2018,8,2018-08,2018-08-01,7,5.6,366.2134833697621,111.15359523854724,325.99429634951235
BLZ,Belize,2018,9,2018-09,2018-09-01,7,5.4,231.700220775153,50.44064255016238,275.0296927939611
BLZ,Belize,2018,10,2018-10,2018-10-01,6,6.1,497.4937655905907,193.39662042613114,293.1537693695863
BLZ,Belize,2018,11,2018-11,2018-11-01,5,4.7,160.57670795842432,36.699625745336206,341.3948177748999
BLZ,Belize,2018,12,2018-12,2018-12-01,7,5.1,241.6287600847406,62.65458553975551,231.66176844994982
BLZ,Belize,2019,1,2019-01,2019-01-01,9,5.0,314.7273748901723,76.79037824627527,275.2726010777232
BLZ,Belize,2019,2,2019-02,2019-02-01,8,6.7,564.9389549001611,326.7023920719899,287.6998284940565
BLZ,Belize,2019,3,2019-03,2019-03-01,17,5.5,595.5617162458828,82.68803076502427,260.58063128470906
BLZ,Belize,2019,4,2019-04,2019-04-01,7,5.1,303.07712062765006,107.54078460979146,235.84572323798932
BLZ,Belize,2019,5,2019-05,2019-05-01,10,6.6,775.8204901470872,425.12830291583276,309.2279588603178
BLZ,Belize,2019,6,2019-06,2019-06-01,13,5.6,489.6275968779573,79.16341206719495,207.91214906093194
BLZ,Belize,2019,7,2019-07,2019-07-01,11,5.9,677.4409136032873,183.9666585995521,191.3131389399467
BLZ,Belize,2019,8,2019-08,2019-08-01,5,4.9,157.6512309052098,36.38119962581271,317.35286236382564
BLZ,Belize,2019,9,2019-09,2019-09-01,9,5.2,386.5578890717224,66.63214332099368,336.25765967252704
BLZ,Belize,2019,10,2019-10,2019-10-01,7,5.0,240.13127882613924,68.8445540439573,304.92232185842556
BLZ,Belize,2019,11,2019-11,2019-11-01,13,6.3,837.6997445253297,209.97552811487077,197.02360291859185
BLZ,Belize,2019,12,2019-12,2019-12-01,14,5.9,658.6371368423776,168.76472448441228,294.0240302620783
BLZ,Belize,2020,1,2020-01,2020-01-01,10,4.9,270.82742780583555,49.60870121182505,347.4334463664799
BLZ,Belize,2020,2,2020-02,2020-02-01,5,5.6,226.431051481852,60.39937869769284,316.91253936844294
BLZ,Belize,2020,3,2020-03,2020-03-01,6,5.1,180.2100682735812,46.72293355909624,358.5848684758305
BLZ,Belize,2020,4,2020-04,2020-04-01,6,6.1,431.51363960843094,270.53364243829657,284.49761435453706
BLZ,Belize,2020,5,2020-05,2020-05-01,5,5.5,247.70844211125097,90.01509558489425,284.2303587493749
BLZ,Belize,2020,6,2020-06,2020-06-01,4,4.7,131.28865878353156,41.492342554149474,337.11321501843014
BLZ,Belize,2020,7,2020-07,2020-07-01,2,4.6,63.60683008057863,38.08151980486131,331.24331878352206
BLZ,Belize,2020,8,2020-08,2020-08-01,9,5.8,567.075938079147,186.90379855357088,261.1621284257897
BLZ,Belize,2020,9,2020-09,2020-09-01,9,5.3,419.725872593539,121.37082553766123,260.59999270255133
BLZ,Belize,2020,10,2020-10,2020-10-01,12,5.1,457.4183553060034,80.9575316373825,157.37834856618613
BLZ,Belize,2020,11,2020-11,2020-11-01,8,4.8,245.35741352486937,45.27540087746665,331.91280177221023
BLZ,Belize,2020,12,2020-12,2020-12-01,2,4.9,63.55589504989264,33.510264234864465,356.81878538281734
BLZ,Belize,2021,1,2021-01,2021-01-01,11,5.8,486.260330220893,110.43355360843663,334.64207770809435
BLZ,Belize,2021,2,2021-02,2021-02-01,13,5.2,400.57954730448483,60.25824421311497,305.00799218766235
BLZ,Belize,2021,3,2021-03,2021-03-01,14,5.1,542.276189614312,77.4878734417427,189.1648522978858
BLZ,Belize,2021,4,2021-04,2021-04-01,3,4.6,76.46499964919289,29.439680530431712,378.6137204718736
BLZ,Belize,2021,5,2021-05,2021-05-01,4,6.0,436.96383070874515,201.4808196191281,320.4122180240931
BLZ,Belize,2021,6,2021-06,2021-06-01,10,5.4,450.1215180595765,98.65993106744696,314.43386785161954
BLZ,Belize,2021,7,2021-07,2021-07-01,6,5.3,286.2750275168261,82.43023148029444,235.3353160646211
BLZ,Belize,2021,8,2021-08,2021-08-01,8,5.4,548.26598933418,264.80211253684814,81.54768797906017
BLZ,Belize,2021,9,2021-09,2021-09-01,15,6.5,693.9628205716684,191.08113392297835,294.67273033225035
BLZ,Belize,2021,10,2021-10,2021-10-01,3,4.6,115.5992854343102,42.78704373832966,284.916223774175
BLZ,Belize,2021,11,2021-11,2021-11-01,12,5.8,723.4738220390041,161.9148034153591,223.7422649324165
BLZ,Belize,2021,12,2021-12,2021-12-01,14,5.7,579.1417828867666,147.49109895960416,240.2816682913828
BLZ,Belize,2022,1,2022-01,2022-01-01,8,6.1,332.19107536081253,94.338818472357,235.56271405439446
BLZ,Belize,2022,2,2022-02,2022-02-01,9,6.2,526.8395042070315,262.1252346660159,313.83828076303257
BLZ,Belize,2022,3,2022-03,2022-03-01,8,5.4,358.84433141787144,68.58934303369783,280.44926770680144
BLZ,Belize,2022,4,2022-04,2022-04-01,6,5.0,203.3834516452793,48.01407890345546,284.89028709937406
BLZ,Belize,2022,5,2022-05,2022-05-01,6,4.9,196.97172692394525,48.25264140437097,306.9248796234754
BLZ,Belize,2022,6,2022-06,2022-06-01,7,5.1,342.8991087053358,63.460664051132845,229.10509273925913
BLZ,Belize,2022,7,2022-07,2022-07-01,3,5.2,104.26232869648624,48.202619369337135,388.4867706863109
BLZ,Belize,2022,8,2022-08,2022-08-01,3,5.4,380.14819404827955,294.62430550443446,106.25574940982548
BLZ,Belize,2022,9,2022-09,2022-09-01,10,5.3,656.8193819299847,275.47029016366173,50.622440810658546
BLZ,Belize,2022,10,2022-10,2022-10-01,3,4.8,84.70432291712015,36.981965953132935,314.07721441714085
BLZ,Belize,2022,11,2022-11,2022-11-01,8,5.8,523.4686631705351,195.5798292894649,280.30562792829573
BLZ,Belize,2022,12,2022-12,2022-12-01,4,5.6,274.0207427008441,112.55083876533566,213.24107729407865
BLZ,Belize,2023,1,2023-01,2023-01-01,9,5.2,554.2292633609667,129.92430349933295,107.99467188641974
BLZ,Belize,2023,2,2023-02,2023-02-01,11,5.5,549.7667038958847,164.82419140417196,245.44592130603513
BLZ,Belize,2023,3,2023-03,2023-03-01,7,4.9,188.89517603840665,45.91574073345119,293.82754404787835
BLZ,Belize,2023,4,2023-04,2023-04-01,9,5.0,251.86607110381945,45.15294562309855,343.2297409258263
BLZ,Belize,2023,5,2023-05,2023-05-01,5,6.4,713.3806444908943,591.1174900331213,197.2515002460574
BLZ,Belize,2023,6,2023-06,2023-06-01,5,4.8,174.1269313340801,68.1262438748776,214.91664047115702
BLZ,Belize,2023,7,2023-07,2023-07-01,12,6.5,776.9954587412749,283.5387998173135,223.32189949047017
BLZ,Belize,2023,8,2023-08,2023-08-01,7,4.8,311.81505671168253,97.86600761062242,188.5209898720038
BLZ,Belize,2023,9,2023-09,2023-09-01,5,5.1,133.33740620329286,40.46296947757788,319.11169838379533
BLZ,Belize,2023,10,2023-10,2023-10-01,7,4.9,309.962081253985,106.2635497212224,193.30166675798088
BLZ,Belize,2023,11,2023-11,2023-11-01,2,5.3,112.79232714615566,90.61995914296975,319.03520161128023
BLZ,Belize,2023,12,2023-12,2023-12-01,11,5.4,390.35780866959755,99.18036774351691,302.5233769826249
BLZ,Belize,2024,1,2024-01,2024-01-01,8,6.1,548.8226489857195,304.6668468253,260.7331319031334
BLZ,Belize,2024,2,2024-02,2024-02-01,10,5.3,498.0261491071289,84.62543306172604,194.56802397919412
BLZ,Belize,2024,3,2024-03,2024-03-01,5,5.6,200.29062804272232,74.83032457681516,346.3031981366382
BLZ,Belize,2024,4,2024-04,2024-04-01,9,5.1,393.9931482247406,95.84563013702413,238.74477093482432
BLZ,Belize,2024,5,2024-05,2024-05-01,5,6.4,322.66391443595177,217.38025235449516,343.083389159812
BLZ,Belize,2024,6,2024-06,2024-06-01,2,4.9,147.65137534565977,112.83834165532372,183.07545764706256
BLZ,Belize,2024,7,2024-07,2024-07-01,4,6.2,684.8855520303016,556.3885677272273,163.30937506062153
BLZ,Belize,2024,8,2024-08,2024-08-01,5,6.1,414.9373130046438,216.68591971324358,295.11481543704537
BLZ,Belize,2024,9,2024-09,2024-09-01,11,5.3,498.92773734669424,75.10004769905707,304.2995902509537
BLZ,Belize,2024,10,2024-10,2024-10-01,4,5.8,183.6430130419904,90.01612175997258,320.7620722171063
BLZ,Belize,2024,11,2024-11,2024-11-01,6,5.1,216.3759069490637,71.54431276650696,228.1515903670398
BLZ,Belize,2024,12,2024-12,2024-12-01,7,5.6,334.67791287671315,126.13791320747843,292.4371140620583
DOM,Dominican Republic,2007,1,2007-01,2007-01-01,1,4.7,36.06238602385926,36.06238602385926,365.16491695791694
DOM,Dominican Republic,2007,2,2007-02,2007-02-01,0,,0.0,0.0,
DOM,Dominican Republic,2007,3,2007-03,2007-03-01,2,4.9,440.02693564546945,276.58063936166883,3.76621122632866
DOM,Dominican Republic,2007,4,2007-04,2007-04-01,1,4.7,149.35485480950905,149.35485480950905,80.94998362900618
DOM,Dominican Republic,2007,5,2007-05,2007-05-01,0,,0.0,0.0,
DOM,Dominican Republic,2007,6,2007-06,2007-06-01,2,5.0,351.3252801287764,316.22776601683796,0.0
DOM,Dominican Republic,2007,7,2007-07,2007-07-01,0,,0.0,0.0,
DOM,Dominican Republic,2007,8,2007-08,2007-08-01,0,,0.0,0.0,
DOM,Dominican Republic,2007,9,2007-09,2007-09-01,4,4.8,410.54149446591254,213.42707461854104,32.581803947798434
DOM,Dominican Republic,2007,10,2007-10,2007-10-01,3,4.6,575.0899505526398,199.52623149688787,0.0
DOM,Dominican Republic,2007,11,2007-11,2007-11-01,0,,0.0,0.0,
DOM,Dominican Republic,2007,12,2007-12,2007-12-01,5,5.3,177.2488372985821,56.27768564441105,408.07715593356096
DOM,Dominican Republic,2008,1,2008-01,2008-01-01,1,4.6,199.52623149688787,199.52623149688787,0.0
DOM,Dominican Republic,2008,2,2008-02,2008-02-01,1,5.5,246.39628740967646,246.39628740967646,165.03356830372655
DOM,Dominican Republic,2008,3,2008-03,2008-03-01,0,,0.0,0.0,
DOM,Dominican Republic,2008,4,2008-04,2008-04-01,0,,0.0,0.0,
DOM,Dominican Republic,2008,5,2008-05,2008-05-01,4,4.6,324.18292521917715,177.82794100389228,0.0
DOM,Dominican Republic,2008,6,2008-06,2008-06-01,1,4.9,25.963699767697573,25.963699767697573,476.92681562763306
DOM,Dominican Republic,2008,7,2008-07,2008-07-01,0,,0.0,0.0,
DOM,Dominican Republic,2008,8,2008-08,2008-08-01,1,4.6,199.52623149688787,199.52623149688787,0.0
DOM,Dominican Republic,2008,9,2008-09,2008-09-01,0,,0.0,0.0,
DOM,Dominican Republic,2008,10,2008-10,2008-10-01,1,6.1,157.0384011212321,157.0384011212321,393.2788330125373
DOM,Dominican Republic,2008,11,2008-11,2008-11-01,5,5.4,551.164519277984,175.12487029702484,3.0634390421084094
DOM,Dominican Republic,2008,12,2008-12,2008-12-01,3,5.1,448.8301973546579,354.8133892335753,0.0
DOM,Dominican Republic,2009,1,2009-01,2009-01-01,0,,0.0,0.0,
DOM,Dominican Republic,2009,2,2009-02,2009-02-01,3,5.0,441.46447137607527,316.22776601683796,0.0
DOM,Dominican Republic,2009,3,2009-03,2009-03-01,2,5.1,425.2136406427271,309.3027442043649,4.428436105412793
DOM,Dominican Republic,2009,4,2009-04,2009-04-01,0,,0.0,0.0,
DOM,Dominican Republic,2009,5,2009-05,2009-05-01,1,5.0,64.69553576619982,64.69553576619982,317.3541064671234
DOM,Dominican Republic,2009,6,2009-06,2009-06-01,1,4.9,101.58076316804687,101.58076316804687,204.09585990301582
DOM,Dominican Republic,2009,7,2009-07,2009-07-01,2,4.7,208.77726978312037,177.82794100389228,0.0
DOM,Dominican Republic,2009,8,2009-08,2009-08-01,4,5.1,383.33312473904004,199.52623149688787,0.0
DOM,Dominican Republic,2009,9,2009-09,2009-09-01,1,4.8,251.18864315095797,251.18864315095797,0.0
DOM,Dominican Republic,2009,10,2009-10,2009-10-01,1,4.6,192.25152413576933,192.25152413576933,7.428235529522184
DOM,Dominican Republic,2009,11,2009-11,2009-11-01,0,,0.0,0.0,
DOM,Dominican Republic,2009,12,2009-12,2009-12-01,0,,0.0,0.0,
DOM,Dominican Republic,2010,1,2010-01,2010-01-01,60,7.0,13057.863566737633,2199.6001827849154,0.0
DOM,Dominican Republic,2010,2,2010-02,2010-02-01,4,5.3,541.166192404401,173.59744659816567,70.02727867376849
DOM,Dominican Republic,2010,3,2010-03,2010-03-01,5,5.6,600.5598539353313,251.18864315095797,0.0
DOM,Dominican Republic,2010,4,2010-04,2010-04-01,3,5.1,399.7413658139401,321.0913160186481,19.973286176278695
DOM,Dominican Republic,2010,5,2010-05,2010-05-01,2,5.8,467.28080938908744,392.2175241346186,141.13603505807646
DOM,Dominican Republic,2010,6,2010-06,2010-06-01,0,,0.0,0.0,
DOM,Dominican Republic,2010,7,2010-07,2010-07-01,3,4.7,82.09995655044922,29.931900422857275,375.3357465688945
DOM,Dominican Republic,2010,8,2010-08,2010-08-01,0,,0.0,0.0,
DOM,Dominican Republic,2010,9,2010-09,2010-09-01,0,,0.0,0.0,
DOM,Dominican Republic,2010,10,2010-10,2010-10-01,2,5.1,72.82758368986919,45.46637447819501,410.9237913693749
DOM,Dominican Republic,2010,11,2010-11,2010-11-01,2,5.4,523.296196593964,405.97490701354417,42.13767975551636
DOM,Dominican Republic,2010,12,2010-12,2010-12-01,1,5.1,103.45380253604479,103.45380253604479,246.49336527659645
DOM,Dominican Republic,2011,1,2011-01,2011-01-01,1,4.9,60.06679276815049,60.06679276815049,309.17526439454235
DOM,Dominican Republic,2011,2,2011-02,2011-02-01,0,,0.0,0.0,
DOM,Dominican Republic,2011,3,2011-03,2011-03-01,1,5.0,226.6976166213587,226.6976166213587,66.56913767731699
DOM,Dominican Republic,2011,4,2011-04,2011-04-01,2,5.0,62.50541324931823,32.813994872645246,450.09508346507033
DOM,Dominican Republic,2011,5,2011-05,2011-05-01,3,4.7,362.46704609941764,177.82794100389228,0.0
DOM,Dominican Republic,2011,6,2011-06,2011-06-01,0,,0.0,0.0,
DOM,Dominican Republic,2011,7,2011-07,2011-07-01,1,4.6,144.01990719952335,144.01990719952335,65.19883588481036
DOM,Dominican Republic,2011,8,2011-08,2011-08-01,0,,0.0,0.0,
DOM,Dominican Republic,2011,9,2011-09,2011-09-01,1,4.6,27.068579544745837,27.068579544745837,399.51441700971037
DOM,Dominican Republic,2011,10,2011-10,2011-10-01,0,,0.0,0.0,
DOM,Dominican Republic,2011,11,2011-11,2011-11-01,4,5.2,342.65536428622073,141.416238819535,180.0357314557344
DOM,Dominican Republic,2011,12,2011-12,2011-12-01,3,5.2,437.52137032292234,222.15321423241673,116.67078875181087
DOM,Dominican Republic,2012,1,2012-01,2012-01-01,6,5.5,1782.0033661372852,562.341325190349,0.0
DOM,Dominican Republic,2012,2,2012-02,2012-02-01,0,,0.0,0.0,
DOM,Dominican Republic,2012,3,2012-03,2012-03-01,2,4.5,268.8872864542272,154.53268657225857,28.08216434014612
DOM,Dominican Republic,2012,4,2012-04,2012-04-01,0,,0.0,0.0,
DOM,Dominican Republic,2012,5,2012-05,2012-05-01,0,,0.0,0.0,
DOM,Dominican Republic,2012,6,2012-06,2012-06-01,0,,0.0,0.0,
DOM,Dominican Republic,2012,7,2012-07,2012-07-01,2,5.1,532.6413302374676,354.8133892335753,0.0
DOM,Dominican Republic,2012,8,2012-08,2012-08-01,5,5.0,120.02175602600957,31.518716575933958,436.4597983438981
DOM,Dominican Republic,2012,9,2012-09,2012-09-01,6,4.9,197.9762423420943,92.89183379391142,129.87614409353935
DOM,Dominican Republic,2012,10,2012-10,2012-10-01,3,4.7,570.7970593169413,223.872113856834,0.0
DOM,Dominican Republic,2012,11,2012-11,2012-11-01,0,,0.0,0.0,
DOM,Dominican Republic,2012,12,2012-12,2012-12-01,0,,0.0,0.0,
DOM,Dominican Republic,2013,1,2013-01,2013-01-01,1,5.0,34.70815140452847,34.70815140452847,441.89763246523864
DOM,Dominican Republic,2013,2,2013-02,2013-02-01,2,5.1,254.43618467079378,233.90012658052507,83.33955447422872
DOM,Dominican Republic,2013,3,2013-03,2013-03-01,1,4.5,25.002240352436985,25.002240352436985,392.3702048572052
DOM,Dominican Republic,2013,4,2013-04,2013-04-01,0,,0.0,0.0,
DOM,Dominican Republic,2013,5,2013-05,2013-05-01,0,,0.0,0.0,
DOM,Dominican Republic,2013,6,2013-06,2013-06-01,0,,0.0,0.0,
DOM,Dominican Republic,2013,7,2013-07,2013-07-01,1,4.9,281.8382931264455,281.8382931264455,0.0
DOM,Dominican Republic,2013,8,2013-08,2013-08-01,0,,0.0,0.0,
DOM,Dominican Republic,2013,9,2013-09,2013-09-01,0,,0.0,0.0,
DOM,Dominican Republic,2013,10,2013-10,2013-10-01,0,,0.0,0.0,
DOM,Dominican Republic,2013,11,2013-11,2013-11-01,0,,0.0,0.0,
DOM,Dominican Republic,2013,12,2013-12,2013-12-01,0,,0.0,0.0,
DOM,Dominican Republic,2014,1,2014-01,2014-01-01,1,6.4,659.4295286484897,659.4295286484897,175.37943737187607
DOM,Dominican Republic,2014,2,2014-02,2014-02-01,2,4.6,210.1360553850061,177.82794100389228,0.0
DOM,Dominican Republic,2014,3,2014-03,2014-03-01,2,4.6,195.64368316304225,117.28806595476044,106.26254058375986
DOM,Dominican Republic,2014,4,2014-04,2014-04-01,0,,0.0,0.0,
DOM,Dominican Republic,2014,5,2014-05,2014-05-01,1,5.8,647.8755304514233,647.8755304514233,40.75963488347646
DOM,Dominican Republic,2014,6,2014-06,2014-06-01,1,4.5,159.1985332676274,159.1985332676274,22.13287980236108
DOM,Dominican Republic,2014,7,2014-07,2014-07-01,0,,0.0,0.0,
DOM,Dominican Republic,2014,8,2014-08,2014-08-01,1,4.6,34.87811276518343,34.87811276518343,348.8172445624208
DOM,Dominican Republic,2014,9,2014-09,2014-09-01,1,4.7,218.592605992241,218.592605992241,4.773043547561668
DOM,Dominican Republic,2014,10,2014-10,2014-10-01,0,,0.0,0.0,
DOM,Dominican Republic,2014,11,2014-11,2014-11-01,0,,0.0,0.0,
DOM,Dominican Republic,2014,12,2014-12,2014-12-01,0,,0.0,0.0,
DOM,Dominican Republic,2015,1,2015-01,2015-01-01,2,4.7,401.70005486072625,223.872113856834,0.0
DOM,Dominican Republic,2015,2,2015-02,2015-02-01,1,4.5,177.82794100389228,177.82794100389228,0.0
DOM,Dominican Republic,2015,3,2015-03,2015-03-01,1,4.6,19.86056941292015,19.86056941292015,461.44187686697353
DOM,Dominican Republic,2015,4,2015-04,2015-04-01,0,,0.0,0.0,
DOM,Dominican Republic,2015,5,2015-05,2015-05-01,0,,0.0,0.0,
DOM,Dominican Republic,2015,6,2015-06,2015-06-01,0,,0.0,0.0,
DOM,Dominican Republic,2015,7,2015-07,2015-07-01,1,4.5,119.79558243641445,119.79558243641445,79.00592974449859
DOM,Dominican Republic,2015,8,2015-08,2015-08-01,2,4.8,84.90567358930736,59.126769066253395,243.25238934790536
DOM,Dominican Republic,2015,9,2015-09,2015-09-01,0,,0.0,0.0,
DOM,Dominican Republic,2015,10,2015-10,2015-10-01,0,,0.0,0.0,
DOM,Dominican Republic,2015,11,2015-11,2015-11-01,2,4.8,450.7148746478458,251.18864315095797,0.0
DOM,Dominican Republic,2015,12,2015-12,2015-12-01,1,4.5,177.82794100389228,177.82794100389228,0.0
DOM,Dominican Republic,2016,1,2016-01,2016-01-01,10,5.2,515.875462789028,177.82794100389228,0.0
DOM,Dominican Republic,2016,2,2016-02,2016-02-01,1,4.6,199.52623149688787,199.52623149688787,0.0
DOM,Dominican Republic,2016,3,2016-03,2016-03-01,1,4.6,199.52623149688787,199.52623149688787,0.0
DOM,Dominican Republic,2016,4,2016-04,2016-04-01,0,,0.0,0.0,
DOM,Dominican Republic,2016,5,2016-05,2016-05-01,1,4.5,177.82794100389228,177.82794100389228,0.0
DOM,Dominican Republic,2016,6,2016-06,2016-06-01,0,,0.0,0.0,
DOM,Dominican Republic,2016,7,2016-07,2016-07-01,1,4.6,199.52623149688787,199.52623149688787,0.0
DOM,Dominican Republic,2016,8,2016-08,2016-08-01,1,4.5,177.82794100389228,177.82794100389228,0.0
DOM,Dominican Republic,2016,9,2016-09,2016-09-01,1,5.0,71.26273713914988,71.26273713914988,298.017832489597
DOM,Dominican Republic,2016,10,2016-10,2016-10-01,0,,0.0,0.0,
DOM,Dominican Republic,2016,11,2016-11,2016-11-01,1,4.8,212.07212263216954,212.07212263216954,33.85556105476582
DOM,Dominican Republic,2016,12,2016-12,2016-12-01,2,4.6,226.213535773751,177.82794100389228,0.0
DOM,Dominican Republic,2017,1,2017-01,2017-01-01,0,,0.0,0.0,
DOM,Dominican Republic,2017,2,2017-02,2017-02-01,2,4.6,377.3541725007801,199.52623149688787,0.0
DOM,Dominican Republic,2017,3,2017-03,2017-03-01,0,,0.0,0.0,
DOM,Dominican Republic,2017,4,2017-04,2017-04-01,2,4.7,228.24937700118295,199.52623149688787,0.0
DOM,Dominican Republic,2017,5,2017-05,2017-05-01,0,,0.0,0.0,
DOM,Dominican Republic,2017,6,2017-06,2017-06-01,0,,0.0,0.0,
DOM,Dominican Republic,2017,7,2017-07,2017-07-01,2,4.7,115.89169105886472,86.22442583368559,181.61395336125287
DOM,Dominican Republic,2017,8,2017-08,2017-08-01,2,4.8,258.6633999022317,177.82794100389228,0.0
DOM,Dominican Republic,2017,9,2017-09,2017-09-01,0,,0.0,0.0,
DOM,Dominican Republic,2017,10,2017-10,2017-10-01,1,4.9,281.8382931264455,281.8382931264455,0.0
DOM,Dominican Republic,2017,11,2017-11,2017-11-01,0,,0.0,0.0,
DOM,Dominican Republic,2017,12,2017-12,2017-12-01,0,,0.0,0.0,
DOM,Dominican Republic,2018,1,2018-01,2018-01-01,0,,0.0,0.0,
DOM,Dominican Republic,2018,2,2018-02,2018-02-01,2,4.6,103.97385520206691,78.42821318736861,186.7523978361978
DOM,Dominican Republic,2018,3,2018-03,2018-03-01,1,4.5,31.011715827701348,31.011715827701348,349.29027924462656
DOM,Dominican Republic,2018,4,2018-04,2018-04-01,2,4.7,51.87157163405237,29.387394318166585,406.101830165089
DOM,Dominican Republic,2018,5,2018-05,2018-05-01,0,,0.0,0.0,
DOM,Dominican Republic,2018,6,2018-06,2018-06-01,1,4.7,223.872113856834,223.872113856834,0.0
DOM,Dominican Republic,2018,7,2018-07,2018-07-01,0,,0.0,0.0,
DOM,Dominican Republic,2018,8,2018-08,2018-08-01,0,,0.0,0.0,
DOM,Dominican Republic,2018,9,2018-09,2018-09-01,1,5.2,398.1071705534973,398.1071705534973,0.0
DOM,Dominican Republic,2018,10,2018-10,2018-10-01,3,5.9,684.4938455410143,421.7703921996495,149.6329905366148
DOM,Dominican Republic,2018,11,2018-11,2018-11-01,1,4.9,42.30521225749294,42.30521225749294,379.2846356313927
DOM,Dominican Republic,2018,12,2018-12,2018-12-01,3,4.67,448.701598481663,199.52623149688787,0.0
DOM,Dominican Republic,2019,1,2019-01,2019-01-01,1,4.5,116.24760111477302,116.24760111477302,85.01881011077967
DOM,Dominican Republic,2019,2,2019-02,2019-02-01,2,5.3,445.4597787040526,410.5937195067939,16.84925757165029
DOM,Dominican Republic,2019,3,2019-03,2019-03-01,1,4.6,56.85348548451523,56.85348548451523,251.09363707507862
DOM,Dominican Republic,2019,4,2019-04,2019-04-01,0,,0.0,0.0,
DOM,Dominican Republic,2019,5,2019-05,2019-05-01,0,,0.0,0.0,
DOM,Dominican Republic,2019,6,2019-06,2019-06-01,1,4.5,177.82794100389228,177.82794100389228,0.0
DOM,Dominican Republic,2019,7,2019-07,2019-07-01,1,4.7,223.872113856834,223.872113856834,0.0
DOM,Dominican Republic,2019,8,2019-08,2019-08-01,1,4.9,24.23777490696487,24.23777490696487,490.6842230229552
DOM,Dominican Republic,2019,9,2019-09,2019-09-01,4,6.0,946.1249060145274,525.1287265119638,128.822370617874
DOM,Dominican Republic,2019,10,2019-10,2019-10-01,2,4.96,56.998518088216414,33.99652711429331,432.07298752399913
DOM,Dominican Republic,2019,11,2019-11,2019-11-01,1,4.78,126.17703203119726,126.17703203119726,133.0984870590535
DOM,Dominican Republic,2019,12,2019-12,2019-12-01,3,5.0,307.2746199915417,126.68773329701821,179.95625240312614
DOM,Dominican Republic,2020,1,2020-01,2020-01-01,30,6.4,4259.196540644455,630.242053248591,86.71236963394368
DOM,Dominican Republic,2020,2,2020-02,2020-02-01,2,5.0,266.2447681834391,140.49141743088006,47.13401164596628
DOM,Dominican Republic,2020,3,2020-03,2020-03-01,1,4.8,200.13903988341065,200.13903988341065,45.43837975195911
DOM,Dominican Republic,2020,4,2020-04,2020-04-01,1,4.6,49.68648773119705,49.68648773119705,278.0425388769497
DOM,Dominican Republic,2020,5,2020-05,2020-05-01,4,5.4,510.7566417738318,189.96507901690387,84.3911718161036
DOM,Dominican Republic,2020,6,2020-06,2020-06-01,4,4.8,351.66993514428293,106.12169894061786,156.84499215359665
DOM,Dominican Republic,2020,7,2020-07,2020-07-01,3,5.3,332.7914526222416,192.48426774877066,165.95647697895976
DOM,Dominican Republic,2020,8,2020-08,2020-08-01,1,4.8,98.18952827438666,98.18952827438666,187.86093004568568
DOM,Dominican Republic,2020,9,2020-09,2020-09-01,1,4.5,177.82794100389228,177.82794100389228,0.0
DOM,Dominican Republic,2020,10,2020-10,2020-10-01,3,5.3,259.06093304574733,199.52623149688787,0.0
DOM,Dominican Republic,2020,11,2020-11,2020-11-01,3,4.71,243.85655487870915,177.82794100389228,0.0
DOM,Dominican Republic,2020,12,2020-12,2020-12-01,2,4.8,189.940460932238,100.97684797748298,182.26259211338086
DOM,Dominican Republic,2021,1,2021-01,2021-01-01,1,5.4,46.692459293706776,46.692459293706776,474.67941413475796
DOM,Dominican Republic,2021,2,2021-02,2021-02-01,1,4.99,43.36231323255505,43.36231323255505,395.07182037049796
DOM,Dominican Republic,2021,3,2021-03,2021-03-01,1,4.8,46.38182883715635,46.38182883715635,337.85929210909336
DOM,Dominican Republic,2021,4,2021-04,2021-04-01,0,,0.0,0.0,
DOM,Dominican Republic,2021,5,2021-05,2021-05-01,1,4.5,21.695990971381793,21.695990971381793,420.73779272415356
DOM,Dominican Republic,2021,6,2021-06,2021-06-01,1,5.0,282.1040347139025,282.1040347139025,22.837362431023212
DOM,Dominican Republic,2021,7,2021-07,2021-07-01,0,,0.0,0.0,
DOM,Dominican Republic,2021,8,2021-08,2021-08-01,14,7.2,3118.3559459505905,1680.7913342889342,172.45726819346302
DOM,Dominican Republic,2021,9,2021-09,2021-09-01,0,,0.0,0.0,
DOM,Dominican Republic,2021,10,2021-10,2021-10-01,1,4.8,47.332496207299236,47.332496207299236,333.80142803404743
DOM,Dominican Republic,2021,11,2021-11,2021-11-01,2,4.6,231.5701595165699,177.82794100389228,0.0
DOM,Dominican Republic,2021,12,2021-12,2021-12-01,0,,0.0,0.0,
DOM,Dominican Republic,2022,1,2022-01,2022-01-01,8,5.3,870.7883694246502,204.47983655859002,151.50319709643506
DOM,Dominican Republic,2022,2,2022-02,2022-02-01,1,4.7,65.82003398315673,65.82003398315673,244.83014174330597
DOM,Dominican Republic,2022,3,2022-03,2022-03-01,3,5.1,218.31115561107686,106.03862014460583,237.59229891385857
DOM,Dominican Republic,2022,4,2022-04,2022-04-01,1,4.7,64.94504294962407,64.94504294962407,247.50670987079016
DOM,Dominican Republic,2022,5,2022-05,2022-05-01,2,5.5,134.97563219760485,73.54149885179392,176.59332042434147
DOM,Dominican Republic,2022,6,2022-06,2022-06-01,0,,0.0,0.0,
DOM,Dominican Republic,2022,7,2022-07,2022-07-01,1,4.7,201.27251488911992,201.27251488911992,21.28303665389212
DOM,Dominican Republic,2022,8,2022-08,2022-08-01,0,,0.0,0.0,
DOM,Dominican Republic,2022,9,2022-09,2022-09-01,0,,0.0,0.0,
DOM,Dominican Republic,2022,10,2022-10,2022-10-01,3,4.7,603.0208956071053,223.872113856834,0.0
DOM,Dominican Republic,2022,11,2022-11,2022-11-01,1,5.0,169.5114466468805,169.5114466468805,124.70845522095567
DOM,Dominican Republic,2022,12,2022-12,2022-12-01,0,,0.0,0.0,
DOM,Dominican Republic,2023,1,2023-01,2023-01-01,1,4.6,21.573749607728413,21.573749607728413,444.8936868411295
DOM,Dominican Republic,2023,2,2023-02,2023-02-01,2,5.4,439.1848368486775,272.15544806748966,30.017865837013392
DOM,Dominican Republic,2023,3,2023-03,2023-03-01,1,4.6,199.52623149688787,199.52623149688787,0.0
DOM,Dominican Republic,2023,4,2023-04,2023-04-01,2,4.5,253.65097255998413,177.82794100389228,0.0
DOM,Dominican Republic,2023,5,2023-05,2023-05-01,1,4.8,251.18864315095797,251.18864315095797,0.0
DOM,Dominican Republic,2023,6,2023-06,2023-06-01,1,4.9,78.9331110327639,78.9331110327639,254.54653596110535
DOM,Dominican Republic,2023,7,2023-07,2023-07-01,0,,0.0,0.0,
DOM,Dominican Republic,2023,8,2023-08,2023-08-01,1,4.5,15.004299888464967,15.004299888464967,494.49592799646047
DOM,Dominican Republic,2023,9,2023-09,2023-09-01,1,4.5,177.82794100389228,177.82794100389228,0.0
DOM,Dominican Republic,2023,10,2023-10,2023-10-01,0,,0.0,0.0,
DOM,Dominican Republic,2023,11,2023-11,2023-11-01,1,5.0,316.22776601683796,316.22776601683796,0.0
DOM,Dominican Republic,2023,12,2023-12,2023-12-01,3,5.7,735.4270761276728,331.3945917202707,51.94212131014718
DOM,Dominican Republic,2024,1,2024-01,2024-01-01,2,4.6,59.62044680773974,30.04579320524495,378.6446111749863
DOM,Dominican Republic,2024,2,2024-02,2024-02-01,0,,0.0,0.0,
DOM,Dominican Republic,2024,3,2024-03,2024-03-01,0,,0.0,0.0,
DOM,Dominican Republic,2024,4,2024-04,2024-04-01,1,4.9,40.22880454734644,40.22880454734644,389.35004155354306
DOM,Dominican Republic,2024,5,2024-05,2024-05-01,1,5.6,335.8562208895176,335.8562208895176,126.11102120414941
DOM,Dominican Republic,2024,6,2024-06,2024-06-01,0,,0.0,0.0,
DOM,Dominican Republic,2024,7,2024-07,2024-07-01,0,,0.0,0.0,
DOM,Dominican Republic,2024,8,2024-08,2024-08-01,1,4.8,171.30492562048448,171.30492562048448,76.55181278342204
DOM,Dominican Republic,2024,9,2024-09,2024-09-01,1,4.5,21.72706973330569,21.72706973330569,420.4515045931347
DOM,Dominican Republic,2024,10,2024-10,2024-10-01,1,4.6,19.284472345277127,19.284472345277127,467.329096697663
DOM,Dominican Republic,2024,11,2024-11,2024-11-01,1,4.68,37.53982358552804,37.53982358552804,352.5293571664
DOM,Dominican Republic,2024,12,2024-12,2024-12-01,1,4.65,35.35918916370389,35.35918916370389,357.5904069190716
HTI,Haiti,2007,1,2007-01,2007-01-01,0,,0.0,0.0,
HTI,Haiti,2007,2,2007-02,2007-02-01,1,6.2,121.34169510829187,121.34169510829187,467.8806591919621
HTI,Haiti,2007,3,2007-03,2007-03-01,2,4.9,161.03645601025875,106.7390219984909,102.08593016754658
HTI,Haiti,2007,4,2007-04,2007-04-01,1,4.7,24.9791118988141,24.9791118988141,438.6070033920016
HTI,Haiti,2007,5,2007-05,2007-05-01,0,,0.0,0.0,
HTI,Haiti,2007,6,2007-06,2007-06-01,1,5.0,148.92081966602206,148.92081966602206,150.6095958852597
HTI,Haiti,2007,7,2007-07,2007-07-01,0,,0.0,0.0,
HTI,Haiti,2007,8,2007-08,2007-08-01,0,,0.0,0.0,
HTI,Haiti,2007,9,2007-09,2007-09-01,2,4.8,78.16098043262264,40.279587180872646,366.0718808249783
HTI,Haiti,2007,10,2007-10,2007-10-01,3,4.6,324.76208674586417,173.15556526913696,28.351060447365306
HTI,Haiti,2007,11,2007-11,2007-11-01,0,,0.0,0.0,
HTI,Haiti,2007,12,2007-12,2007-12-01,0,,0.0,0.0,
HTI,Haiti,2008,1,2008-01,2008-01-01,1,4.6,113.49229350572031,113.49229350572031,112.84215557961565
HTI,Haiti,2008,2,2008-02,2008-02-01,0,,0.0,0.0,
HTI,Haiti,2008,3,2008-03,2008-03-01,0,,0.0,0.0,
HTI,Haiti,2008,4,2008-04,2008-04-01,0,,0.0,0.0,
HTI,Haiti,2008,5,2008-05,2008-05-01,2,4.6,312.7195622417827,198.9544276743243,0.5739844099057626
HTI,Haiti,2008,6,2008-06,2008-06-01,0,,0.0,0.0,
HTI,Haiti,2008,7,2008-07,2008-07-01,0,,0.0,0.0,
HTI,Haiti,2008,8,2008-08,2008-08-01,1,4.6,77.59843175698973,77.59843175698973,188.87969924369705
HTI,Haiti,2008,9,2008-09,2008-09-01,0,,0.0,0.0,
HTI,Haiti,2008,10,2008-10,2008-10-01,1,4.9,23.756287040448807,23.756287040448807,494.69725297873475
HTI,Haiti,2008,11,2008-11,2008-11-01,1,4.5,27.58418866592044,27.58418866592044,372.71474501838395
HTI,Haiti,2008,12,2008-12,2008-12-01,1,5.1,99.42273734961752,99.42273734961752,254.44223073173026
HTI,Haiti,2009,1,2009-01,2009-01-01,0,,0.0,0.0,
HTI,Haiti,2009,2,2009-02,2009-02-01,1,5.0,68.19738058833643,68.19738058833643,306.81131523378997
HTI,Haiti,2009,3,2009-03,2009-03-01,1,5.0,55.542520534523916,55.542520534523916,347.862773861545
HTI,Haiti,2009,4,2009-04,2009-04-01,0,,0.0,0.0,
HTI,Haiti,2009,5,2009-05,2009-05-01,0,,0.0,0.0,
HTI,Haiti,2009,6,2009-06,2009-06-01,0,,0.0,0.0,
HTI,Haiti,2009,7,2009-07,2009-07-01,1,4.5,113.76846184183144,113.76846184183144,89.33022253377239
HTI,Haiti,2009,8,2009-08,2009-08-01,1,4.6,53.82446249479931,53.82446249479931,262.0435313696633
HTI,Haiti,2009,9,2009-09,2009-09-01,1,4.8,207.43183616441857,207.43183616441857,38.28028757909539
HTI,Haiti,2009,10,2009-10,2009-10-01,1,4.6,46.58479962165636,46.58479962165636,290.9342828684355
HTI,Haiti,2009,11,2009-11,2009-11-01,0,,0.0,0.0,
HTI,Haiti,2009,12,2009-12,2009-12-01,0,,0.0,0.0,
HTI,Haiti,2010,1,2010-01,2010-01-01,60,7.0,20442.95216808883,3162.2776601683795,0.0
HTI,Haiti,2010,2,2010-02,2010-02-01,4,5.3,899.1171424484716,257.47537815456286,0.0
HTI,Haiti,2010,3,2010-03,2010-03-01,5,5.6,708.1062112892765,283.55213476477826,83.92324682931621
HTI,Haiti,2010,4,2010-04,2010-04-01,2,5.1,129.53657066707314,69.04621981074412,281.3114690318924
HTI,Haiti,2010,5,2010-05,2010-05-01,0,,0.0,0.0,
HTI,Haiti,2010,6,2010-06,2010-06-01,1,4.8,61.069374743678026,61.069374743678026,282.83874287155714
HTI,Haiti,2010,7,2010-07,2010-07-01,1,4.7,97.27446382823699,97.27446382823699,166.70769231959196
HTI,Haiti,2010,8,2010-08,2010-08-01,0,,0.0,0.0,
HTI,Haiti,2010,9,2010-09,2010-09-01,0,,0.0,0.0,
HTI,Haiti,2010,10,2010-10,2010-10-01,1,5.1,146.0257081784629,146.0257081784629,177.561859502643
HTI,Haiti,2010,11,2010-11,2010-11-01,2,5.4,254.03857148950732,168.28903094260718,11.026707157422946
HTI,Haiti,2010,12,2010-12,2010-12-01,0,,0.0,0.0,
HTI,Haiti,2011,1,2011-01,2011-01-01,0,,0.0,0.0,
HTI,Haiti,2011,2,2011-02,2011-02-01,0,,0.0,0.0,
HTI,Haiti,2011,3,2011-03,2011-03-01,1,5.0,40.11108640286653,40.11108640286653,412.96199349673196
HTI,Haiti,2011,4,2011-04,2011-04-01,0,,0.0,0.0,
HTI,Haiti,2011,5,2011-05,2011-05-01,4,4.7,230.54615143532078,99.7054037541991,115.71931671903332
HTI,Haiti,2011,6,2011-06,2011-06-01,0,,0.0,0.0,
HTI,Haiti,2011,7,2011-07,2011-07-01,1,4.6,25.430560172138517,25.430560172138517,411.998821338203
HTI,Haiti,2011,8,2011-08,2011-08-01,0,,0.0,0.0,
HTI,Haiti,2011,9,2011-09,2011-09-01,1,5.2,50.904335112050006,50.904335112050006,411.35463053185003
HTI,Haiti,2011,10,2011-10,2011-10-01,0,,0.0,0.0,
HTI,Haiti,2011,11,2011-11,2011-11-01,0,,0.0,0.0,
HTI,Haiti,2011,12,2011-12,2011-12-01,2,5.2,68.00969565948918,35.956029405628385,480.8360837228487
HTI,Haiti,2012,1,2012-01,2012-01-01,6,5.5,735.1685869474115,268.71035389804973,128.2304814702625
HTI,Haiti,2012,2,2012-02,2012-02-01,0,,0.0,0.0,
HTI,Haiti,2012,3,2012-03,2012-03-01,3,4.8,279.4677940956801,177.82794100389228,0.0
HTI,Haiti,2012,4,2012-04,2012-04-01,0,,0.0,0.0,
HTI,Haiti,2012,5,2012-05,2012-05-01,0,,0.0,0.0,
HTI,Haiti,2012,6,2012-06,2012-06-01,0,,0.0,0.0,
HTI,Haiti,2012,7,2012-07,2012-07-01,2,5.1,309.6866078970296,260.39243528251404,61.88042551934844
HTI,Haiti,2012,8,2012-08,2012-08-01,0,,0.0,0.0,
HTI,Haiti,2012,9,2012-09,2012-09-01,1,4.5,19.147615464148735,19.147615464148735,445.72765404129416
HTI,Haiti,2012,10,2012-10,2012-10-01,3,4.7,285.2661812191243,130.10932544579106,94.51413588412903
HTI,Haiti,2012,11,2012-11,2012-11-01,0,,0.0,0.0,
HTI,Haiti,2012,12,2012-12,2012-12-01,0,,0.0,0.0,
HTI,Haiti,2013,1,2013-01,2013-01-01,0,,0.0,0.0,
HTI,Haiti,2013,2,2013-02,2013-02-01,2,5.1,118.60692342517709,72.37436459399528,225.84456240779303
HTI,Haiti,2013,3,2013-03,2013-03-01,0,,0.0,0.0,
HTI,Haiti,2013,4,2013-04,2013-04-01,0,,0.0,0.0,
HTI,Haiti,2013,5,2013-05,2013-05-01,0,,0.0,0.0,
HTI,Haiti,2013,6,2013-06,2013-06-01,0,,0.0,0.0,
HTI,Haiti,2013,7,2013-07,2013-07-01,1,4.9,125.64403689947977,125.64403689947977,161.57613459888475
HTI,Haiti,2013,8,2013-08,2013-08-01,0,,0.0,0.0,
HTI,Haiti,2013,9,2013-09,2013-09-01,0,,0.0,0.0,
HTI,Haiti,2013,10,2013-10,2013-10-01,0,,0.0,0.0,
HTI,Haiti,2013,11,2013-11,2013-11-01,0,,0.0,0.0,
HTI,Haiti,2013,12,2013-12,2013-12-01,0,,0.0,0.0,
HTI,Haiti,2014,1,2014-01,2014-01-01,0,,0.0,0.0,
HTI,Haiti,2014,2,2014-02,2014-02-01,1,4.5,42.62750891475185,42.62750891475185,285.6633330389965
HTI,Haiti,2014,3,2014-03,2014-03-01,2,4.6,217.25176520613607,191.9938173694796,7.696508715524013
HTI,Haiti,2014,4,2014-04,2014-04-01,0,,0.0,0.0,
HTI,Haiti,2014,5,2014-05,2014-05-01,1,5.8,123.17294269191852,123.17294269191852,372.78147274213853
HTI,Haiti,2014,6,2014-06,2014-06-01,1,4.5,37.080512805431056,37.080512805431056,313.54497778607924
HTI,Haiti,2014,7,2014-07,2014-07-01,0,,0.0,0.0,
HTI,Haiti,2014,8,2014-08,2014-08-01,0,,0.0,0.0,
HTI,Haiti,2014,9,2014-09,2014-09-01,1,4.7,48.50406416169492,48.50406416169492,305.8854753910012
HTI,Haiti,2014,10,2014-10,2014-10-01,0,,0.0,0.0,
HTI,Haiti,2014,11,2014-11,2014-11-01,0,,0.0,0.0,
HTI,Haiti,2014,12,2014-12,2014-12-01,0,,0.0,0.0,
HTI,Haiti,2015,1,2015-01,2015-01-01,2,4.7,301.1352736931551,186.57191642118806,36.45163858868388
HTI,Haiti,2015,2,2015-02,2015-02-01,1,4.5,101.9668494601004,101.9668494601004,111.23374081422625
HTI,Haiti,2015,3,2015-03,2015-03-01,0,,0.0,0.0,
HTI,Haiti,2015,4,2015-04,2015-04-01,0,,0.0,0.0,
HTI,Haiti,2015,5,2015-05,2015-05-01,0,,0.0,0.0,
HTI,Haiti,2015,6,2015-06,2015-06-01,0,,0.0,0.0,
HTI,Haiti,2015,7,2015-07,2015-07-01,1,4.5,19.51678678306768,19.51678678306768,441.90830066495846
HTI,Haiti,2015,8,2015-08,2015-08-01,0,,0.0,0.0,
HTI,Haiti,2015,9,2015-09,2015-09-01,0,,0.0,0.0,
HTI,Haiti,2015,10,2015-10,2015-10-01,0,,0.0,0.0,
HTI,Haiti,2015,11,2015-11,2015-11-01,2,4.8,226.60978669238506,127.40893134279555,135.76047555466982
HTI,Haiti,2015,12,2015-12,2015-12-01,1,4.5,47.789730343048966,47.789730343048966,262.80113784034216
HTI,Haiti,2016,1,2016-01,2016-01-01,9,5.2,928.586983864659,223.872113856834,0.0
HTI,Haiti,2016,2,2016-02,2016-02-01,1,4.6,56.82495368034654,56.82495368034654,251.19403185522307
HTI,Haiti,2016,3,2016-03,2016-03-01,1,4.6,43.987076526916034,43.987076526916034,302.4099676816385
HTI,Haiti,2016,4,2016-04,2016-04-01,0,,0.0,0.0,
HTI,Haiti,2016,5,2016-05,2016-05-01,1,4.5,73.04543797019124,73.04543797019124,177.94695475490798
HTI,Haiti,2016,6,2016-06,2016-06-01,0,,0.0,0.0,
HTI,Haiti,2016,7,2016-07,2016-07-01,1,4.6,170.04015393414196,170.04015393414196,31.98222102283597
HTI,Haiti,2016,8,2016-08,2016-08-01,1,4.5,58.44547141006874,58.44547141006874,222.54445046686467
HTI,Haiti,2016,9,2016-09,2016-09-01,1,5.0,180.94447384152545,180.94447384152545,111.65450452807605
HTI,Haiti,2016,10,2016-10,2016-10-01,0,,0.0,0.0,
HTI,Haiti,2016,11,2016-11,2016-11-01,1,4.8,55.656436895415375,55.656436895415375,301.4012969340734
HTI,Haiti,2016,12,2016-12,2016-12-01,1,4.5,41.089484399409095,41.089484399409095,293.01284489992315
HTI,Haiti,2017,1,2017-01,2017-01-01,1,5.8,191.55106770147881,191.55106770147881,284.4684649084645
HTI,Haiti,2017,2,2017-02,2017-02-01,2,4.6,128.9466410892894,72.34271612774128,179.88033734498595
HTI,Haiti,2017,3,2017-03,2017-03-01,0,,0.0,0.0,
HTI,Haiti,2017,4,2017-04,2017-04-01,2,4.7,151.10722660091477,96.52935559491927,168.24556067905547
HTI,Haiti,2017,5,2017-05,2017-05-01,0,,0.0,0.0,
HTI,Haiti,2017,6,2017-06,2017-06-01,0,,0.0,0.0,
HTI,Haiti,2017,7,2017-07,2017-07-01,0,,0.0,0.0,
HTI,Haiti,2017,8,2017-08,2017-08-01,1,4.5,66.78220877884267,66.78220877884267,195.87594996274146
HTI,Haiti,2017,9,2017-09,2017-09-01,0,,0.0,0.0,
HTI,Haiti,2017,10,2017-10,2017-10-01,1,4.9,143.08217090170402,143.08217090170402,135.5828781834186
HTI,Haiti,2017,11,2017-11,2017-11-01,1,4.5,21.254866338268965,21.254866338268965,424.8461171859584
HTI,Haiti,2017,12,2017-12,2017-12-01,0,,0.0,0.0,
HTI,Haiti,2018,1,2018-01,2018-01-01,0,,0.0,0.0,
HTI,Haiti,2018,2,2018-02,2018-02-01,1,4.6,170.10853550218147,170.10853550218147,31.901807284862684
HTI,Haiti,2018,3,2018-03,2018-03-01,0,,0.0,0.0,
HTI,Haiti,2018,4,2018-04,2018-04-01,0,,0.0,0.0,
HTI,Haiti,2018,5,2018-05,2018-05-01,0,,0.0,0.0,
HTI,Haiti,2018,6,2018-06,2018-06-01,1,4.7,73.60890662153025,73.60890662153025,222.46178724865575
HTI,Haiti,2018,7,2018-07,2018-07-01,0,,0.0,0.0,
HTI,Haiti,2018,8,2018-08,2018-08-01,0,,0.0,0.0,
HTI,Haiti,2018,9,2018-09,2018-09-01,1,5.2,314.5610980715676,314.5610980715676,47.108582802852624
HTI,Haiti,2018,10,2018-10,2018-10-01,3,5.9,1307.7342683664365,824.7016208502725,15.520875022675089
HTI,Haiti,2018,11,2018-11,2018-11-01,0,,0.0,0.0,
HTI,Haiti,2018,12,2018-12,2018-12-01,3,4.67,96.99904005134667,45.82680451070871,294.2153085266828
HTI,Haiti,2019,1,2019-01,2019-01-01,1,4.5,27.22649036953108,27.22649036953108,375.32520984668076
HTI,Haiti,2019,2,2019-02,2019-02-01,1,5.3,77.74690258190898,77.74690258190898,349.6783568686485
HTI,Haiti,2019,3,2019-03,2019-03-01,0,,0.0,0.0,
HTI,Haiti,2019,4,2019-04,2019-04-01,0,,0.0,0.0,
HTI,Haiti,2019,5,2019-05,2019-05-01,0,,0.0,0.0,
HTI,Haiti,2019,6,2019-06,2019-06-01,1,4.5,36.65363472492336,36.65363472492336,315.8607723761485
HTI,Haiti,2019,7,2019-07,2019-07-01,1,4.7,48.742128668271945,48.742128668271945,304.9062494687348
HTI,Haiti,2019,8,2019-08,2019-08-01,0,,0.0,0.0,
HTI,Haiti,2019,9,2019-09,2019-09-01,4,6.0,159.0021225730909,88.52479186456037,484.8945264271289
HTI,Haiti,2019,10,2019-10,2019-10-01,0,,0.0,0.0,
HTI,Haiti,2019,11,2019-11,2019-11-01,1,4.78,20.727669809409225,20.727669809409225,494.34177176234067
HTI,Haiti,2019,12,2019-12,2019-12-01,0,,0.0,0.0,
HTI,Haiti,2020,1,2020-01,2020-01-01,3,7.7,642.658528011031,596.043453587032,445.7013056707169
HTI,Haiti,2020,2,2020-02,2020-02-01,1,4.5,32.552657032875494,32.552657032875494,339.5914929278607
HTI,Haiti,2020,3,2020-03,2020-03-01,1,4.8,39.36053892507325,39.36053892507325,370.688091778666
HTI,Haiti,2020,4,2020-04,2020-04-01,1,4.6,117.80342015170342,117.80342015170342,105.38568190888283
HTI,Haiti,2020,5,2020-05,2020-05-01,3,4.7,282.01389474452367,205.8994609174812,16.737394536416325
HTI,Haiti,2020,6,2020-06,2020-06-01,0,,0.0,0.0,
HTI,Haiti,2020,7,2020-07,2020-07-01,1,5.1,42.5499569139991,42.5499569139991,424.1826289425823
HTI,Haiti,2020,8,2020-08,2020-08-01,1,4.5,35.62312232405993,35.62312232405993,321.5643057459779
HTI,Haiti,2020,9,2020-09,2020-09-01,1,4.5,69.22558774449189,69.22558774449189,188.68917997308608
HTI,Haiti,2020,10,2020-10,2020-10-01,1,4.6,64.81782312181905,64.81782312181905,224.87302003413419
HTI,Haiti,2020,11,2020-11,2020-11-01,1,4.5,149.67410239114528,149.67410239114528,34.471235899162984
HTI,Haiti,2020,12,2020-12,2020-12-01,0,,0.0,0.0,
HTI,Haiti,2021,1,2021-01,2021-01-01,0,,0.0,0.0,
HTI,Haiti,2021,2,2021-02,2021-02-01,0,,0.0,0.0,
HTI,Haiti,2021,3,2021-03,2021-03-01,0,,0.0,0.0,
HTI,Haiti,2021,4,2021-04,2021-04-01,0,,0.0,0.0,
HTI,Haiti,2021,5,2021-05,2021-05-01,0,,0.0,0.0,
HTI,Haiti,2021,6,2021-06,2021-06-01,1,5.0,53.313901356951725,53.313901356951725,356.05312437359584
HTI,Haiti,2021,7,2021-07,2021-07-01,0,,0.0,0.0,
HTI,Haiti,2021,8,2021-08,2021-08-01,14,7.2,7895.410879240979,3981.0717055349733,0.0
HTI,Haiti,2021,9,2021-09,2021-09-01,0,,0.0,0.0,
HTI,Haiti,2021,10,2021-10,2021-10-01,0,,0.0,0.0,
HTI,Haiti,2021,11,2021-11,2021-11-01,2,4.6,304.86563113575164,199.52623149688787,0.0
HTI,Haiti,2021,12,2021-12,2021-12-01,0,,0.0,0.0,
HTI,Haiti,2022,1,2022-01,2022-01-01,8,5.3,1905.2822663283296,446.683592150963,0.0
HTI,Haiti,2022,2,2022-02,2022-02-01,1,4.7,200.44182713165188,200.44182713165188,22.11018057641996
HTI,Haiti,2022,3,2022-03,2022-03-01,3,5.1,663.7629896324369,320.71057397585065,16.904330342284908
HTI,Haiti,2022,4,2022-04,2022-04-01,1,4.7,198.60286457377612,198.60286457377612,23.95355863864543
HTI,Haiti,2022,5,2022-05,2022-05-01,1,4.5,177.82794100389228,177.82794100389228,0.0
HTI,Haiti,2022,6,2022-06,2022-06-01,0,,0.0,0.0,
HTI,Haiti,2022,7,2022-07,2022-07-01,1,4.7,197.5525900268715,197.5525900268715,25.014028204723775
HTI,Haiti,2022,8,2022-08,2022-08-01,0,,0.0,0.0,
HTI,Haiti,2022,9,2022-09,2022-09-01,0,,0.0,0.0,
HTI,Haiti,2022,10,2022-10,2022-10-01,3,4.7,128.39555678372756,54.327298094165926,283.20962811769226
HTI,Haiti,2022,11,2022-11,2022-11-01,2,5.0,67.10988812324278,38.798918066743994,419.61407422448184
HTI,Haiti,2022,12,2022-12,2022-12-01,1,4.8,29.68485343250325,29.68485343250325,427.113458580292
HTI,Haiti,2023,1,2023-01,2023-01-01,0,,0.0,0.0,
HTI,Haiti,2023,2,2023-02,2023-02-01,2,5.4,580.9811202235303,430.94410910120286,30.200269329677763
HTI,Haiti,2023,3,2023-03,2023-03-01,1,4.6,96.4765454378718,96.4765454378718,145.32915750813737
HTI,Haiti,2023,4,2023-04,2023-04-01,2,4.6,138.897721213575,76.49461272256464,168.71922856222255
HTI,Haiti,2023,5,2023-05,2023-05-01,1,4.8,151.54300918740677,151.54300918740677,101.06694989987263
HTI,Haiti,2023,6,2023-06,2023-06-01,1,4.9,272.9578086542878,272.9578086542878,6.403248329593969
HTI,Haiti,2023,7,2023-07,2023-07-01,0,,0.0,0.0,
HTI,Haiti,2023,8,2023-08,2023-08-01,0,,0.0,0.0,
HTI,Haiti,2023,9,2023-09,2023-09-01,1,4.5,113.98436968592989,113.98436968592989,88.95102565208593
HTI,Haiti,2023,10,2023-10,2023-10-01,1,5.4,151.0369305515454,151.0369305515454,239.89107419662076
HTI,Haiti,2023,11,2023-11,2023-11-01,1,5.0,305.02826364132727,305.02826364132727,7.211658498920736
HTI,Haiti,2023,12,2023-12,2023-12-01,2,5.3,177.9260088100829,90.67171152705855,315.09181134243994
HTI,Haiti,2024,1,2024-01,2024-01-01,0,,0.0,0.0,
HTI,Haiti,2024,2,2024-02,2024-02-01,0,,0.0,0.0,
HTI,Haiti,2024,3,2024-03,2024-03-01,0,,0.0,0.0,
HTI,Haiti,2024,4,2024-04,2024-04-01,0,,0.0,0.0,
HTI,Haiti,2024,5,2024-05,2024-05-01,1,5.6,60.82630840731041,60.82630840731041,467.8431721866018
HTI,Haiti,2024,6,2024-06,2024-06-01,0,,0.0,0.0,
HTI,Haiti,2024,7,2024-07,2024-07-01,0,,0.0,0.0,
HTI,Haiti,2024,8,2024-08,2024-08-01,2,4.8,82.11995261908825,49.15594418402677,257.1637360602746
HTI,Haiti,2024,9,2024-09,2024-09-01,1,4.5,75.3903521564164,75.3903521564164,171.6274295789775
HTI,Haiti,2024,10,2024-10,2024-10-01,1,4.6,67.20021098494323,67.20021098494323,217.6538653410472
HTI,Haiti,2024,11,2024-11,2024-11-01,3,6.8,706.938345009675,489.8913561391446,320.9997690330883
HTI,Haiti,2024,12,2024-12,2024-12-01,1,5.9,209.61946919919703,209.61946919919703,289.4664377597133
JAM,Jamaica,2007,1,2007-01,2007-01-01,0,,0.0,0.0,
JAM,Jamaica,2007,2,2007-02,2007-02-01,1,6.2,715.4573929681701,715.4573929681701,113.01834793400936
JAM,Jamaica,2007,3,2007-03,2007-03-01,0,,0.0,0.0,
JAM,Jamaica,2007,4,2007-04,2007-04-01,0,,0.0,0.0,
JAM,Jamaica,2007,5,2007-05,2007-05-01,0,,0.0,0.0,
JAM,Jamaica,2007,6,2007-06,2007-06-01,0,,0.0,0.0,
JAM,Jamaica,2007,7,2007-07,2007-07-01,0,,0.0,0.0,
JAM,Jamaica,2007,8,2007-08,2007-08-01,0,,0.0,0.0,
JAM,Jamaica,2007,9,2007-09,2007-09-01,0,,0.0,0.0,
JAM,Jamaica,2007,10,2007-10,2007-10-01,0,,0.0,0.0,
JAM,Jamaica,2007,11,2007-11,2007-11-01,0,,0.0,0.0,
JAM,Jamaica,2007,12,2007-12,2007-12-01,0,,0.0,0.0,
JAM,Jamaica,2008,1,2008-01,2008-01-01,0,,0.0,0.0,
JAM,Jamaica,2008,2,2008-02,2008-02-01,0,,0.0,0.0,
JAM,Jamaica,2008,3,2008-03,2008-03-01,1,4.6,55.3856689277922,55.3856689277922,256.32496744226063
JAM,Jamaica,2008,4,2008-04,2008-04-01,0,,0.0,0.0,
JAM,Jamaica,2008,5,2008-05,2008-05-01,1,4.6,21.855805733897025,21.855805733897025,442.2958237987646
JAM,Jamaica,2008,6,2008-06,2008-06-01,0,,0.0,0.0,
JAM,Jamaica,2008,7,2008-07,2008-07-01,0,,0.0,0.0,
JAM,Jamaica,2008,8,2008-08,2008-08-01,0,,0.0,0.0,
JAM,Jamaica,2008,9,2008-09,2008-09-01,0,,0.0,0.0,
JAM,Jamaica,2008,10,2008-10,2008-10-01,1,4.9,144.53219684396015,144.53219684396015,133.56623591469656
JAM,Jamaica,2008,11,2008-11,2008-11-01,0,,0.0,0.0,
JAM,Jamaica,2008,12,2008-12,2008-12-01,0,,0.0,0.0,
JAM,Jamaica,2009,1,2009-01,2009-01-01,0,,0.0,0.0,
JAM,Jamaica,2009,2,2009-02,2009-02-01,0,,0.0,0.0,
JAM,Jamaica,2009,3,2009-03,2009-03-01,0,,0.0,0.0,
JAM,Jamaica,2009,4,2009-04,2009-04-01,0,,0.0,0.0,
JAM,Jamaica,2009,5,2009-05,2009-05-01,0,,0.0,0.0,
JAM,Jamaica,2009,6,2009-06,2009-06-01,0,,0.0,0.0,
JAM,Jamaica,2009,7,2009-07,2009-07-01,0,,0.0,0.0,
JAM,Jamaica,2009,8,2009-08,2009-08-01,0,,0.0,0.0,
JAM,Jamaica,2009,9,2009-09,2009-09-01,0,,0.0,0.0,
JAM,Jamaica,2009,10,2009-10,2009-10-01,0,,0.0,0.0,
JAM,Jamaica,2009,11,2009-11,2009-11-01,0,,0.0,0.0,
JAM,Jamaica,2009,12,2009-12,2009-12-01,0,,0.0,0.0,
JAM,Jamaica,2010,1,2010-01,2010-01-01,60,7.0,3157.0495101420997,408.80578068881766,289.3571173555513
JAM,Jamaica,2010,2,2010-02,2010-02-01,4,5.3,187.41662792306045,100.72295054621053,297.89536251715975
JAM,Jamaica,2010,3,2010-03,2010-03-01,4,5.6,436.6916628197631,218.52579667124692,183.88480035435603
JAM,Jamaica,2010,4,2010-04,2010-04-01,4,5.1,258.9791860697791,125.22721738223201,162.24073031271578
JAM,Jamaica,2010,5,2010-05,2010-05-01,0,,0.0,0.0,
JAM,Jamaica,2010,6,2010-06,2010-06-01,1,4.8,108.20282541694793,108.20282541694793,168.43934884069407
JAM,Jamaica,2010,7,2010-07,2010-07-01,1,4.7,76.51785164669911,76.51785164669911,214.7101800135431
JAM,Jamaica,2010,8,2010-08,2010-08-01,0,,0.0,0.0,
JAM,Jamaica,2010,9,2010-09,2010-09-01,0,,0.0,0.0,
JAM,Jamaica,2010,10,2010-10,2010-10-01,1,5.1,118.06070010766085,118.06070010766085,220.07861744787826
JAM,Jamaica,2010,11,2010-11,2010-11-01,2,4.6,55.89413521447047,31.658923338466415,368.18513340179203
JAM,Jamaica,2010,12,2010-12,2010-12-01,0,,0.0,0.0,
JAM,Jamaica,2011,1,2011-01,2011-01-01,0,,0.0,0.0,
JAM,Jamaica,2011,2,2011-02,2011-02-01,0,,0.0,0.0,
JAM,Jamaica,2011,3,2011-03,2011-03-01,0,,0.0,0.0,
JAM,Jamaica,2011,4,2011-04,2011-04-01,0,,0.0,0.0,
JAM,Jamaica,2011,5,2011-05,2011-05-01,2,4.7,276.6968960252212,218.29701210804762,5.043678432943865
JAM,Jamaica,2011,6,2011-06,2011-06-01,0,,0.0,0.0,
JAM,Jamaica,2011,7,2011-07,2011-07-01,0,,0.0,0.0,
JAM,Jamaica,2011,8,2011-08,2011-08-01,0,,0.0,0.0,
JAM,Jamaica,2011,9,2011-09,2011-09-01,1,5.2,214.46871162377718,214.46871162377718,123.71147612236507
JAM,Jamaica,2011,10,2011-10,2011-10-01,0,,0.0,0.0,
JAM,Jamaica,2011,11,2011-11,2011-11-01,0,,0.0,0.0,
JAM,Jamaica,2011,12,2011-12,2011-12-01,0,,0.0,0.0,
JAM,Jamaica,2012,1,2012-01,2012-01-01,0,,0.0,0.0,
JAM,Jamaica,2012,2,2012-02,2012-02-01,0,,0.0,0.0,
JAM,Jamaica,2012,3,2012-03,2012-03-01,2,4.8,167.03892753019514,149.77025073102675,103.42035301513279
JAM,Jamaica,2012,4,2012-04,2012-04-01,0,,0.0,0.0,
JAM,Jamaica,2012,5,2012-05,2012-05-01,0,,0.0,0.0,
JAM,Jamaica,2012,6,2012-06,2012-06-01,0,,0.0,0.0,
JAM,Jamaica,2012,7,2012-07,2012-07-01,0,,0.0,0.0,
JAM,Jamaica,2012,8,2012-08,2012-08-01,0,,0.0,0.0,
JAM,Jamaica,2012,9,2012-09,2012-09-01,0,,0.0,0.0,
JAM,Jamaica,2012,10,2012-10,2012-10-01,1,5.4,76.11475950870384,76.11475950870384,376.9475112311834
JAM,Jamaica,2012,11,2012-11,2012-11-01,0,,0.0,0.0,
JAM,Jamaica,2012,12,2012-12,2012-12-01,0,,0.0,0.0,
JAM,Jamaica,2013,1,2013-01,2013-01-01,0,,0.0,0.0,
JAM,Jamaica,2013,2,2013-02,2013-02-01,1,4.7,92.87551951721281,92.87551951721281,175.96297435773843
JAM,Jamaica,2013,3,2013-03,2013-03-01,0,,0.0,0.0,
JAM,Jamaica,2013,4,2013-04,2013-04-01,0,,0.0,0.0,
JAM,Jamaica,2013,5,2013-05,2013-05-01,0,,0.0,0.0,
JAM,Jamaica,2013,6,2013-06,2013-06-01,0,,0.0,0.0,
JAM,Jamaica,2013,7,2013-07,2013-07-01,0,,0.0,0.0,
JAM,Jamaica,2013,8,2013-08,2013-08-01,0,,0.0,0.0,
JAM,Jamaica,2013,9,2013-09,2013-09-01,0,,0.0,0.0,
JAM,Jamaica,2013,10,2013-10,2013-10-01,0,,0.0,0.0,
JAM,Jamaica,2013,11,2013-11,2013-11-01,0,,0.0,0.0,
JAM,Jamaica,2013,12,2013-12,2013-12-01,0,,0.0,0.0,
JAM,Jamaica,2014,1,2014-01,2014-01-01,0,,0.0,0.0,
JAM,Jamaica,2014,2,2014-02,2014-02-01,0,,0.0,0.0,
JAM,Jamaica,2014,3,2014-03,2014-03-01,1,4.6,44.68990208115489,44.68990208115489,299.23962840234145
JAM,Jamaica,2014,4,2014-04,2014-04-01,0,,0.0,0.0,
JAM,Jamaica,2014,5,2014-05,2014-05-01,0,,0.0,0.0,
JAM,Jamaica,2014,6,2014-06,2014-06-01,0,,0.0,0.0,
JAM,Jamaica,2014,7,2014-07,2014-07-01,0,,0.0,0.0,
JAM,Jamaica,2014,8,2014-08,2014-08-01,0,,0.0,0.0,
JAM,Jamaica,2014,9,2014-09,2014-09-01,2,5.2,144.1189598007797,72.31732715400678,341.1314969968308
JAM,Jamaica,2014,10,2014-10,2014-10-01,1,4.6,29.65810709011787,29.65810709011787,381.2420399011684
JAM,Jamaica,2014,11,2014-11,2014-11-01,0,,0.0,0.0,
JAM,Jamaica,2014,12,2014-12,2014-12-01,0,,0.0,0.0,
JAM,Jamaica,2015,1,2015-01,2015-01-01,0,,0.0,0.0,
JAM,Jamaica,2015,2,2015-02,2015-02-01,0,,0.0,0.0,
JAM,Jamaica,2015,3,2015-03,2015-03-01,0,,0.0,0.0,
JAM,Jamaica,2015,4,2015-04,2015-04-01,0,,0.0,0.0,
JAM,Jamaica,2015,5,2015-05,2015-05-01,0,,0.0,0.0,
JAM,Jamaica,2015,6,2015-06,2015-06-01,0,,0.0,0.0,
JAM,Jamaica,2015,7,2015-07,2015-07-01,1,4.9,25.244337133842794,25.244337133842794,482.5463238387542
JAM,Jamaica,2015,8,2015-08,2015-08-01,0,,0.0,0.0,
JAM,Jamaica,2015,9,2015-09,2015-09-01,0,,0.0,0.0,
JAM,Jamaica,2015,10,2015-10,2015-10-01,0,,0.0,0.0,
JAM,Jamaica,2015,11,2015-11,2015-11-01,1,5.8,112.73965226812034,112.73965226812034,390.4831142808224
JAM,Jamaica,2015,12,2015-12,2015-12-01,0,,0.0,0.0,
JAM,Jamaica,2016,1,2016-01,2016-01-01,8,5.2,711.8977158887491,162.99462836555645,161.82022118057873
JAM,Jamaica,2016,2,2016-02,2016-02-01,0,,0.0,0.0,
JAM,Jamaica,2016,3,2016-03,2016-03-01,0,,0.0,0.0,
JAM,Jamaica,2016,4,2016-04,2016-04-01,0,,0.0,0.0,
JAM,Jamaica,2016,5,2016-05,2016-05-01,0,,0.0,0.0,
JAM,Jamaica,2016,6,2016-06,2016-06-01,0,,0.0,0.0,
JAM,Jamaica,2016,7,2016-07,2016-07-01,0,,0.0,0.0,
JAM,Jamaica,2016,8,2016-08,2016-08-01,0,,0.0,0.0,
JAM,Jamaica,2016,9,2016-09,2016-09-01,1,5.0,70.59005210132945,70.59005210132945,299.91470059885813
JAM,Jamaica,2016,10,2016-10,2016-10-01,0,,0.0,0.0,
JAM,Jamaica,2016,11,2016-11,2016-11-01,0,,0.0,0.0,
JAM,Jamaica,2016,12,2016-12,2016-12-01,0,,0.0,0.0,
JAM,Jamaica,2017,1,2017-01,2017-01-01,1,5.8,332.16183495294007,332.16183495294007,174.3748929712301
JAM,Jamaica,2017,2,2017-02,2017-02-01,0,,0.0,0.0,
JAM,Jamaica,2017,3,2017-03,2017-03-01,0,,0.0,0.0,
JAM,Jamaica,2017,4,2017-04,2017-04-01,1,4.7,81.99982414630495,81.99982414630495,200.87157316626215
JAM,Jamaica,2017,5,2017-05,2017-05-01,0,,0.0,0.0,
JAM,Jamaica,2017,6,2017-06,2017-06-01,0,,0.0,0.0,
JAM,Jamaica,2017,7,2017-07,2017-07-01,0,,0.0,0.0,
JAM,Jamaica,2017,8,2017-08,2017-08-01,0,,0.0,0.0,
JAM,Jamaica,2017,9,2017-09,2017-09-01,0,,0.0,0.0,
JAM,Jamaica,2017,10,2017-10,2017-10-01,0,,0.0,0.0,
JAM,Jamaica,2017,11,2017-11,2017-11-01,1,4.5,95.80899209054712,95.80899209054712,123.6919831013093
JAM,Jamaica,2017,12,2017-12,2017-12-01,0,,0.0,0.0,
JAM,Jamaica,2018,1,2018-01,2018-01-01,0,,0.0,0.0,
JAM,Jamaica,2018,2,2018-02,2018-02-01,1,4.6,42.61723898287753,42.61723898287753,308.7373743017247
JAM,Jamaica,2018,3,2018-03,2018-03-01,0,,0.0,0.0,
JAM,Jamaica,2018,4,2018-04,2018-04-01,0,,0.0,0.0,
JAM,Jamaica,2018,5,2018-05,2018-05-01,0,,0.0,0.0,
JAM,Jamaica,2018,6,2018-06,2018-06-01,0,,0.0,0.0,
JAM,Jamaica,2018,7,2018-07,2018-07-01,0,,0.0,0.0,
JAM,Jamaica,2018,8,2018-08,2018-08-01,0,,0.0,0.0,
JAM,Jamaica,2018,9,2018-09,2018-09-01,1,4.7,106.6563110438125,106.6563110438125,148.2926700175112
JAM,Jamaica,2018,10,2018-10,2018-10-01,2,5.9,159.22742117406824,101.96821843556832,433.59296871311
JAM,Jamaica,2018,11,2018-11,2018-11-01,0,,0.0,0.0,
JAM,Jamaica,2018,12,2018-12,2018-12-01,0,,0.0,0.0,
JAM,Jamaica,2019,1,2019-01,2019-01-01,0,,0.0,0.0,
JAM,Jamaica,2019,2,2019-02,2019-02-01,0,,0.0,0.0,
JAM,Jamaica,2019,3,2019-03,2019-03-01,0,,0.0,0.0,
JAM,Jamaica,2019,4,2019-04,2019-04-01,0,,0.0,0.0,
JAM,Jamaica,2019,5,2019-05,2019-05-01,1,4.5,44.370591507960654,44.370591507960654,277.6479125351343
JAM,Jamaica,2019,6,2019-06,2019-06-01,0,,0.0,0.0,
JAM,Jamaica,2019,7,2019-07,2019-07-01,0,,0.0,0.0,
JAM,Jamaica,2019,8,2019-08,2019-08-01,0,,0.0,0.0,
JAM,Jamaica,2019,9,2019-09,2019-09-01,0,,0.0,0.0,
JAM,Jamaica,2019,10,2019-10,2019-10-01,0,,0.0,0.0,
JAM,Jamaica,2019,11,2019-11,2019-11-01,0,,0.0,0.0,
JAM,Jamaica,2019,12,2019-12,2019-12-01,1,5.0,88.70729616356446,88.70729616356446,254.2241179834043
JAM,Jamaica,2020,1,2020-01,2020-01-01,11,7.7,4660.252954687176,3725.7608114079885,119.45320963715665
JAM,Jamaica,2020,2,2020-02,2020-02-01,0,,0.0,0.0,
JAM,Jamaica,2020,3,2020-03,2020-03-01,1,4.5,41.478753487366674,41.478753487366674,291.1270254516374
JAM,Jamaica,2020,4,2020-04,2020-04-01,1,4.6,35.90382535188968,35.90382535188968,343.020373661158
JAM,Jamaica,2020,5,2020-05,2020-05-01,2,4.7,107.22173894036469,87.75632230060508,164.27636102519804
JAM,Jamaica,2020,6,2020-06,2020-06-01,0,,0.0,0.0,
JAM,Jamaica,2020,7,2020-07,2020-07-01,1,5.1,197.46153418210585,197.46153418210585,117.20963707948928
JAM,Jamaica,2020,8,2020-08,2020-08-01,1,4.5,177.82794100389228,177.82794100389228,0.0
JAM,Jamaica,2020,9,2020-09,2020-09-01,1,4.5,57.165814321319964,57.165814321319964,226.97207824820163
JAM,Jamaica,2020,10,2020-10,2020-10-01,0,,0.0,0.0,
JAM,Jamaica,2020,11,2020-11,2020-11-01,0,,0.0,0.0,
JAM,Jamaica,2020,12,2020-12,2020-12-01,0,,0.0,0.0,
JAM,Jamaica,2021,1,2021-01,2021-01-01,0,,0.0,0.0,
JAM,Jamaica,2021,2,2021-02,2021-02-01,0,,0.0,0.0,
JAM,Jamaica,2021,3,2021-03,2021-03-01,0,,0.0,0.0,
JAM,Jamaica,2021,4,2021-04,2021-04-01,0,,0.0,0.0,
JAM,Jamaica,2021,5,2021-05,2021-05-01,0,,0.0,0.0,
JAM,Jamaica,2021,6,2021-06,2021-06-01,0,,0.0,0.0,
JAM,Jamaica,2021,7,2021-07,2021-07-01,0,,0.0,0.0,
JAM,Jamaica,2021,8,2021-08,2021-08-01,14,7.2,1823.157170731049,848.3160074690103,242.36098794109145
JAM,Jamaica,2021,9,2021-09,2021-09-01,0,,0.0,0.0,
JAM,Jamaica,2021,10,2021-10,2021-10-01,1,5.4,75.3349602520108,75.3349602520108,379.0070888894627
JAM,Jamaica,2021,11,2021-11,2021-11-01,1,4.6,66.28293563215104,66.28293563215104,220.40264618731038
JAM,Jamaica,2021,12,2021-12,2021-12-01,0,,0.0,0.0,
JAM,Jamaica,2022,1,2022-01,2022-01-01,8,5.3,377.5174551654192,87.77804311591109,302.7103389091743
JAM,Jamaica,2022,2,2022-02,2022-02-01,1,4.7,62.664875904988726,62.664875904988726,254.65477415333837
JAM,Jamaica,2022,3,2022-03,2022-03-01,3,5.1,203.90798905105515,98.4508266745054,249.3660589722891
JAM,Jamaica,2022,4,2022-04,2022-04-01,1,4.7,63.05216369297209,63.05216369297209,253.42251792335966
JAM,Jamaica,2022,5,2022-05,2022-05-01,1,4.5,38.65156855864302,38.65156855864302,305.245820272381
JAM,Jamaica,2022,6,2022-06,2022-06-01,1,4.5,26.6497109921636,26.6497109921636,379.6076306510548
JAM,Jamaica,2022,7,2022-07,2022-07-01,0,,0.0,0.0,
JAM,Jamaica,2022,8,2022-08,2022-08-01,0,,0.0,0.0,
JAM,Jamaica,2022,9,2022-09,2022-09-01,0,,0.0,0.0,
JAM,Jamaica,2022,10,2022-10,2022-10-01,0,,0.0,0.0,
JAM,Jamaica,2022,11,2022-11,2022-11-01,1,5.0,44.239338835870484,44.239338835870484,393.36966406446965
JAM,Jamaica,2022,12,2022-12,2022-12-01,1,4.8,33.23620164340431,33.23620164340431,404.5129060767115
JAM,Jamaica,2023,1,2023-01,2023-01-01,0,,0.0,0.0,
JAM,Jamaica,2023,2,2023-02,2023-02-01,1,5.4,90.12691975620758,90.12691975620758,343.1521709331846
JAM,Jamaica,2023,3,2023-03,2023-03-01,0,,0.0,0.0,
JAM,Jamaica,2023,4,2023-04,2023-04-01,1,4.6,199.52623149688787,199.52623149688787,0.0
JAM,Jamaica,2023,5,2023-05,2023-05-01,0,,0.0,0.0,
JAM,Jamaica,2023,6,2023-06,2023-06-01,1,4.9,85.29897346831825,85.29897346831825,239.03421155585266
JAM,Jamaica,2023,7,2023-07,2023-07-01,0,,0.0,0.0,
JAM,Jamaica,2023,8,2023-08,2023-08-01,1,4.7,31.625894889069066,31.625894889069066,391.41974500022263
JAM,Jamaica,2023,9,2023-09,2023-09-01,0,,0.0,0.0,
JAM,Jamaica,2023,10,2023-10,2023-10-01,1,5.4,501.18723362727246,501.18723362727246,0.0
JAM,Jamaica,2023,11,2023-11,2023-11-01,0,,0.0,0.0,
JAM,Jamaica,2023,12,2023-12,2023-12-01,0,,0.0,0.0,
JAM,Jamaica,2024,1,2024-01,2024-01-01,0,,0.0,0.0,
JAM,Jamaica,2024,2,2024-02,2024-02-01,0,,0.0,0.0,
JAM,Jamaica,2024,3,2024-03,2024-03-01,0,,0.0,0.0,
JAM,Jamaica,2024,4,2024-04,2024-04-01,0,,0.0,0.0,
JAM,Jamaica,2024,5,2024-05,2024-05-01,1,4.5,44.09973155757758,44.09973155757758,278.8725527864178
JAM,Jamaica,2024,6,2024-06,2024-06-01,0,,0.0,0.0,
JAM,Jamaica,2024,7,2024-07,2024-07-01,0,,0.0,0.0,
JAM,Jamaica,2024,8,2024-08,2024-08-01,1,4.5,177.82794100389228,177.82794100389228,0.0
JAM,Jamaica,2024,9,2024-09,2024-09-01,1,4.5,70.29176557907749,70.29176557907749,185.63235997366866
JAM,Jamaica,2024,10,2024-10,2024-10-01,1,4.6,79.74397578215749,79.74397578215749,183.42490277125447
JAM,Jamaica,2024,11,2024-11,2024-11-01,3,6.8,1608.4737282079757,1125.6220022989748,155.34692296431925
JAM,Jamaica,2024,12,2024-12,2024-12-01,1,5.9,366.7034521552774,366.7034521552774,177.6145070372715
TTO,Trinidad and Tobago,2007,1,2007-01,2007-01-01,0,,0.0,0.0,
TTO,Trinidad and Tobago,2007,2,2007-02,2007-02-01,1,4.9,272.80967441784344,272.80967441784344,6.511817817280006
TTO,Trinidad and Tobago,2007,3,2007-03,2007-03-01,2,4.7,179.31833462802592,136.10301531445276,53.48087893706954
TTO,Trinidad and Tobago,2007,4,2007-04,2007-04-01,1,4.6,120.73149839205144,120.73149839205144,100.47533110389055
TTO,Trinidad and Tobago,2007,5,2007-05,2007-05-01,0,,0.0,0.0,
TTO,Trinidad and Tobago,2007,6,2007-06,2007-06-01,0,,0.0,0.0,
TTO,Trinidad and Tobago,2007,7,2007-07,2007-07-01,1,4.9,193.34338876039482,193.34338876039482,75.37313069718898
TTO,Trinidad and Tobago,2007,8,2007-08,2007-08-01,0,,0.0,0.0,
TTO,Trinidad and Tobago,2007,9,2007-09,2007-09-01,1,5.0,44.98592285225463,44.98592285225463,390.0226234320705
TTO,Trinidad and Tobago,2007,10,2007-10,2007-10-01,0,,0.0,0.0,
TTO,Trinidad and Tobago,2007,11,2007-11,2007-11-01,7,7.4,633.578405444845,493.78147233395197,463.494357691637
TTO,Trinidad and Tobago,2007,12,2007-12,2007-12-01,5,5.2,300.34517425925657,188.3214074111662,80.63667216852613
TTO,Trinidad and Tobago,2008,1,2008-01,2008-01-01,0,,0.0,0.0,
TTO,Trinidad and Tobago,2008,2,2008-02,2008-02-01,3,5.3,262.7932703449092,202.73421809575703,42.861674490319054
TTO,Trinidad and Tobago,2008,3,2008-03,2008-03-01,3,4.7,403.5558198525182,163.7538205876544,62.54215249196507
TTO,Trinidad and Tobago,2008,4,2008-04,2008-04-01,0,,0.0,0.0,
TTO,Trinidad and Tobago,2008,5,2008-05,2008-05-01,0,,0.0,0.0,
TTO,Trinidad and Tobago,2008,6,2008-06,2008-06-01,2,5.2,268.9244879824977,250.43878816468748,92.70134194880691
TTO,Trinidad and Tobago,2008,7,2008-07,2008-07-01,2,5.8,759.0525386126546,607.0276121237144,53.78449803248774
TTO,Trinidad and Tobago,2008,8,2008-08,2008-08-01,2,5.2,356.468089317923,243.45966201175887,29.27644162500726
TTO,Trinidad and Tobago,2008,9,2008-09,2008-09-01,1,4.7,39.583249907911124,39.583249907911124,346.5337843762403
TTO,Trinidad and Tobago,2008,10,2008-10,2008-10-01,0,,0.0,0.0,
TTO,Trinidad and Tobago,2008,11,2008-11,2008-11-01,1,4.6,45.02400556646819,45.02400556646819,297.74998186419566
TTO,Trinidad and Tobago,2008,12,2008-12,2008-12-01,1,4.9,272.89746411317384,272.89746411317384,6.447468506164856
TTO,Trinidad and Tobago,2009,1,2009-01,2009-01-01,0,,0.0,0.0,
TTO,Trinidad and Tobago,2009,2,2009-02,2009-02-01,0,,0.0,0.0,
TTO,Trinidad and Tobago,2009,3,2009-03,2009-03-01,1,4.5,130.55362936069167,130.55362936069167,61.806472787280306
TTO,Trinidad and Tobago,2009,4,2009-04,2009-04-01,2,4.9,481.36452462333335,281.8382931264455,0.0
TTO,Trinidad and Tobago,2009,5,2009-05,2009-05-01,2,4.6,48.979530148440574,30.9416383459201,372.7685835572977
TTO,Trinidad and Tobago,2009,6,2009-06,2009-06-01,0,,0.0,0.0,
TTO,Trinidad and Tobago,2009,7,2009-07,2009-07-01,0,,0.0,0.0,
TTO,Trinidad and Tobago,2009,8,2009-08,2009-08-01,0,,0.0,0.0,
TTO,Trinidad and Tobago,2009,9,2009-09,2009-09-01,1,4.8,151.50216692480572,151.50216692480572,101.12085904090866
TTO,Trinidad and Tobago,2009,10,2009-10,2009-10-01,0,,0.0,0.0,
TTO,Trinidad and Tobago,2009,11,2009-11,2009-11-01,3,5.2,799.8075639004076,391.0530263840224,3.575614728782771
TTO,Trinidad and Tobago,2009,12,2009-12,2009-12-01,1,4.9,25.984977818695363,25.984977818695363,476.76297659898916
TTO,Trinidad and Tobago,2010,1,2010-01,2010-01-01,2,5.6,428.2681911678685,263.4360298405415,84.25529421302092
TTO,Trinidad and Tobago,2010,2,2010-02,2010-02-01,0,,0.0,0.0,
TTO,Trinidad and Tobago,2010,3,2010-03,2010-03-01,0,,0.0,0.0,
TTO,Trinidad and Tobago,2010,4,2010-04,2010-04-01,1,4.6,159.64293119165373,159.64293119165373,44.601214522733
TTO,Trinidad and Tobago,2010,5,2010-05,2010-05-01,1,4.6,149.9456354211729,149.9456354211729,57.13458320187585
TTO,Trinidad and Tobago,2010,6,2010-06,2010-06-01,1,4.5,15.868757171058844,15.868757171058844,483.2928481735397
TTO,Trinidad and Tobago,2010,7,2010-07,2010-07-01,1,5.0,230.56678415216575,230.56678415216575,63.18443519914254
TTO,Trinidad and Tobago,2010,8,2010-08,2010-08-01,2,5.2,263.4005764877948,241.37290911811408,100.07563269060009
TTO,Trinidad and Tobago,2010,9,2010-09,2010-09-01,0,,0.0,0.0,
TTO,Trinidad and Tobago,2010,10,2010-10,2010-10-01,0,,0.0,0.0,
TTO,Trinidad and Tobago,2010,11,2010-11,2010-11-01,0,,0.0,0.0,
TTO,Trinidad and Tobago,2010,12,2010-12,2010-12-01,1,5.0,316.22776601683796,316.22776601683796,0.0
TTO,Trinidad and Tobago,2011,1,2011-01,2011-01-01,0,,0.0,0.0,
TTO,Trinidad and Tobago,2011,2,2011-02,2011-02-01,1,5.2,263.9626343510981,263.9626343510981,82.18273704086327
TTO,Trinidad and Tobago,2011,3,2011-03,2011-03-01,1,4.6,156.3829027338971,156.3829027338971,48.72764186177925
TTO,Trinidad and Tobago,2011,4,2011-04,2011-04-01,1,4.6,30.816893081414044,30.816893081414044,373.5765395191682
TTO,Trinidad and Tobago,2011,5,2011-05,2011-05-01,1,4.7,159.8381092280498,159.8381092280498,67.38269657191434
TTO,Trinidad and Tobago,2011,6,2011-06,2011-06-01,0,,0.0,0.0,
TTO,Trinidad and Tobago,2011,7,2011-07,2011-07-01,0,,0.0,0.0,
TTO,Trinidad and Tobago,2011,8,2011-08,2011-08-01,2,5.2,92.5706868830032,69.22261778987054,349.8787171778407
TTO,Trinidad and Tobago,2011,9,2011-09,2011-09-01,1,5.0,29.47840670152819,29.47840670152819,474.5609426768233
TTO,Trinidad and Tobago,2011,10,2011-10,2011-10-01,0,,0.0,0.0,
TTO,Trinidad and Tobago,2011,11,2011-11,2011-11-01,3,4.9,287.29290402931105,178.3430618856154,91.52489369316737
TTO,Trinidad and Tobago,2011,12,2011-12,2011-12-01,0,,0.0,0.0,
TTO,Trinidad and Tobago,2012,1,2012-01,2012-01-01,0,,0.0,0.0,
TTO,Trinidad and Tobago,2012,2,2012-02,2012-02-01,1,4.6,75.05017635131877,75.05017635131877,195.5577612050401
TTO,Trinidad and Tobago,2012,3,2012-03,2012-03-01,1,4.7,20.27364586423796,20.27364586423796,480.350631842387
TTO,Trinidad and Tobago,2012,4,2012-04,2012-04-01,1,4.6,23.4971255021608,23.4971255021608,427.81352385495296
TTO,Trinidad and Tobago,2012,5,2012-05,2012-05-01,0,,0.0,0.0,
TTO,Trinidad and Tobago,2012,6,2012-06,2012-06-01,0,,0.0,0.0,
TTO,Trinidad and Tobago,2012,7,2012-07,2012-07-01,0,,0.0,0.0,
TTO,Trinidad and Tobago,2012,8,2012-08,2012-08-01,0,,0.0,0.0,
TTO,Trinidad and Tobago,2012,9,2012-09,2012-09-01,1,4.8,209.7595368684325,209.7595368684325,36.048482216900325
TTO,Trinidad and Tobago,2012,10,2012-10,2012-10-01,1,4.8,147.20236870518363,147.20236870518363,106.8791850546466
TTO,Trinidad and Tobago,2012,11,2012-11,2012-11-01,1,4.5,14.697727186189987,14.697727186189987,498.62471811802345
TTO,Trinidad and Tobago,2012,12,2012-12,2012-12-01,1,5.3,59.10818059595252,59.10818059595252,404.49623240840145
TTO,Trinidad and Tobago,2013,1,2013-01,2013-01-01,0,,0.0,0.0,
TTO,Trinidad and Tobago,2013,2,2013-02,2013-02-01,1,4.8,189.74578514294035,189.74578514294035,56.103803968420365
TTO,Trinidad and Tobago,2013,3,2013-03,2013-03-01,2,4.8,300.58482244867923,181.87347560469766,64.57859337000099
TTO,Trinidad and Tobago,2013,4,2013-04,2013-04-01,0,,0.0,0.0,
TTO,Trinidad and Tobago,2013,5,2013-05,2013-05-01,0,,0.0,0.0,
TTO,Trinidad and Tobago,2013,6,2013-06,2013-06-01,0,,0.0,0.0,
TTO,Trinidad and Tobago,2013,7,2013-07,2013-07-01,0,,0.0,0.0,
TTO,Trinidad and Tobago,2013,8,2013-08,2013-08-01,0,,0.0,0.0,
TTO,Trinidad and Tobago,2013,9,2013-09,2013-09-01,0,,0.0,0.0,
TTO,Trinidad and Tobago,2013,10,2013-10,2013-10-01,1,6.0,695.6977684704872,695.6977684704872,72.56799073216754
TTO,Trinidad and Tobago,2013,11,2013-11,2013-11-01,1,4.7,153.44493226994624,153.44493226994624,75.54664266021373
TTO,Trinidad and Tobago,2013,12,2013-12,2013-12-01,1,4.8,163.1247076882018,163.1247076882018,86.3378474120156
TTO,Trinidad and Tobago,2014,1,2014-01,2014-01-01,1,4.5,125.00170633334211,125.00170633334211,70.49781427214684
TTO,Trinidad and Tobago,2014,2,2014-02,2014-02-01,1,6.5,155.51580484665095,155.51580484665095,487.3308373782052
TTO,Trinidad and Tobago,2014,3,2014-03,2014-03-01,0,,0.0,0.0,
TTO,Trinidad and Tobago,2014,4,2014-04,2014-04-01,1,4.6,26.603168644012197,26.603168644012197,402.9830766475525
TTO,Trinidad and Tobago,2014,5,2014-05,2014-05-01,0,,0.0,0.0,
TTO,Trinidad and Tobago,2014,6,2014-06,2014-06-01,0,,0.0,0.0,
TTO,Trinidad and Tobago,2014,7,2014-07,2014-07-01,2,4.7,163.57123318445667,146.13764587795404,85.3052021959216
TTO,Trinidad and Tobago,2014,8,2014-08,2014-08-01,0,,0.0,0.0,
TTO,Trinidad and Tobago,2014,9,2014-09,2014-09-01,3,5.2,302.3211904782244,172.87991005540687,5.643853461986543
TTO,Trinidad and Tobago,2014,10,2014-10,2014-10-01,0,,0.0,0.0,
TTO,Trinidad and Tobago,2014,11,2014-11,2014-11-01,0,,0.0,0.0,
TTO,Trinidad and Tobago,2014,12,2014-12,2014-12-01,1,5.0,55.79103271273496,55.79103271273496,346.9699160169965
TTO,Trinidad and Tobago,2015,1,2015-01,2015-01-01,0,,0.0,0.0,
TTO,Trinidad and Tobago,2015,2,2015-02,2015-02-01,2,5.1,347.3460707093251,195.67222272652697,54.842647077455574
TTO,Trinidad and Tobago,2015,3,2015-03,2015-03-01,0,,0.0,0.0,
TTO,Trinidad and Tobago,2015,4,2015-04,2015-04-01,2,5.1,388.25805009204925,235.78075664661898,76.81185580287385
TTO,Trinidad and Tobago,2015,5,2015-05,2015-05-01,1,4.6,32.9247204224158,32.9247204224158,360.3443915279065
TTO,Trinidad and Tobago,2015,6,2015-06,2015-06-01,0,,0.0,0.0,
TTO,Trinidad and Tobago,2015,7,2015-07,2015-07-01,7,6.5,412.4176610122399,205.66391629292585,411.80929501287267
TTO,Trinidad and Tobago,2015,8,2015-08,2015-08-01,2,4.9,58.734271622567064,35.71832275762318,413.1339356406509
TTO,Trinidad and Tobago,2015,9,2015-09,2015-09-01,5,4.9,263.3200993327014,171.57791086655877,99.25920472422403
TTO,Trinidad and Tobago,2015,10,2015-10,2015-10-01,1,4.7,118.14068986818586,118.14068986818586,127.83975345230517
TTO,Trinidad and Tobago,2015,11,2015-11,2015-11-01,1,4.6,24.52782472899193,24.52782472899193,419.2275075069
TTO,Trinidad and Tobago,2015,12,2015-12,2015-12-01,1,5.6,73.1626801759194,73.1626801759194,430.9105606175474
TTO,Trinidad and Tobago,2016,1,2016-01,2016-01-01,1,4.7,179.81534646059723,179.81534646059723,43.82889943796046
TTO,Trinidad and Tobago,2016,2,2016-02,2016-02-01,1,4.9,27.524970607258428,27.524970607258428,465.24797261668533
TTO,Trinidad and Tobago,2016,3,2016-03,2016-03-01,0,,0.0,0.0,
TTO,Trinidad and Tobago,2016,4,2016-04,2016-04-01,1,5.2,257.0751603711293,257.0751603711293,87.47054936786694
TTO,Trinidad and Tobago,2016,5,2016-05,2016-05-01,0,,0.0,0.0,
TTO,Trinidad and Tobago,2016,6,2016-06,2016-06-01,0,,0.0,0.0,
TTO,Trinidad and Tobago,2016,7,2016-07,2016-07-01,0,,0.0,0.0,
TTO,Trinidad and Tobago,2016,8,2016-08,2016-08-01,0,,0.0,0.0,
TTO,Trinidad and Tobago,2016,9,2016-09,2016-09-01,1,4.5,17.50276282320967,17.50276282320967,463.69154303123923
TTO,Trinidad and Tobago,2016,10,2016-10,2016-10-01,1,5.6,52.498337018594746,52.498337018594746,497.291353424746
TTO,Trinidad and Tobago,2016,11,2016-11,2016-11-01,2,4.6,188.06791163594298,170.8063373257128,31.08306588792872
TTO,Trinidad and Tobago,2016,12,2016-12,2016-12-01,5,5.9,1350.6759870953338,807.8964661913873,19.638421984638825
TTO,Trinidad and Tobago,2017,1,2017-01,2017-01-01,0,,0.0,0.0,
TTO,Trinidad and Tobago,2017,2,2017-02,2017-02-01,1,5.8,71.34870539677848,71.34870539677848,481.9835140656888
TTO,Trinidad and Tobago,2017,3,2017-03,2017-03-01,1,4.8,209.85291196673214,209.85291196673214,35.95947141648189
TTO,Trinidad and Tobago,2017,4,2017-04,2017-04-01,1,4.6,134.2128021873032,134.2128021873032,79.30381951400516
TTO,Trinidad and Tobago,2017,5,2017-05,2017-05-01,1,4.7,168.81474216840203,168.81474216840203,56.454611013355084
TTO,Trinidad and Tobago,2017,6,2017-06,2017-06-01,0,,0.0,0.0,
TTO,Trinidad and Tobago,2017,7,2017-07,2017-07-01,1,4.8,56.217254551917605,56.217254551917605,299.39609858209155
TTO,Trinidad and Tobago,2017,8,2017-08,2017-08-01,2,4.8,222.60115268616585,131.28183230291742,129.77156385766298
TTO,Trinidad and Tobago,2017,9,2017-09,2017-09-01,2,4.6,40.24302566288087,21.62859268152257,444.38590786112167
TTO,Trinidad and Tobago,2017,10,2017-10,2017-10-01,2,4.8,129.0644256059973,69.59920104385421,256.6902270332382
TTO,Trinidad and Tobago,2017,11,2017-11,2017-11-01,1,5.5,360.12504076578216,360.12504076578216,89.13153982599216
TTO,Trinidad and Tobago,2017,12,2017-12,2017-12-01,1,4.6,126.25034424912566,126.25034424912566,91.53578380176101
TTO,Trinidad and Tobago,2018,1,2018-01,2018-01-01,5,4.9,945.1629709491833,262.67871942892566,14.08035830952957
TTO,Trinidad and Tobago,2018,2,2018-02,2018-02-01,1,4.5,112.05777774597013,112.05777774597013,92.36036964524507
TTO,Trinidad and Tobago,2018,3,2018-03,2018-03-01,1,4.6,152.73968920042813,152.73968920042813,53.442123851152935
TTO,Trinidad and Tobago,2018,4,2018-04,2018-04-01,2,4.7,176.39066657748353,153.7057913366071,75.20692784357118
TTO,Trinidad and Tobago,2018,5,2018-05,2018-05-01,2,4.7,326.769530316546,201.56216423274464,20.995425473869116
TTO,Trinidad and Tobago,2018,6,2018-06,2018-06-01,1,5.2,230.6477423371456,230.6477423371456,109.1659240183133
TTO,Trinidad and Tobago,2018,7,2018-07,2018-07-01,1,4.5,111.5609677084499,111.5609677084499,93.24904443663752
TTO,Trinidad and Tobago,2018,8,2018-08,2018-08-01,3,7.3,2986.1598562268023,2318.223844293852,119.21150701056527
TTO,Trinidad and Tobago,2018,9,2018-09,2018-09-01,1,5.4,43.37989655511929,43.37989655511929,489.39672606190794
TTO,Trinidad and Tobago,2018,10,2018-10,2018-10-01,5,5.1,910.6120895626299,215.5391360995009,51.458091383620314
TTO,Trinidad and Tobago,2018,11,2018-11,2018-11-01,2,4.7,332.851259272075,184.7432636975016,36.57495034915335
TTO,Trinidad and Tobago,2018,12,2018-12,2018-12-01,1,4.5,121.00416743015425,121.00416743015425,76.99829453228723
TTO,Trinidad and Tobago,2019,1,2019-01,2019-01-01,6,4.9,821.983292950315,266.08902756732056,11.500506989448574
TTO,Trinidad and Tobago,2019,2,2019-02,2019-02-01,1,4.6,157.7352529163845,157.7352529163845,47.0055401449341
TTO,Trinidad and Tobago,2019,3,2019-03,2019-03-01,0,,0.0,0.0,
TTO,Trinidad and Tobago,2019,4,2019-04,2019-04-01,1,4.9,131.29061366469742,131.29061366469742,152.78403735685154
TTO,Trinidad and Tobago,2019,5,2019-05,2019-05-01,1,4.6,124.7030494437136,124.7030494437136,94.00208145188589
TTO,Trinidad and Tobago,2019,6,2019-06,2019-06-01,0,,0.0,0.0,
TTO,Trinidad and Tobago,2019,7,2019-07,2019-07-01,0,,0.0,0.0,
TTO,Trinidad and Tobago,2019,8,2019-08,2019-08-01,1,4.6,124.7768105306487,124.7768105306487,93.88381765441227
TTO,Trinidad and Tobago,2019,9,2019-09,2019-09-01,2,5.4,148.8538929277249,124.11798519310197,279.14942887382506
TTO,Trinidad and Tobago,2019,10,2019-10,2019-10-01,1,4.9,195.76506704847645,195.76506704847645,72.88363501063253
TTO,Trinidad and Tobago,2019,11,2019-11,2019-11-01,2,4.7,250.2693152813729,163.67123156380242,39.617196744064906
TTO,Trinidad and Tobago,2019,12,2019-12,2019-12-01,0,,0.0,0.0,
TTO,Trinidad and Tobago,2020,1,2020-01,2020-01-01,3,4.8,253.76031232608983,209.74106083989994,36.066099382306454
TTO,Trinidad and Tobago,2020,2,2020-02,2020-02-01,1,4.6,132.2186358281414,132.2186358281414,82.2977658947315
TTO,Trinidad and Tobago,2020,3,2020-03,2020-03-01,2,4.9,342.3430671414051,189.00171483717583,75.68169429043454
TTO,Trinidad and Tobago,2020,4,2020-04,2020-04-01,1,5.0,204.33953546704282,204.33953546704282,87.33594653157415
TTO,Trinidad and Tobago,2020,5,2020-05,2020-05-01,2,4.9,390.5550135217448,275.5050151638592,4.545529109314696
TTO,Trinidad and Tobago,2020,6,2020-06,2020-06-01,0,,0.0,0.0,
TTO,Trinidad and Tobago,2020,7,2020-07,2020-07-01,1,4.6,125.31188982717164,125.31188982717164,93.02799312137476
TTO,Trinidad and Tobago,2020,8,2020-08,2020-08-01,3,4.9,325.3728666950028,172.36577771918414,66.92488321840717
TTO,Trinidad and Tobago,2020,9,2020-09,2020-09-01,1,4.7,172.13816814180794,172.13816814180794,52.55550220955969
TTO,Trinidad and Tobago,2020,10,2020-10,2020-10-01,2,4.8,283.9345191452741,225.50368351909518,21.573545896036038
TTO,Trinidad and Tobago,2020,11,2020-11,2020-11-01,2,4.5,110.88075618999363,93.33340355505204,128.92767847203763
TTO,Trinidad and Tobago,2020,12,2020-12,2020-12-01,0,,0.0,0.0,
TTO,Trinidad and Tobago,2021,1,2021-01,2021-01-01,2,4.6,246.33941898430385,129.94566950568958,85.76585553316221
TTO,Trinidad and Tobago,2021,2,2021-02,2021-02-01,0,,0.0,0.0,
TTO,Trinidad and Tobago,2021,3,2021-03,2021-03-01,1,5.2,44.887525127116284,44.887525127116284,436.51226449053263
TTO,Trinidad and Tobago,2021,4,2021-04,2021-04-01,0,,0.0,0.0,
TTO,Trinidad and Tobago,2021,5,2021-05,2021-05-01,0,,0.0,0.0,
TTO,Trinidad and Tobago,2021,6,2021-06,2021-06-01,1,5.0,190.34540502315477,190.34540502315477,101.52447791378192
TTO,Trinidad and Tobago,2021,7,2021-07,2021-07-01,1,4.5,47.77689906524169,47.77689906524169,262.85484394241496
TTO,Trinidad and Tobago,2021,8,2021-08,2021-08-01,2,4.9,294.21530247353974,197.16843481078638,71.45502307227396
TTO,Trinidad and Tobago,2021,9,2021-09,2021-09-01,0,,0.0,0.0,
TTO,Trinidad and Tobago,2021,10,2021-10,2021-10-01,1,4.9,153.1524145454926,153.1524145454926,121.97997575891414
TTO,Trinidad and Tobago,2021,11,2021-11,2021-11-01,0,,0.0,0.0,
TTO,Trinidad and Tobago,2021,12,2021-12,2021-12-01,2,5.1,533.4279370369775,267.7605718651267,56.29975889926503
TTO,Trinidad and Tobago,2022,1,2022-01,2022-01-01,4,5.2,820.2241946596812,335.44897537252626,11.224425523403273
TTO,Trinidad and Tobago,2022,2,2022-02,2022-02-01,0,,0.0,0.0,
TTO,Trinidad and Tobago,2022,3,2022-03,2022-03-01,0,,0.0,0.0,
TTO,Trinidad and Tobago,2022,4,2022-04,2022-04-01,3,4.9,335.72107558720006,162.46446931489237,64.12312820871713
TTO,Trinidad and Tobago,2022,5,2022-05,2022-05-01,0,,0.0,0.0,
TTO,Trinidad and Tobago,2022,6,2022-06,2022-06-01,0,,0.0,0.0,
TTO,Trinidad and Tobago,2022,7,2022-07,2022-07-01,2,5.3,284.0752505221857,267.41631697137444,102.60876255854329
TTO,Trinidad and Tobago,2022,8,2022-08,2022-08-01,0,,0.0,0.0,
TTO,Trinidad and Tobago,2022,9,2022-09,2022-09-01,1,4.7,34.658803643571495,34.658803643571495,373.1046403527461
TTO,Trinidad and Tobago,2022,10,2022-10,2022-10-01,2,4.7,240.8722277063858,155.35438497078295,73.07322133965009
TTO,Trinidad and Tobago,2022,11,2022-11,2022-11-01,1,4.7,142.6643354804081,142.6643354804081,90.11608036928371
TTO,Trinidad and Tobago,2022,12,2022-12,2022-12-01,0,,0.0,0.0,
TTO,Trinidad and Tobago,2023,1,2023-01,2023-01-01,0,,0.0,0.0,
TTO,Trinidad and Tobago,2023,2,2023-02,2023-02-01,0,,0.0,0.0,
TTO,Trinidad and Tobago,2023,3,2023-03,2023-03-01,0,,0.0,0.0,
TTO,Trinidad and Tobago,2023,4,2023-04,2023-04-01,2,4.6,252.96639591465657,141.2363545625395,69.10219067865638
TTO,Trinidad and Tobago,2023,5,2023-05,2023-05-01,2,4.9,223.14950235508846,117.1360991298398,103.45018551937662
TTO,Trinidad and Tobago,2023,6,2023-06,2023-06-01,0,,0.0,0.0,
TTO,Trinidad and Tobago,2023,7,2023-07,2023-07-01,1,4.9,207.5827856993747,207.5827856993747,61.16065010100369
TTO,Trinidad and Tobago,2023,8,2023-08,2023-08-01,2,4.8,317.18501342789307,193.9350074334069,51.73622669634225
TTO,Trinidad and Tobago,2023,9,2023-09,2023-09-01,1,4.6,132.78918763107265,132.78918763107265,81.43657971987005
TTO,Trinidad and Tobago,2023,10,2023-10,2023-10-01,1,4.5,95.07501098080729,95.07501098080729,125.23005798520443
TTO,Trinidad and Tobago,2023,11,2023-11,2023-11-01,1,5.1,104.25915912525262,104.25915912525262,244.94245459971228
TTO,Trinidad and Tobago,2023,12,2023-12,2023-12-01,1,4.6,33.85181813040572,33.85181813040572,354.7906009169464
TTO,Trinidad and Tobago,2024,1,2024-01,2024-01-01,0,,0.0,0.0,
TTO,Trinidad and Tobago,2024,2,2024-02,2024-02-01,2,4.9,367.00646318918996,186.4369383405492,82.6480856306776
TTO,Trinidad and Tobago,2024,3,2024-03,2024-03-01,1,4.5,87.76355987329801,87.76355987329801,141.23401607165786
TTO,Trinidad and Tobago,2024,4,2024-04,2024-04-01,2,5.1,71.1041487936544,40.34543991254586,350.9286578872499
TTO,Trinidad and Tobago,2024,5,2024-05,2024-05-01,1,4.6,24.768300340796713,24.768300340796713,417.2762180779703
TTO,Trinidad and Tobago,2024,6,2024-06,2024-06-01,1,6.0,586.7417415521854,586.7417415521854,106.63410385009297
TTO,Trinidad and Tobago,2024,7,2024-07,2024-07-01,1,4.5,112.65968191243783,112.65968191243783,91.28896984069472
TTO,Trinidad and Tobago,2024,8,2024-08,2024-08-01,0,,0.0,0.0,
TTO,Trinidad and Tobago,2024,9,2024-09,2024-09-01,1,4.8,146.08906923286472,146.08906923286472,108.39754485030038
TTO,Trinidad and Tobago,2024,10,2024-10,2024-10-01,1,4.7,117.70790352818587,117.70790352818587,128.57376135040786
TTO,Trinidad and Tobago,2024,11,2024-11,2024-11-01,0,,0.0,0.0,
TTO,Trinidad and Tobago,2024,12,2024-12,2024-12-01,2,4.6,267.49301056487207,137.2778173652247,74.78779548382714
