iso3,country,year,month,year_month,date,n_storms,storm_names,storm_ids,n_track_points_near_country,monthly_max_wind_kt,monthly_max_wind_mps
AIA,Anguilla,2017,1,2017-01,2017-01-01,0,,,0,0.0,0.0
AIA,Anguilla,2017,2,2017-02,2017-02-01,0,,,0,0.0,0.0
AIA,Anguilla,2017,3,2017-03,2017-03-01,0,,,0,0.0,0.0
AIA,Anguilla,2017,4,2017-04,2017-04-01,0,,,0,0.0,0.0
AIA,Anguilla,2017,5,2017-05,2017-05-01,0,,,0,0.0,0.0
AIA,Anguilla,2017,6,2017-06,2017-06-01,0,,,0,0.0,0.0
AIA,Anguilla,2017,7,2017-07,2017-07-01,0,,,0,0.0,0.0
AIA,Anguilla,2017,8,2017-08,2017-08-01,0,,,0,0.0,0.0
AIA,Anguilla,2017,9,2017-09,2017-09-01,1,IRMA,2017242N16333,2,155.0,79.73882
AIA,Anguilla,2017,10,2017-10,2017-10-01,0,,,0,0.0,0.0
AIA,Anguilla,2017,11,2017-11,2017-11-01,0,,,0,0.0,0.0
AIA,Anguilla,2017,12,2017-12,2017-12-01,0,,,0,0.0,0.0
AIA,Anguilla,2018,1,2018-01,2018-01-01,0,,,0,0.0,0.0
AIA,Anguilla,2018,2,2018-02,2018-02-01,0,,,0,0.0,0.0
AIA,Anguilla,2018,3,2018-03,2018-03-01,0,,,0,0.0,0.0
AIA,Anguilla,2018,4,2018-04,2018-04-01,0,,,0,0.0,0.0
AIA,Anguilla,2018,5,2018-05,2018-05-01,0,,,0,0.0,0.0
AIA,Anguilla,2018,6,2018-06,2018-06-01,0,,,0,0.0,0.0
AIA,Anguilla,2018,7,2018-07,2018-07-01,0,,,0,0.0,0.0
AIA,Anguilla,2018,8,2018-08,2018-08-01,0,,,0,0.0,0.0
AIA,Anguilla,2018,9,2018-09,2018-09-01,0,,,0,0.0,0.0
AIA,Anguilla,2018,10,2018-10,2018-10-01,0,,,0,0.0,0.0
AIA,Anguilla,2018,11,2018-11,2018-11-01,0,,,0,0.0,0.0
AIA,Anguilla,2018,12,2018-12,2018-12-01,0,,,0,0.0,0.0
AIA,Anguilla,2019,1,2019-01,2019-01-01,0,,,0,0.0,0.0
AIA,Anguilla,2019,2,2019-02,2019-02-01,0,,,0,0.0,0.0
AIA,Anguilla,2019,3,2019-03,2019-03-01,0,,,0,0.0,0.0
AIA,Anguilla,2019,4,2019-04,2019-04-01,0,,,0,0.0,0.0
AIA,Anguilla,2019,5,2019-05,2019-05-01,0,,,0,0.0,0.0
AIA,Anguilla,2019,6,2019-06,2019-06-01,0,,,0,0.0,0.0
AIA,Anguilla,2019,7,2019-07,2019-07-01,0,,,0,0.0,0.0
AIA,Anguilla,2019,8,2019-08,2019-08-01,0,,,0,0.0,0.0
AIA,Anguilla,2019,9,2019-09,2019-09-01,0,,,0,0.0,0.0
AIA,Anguilla,2019,10,2019-10,2019-10-01,0,,,0,0.0,0.0
AIA,Anguilla,2019,11,2019-11,2019-11-01,0,,,0,0.0,0.0
AIA,Anguilla,2019,12,2019-12,2019-12-01,0,,,0,0.0,0.0
AIA,Anguilla,2020,1,2020-01,2020-01-01,0,,,0,0.0,0.0
AIA,Anguilla,2020,2,2020-02,2020-02-01,0,,,0,0.0,0.0
AIA,Anguilla,2020,3,2020-03,2020-03-01,0,,,0,0.0,0.0
AIA,Anguilla,2020,4,2020-04,2020-04-01,0,,,0,0.0,0.0
AIA,Anguilla,2020,5,2020-05,2020-05-01,0,,,0,0.0,0.0
AIA,Anguilla,2020,6,2020-06,2020-06-01,0,,,0,0.0,0.0
AIA,Anguilla,2020,7,2020-07,2020-07-01,0,,,0,0.0,0.0
AIA,Anguilla,2020,8,2020-08,2020-08-01,0,,,0,0.0,0.0
AIA,Anguilla,2020,9,2020-09,2020-09-01,0,,,0,0.0,0.0
AIA,Anguilla,2020,10,2020-10,2020-10-01,0,,,0,0.0,0.0
AIA,Anguilla,2020,11,2020-11,2020-11-01,0,,,0,0.0,0.0
AIA,Anguilla,2020,12,2020-12,2020-12-01,0,,,0,0.0,0.0
AIA,Anguilla,2021,1,2021-01,2021-01-01,0,,,0,0.0,0.0
AIA,Anguilla,2021,2,2021-02,2021-02-01,0,,,0,0.0,0.0
AIA,Anguilla,2021,3,2021-03,2021-03-01,0,,,0,0.0,0.0
AIA,Anguilla,2021,4,2021-04,2021-04-01,0,,,0,0.0,0.0
AIA,Anguilla,2021,5,2021-05,2021-05-01,0,,,0,0.0,0.0
AIA,Anguilla,2021,6,2021-06,2021-06-01,0,,,0,0.0,0.0
AIA,Anguilla,2021,7,2021-07,2021-07-01,0,,,0,0.0,0.0
AIA,Anguilla,2021,8,2021-08,2021-08-01,0,,,0,0.0,0.0
AIA,Anguilla,2021,9,2021-09,2021-09-01,0,,,0,0.0,0.0
AIA,Anguilla,2021,10,2021-10,2021-10-01,0,,,0,0.0,0.0
AIA,Anguilla,2021,11,2021-11,2021-11-01,0,,,0,0.0,0.0
AIA,Anguilla,2021,12,2021-12,2021-12-01,0,,,0,0.0,0.0
AIA,Anguilla,2022,1,2022-01,2022-01-01,0,,,0,0.0,0.0
AIA,Anguilla,2022,2,2022-02,2022-02-01,0,,,0,0.0,0.0
AIA,Anguilla,2022,3,2022-03,2022-03-01,0,,,0,0.0,0.0
AIA,Anguilla,2022,4,2022-04,2022-04-01,0,,,0,0.0,0.0
AIA,Anguilla,2022,5,2022-05,2022-05-01,0,,,0,0.0,0.0
AIA,Anguilla,2022,6,2022-06,2022-06-01,0,,,0,0.0,0.0
AIA,Anguilla,2022,7,2022-07,2022-07-01,0,,,0,0.0,0.0
AIA,Anguilla,2022,8,2022-08,2022-08-01,0,,,0,0.0,0.0
AIA,Anguilla,2022,9,2022-09,2022-09-01,0,,,0,0.0,0.0
AIA,Anguilla,2022,10,2022-10,2022-10-01,0,,,0,0.0,0.0
AIA,Anguilla,2022,11,2022-11,2022-11-01,0,,,0,0.0,0.0
AIA,Anguilla,2022,12,2022-12,2022-12-01,0,,,0,0.0,0.0
AIA,Anguilla,2023,1,2023-01,2023-01-01,0,,,0,0.0,0.0
AIA,Anguilla,2023,2,2023-02,2023-02-01,0,,,0,0.0,0.0
AIA,Anguilla,2023,3,2023-03,2023-03-01,0,,,0,0.0,0.0
AIA,Anguilla,2023,4,2023-04,2023-04-01,0,,,0,0.0,0.0
AIA,Anguilla,2023,5,2023-05,2023-05-01,0,,,0,0.0,0.0
AIA,Anguilla,2023,6,2023-06,2023-06-01,0,,,0,0.0,0.0
AIA,Anguilla,2023,7,2023-07,2023-07-01,0,,,0,0.0,0.0
AIA,Anguilla,2023,8,2023-08,2023-08-01,0,,,0,0.0,0.0
AIA,Anguilla,2023,9,2023-09,2023-09-01,0,,,0,0.0,0.0
AIA,Anguilla,2023,10,2023-10,2023-10-01,2,PHILIPPE | TAMMY,2023266N16323 | 2023292N13309,5,75.0,38.5833
AIA,Anguilla,2023,11,2023-11,2023-11-01,0,,,0,0.0,0.0
AIA,Anguilla,2023,12,2023-12,2023-12-01,0,,,0,0.0,0.0
AIA,Anguilla,2024,1,2024-01,2024-01-01,0,,,0,0.0,0.0
AIA,Anguilla,2024,2,2024-02,2024-02-01,0,,,0,0.0,0.0
AIA,Anguilla,2024,3,2024-03,2024-03-01,0,,,0,0.0,0.0
AIA,Anguilla,2024,4,2024-04,2024-04-01,0,,,0,0.0,0.0
AIA,Anguilla,2024,5,2024-05,2024-05-01,0,,,0,0.0,0.0
AIA,Anguilla,2024,6,2024-06,2024-06-01,0,,,0,0.0,0.0
AIA,Anguilla,2024,7,2024-07,2024-07-01,0,,,0,0.0,0.0
AIA,Anguilla,2024,8,2024-08,2024-08-01,0,,,0,0.0,0.0
AIA,Anguilla,2024,9,2024-09,2024-09-01,0,,,0,0.0,0.0
AIA,Anguilla,2024,10,2024-10,2024-10-01,0,,,0,0.0,0.0
AIA,Anguilla,2024,11,2024-11,2024-11-01,0,,,0,0.0,0.0
AIA,Anguilla,2024,12,2024-12,2024-12-01,0,,,0,0.0,0.0
ATG,Antigua and Barbuda,2017,1,2017-01,2017-01-01,0,,,0,0.0,0.0
ATG,Antigua and Barbuda,2017,2,2017-02,2017-02-01,0,,,0,0.0,0.0
ATG,Antigua and Barbuda,2017,3,2017-03,2017-03-01,0,,,0,0.0,0.0
ATG,Antigua and Barbuda,2017,4,2017-04,2017-04-01,0,,,0,0.0,0.0
ATG,Antigua and Barbuda,2017,5,2017-05,2017-05-01,0,,,0,0.0,0.0
ATG,Antigua and Barbuda,2017,6,2017-06,2017-06-01,0,,,0,0.0,0.0
ATG,Antigua and Barbuda,2017,7,2017-07,2017-07-01,0,,,0,0.0,0.0
ATG,Antigua and Barbuda,2017,8,2017-08,2017-08-01,0,,,0,0.0,0.0
ATG,Antigua and Barbuda,2017,9,2017-09,2017-09-01,1,IRMA,2017242N16333,2,155.0,79.73882
ATG,Antigua and Barbuda,2017,10,2017-10,2017-10-01,0,,,0,0.0,0.0
ATG,Antigua and Barbuda,2017,11,2017-11,2017-11-01,0,,,0,0.0,0.0
ATG,Antigua and Barbuda,2017,12,2017-12,2017-12-01,0,,,0,0.0,0.0
ATG,Antigua and Barbuda,2018,1,2018-01,2018-01-01,0,,,0,0.0,0.0
ATG,Antigua and Barbuda,2018,2,2018-02,2018-02-01,0,,,0,0.0,0.0
ATG,Antigua and Barbuda,2018,3,2018-03,2018-03-01,0,,,0,0.0,0.0
ATG,Antigua and Barbuda,2018,4,2018-04,2018-04-01,0,,,0,0.0,0.0
ATG,Antigua and Barbuda,2018,5,2018-05,2018-05-01,0,,,0,0.0,0.0
ATG,Antigua and Barbuda,2018,6,2018-06,2018-06-01,0,,,0,0.0,0.0
ATG,Antigua and Barbuda,2018,7,2018-07,2018-07-01,0,,,0,0.0,0.0
ATG,Antigua and Barbuda,2018,8,2018-08,2018-08-01,0,,,0,0.0,0.0
ATG,Antigua and Barbuda,2018,9,2018-09,2018-09-01,0,,,0,0.0,0.0
ATG,Antigua and Barbuda,2018,10,2018-10,2018-10-01,0,,,0,0.0,0.0
ATG,Antigua and Barbuda,2018,11,2018-11,2018-11-01,0,,,0,0.0,0.0
ATG,Antigua and Barbuda,2018,12,2018-12,2018-12-01,0,,,0,0.0,0.0
ATG,Antigua and Barbuda,2019,1,2019-01,2019-01-01,0,,,0,0.0,0.0
ATG,Antigua and Barbuda,2019,2,2019-02,2019-02-01,0,,,0,0.0,0.0
ATG,Antigua and Barbuda,2019,3,2019-03,2019-03-01,0,,,0,0.0,0.0
ATG,Antigua and Barbuda,2019,4,2019-04,2019-04-01,0,,,0,0.0,0.0
ATG,Antigua and Barbuda,2019,5,2019-05,2019-05-01,0,,,0,0.0,0.0
ATG,Antigua and Barbuda,2019,6,2019-06,2019-06-01,0,,,0,0.0,0.0
ATG,Antigua and Barbuda,2019,7,2019-07,2019-07-01,0,,,0,0.0,0.0
ATG,Antigua and Barbuda,2019,8,2019-08,2019-08-01,0,,,0,0.0,0.0
ATG,Antigua and Barbuda,2019,9,2019-09,2019-09-01,0,,,0,0.0,0.0
ATG,Antigua and Barbuda,2019,10,2019-10,2019-10-01,0,,,0,0.0,0.0
ATG,Antigua and Barbuda,2019,11,2019-11,2019-11-01,0,,,0,0.0,0.0
ATG,Antigua and Barbuda,2019,12,2019-12,2019-12-01,0,,,0,0.0,0.0
ATG,Antigua and Barbuda,2020,1,2020-01,2020-01-01,0,,,0,0.0,0.0
ATG,Antigua and Barbuda,2020,2,2020-02,2020-02-01,0,,,0,0.0,0.0
ATG,Antigua and Barbuda,2020,3,2020-03,2020-03-01,0,,,0,0.0,0.0
ATG,Antigua and Barbuda,2020,4,2020-04,2020-04-01,0,,,0,0.0,0.0
ATG,Antigua and Barbuda,2020,5,2020-05,2020-05-01,0,,,0,0.0,0.0
ATG,Antigua and Barbuda,2020,6,2020-06,2020-06-01,0,,,0,0.0,0.0
ATG,Antigua and Barbuda,2020,7,2020-07,2020-07-01,0,,,0,0.0,0.0
ATG,Antigua and Barbuda,2020,8,2020-08,2020-08-01,1,LAURA,2020233N14313,3,40.0,20.57776
ATG,Antigua and Barbuda,2020,9,2020-09,2020-09-01,0,,,0,0.0,0.0
ATG,Antigua and Barbuda,2020,10,2020-10,2020-10-01,0,,,0,0.0,0.0
ATG,Antigua and Barbuda,2020,11,2020-11,2020-11-01,0,,,0,0.0,0.0
ATG,Antigua and Barbuda,2020,12,2020-12,2020-12-01,0,,,0,0.0,0.0
ATG,Antigua and Barbuda,2021,1,2021-01,2021-01-01,0,,,0,0.0,0.0
ATG,Antigua and Barbuda,2021,2,2021-02,2021-02-01,0,,,0,0.0,0.0
ATG,Antigua and Barbuda,2021,3,2021-03,2021-03-01,0,,,0,0.0,0.0
ATG,Antigua and Barbuda,2021,4,2021-04,2021-04-01,0,,,0,0.0,0.0
ATG,Antigua and Barbuda,2021,5,2021-05,2021-05-01,0,,,0,0.0,0.0
ATG,Antigua and Barbuda,2021,6,2021-06,2021-06-01,0,,,0,0.0,0.0
ATG,Antigua and Barbuda,2021,7,2021-07,2021-07-01,0,,,0,0.0,0.0
ATG,Antigua and Barbuda,2021,8,2021-08,2021-08-01,0,,,0,0.0,0.0
ATG,Antigua and Barbuda,2021,9,2021-09,2021-09-01,0,,,0,0.0,0.0
ATG,Antigua and Barbuda,2021,10,2021-10,2021-10-01,0,,,0,0.0,0.0
ATG,Antigua and Barbuda,2021,11,2021-11,2021-11-01,0,,,0,0.0,0.0
ATG,Antigua and Barbuda,2021,12,2021-12,2021-12-01,0,,,0,0.0,0.0
ATG,Antigua and Barbuda,2022,1,2022-01,2022-01-01,0,,,0,0.0,0.0
ATG,Antigua and Barbuda,2022,2,2022-02,2022-02-01,0,,,0,0.0,0.0
ATG,Antigua and Barbuda,2022,3,2022-03,2022-03-01,0,,,0,0.0,0.0
ATG,Antigua and Barbuda,2022,4,2022-04,2022-04-01,0,,,0,0.0,0.0
ATG,Antigua and Barbuda,2022,5,2022-05,2022-05-01,0,,,0,0.0,0.0
ATG,Antigua and Barbuda,2022,6,2022-06,2022-06-01,0,,,0,0.0,0.0
ATG,Antigua and Barbuda,2022,7,2022-07,2022-07-01,0,,,0,0.0,0.0
ATG,Antigua and Barbuda,2022,8,2022-08,2022-08-01,0,,,0,0.0,0.0
ATG,Antigua and Barbuda,2022,9,2022-09,2022-09-01,0,,,0,0.0,0.0
ATG,Antigua and Barbuda,2022,10,2022-10,2022-10-01,0,,,0,0.0,0.0
ATG,Antigua and Barbuda,2022,11,2022-11,2022-11-01,0,,,0,0.0,0.0
ATG,Antigua and Barbuda,2022,12,2022-12,2022-12-01,0,,,0,0.0,0.0
ATG,Antigua and Barbuda,2023,1,2023-01,2023-01-01,0,,,0,0.0,0.0
ATG,Antigua and Barbuda,2023,2,2023-02,2023-02-01,0,,,0,0.0,0.0
ATG,Antigua and Barbuda,2023,3,2023-03,2023-03-01,0,,,0,0.0,0.0
ATG,Antigua and Barbuda,2023,4,2023-04,2023-04-01,0,,,0,0.0,0.0
ATG,Antigua and Barbuda,2023,5,2023-05,2023-05-01,0,,,0,0.0,0.0
ATG,Antigua and Barbuda,2023,6,2023-06,2023-06-01,0,,,0,0.0,0.0
ATG,Antigua and Barbuda,2023,7,2023-07,2023-07-01,0,,,0,0.0,0.0
ATG,Antigua and Barbuda,2023,8,2023-08,2023-08-01,0,,,0,0.0,0.0
ATG,Antigua and Barbuda,2023,9,2023-09,2023-09-01,0,,,0,0.0,0.0
ATG,Antigua and Barbuda,2023,10,2023-10,2023-10-01,2,PHILIPPE | TAMMY,2023266N16323 | 2023292N13309,9,80.0,41.15552
ATG,Antigua and Barbuda,2023,11,2023-11,2023-11-01,0,,,0,0.0,0.0
ATG,Antigua and Barbuda,2023,12,2023-12,2023-12-01,0,,,0,0.0,0.0
ATG,Antigua and Barbuda,2024,1,2024-01,2024-01-01,0,,,0,0.0,0.0
ATG,Antigua and Barbuda,2024,2,2024-02,2024-02-01,0,,,0,0.0,0.0
ATG,Antigua and Barbuda,2024,3,2024-03,2024-03-01,0,,,0,0.0,0.0
ATG,Antigua and Barbuda,2024,4,2024-04,2024-04-01,0,,,0,0.0,0.0
ATG,Antigua and Barbuda,2024,5,2024-05,2024-05-01,0,,,0,0.0,0.0
ATG,Antigua and Barbuda,2024,6,2024-06,2024-06-01,0,,,0,0.0,0.0
ATG,Antigua and Barbuda,2024,7,2024-07,2024-07-01,0,,,0,0.0,0.0
ATG,Antigua and Barbuda,2024,8,2024-08,2024-08-01,1,ERNESTO,2024225N14313,2,44.0,22.635536000000002
ATG,Antigua and Barbuda,2024,9,2024-09,2024-09-01,0,,,0,0.0,0.0
ATG,Antigua and Barbuda,2024,10,2024-10,2024-10-01,0,,,0,0.0,0.0
ATG,Antigua and Barbuda,2024,11,2024-11,2024-11-01,0,,,0,0.0,0.0
ATG,Antigua and Barbuda,2024,12,2024-12,2024-12-01,0,,,0,0.0,0.0
BHS,Bahamas,2017,1,2017-01,2017-01-01,0,,,0,0.0,0.0
BHS,Bahamas,2017,2,2017-02,2017-02-01,0,,,0,0.0,0.0
BHS,Bahamas,2017,3,2017-03,2017-03-01,0,,,0,0.0,0.0
BHS,Bahamas,2017,4,2017-04,2017-04-01,0,,,0,0.0,0.0
BHS,Bahamas,2017,5,2017-05,2017-05-01,0,,,0,0.0,0.0
BHS,Bahamas,2017,6,2017-06,2017-06-01,0,,,0,0.0,0.0
BHS,Bahamas,2017,7,2017-07,2017-07-01,0,,,0,0.0,0.0
BHS,Bahamas,2017,8,2017-08,2017-08-01,0,,,0,0.0,0.0
BHS,Bahamas,2017,9,2017-09,2017-09-01,1,IRMA,2017242N16333,5,140.0,72.02216
BHS,Bahamas,2017,10,2017-10,2017-10-01,0,,,0,0.0,0.0
BHS,Bahamas,2017,11,2017-11,2017-11-01,0,,,0,0.0,0.0
BHS,Bahamas,2017,12,2017-12,2017-12-01,0,,,0,0.0,0.0
BHS,Bahamas,2018,1,2018-01,2018-01-01,0,,,0,0.0,0.0
BHS,Bahamas,2018,2,2018-02,2018-02-01,0,,,0,0.0,0.0
BHS,Bahamas,2018,3,2018-03,2018-03-01,0,,,0,0.0,0.0
BHS,Bahamas,2018,4,2018-04,2018-04-01,0,,,0,0.0,0.0
BHS,Bahamas,2018,5,2018-05,2018-05-01,0,,,0,0.0,0.0
BHS,Bahamas,2018,6,2018-06,2018-06-01,0,,,0,0.0,0.0
BHS,Bahamas,2018,7,2018-07,2018-07-01,1,BERYL,2018186N10325,4,25.0,12.8611
BHS,Bahamas,2018,8,2018-08,2018-08-01,0,,,0,0.0,0.0
BHS,Bahamas,2018,9,2018-09,2018-09-01,0,,,0,0.0,0.0
BHS,Bahamas,2018,10,2018-10,2018-10-01,0,,,0,0.0,0.0
BHS,Bahamas,2018,11,2018-11,2018-11-01,0,,,0,0.0,0.0
BHS,Bahamas,2018,12,2018-12,2018-12-01,0,,,0,0.0,0.0
BHS,Bahamas,2019,1,2019-01,2019-01-01,0,,,0,0.0,0.0
BHS,Bahamas,2019,2,2019-02,2019-02-01,0,,,0,0.0,0.0
BHS,Bahamas,2019,3,2019-03,2019-03-01,0,,,0,0.0,0.0
BHS,Bahamas,2019,4,2019-04,2019-04-01,0,,,0,0.0,0.0
BHS,Bahamas,2019,5,2019-05,2019-05-01,0,,,0,0.0,0.0
BHS,Bahamas,2019,6,2019-06,2019-06-01,0,,,0,0.0,0.0
BHS,Bahamas,2019,7,2019-07,2019-07-01,1,UNNAMED,2019204N25283,5,25.0,12.8611
BHS,Bahamas,2019,8,2019-08,2019-08-01,0,,,0,0.0,0.0
BHS,Bahamas,2019,9,2019-09,2019-09-01,2,DORIAN | HUMBERTO,2019236N10314 | 2019256N23286,27,160.0,82.31104
BHS,Bahamas,2019,10,2019-10,2019-10-01,0,,,0,0.0,0.0
BHS,Bahamas,2019,11,2019-11,2019-11-01,0,,,0,0.0,0.0
BHS,Bahamas,2019,12,2019-12,2019-12-01,0,,,0,0.0,0.0
BHS,Bahamas,2020,1,2020-01,2020-01-01,0,,,0,0.0,0.0
BHS,Bahamas,2020,2,2020-02,2020-02-01,0,,,0,0.0,0.0
BHS,Bahamas,2020,3,2020-03,2020-03-01,0,,,0,0.0,0.0
BHS,Bahamas,2020,4,2020-04,2020-04-01,0,,,0,0.0,0.0
BHS,Bahamas,2020,5,2020-05,2020-05-01,0,,,0,0.0,0.0
BHS,Bahamas,2020,6,2020-06,2020-06-01,0,,,0,0.0,0.0
BHS,Bahamas,2020,7,2020-07,2020-07-01,1,ISAIAS,2020211N13306,3,73.0,37.554412
BHS,Bahamas,2020,8,2020-08,2020-08-01,1,ISAIAS,2020211N13306,9,75.0,38.5833
BHS,Bahamas,2020,9,2020-09,2020-09-01,1,SALLY,2020256N25281,2,30.0,15.43332
BHS,Bahamas,2020,10,2020-10,2020-10-01,0,,,0,0.0,0.0
BHS,Bahamas,2020,11,2020-11,2020-11-01,1,ETA,2020306N15288,1,55.0,28.294420000000002
BHS,Bahamas,2020,12,2020-12,2020-12-01,0,,,0,0.0,0.0
BHS,Bahamas,2021,1,2021-01,2021-01-01,0,,,0,0.0,0.0
BHS,Bahamas,2021,2,2021-02,2021-02-01,0,,,0,0.0,0.0
BHS,Bahamas,2021,3,2021-03,2021-03-01,0,,,0,0.0,0.0
BHS,Bahamas,2021,4,2021-04,2021-04-01,0,,,0,0.0,0.0
BHS,Bahamas,2021,5,2021-05,2021-05-01,0,,,0,0.0,0.0
BHS,Bahamas,2021,6,2021-06,2021-06-01,0,,,0,0.0,0.0
BHS,Bahamas,2021,7,2021-07,2021-07-01,0,,,0,0.0,0.0
BHS,Bahamas,2021,8,2021-08,2021-08-01,0,,,0,0.0,0.0
BHS,Bahamas,2021,9,2021-09,2021-09-01,0,,,0,0.0,0.0
BHS,Bahamas,2021,10,2021-10,2021-10-01,0,,,0,0.0,0.0
BHS,Bahamas,2021,11,2021-11,2021-11-01,0,,,0,0.0,0.0
BHS,Bahamas,2021,12,2021-12,2021-12-01,0,,,0,0.0,0.0
BHS,Bahamas,2022,1,2022-01,2022-01-01,0,,,0,0.0,0.0
BHS,Bahamas,2022,2,2022-02,2022-02-01,0,,,0,0.0,0.0
BHS,Bahamas,2022,3,2022-03,2022-03-01,0,,,0,0.0,0.0
BHS,Bahamas,2022,4,2022-04,2022-04-01,0,,,0,0.0,0.0
BHS,Bahamas,2022,5,2022-05,2022-05-01,0,,,0,0.0,0.0
BHS,Bahamas,2022,6,2022-06,2022-06-01,0,,,0,0.0,0.0
BHS,Bahamas,2022,7,2022-07,2022-07-01,0,,,0,0.0,0.0
BHS,Bahamas,2022,8,2022-08,2022-08-01,0,,,0,0.0,0.0
BHS,Bahamas,2022,9,2022-09,2022-09-01,0,,,0,0.0,0.0
BHS,Bahamas,2022,10,2022-10,2022-10-01,0,,,0,0.0,0.0
BHS,Bahamas,2022,11,2022-11,2022-11-01,1,NICOLE,2022311N21293,7,65.0,33.43886
BHS,Bahamas,2022,12,2022-12,2022-12-01,0,,,0,0.0,0.0
BHS,Bahamas,2023,1,2023-01,2023-01-01,0,,,0,0.0,0.0
BHS,Bahamas,2023,2,2023-02,2023-02-01,0,,,0,0.0,0.0
BHS,Bahamas,2023,3,2023-03,2023-03-01,0,,,0,0.0,0.0
BHS,Bahamas,2023,4,2023-04,2023-04-01,0,,,0,0.0,0.0
BHS,Bahamas,2023,5,2023-05,2023-05-01,0,,,0,0.0,0.0
BHS,Bahamas,2023,6,2023-06,2023-06-01,0,,,0,0.0,0.0
BHS,Bahamas,2023,7,2023-07,2023-07-01,0,,,0,0.0,0.0
BHS,Bahamas,2023,8,2023-08,2023-08-01,0,,,0,0.0,0.0
BHS,Bahamas,2023,9,2023-09,2023-09-01,0,,,0,0.0,0.0
BHS,Bahamas,2023,10,2023-10,2023-10-01,0,,,0,0.0,0.0
BHS,Bahamas,2023,11,2023-11,2023-11-01,0,,,0,0.0,0.0
BHS,Bahamas,2023,12,2023-12,2023-12-01,0,,,0,0.0,0.0
BHS,Bahamas,2024,1,2024-01,2024-01-01,0,,,0,0.0,0.0
BHS,Bahamas,2024,2,2024-02,2024-02-01,0,,,0,0.0,0.0
BHS,Bahamas,2024,3,2024-03,2024-03-01,0,,,0,0.0,0.0
BHS,Bahamas,2024,4,2024-04,2024-04-01,0,,,0,0.0,0.0
BHS,Bahamas,2024,5,2024-05,2024-05-01,0,,,0,0.0,0.0
BHS,Bahamas,2024,6,2024-06,2024-06-01,0,,,0,0.0,0.0
BHS,Bahamas,2024,7,2024-07,2024-07-01,0,,,0,0.0,0.0
BHS,Bahamas,2024,8,2024-08,2024-08-01,0,,,0,0.0,0.0
BHS,Bahamas,2024,9,2024-09,2024-09-01,0,,,0,0.0,0.0
BHS,Bahamas,2024,10,2024-10,2024-10-01,1,OSCAR,2024293N21294,7,73.0,37.554412
BHS,Bahamas,2024,11,2024-11,2024-11-01,0,,,0,0.0,0.0
BHS,Bahamas,2024,12,2024-12,2024-12-01,0,,,0,0.0,0.0
BRB,Barbados,2017,1,2017-01,2017-01-01,0,,,0,0.0,0.0
BRB,Barbados,2017,2,2017-02,2017-02-01,0,,,0,0.0,0.0
BRB,Barbados,2017,3,2017-03,2017-03-01,0,,,0,0.0,0.0
BRB,Barbados,2017,4,2017-04,2017-04-01,0,,,0,0.0,0.0
BRB,Barbados,2017,5,2017-05,2017-05-01,0,,,0,0.0,0.0
BRB,Barbados,2017,6,2017-06,2017-06-01,0,,,0,0.0,0.0
BRB,Barbados,2017,7,2017-07,2017-07-01,0,,,0,0.0,0.0
BRB,Barbados,2017,8,2017-08,2017-08-01,1,HARVEY,2017228N14314,2,40.0,20.57776
BRB,Barbados,2017,9,2017-09,2017-09-01,0,,,0,0.0,0.0
BRB,Barbados,2017,10,2017-10,2017-10-01,0,,,0,0.0,0.0
BRB,Barbados,2017,11,2017-11,2017-11-01,0,,,0,0.0,0.0
BRB,Barbados,2017,12,2017-12,2017-12-01,0,,,0,0.0,0.0
BRB,Barbados,2018,1,2018-01,2018-01-01,0,,,0,0.0,0.0
BRB,Barbados,2018,2,2018-02,2018-02-01,0,,,0,0.0,0.0
BRB,Barbados,2018,3,2018-03,2018-03-01,0,,,0,0.0,0.0
BRB,Barbados,2018,4,2018-04,2018-04-01,0,,,0,0.0,0.0
BRB,Barbados,2018,5,2018-05,2018-05-01,0,,,0,0.0,0.0
BRB,Barbados,2018,6,2018-06,2018-06-01,0,,,0,0.0,0.0
BRB,Barbados,2018,7,2018-07,2018-07-01,0,,,0,0.0,0.0
BRB,Barbados,2018,8,2018-08,2018-08-01,0,,,0,0.0,0.0
BRB,Barbados,2018,9,2018-09,2018-09-01,0,,,0,0.0,0.0
BRB,Barbados,2018,10,2018-10,2018-10-01,0,,,0,0.0,0.0
BRB,Barbados,2018,11,2018-11,2018-11-01,0,,,0,0.0,0.0
BRB,Barbados,2018,12,2018-12,2018-12-01,0,,,0,0.0,0.0
BRB,Barbados,2019,1,2019-01,2019-01-01,0,,,0,0.0,0.0
BRB,Barbados,2019,2,2019-02,2019-02-01,0,,,0,0.0,0.0
BRB,Barbados,2019,3,2019-03,2019-03-01,0,,,0,0.0,0.0
BRB,Barbados,2019,4,2019-04,2019-04-01,0,,,0,0.0,0.0
BRB,Barbados,2019,5,2019-05,2019-05-01,0,,,0,0.0,0.0
BRB,Barbados,2019,6,2019-06,2019-06-01,0,,,0,0.0,0.0
BRB,Barbados,2019,7,2019-07,2019-07-01,0,,,0,0.0,0.0
BRB,Barbados,2019,8,2019-08,2019-08-01,1,DORIAN,2019236N10314,3,45.0,23.14998
BRB,Barbados,2019,9,2019-09,2019-09-01,0,,,0,0.0,0.0
BRB,Barbados,2019,10,2019-10,2019-10-01,0,,,0,0.0,0.0
BRB,Barbados,2019,11,2019-11,2019-11-01,0,,,0,0.0,0.0
BRB,Barbados,2019,12,2019-12,2019-12-01,0,,,0,0.0,0.0
BRB,Barbados,2020,1,2020-01,2020-01-01,0,,,0,0.0,0.0
BRB,Barbados,2020,2,2020-02,2020-02-01,0,,,0,0.0,0.0
BRB,Barbados,2020,3,2020-03,2020-03-01,0,,,0,0.0,0.0
BRB,Barbados,2020,4,2020-04,2020-04-01,0,,,0,0.0,0.0
BRB,Barbados,2020,5,2020-05,2020-05-01,0,,,0,0.0,0.0
BRB,Barbados,2020,6,2020-06,2020-06-01,0,,,0,0.0,0.0
BRB,Barbados,2020,7,2020-07,2020-07-01,0,,,0,0.0,0.0
BRB,Barbados,2020,8,2020-08,2020-08-01,0,,,0,0.0,0.0
BRB,Barbados,2020,9,2020-09,2020-09-01,0,,,0,0.0,0.0
BRB,Barbados,2020,10,2020-10,2020-10-01,0,,,0,0.0,0.0
BRB,Barbados,2020,11,2020-11,2020-11-01,0,,,0,0.0,0.0
BRB,Barbados,2020,12,2020-12,2020-12-01,0,,,0,0.0,0.0
BRB,Barbados,2021,1,2021-01,2021-01-01,0,,,0,0.0,0.0
BRB,Barbados,2021,2,2021-02,2021-02-01,0,,,0,0.0,0.0
BRB,Barbados,2021,3,2021-03,2021-03-01,0,,,0,0.0,0.0
BRB,Barbados,2021,4,2021-04,2021-04-01,0,,,0,0.0,0.0
BRB,Barbados,2021,5,2021-05,2021-05-01,0,,,0,0.0,0.0
BRB,Barbados,2021,6,2021-06,2021-06-01,0,,,0,0.0,0.0
BRB,Barbados,2021,7,2021-07,2021-07-01,1,ELSA,2021182N09317,1,65.0,33.43886
BRB,Barbados,2021,8,2021-08,2021-08-01,0,,,0,0.0,0.0
BRB,Barbados,2021,9,2021-09,2021-09-01,0,,,0,0.0,0.0
BRB,Barbados,2021,10,2021-10,2021-10-01,0,,,0,0.0,0.0
BRB,Barbados,2021,11,2021-11,2021-11-01,0,,,0,0.0,0.0
BRB,Barbados,2021,12,2021-12,2021-12-01,0,,,0,0.0,0.0
BRB,Barbados,2022,1,2022-01,2022-01-01,0,,,0,0.0,0.0
BRB,Barbados,2022,2,2022-02,2022-02-01,0,,,0,0.0,0.0
BRB,Barbados,2022,3,2022-03,2022-03-01,0,,,0,0.0,0.0
BRB,Barbados,2022,4,2022-04,2022-04-01,0,,,0,0.0,0.0
BRB,Barbados,2022,5,2022-05,2022-05-01,0,,,0,0.0,0.0
BRB,Barbados,2022,6,2022-06,2022-06-01,0,,,0,0.0,0.0
BRB,Barbados,2022,7,2022-07,2022-07-01,0,,,0,0.0,0.0
BRB,Barbados,2022,8,2022-08,2022-08-01,0,,,0,0.0,0.0
BRB,Barbados,2022,9,2022-09,2022-09-01,0,,,0,0.0,0.0
BRB,Barbados,2022,10,2022-10,2022-10-01,0,,,0,0.0,0.0
BRB,Barbados,2022,11,2022-11,2022-11-01,0,,,0,0.0,0.0
BRB,Barbados,2022,12,2022-12,2022-12-01,0,,,0,0.0,0.0
BRB,Barbados,2023,1,2023-01,2023-01-01,0,,,0,0.0,0.0
BRB,Barbados,2023,2,2023-02,2023-02-01,0,,,0,0.0,0.0
BRB,Barbados,2023,3,2023-03,2023-03-01,0,,,0,0.0,0.0
BRB,Barbados,2023,4,2023-04,2023-04-01,0,,,0,0.0,0.0
BRB,Barbados,2023,5,2023-05,2023-05-01,0,,,0,0.0,0.0
BRB,Barbados,2023,6,2023-06,2023-06-01,1,BRET,2023170N11323,1,55.0,28.294420000000002
BRB,Barbados,2023,7,2023-07,2023-07-01,0,,,0,0.0,0.0
BRB,Barbados,2023,8,2023-08,2023-08-01,0,,,0,0.0,0.0
BRB,Barbados,2023,9,2023-09,2023-09-01,0,,,0,0.0,0.0
BRB,Barbados,2023,10,2023-10,2023-10-01,0,,,0,0.0,0.0
BRB,Barbados,2023,11,2023-11,2023-11-01,0,,,0,0.0,0.0
BRB,Barbados,2023,12,2023-12,2023-12-01,0,,,0,0.0,0.0
BRB,Barbados,2024,1,2024-01,2024-01-01,0,,,0,0.0,0.0
BRB,Barbados,2024,2,2024-02,2024-02-01,0,,,0,0.0,0.0
BRB,Barbados,2024,3,2024-03,2024-03-01,0,,,0,0.0,0.0
BRB,Barbados,2024,4,2024-04,2024-04-01,0,,,0,0.0,0.0
BRB,Barbados,2024,5,2024-05,2024-05-01,0,,,0,0.0,0.0
BRB,Barbados,2024,6,2024-06,2024-06-01,0,,,0,0.0,0.0
BRB,Barbados,2024,7,2024-07,2024-07-01,0,,,0,0.0,0.0
BRB,Barbados,2024,8,2024-08,2024-08-01,0,,,0,0.0,0.0
BRB,Barbados,2024,9,2024-09,2024-09-01,0,,,0,0.0,0.0
BRB,Barbados,2024,10,2024-10,2024-10-01,0,,,0,0.0,0.0
BRB,Barbados,2024,11,2024-11,2024-11-01,0,,,0,0.0,0.0
BRB,Barbados,2024,12,2024-12,2024-12-01,0,,,0,0.0,0.0
BLZ,Belize,2017,1,2017-01,2017-01-01,0,,,0,0.0,0.0
BLZ,Belize,2017,2,2017-02,2017-02-01,0,,,0,0.0,0.0
BLZ,Belize,2017,3,2017-03,2017-03-01,0,,,0,0.0,0.0
BLZ,Belize,2017,4,2017-04,2017-04-01,0,,,0,0.0,0.0
BLZ,Belize,2017,5,2017-05,2017-05-01,0,,,0,0.0,0.0
BLZ,Belize,2017,6,2017-06,2017-06-01,0,,,0,0.0,0.0
BLZ,Belize,2017,7,2017-07,2017-07-01,0,,,0,0.0,0.0
BLZ,Belize,2017,8,2017-08,2017-08-01,1,HARVEY,2017228N14314,1,25.0,12.8611
BLZ,Belize,2017,9,2017-09,2017-09-01,0,,,0,0.0,0.0
BLZ,Belize,2017,10,2017-10,2017-10-01,0,,,0,0.0,0.0
BLZ,Belize,2017,11,2017-11,2017-11-01,0,,,0,0.0,0.0
BLZ,Belize,2017,12,2017-12,2017-12-01,0,,,0,0.0,0.0
BLZ,Belize,2018,1,2018-01,2018-01-01,0,,,0,0.0,0.0
BLZ,Belize,2018,2,2018-02,2018-02-01,0,,,0,0.0,0.0
BLZ,Belize,2018,3,2018-03,2018-03-01,0,,,0,0.0,0.0
BLZ,Belize,2018,4,2018-04,2018-04-01,0,,,0,0.0,0.0
BLZ,Belize,2018,5,2018-05,2018-05-01,0,,,0,0.0,0.0
BLZ,Belize,2018,6,2018-06,2018-06-01,0,,,0,0.0,0.0
BLZ,Belize,2018,7,2018-07,2018-07-01,0,,,0,0.0,0.0
BLZ,Belize,2018,8,2018-08,2018-08-01,0,,,0,0.0,0.0
BLZ,Belize,2018,9,2018-09,2018-09-01,0,,,0,0.0,0.0
BLZ,Belize,2018,10,2018-10,2018-10-01,0,,,0,0.0,0.0
BLZ,Belize,2018,11,2018-11,2018-11-01,0,,,0,0.0,0.0
BLZ,Belize,2018,12,2018-12,2018-12-01,0,,,0,0.0,0.0
BLZ,Belize,2019,1,2019-01,2019-01-01,0,,,0,0.0,0.0
BLZ,Belize,2019,2,2019-02,2019-02-01,0,,,0,0.0,0.0
BLZ,Belize,2019,3,2019-03,2019-03-01,0,,,0,0.0,0.0
BLZ,Belize,2019,4,2019-04,2019-04-01,0,,,0,0.0,0.0
BLZ,Belize,2019,5,2019-05,2019-05-01,0,,,0,0.0,0.0
BLZ,Belize,2019,6,2019-06,2019-06-01,0,,,0,0.0,0.0
BLZ,Belize,2019,7,2019-07,2019-07-01,0,,,0,0.0,0.0
BLZ,Belize,2019,8,2019-08,2019-08-01,0,,,0,0.0,0.0
BLZ,Belize,2019,9,2019-09,2019-09-01,0,,,0,0.0,0.0
BLZ,Belize,2019,10,2019-10,2019-10-01,0,,,0,0.0,0.0
BLZ,Belize,2019,11,2019-11,2019-11-01,0,,,0,0.0,0.0
BLZ,Belize,2019,12,2019-12,2019-12-01,0,,,0,0.0,0.0
BLZ,Belize,2020,1,2020-01,2020-01-01,0,,,0,0.0,0.0
BLZ,Belize,2020,2,2020-02,2020-02-01,0,,,0,0.0,0.0
BLZ,Belize,2020,3,2020-03,2020-03-01,0,,,0,0.0,0.0
BLZ,Belize,2020,4,2020-04,2020-04-01,0,,,0,0.0,0.0
BLZ,Belize,2020,5,2020-05,2020-05-01,0,,,0,0.0,0.0
BLZ,Belize,2020,6,2020-06,2020-06-01,0,,,0,0.0,0.0
BLZ,Belize,2020,7,2020-07,2020-07-01,0,,,0,0.0,0.0
BLZ,Belize,2020,8,2020-08,2020-08-01,0,,,0,0.0,0.0
BLZ,Belize,2020,9,2020-09,2020-09-01,1,NANA,2020245N16285,3,65.0,33.43886
BLZ,Belize,2020,10,2020-10,2020-10-01,0,,,0,0.0,0.0
BLZ,Belize,2020,11,2020-11,2020-11-01,0,,,0,0.0,0.0
BLZ,Belize,2020,12,2020-12,2020-12-01,0,,,0,0.0,0.0
BLZ,Belize,2021,1,2021-01,2021-01-01,0,,,0,0.0,0.0
BLZ,Belize,2021,2,2021-02,2021-02-01,0,,,0,0.0,0.0
BLZ,Belize,2021,3,2021-03,2021-03-01,0,,,0,0.0,0.0
BLZ,Belize,2021,4,2021-04,2021-04-01,0,,,0,0.0,0.0
BLZ,Belize,2021,5,2021-05,2021-05-01,0,,,0,0.0,0.0
BLZ,Belize,2021,6,2021-06,2021-06-01,0,,,0,0.0,0.0
BLZ,Belize,2021,7,2021-07,2021-07-01,0,,,0,0.0,0.0
BLZ,Belize,2021,8,2021-08,2021-08-01,0,,,0,0.0,0.0
BLZ,Belize,2021,9,2021-09,2021-09-01,0,,,0,0.0,0.0
BLZ,Belize,2021,10,2021-10,2021-10-01,0,,,0,0.0,0.0
BLZ,Belize,2021,11,2021-11,2021-11-01,0,,,0,0.0,0.0
BLZ,Belize,2021,12,2021-12,2021-12-01,0,,,0,0.0,0.0
BLZ,Belize,2022,1,2022-01,2022-01-01,0,,,0,0.0,0.0
BLZ,Belize,2022,2,2022-02,2022-02-01,0,,,0,0.0,0.0
BLZ,Belize,2022,3,2022-03,2022-03-01,0,,,0,0.0,0.0
BLZ,Belize,2022,4,2022-04,2022-04-01,0,,,0,0.0,0.0
BLZ,Belize,2022,5,2022-05,2022-05-01,0,,,0,0.0,0.0
BLZ,Belize,2022,6,2022-06,2022-06-01,0,,,0,0.0,0.0
BLZ,Belize,2022,7,2022-07,2022-07-01,0,,,0,0.0,0.0
BLZ,Belize,2022,8,2022-08,2022-08-01,0,,,0,0.0,0.0
BLZ,Belize,2022,9,2022-09,2022-09-01,0,,,0,0.0,0.0
BLZ,Belize,2022,10,2022-10,2022-10-01,0,,,0,0.0,0.0
BLZ,Belize,2022,11,2022-11,2022-11-01,1,LISA,2022304N16287,6,80.0,41.15552
BLZ,Belize,2022,12,2022-12,2022-12-01,0,,,0,0.0,0.0
BLZ,Belize,2023,1,2023-01,2023-01-01,0,,,0,0.0,0.0
BLZ,Belize,2023,2,2023-02,2023-02-01,0,,,0,0.0,0.0
BLZ,Belize,2023,3,2023-03,2023-03-01,0,,,0,0.0,0.0
BLZ,Belize,2023,4,2023-04,2023-04-01,0,,,0,0.0,0.0
BLZ,Belize,2023,5,2023-05,2023-05-01,0,,,0,0.0,0.0
BLZ,Belize,2023,6,2023-06,2023-06-01,0,,,0,0.0,0.0
BLZ,Belize,2023,7,2023-07,2023-07-01,0,,,0,0.0,0.0
BLZ,Belize,2023,8,2023-08,2023-08-01,0,,,0,0.0,0.0
BLZ,Belize,2023,9,2023-09,2023-09-01,0,,,0,0.0,0.0
BLZ,Belize,2023,10,2023-10,2023-10-01,0,,,0,0.0,0.0
BLZ,Belize,2023,11,2023-11,2023-11-01,0,,,0,0.0,0.0
BLZ,Belize,2023,12,2023-12,2023-12-01,0,,,0,0.0,0.0
BLZ,Belize,2024,1,2024-01,2024-01-01,0,,,0,0.0,0.0
BLZ,Belize,2024,2,2024-02,2024-02-01,0,,,0,0.0,0.0
BLZ,Belize,2024,3,2024-03,2024-03-01,0,,,0,0.0,0.0
BLZ,Belize,2024,4,2024-04,2024-04-01,0,,,0,0.0,0.0
BLZ,Belize,2024,5,2024-05,2024-05-01,0,,,0,0.0,0.0
BLZ,Belize,2024,6,2024-06,2024-06-01,0,,,0,0.0,0.0
BLZ,Belize,2024,7,2024-07,2024-07-01,0,,,0,0.0,0.0
BLZ,Belize,2024,8,2024-08,2024-08-01,0,,,0,0.0,0.0
BLZ,Belize,2024,9,2024-09,2024-09-01,0,,,0,0.0,0.0
BLZ,Belize,2024,10,2024-10,2024-10-01,1,NADINE,2024293N17275,5,50.0,25.7222
BLZ,Belize,2024,11,2024-11,2024-11-01,1,SARA,2024319N16282,4,35.0,18.00554
BLZ,Belize,2024,12,2024-12,2024-12-01,0,,,0,0.0,0.0
BMU,Bermuda,2017,1,2017-01,2017-01-01,0,,,0,0.0,0.0
BMU,Bermuda,2017,2,2017-02,2017-02-01,0,,,0,0.0,0.0
BMU,Bermuda,2017,3,2017-03,2017-03-01,0,,,0,0.0,0.0
BMU,Bermuda,2017,4,2017-04,2017-04-01,0,,,0,0.0,0.0
BMU,Bermuda,2017,5,2017-05,2017-05-01,0,,,0,0.0,0.0
BMU,Bermuda,2017,6,2017-06,2017-06-01,0,,,0,0.0,0.0
BMU,Bermuda,2017,7,2017-07,2017-07-01,0,,,0,0.0,0.0
BMU,Bermuda,2017,8,2017-08,2017-08-01,0,,,0,0.0,0.0
BMU,Bermuda,2017,9,2017-09,2017-09-01,0,,,0,0.0,0.0
BMU,Bermuda,2017,10,2017-10,2017-10-01,0,,,0,0.0,0.0
BMU,Bermuda,2017,11,2017-11,2017-11-01,0,,,0,0.0,0.0
BMU,Bermuda,2017,12,2017-12,2017-12-01,0,,,0,0.0,0.0
BMU,Bermuda,2018,1,2018-01,2018-01-01,0,,,0,0.0,0.0
BMU,Bermuda,2018,2,2018-02,2018-02-01,0,,,0,0.0,0.0
BMU,Bermuda,2018,3,2018-03,2018-03-01,0,,,0,0.0,0.0
BMU,Bermuda,2018,4,2018-04,2018-04-01,0,,,0,0.0,0.0
BMU,Bermuda,2018,5,2018-05,2018-05-01,0,,,0,0.0,0.0
BMU,Bermuda,2018,6,2018-06,2018-06-01,0,,,0,0.0,0.0
BMU,Bermuda,2018,7,2018-07,2018-07-01,0,,,0,0.0,0.0
BMU,Bermuda,2018,8,2018-08,2018-08-01,0,,,0,0.0,0.0
BMU,Bermuda,2018,9,2018-09,2018-09-01,0,,,0,0.0,0.0
BMU,Bermuda,2018,10,2018-10,2018-10-01,0,,,0,0.0,0.0
BMU,Bermuda,2018,11,2018-11,2018-11-01,0,,,0,0.0,0.0
BMU,Bermuda,2018,12,2018-12,2018-12-01,0,,,0,0.0,0.0
BMU,Bermuda,2019,1,2019-01,2019-01-01,0,,,0,0.0,0.0
BMU,Bermuda,2019,2,2019-02,2019-02-01,0,,,0,0.0,0.0
BMU,Bermuda,2019,3,2019-03,2019-03-01,0,,,0,0.0,0.0
BMU,Bermuda,2019,4,2019-04,2019-04-01,0,,,0,0.0,0.0
BMU,Bermuda,2019,5,2019-05,2019-05-01,0,,,0,0.0,0.0
BMU,Bermuda,2019,6,2019-06,2019-06-01,0,,,0,0.0,0.0
BMU,Bermuda,2019,7,2019-07,2019-07-01,0,,,0,0.0,0.0
BMU,Bermuda,2019,8,2019-08,2019-08-01,0,,,0,0.0,0.0
BMU,Bermuda,2019,9,2019-09,2019-09-01,1,JERRY,2019260N13317,2,25.0,12.8611
BMU,Bermuda,2019,10,2019-10,2019-10-01,0,,,0,0.0,0.0
BMU,Bermuda,2019,11,2019-11,2019-11-01,0,,,0,0.0,0.0
BMU,Bermuda,2019,12,2019-12,2019-12-01,0,,,0,0.0,0.0
BMU,Bermuda,2020,1,2020-01,2020-01-01,0,,,0,0.0,0.0
BMU,Bermuda,2020,2,2020-02,2020-02-01,0,,,0,0.0,0.0
BMU,Bermuda,2020,3,2020-03,2020-03-01,0,,,0,0.0,0.0
BMU,Bermuda,2020,4,2020-04,2020-04-01,0,,,0,0.0,0.0
BMU,Bermuda,2020,5,2020-05,2020-05-01,0,,,0,0.0,0.0
BMU,Bermuda,2020,6,2020-06,2020-06-01,0,,,0,0.0,0.0
BMU,Bermuda,2020,7,2020-07,2020-07-01,0,,,0,0.0,0.0
BMU,Bermuda,2020,8,2020-08,2020-08-01,0,,,0,0.0,0.0
BMU,Bermuda,2020,9,2020-09,2020-09-01,1,PAULETTE,2020251N17319,2,85.0,43.727740000000004
BMU,Bermuda,2020,10,2020-10,2020-10-01,0,,,0,0.0,0.0
BMU,Bermuda,2020,11,2020-11,2020-11-01,0,,,0,0.0,0.0
BMU,Bermuda,2020,12,2020-12,2020-12-01,0,,,0,0.0,0.0
BMU,Bermuda,2021,1,2021-01,2021-01-01,0,,,0,0.0,0.0
BMU,Bermuda,2021,2,2021-02,2021-02-01,0,,,0,0.0,0.0
BMU,Bermuda,2021,3,2021-03,2021-03-01,0,,,0,0.0,0.0
BMU,Bermuda,2021,4,2021-04,2021-04-01,0,,,0,0.0,0.0
BMU,Bermuda,2021,5,2021-05,2021-05-01,0,,,0,0.0,0.0
BMU,Bermuda,2021,6,2021-06,2021-06-01,0,,,0,0.0,0.0
BMU,Bermuda,2021,7,2021-07,2021-07-01,0,,,0,0.0,0.0
BMU,Bermuda,2021,8,2021-08,2021-08-01,0,,,0,0.0,0.0
BMU,Bermuda,2021,9,2021-09,2021-09-01,0,,,0,0.0,0.0
BMU,Bermuda,2021,10,2021-10,2021-10-01,0,,,0,0.0,0.0
BMU,Bermuda,2021,11,2021-11,2021-11-01,0,,,0,0.0,0.0
BMU,Bermuda,2021,12,2021-12,2021-12-01,0,,,0,0.0,0.0
BMU,Bermuda,2022,1,2022-01,2022-01-01,0,,,0,0.0,0.0
BMU,Bermuda,2022,2,2022-02,2022-02-01,0,,,0,0.0,0.0
BMU,Bermuda,2022,3,2022-03,2022-03-01,0,,,0,0.0,0.0
BMU,Bermuda,2022,4,2022-04,2022-04-01,0,,,0,0.0,0.0
BMU,Bermuda,2022,5,2022-05,2022-05-01,0,,,0,0.0,0.0
BMU,Bermuda,2022,6,2022-06,2022-06-01,0,,,0,0.0,0.0
BMU,Bermuda,2022,7,2022-07,2022-07-01,0,,,0,0.0,0.0
BMU,Bermuda,2022,8,2022-08,2022-08-01,0,,,0,0.0,0.0
BMU,Bermuda,2022,9,2022-09,2022-09-01,0,,,0,0.0,0.0
BMU,Bermuda,2022,10,2022-10,2022-10-01,0,,,0,0.0,0.0
BMU,Bermuda,2022,11,2022-11,2022-11-01,0,,,0,0.0,0.0
BMU,Bermuda,2022,12,2022-12,2022-12-01,0,,,0,0.0,0.0
BMU,Bermuda,2023,1,2023-01,2023-01-01,0,,,0,0.0,0.0
BMU,Bermuda,2023,2,2023-02,2023-02-01,0,,,0,0.0,0.0
BMU,Bermuda,2023,3,2023-03,2023-03-01,0,,,0,0.0,0.0
BMU,Bermuda,2023,4,2023-04,2023-04-01,0,,,0,0.0,0.0
BMU,Bermuda,2023,5,2023-05,2023-05-01,0,,,0,0.0,0.0
BMU,Bermuda,2023,6,2023-06,2023-06-01,0,,,0,0.0,0.0
BMU,Bermuda,2023,7,2023-07,2023-07-01,0,,,0,0.0,0.0
BMU,Bermuda,2023,8,2023-08,2023-08-01,0,,,0,0.0,0.0
BMU,Bermuda,2023,9,2023-09,2023-09-01,0,,,0,0.0,0.0
BMU,Bermuda,2023,10,2023-10,2023-10-01,0,,,0,0.0,0.0
BMU,Bermuda,2023,11,2023-11,2023-11-01,0,,,0,0.0,0.0
BMU,Bermuda,2023,12,2023-12,2023-12-01,0,,,0,0.0,0.0
BMU,Bermuda,2024,1,2024-01,2024-01-01,0,,,0,0.0,0.0
BMU,Bermuda,2024,2,2024-02,2024-02-01,0,,,0,0.0,0.0
BMU,Bermuda,2024,3,2024-03,2024-03-01,0,,,0,0.0,0.0
BMU,Bermuda,2024,4,2024-04,2024-04-01,0,,,0,0.0,0.0
BMU,Bermuda,2024,5,2024-05,2024-05-01,0,,,0,0.0,0.0
BMU,Bermuda,2024,6,2024-06,2024-06-01,0,,,0,0.0,0.0
BMU,Bermuda,2024,7,2024-07,2024-07-01,0,,,0,0.0,0.0
BMU,Bermuda,2024,8,2024-08,2024-08-01,1,ERNESTO,2024225N14313,4,75.0,38.5833
BMU,Bermuda,2024,9,2024-09,2024-09-01,0,,,0,0.0,0.0
BMU,Bermuda,2024,10,2024-10,2024-10-01,0,,,0,0.0,0.0
BMU,Bermuda,2024,11,2024-11,2024-11-01,0,,,0,0.0,0.0
BMU,Bermuda,2024,12,2024-12,2024-12-01,0,,,0,0.0,0.0
VGB,British Virgin Islands,2017,1,2017-01,2017-01-01,0,,,0,0.0,0.0
VGB,British Virgin Islands,2017,2,2017-02,2017-02-01,0,,,0,0.0,0.0
VGB,British Virgin Islands,2017,3,2017-03,2017-03-01,0,,,0,0.0,0.0
VGB,British Virgin Islands,2017,4,2017-04,2017-04-01,0,,,0,0.0,0.0
VGB,British Virgin Islands,2017,5,2017-05,2017-05-01,0,,,0,0.0,0.0
VGB,British Virgin Islands,2017,6,2017-06,2017-06-01,0,,,0,0.0,0.0
VGB,British Virgin Islands,2017,7,2017-07,2017-07-01,0,,,0,0.0,0.0
VGB,British Virgin Islands,2017,8,2017-08,2017-08-01,0,,,0,0.0,0.0
VGB,British Virgin Islands,2017,9,2017-09,2017-09-01,1,IRMA,2017242N16333,3,155.0,79.73882
VGB,British Virgin Islands,2017,10,2017-10,2017-10-01,0,,,0,0.0,0.0
VGB,British Virgin Islands,2017,11,2017-11,2017-11-01,0,,,0,0.0,0.0
VGB,British Virgin Islands,2017,12,2017-12,2017-12-01,0,,,0,0.0,0.0
VGB,British Virgin Islands,2018,1,2018-01,2018-01-01,0,,,0,0.0,0.0
VGB,British Virgin Islands,2018,2,2018-02,2018-02-01,0,,,0,0.0,0.0
VGB,British Virgin Islands,2018,3,2018-03,2018-03-01,0,,,0,0.0,0.0
VGB,British Virgin Islands,2018,4,2018-04,2018-04-01,0,,,0,0.0,0.0
VGB,British Virgin Islands,2018,5,2018-05,2018-05-01,0,,,0,0.0,0.0
VGB,British Virgin Islands,2018,6,2018-06,2018-06-01,0,,,0,0.0,0.0
VGB,British Virgin Islands,2018,7,2018-07,2018-07-01,0,,,0,0.0,0.0
VGB,British Virgin Islands,2018,8,2018-08,2018-08-01,0,,,0,0.0,0.0
VGB,British Virgin Islands,2018,9,2018-09,2018-09-01,0,,,0,0.0,0.0
VGB,British Virgin Islands,2018,10,2018-10,2018-10-01,0,,,0,0.0,0.0
VGB,British Virgin Islands,2018,11,2018-11,2018-11-01,0,,,0,0.0,0.0
VGB,British Virgin Islands,2018,12,2018-12,2018-12-01,0,,,0,0.0,0.0
VGB,British Virgin Islands,2019,1,2019-01,2019-01-01,0,,,0,0.0,0.0
VGB,British Virgin Islands,2019,2,2019-02,2019-02-01,0,,,0,0.0,0.0
VGB,British Virgin Islands,2019,3,2019-03,2019-03-01,0,,,0,0.0,0.0
VGB,British Virgin Islands,2019,4,2019-04,2019-04-01,0,,,0,0.0,0.0
VGB,British Virgin Islands,2019,5,2019-05,2019-05-01,0,,,0,0.0,0.0
VGB,British Virgin Islands,2019,6,2019-06,2019-06-01,0,,,0,0.0,0.0
VGB,British Virgin Islands,2019,7,2019-07,2019-07-01,0,,,0,0.0,0.0
VGB,British Virgin Islands,2019,8,2019-08,2019-08-01,1,DORIAN,2019236N10314,1,70.0,36.01108
VGB,British Virgin Islands,2019,9,2019-09,2019-09-01,1,KAREN,2019265N12301,1,40.0,20.57776
VGB,British Virgin Islands,2019,10,2019-10,2019-10-01,0,,,0,0.0,0.0
VGB,British Virgin Islands,2019,11,2019-11,2019-11-01,0,,,0,0.0,0.0
VGB,British Virgin Islands,2019,12,2019-12,2019-12-01,0,,,0,0.0,0.0
VGB,British Virgin Islands,2020,1,2020-01,2020-01-01,0,,,0,0.0,0.0
VGB,British Virgin Islands,2020,2,2020-02,2020-02-01,0,,,0,0.0,0.0
VGB,British Virgin Islands,2020,3,2020-03,2020-03-01,0,,,0,0.0,0.0
VGB,British Virgin Islands,2020,4,2020-04,2020-04-01,0,,,0,0.0,0.0
VGB,British Virgin Islands,2020,5,2020-05,2020-05-01,0,,,0,0.0,0.0
VGB,British Virgin Islands,2020,6,2020-06,2020-06-01,0,,,0,0.0,0.0
VGB,British Virgin Islands,2020,7,2020-07,2020-07-01,0,,,0,0.0,0.0
VGB,British Virgin Islands,2020,8,2020-08,2020-08-01,0,,,0,0.0,0.0
VGB,British Virgin Islands,2020,9,2020-09,2020-09-01,0,,,0,0.0,0.0
VGB,British Virgin Islands,2020,10,2020-10,2020-10-01,0,,,0,0.0,0.0
VGB,British Virgin Islands,2020,11,2020-11,2020-11-01,0,,,0,0.0,0.0
VGB,British Virgin Islands,2020,12,2020-12,2020-12-01,0,,,0,0.0,0.0
VGB,British Virgin Islands,2021,1,2021-01,2021-01-01,0,,,0,0.0,0.0
VGB,British Virgin Islands,2021,2,2021-02,2021-02-01,0,,,0,0.0,0.0
VGB,British Virgin Islands,2021,3,2021-03,2021-03-01,0,,,0,0.0,0.0
VGB,British Virgin Islands,2021,4,2021-04,2021-04-01,0,,,0,0.0,0.0
VGB,British Virgin Islands,2021,5,2021-05,2021-05-01,0,,,0,0.0,0.0
VGB,British Virgin Islands,2021,6,2021-06,2021-06-01,0,,,0,0.0,0.0
VGB,British Virgin Islands,2021,7,2021-07,2021-07-01,0,,,0,0.0,0.0
VGB,British Virgin Islands,2021,8,2021-08,2021-08-01,0,,,0,0.0,0.0
VGB,British Virgin Islands,2021,9,2021-09,2021-09-01,0,,,0,0.0,0.0
VGB,British Virgin Islands,2021,10,2021-10,2021-10-01,0,,,0,0.0,0.0
VGB,British Virgin Islands,2021,11,2021-11,2021-11-01,0,,,0,0.0,0.0
VGB,British Virgin Islands,2021,12,2021-12,2021-12-01,0,,,0,0.0,0.0
VGB,British Virgin Islands,2022,1,2022-01,2022-01-01,0,,,0,0.0,0.0
VGB,British Virgin Islands,2022,2,2022-02,2022-02-01,0,,,0,0.0,0.0
VGB,British Virgin Islands,2022,3,2022-03,2022-03-01,0,,,0,0.0,0.0
VGB,British Virgin Islands,2022,4,2022-04,2022-04-01,0,,,0,0.0,0.0
VGB,British Virgin Islands,2022,5,2022-05,2022-05-01,0,,,0,0.0,0.0
VGB,British Virgin Islands,2022,6,2022-06,2022-06-01,0,,,0,0.0,0.0
VGB,British Virgin Islands,2022,7,2022-07,2022-07-01,0,,,0,0.0,0.0
VGB,British Virgin Islands,2022,8,2022-08,2022-08-01,0,,,0,0.0,0.0
VGB,British Virgin Islands,2022,9,2022-09,2022-09-01,0,,,0,0.0,0.0
VGB,British Virgin Islands,2022,10,2022-10,2022-10-01,0,,,0,0.0,0.0
VGB,British Virgin Islands,2022,11,2022-11,2022-11-01,0,,,0,0.0,0.0
VGB,British Virgin Islands,2022,12,2022-12,2022-12-01,0,,,0,0.0,0.0
VGB,British Virgin Islands,2023,1,2023-01,2023-01-01,0,,,0,0.0,0.0
VGB,British Virgin Islands,2023,2,2023-02,2023-02-01,0,,,0,0.0,0.0
VGB,British Virgin Islands,2023,3,2023-03,2023-03-01,0,,,0,0.0,0.0
VGB,British Virgin Islands,2023,4,2023-04,2023-04-01,0,,,0,0.0,0.0
VGB,British Virgin Islands,2023,5,2023-05,2023-05-01,0,,,0,0.0,0.0
VGB,British Virgin Islands,2023,6,2023-06,2023-06-01,0,,,0,0.0,0.0
VGB,British Virgin Islands,2023,7,2023-07,2023-07-01,0,,,0,0.0,0.0
VGB,British Virgin Islands,2023,8,2023-08,2023-08-01,0,,,0,0.0,0.0
VGB,British Virgin Islands,2023,9,2023-09,2023-09-01,0,,,0,0.0,0.0
VGB,British Virgin Islands,2023,10,2023-10,2023-10-01,1,PHILIPPE,2023266N16323,2,40.0,20.57776
VGB,British Virgin Islands,2023,11,2023-11,2023-11-01,0,,,0,0.0,0.0
VGB,British Virgin Islands,2023,12,2023-12,2023-12-01,0,,,0,0.0,0.0
VGB,British Virgin Islands,2024,1,2024-01,2024-01-01,0,,,0,0.0,0.0
VGB,British Virgin Islands,2024,2,2024-02,2024-02-01,0,,,0,0.0,0.0
VGB,British Virgin Islands,2024,3,2024-03,2024-03-01,0,,,0,0.0,0.0
VGB,British Virgin Islands,2024,4,2024-04,2024-04-01,0,,,0,0.0,0.0
VGB,British Virgin Islands,2024,5,2024-05,2024-05-01,0,,,0,0.0,0.0
VGB,British Virgin Islands,2024,6,2024-06,2024-06-01,0,,,0,0.0,0.0
VGB,British Virgin Islands,2024,7,2024-07,2024-07-01,0,,,0,0.0,0.0
VGB,British Virgin Islands,2024,8,2024-08,2024-08-01,1,ERNESTO,2024225N14313,2,55.0,28.294420000000002
VGB,British Virgin Islands,2024,9,2024-09,2024-09-01,0,,,0,0.0,0.0
VGB,British Virgin Islands,2024,10,2024-10,2024-10-01,0,,,0,0.0,0.0
VGB,British Virgin Islands,2024,11,2024-11,2024-11-01,0,,,0,0.0,0.0
VGB,British Virgin Islands,2024,12,2024-12,2024-12-01,0,,,0,0.0,0.0
CYM,Cayman Islands,2017,1,2017-01,2017-01-01,0,,,0,0.0,0.0
CYM,Cayman Islands,2017,2,2017-02,2017-02-01,0,,,0,0.0,0.0
CYM,Cayman Islands,2017,3,2017-03,2017-03-01,0,,,0,0.0,0.0
CYM,Cayman Islands,2017,4,2017-04,2017-04-01,0,,,0,0.0,0.0
CYM,Cayman Islands,2017,5,2017-05,2017-05-01,0,,,0,0.0,0.0
CYM,Cayman Islands,2017,6,2017-06,2017-06-01,0,,,0,0.0,0.0
CYM,Cayman Islands,2017,7,2017-07,2017-07-01,0,,,0,0.0,0.0
CYM,Cayman Islands,2017,8,2017-08,2017-08-01,0,,,0,0.0,0.0
CYM,Cayman Islands,2017,9,2017-09,2017-09-01,0,,,0,0.0,0.0
CYM,Cayman Islands,2017,10,2017-10,2017-10-01,0,,,0,0.0,0.0
CYM,Cayman Islands,2017,11,2017-11,2017-11-01,0,,,0,0.0,0.0
CYM,Cayman Islands,2017,12,2017-12,2017-12-01,0,,,0,0.0,0.0
CYM,Cayman Islands,2018,1,2018-01,2018-01-01,0,,,0,0.0,0.0
CYM,Cayman Islands,2018,2,2018-02,2018-02-01,0,,,0,0.0,0.0
CYM,Cayman Islands,2018,3,2018-03,2018-03-01,0,,,0,0.0,0.0
CYM,Cayman Islands,2018,4,2018-04,2018-04-01,0,,,0,0.0,0.0
CYM,Cayman Islands,2018,5,2018-05,2018-05-01,0,,,0,0.0,0.0
CYM,Cayman Islands,2018,6,2018-06,2018-06-01,0,,,0,0.0,0.0
CYM,Cayman Islands,2018,7,2018-07,2018-07-01,0,,,0,0.0,0.0
CYM,Cayman Islands,2018,8,2018-08,2018-08-01,0,,,0,0.0,0.0
CYM,Cayman Islands,2018,9,2018-09,2018-09-01,0,,,0,0.0,0.0
CYM,Cayman Islands,2018,10,2018-10,2018-10-01,0,,,0,0.0,0.0
CYM,Cayman Islands,2018,11,2018-11,2018-11-01,0,,,0,0.0,0.0
CYM,Cayman Islands,2018,12,2018-12,2018-12-01,0,,,0,0.0,0.0
CYM,Cayman Islands,2019,1,2019-01,2019-01-01,0,,,0,0.0,0.0
CYM,Cayman Islands,2019,2,2019-02,2019-02-01,0,,,0,0.0,0.0
CYM,Cayman Islands,2019,3,2019-03,2019-03-01,0,,,0,0.0,0.0
CYM,Cayman Islands,2019,4,2019-04,2019-04-01,0,,,0,0.0,0.0
CYM,Cayman Islands,2019,5,2019-05,2019-05-01,0,,,0,0.0,0.0
CYM,Cayman Islands,2019,6,2019-06,2019-06-01,0,,,0,0.0,0.0
CYM,Cayman Islands,2019,7,2019-07,2019-07-01,0,,,0,0.0,0.0
CYM,Cayman Islands,2019,8,2019-08,2019-08-01,0,,,0,0.0,0.0
CYM,Cayman Islands,2019,9,2019-09,2019-09-01,0,,,0,0.0,0.0
CYM,Cayman Islands,2019,10,2019-10,2019-10-01,0,,,0,0.0,0.0
CYM,Cayman Islands,2019,11,2019-11,2019-11-01,0,,,0,0.0,0.0
CYM,Cayman Islands,2019,12,2019-12,2019-12-01,0,,,0,0.0,0.0
CYM,Cayman Islands,2020,1,2020-01,2020-01-01,0,,,0,0.0,0.0
CYM,Cayman Islands,2020,2,2020-02,2020-02-01,0,,,0,0.0,0.0
CYM,Cayman Islands,2020,3,2020-03,2020-03-01,0,,,0,0.0,0.0
CYM,Cayman Islands,2020,4,2020-04,2020-04-01,0,,,0,0.0,0.0
CYM,Cayman Islands,2020,5,2020-05,2020-05-01,0,,,0,0.0,0.0
CYM,Cayman Islands,2020,6,2020-06,2020-06-01,0,,,0,0.0,0.0
CYM,Cayman Islands,2020,7,2020-07,2020-07-01,0,,,0,0.0,0.0
CYM,Cayman Islands,2020,8,2020-08,2020-08-01,0,,,0,0.0,0.0
CYM,Cayman Islands,2020,9,2020-09,2020-09-01,0,,,0,0.0,0.0
CYM,Cayman Islands,2020,10,2020-10,2020-10-01,0,,,0,0.0,0.0
CYM,Cayman Islands,2020,11,2020-11,2020-11-01,1,ETA,2020306N15288,1,55.0,28.294420000000002
CYM,Cayman Islands,2020,12,2020-12,2020-12-01,0,,,0,0.0,0.0
CYM,Cayman Islands,2021,1,2021-01,2021-01-01,0,,,0,0.0,0.0
CYM,Cayman Islands,2021,2,2021-02,2021-02-01,0,,,0,0.0,0.0
CYM,Cayman Islands,2021,3,2021-03,2021-03-01,0,,,0,0.0,0.0
CYM,Cayman Islands,2021,4,2021-04,2021-04-01,0,,,0,0.0,0.0
CYM,Cayman Islands,2021,5,2021-05,2021-05-01,0,,,0,0.0,0.0
CYM,Cayman Islands,2021,6,2021-06,2021-06-01,0,,,0,0.0,0.0
CYM,Cayman Islands,2021,7,2021-07,2021-07-01,0,,,0,0.0,0.0
CYM,Cayman Islands,2021,8,2021-08,2021-08-01,2,GRACE | IDA,2021225N15313 | 2021239N17281,2,65.0,33.43886
CYM,Cayman Islands,2021,9,2021-09,2021-09-01,0,,,0,0.0,0.0
CYM,Cayman Islands,2021,10,2021-10,2021-10-01,0,,,0,0.0,0.0
CYM,Cayman Islands,2021,11,2021-11,2021-11-01,0,,,0,0.0,0.0
CYM,Cayman Islands,2021,12,2021-12,2021-12-01,0,,,0,0.0,0.0
CYM,Cayman Islands,2022,1,2022-01,2022-01-01,0,,,0,0.0,0.0
CYM,Cayman Islands,2022,2,2022-02,2022-02-01,0,,,0,0.0,0.0
CYM,Cayman Islands,2022,3,2022-03,2022-03-01,0,,,0,0.0,0.0
CYM,Cayman Islands,2022,4,2022-04,2022-04-01,0,,,0,0.0,0.0
CYM,Cayman Islands,2022,5,2022-05,2022-05-01,0,,,0,0.0,0.0
CYM,Cayman Islands,2022,6,2022-06,2022-06-01,0,,,0,0.0,0.0
CYM,Cayman Islands,2022,7,2022-07,2022-07-01,0,,,0,0.0,0.0
CYM,Cayman Islands,2022,8,2022-08,2022-08-01,0,,,0,0.0,0.0
CYM,Cayman Islands,2022,9,2022-09,2022-09-01,0,,,0,0.0,0.0
CYM,Cayman Islands,2022,10,2022-10,2022-10-01,0,,,0,0.0,0.0
CYM,Cayman Islands,2022,11,2022-11,2022-11-01,0,,,0,0.0,0.0
CYM,Cayman Islands,2022,12,2022-12,2022-12-01,0,,,0,0.0,0.0
CYM,Cayman Islands,2023,1,2023-01,2023-01-01,0,,,0,0.0,0.0
CYM,Cayman Islands,2023,2,2023-02,2023-02-01,0,,,0,0.0,0.0
CYM,Cayman Islands,2023,3,2023-03,2023-03-01,0,,,0,0.0,0.0
CYM,Cayman Islands,2023,4,2023-04,2023-04-01,0,,,0,0.0,0.0
CYM,Cayman Islands,2023,5,2023-05,2023-05-01,0,,,0,0.0,0.0
CYM,Cayman Islands,2023,6,2023-06,2023-06-01,0,,,0,0.0,0.0
CYM,Cayman Islands,2023,7,2023-07,2023-07-01,0,,,0,0.0,0.0
CYM,Cayman Islands,2023,8,2023-08,2023-08-01,0,,,0,0.0,0.0
CYM,Cayman Islands,2023,9,2023-09,2023-09-01,0,,,0,0.0,0.0
CYM,Cayman Islands,2023,10,2023-10,2023-10-01,0,,,0,0.0,0.0
CYM,Cayman Islands,2023,11,2023-11,2023-11-01,0,,,0,0.0,0.0
CYM,Cayman Islands,2023,12,2023-12,2023-12-01,0,,,0,0.0,0.0
CYM,Cayman Islands,2024,1,2024-01,2024-01-01,0,,,0,0.0,0.0
CYM,Cayman Islands,2024,2,2024-02,2024-02-01,0,,,0,0.0,0.0
CYM,Cayman Islands,2024,3,2024-03,2024-03-01,0,,,0,0.0,0.0
CYM,Cayman Islands,2024,4,2024-04,2024-04-01,0,,,0,0.0,0.0
CYM,Cayman Islands,2024,5,2024-05,2024-05-01,0,,,0,0.0,0.0
CYM,Cayman Islands,2024,6,2024-06,2024-06-01,0,,,0,0.0,0.0
CYM,Cayman Islands,2024,7,2024-07,2024-07-01,0,,,0,0.0,0.0
CYM,Cayman Islands,2024,8,2024-08,2024-08-01,0,,,0,0.0,0.0
CYM,Cayman Islands,2024,9,2024-09,2024-09-01,0,,,0,0.0,0.0
CYM,Cayman Islands,2024,10,2024-10,2024-10-01,0,,,0,0.0,0.0
CYM,Cayman Islands,2024,11,2024-11,2024-11-01,1,RAFAEL,2024309N13283,2,75.0,38.5833
CYM,Cayman Islands,2024,12,2024-12,2024-12-01,0,,,0,0.0,0.0
DMA,Dominica,2017,1,2017-01,2017-01-01,0,,,0,0.0,0.0
DMA,Dominica,2017,2,2017-02,2017-02-01,0,,,0,0.0,0.0
DMA,Dominica,2017,3,2017-03,2017-03-01,0,,,0,0.0,0.0
DMA,Dominica,2017,4,2017-04,2017-04-01,0,,,0,0.0,0.0
DMA,Dominica,2017,5,2017-05,2017-05-01,0,,,0,0.0,0.0
DMA,Dominica,2017,6,2017-06,2017-06-01,0,,,0,0.0,0.0
DMA,Dominica,2017,7,2017-07,2017-07-01,0,,,0,0.0,0.0
DMA,Dominica,2017,8,2017-08,2017-08-01,0,,,0,0.0,0.0
DMA,Dominica,2017,9,2017-09,2017-09-01,1,MARIA,2017260N12310,4,145.0,74.59438
DMA,Dominica,2017,10,2017-10,2017-10-01,0,,,0,0.0,0.0
DMA,Dominica,2017,11,2017-11,2017-11-01,0,,,0,0.0,0.0
DMA,Dominica,2017,12,2017-12,2017-12-01,0,,,0,0.0,0.0
DMA,Dominica,2018,1,2018-01,2018-01-01,0,,,0,0.0,0.0
DMA,Dominica,2018,2,2018-02,2018-02-01,0,,,0,0.0,0.0
DMA,Dominica,2018,3,2018-03,2018-03-01,0,,,0,0.0,0.0
DMA,Dominica,2018,4,2018-04,2018-04-01,0,,,0,0.0,0.0
DMA,Dominica,2018,5,2018-05,2018-05-01,0,,,0,0.0,0.0
DMA,Dominica,2018,6,2018-06,2018-06-01,0,,,0,0.0,0.0
DMA,Dominica,2018,7,2018-07,2018-07-01,1,BERYL,2018186N10325,1,35.0,18.00554
DMA,Dominica,2018,8,2018-08,2018-08-01,0,,,0,0.0,0.0
DMA,Dominica,2018,9,2018-09,2018-09-01,1,ISAAC,2018251N13325,1,38.0,19.548872
DMA,Dominica,2018,10,2018-10,2018-10-01,0,,,0,0.0,0.0
DMA,Dominica,2018,11,2018-11,2018-11-01,0,,,0,0.0,0.0
DMA,Dominica,2018,12,2018-12,2018-12-01,0,,,0,0.0,0.0
DMA,Dominica,2019,1,2019-01,2019-01-01,0,,,0,0.0,0.0
DMA,Dominica,2019,2,2019-02,2019-02-01,0,,,0,0.0,0.0
DMA,Dominica,2019,3,2019-03,2019-03-01,0,,,0,0.0,0.0
DMA,Dominica,2019,4,2019-04,2019-04-01,0,,,0,0.0,0.0
DMA,Dominica,2019,5,2019-05,2019-05-01,0,,,0,0.0,0.0
DMA,Dominica,2019,6,2019-06,2019-06-01,0,,,0,0.0,0.0
DMA,Dominica,2019,7,2019-07,2019-07-01,0,,,0,0.0,0.0
DMA,Dominica,2019,8,2019-08,2019-08-01,0,,,0,0.0,0.0
DMA,Dominica,2019,9,2019-09,2019-09-01,0,,,0,0.0,0.0
DMA,Dominica,2019,10,2019-10,2019-10-01,0,,,0,0.0,0.0
DMA,Dominica,2019,11,2019-11,2019-11-01,0,,,0,0.0,0.0
DMA,Dominica,2019,12,2019-12,2019-12-01,0,,,0,0.0,0.0
DMA,Dominica,2020,1,2020-01,2020-01-01,0,,,0,0.0,0.0
DMA,Dominica,2020,2,2020-02,2020-02-01,0,,,0,0.0,0.0
DMA,Dominica,2020,3,2020-03,2020-03-01,0,,,0,0.0,0.0
DMA,Dominica,2020,4,2020-04,2020-04-01,0,,,0,0.0,0.0
DMA,Dominica,2020,5,2020-05,2020-05-01,0,,,0,0.0,0.0
DMA,Dominica,2020,6,2020-06,2020-06-01,0,,,0,0.0,0.0
DMA,Dominica,2020,7,2020-07,2020-07-01,1,ISAIAS,2020211N13306,1,40.0,20.57776
DMA,Dominica,2020,8,2020-08,2020-08-01,0,,,0,0.0,0.0
DMA,Dominica,2020,9,2020-09,2020-09-01,0,,,0,0.0,0.0
DMA,Dominica,2020,10,2020-10,2020-10-01,0,,,0,0.0,0.0
DMA,Dominica,2020,11,2020-11,2020-11-01,0,,,0,0.0,0.0
DMA,Dominica,2020,12,2020-12,2020-12-01,0,,,0,0.0,0.0
DMA,Dominica,2021,1,2021-01,2021-01-01,0,,,0,0.0,0.0
DMA,Dominica,2021,2,2021-02,2021-02-01,0,,,0,0.0,0.0
DMA,Dominica,2021,3,2021-03,2021-03-01,0,,,0,0.0,0.0
DMA,Dominica,2021,4,2021-04,2021-04-01,0,,,0,0.0,0.0
DMA,Dominica,2021,5,2021-05,2021-05-01,0,,,0,0.0,0.0
DMA,Dominica,2021,6,2021-06,2021-06-01,0,,,0,0.0,0.0
DMA,Dominica,2021,7,2021-07,2021-07-01,0,,,0,0.0,0.0
DMA,Dominica,2021,8,2021-08,2021-08-01,1,FRED,2021222N14301,1,30.0,15.43332
DMA,Dominica,2021,9,2021-09,2021-09-01,0,,,0,0.0,0.0
DMA,Dominica,2021,10,2021-10,2021-10-01,0,,,0,0.0,0.0
DMA,Dominica,2021,11,2021-11,2021-11-01,0,,,0,0.0,0.0
DMA,Dominica,2021,12,2021-12,2021-12-01,0,,,0,0.0,0.0
DMA,Dominica,2022,1,2022-01,2022-01-01,0,,,0,0.0,0.0
DMA,Dominica,2022,2,2022-02,2022-02-01,0,,,0,0.0,0.0
DMA,Dominica,2022,3,2022-03,2022-03-01,0,,,0,0.0,0.0
DMA,Dominica,2022,4,2022-04,2022-04-01,0,,,0,0.0,0.0
DMA,Dominica,2022,5,2022-05,2022-05-01,0,,,0,0.0,0.0
DMA,Dominica,2022,6,2022-06,2022-06-01,0,,,0,0.0,0.0
DMA,Dominica,2022,7,2022-07,2022-07-01,0,,,0,0.0,0.0
DMA,Dominica,2022,8,2022-08,2022-08-01,0,,,0,0.0,0.0
DMA,Dominica,2022,9,2022-09,2022-09-01,0,,,0,0.0,0.0
DMA,Dominica,2022,10,2022-10,2022-10-01,0,,,0,0.0,0.0
DMA,Dominica,2022,11,2022-11,2022-11-01,0,,,0,0.0,0.0
DMA,Dominica,2022,12,2022-12,2022-12-01,0,,,0,0.0,0.0
DMA,Dominica,2023,1,2023-01,2023-01-01,0,,,0,0.0,0.0
DMA,Dominica,2023,2,2023-02,2023-02-01,0,,,0,0.0,0.0
DMA,Dominica,2023,3,2023-03,2023-03-01,0,,,0,0.0,0.0
DMA,Dominica,2023,4,2023-04,2023-04-01,0,,,0,0.0,0.0
DMA,Dominica,2023,5,2023-05,2023-05-01,0,,,0,0.0,0.0
DMA,Dominica,2023,6,2023-06,2023-06-01,0,,,0,0.0,0.0
DMA,Dominica,2023,7,2023-07,2023-07-01,0,,,0,0.0,0.0
DMA,Dominica,2023,8,2023-08,2023-08-01,0,,,0,0.0,0.0
DMA,Dominica,2023,9,2023-09,2023-09-01,0,,,0,0.0,0.0
DMA,Dominica,2023,10,2023-10,2023-10-01,0,,,0,0.0,0.0
DMA,Dominica,2023,11,2023-11,2023-11-01,0,,,0,0.0,0.0
DMA,Dominica,2023,12,2023-12,2023-12-01,0,,,0,0.0,0.0
DMA,Dominica,2024,1,2024-01,2024-01-01,0,,,0,0.0,0.0
DMA,Dominica,2024,2,2024-02,2024-02-01,0,,,0,0.0,0.0
DMA,Dominica,2024,3,2024-03,2024-03-01,0,,,0,0.0,0.0
DMA,Dominica,2024,4,2024-04,2024-04-01,0,,,0,0.0,0.0
DMA,Dominica,2024,5,2024-05,2024-05-01,0,,,0,0.0,0.0
DMA,Dominica,2024,6,2024-06,2024-06-01,0,,,0,0.0,0.0
DMA,Dominica,2024,7,2024-07,2024-07-01,0,,,0,0.0,0.0
DMA,Dominica,2024,8,2024-08,2024-08-01,0,,,0,0.0,0.0
DMA,Dominica,2024,9,2024-09,2024-09-01,0,,,0,0.0,0.0
DMA,Dominica,2024,10,2024-10,2024-10-01,0,,,0,0.0,0.0
DMA,Dominica,2024,11,2024-11,2024-11-01,0,,,0,0.0,0.0
DMA,Dominica,2024,12,2024-12,2024-12-01,0,,,0,0.0,0.0
DOM,Dominican Republic,2017,1,2017-01,2017-01-01,0,,,0,0.0,0.0
DOM,Dominican Republic,2017,2,2017-02,2017-02-01,0,,,0,0.0,0.0
DOM,Dominican Republic,2017,3,2017-03,2017-03-01,0,,,0,0.0,0.0
DOM,Dominican Republic,2017,4,2017-04,2017-04-01,0,,,0,0.0,0.0
DOM,Dominican Republic,2017,5,2017-05,2017-05-01,0,,,0,0.0,0.0
DOM,Dominican Republic,2017,6,2017-06,2017-06-01,0,,,0,0.0,0.0
DOM,Dominican Republic,2017,7,2017-07,2017-07-01,0,,,0,0.0,0.0
DOM,Dominican Republic,2017,8,2017-08,2017-08-01,0,,,0,0.0,0.0
DOM,Dominican Republic,2017,9,2017-09,2017-09-01,0,,,0,0.0,0.0
DOM,Dominican Republic,2017,10,2017-10,2017-10-01,0,,,0,0.0,0.0
DOM,Dominican Republic,2017,11,2017-11,2017-11-01,0,,,0,0.0,0.0
DOM,Dominican Republic,2017,12,2017-12,2017-12-01,0,,,0,0.0,0.0
DOM,Dominican Republic,2018,1,2018-01,2018-01-01,0,,,0,0.0,0.0
DOM,Dominican Republic,2018,2,2018-02,2018-02-01,0,,,0,0.0,0.0
DOM,Dominican Republic,2018,3,2018-03,2018-03-01,0,,,0,0.0,0.0
DOM,Dominican Republic,2018,4,2018-04,2018-04-01,0,,,0,0.0,0.0
DOM,Dominican Republic,2018,5,2018-05,2018-05-01,0,,,0,0.0,0.0
DOM,Dominican Republic,2018,6,2018-06,2018-06-01,0,,,0,0.0,0.0
DOM,Dominican Republic,2018,7,2018-07,2018-07-01,1,BERYL,2018186N10325,4,30.0,15.43332
DOM,Dominican Republic,2018,8,2018-08,2018-08-01,0,,,0,0.0,0.0
DOM,Dominican Republic,2018,9,2018-09,2018-09-01,0,,,0,0.0,0.0
DOM,Dominican Republic,2018,10,2018-10,2018-10-01,0,,,0,0.0,0.0
DOM,Dominican Republic,2018,11,2018-11,2018-11-01,0,,,0,0.0,0.0
DOM,Dominican Republic,2018,12,2018-12,2018-12-01,0,,,0,0.0,0.0
DOM,Dominican Republic,2019,1,2019-01,2019-01-01,0,,,0,0.0,0.0
DOM,Dominican Republic,2019,2,2019-02,2019-02-01,0,,,0,0.0,0.0
DOM,Dominican Republic,2019,3,2019-03,2019-03-01,0,,,0,0.0,0.0
DOM,Dominican Republic,2019,4,2019-04,2019-04-01,0,,,0,0.0,0.0
DOM,Dominican Republic,2019,5,2019-05,2019-05-01,0,,,0,0.0,0.0
DOM,Dominican Republic,2019,6,2019-06,2019-06-01,0,,,0,0.0,0.0
DOM,Dominican Republic,2019,7,2019-07,2019-07-01,0,,,0,0.0,0.0
DOM,Dominican Republic,2019,8,2019-08,2019-08-01,0,,,0,0.0,0.0
DOM,Dominican Republic,2019,9,2019-09,2019-09-01,0,,,0,0.0,0.0
DOM,Dominican Republic,2019,10,2019-10,2019-10-01,0,,,0,0.0,0.0
DOM,Dominican Republic,2019,11,2019-11,2019-11-01,0,,,0,0.0,0.0
DOM,Dominican Republic,2019,12,2019-12,2019-12-01,0,,,0,0.0,0.0
DOM,Dominican Republic,2020,1,2020-01,2020-01-01,0,,,0,0.0,0.0
DOM,Dominican Republic,2020,2,2020-02,2020-02-01,0,,,0,0.0,0.0
DOM,Dominican Republic,2020,3,2020-03,2020-03-01,0,,,0,0.0,0.0
DOM,Dominican Republic,2020,4,2020-04,2020-04-01,0,,,0,0.0,0.0
DOM,Dominican Republic,2020,5,2020-05,2020-05-01,0,,,0,0.0,0.0
DOM,Dominican Republic,2020,6,2020-06,2020-06-01,0,,,0,0.0,0.0
DOM,Dominican Republic,2020,7,2020-07,2020-07-01,1,ISAIAS,2020211N13306,6,65.0,33.43886
DOM,Dominican Republic,2020,8,2020-08,2020-08-01,1,LAURA,2020233N14313,6,45.0,23.14998
DOM,Dominican Republic,2020,9,2020-09,2020-09-01,0,,,0,0.0,0.0
DOM,Dominican Republic,2020,10,2020-10,2020-10-01,0,,,0,0.0,0.0
DOM,Dominican Republic,2020,11,2020-11,2020-11-01,0,,,0,0.0,0.0
DOM,Dominican Republic,2020,12,2020-12,2020-12-01,0,,,0,0.0,0.0
DOM,Dominican Republic,2021,1,2021-01,2021-01-01,0,,,0,0.0,0.0
DOM,Dominican Republic,2021,2,2021-02,2021-02-01,0,,,0,0.0,0.0
DOM,Dominican Republic,2021,3,2021-03,2021-03-01,0,,,0,0.0,0.0
DOM,Dominican Republic,2021,4,2021-04,2021-04-01,0,,,0,0.0,0.0
DOM,Dominican Republic,2021,5,2021-05,2021-05-01,0,,,0,0.0,0.0
DOM,Dominican Republic,2021,6,2021-06,2021-06-01,0,,,0,0.0,0.0
DOM,Dominican Republic,2021,7,2021-07,2021-07-01,0,,,0,0.0,0.0
DOM,Dominican Republic,2021,8,2021-08,2021-08-01,2,FRED | GRACE,2021222N14301 | 2021225N15313,10,40.0,20.57776
DOM,Dominican Republic,2021,9,2021-09,2021-09-01,0,,,0,0.0,0.0
DOM,Dominican Republic,2021,10,2021-10,2021-10-01,0,,,0,0.0,0.0
DOM,Dominican Republic,2021,11,2021-11,2021-11-01,0,,,0,0.0,0.0
DOM,Dominican Republic,2021,12,2021-12,2021-12-01,0,,,0,0.0,0.0
DOM,Dominican Republic,2022,1,2022-01,2022-01-01,0,,,0,0.0,0.0
DOM,Dominican Republic,2022,2,2022-02,2022-02-01,0,,,0,0.0,0.0
DOM,Dominican Republic,2022,3,2022-03,2022-03-01,0,,,0,0.0,0.0
DOM,Dominican Republic,2022,4,2022-04,2022-04-01,0,,,0,0.0,0.0
DOM,Dominican Republic,2022,5,2022-05,2022-05-01,0,,,0,0.0,0.0
DOM,Dominican Republic,2022,6,2022-06,2022-06-01,0,,,0,0.0,0.0
DOM,Dominican Republic,2022,7,2022-07,2022-07-01,0,,,0,0.0,0.0
DOM,Dominican Republic,2022,8,2022-08,2022-08-01,0,,,0,0.0,0.0
DOM,Dominican Republic,2022,9,2022-09,2022-09-01,1,FIONA,2022257N16312,8,90.0,46.29996
DOM,Dominican Republic,2022,10,2022-10,2022-10-01,0,,,0,0.0,0.0
DOM,Dominican Republic,2022,11,2022-11,2022-11-01,0,,,0,0.0,0.0
DOM,Dominican Republic,2022,12,2022-12,2022-12-01,0,,,0,0.0,0.0
DOM,Dominican Republic,2023,1,2023-01,2023-01-01,0,,,0,0.0,0.0
DOM,Dominican Republic,2023,2,2023-02,2023-02-01,0,,,0,0.0,0.0
DOM,Dominican Republic,2023,3,2023-03,2023-03-01,0,,,0,0.0,0.0
DOM,Dominican Republic,2023,4,2023-04,2023-04-01,0,,,0,0.0,0.0
DOM,Dominican Republic,2023,5,2023-05,2023-05-01,0,,,0,0.0,0.0
DOM,Dominican Republic,2023,6,2023-06,2023-06-01,0,,,0,0.0,0.0
DOM,Dominican Republic,2023,7,2023-07,2023-07-01,0,,,0,0.0,0.0
DOM,Dominican Republic,2023,8,2023-08,2023-08-01,1,FRANKLIN,2023232N13300,7,40.0,20.57776
DOM,Dominican Republic,2023,9,2023-09,2023-09-01,0,,,0,0.0,0.0
DOM,Dominican Republic,2023,10,2023-10,2023-10-01,0,,,0,0.0,0.0
DOM,Dominican Republic,2023,11,2023-11,2023-11-01,0,,,0,0.0,0.0
DOM,Dominican Republic,2023,12,2023-12,2023-12-01,0,,,0,0.0,0.0
DOM,Dominican Republic,2024,1,2024-01,2024-01-01,0,,,0,0.0,0.0
DOM,Dominican Republic,2024,2,2024-02,2024-02-01,0,,,0,0.0,0.0
DOM,Dominican Republic,2024,3,2024-03,2024-03-01,0,,,0,0.0,0.0
DOM,Dominican Republic,2024,4,2024-04,2024-04-01,0,,,0,0.0,0.0
DOM,Dominican Republic,2024,5,2024-05,2024-05-01,0,,,0,0.0,0.0
DOM,Dominican Republic,2024,6,2024-06,2024-06-01,0,,,0,0.0,0.0
DOM,Dominican Republic,2024,7,2024-07,2024-07-01,0,,,0,0.0,0.0
DOM,Dominican Republic,2024,8,2024-08,2024-08-01,0,,,0,0.0,0.0
DOM,Dominican Republic,2024,9,2024-09,2024-09-01,0,,,0,0.0,0.0
DOM,Dominican Republic,2024,10,2024-10,2024-10-01,0,,,0,0.0,0.0
DOM,Dominican Republic,2024,11,2024-11,2024-11-01,0,,,0,0.0,0.0
DOM,Dominican Republic,2024,12,2024-12,2024-12-01,0,,,0,0.0,0.0
GRD,Grenada,2017,1,2017-01,2017-01-01,0,,,0,0.0,0.0
GRD,Grenada,2017,2,2017-02,2017-02-01,0,,,0,0.0,0.0
GRD,Grenada,2017,3,2017-03,2017-03-01,0,,,0,0.0,0.0
GRD,Grenada,2017,4,2017-04,2017-04-01,0,,,0,0.0,0.0
GRD,Grenada,2017,5,2017-05,2017-05-01,0,,,0,0.0,0.0
GRD,Grenada,2017,6,2017-06,2017-06-01,0,,,0,0.0,0.0
GRD,Grenada,2017,7,2017-07,2017-07-01,0,,,0,0.0,0.0
GRD,Grenada,2017,8,2017-08,2017-08-01,0,,,0,0.0,0.0
GRD,Grenada,2017,9,2017-09,2017-09-01,0,,,0,0.0,0.0
GRD,Grenada,2017,10,2017-10,2017-10-01,0,,,0,0.0,0.0
GRD,Grenada,2017,11,2017-11,2017-11-01,0,,,0,0.0,0.0
GRD,Grenada,2017,12,2017-12,2017-12-01,0,,,0,0.0,0.0
GRD,Grenada,2018,1,2018-01,2018-01-01,0,,,0,0.0,0.0
GRD,Grenada,2018,2,2018-02,2018-02-01,0,,,0,0.0,0.0
GRD,Grenada,2018,3,2018-03,2018-03-01,0,,,0,0.0,0.0
GRD,Grenada,2018,4,2018-04,2018-04-01,0,,,0,0.0,0.0
GRD,Grenada,2018,5,2018-05,2018-05-01,0,,,0,0.0,0.0
GRD,Grenada,2018,6,2018-06,2018-06-01,0,,,0,0.0,0.0
GRD,Grenada,2018,7,2018-07,2018-07-01,0,,,0,0.0,0.0
GRD,Grenada,2018,8,2018-08,2018-08-01,0,,,0,0.0,0.0
GRD,Grenada,2018,9,2018-09,2018-09-01,0,,,0,0.0,0.0
GRD,Grenada,2018,10,2018-10,2018-10-01,0,,,0,0.0,0.0
GRD,Grenada,2018,11,2018-11,2018-11-01,0,,,0,0.0,0.0
GRD,Grenada,2018,12,2018-12,2018-12-01,0,,,0,0.0,0.0
GRD,Grenada,2019,1,2019-01,2019-01-01,0,,,0,0.0,0.0
GRD,Grenada,2019,2,2019-02,2019-02-01,0,,,0,0.0,0.0
GRD,Grenada,2019,3,2019-03,2019-03-01,0,,,0,0.0,0.0
GRD,Grenada,2019,4,2019-04,2019-04-01,0,,,0,0.0,0.0
GRD,Grenada,2019,5,2019-05,2019-05-01,0,,,0,0.0,0.0
GRD,Grenada,2019,6,2019-06,2019-06-01,0,,,0,0.0,0.0
GRD,Grenada,2019,7,2019-07,2019-07-01,0,,,0,0.0,0.0
GRD,Grenada,2019,8,2019-08,2019-08-01,0,,,0,0.0,0.0
GRD,Grenada,2019,9,2019-09,2019-09-01,1,KAREN,2019265N12301,1,35.0,18.00554
GRD,Grenada,2019,10,2019-10,2019-10-01,0,,,0,0.0,0.0
GRD,Grenada,2019,11,2019-11,2019-11-01,0,,,0,0.0,0.0
GRD,Grenada,2019,12,2019-12,2019-12-01,0,,,0,0.0,0.0
GRD,Grenada,2020,1,2020-01,2020-01-01,0,,,0,0.0,0.0
GRD,Grenada,2020,2,2020-02,2020-02-01,0,,,0,0.0,0.0
GRD,Grenada,2020,3,2020-03,2020-03-01,0,,,0,0.0,0.0
GRD,Grenada,2020,4,2020-04,2020-04-01,0,,,0,0.0,0.0
GRD,Grenada,2020,5,2020-05,2020-05-01,0,,,0,0.0,0.0
GRD,Grenada,2020,6,2020-06,2020-06-01,0,,,0,0.0,0.0
GRD,Grenada,2020,7,2020-07,2020-07-01,0,,,0,0.0,0.0
GRD,Grenada,2020,8,2020-08,2020-08-01,0,,,0,0.0,0.0
GRD,Grenada,2020,9,2020-09,2020-09-01,0,,,0,0.0,0.0
GRD,Grenada,2020,10,2020-10,2020-10-01,0,,,0,0.0,0.0
GRD,Grenada,2020,11,2020-11,2020-11-01,0,,,0,0.0,0.0
GRD,Grenada,2020,12,2020-12,2020-12-01,0,,,0,0.0,0.0
GRD,Grenada,2021,1,2021-01,2021-01-01,0,,,0,0.0,0.0
GRD,Grenada,2021,2,2021-02,2021-02-01,0,,,0,0.0,0.0
GRD,Grenada,2021,3,2021-03,2021-03-01,0,,,0,0.0,0.0
GRD,Grenada,2021,4,2021-04,2021-04-01,0,,,0,0.0,0.0
GRD,Grenada,2021,5,2021-05,2021-05-01,0,,,0,0.0,0.0
GRD,Grenada,2021,6,2021-06,2021-06-01,0,,,0,0.0,0.0
GRD,Grenada,2021,7,2021-07,2021-07-01,0,,,0,0.0,0.0
GRD,Grenada,2021,8,2021-08,2021-08-01,0,,,0,0.0,0.0
GRD,Grenada,2021,9,2021-09,2021-09-01,0,,,0,0.0,0.0
GRD,Grenada,2021,10,2021-10,2021-10-01,0,,,0,0.0,0.0
GRD,Grenada,2021,11,2021-11,2021-11-01,0,,,0,0.0,0.0
GRD,Grenada,2021,12,2021-12,2021-12-01,0,,,0,0.0,0.0
GRD,Grenada,2022,1,2022-01,2022-01-01,0,,,0,0.0,0.0
GRD,Grenada,2022,2,2022-02,2022-02-01,0,,,0,0.0,0.0
GRD,Grenada,2022,3,2022-03,2022-03-01,0,,,0,0.0,0.0
GRD,Grenada,2022,4,2022-04,2022-04-01,0,,,0,0.0,0.0
GRD,Grenada,2022,5,2022-05,2022-05-01,0,,,0,0.0,0.0
GRD,Grenada,2022,6,2022-06,2022-06-01,0,,,0,0.0,0.0
GRD,Grenada,2022,7,2022-07,2022-07-01,0,,,0,0.0,0.0
GRD,Grenada,2022,8,2022-08,2022-08-01,0,,,0,0.0,0.0
GRD,Grenada,2022,9,2022-09,2022-09-01,0,,,0,0.0,0.0
GRD,Grenada,2022,10,2022-10,2022-10-01,0,,,0,0.0,0.0
GRD,Grenada,2022,11,2022-11,2022-11-01,0,,,0,0.0,0.0
GRD,Grenada,2022,12,2022-12,2022-12-01,0,,,0,0.0,0.0
GRD,Grenada,2023,1,2023-01,2023-01-01,0,,,0,0.0,0.0
GRD,Grenada,2023,2,2023-02,2023-02-01,0,,,0,0.0,0.0
GRD,Grenada,2023,3,2023-03,2023-03-01,0,,,0,0.0,0.0
GRD,Grenada,2023,4,2023-04,2023-04-01,0,,,0,0.0,0.0
GRD,Grenada,2023,5,2023-05,2023-05-01,0,,,0,0.0,0.0
GRD,Grenada,2023,6,2023-06,2023-06-01,0,,,0,0.0,0.0
GRD,Grenada,2023,7,2023-07,2023-07-01,0,,,0,0.0,0.0
GRD,Grenada,2023,8,2023-08,2023-08-01,1,FRANKLIN,2023232N13300,1,25.0,12.8611
GRD,Grenada,2023,9,2023-09,2023-09-01,0,,,0,0.0,0.0
GRD,Grenada,2023,10,2023-10,2023-10-01,0,,,0,0.0,0.0
GRD,Grenada,2023,11,2023-11,2023-11-01,0,,,0,0.0,0.0
GRD,Grenada,2023,12,2023-12,2023-12-01,0,,,0,0.0,0.0
GRD,Grenada,2024,1,2024-01,2024-01-01,0,,,0,0.0,0.0
GRD,Grenada,2024,2,2024-02,2024-02-01,0,,,0,0.0,0.0
GRD,Grenada,2024,3,2024-03,2024-03-01,0,,,0,0.0,0.0
GRD,Grenada,2024,4,2024-04,2024-04-01,0,,,0,0.0,0.0
GRD,Grenada,2024,5,2024-05,2024-05-01,0,,,0,0.0,0.0
GRD,Grenada,2024,6,2024-06,2024-06-01,0,,,0,0.0,0.0
GRD,Grenada,2024,7,2024-07,2024-07-01,1,BERYL,2024181N09320,2,120.0,61.73328
GRD,Grenada,2024,8,2024-08,2024-08-01,0,,,0,0.0,0.0
GRD,Grenada,2024,9,2024-09,2024-09-01,0,,,0,0.0,0.0
GRD,Grenada,2024,10,2024-10,2024-10-01,0,,,0,0.0,0.0
GRD,Grenada,2024,11,2024-11,2024-11-01,0,,,0,0.0,0.0
GRD,Grenada,2024,12,2024-12,2024-12-01,0,,,0,0.0,0.0
HTI,Haiti,2017,1,2017-01,2017-01-01,0,,,0,0.0,0.0
HTI,Haiti,2017,2,2017-02,2017-02-01,0,,,0,0.0,0.0
HTI,Haiti,2017,3,2017-03,2017-03-01,0,,,0,0.0,0.0
HTI,Haiti,2017,4,2017-04,2017-04-01,0,,,0,0.0,0.0
HTI,Haiti,2017,5,2017-05,2017-05-01,0,,,0,0.0,0.0
HTI,Haiti,2017,6,2017-06,2017-06-01,0,,,0,0.0,0.0
HTI,Haiti,2017,7,2017-07,2017-07-01,0,,,0,0.0,0.0
HTI,Haiti,2017,8,2017-08,2017-08-01,0,,,0,0.0,0.0
HTI,Haiti,2017,9,2017-09,2017-09-01,0,,,0,0.0,0.0
HTI,Haiti,2017,10,2017-10,2017-10-01,0,,,0,0.0,0.0
HTI,Haiti,2017,11,2017-11,2017-11-01,0,,,0,0.0,0.0
HTI,Haiti,2017,12,2017-12,2017-12-01,0,,,0,0.0,0.0
HTI,Haiti,2018,1,2018-01,2018-01-01,0,,,0,0.0,0.0
HTI,Haiti,2018,2,2018-02,2018-02-01,0,,,0,0.0,0.0
HTI,Haiti,2018,3,2018-03,2018-03-01,0,,,0,0.0,0.0
HTI,Haiti,2018,4,2018-04,2018-04-01,0,,,0,0.0,0.0
HTI,Haiti,2018,5,2018-05,2018-05-01,0,,,0,0.0,0.0
HTI,Haiti,2018,6,2018-06,2018-06-01,0,,,0,0.0,0.0
HTI,Haiti,2018,7,2018-07,2018-07-01,1,BERYL,2018186N10325,3,30.0,15.43332
HTI,Haiti,2018,8,2018-08,2018-08-01,0,,,0,0.0,0.0
HTI,Haiti,2018,9,2018-09,2018-09-01,0,,,0,0.0,0.0
HTI,Haiti,2018,10,2018-10,2018-10-01,0,,,0,0.0,0.0
HTI,Haiti,2018,11,2018-11,2018-11-01,0,,,0,0.0,0.0
HTI,Haiti,2018,12,2018-12,2018-12-01,0,,,0,0.0,0.0
HTI,Haiti,2019,1,2019-01,2019-01-01,0,,,0,0.0,0.0
HTI,Haiti,2019,2,2019-02,2019-02-01,0,,,0,0.0,0.0
HTI,Haiti,2019,3,2019-03,2019-03-01,0,,,0,0.0,0.0
HTI,Haiti,2019,4,2019-04,2019-04-01,0,,,0,0.0,0.0
HTI,Haiti,2019,5,2019-05,2019-05-01,0,,,0,0.0,0.0
HTI,Haiti,2019,6,2019-06,2019-06-01,0,,,0,0.0,0.0
HTI,Haiti,2019,7,2019-07,2019-07-01,0,,,0,0.0,0.0
HTI,Haiti,2019,8,2019-08,2019-08-01,0,,,0,0.0,0.0
HTI,Haiti,2019,9,2019-09,2019-09-01,0,,,0,0.0,0.0
HTI,Haiti,2019,10,2019-10,2019-10-01,0,,,0,0.0,0.0
HTI,Haiti,2019,11,2019-11,2019-11-01,0,,,0,0.0,0.0
HTI,Haiti,2019,12,2019-12,2019-12-01,0,,,0,0.0,0.0
HTI,Haiti,2020,1,2020-01,2020-01-01,0,,,0,0.0,0.0
HTI,Haiti,2020,2,2020-02,2020-02-01,0,,,0,0.0,0.0
HTI,Haiti,2020,3,2020-03,2020-03-01,0,,,0,0.0,0.0
HTI,Haiti,2020,4,2020-04,2020-04-01,0,,,0,0.0,0.0
HTI,Haiti,2020,5,2020-05,2020-05-01,0,,,0,0.0,0.0
HTI,Haiti,2020,6,2020-06,2020-06-01,0,,,0,0.0,0.0
HTI,Haiti,2020,7,2020-07,2020-07-01,0,,,0,0.0,0.0
HTI,Haiti,2020,8,2020-08,2020-08-01,1,LAURA,2020233N14313,2,50.0,25.7222
HTI,Haiti,2020,9,2020-09,2020-09-01,0,,,0,0.0,0.0
HTI,Haiti,2020,10,2020-10,2020-10-01,0,,,0,0.0,0.0
HTI,Haiti,2020,11,2020-11,2020-11-01,0,,,0,0.0,0.0
HTI,Haiti,2020,12,2020-12,2020-12-01,0,,,0,0.0,0.0
HTI,Haiti,2021,1,2021-01,2021-01-01,0,,,0,0.0,0.0
HTI,Haiti,2021,2,2021-02,2021-02-01,0,,,0,0.0,0.0
HTI,Haiti,2021,3,2021-03,2021-03-01,0,,,0,0.0,0.0
HTI,Haiti,2021,4,2021-04,2021-04-01,0,,,0,0.0,0.0
HTI,Haiti,2021,5,2021-05,2021-05-01,0,,,0,0.0,0.0
HTI,Haiti,2021,6,2021-06,2021-06-01,0,,,0,0.0,0.0
HTI,Haiti,2021,7,2021-07,2021-07-01,0,,,0,0.0,0.0
HTI,Haiti,2021,8,2021-08,2021-08-01,2,FRED | GRACE,2021222N14301 | 2021225N15313,7,38.0,19.548872
HTI,Haiti,2021,9,2021-09,2021-09-01,0,,,0,0.0,0.0
HTI,Haiti,2021,10,2021-10,2021-10-01,0,,,0,0.0,0.0
HTI,Haiti,2021,11,2021-11,2021-11-01,0,,,0,0.0,0.0
HTI,Haiti,2021,12,2021-12,2021-12-01,0,,,0,0.0,0.0
HTI,Haiti,2022,1,2022-01,2022-01-01,0,,,0,0.0,0.0
HTI,Haiti,2022,2,2022-02,2022-02-01,0,,,0,0.0,0.0
HTI,Haiti,2022,3,2022-03,2022-03-01,0,,,0,0.0,0.0
HTI,Haiti,2022,4,2022-04,2022-04-01,0,,,0,0.0,0.0
HTI,Haiti,2022,5,2022-05,2022-05-01,0,,,0,0.0,0.0
HTI,Haiti,2022,6,2022-06,2022-06-01,0,,,0,0.0,0.0
HTI,Haiti,2022,7,2022-07,2022-07-01,0,,,0,0.0,0.0
HTI,Haiti,2022,8,2022-08,2022-08-01,0,,,0,0.0,0.0
HTI,Haiti,2022,9,2022-09,2022-09-01,0,,,0,0.0,0.0
HTI,Haiti,2022,10,2022-10,2022-10-01,0,,,0,0.0,0.0
HTI,Haiti,2022,11,2022-11,2022-11-01,0,,,0,0.0,0.0
HTI,Haiti,2022,12,2022-12,2022-12-01,0,,,0,0.0,0.0
HTI,Haiti,2023,1,2023-01,2023-01-01,0,,,0,0.0,0.0
HTI,Haiti,2023,2,2023-02,2023-02-01,0,,,0,0.0,0.0
HTI,Haiti,2023,3,2023-03,2023-03-01,0,,,0,0.0,0.0
HTI,Haiti,2023,4,2023-04,2023-04-01,0,,,0,0.0,0.0
HTI,Haiti,2023,5,2023-05,2023-05-01,0,,,0,0.0,0.0
HTI,Haiti,2023,6,2023-06,2023-06-01,0,,,0,0.0,0.0
HTI,Haiti,2023,7,2023-07,2023-07-01,0,,,0,0.0,0.0
HTI,Haiti,2023,8,2023-08,2023-08-01,0,,,0,0.0,0.0
HTI,Haiti,2023,9,2023-09,2023-09-01,0,,,0,0.0,0.0
HTI,Haiti,2023,10,2023-10,2023-10-01,0,,,0,0.0,0.0
HTI,Haiti,2023,11,2023-11,2023-11-01,0,,,0,0.0,0.0
HTI,Haiti,2023,12,2023-12,2023-12-01,0,,,0,0.0,0.0
HTI,Haiti,2024,1,2024-01,2024-01-01,0,,,0,0.0,0.0
HTI,Haiti,2024,2,2024-02,2024-02-01,0,,,0,0.0,0.0
HTI,Haiti,2024,3,2024-03,2024-03-01,0,,,0,0.0,0.0
HTI,Haiti,2024,4,2024-04,2024-04-01,0,,,0,0.0,0.0
HTI,Haiti,2024,5,2024-05,2024-05-01,0,,,0,0.0,0.0
HTI,Haiti,2024,6,2024-06,2024-06-01,0,,,0,0.0,0.0
HTI,Haiti,2024,7,2024-07,2024-07-01,0,,,0,0.0,0.0
HTI,Haiti,2024,8,2024-08,2024-08-01,0,,,0,0.0,0.0
HTI,Haiti,2024,9,2024-09,2024-09-01,0,,,0,0.0,0.0
HTI,Haiti,2024,10,2024-10,2024-10-01,0,,,0,0.0,0.0
HTI,Haiti,2024,11,2024-11,2024-11-01,0,,,0,0.0,0.0
HTI,Haiti,2024,12,2024-12,2024-12-01,0,,,0,0.0,0.0
JAM,Jamaica,2017,1,2017-01,2017-01-01,0,,,0,0.0,0.0
JAM,Jamaica,2017,2,2017-02,2017-02-01,0,,,0,0.0,0.0
JAM,Jamaica,2017,3,2017-03,2017-03-01,0,,,0,0.0,0.0
JAM,Jamaica,2017,4,2017-04,2017-04-01,0,,,0,0.0,0.0
JAM,Jamaica,2017,5,2017-05,2017-05-01,0,,,0,0.0,0.0
JAM,Jamaica,2017,6,2017-06,2017-06-01,0,,,0,0.0,0.0
JAM,Jamaica,2017,7,2017-07,2017-07-01,0,,,0,0.0,0.0
JAM,Jamaica,2017,8,2017-08,2017-08-01,0,,,0,0.0,0.0
JAM,Jamaica,2017,9,2017-09,2017-09-01,0,,,0,0.0,0.0
JAM,Jamaica,2017,10,2017-10,2017-10-01,0,,,0,0.0,0.0
JAM,Jamaica,2017,11,2017-11,2017-11-01,0,,,0,0.0,0.0
JAM,Jamaica,2017,12,2017-12,2017-12-01,0,,,0,0.0,0.0
JAM,Jamaica,2018,1,2018-01,2018-01-01,0,,,0,0.0,0.0
JAM,Jamaica,2018,2,2018-02,2018-02-01,0,,,0,0.0,0.0
JAM,Jamaica,2018,3,2018-03,2018-03-01,0,,,0,0.0,0.0
JAM,Jamaica,2018,4,2018-04,2018-04-01,0,,,0,0.0,0.0
JAM,Jamaica,2018,5,2018-05,2018-05-01,0,,,0,0.0,0.0
JAM,Jamaica,2018,6,2018-06,2018-06-01,0,,,0,0.0,0.0
JAM,Jamaica,2018,7,2018-07,2018-07-01,0,,,0,0.0,0.0
JAM,Jamaica,2018,8,2018-08,2018-08-01,0,,,0,0.0,0.0
JAM,Jamaica,2018,9,2018-09,2018-09-01,0,,,0,0.0,0.0
JAM,Jamaica,2018,10,2018-10,2018-10-01,0,,,0,0.0,0.0
JAM,Jamaica,2018,11,2018-11,2018-11-01,0,,,0,0.0,0.0
JAM,Jamaica,2018,12,2018-12,2018-12-01,0,,,0,0.0,0.0
JAM,Jamaica,2019,1,2019-01,2019-01-01,0,,,0,0.0,0.0
JAM,Jamaica,2019,2,2019-02,2019-02-01,0,,,0,0.0,0.0
JAM,Jamaica,2019,3,2019-03,2019-03-01,0,,,0,0.0,0.0
JAM,Jamaica,2019,4,2019-04,2019-04-01,0,,,0,0.0,0.0
JAM,Jamaica,2019,5,2019-05,2019-05-01,0,,,0,0.0,0.0
JAM,Jamaica,2019,6,2019-06,2019-06-01,0,,,0,0.0,0.0
JAM,Jamaica,2019,7,2019-07,2019-07-01,0,,,0,0.0,0.0
JAM,Jamaica,2019,8,2019-08,2019-08-01,0,,,0,0.0,0.0
JAM,Jamaica,2019,9,2019-09,2019-09-01,0,,,0,0.0,0.0
JAM,Jamaica,2019,10,2019-10,2019-10-01,0,,,0,0.0,0.0
JAM,Jamaica,2019,11,2019-11,2019-11-01,0,,,0,0.0,0.0
JAM,Jamaica,2019,12,2019-12,2019-12-01,0,,,0,0.0,0.0
JAM,Jamaica,2020,1,2020-01,2020-01-01,0,,,0,0.0,0.0
JAM,Jamaica,2020,2,2020-02,2020-02-01,0,,,0,0.0,0.0
JAM,Jamaica,2020,3,2020-03,2020-03-01,0,,,0,0.0,0.0
JAM,Jamaica,2020,4,2020-04,2020-04-01,0,,,0,0.0,0.0
JAM,Jamaica,2020,5,2020-05,2020-05-01,0,,,0,0.0,0.0
JAM,Jamaica,2020,6,2020-06,2020-06-01,0,,,0,0.0,0.0
JAM,Jamaica,2020,7,2020-07,2020-07-01,0,,,0,0.0,0.0
JAM,Jamaica,2020,8,2020-08,2020-08-01,0,,,0,0.0,0.0
JAM,Jamaica,2020,9,2020-09,2020-09-01,0,,,0,0.0,0.0
JAM,Jamaica,2020,10,2020-10,2020-10-01,0,,,0,0.0,0.0
JAM,Jamaica,2020,11,2020-11,2020-11-01,0,,,0,0.0,0.0
JAM,Jamaica,2020,12,2020-12,2020-12-01,0,,,0,0.0,0.0
JAM,Jamaica,2021,1,2021-01,2021-01-01,0,,,0,0.0,0.0
JAM,Jamaica,2021,2,2021-02,2021-02-01,0,,,0,0.0,0.0
JAM,Jamaica,2021,3,2021-03,2021-03-01,0,,,0,0.0,0.0
JAM,Jamaica,2021,4,2021-04,2021-04-01,0,,,0,0.0,0.0
JAM,Jamaica,2021,5,2021-05,2021-05-01,0,,,0,0.0,0.0
JAM,Jamaica,2021,6,2021-06,2021-06-01,0,,,0,0.0,0.0
JAM,Jamaica,2021,7,2021-07,2021-07-01,1,ELSA,2021182N09317,2,53.0,27.265532
JAM,Jamaica,2021,8,2021-08,2021-08-01,1,GRACE,2021225N15313,6,50.0,25.7222
JAM,Jamaica,2021,9,2021-09,2021-09-01,0,,,0,0.0,0.0
JAM,Jamaica,2021,10,2021-10,2021-10-01,0,,,0,0.0,0.0
JAM,Jamaica,2021,11,2021-11,2021-11-01,0,,,0,0.0,0.0
JAM,Jamaica,2021,12,2021-12,2021-12-01,0,,,0,0.0,0.0
JAM,Jamaica,2022,1,2022-01,2022-01-01,0,,,0,0.0,0.0
JAM,Jamaica,2022,2,2022-02,2022-02-01,0,,,0,0.0,0.0
JAM,Jamaica,2022,3,2022-03,2022-03-01,0,,,0,0.0,0.0
JAM,Jamaica,2022,4,2022-04,2022-04-01,0,,,0,0.0,0.0
JAM,Jamaica,2022,5,2022-05,2022-05-01,0,,,0,0.0,0.0
JAM,Jamaica,2022,6,2022-06,2022-06-01,0,,,0,0.0,0.0
JAM,Jamaica,2022,7,2022-07,2022-07-01,0,,,0,0.0,0.0
JAM,Jamaica,2022,8,2022-08,2022-08-01,0,,,0,0.0,0.0
JAM,Jamaica,2022,9,2022-09,2022-09-01,0,,,0,0.0,0.0
JAM,Jamaica,2022,10,2022-10,2022-10-01,0,,,0,0.0,0.0
JAM,Jamaica,2022,11,2022-11,2022-11-01,0,,,0,0.0,0.0
JAM,Jamaica,2022,12,2022-12,2022-12-01,0,,,0,0.0,0.0
JAM,Jamaica,2023,1,2023-01,2023-01-01,0,,,0,0.0,0.0
JAM,Jamaica,2023,2,2023-02,2023-02-01,0,,,0,0.0,0.0
JAM,Jamaica,2023,3,2023-03,2023-03-01,0,,,0,0.0,0.0
JAM,Jamaica,2023,4,2023-04,2023-04-01,0,,,0,0.0,0.0
JAM,Jamaica,2023,5,2023-05,2023-05-01,0,,,0,0.0,0.0
JAM,Jamaica,2023,6,2023-06,2023-06-01,0,,,0,0.0,0.0
JAM,Jamaica,2023,7,2023-07,2023-07-01,0,,,0,0.0,0.0
JAM,Jamaica,2023,8,2023-08,2023-08-01,0,,,0,0.0,0.0
JAM,Jamaica,2023,9,2023-09,2023-09-01,0,,,0,0.0,0.0
JAM,Jamaica,2023,10,2023-10,2023-10-01,0,,,0,0.0,0.0
JAM,Jamaica,2023,11,2023-11,2023-11-01,1,UNNAMED,2023321N15278,2,30.0,15.43332
JAM,Jamaica,2023,12,2023-12,2023-12-01,0,,,0,0.0,0.0
JAM,Jamaica,2024,1,2024-01,2024-01-01,0,,,0,0.0,0.0
JAM,Jamaica,2024,2,2024-02,2024-02-01,0,,,0,0.0,0.0
JAM,Jamaica,2024,3,2024-03,2024-03-01,0,,,0,0.0,0.0
JAM,Jamaica,2024,4,2024-04,2024-04-01,0,,,0,0.0,0.0
JAM,Jamaica,2024,5,2024-05,2024-05-01,0,,,0,0.0,0.0
JAM,Jamaica,2024,6,2024-06,2024-06-01,0,,,0,0.0,0.0
JAM,Jamaica,2024,7,2024-07,2024-07-01,1,BERYL,2024181N09320,2,118.0,60.704392
JAM,Jamaica,2024,8,2024-08,2024-08-01,0,,,0,0.0,0.0
JAM,Jamaica,2024,9,2024-09,2024-09-01,0,,,0,0.0,0.0
JAM,Jamaica,2024,10,2024-10,2024-10-01,0,,,0,0.0,0.0
JAM,Jamaica,2024,11,2024-11,2024-11-01,1,RAFAEL,2024309N13283,1,55.0,28.294420000000002
JAM,Jamaica,2024,12,2024-12,2024-12-01,0,,,0,0.0,0.0
MSR,Montserrat,2017,1,2017-01,2017-01-01,0,,,0,0.0,0.0
MSR,Montserrat,2017,2,2017-02,2017-02-01,0,,,0,0.0,0.0
MSR,Montserrat,2017,3,2017-03,2017-03-01,0,,,0,0.0,0.0
MSR,Montserrat,2017,4,2017-04,2017-04-01,0,,,0,0.0,0.0
MSR,Montserrat,2017,5,2017-05,2017-05-01,0,,,0,0.0,0.0
MSR,Montserrat,2017,6,2017-06,2017-06-01,0,,,0,0.0,0.0
MSR,Montserrat,2017,7,2017-07,2017-07-01,0,,,0,0.0,0.0
MSR,Montserrat,2017,8,2017-08,2017-08-01,0,,,0,0.0,0.0
MSR,Montserrat,2017,9,2017-09,2017-09-01,0,,,0,0.0,0.0
MSR,Montserrat,2017,10,2017-10,2017-10-01,0,,,0,0.0,0.0
MSR,Montserrat,2017,11,2017-11,2017-11-01,0,,,0,0.0,0.0
MSR,Montserrat,2017,12,2017-12,2017-12-01,0,,,0,0.0,0.0
MSR,Montserrat,2018,1,2018-01,2018-01-01,0,,,0,0.0,0.0
MSR,Montserrat,2018,2,2018-02,2018-02-01,0,,,0,0.0,0.0
MSR,Montserrat,2018,3,2018-03,2018-03-01,0,,,0,0.0,0.0
MSR,Montserrat,2018,4,2018-04,2018-04-01,0,,,0,0.0,0.0
MSR,Montserrat,2018,5,2018-05,2018-05-01,0,,,0,0.0,0.0
MSR,Montserrat,2018,6,2018-06,2018-06-01,0,,,0,0.0,0.0
MSR,Montserrat,2018,7,2018-07,2018-07-01,0,,,0,0.0,0.0
MSR,Montserrat,2018,8,2018-08,2018-08-01,0,,,0,0.0,0.0
MSR,Montserrat,2018,9,2018-09,2018-09-01,0,,,0,0.0,0.0
MSR,Montserrat,2018,10,2018-10,2018-10-01,0,,,0,0.0,0.0
MSR,Montserrat,2018,11,2018-11,2018-11-01,0,,,0,0.0,0.0
MSR,Montserrat,2018,12,2018-12,2018-12-01,0,,,0,0.0,0.0
MSR,Montserrat,2019,1,2019-01,2019-01-01,0,,,0,0.0,0.0
MSR,Montserrat,2019,2,2019-02,2019-02-01,0,,,0,0.0,0.0
MSR,Montserrat,2019,3,2019-03,2019-03-01,0,,,0,0.0,0.0
MSR,Montserrat,2019,4,2019-04,2019-04-01,0,,,0,0.0,0.0
MSR,Montserrat,2019,5,2019-05,2019-05-01,0,,,0,0.0,0.0
MSR,Montserrat,2019,6,2019-06,2019-06-01,0,,,0,0.0,0.0
MSR,Montserrat,2019,7,2019-07,2019-07-01,0,,,0,0.0,0.0
MSR,Montserrat,2019,8,2019-08,2019-08-01,0,,,0,0.0,0.0
MSR,Montserrat,2019,9,2019-09,2019-09-01,0,,,0,0.0,0.0
MSR,Montserrat,2019,10,2019-10,2019-10-01,0,,,0,0.0,0.0
MSR,Montserrat,2019,11,2019-11,2019-11-01,0,,,0,0.0,0.0
MSR,Montserrat,2019,12,2019-12,2019-12-01,0,,,0,0.0,0.0
MSR,Montserrat,2020,1,2020-01,2020-01-01,0,,,0,0.0,0.0
MSR,Montserrat,2020,2,2020-02,2020-02-01,0,,,0,0.0,0.0
MSR,Montserrat,2020,3,2020-03,2020-03-01,0,,,0,0.0,0.0
MSR,Montserrat,2020,4,2020-04,2020-04-01,0,,,0,0.0,0.0
MSR,Montserrat,2020,5,2020-05,2020-05-01,0,,,0,0.0,0.0
MSR,Montserrat,2020,6,2020-06,2020-06-01,0,,,0,0.0,0.0
MSR,Montserrat,2020,7,2020-07,2020-07-01,0,,,0,0.0,0.0
MSR,Montserrat,2020,8,2020-08,2020-08-01,1,LAURA,2020233N14313,1,40.0,20.57776
MSR,Montserrat,2020,9,2020-09,2020-09-01,0,,,0,0.0,0.0
MSR,Montserrat,2020,10,2020-10,2020-10-01,0,,,0,0.0,0.0
MSR,Montserrat,2020,11,2020-11,2020-11-01,0,,,0,0.0,0.0
MSR,Montserrat,2020,12,2020-12,2020-12-01,0,,,0,0.0,0.0
MSR,Montserrat,2021,1,2021-01,2021-01-01,0,,,0,0.0,0.0
MSR,Montserrat,2021,2,2021-02,2021-02-01,0,,,0,0.0,0.0
MSR,Montserrat,2021,3,2021-03,2021-03-01,0,,,0,0.0,0.0
MSR,Montserrat,2021,4,2021-04,2021-04-01,0,,,0,0.0,0.0
MSR,Montserrat,2021,5,2021-05,2021-05-01,0,,,0,0.0,0.0
MSR,Montserrat,2021,6,2021-06,2021-06-01,0,,,0,0.0,0.0
MSR,Montserrat,2021,7,2021-07,2021-07-01,0,,,0,0.0,0.0
MSR,Montserrat,2021,8,2021-08,2021-08-01,0,,,0,0.0,0.0
MSR,Montserrat,2021,9,2021-09,2021-09-01,0,,,0,0.0,0.0
MSR,Montserrat,2021,10,2021-10,2021-10-01,0,,,0,0.0,0.0
MSR,Montserrat,2021,11,2021-11,2021-11-01,0,,,0,0.0,0.0
MSR,Montserrat,2021,12,2021-12,2021-12-01,0,,,0,0.0,0.0
MSR,Montserrat,2022,1,2022-01,2022-01-01,0,,,0,0.0,0.0
MSR,Montserrat,2022,2,2022-02,2022-02-01,0,,,0,0.0,0.0
MSR,Montserrat,2022,3,2022-03,2022-03-01,0,,,0,0.0,0.0
MSR,Montserrat,2022,4,2022-04,2022-04-01,0,,,0,0.0,0.0
MSR,Montserrat,2022,5,2022-05,2022-05-01,0,,,0,0.0,0.0
MSR,Montserrat,2022,6,2022-06,2022-06-01,0,,,0,0.0,0.0
MSR,Montserrat,2022,7,2022-07,2022-07-01,0,,,0,0.0,0.0
MSR,Montserrat,2022,8,2022-08,2022-08-01,0,,,0,0.0,0.0
MSR,Montserrat,2022,9,2022-09,2022-09-01,1,FIONA,2022257N16312,1,50.0,25.7222
MSR,Montserrat,2022,10,2022-10,2022-10-01,0,,,0,0.0,0.0
MSR,Montserrat,2022,11,2022-11,2022-11-01,0,,,0,0.0,0.0
MSR,Montserrat,2022,12,2022-12,2022-12-01,0,,,0,0.0,0.0
MSR,Montserrat,2023,1,2023-01,2023-01-01,0,,,0,0.0,0.0
MSR,Montserrat,2023,2,2023-02,2023-02-01,0,,,0,0.0,0.0
MSR,Montserrat,2023,3,2023-03,2023-03-01,0,,,0,0.0,0.0
MSR,Montserrat,2023,4,2023-04,2023-04-01,0,,,0,0.0,0.0
MSR,Montserrat,2023,5,2023-05,2023-05-01,0,,,0,0.0,0.0
MSR,Montserrat,2023,6,2023-06,2023-06-01,0,,,0,0.0,0.0
MSR,Montserrat,2023,7,2023-07,2023-07-01,0,,,0,0.0,0.0
MSR,Montserrat,2023,8,2023-08,2023-08-01,0,,,0,0.0,0.0
MSR,Montserrat,2023,9,2023-09,2023-09-01,0,,,0,0.0,0.0
MSR,Montserrat,2023,10,2023-10,2023-10-01,0,,,0,0.0,0.0
MSR,Montserrat,2023,11,2023-11,2023-11-01,0,,,0,0.0,0.0
MSR,Montserrat,2023,12,2023-12,2023-12-01,0,,,0,0.0,0.0
MSR,Montserrat,2024,1,2024-01,2024-01-01,0,,,0,0.0,0.0
MSR,Montserrat,2024,2,2024-02,2024-02-01,0,,,0,0.0,0.0
MSR,Montserrat,2024,3,2024-03,2024-03-01,0,,,0,0.0,0.0
MSR,Montserrat,2024,4,2024-04,2024-04-01,0,,,0,0.0,0.0
MSR,Montserrat,2024,5,2024-05,2024-05-01,0,,,0,0.0,0.0
MSR,Montserrat,2024,6,2024-06,2024-06-01,0,,,0,0.0,0.0
MSR,Montserrat,2024,7,2024-07,2024-07-01,0,,,0,0.0,0.0
MSR,Montserrat,2024,8,2024-08,2024-08-01,1,ERNESTO,2024225N14313,2,40.0,20.57776
MSR,Montserrat,2024,9,2024-09,2024-09-01,0,,,0,0.0,0.0
MSR,Montserrat,2024,10,2024-10,2024-10-01,0,,,0,0.0,0.0
MSR,Montserrat,2024,11,2024-11,2024-11-01,0,,,0,0.0,0.0
MSR,Montserrat,2024,12,2024-12,2024-12-01,0,,,0,0.0,0.0
KNA,Saint Kitts and Nevis,2017,1,2017-01,2017-01-01,0,,,0,0.0,0.0
KNA,Saint Kitts and Nevis,2017,2,2017-02,2017-02-01,0,,,0,0.0,0.0
KNA,Saint Kitts and Nevis,2017,3,2017-03,2017-03-01,0,,,0,0.0,0.0
KNA,Saint Kitts and Nevis,2017,4,2017-04,2017-04-01,0,,,0,0.0,0.0
KNA,Saint Kitts and Nevis,2017,5,2017-05,2017-05-01,0,,,0,0.0,0.0
KNA,Saint Kitts and Nevis,2017,6,2017-06,2017-06-01,0,,,0,0.0,0.0
KNA,Saint Kitts and Nevis,2017,7,2017-07,2017-07-01,0,,,0,0.0,0.0
KNA,Saint Kitts and Nevis,2017,8,2017-08,2017-08-01,0,,,0,0.0,0.0
KNA,Saint Kitts and Nevis,2017,9,2017-09,2017-09-01,0,,,0,0.0,0.0
KNA,Saint Kitts and Nevis,2017,10,2017-10,2017-10-01,0,,,0,0.0,0.0
KNA,Saint Kitts and Nevis,2017,11,2017-11,2017-11-01,0,,,0,0.0,0.0
KNA,Saint Kitts and Nevis,2017,12,2017-12,2017-12-01,0,,,0,0.0,0.0
KNA,Saint Kitts and Nevis,2018,1,2018-01,2018-01-01,0,,,0,0.0,0.0
KNA,Saint Kitts and Nevis,2018,2,2018-02,2018-02-01,0,,,0,0.0,0.0
KNA,Saint Kitts and Nevis,2018,3,2018-03,2018-03-01,0,,,0,0.0,0.0
KNA,Saint Kitts and Nevis,2018,4,2018-04,2018-04-01,0,,,0,0.0,0.0
KNA,Saint Kitts and Nevis,2018,5,2018-05,2018-05-01,0,,,0,0.0,0.0
KNA,Saint Kitts and Nevis,2018,6,2018-06,2018-06-01,0,,,0,0.0,0.0
KNA,Saint Kitts and Nevis,2018,7,2018-07,2018-07-01,0,,,0,0.0,0.0
KNA,Saint Kitts and Nevis,2018,8,2018-08,2018-08-01,0,,,0,0.0,0.0
KNA,Saint Kitts and Nevis,2018,9,2018-09,2018-09-01,0,,,0,0.0,0.0
KNA,Saint Kitts and Nevis,2018,10,2018-10,2018-10-01,0,,,0,0.0,0.0
KNA,Saint Kitts and Nevis,2018,11,2018-11,2018-11-01,0,,,0,0.0,0.0
KNA,Saint Kitts and Nevis,2018,12,2018-12,2018-12-01,0,,,0,0.0,0.0
KNA,Saint Kitts and Nevis,2019,1,2019-01,2019-01-01,0,,,0,0.0,0.0
KNA,Saint Kitts and Nevis,2019,2,2019-02,2019-02-01,0,,,0,0.0,0.0
KNA,Saint Kitts and Nevis,2019,3,2019-03,2019-03-01,0,,,0,0.0,0.0
KNA,Saint Kitts and Nevis,2019,4,2019-04,2019-04-01,0,,,0,0.0,0.0
KNA,Saint Kitts and Nevis,2019,5,2019-05,2019-05-01,0,,,0,0.0,0.0
KNA,Saint Kitts and Nevis,2019,6,2019-06,2019-06-01,0,,,0,0.0,0.0
KNA,Saint Kitts and Nevis,2019,7,2019-07,2019-07-01,0,,,0,0.0,0.0
KNA,Saint Kitts and Nevis,2019,8,2019-08,2019-08-01,0,,,0,0.0,0.0
KNA,Saint Kitts and Nevis,2019,9,2019-09,2019-09-01,0,,,0,0.0,0.0
KNA,Saint Kitts and Nevis,2019,10,2019-10,2019-10-01,0,,,0,0.0,0.0
KNA,Saint Kitts and Nevis,2019,11,2019-11,2019-11-01,0,,,0,0.0,0.0
KNA,Saint Kitts and Nevis,2019,12,2019-12,2019-12-01,0,,,0,0.0,0.0
KNA,Saint Kitts and Nevis,2020,1,2020-01,2020-01-01,0,,,0,0.0,0.0
KNA,Saint Kitts and Nevis,2020,2,2020-02,2020-02-01,0,,,0,0.0,0.0
KNA,Saint Kitts and Nevis,2020,3,2020-03,2020-03-01,0,,,0,0.0,0.0
KNA,Saint Kitts and Nevis,2020,4,2020-04,2020-04-01,0,,,0,0.0,0.0
KNA,Saint Kitts and Nevis,2020,5,2020-05,2020-05-01,0,,,0,0.0,0.0
KNA,Saint Kitts and Nevis,2020,6,2020-06,2020-06-01,0,,,0,0.0,0.0
KNA,Saint Kitts and Nevis,2020,7,2020-07,2020-07-01,0,,,0,0.0,0.0
KNA,Saint Kitts and Nevis,2020,8,2020-08,2020-08-01,1,LAURA,2020233N14313,2,40.0,20.57776
KNA,Saint Kitts and Nevis,2020,9,2020-09,2020-09-01,0,,,0,0.0,0.0
KNA,Saint Kitts and Nevis,2020,10,2020-10,2020-10-01,0,,,0,0.0,0.0
KNA,Saint Kitts and Nevis,2020,11,2020-11,2020-11-01,0,,,0,0.0,0.0
KNA,Saint Kitts and Nevis,2020,12,2020-12,2020-12-01,0,,,0,0.0,0.0
KNA,Saint Kitts and Nevis,2021,1,2021-01,2021-01-01,0,,,0,0.0,0.0
KNA,Saint Kitts and Nevis,2021,2,2021-02,2021-02-01,0,,,0,0.0,0.0
KNA,Saint Kitts and Nevis,2021,3,2021-03,2021-03-01,0,,,0,0.0,0.0
KNA,Saint Kitts and Nevis,2021,4,2021-04,2021-04-01,0,,,0,0.0,0.0
KNA,Saint Kitts and Nevis,2021,5,2021-05,2021-05-01,0,,,0,0.0,0.0
KNA,Saint Kitts and Nevis,2021,6,2021-06,2021-06-01,0,,,0,0.0,0.0
KNA,Saint Kitts and Nevis,2021,7,2021-07,2021-07-01,0,,,0,0.0,0.0
KNA,Saint Kitts and Nevis,2021,8,2021-08,2021-08-01,0,,,0,0.0,0.0
KNA,Saint Kitts and Nevis,2021,9,2021-09,2021-09-01,0,,,0,0.0,0.0
KNA,Saint Kitts and Nevis,2021,10,2021-10,2021-10-01,0,,,0,0.0,0.0
KNA,Saint Kitts and Nevis,2021,11,2021-11,2021-11-01,0,,,0,0.0,0.0
KNA,Saint Kitts and Nevis,2021,12,2021-12,2021-12-01,0,,,0,0.0,0.0
KNA,Saint Kitts and Nevis,2022,1,2022-01,2022-01-01,0,,,0,0.0,0.0
KNA,Saint Kitts and Nevis,2022,2,2022-02,2022-02-01,0,,,0,0.0,0.0
KNA,Saint Kitts and Nevis,2022,3,2022-03,2022-03-01,0,,,0,0.0,0.0
KNA,Saint Kitts and Nevis,2022,4,2022-04,2022-04-01,0,,,0,0.0,0.0
KNA,Saint Kitts and Nevis,2022,5,2022-05,2022-05-01,0,,,0,0.0,0.0
KNA,Saint Kitts and Nevis,2022,6,2022-06,2022-06-01,0,,,0,0.0,0.0
KNA,Saint Kitts and Nevis,2022,7,2022-07,2022-07-01,0,,,0,0.0,0.0
KNA,Saint Kitts and Nevis,2022,8,2022-08,2022-08-01,0,,,0,0.0,0.0
KNA,Saint Kitts and Nevis,2022,9,2022-09,2022-09-01,0,,,0,0.0,0.0
KNA,Saint Kitts and Nevis,2022,10,2022-10,2022-10-01,0,,,0,0.0,0.0
KNA,Saint Kitts and Nevis,2022,11,2022-11,2022-11-01,0,,,0,0.0,0.0
KNA,Saint Kitts and Nevis,2022,12,2022-12,2022-12-01,0,,,0,0.0,0.0
KNA,Saint Kitts and Nevis,2023,1,2023-01,2023-01-01,0,,,0,0.0,0.0
KNA,Saint Kitts and Nevis,2023,2,2023-02,2023-02-01,0,,,0,0.0,0.0
KNA,Saint Kitts and Nevis,2023,3,2023-03,2023-03-01,0,,,0,0.0,0.0
KNA,Saint Kitts and Nevis,2023,4,2023-04,2023-04-01,0,,,0,0.0,0.0
KNA,Saint Kitts and Nevis,2023,5,2023-05,2023-05-01,0,,,0,0.0,0.0
KNA,Saint Kitts and Nevis,2023,6,2023-06,2023-06-01,0,,,0,0.0,0.0
KNA,Saint Kitts and Nevis,2023,7,2023-07,2023-07-01,0,,,0,0.0,0.0
KNA,Saint Kitts and Nevis,2023,8,2023-08,2023-08-01,0,,,0,0.0,0.0
KNA,Saint Kitts and Nevis,2023,9,2023-09,2023-09-01,0,,,0,0.0,0.0
KNA,Saint Kitts and Nevis,2023,10,2023-10,2023-10-01,0,,,0,0.0,0.0
KNA,Saint Kitts and Nevis,2023,11,2023-11,2023-11-01,0,,,0,0.0,0.0
KNA,Saint Kitts and Nevis,2023,12,2023-12,2023-12-01,0,,,0,0.0,0.0
KNA,Saint Kitts and Nevis,2024,1,2024-01,2024-01-01,0,,,0,0.0,0.0
KNA,Saint Kitts and Nevis,2024,2,2024-02,2024-02-01,0,,,0,0.0,0.0
KNA,Saint Kitts and Nevis,2024,3,2024-03,2024-03-01,0,,,0,0.0,0.0
KNA,Saint Kitts and Nevis,2024,4,2024-04,2024-04-01,0,,,0,0.0,0.0
KNA,Saint Kitts and Nevis,2024,5,2024-05,2024-05-01,0,,,0,0.0,0.0
KNA,Saint Kitts and Nevis,2024,6,2024-06,2024-06-01,0,,,0,0.0,0.0
KNA,Saint Kitts and Nevis,2024,7,2024-07,2024-07-01,0,,,0,0.0,0.0
KNA,Saint Kitts and Nevis,2024,8,2024-08,2024-08-01,1,ERNESTO,2024225N14313,1,44.0,22.635536000000002
KNA,Saint Kitts and Nevis,2024,9,2024-09,2024-09-01,0,,,0,0.0,0.0
KNA,Saint Kitts and Nevis,2024,10,2024-10,2024-10-01,0,,,0,0.0,0.0
KNA,Saint Kitts and Nevis,2024,11,2024-11,2024-11-01,0,,,0,0.0,0.0
KNA,Saint Kitts and Nevis,2024,12,2024-12,2024-12-01,0,,,0,0.0,0.0
LCA,Saint Lucia,2017,1,2017-01,2017-01-01,0,,,0,0.0,0.0
LCA,Saint Lucia,2017,2,2017-02,2017-02-01,0,,,0,0.0,0.0
LCA,Saint Lucia,2017,3,2017-03,2017-03-01,0,,,0,0.0,0.0
LCA,Saint Lucia,2017,4,2017-04,2017-04-01,0,,,0,0.0,0.0
LCA,Saint Lucia,2017,5,2017-05,2017-05-01,0,,,0,0.0,0.0
LCA,Saint Lucia,2017,6,2017-06,2017-06-01,0,,,0,0.0,0.0
LCA,Saint Lucia,2017,7,2017-07,2017-07-01,0,,,0,0.0,0.0
LCA,Saint Lucia,2017,8,2017-08,2017-08-01,0,,,0,0.0,0.0
LCA,Saint Lucia,2017,9,2017-09,2017-09-01,0,,,0,0.0,0.0
LCA,Saint Lucia,2017,10,2017-10,2017-10-01,0,,,0,0.0,0.0
LCA,Saint Lucia,2017,11,2017-11,2017-11-01,0,,,0,0.0,0.0
LCA,Saint Lucia,2017,12,2017-12,2017-12-01,0,,,0,0.0,0.0
LCA,Saint Lucia,2018,1,2018-01,2018-01-01,0,,,0,0.0,0.0
LCA,Saint Lucia,2018,2,2018-02,2018-02-01,0,,,0,0.0,0.0
LCA,Saint Lucia,2018,3,2018-03,2018-03-01,0,,,0,0.0,0.0
LCA,Saint Lucia,2018,4,2018-04,2018-04-01,0,,,0,0.0,0.0
LCA,Saint Lucia,2018,5,2018-05,2018-05-01,0,,,0,0.0,0.0
LCA,Saint Lucia,2018,6,2018-06,2018-06-01,0,,,0,0.0,0.0
LCA,Saint Lucia,2018,7,2018-07,2018-07-01,0,,,0,0.0,0.0
LCA,Saint Lucia,2018,8,2018-08,2018-08-01,0,,,0,0.0,0.0
LCA,Saint Lucia,2018,9,2018-09,2018-09-01,1,KIRK,2018265N08338,3,45.0,23.14998
LCA,Saint Lucia,2018,10,2018-10,2018-10-01,0,,,0,0.0,0.0
LCA,Saint Lucia,2018,11,2018-11,2018-11-01,0,,,0,0.0,0.0
LCA,Saint Lucia,2018,12,2018-12,2018-12-01,0,,,0,0.0,0.0
LCA,Saint Lucia,2019,1,2019-01,2019-01-01,0,,,0,0.0,0.0
LCA,Saint Lucia,2019,2,2019-02,2019-02-01,0,,,0,0.0,0.0
LCA,Saint Lucia,2019,3,2019-03,2019-03-01,0,,,0,0.0,0.0
LCA,Saint Lucia,2019,4,2019-04,2019-04-01,0,,,0,0.0,0.0
LCA,Saint Lucia,2019,5,2019-05,2019-05-01,0,,,0,0.0,0.0
LCA,Saint Lucia,2019,6,2019-06,2019-06-01,0,,,0,0.0,0.0
LCA,Saint Lucia,2019,7,2019-07,2019-07-01,0,,,0,0.0,0.0
LCA,Saint Lucia,2019,8,2019-08,2019-08-01,1,DORIAN,2019236N10314,3,45.0,23.14998
LCA,Saint Lucia,2019,9,2019-09,2019-09-01,0,,,0,0.0,0.0
LCA,Saint Lucia,2019,10,2019-10,2019-10-01,0,,,0,0.0,0.0
LCA,Saint Lucia,2019,11,2019-11,2019-11-01,0,,,0,0.0,0.0
LCA,Saint Lucia,2019,12,2019-12,2019-12-01,0,,,0,0.0,0.0
LCA,Saint Lucia,2020,1,2020-01,2020-01-01,0,,,0,0.0,0.0
LCA,Saint Lucia,2020,2,2020-02,2020-02-01,0,,,0,0.0,0.0
LCA,Saint Lucia,2020,3,2020-03,2020-03-01,0,,,0,0.0,0.0
LCA,Saint Lucia,2020,4,2020-04,2020-04-01,0,,,0,0.0,0.0
LCA,Saint Lucia,2020,5,2020-05,2020-05-01,0,,,0,0.0,0.0
LCA,Saint Lucia,2020,6,2020-06,2020-06-01,0,,,0,0.0,0.0
LCA,Saint Lucia,2020,7,2020-07,2020-07-01,0,,,0,0.0,0.0
LCA,Saint Lucia,2020,8,2020-08,2020-08-01,0,,,0,0.0,0.0
LCA,Saint Lucia,2020,9,2020-09,2020-09-01,0,,,0,0.0,0.0
LCA,Saint Lucia,2020,10,2020-10,2020-10-01,0,,,0,0.0,0.0
LCA,Saint Lucia,2020,11,2020-11,2020-11-01,0,,,0,0.0,0.0
LCA,Saint Lucia,2020,12,2020-12,2020-12-01,0,,,0,0.0,0.0
LCA,Saint Lucia,2021,1,2021-01,2021-01-01,0,,,0,0.0,0.0
LCA,Saint Lucia,2021,2,2021-02,2021-02-01,0,,,0,0.0,0.0
LCA,Saint Lucia,2021,3,2021-03,2021-03-01,0,,,0,0.0,0.0
LCA,Saint Lucia,2021,4,2021-04,2021-04-01,0,,,0,0.0,0.0
LCA,Saint Lucia,2021,5,2021-05,2021-05-01,0,,,0,0.0,0.0
LCA,Saint Lucia,2021,6,2021-06,2021-06-01,0,,,0,0.0,0.0
LCA,Saint Lucia,2021,7,2021-07,2021-07-01,1,ELSA,2021182N09317,1,70.0,36.01108
LCA,Saint Lucia,2021,8,2021-08,2021-08-01,0,,,0,0.0,0.0
LCA,Saint Lucia,2021,9,2021-09,2021-09-01,0,,,0,0.0,0.0
LCA,Saint Lucia,2021,10,2021-10,2021-10-01,0,,,0,0.0,0.0
LCA,Saint Lucia,2021,11,2021-11,2021-11-01,0,,,0,0.0,0.0
LCA,Saint Lucia,2021,12,2021-12,2021-12-01,0,,,0,0.0,0.0
LCA,Saint Lucia,2022,1,2022-01,2022-01-01,0,,,0,0.0,0.0
LCA,Saint Lucia,2022,2,2022-02,2022-02-01,0,,,0,0.0,0.0
LCA,Saint Lucia,2022,3,2022-03,2022-03-01,0,,,0,0.0,0.0
LCA,Saint Lucia,2022,4,2022-04,2022-04-01,0,,,0,0.0,0.0
LCA,Saint Lucia,2022,5,2022-05,2022-05-01,0,,,0,0.0,0.0
LCA,Saint Lucia,2022,6,2022-06,2022-06-01,0,,,0,0.0,0.0
LCA,Saint Lucia,2022,7,2022-07,2022-07-01,0,,,0,0.0,0.0
LCA,Saint Lucia,2022,8,2022-08,2022-08-01,0,,,0,0.0,0.0
LCA,Saint Lucia,2022,9,2022-09,2022-09-01,0,,,0,0.0,0.0
LCA,Saint Lucia,2022,10,2022-10,2022-10-01,0,,,0,0.0,0.0
LCA,Saint Lucia,2022,11,2022-11,2022-11-01,0,,,0,0.0,0.0
LCA,Saint Lucia,2022,12,2022-12,2022-12-01,0,,,0,0.0,0.0
LCA,Saint Lucia,2023,1,2023-01,2023-01-01,0,,,0,0.0,0.0
LCA,Saint Lucia,2023,2,2023-02,2023-02-01,0,,,0,0.0,0.0
LCA,Saint Lucia,2023,3,2023-03,2023-03-01,0,,,0,0.0,0.0
LCA,Saint Lucia,2023,4,2023-04,2023-04-01,0,,,0,0.0,0.0
LCA,Saint Lucia,2023,5,2023-05,2023-05-01,0,,,0,0.0,0.0
LCA,Saint Lucia,2023,6,2023-06,2023-06-01,0,,,0,0.0,0.0
LCA,Saint Lucia,2023,7,2023-07,2023-07-01,0,,,0,0.0,0.0
LCA,Saint Lucia,2023,8,2023-08,2023-08-01,0,,,0,0.0,0.0
LCA,Saint Lucia,2023,9,2023-09,2023-09-01,0,,,0,0.0,0.0
LCA,Saint Lucia,2023,10,2023-10,2023-10-01,0,,,0,0.0,0.0
LCA,Saint Lucia,2023,11,2023-11,2023-11-01,0,,,0,0.0,0.0
LCA,Saint Lucia,2023,12,2023-12,2023-12-01,0,,,0,0.0,0.0
LCA,Saint Lucia,2024,1,2024-01,2024-01-01,0,,,0,0.0,0.0
LCA,Saint Lucia,2024,2,2024-02,2024-02-01,0,,,0,0.0,0.0
LCA,Saint Lucia,2024,3,2024-03,2024-03-01,0,,,0,0.0,0.0
LCA,Saint Lucia,2024,4,2024-04,2024-04-01,0,,,0,0.0,0.0
LCA,Saint Lucia,2024,5,2024-05,2024-05-01,0,,,0,0.0,0.0
LCA,Saint Lucia,2024,6,2024-06,2024-06-01,0,,,0,0.0,0.0
LCA,Saint Lucia,2024,7,2024-07,2024-07-01,0,,,0,0.0,0.0
LCA,Saint Lucia,2024,8,2024-08,2024-08-01,0,,,0,0.0,0.0
LCA,Saint Lucia,2024,9,2024-09,2024-09-01,0,,,0,0.0,0.0
LCA,Saint Lucia,2024,10,2024-10,2024-10-01,0,,,0,0.0,0.0
LCA,Saint Lucia,2024,11,2024-11,2024-11-01,0,,,0,0.0,0.0
LCA,Saint Lucia,2024,12,2024-12,2024-12-01,0,,,0,0.0,0.0
VCT,Saint Vincent and the Grenadines,2017,1,2017-01,2017-01-01,0,,,0,0.0,0.0
VCT,Saint Vincent and the Grenadines,2017,2,2017-02,2017-02-01,0,,,0,0.0,0.0
VCT,Saint Vincent and the Grenadines,2017,3,2017-03,2017-03-01,0,,,0,0.0,0.0
VCT,Saint Vincent and the Grenadines,2017,4,2017-04,2017-04-01,0,,,0,0.0,0.0
VCT,Saint Vincent and the Grenadines,2017,5,2017-05,2017-05-01,0,,,0,0.0,0.0
VCT,Saint Vincent and the Grenadines,2017,6,2017-06,2017-06-01,0,,,0,0.0,0.0
VCT,Saint Vincent and the Grenadines,2017,7,2017-07,2017-07-01,0,,,0,0.0,0.0
VCT,Saint Vincent and the Grenadines,2017,8,2017-08,2017-08-01,1,HARVEY,2017228N14314,1,40.0,20.57776
VCT,Saint Vincent and the Grenadines,2017,9,2017-09,2017-09-01,0,,,0,0.0,0.0
VCT,Saint Vincent and the Grenadines,2017,10,2017-10,2017-10-01,0,,,0,0.0,0.0
VCT,Saint Vincent and the Grenadines,2017,11,2017-11,2017-11-01,0,,,0,0.0,0.0
VCT,Saint Vincent and the Grenadines,2017,12,2017-12,2017-12-01,0,,,0,0.0,0.0
VCT,Saint Vincent and the Grenadines,2018,1,2018-01,2018-01-01,0,,,0,0.0,0.0
VCT,Saint Vincent and the Grenadines,2018,2,2018-02,2018-02-01,0,,,0,0.0,0.0
VCT,Saint Vincent and the Grenadines,2018,3,2018-03,2018-03-01,0,,,0,0.0,0.0
VCT,Saint Vincent and the Grenadines,2018,4,2018-04,2018-04-01,0,,,0,0.0,0.0
VCT,Saint Vincent and the Grenadines,2018,5,2018-05,2018-05-01,0,,,0,0.0,0.0
VCT,Saint Vincent and the Grenadines,2018,6,2018-06,2018-06-01,0,,,0,0.0,0.0
VCT,Saint Vincent and the Grenadines,2018,7,2018-07,2018-07-01,0,,,0,0.0,0.0
VCT,Saint Vincent and the Grenadines,2018,8,2018-08,2018-08-01,0,,,0,0.0,0.0
VCT,Saint Vincent and the Grenadines,2018,9,2018-09,2018-09-01,1,KIRK,2018265N08338,1,45.0,23.14998
VCT,Saint Vincent and the Grenadines,2018,10,2018-10,2018-10-01,0,,,0,0.0,0.0
VCT,Saint Vincent and the Grenadines,2018,11,2018-11,2018-11-01,0,,,0,0.0,0.0
VCT,Saint Vincent and the Grenadines,2018,12,2018-12,2018-12-01,0,,,0,0.0,0.0
VCT,Saint Vincent and the Grenadines,2019,1,2019-01,2019-01-01,0,,,0,0.0,0.0
VCT,Saint Vincent and the Grenadines,2019,2,2019-02,2019-02-01,0,,,0,0.0,0.0
VCT,Saint Vincent and the Grenadines,2019,3,2019-03,2019-03-01,0,,,0,0.0,0.0
VCT,Saint Vincent and the Grenadines,2019,4,2019-04,2019-04-01,0,,,0,0.0,0.0
VCT,Saint Vincent and the Grenadines,2019,5,2019-05,2019-05-01,0,,,0,0.0,0.0
VCT,Saint Vincent and the Grenadines,2019,6,2019-06,2019-06-01,0,,,0,0.0,0.0
VCT,Saint Vincent and the Grenadines,2019,7,2019-07,2019-07-01,0,,,0,0.0,0.0
VCT,Saint Vincent and the Grenadines,2019,8,2019-08,2019-08-01,0,,,0,0.0,0.0
VCT,Saint Vincent and the Grenadines,2019,9,2019-09,2019-09-01,1,KAREN,2019265N12301,1,35.0,18.00554
VCT,Saint Vincent and the Grenadines,2019,10,2019-10,2019-10-01,0,,,0,0.0,0.0
VCT,Saint Vincent and the Grenadines,2019,11,2019-11,2019-11-01,0,,,0,0.0,0.0
VCT,Saint Vincent and the Grenadines,2019,12,2019-12,2019-12-01,0,,,0,0.0,0.0
VCT,Saint Vincent and the Grenadines,2020,1,2020-01,2020-01-01,0,,,0,0.0,0.0
VCT,Saint Vincent and the Grenadines,2020,2,2020-02,2020-02-01,0,,,0,0.0,0.0
VCT,Saint Vincent and the Grenadines,2020,3,2020-03,2020-03-01,0,,,0,0.0,0.0
VCT,Saint Vincent and the Grenadines,2020,4,2020-04,2020-04-01,0,,,0,0.0,0.0
VCT,Saint Vincent and the Grenadines,2020,5,2020-05,2020-05-01,0,,,0,0.0,0.0
VCT,Saint Vincent and the Grenadines,2020,6,2020-06,2020-06-01,0,,,0,0.0,0.0
VCT,Saint Vincent and the Grenadines,2020,7,2020-07,2020-07-01,0,,,0,0.0,0.0
VCT,Saint Vincent and the Grenadines,2020,8,2020-08,2020-08-01,0,,,0,0.0,0.0
VCT,Saint Vincent and the Grenadines,2020,9,2020-09,2020-09-01,0,,,0,0.0,0.0
VCT,Saint Vincent and the Grenadines,2020,10,2020-10,2020-10-01,0,,,0,0.0,0.0
VCT,Saint Vincent and the Grenadines,2020,11,2020-11,2020-11-01,0,,,0,0.0,0.0
VCT,Saint Vincent and the Grenadines,2020,12,2020-12,2020-12-01,0,,,0,0.0,0.0
VCT,Saint Vincent and the Grenadines,2021,1,2021-01,2021-01-01,0,,,0,0.0,0.0
VCT,Saint Vincent and the Grenadines,2021,2,2021-02,2021-02-01,0,,,0,0.0,0.0
VCT,Saint Vincent and the Grenadines,2021,3,2021-03,2021-03-01,0,,,0,0.0,0.0
VCT,Saint Vincent and the Grenadines,2021,4,2021-04,2021-04-01,0,,,0,0.0,0.0
VCT,Saint Vincent and the Grenadines,2021,5,2021-05,2021-05-01,0,,,0,0.0,0.0
VCT,Saint Vincent and the Grenadines,2021,6,2021-06,2021-06-01,0,,,0,0.0,0.0
VCT,Saint Vincent and the Grenadines,2021,7,2021-07,2021-07-01,1,ELSA,2021182N09317,1,70.0,36.01108
VCT,Saint Vincent and the Grenadines,2021,8,2021-08,2021-08-01,0,,,0,0.0,0.0
VCT,Saint Vincent and the Grenadines,2021,9,2021-09,2021-09-01,0,,,0,0.0,0.0
VCT,Saint Vincent and the Grenadines,2021,10,2021-10,2021-10-01,0,,,0,0.0,0.0
VCT,Saint Vincent and the Grenadines,2021,11,2021-11,2021-11-01,0,,,0,0.0,0.0
VCT,Saint Vincent and the Grenadines,2021,12,2021-12,2021-12-01,0,,,0,0.0,0.0
VCT,Saint Vincent and the Grenadines,2022,1,2022-01,2022-01-01,0,,,0,0.0,0.0
VCT,Saint Vincent and the Grenadines,2022,2,2022-02,2022-02-01,0,,,0,0.0,0.0
VCT,Saint Vincent and the Grenadines,2022,3,2022-03,2022-03-01,0,,,0,0.0,0.0
VCT,Saint Vincent and the Grenadines,2022,4,2022-04,2022-04-01,0,,,0,0.0,0.0
VCT,Saint Vincent and the Grenadines,2022,5,2022-05,2022-05-01,0,,,0,0.0,0.0
VCT,Saint Vincent and the Grenadines,2022,6,2022-06,2022-06-01,0,,,0,0.0,0.0
VCT,Saint Vincent and the Grenadines,2022,7,2022-07,2022-07-01,0,,,0,0.0,0.0
VCT,Saint Vincent and the Grenadines,2022,8,2022-08,2022-08-01,0,,,0,0.0,0.0
VCT,Saint Vincent and the Grenadines,2022,9,2022-09,2022-09-01,0,,,0,0.0,0.0
VCT,Saint Vincent and the Grenadines,2022,10,2022-10,2022-10-01,0,,,0,0.0,0.0
VCT,Saint Vincent and the Grenadines,2022,11,2022-11,2022-11-01,0,,,0,0.0,0.0
VCT,Saint Vincent and the Grenadines,2022,12,2022-12,2022-12-01,0,,,0,0.0,0.0
VCT,Saint Vincent and the Grenadines,2023,1,2023-01,2023-01-01,0,,,0,0.0,0.0
VCT,Saint Vincent and the Grenadines,2023,2,2023-02,2023-02-01,0,,,0,0.0,0.0
VCT,Saint Vincent and the Grenadines,2023,3,2023-03,2023-03-01,0,,,0,0.0,0.0
VCT,Saint Vincent and the Grenadines,2023,4,2023-04,2023-04-01,0,,,0,0.0,0.0
VCT,Saint Vincent and the Grenadines,2023,5,2023-05,2023-05-01,0,,,0,0.0,0.0
VCT,Saint Vincent and the Grenadines,2023,6,2023-06,2023-06-01,1,BRET,2023170N11323,2,55.0,28.294420000000002
VCT,Saint Vincent and the Grenadines,2023,7,2023-07,2023-07-01,0,,,0,0.0,0.0
VCT,Saint Vincent and the Grenadines,2023,8,2023-08,2023-08-01,1,FRANKLIN,2023232N13300,1,25.0,12.8611
VCT,Saint Vincent and the Grenadines,2023,9,2023-09,2023-09-01,0,,,0,0.0,0.0
VCT,Saint Vincent and the Grenadines,2023,10,2023-10,2023-10-01,0,,,0,0.0,0.0
VCT,Saint Vincent and the Grenadines,2023,11,2023-11,2023-11-01,0,,,0,0.0,0.0
VCT,Saint Vincent and the Grenadines,2023,12,2023-12,2023-12-01,0,,,0,0.0,0.0
VCT,Saint Vincent and the Grenadines,2024,1,2024-01,2024-01-01,0,,,0,0.0,0.0
VCT,Saint Vincent and the Grenadines,2024,2,2024-02,2024-02-01,0,,,0,0.0,0.0
VCT,Saint Vincent and the Grenadines,2024,3,2024-03,2024-03-01,0,,,0,0.0,0.0
VCT,Saint Vincent and the Grenadines,2024,4,2024-04,2024-04-01,0,,,0,0.0,0.0
VCT,Saint Vincent and the Grenadines,2024,5,2024-05,2024-05-01,0,,,0,0.0,0.0
VCT,Saint Vincent and the Grenadines,2024,6,2024-06,2024-06-01,0,,,0,0.0,0.0
VCT,Saint Vincent and the Grenadines,2024,7,2024-07,2024-07-01,1,BERYL,2024181N09320,2,120.0,61.73328
VCT,Saint Vincent and the Grenadines,2024,8,2024-08,2024-08-01,0,,,0,0.0,0.0
VCT,Saint Vincent and the Grenadines,2024,9,2024-09,2024-09-01,0,,,0,0.0,0.0
VCT,Saint Vincent and the Grenadines,2024,10,2024-10,2024-10-01,0,,,0,0.0,0.0
VCT,Saint Vincent and the Grenadines,2024,11,2024-11,2024-11-01,0,,,0,0.0,0.0
VCT,Saint Vincent and the Grenadines,2024,12,2024-12,2024-12-01,0,,,0,0.0,0.0
SXM,Sint Maarten,2017,1,2017-01,2017-01-01,0,,,0,0.0,0.0
SXM,Sint Maarten,2017,2,2017-02,2017-02-01,0,,,0,0.0,0.0
SXM,Sint Maarten,2017,3,2017-03,2017-03-01,0,,,0,0.0,0.0
SXM,Sint Maarten,2017,4,2017-04,2017-04-01,0,,,0,0.0,0.0
SXM,Sint Maarten,2017,5,2017-05,2017-05-01,0,,,0,0.0,0.0
SXM,Sint Maarten,2017,6,2017-06,2017-06-01,0,,,0,0.0,0.0
SXM,Sint Maarten,2017,7,2017-07,2017-07-01,0,,,0,0.0,0.0
SXM,Sint Maarten,2017,8,2017-08,2017-08-01,0,,,0,0.0,0.0
SXM,Sint Maarten,2017,9,2017-09,2017-09-01,1,IRMA,2017242N16333,3,155.0,79.73882
SXM,Sint Maarten,2017,10,2017-10,2017-10-01,0,,,0,0.0,0.0
SXM,Sint Maarten,2017,11,2017-11,2017-11-01,0,,,0,0.0,0.0
SXM,Sint Maarten,2017,12,2017-12,2017-12-01,0,,,0,0.0,0.0
SXM,Sint Maarten,2018,1,2018-01,2018-01-01,0,,,0,0.0,0.0
SXM,Sint Maarten,2018,2,2018-02,2018-02-01,0,,,0,0.0,0.0
SXM,Sint Maarten,2018,3,2018-03,2018-03-01,0,,,0,0.0,0.0
SXM,Sint Maarten,2018,4,2018-04,2018-04-01,0,,,0,0.0,0.0
SXM,Sint Maarten,2018,5,2018-05,2018-05-01,0,,,0,0.0,0.0
SXM,Sint Maarten,2018,6,2018-06,2018-06-01,0,,,0,0.0,0.0
SXM,Sint Maarten,2018,7,2018-07,2018-07-01,0,,,0,0.0,0.0
SXM,Sint Maarten,2018,8,2018-08,2018-08-01,0,,,0,0.0,0.0
SXM,Sint Maarten,2018,9,2018-09,2018-09-01,0,,,0,0.0,0.0
SXM,Sint Maarten,2018,10,2018-10,2018-10-01,0,,,0,0.0,0.0
SXM,Sint Maarten,2018,11,2018-11,2018-11-01,0,,,0,0.0,0.0
SXM,Sint Maarten,2018,12,2018-12,2018-12-01,0,,,0,0.0,0.0
SXM,Sint Maarten,2019,1,2019-01,2019-01-01,0,,,0,0.0,0.0
SXM,Sint Maarten,2019,2,2019-02,2019-02-01,0,,,0,0.0,0.0
SXM,Sint Maarten,2019,3,2019-03,2019-03-01,0,,,0,0.0,0.0
SXM,Sint Maarten,2019,4,2019-04,2019-04-01,0,,,0,0.0,0.0
SXM,Sint Maarten,2019,5,2019-05,2019-05-01,0,,,0,0.0,0.0
SXM,Sint Maarten,2019,6,2019-06,2019-06-01,0,,,0,0.0,0.0
SXM,Sint Maarten,2019,7,2019-07,2019-07-01,0,,,0,0.0,0.0
SXM,Sint Maarten,2019,8,2019-08,2019-08-01,0,,,0,0.0,0.0
SXM,Sint Maarten,2019,9,2019-09,2019-09-01,0,,,0,0.0,0.0
SXM,Sint Maarten,2019,10,2019-10,2019-10-01,0,,,0,0.0,0.0
SXM,Sint Maarten,2019,11,2019-11,2019-11-01,0,,,0,0.0,0.0
SXM,Sint Maarten,2019,12,2019-12,2019-12-01,0,,,0,0.0,0.0
SXM,Sint Maarten,2020,1,2020-01,2020-01-01,0,,,0,0.0,0.0
SXM,Sint Maarten,2020,2,2020-02,2020-02-01,0,,,0,0.0,0.0
SXM,Sint Maarten,2020,3,2020-03,2020-03-01,0,,,0,0.0,0.0
SXM,Sint Maarten,2020,4,2020-04,2020-04-01,0,,,0,0.0,0.0
SXM,Sint Maarten,2020,5,2020-05,2020-05-01,0,,,0,0.0,0.0
SXM,Sint Maarten,2020,6,2020-06,2020-06-01,0,,,0,0.0,0.0
SXM,Sint Maarten,2020,7,2020-07,2020-07-01,0,,,0,0.0,0.0
SXM,Sint Maarten,2020,8,2020-08,2020-08-01,0,,,0,0.0,0.0
SXM,Sint Maarten,2020,9,2020-09,2020-09-01,0,,,0,0.0,0.0
SXM,Sint Maarten,2020,10,2020-10,2020-10-01,0,,,0,0.0,0.0
SXM,Sint Maarten,2020,11,2020-11,2020-11-01,0,,,0,0.0,0.0
SXM,Sint Maarten,2020,12,2020-12,2020-12-01,0,,,0,0.0,0.0
SXM,Sint Maarten,2021,1,2021-01,2021-01-01,0,,,0,0.0,0.0
SXM,Sint Maarten,2021,2,2021-02,2021-02-01,0,,,0,0.0,0.0
SXM,Sint Maarten,2021,3,2021-03,2021-03-01,0,,,0,0.0,0.0
SXM,Sint Maarten,2021,4,2021-04,2021-04-01,0,,,0,0.0,0.0
SXM,Sint Maarten,2021,5,2021-05,2021-05-01,0,,,0,0.0,0.0
SXM,Sint Maarten,2021,6,2021-06,2021-06-01,0,,,0,0.0,0.0
SXM,Sint Maarten,2021,7,2021-07,2021-07-01,0,,,0,0.0,0.0
SXM,Sint Maarten,2021,8,2021-08,2021-08-01,0,,,0,0.0,0.0
SXM,Sint Maarten,2021,9,2021-09,2021-09-01,0,,,0,0.0,0.0
SXM,Sint Maarten,2021,10,2021-10,2021-10-01,0,,,0,0.0,0.0
SXM,Sint Maarten,2021,11,2021-11,2021-11-01,0,,,0,0.0,0.0
SXM,Sint Maarten,2021,12,2021-12,2021-12-01,0,,,0,0.0,0.0
SXM,Sint Maarten,2022,1,2022-01,2022-01-01,0,,,0,0.0,0.0
SXM,Sint Maarten,2022,2,2022-02,2022-02-01,0,,,0,0.0,0.0
SXM,Sint Maarten,2022,3,2022-03,2022-03-01,0,,,0,0.0,0.0
SXM,Sint Maarten,2022,4,2022-04,2022-04-01,0,,,0,0.0,0.0
SXM,Sint Maarten,2022,5,2022-05,2022-05-01,0,,,0,0.0,0.0
SXM,Sint Maarten,2022,6,2022-06,2022-06-01,0,,,0,0.0,0.0
SXM,Sint Maarten,2022,7,2022-07,2022-07-01,0,,,0,0.0,0.0
SXM,Sint Maarten,2022,8,2022-08,2022-08-01,0,,,0,0.0,0.0
SXM,Sint Maarten,2022,9,2022-09,2022-09-01,0,,,0,0.0,0.0
SXM,Sint Maarten,2022,10,2022-10,2022-10-01,0,,,0,0.0,0.0
SXM,Sint Maarten,2022,11,2022-11,2022-11-01,0,,,0,0.0,0.0
SXM,Sint Maarten,2022,12,2022-12,2022-12-01,0,,,0,0.0,0.0
SXM,Sint Maarten,2023,1,2023-01,2023-01-01,0,,,0,0.0,0.0
SXM,Sint Maarten,2023,2,2023-02,2023-02-01,0,,,0,0.0,0.0
SXM,Sint Maarten,2023,3,2023-03,2023-03-01,0,,,0,0.0,0.0
SXM,Sint Maarten,2023,4,2023-04,2023-04-01,0,,,0,0.0,0.0
SXM,Sint Maarten,2023,5,2023-05,2023-05-01,0,,,0,0.0,0.0
SXM,Sint Maarten,2023,6,2023-06,2023-06-01,0,,,0,0.0,0.0
SXM,Sint Maarten,2023,7,2023-07,2023-07-01,0,,,0,0.0,0.0
SXM,Sint Maarten,2023,8,2023-08,2023-08-01,0,,,0,0.0,0.0
SXM,Sint Maarten,2023,9,2023-09,2023-09-01,0,,,0,0.0,0.0
SXM,Sint Maarten,2023,10,2023-10,2023-10-01,1,PHILIPPE,2023266N16323,2,45.0,23.14998
SXM,Sint Maarten,2023,11,2023-11,2023-11-01,0,,,0,0.0,0.0
SXM,Sint Maarten,2023,12,2023-12,2023-12-01,0,,,0,0.0,0.0
SXM,Sint Maarten,2024,1,2024-01,2024-01-01,0,,,0,0.0,0.0
SXM,Sint Maarten,2024,2,2024-02,2024-02-01,0,,,0,0.0,0.0
SXM,Sint Maarten,2024,3,2024-03,2024-03-01,0,,,0,0.0,0.0
SXM,Sint Maarten,2024,4,2024-04,2024-04-01,0,,,0,0.0,0.0
SXM,Sint Maarten,2024,5,2024-05,2024-05-01,0,,,0,0.0,0.0
SXM,Sint Maarten,2024,6,2024-06,2024-06-01,0,,,0,0.0,0.0
SXM,Sint Maarten,2024,7,2024-07,2024-07-01,0,,,0,0.0,0.0
SXM,Sint Maarten,2024,8,2024-08,2024-08-01,0,,,0,0.0,0.0
SXM,Sint Maarten,2024,9,2024-09,2024-09-01,0,,,0,0.0,0.0
SXM,Sint Maarten,2024,10,2024-10,2024-10-01,0,,,0,0.0,0.0
SXM,Sint Maarten,2024,11,2024-11,2024-11-01,0,,,0,0.0,0.0
SXM,Sint Maarten,2024,12,2024-12,2024-12-01,0,,,0,0.0,0.0
TTO,Trinidad and Tobago,2017,1,2017-01,2017-01-01,0,,,0,0.0,0.0
TTO,Trinidad and Tobago,2017,2,2017-02,2017-02-01,0,,,0,0.0,0.0
TTO,Trinidad and Tobago,2017,3,2017-03,2017-03-01,0,,,0,0.0,0.0
TTO,Trinidad and Tobago,2017,4,2017-04,2017-04-01,0,,,0,0.0,0.0
TTO,Trinidad and Tobago,2017,5,2017-05,2017-05-01,0,,,0,0.0,0.0
TTO,Trinidad and Tobago,2017,6,2017-06,2017-06-01,1,BRET,2017170N08310,3,45.0,23.14998
TTO,Trinidad and Tobago,2017,7,2017-07,2017-07-01,0,,,0,0.0,0.0
TTO,Trinidad and Tobago,2017,8,2017-08,2017-08-01,0,,,0,0.0,0.0
TTO,Trinidad and Tobago,2017,9,2017-09,2017-09-01,0,,,0,0.0,0.0
TTO,Trinidad and Tobago,2017,10,2017-10,2017-10-01,0,,,0,0.0,0.0
TTO,Trinidad and Tobago,2017,11,2017-11,2017-11-01,0,,,0,0.0,0.0
TTO,Trinidad and Tobago,2017,12,2017-12,2017-12-01,0,,,0,0.0,0.0
TTO,Trinidad and Tobago,2018,1,2018-01,2018-01-01,0,,,0,0.0,0.0
TTO,Trinidad and Tobago,2018,2,2018-02,2018-02-01,0,,,0,0.0,0.0
TTO,Trinidad and Tobago,2018,3,2018-03,2018-03-01,0,,,0,0.0,0.0
TTO,Trinidad and Tobago,2018,4,2018-04,2018-04-01,0,,,0,0.0,0.0
TTO,Trinidad and Tobago,2018,5,2018-05,2018-05-01,0,,,0,0.0,0.0
TTO,Trinidad and Tobago,2018,6,2018-06,2018-06-01,0,,,0,0.0,0.0
TTO,Trinidad and Tobago,2018,7,2018-07,2018-07-01,0,,,0,0.0,0.0
TTO,Trinidad and Tobago,2018,8,2018-08,2018-08-01,0,,,0,0.0,0.0
TTO,Trinidad and Tobago,2018,9,2018-09,2018-09-01,0,,,0,0.0,0.0
TTO,Trinidad and Tobago,2018,10,2018-10,2018-10-01,0,,,0,0.0,0.0
TTO,Trinidad and Tobago,2018,11,2018-11,2018-11-01,0,,,0,0.0,0.0
TTO,Trinidad and Tobago,2018,12,2018-12,2018-12-01,0,,,0,0.0,0.0
TTO,Trinidad and Tobago,2019,1,2019-01,2019-01-01,0,,,0,0.0,0.0
TTO,Trinidad and Tobago,2019,2,2019-02,2019-02-01,0,,,0,0.0,0.0
TTO,Trinidad and Tobago,2019,3,2019-03,2019-03-01,0,,,0,0.0,0.0
TTO,Trinidad and Tobago,2019,4,2019-04,2019-04-01,0,,,0,0.0,0.0
TTO,Trinidad and Tobago,2019,5,2019-05,2019-05-01,0,,,0,0.0,0.0
TTO,Trinidad and Tobago,2019,6,2019-06,2019-06-01,0,,,0,0.0,0.0
TTO,Trinidad and Tobago,2019,7,2019-07,2019-07-01,0,,,0,0.0,0.0
TTO,Trinidad and Tobago,2019,8,2019-08,2019-08-01,0,,,0,0.0,0.0
TTO,Trinidad and Tobago,2019,9,2019-09,2019-09-01,0,,,0,0.0,0.0
TTO,Trinidad and Tobago,2019,10,2019-10,2019-10-01,0,,,0,0.0,0.0
TTO,Trinidad and Tobago,2019,11,2019-11,2019-11-01,0,,,0,0.0,0.0
TTO,Trinidad and Tobago,2019,12,2019-12,2019-12-01,0,,,0,0.0,0.0
TTO,Trinidad and Tobago,2020,1,2020-01,2020-01-01,0,,,0,0.0,0.0
TTO,Trinidad and Tobago,2020,2,2020-02,2020-02-01,0,,,0,0.0,0.0
TTO,Trinidad and Tobago,2020,3,2020-03,2020-03-01,0,,,0,0.0,0.0
TTO,Trinidad and Tobago,2020,4,2020-04,2020-04-01,0,,,0,0.0,0.0
TTO,Trinidad and Tobago,2020,5,2020-05,2020-05-01,0,,,0,0.0,0.0
TTO,Trinidad and Tobago,2020,6,2020-06,2020-06-01,0,,,0,0.0,0.0
TTO,Trinidad and Tobago,2020,7,2020-07,2020-07-01,1,GONZALO,2020203N09323,3,31.0,15.947764000000001
TTO,Trinidad and Tobago,2020,8,2020-08,2020-08-01,0,,,0,0.0,0.0
TTO,Trinidad and Tobago,2020,9,2020-09,2020-09-01,0,,,0,0.0,0.0
TTO,Trinidad and Tobago,2020,10,2020-10,2020-10-01,0,,,0,0.0,0.0
TTO,Trinidad and Tobago,2020,11,2020-11,2020-11-01,0,,,0,0.0,0.0
TTO,Trinidad and Tobago,2020,12,2020-12,2020-12-01,0,,,0,0.0,0.0
TTO,Trinidad and Tobago,2021,1,2021-01,2021-01-01,0,,,0,0.0,0.0
TTO,Trinidad and Tobago,2021,2,2021-02,2021-02-01,0,,,0,0.0,0.0
TTO,Trinidad and Tobago,2021,3,2021-03,2021-03-01,0,,,0,0.0,0.0
TTO,Trinidad and Tobago,2021,4,2021-04,2021-04-01,0,,,0,0.0,0.0
TTO,Trinidad and Tobago,2021,5,2021-05,2021-05-01,0,,,0,0.0,0.0
TTO,Trinidad and Tobago,2021,6,2021-06,2021-06-01,0,,,0,0.0,0.0
TTO,Trinidad and Tobago,2021,7,2021-07,2021-07-01,0,,,0,0.0,0.0
TTO,Trinidad and Tobago,2021,8,2021-08,2021-08-01,0,,,0,0.0,0.0
TTO,Trinidad and Tobago,2021,9,2021-09,2021-09-01,0,,,0,0.0,0.0
TTO,Trinidad and Tobago,2021,10,2021-10,2021-10-01,0,,,0,0.0,0.0
TTO,Trinidad and Tobago,2021,11,2021-11,2021-11-01,0,,,0,0.0,0.0
TTO,Trinidad and Tobago,2021,12,2021-12,2021-12-01,0,,,0,0.0,0.0
TTO,Trinidad and Tobago,2022,1,2022-01,2022-01-01,0,,,0,0.0,0.0
TTO,Trinidad and Tobago,2022,2,2022-02,2022-02-01,0,,,0,0.0,0.0
TTO,Trinidad and Tobago,2022,3,2022-03,2022-03-01,0,,,0,0.0,0.0
TTO,Trinidad and Tobago,2022,4,2022-04,2022-04-01,0,,,0,0.0,0.0
TTO,Trinidad and Tobago,2022,5,2022-05,2022-05-01,0,,,0,0.0,0.0
TTO,Trinidad and Tobago,2022,6,2022-06,2022-06-01,1,BONNIE,2022179N08310,1,35.0,18.00554
TTO,Trinidad and Tobago,2022,7,2022-07,2022-07-01,0,,,0,0.0,0.0
TTO,Trinidad and Tobago,2022,8,2022-08,2022-08-01,0,,,0,0.0,0.0
TTO,Trinidad and Tobago,2022,9,2022-09,2022-09-01,0,,,0,0.0,0.0
TTO,Trinidad and Tobago,2022,10,2022-10,2022-10-01,0,,,0,0.0,0.0
TTO,Trinidad and Tobago,2022,11,2022-11,2022-11-01,0,,,0,0.0,0.0
TTO,Trinidad and Tobago,2022,12,2022-12,2022-12-01,0,,,0,0.0,0.0
TTO,Trinidad and Tobago,2023,1,2023-01,2023-01-01,0,,,0,0.0,0.0
TTO,Trinidad and Tobago,2023,2,2023-02,2023-02-01,0,,,0,0.0,0.0
TTO,Trinidad and Tobago,2023,3,2023-03,2023-03-01,0,,,0,0.0,0.0
TTO,Trinidad and Tobago,2023,4,2023-04,2023-04-01,0,,,0,0.0,0.0
TTO,Trinidad and Tobago,2023,5,2023-05,2023-05-01,0,,,0,0.0,0.0
TTO,Trinidad and Tobago,2023,6,2023-06,2023-06-01,0,,,0,0.0,0.0
TTO,Trinidad and Tobago,2023,7,2023-07,2023-07-01,0,,,0,0.0,0.0
TTO,Trinidad and Tobago,2023,8,2023-08,2023-08-01,0,,,0,0.0,0.0
TTO,Trinidad and Tobago,2023,9,2023-09,2023-09-01,0,,,0,0.0,0.0
TTO,Trinidad and Tobago,2023,10,2023-10,2023-10-01,0,,,0,0.0,0.0
TTO,Trinidad and Tobago,2023,11,2023-11,2023-11-01,0,,,0,0.0,0.0
TTO,Trinidad and Tobago,2023,12,2023-12,2023-12-01,0,,,0,0.0,0.0
TTO,Trinidad and Tobago,2024,1,2024-01,2024-01-01,0,,,0,0.0,0.0
TTO,Trinidad and Tobago,2024,2,2024-02,2024-02-01,0,,,0,0.0,0.0
TTO,Trinidad and Tobago,2024,3,2024-03,2024-03-01,0,,,0,0.0,0.0
TTO,Trinidad and Tobago,2024,4,2024-04,2024-04-01,0,,,0,0.0,0.0
TTO,Trinidad and Tobago,2024,5,2024-05,2024-05-01,0,,,0,0.0,0.0
TTO,Trinidad and Tobago,2024,6,2024-06,2024-06-01,0,,,0,0.0,0.0
TTO,Trinidad and Tobago,2024,7,2024-07,2024-07-01,0,,,0,0.0,0.0
TTO,Trinidad and Tobago,2024,8,2024-08,2024-08-01,0,,,0,0.0,0.0
TTO,Trinidad and Tobago,2024,9,2024-09,2024-09-01,0,,,0,0.0,0.0
TTO,Trinidad and Tobago,2024,10,2024-10,2024-10-01,0,,,0,0.0,0.0
TTO,Trinidad and Tobago,2024,11,2024-11,2024-11-01,0,,,0,0.0,0.0
TTO,Trinidad and Tobago,2024,12,2024-12,2024-12-01,0,,,0,0.0,0.0
TCA,Turks and Caicos Islands,2017,1,2017-01,2017-01-01,0,,,0,0.0,0.0
TCA,Turks and Caicos Islands,2017,2,2017-02,2017-02-01,0,,,0,0.0,0.0
TCA,Turks and Caicos Islands,2017,3,2017-03,2017-03-01,0,,,0,0.0,0.0
TCA,Turks and Caicos Islands,2017,4,2017-04,2017-04-01,0,,,0,0.0,0.0
TCA,Turks and Caicos Islands,2017,5,2017-05,2017-05-01,0,,,0,0.0,0.0
TCA,Turks and Caicos Islands,2017,6,2017-06,2017-06-01,0,,,0,0.0,0.0
TCA,Turks and Caicos Islands,2017,7,2017-07,2017-07-01,0,,,0,0.0,0.0
TCA,Turks and Caicos Islands,2017,8,2017-08,2017-08-01,0,,,0,0.0,0.0
TCA,Turks and Caicos Islands,2017,9,2017-09,2017-09-01,2,IRMA | MARIA,2017242N16333 | 2017260N12310,3,140.0,72.02216
TCA,Turks and Caicos Islands,2017,10,2017-10,2017-10-01,0,,,0,0.0,0.0
TCA,Turks and Caicos Islands,2017,11,2017-11,2017-11-01,0,,,0,0.0,0.0
TCA,Turks and Caicos Islands,2017,12,2017-12,2017-12-01,0,,,0,0.0,0.0
TCA,Turks and Caicos Islands,2018,1,2018-01,2018-01-01,0,,,0,0.0,0.0
TCA,Turks and Caicos Islands,2018,2,2018-02,2018-02-01,0,,,0,0.0,0.0
TCA,Turks and Caicos Islands,2018,3,2018-03,2018-03-01,0,,,0,0.0,0.0
TCA,Turks and Caicos Islands,2018,4,2018-04,2018-04-01,0,,,0,0.0,0.0
TCA,Turks and Caicos Islands,2018,5,2018-05,2018-05-01,0,,,0,0.0,0.0
TCA,Turks and Caicos Islands,2018,6,2018-06,2018-06-01,0,,,0,0.0,0.0
TCA,Turks and Caicos Islands,2018,7,2018-07,2018-07-01,0,,,0,0.0,0.0
TCA,Turks and Caicos Islands,2018,8,2018-08,2018-08-01,0,,,0,0.0,0.0
TCA,Turks and Caicos Islands,2018,9,2018-09,2018-09-01,0,,,0,0.0,0.0
TCA,Turks and Caicos Islands,2018,10,2018-10,2018-10-01,0,,,0,0.0,0.0
TCA,Turks and Caicos Islands,2018,11,2018-11,2018-11-01,0,,,0,0.0,0.0
TCA,Turks and Caicos Islands,2018,12,2018-12,2018-12-01,0,,,0,0.0,0.0
TCA,Turks and Caicos Islands,2019,1,2019-01,2019-01-01,0,,,0,0.0,0.0
TCA,Turks and Caicos Islands,2019,2,2019-02,2019-02-01,0,,,0,0.0,0.0
TCA,Turks and Caicos Islands,2019,3,2019-03,2019-03-01,0,,,0,0.0,0.0
TCA,Turks and Caicos Islands,2019,4,2019-04,2019-04-01,0,,,0,0.0,0.0
TCA,Turks and Caicos Islands,2019,5,2019-05,2019-05-01,0,,,0,0.0,0.0
TCA,Turks and Caicos Islands,2019,6,2019-06,2019-06-01,0,,,0,0.0,0.0
TCA,Turks and Caicos Islands,2019,7,2019-07,2019-07-01,0,,,0,0.0,0.0
TCA,Turks and Caicos Islands,2019,8,2019-08,2019-08-01,0,,,0,0.0,0.0
TCA,Turks and Caicos Islands,2019,9,2019-09,2019-09-01,0,,,0,0.0,0.0
TCA,Turks and Caicos Islands,2019,10,2019-10,2019-10-01,0,,,0,0.0,0.0
TCA,Turks and Caicos Islands,2019,11,2019-11,2019-11-01,0,,,0,0.0,0.0
TCA,Turks and Caicos Islands,2019,12,2019-12,2019-12-01,0,,,0,0.0,0.0
TCA,Turks and Caicos Islands,2020,1,2020-01,2020-01-01,0,,,0,0.0,0.0
TCA,Turks and Caicos Islands,2020,2,2020-02,2020-02-01,0,,,0,0.0,0.0
TCA,Turks and Caicos Islands,2020,3,2020-03,2020-03-01,0,,,0,0.0,0.0
TCA,Turks and Caicos Islands,2020,4,2020-04,2020-04-01,0,,,0,0.0,0.0
TCA,Turks and Caicos Islands,2020,5,2020-05,2020-05-01,0,,,0,0.0,0.0
TCA,Turks and Caicos Islands,2020,6,2020-06,2020-06-01,0,,,0,0.0,0.0
TCA,Turks and Caicos Islands,2020,7,2020-07,2020-07-01,0,,,0,0.0,0.0
TCA,Turks and Caicos Islands,2020,8,2020-08,2020-08-01,0,,,0,0.0,0.0
TCA,Turks and Caicos Islands,2020,9,2020-09,2020-09-01,0,,,0,0.0,0.0
TCA,Turks and Caicos Islands,2020,10,2020-10,2020-10-01,0,,,0,0.0,0.0
TCA,Turks and Caicos Islands,2020,11,2020-11,2020-11-01,0,,,0,0.0,0.0
TCA,Turks and Caicos Islands,2020,12,2020-12,2020-12-01,0,,,0,0.0,0.0
TCA,Turks and Caicos Islands,2021,1,2021-01,2021-01-01,0,,,0,0.0,0.0
TCA,Turks and Caicos Islands,2021,2,2021-02,2021-02-01,0,,,0,0.0,0.0
TCA,Turks and Caicos Islands,2021,3,2021-03,2021-03-01,0,,,0,0.0,0.0
TCA,Turks and Caicos Islands,2021,4,2021-04,2021-04-01,0,,,0,0.0,0.0
TCA,Turks and Caicos Islands,2021,5,2021-05,2021-05-01,0,,,0,0.0,0.0
TCA,Turks and Caicos Islands,2021,6,2021-06,2021-06-01,0,,,0,0.0,0.0
TCA,Turks and Caicos Islands,2021,7,2021-07,2021-07-01,0,,,0,0.0,0.0
TCA,Turks and Caicos Islands,2021,8,2021-08,2021-08-01,0,,,0,0.0,0.0
TCA,Turks and Caicos Islands,2021,9,2021-09,2021-09-01,0,,,0,0.0,0.0
TCA,Turks and Caicos Islands,2021,10,2021-10,2021-10-01,0,,,0,0.0,0.0
TCA,Turks and Caicos Islands,2021,11,2021-11,2021-11-01,0,,,0,0.0,0.0
TCA,Turks and Caicos Islands,2021,12,2021-12,2021-12-01,0,,,0,0.0,0.0
TCA,Turks and Caicos Islands,2022,1,2022-01,2022-01-01,0,,,0,0.0,0.0
TCA,Turks and Caicos Islands,2022,2,2022-02,2022-02-01,0,,,0,0.0,0.0
TCA,Turks and Caicos Islands,2022,3,2022-03,2022-03-01,0,,,0,0.0,0.0
TCA,Turks and Caicos Islands,2022,4,2022-04,2022-04-01,0,,,0,0.0,0.0
TCA,Turks and Caicos Islands,2022,5,2022-05,2022-05-01,0,,,0,0.0,0.0
TCA,Turks and Caicos Islands,2022,6,2022-06,2022-06-01,0,,,0,0.0,0.0
TCA,Turks and Caicos Islands,2022,7,2022-07,2022-07-01,0,,,0,0.0,0.0
TCA,Turks and Caicos Islands,2022,8,2022-08,2022-08-01,0,,,0,0.0,0.0
TCA,Turks and Caicos Islands,2022,9,2022-09,2022-09-01,1,FIONA,2022257N16312,5,100.0,51.4444
TCA,Turks and Caicos Islands,2022,10,2022-10,2022-10-01,0,,,0,0.0,0.0
TCA,Turks and Caicos Islands,2022,11,2022-11,2022-11-01,0,,,0,0.0,0.0
TCA,Turks and Caicos Islands,2022,12,2022-12,2022-12-01,0,,,0,0.0,0.0
TCA,Turks and Caicos Islands,2023,1,2023-01,2023-01-01,0,,,0,0.0,0.0
TCA,Turks and Caicos Islands,2023,2,2023-02,2023-02-01,0,,,0,0.0,0.0
TCA,Turks and Caicos Islands,2023,3,2023-03,2023-03-01,0,,,0,0.0,0.0
TCA,Turks and Caicos Islands,2023,4,2023-04,2023-04-01,0,,,0,0.0,0.0
TCA,Turks and Caicos Islands,2023,5,2023-05,2023-05-01,0,,,0,0.0,0.0
TCA,Turks and Caicos Islands,2023,6,2023-06,2023-06-01,0,,,0,0.0,0.0
TCA,Turks and Caicos Islands,2023,7,2023-07,2023-07-01,0,,,0,0.0,0.0
TCA,Turks and Caicos Islands,2023,8,2023-08,2023-08-01,0,,,0,0.0,0.0
TCA,Turks and Caicos Islands,2023,9,2023-09,2023-09-01,0,,,0,0.0,0.0
TCA,Turks and Caicos Islands,2023,10,2023-10,2023-10-01,0,,,0,0.0,0.0
TCA,Turks and Caicos Islands,2023,11,2023-11,2023-11-01,0,,,0,0.0,0.0
TCA,Turks and Caicos Islands,2023,12,2023-12,2023-12-01,0,,,0,0.0,0.0
TCA,Turks and Caicos Islands,2024,1,2024-01,2024-01-01,0,,,0,0.0,0.0
TCA,Turks and Caicos Islands,2024,2,2024-02,2024-02-01,0,,,0,0.0,0.0
TCA,Turks and Caicos Islands,2024,3,2024-03,2024-03-01,0,,,0,0.0,0.0
TCA,Turks and Caicos Islands,2024,4,2024-04,2024-04-01,0,,,0,0.0,0.0
TCA,Turks and Caicos Islands,2024,5,2024-05,2024-05-01,0,,,0,0.0,0.0
TCA,Turks and Caicos Islands,2024,6,2024-06,2024-06-01,0,,,0,0.0,0.0
TCA,Turks and Caicos Islands,2024,7,2024-07,2024-07-01,0,,,0,0.0,0.0
TCA,Turks and Caicos Islands,2024,8,2024-08,2024-08-01,0,,,0,0.0,0.0
TCA,Turks and Caicos Islands,2024,9,2024-09,2024-09-01,0,,,0,0.0,0.0
TCA,Turks and Caicos Islands,2024,10,2024-10,2024-10-01,1,OSCAR,2024293N21294,4,75.0,38.5833
TCA,Turks and Caicos Islands,2024,11,2024-11,2024-11-01,0,,,0,0.0,0.0
TCA,Turks and Caicos Islands,2024,12,2024-12,2024-12-01,0,,,0,0.0,0.0
