iso3,country,year,lat,lon,pop_count,pop_share,rainfall_year,population_weight_year
BHS,Bahamas,2007,20.974998474121094,-73.67500305175781,525.6390964984894,0.0017184607491443527,2007,2015
BHS,Bahamas,2007,20.974998474121094,-73.62500762939453,0.07109799981117249,2.3243918276258514e-07,2007,2015
BHS,Bahamas,2007,20.974998474121094,-73.57500457763672,0.0,0.0,2007,2015
BHS,Bahamas,2007,20.974998474121094,-73.5250015258789,0.0,0.0,2007,2015
BHS,Bahamas,2007,20.974998474121094,-73.47500610351562,0.0,0.0,2007,2015
BHS,Bahamas,2007,20.974998474121094,-73.42500305175781,0.0,0.0,2007,2015
BHS,Bahamas,2007,20.974998474121094,-73.37500762939453,0.0,0.0,2007,2015
BHS,Bahamas,2007,20.974998474121094,-73.32500457763672,0.0,0.0,2007,2015
BHS,Bahamas,2007,20.974998474121094,-73.2750015258789,0.0,0.0,2007,2015
BHS,Bahamas,2007,20.974998474121094,-73.22500610351562,0.0,0.0,2007,2015
BHS,Bahamas,2007,20.974998474121094,-73.17500305175781,0.0,0.0,2007,2015
BHS,Bahamas,2007,21.024993896484375,-73.67500305175781,0.8303360159117856,2.7145999250255633e-06,2007,2015
BHS,Bahamas,2007,21.024993896484375,-73.62500762939453,43.848684140481495,0.00014335357301045523,2007,2015
BHS,Bahamas,2007,21.024993896484375,-73.57500457763672,0.0,0.0,2007,2015
BHS,Bahamas,2007,21.024993896484375,-73.5250015258789,0.0,0.0,2007,2015
BHS,Bahamas,2007,21.024993896484375,-73.47500610351562,0.0,0.0,2007,2015
BHS,Bahamas,2007,21.024993896484375,-73.42500305175781,0.0,0.0,2007,2015
BHS,Bahamas,2007,21.024993896484375,-73.37500762939453,0.0,0.0,2007,2015
BHS,Bahamas,2007,21.024993896484375,-73.32500457763672,1.2806830406188965,4.186909900840569e-06,2007,2015
BHS,Bahamas,2007,21.024993896484375,-73.2750015258789,0.0,0.0,2007,2015
BHS,Bahamas,2007,21.024993896484375,-73.22500610351562,0.0,0.0,2007,2015
BHS,Bahamas,2007,21.024993896484375,-73.17500305175781,0.0,0.0,2007,2015
BHS,Bahamas,2007,21.024993896484375,-73.12500762939453,0.0,0.0,2007,2015
BHS,Bahamas,2007,21.074996948242188,-73.62500762939453,8.775263778866476,2.8688783745014912e-05,2007,2015
BHS,Bahamas,2007,21.074996948242188,-73.57500457763672,1.201717022806406,3.928747973710423e-06,2007,2015
BHS,Bahamas,2007,21.074996948242188,-73.5250015258789,0.0,0.0,2007,2015
BHS,Bahamas,2007,21.074996948242188,-73.47500610351562,0.0,0.0,2007,2015
BHS,Bahamas,2007,21.074996948242188,-73.42500305175781,0.0,0.0,2007,2015
BHS,Bahamas,2007,21.074996948242188,-73.37500762939453,0.0,0.0,2007,2015
BHS,Bahamas,2007,21.074996948242188,-73.32500457763672,0.0,0.0,2007,2015
BHS,Bahamas,2007,21.074996948242188,-73.2750015258789,0.0,0.0,2007,2015
BHS,Bahamas,2007,21.074996948242188,-73.22500610351562,0.0,0.0,2007,2015
BHS,Bahamas,2007,21.074996948242188,-73.17500305175781,0.0,0.0,2007,2015
BHS,Bahamas,2007,21.074996948242188,-73.12500762939453,0.0,0.0,2007,2015
BHS,Bahamas,2007,21.125,-73.5250015258789,0.0,0.0,2007,2015
BHS,Bahamas,2007,21.125,-73.47500610351562,0.0,0.0,2007,2015
BHS,Bahamas,2007,21.125,-73.42500305175781,0.0,0.0,2007,2015
BHS,Bahamas,2007,21.125,-73.37500762939453,0.0,0.0,2007,2015
BHS,Bahamas,2007,21.125,-73.32500457763672,0.0,0.0,2007,2015
BHS,Bahamas,2007,21.125,-73.2750015258789,0.0,0.0,2007,2015
BHS,Bahamas,2007,21.125,-73.22500610351562,0.0,0.0,2007,2015
BHS,Bahamas,2007,21.125,-73.17500305175781,0.0,0.0,2007,2015
BHS,Bahamas,2007,21.125,-73.12500762939453,0.0,0.0,2007,2015
BHS,Bahamas,2007,21.125,-73.07500457763672,0.0,0.0,2007,2015
BHS,Bahamas,2007,21.17499542236328,-73.47500610351562,0.0,0.0,2007,2015
BHS,Bahamas,2007,21.17499542236328,-73.42500305175781,0.0,0.0,2007,2015
BHS,Bahamas,2007,21.17499542236328,-73.37500762939453,0.0,0.0,2007,2015
BHS,Bahamas,2007,21.17499542236328,-73.12500762939453,0.0,0.0,2007,2015
BHS,Bahamas,2007,21.17499542236328,-73.07500457763672,0.027753999456763268,9.073556174936928e-08,2007,2015
BHS,Bahamas,2007,21.224998474121094,-73.07500457763672,0.0,0.0,2007,2015
BHS,Bahamas,2007,21.224998474121094,-73.0250015258789,0.0,0.0,2007,2015
BHS,Bahamas,2007,21.274993896484375,-73.07500457763672,0.0,0.0,2007,2015
BHS,Bahamas,2007,21.274993896484375,-73.0250015258789,0.0,0.0,2007,2015
BHS,Bahamas,2007,21.324996948242188,-73.0250015258789,0.0,0.0,2007,2015
BHS,Bahamas,2007,21.474998474121094,-73.0250015258789,0.7568639814891699,2.474399361262113e-06,2007,2015
BHS,Bahamas,2007,21.474998474121094,-72.97500610351562,0.0,0.0,2007,2015
BHS,Bahamas,2007,21.524993896484375,-73.0250015258789,0.0,0.0,2007,2015
BHS,Bahamas,2007,21.524993896484375,-72.97500610351562,0.0,0.0,2007,2015
BHS,Bahamas,2007,22.17499542236328,-74.2750015258789,2.7267739921808243,8.914584376552102e-06,2007,2015
BHS,Bahamas,2007,22.224998474121094,-74.22500610351562,117.02899311855474,0.0003826004049656889,2007,2015
BHS,Bahamas,2007,22.274993896484375,-74.17500305175781,0.19867900013923645,6.495370410855738e-07,2007,2015
BHS,Bahamas,2007,22.324996948242188,-74.12500762939453,1.5368570312857628,5.024414094963897e-06,2007,2015
BHS,Bahamas,2007,22.324996948242188,-74.07500457763672,3.413741998374462,1.116047430830514e-05,2007,2015
BHS,Bahamas,2007,22.324996948242188,-72.82500457763672,0.0,0.0,2007,2015
BHS,Bahamas,2007,22.324996948242188,-72.7750015258789,0.0,0.0,2007,2015
BHS,Bahamas,2007,22.375,-74.07500457763672,0.0,0.0,2007,2015
BHS,Bahamas,2007,22.375,-74.0250015258789,4.757766991853714,1.555446671212118e-05,2007,2015
BHS,Bahamas,2007,22.375,-73.97500610351562,0.0,0.0,2007,2015
BHS,Bahamas,2007,22.375,-73.12500762939453,0.12881700694561005,4.21138708541484e-07,2007,2015
BHS,Bahamas,2007,22.375,-73.07500457763672,0.0,0.0,2007,2015
BHS,Bahamas,2007,22.375,-73.0250015258789,50.5905552731039,0.00016539462930626348,2007,2015
BHS,Bahamas,2007,22.375,-72.97500610351562,126.71773886680603,0.00041427561593785625,2007,2015
BHS,Bahamas,2007,22.375,-72.92500305175781,1.4115130491554737,4.614629672786746e-06,2007,2015
BHS,Bahamas,2007,22.375,-72.87500762939453,0.0,0.0,2007,2015
BHS,Bahamas,2007,22.375,-72.82500457763672,0.0,0.0,2007,2015
BHS,Bahamas,2007,22.42499542236328,-73.97500610351562,47.35080189258326,0.00015480297229593216,2007,2015
BHS,Bahamas,2007,22.42499542236328,-73.12500762939453,58.648998923612254,0.00019173992820970974,2007,2015
BHS,Bahamas,2007,22.42499542236328,-73.07500457763672,43.643376871949165,0.00014268236631210062,2007,2015
BHS,Bahamas,2007,22.42499542236328,-73.0250015258789,0.1513269990682602,4.947301483411566e-07,2007,2015
BHS,Bahamas,2007,22.474998474121094,-73.87500762939453,0.8563529849052429,2.7996566499244325e-06,2007,2015
BHS,Bahamas,2007,22.574996948242188,-74.37500762939453,1.5460069626569748,5.0543277715217e-06,2007,2015
BHS,Bahamas,2007,22.574996948242188,-73.87500762939453,66.4300123155117,0.00021717823025310464,2007,2015
BHS,Bahamas,2007,22.574996948242188,-73.62500762939453,0.0,0.0,2007,2015
BHS,Bahamas,2007,22.625,-74.32500457763672,11.966922760009766,3.9123206755565384e-05,2007,2015
BHS,Bahamas,2007,22.625,-74.0250015258789,0.0,0.0,2007,2015
BHS,Bahamas,2007,22.625,-73.97500610351562,0.0,0.0,2007,2015
BHS,Bahamas,2007,22.625,-73.92500305175781,0.20033299922943115,6.549444252290938e-07,2007,2015
BHS,Bahamas,2007,22.625,-73.87500762939453,50.189397007227825,0.0001640831310963794,2007,2015
BHS,Bahamas,2007,22.67499542236328,-74.07500457763672,0.08314599841833115,2.7182744906557976e-07,2007,2015
BHS,Bahamas,2007,22.67499542236328,-73.92500305175781,18.17451437562704,5.941755435873406e-05,2007,2015
BHS,Bahamas,2007,22.724998474121094,-74.2750015258789,0.48702299595154563,1.5922139506908337e-06,2007,2015
BHS,Bahamas,2007,22.724998474121094,-74.22500610351562,0.37711699679493904,1.2329005988030835e-06,2007,2015
BHS,Bahamas,2007,22.724998474121094,-74.17500305175781,39.49752097577318,0.00012912840756617314,2007,2015
BHS,Bahamas,2007,22.724998474121094,-74.12500762939453,11.967238143098877,3.9124237830809205e-05,2007,2015
BHS,Bahamas,2007,22.724998474121094,-74.07500457763672,9.147311940789223,2.990511290948257e-05,2007,2015
BHS,Bahamas,2007,22.774993896484375,-74.2750015258789,1.0095068010695929e-11,3.300359172650235e-17,2007,2015
BHS,Bahamas,2007,22.774993896484375,-74.22500610351562,88.37551623585276,0.00028892420074601294,2007,2015
BHS,Bahamas,2007,22.824996948242188,-74.32500457763672,97.82287999988141,0.00031981026671698006,2007,2015
BHS,Bahamas,2007,22.824996948242188,-74.2750015258789,17.949625074879265,5.8682328537801075e-05,2007,2015
BHS,Bahamas,2007,22.92499542236328,-74.87500762939453,87.43238287419514,0.00028584083485102223,2007,2015
BHS,Bahamas,2007,22.974998474121094,-74.87500762939453,81.02799335122108,0.00026490310002350286,2007,2015
BHS,Bahamas,2007,23.024993896484375,-74.92500305175781,37.04576912522316,0.00012111294724391315,2007,2015
BHS,Bahamas,2007,23.024993896484375,-74.87500762939453,107.0881491303508,0.00035010101456475973,2007,2015
BHS,Bahamas,2007,23.074996948242188,-74.97500610351562,98.62775817520955,0.0003224416378637576,2007,2015
BHS,Bahamas,2007,23.074996948242188,-74.92500305175781,31.107130989494653,0.00010169788354792234,2007,2015
BHS,Bahamas,2007,23.074996948242188,-73.7750015258789,0.0,0.0,2007,2015
BHS,Bahamas,2007,23.125,-75.12500762939453,0.0,0.0,2007,2015
BHS,Bahamas,2007,23.17499542236328,-75.22500610351562,0.0,0.0,2007,2015
BHS,Bahamas,2007,23.17499542236328,-75.17500305175781,0.0,0.0,2007,2015
BHS,Bahamas,2007,23.224998474121094,-75.12500762939453,75.71455562114716,0.0002475319907529409,2007,2015
BHS,Bahamas,2007,23.42499542236328,-75.57500457763672,62.19437590248877,0.000203330753967734,2007,2015
BHS,Bahamas,2007,23.42499542236328,-75.17500305175781,123.24543659389366,0.00040292369176609364,2007,2015
BHS,Bahamas,2007,23.474998474121094,-75.7750015258789,776.3103403449288,0.0025379749298033573,2007,2015
BHS,Bahamas,2007,23.474998474121094,-75.72500610351562,362.0963339880109,0.0011837938644833075,2007,2015
BHS,Bahamas,2007,23.474998474121094,-75.22500610351562,209.9042613506317,0.0006862355494712239,2007,2015
BHS,Bahamas,2007,23.524993896484375,-75.82500457763672,489.13141281176166,0.001599106953211482,2007,2015
BHS,Bahamas,2007,23.524993896484375,-75.22500610351562,81.88971680403569,0.00026772031423025335,2007,2015
BHS,Bahamas,2007,23.574996948242188,-75.92500305175781,186.56682202219963,0.0006099389540722104,2007,2015
BHS,Bahamas,2007,23.574996948242188,-75.87500762939453,701.0437020659447,0.0022919073057166245,2007,2015
BHS,Bahamas,2007,23.625,-75.97500610351562,152.78901632130146,0.0004995098903364906,2007,2015
BHS,Bahamas,2007,23.625,-75.92500305175781,1215.966047145429,0.003975332006753871,2007,2015
BHS,Bahamas,2007,23.67499542236328,-76.0250015258789,152.09811109304823,0.0004972511285281683,2007,2015
BHS,Bahamas,2007,23.67499542236328,-75.32500457763672,73.72541415692625,0.0002410289327545354,2007,2015
BHS,Bahamas,2007,23.67499542236328,-74.92500305175781,0.22926799952983856,7.495410079870376e-07,2007,2015
BHS,Bahamas,2007,23.67499542236328,-74.87500762939453,6.002876125277719,1.9625075592707826e-05,2007,2015
BHS,Bahamas,2007,23.67499542236328,-74.82500457763672,35.023906901509676,0.00011450291596052036,2007,2015
BHS,Bahamas,2007,23.774993896484375,-77.72500610351562,0.0,0.0,2007,2015
BHS,Bahamas,2007,23.774993896484375,-77.62500762939453,0.0,0.0,2007,2015
BHS,Bahamas,2007,23.774993896484375,-77.57500457763672,0.0,0.0,2007,2015
BHS,Bahamas,2007,23.824996948242188,-77.72500610351562,0.0,0.0,2007,2015
BHS,Bahamas,2007,23.824996948242188,-77.67500305175781,0.14824700355529785,4.846607843386984e-07,2007,2015
BHS,Bahamas,2007,23.824996948242188,-77.57500457763672,0.0,0.0,2007,2015
BHS,Bahamas,2007,23.875,-77.7750015258789,0.0,0.0,2007,2015
BHS,Bahamas,2007,23.875,-77.72500610351562,0.03000600077211857,9.809798188371455e-08,2007,2015
BHS,Bahamas,2007,23.875,-77.67500305175781,0.0,0.0,2007,2015
BHS,Bahamas,2007,23.875,-77.62500762939453,0.0,0.0,2007,2015
BHS,Bahamas,2007,23.875,-77.57500457763672,0.0,0.0,2007,2015
BHS,Bahamas,2007,23.875,-77.5250015258789,49.993198946133255,0.00016344170493669074,2007,2015
BHS,Bahamas,2007,23.92499542236328,-77.7750015258789,0.0,0.0,2007,2015
BHS,Bahamas,2007,23.92499542236328,-77.72500610351562,0.0,0.0,2007,2015
BHS,Bahamas,2007,23.92499542236328,-77.67500305175781,0.0,0.0,2007,2015
BHS,Bahamas,2007,23.92499542236328,-77.62500762939453,0.0,0.0,2007,2015
BHS,Bahamas,2007,23.92499542236328,-77.5250015258789,58.46482092142105,0.00019113779897364307,2007,2015
BHS,Bahamas,2007,23.974998474121094,-77.82500457763672,0.0,0.0,2007,2015
BHS,Bahamas,2007,23.974998474121094,-77.7750015258789,0.0,0.0,2007,2015
BHS,Bahamas,2007,23.974998474121094,-77.72500610351562,0.0,0.0,2007,2015
BHS,Bahamas,2007,23.974998474121094,-77.67500305175781,0.0,0.0,2007,2015
BHS,Bahamas,2007,23.974998474121094,-77.62500762939453,0.05787000060081482,1.891931655158877e-07,2007,2015
BHS,Bahamas,2007,23.974998474121094,-77.57500457763672,13.555343724820041,4.431619772470709e-05,2007,2015
BHS,Bahamas,2007,23.974998474121094,-76.32500457763672,46.757614463567734,0.0001528636772160199,2007,2015
BHS,Bahamas,2007,23.974998474121094,-74.5250015258789,89.97949697078893,0.00029416806094159767,2007,2015
BHS,Bahamas,2007,24.024993896484375,-77.82500457763672,0.0,0.0,2007,2015
BHS,Bahamas,2007,24.024993896484375,-77.7750015258789,4.544108145321246e-11,1.4855956376951395e-16,2007,2015
BHS,Bahamas,2007,24.024993896484375,-77.72500610351562,2.490483969449997,8.142086417054296e-06,2007,2015
BHS,Bahamas,2007,24.024993896484375,-77.67500305175781,0.0,0.0,2007,2015
BHS,Bahamas,2007,24.024993896484375,-77.62500762939453,0.23562000319361687,7.703074788362156e-07,2007,2015
BHS,Bahamas,2007,24.024993896484375,-77.57500457763672,1.795287936925888,5.869296773339133e-06,2007,2015
BHS,Bahamas,2007,24.024993896484375,-74.5250015258789,104.33438239246607,0.00034109818337720596,2007,2015
BHS,Bahamas,2007,24.024993896484375,-74.47500610351562,4.745942898094654,1.5515810453188955e-05,2007,2015
BHS,Bahamas,2007,24.074996948242188,-77.87500762939453,0.0,0.0,2007,2015
BHS,Bahamas,2007,24.074996948242188,-77.82500457763672,0.0,0.0,2007,2015
BHS,Bahamas,2007,24.074996948242188,-77.7750015258789,0.0,0.0,2007,2015
BHS,Bahamas,2007,24.074996948242188,-77.72500610351562,0.817501999440207,2.672641947190208e-06,2007,2015
BHS,Bahamas,2007,24.074996948242188,-77.67500305175781,0.19553300738334656,6.392519136966434e-07,2007,2015
BHS,Bahamas,2007,24.074996948242188,-77.62500762939453,0.4706220030784607,1.5385945325631836e-06,2007,2015
BHS,Bahamas,2007,24.074996948242188,-77.57500457763672,27.09783614433855,8.859038094957377e-05,2007,2015
BHS,Bahamas,2007,24.074996948242188,-76.37500762939453,172.8204801082611,0.0005649983300189744,2007,2015
BHS,Bahamas,2007,24.074996948242188,-74.5250015258789,483.0294202566147,0.001579157838376906,2007,2015
BHS,Bahamas,2007,24.074996948242188,-74.47500610351562,9.784929923713207,3.198966385689599e-05,2007,2015
BHS,Bahamas,2007,24.125,-77.87500762939453,0.0,0.0,2007,2015
BHS,Bahamas,2007,24.125,-77.82500457763672,0.0,0.0,2007,2015
BHS,Bahamas,2007,24.125,-77.7750015258789,0.0,0.0,2007,2015
BHS,Bahamas,2007,24.125,-77.62500762939453,3.6844210475683212,1.2045399582612047e-05,2007,2015
BHS,Bahamas,2007,24.125,-77.57500457763672,262.0222769677639,0.0008566238724821083,2007,2015
BHS,Bahamas,2007,24.125,-74.47500610351562,149.2220915332456,0.00048784861878295487,2007,2015
BHS,Bahamas,2007,24.17499542236328,-77.92500305175781,0.0,0.0,2007,2015
BHS,Bahamas,2007,24.17499542236328,-77.82500457763672,0.0,0.0,2007,2015
BHS,Bahamas,2007,24.17499542236328,-77.7750015258789,0.0,0.0,2007,2015
BHS,Bahamas,2007,24.17499542236328,-77.62500762939453,16.175217265274405,5.288129472183583e-05,2007,2015
BHS,Bahamas,2007,24.17499542236328,-75.47500610351562,30.16226901113987,9.86088663230283e-05,2007,2015
BHS,Bahamas,2007,24.17499542236328,-75.42500305175781,12.55302894115448,4.103935126200998e-05,2007,2015
BHS,Bahamas,2007,24.17499542236328,-75.37500762939453,59.12850558757782,0.00019330756917566353,2007,2015
BHS,Bahamas,2007,24.17499542236328,-75.32500457763672,88.5645659044385,0.0002895422568176931,2007,2015
BHS,Bahamas,2007,24.224998474121094,-77.87500762939453,0.0,0.0,2007,2015
BHS,Bahamas,2007,24.224998474121094,-77.7750015258789,0.0,0.0,2007,2015
BHS,Bahamas,2007,24.224998474121094,-77.72500610351562,0.0,0.0,2007,2015
BHS,Bahamas,2007,24.224998474121094,-77.67500305175781,20.25312273950014,6.621310459453991e-05,2007,2015
BHS,Bahamas,2007,24.224998474121094,-76.47500610351562,107.3267525434556,0.00035088107564233917,2007,2015
BHS,Bahamas,2007,24.224998474121094,-75.37500762939453,312.0322169959545,0.0010201203086832834,2007,2015
BHS,Bahamas,2007,24.224998474121094,-75.32500457763672,3.9079729318618774,1.2776253016298443e-05,2007,2015
BHS,Bahamas,2007,24.274993896484375,-78.0250015258789,0.0,0.0,2007,2015
BHS,Bahamas,2007,24.274993896484375,-77.67500305175781,342.706509873271,0.0011204031237717499,2007,2015
BHS,Bahamas,2007,24.274993896484375,-76.5250015258789,34.31749054791963,0.00011219344395913232,2007,2015
BHS,Bahamas,2007,24.274993896484375,-75.37500762939453,5.21016600728035,1.7033485217671897e-05,2007,2015
BHS,Bahamas,2007,24.324996948242188,-78.0250015258789,0.0,0.0,2007,2015
BHS,Bahamas,2007,24.324996948242188,-77.87500762939453,0.0,0.0,2007,2015
BHS,Bahamas,2007,24.324996948242188,-77.7750015258789,0.0,0.0,2007,2015
BHS,Bahamas,2007,24.324996948242188,-75.47500610351562,112.83382150903344,0.00036888521940412974,2007,2015
BHS,Bahamas,2007,24.324996948242188,-75.42500305175781,58.886520102628126,0.00019251645116233687,2007,2015
BHS,Bahamas,2007,24.375,-78.07500457763672,0.0,0.0,2007,2015
BHS,Bahamas,2007,24.375,-78.0250015258789,0.0,0.0,2007,2015
BHS,Bahamas,2007,24.375,-77.97500610351562,0.0,0.0,2007,2015
BHS,Bahamas,2007,24.375,-77.92500305175781,0.0,0.0,2007,2015
BHS,Bahamas,2007,24.375,-77.87500762939453,0.0,0.0,2007,2015
BHS,Bahamas,2007,24.42499542236328,-78.12500762939453,0.0,0.0,2007,2015
BHS,Bahamas,2007,24.42499542236328,-78.07500457763672,0.0,0.0,2007,2015
BHS,Bahamas,2007,24.42499542236328,-78.0250015258789,0.0,0.0,2007,2015
BHS,Bahamas,2007,24.42499542236328,-77.97500610351562,0.0,0.0,2007,2015
BHS,Bahamas,2007,24.42499542236328,-77.92500305175781,0.10438299924135208,3.412571254100841e-07,2007,2015
BHS,Bahamas,2007,24.42499542236328,-77.87500762939453,0.0,0.0,2007,2015
BHS,Bahamas,2007,24.42499542236328,-75.5250015258789,69.5924364775488,0.0002275170764896347,2007,2015
BHS,Bahamas,2007,24.474998474121094,-78.22500610351562,0.0,0.0,2007,2015
BHS,Bahamas,2007,24.474998474121094,-78.17500305175781,0.7809790372848511,2.5532382016839143e-06,2007,2015
BHS,Bahamas,2007,24.474998474121094,-78.12500762939453,2.6636810302734375,8.708315894417963e-06,2007,2015
BHS,Bahamas,2007,24.474998474121094,-78.07500457763672,0.0,0.0,2007,2015
BHS,Bahamas,2007,24.474998474121094,-78.0250015258789,0.0,0.0,2007,2015
BHS,Bahamas,2007,24.474998474121094,-77.97500610351562,0.20494499804005972,6.700223351181433e-07,2007,2015
BHS,Bahamas,2007,24.474998474121094,-77.92500305175781,0.0778760015964508,2.5459836023477424e-07,2007,2015
BHS,Bahamas,2007,24.474998474121094,-77.87500762939453,0.0,0.0,2007,2015
BHS,Bahamas,2007,24.474998474121094,-77.82500457763672,0.0,0.0,2007,2015
BHS,Bahamas,2007,24.474998474121094,-77.7750015258789,1.9929519891738892,6.515515666811385e-06,2007,2015
BHS,Bahamas,2007,24.524993896484375,-78.32500457763672,0.0,0.0,2007,2015
BHS,Bahamas,2007,24.524993896484375,-78.2750015258789,0.0,0.0,2007,2015
BHS,Bahamas,2007,24.524993896484375,-78.22500610351562,0.0,0.0,2007,2015
BHS,Bahamas,2007,24.524993896484375,-78.17500305175781,0.0,0.0,2007,2015
BHS,Bahamas,2007,24.524993896484375,-78.12500762939453,0.0,0.0,2007,2015
BHS,Bahamas,2007,24.524993896484375,-78.07500457763672,0.0,0.0,2007,2015
BHS,Bahamas,2007,24.524993896484375,-78.0250015258789,0.0,0.0,2007,2015
BHS,Bahamas,2007,24.524993896484375,-77.97500610351562,0.0,0.0,2007,2015
BHS,Bahamas,2007,24.524993896484375,-77.92500305175781,0.3476780056959406,1.1366563296171742e-06,2007,2015
BHS,Bahamas,2007,24.524993896484375,-77.87500762939453,0.0,0.0,2007,2015
BHS,Bahamas,2007,24.524993896484375,-77.82500457763672,0.0,0.0,2007,2015
BHS,Bahamas,2007,24.524993896484375,-77.7750015258789,2.5405130535897817,8.30564544069345e-06,2007,2015
BHS,Bahamas,2007,24.524993896484375,-77.72500610351562,105.02196593778483,0.0003433460856779649,2007,2015
BHS,Bahamas,2007,24.524993896484375,-76.7750015258789,0.475818008184433,1.555581721846568e-06,2007,2015
BHS,Bahamas,2007,24.524993896484375,-75.57500457763672,54.715574949990284,0.0001788804686424129,2007,2015
BHS,Bahamas,2007,24.574996948242188,-78.37500762939453,0.2315439973026514,7.569818792307733e-07,2007,2015
BHS,Bahamas,2007,24.574996948242188,-78.32500457763672,0.0324070006608963,1.0594751989382402e-07,2007,2015
BHS,Bahamas,2007,24.574996948242188,-78.2750015258789,0.0,0.0,2007,2015
BHS,Bahamas,2007,24.574996948242188,-78.22500610351562,0.0,0.0,2007,2015
BHS,Bahamas,2007,24.574996948242188,-78.17500305175781,0.0,0.0,2007,2015
BHS,Bahamas,2007,24.574996948242188,-78.12500762939453,0.0,0.0,2007,2015
BHS,Bahamas,2007,24.574996948242188,-78.07500457763672,0.08419000358920857,2.7524059302691707e-07,2007,2015
BHS,Bahamas,2007,24.574996948242188,-78.0250015258789,0.08015099912881851,2.620359614136382e-07,2007,2015
BHS,Bahamas,2007,24.574996948242188,-77.97500610351562,0.07390999794006348,2.416323886016421e-07,2007,2015
BHS,Bahamas,2007,24.574996948242188,-77.92500305175781,0.0,0.0,2007,2015
BHS,Bahamas,2007,24.574996948242188,-77.87500762939453,0.0,0.0,2007,2015
BHS,Bahamas,2007,24.574996948242188,-77.82500457763672,0.0,0.0,2007,2015
BHS,Bahamas,2007,24.574996948242188,-77.7750015258789,55.98589515686035,0.00018303349955067872,2007,2015
BHS,Bahamas,2007,24.574996948242188,-75.62500762939453,98.76647156477856,0.0003228951306061031,2007,2015
BHS,Bahamas,2007,24.625,-78.42500305175781,0.0,0.0,2007,2015
BHS,Bahamas,2007,24.625,-78.37500762939453,0.0,0.0,2007,2015
BHS,Bahamas,2007,24.625,-78.32500457763672,0.0,0.0,2007,2015
BHS,Bahamas,2007,24.625,-78.17500305175781,0.0,0.0,2007,2015
BHS,Bahamas,2007,24.625,-78.12500762939453,0.0,0.0,2007,2015
BHS,Bahamas,2007,24.625,-78.07500457763672,0.06961199641227722,2.2758102336936744e-07,2007,2015
BHS,Bahamas,2007,24.625,-78.0250015258789,0.14351800084114075,4.6920035606954767e-07,2007,2015
BHS,Bahamas,2007,24.625,-77.97500610351562,0.0,0.0,2007,2015
BHS,Bahamas,2007,24.625,-77.92500305175781,0.13816100358963013,4.5168683857946954e-07,2007,2015
BHS,Bahamas,2007,24.625,-77.87500762939453,0.0,0.0,2007,2015
BHS,Bahamas,2007,24.625,-77.82500457763672,0.0,0.0,2007,2015
BHS,Bahamas,2007,24.625,-77.7750015258789,136.6808976829052,0.00044684795973231586,2007,2015
BHS,Bahamas,2007,24.625,-75.67500305175781,136.96615090966887,0.000447780532056227,2007,2015
BHS,Bahamas,2007,24.625,-75.62500762939453,7.873494081199169,2.5740647199366068e-05,2007,2015
BHS,Bahamas,2007,24.67499542236328,-78.32500457763672,0.0,0.0,2007,2015
BHS,Bahamas,2007,24.67499542236328,-78.22500610351562,0.0,0.0,2007,2015
BHS,Bahamas,2007,24.67499542236328,-78.17500305175781,0.0,0.0,2007,2015
BHS,Bahamas,2007,24.67499542236328,-78.12500762939453,0.0,0.0,2007,2015
BHS,Bahamas,2007,24.67499542236328,-78.07500457763672,0.15547499805688858,5.082911134537828e-07,2007,2015
BHS,Bahamas,2007,24.67499542236328,-78.0250015258789,1.9060719646513462,6.231480645403655e-06,2007,2015
BHS,Bahamas,2007,24.67499542236328,-77.97500610351562,0.12170200608670712,3.9787778714579367e-07,2007,2015
BHS,Bahamas,2007,24.67499542236328,-77.92500305175781,0.884335994725056,2.891140910396309e-06,2007,2015
BHS,Bahamas,2007,24.67499542236328,-77.87500762939453,6.504813954234123,2.1266050290591227e-05,2007,2015
BHS,Bahamas,2007,24.67499542236328,-77.82500457763672,3.795086044854268,1.2407194310985362e-05,2007,2015
BHS,Bahamas,2007,24.67499542236328,-77.7750015258789,88.74501677045507,0.0002901322010065182,2007,2015
BHS,Bahamas,2007,24.67499542236328,-76.17500305175781,45.68270182609558,0.00014934948812970556,2007,2015
BHS,Bahamas,2007,24.67499542236328,-75.72500610351562,38.66761332753741,0.00012641520809450493,2007,2015
BHS,Bahamas,2007,24.724998474121094,-78.2750015258789,0.0,0.0,2007,2015
BHS,Bahamas,2007,24.724998474121094,-78.22500610351562,0.0,0.0,2007,2015
BHS,Bahamas,2007,24.724998474121094,-78.17500305175781,0.0,0.0,2007,2015
BHS,Bahamas,2007,24.724998474121094,-78.12500762939453,0.0,0.0,2007,2015
BHS,Bahamas,2007,24.724998474121094,-78.07500457763672,1.9189879558980465,6.273706621632594e-06,2007,2015
BHS,Bahamas,2007,24.724998474121094,-78.0250015258789,0.07665599882602692,2.506098310542268e-07,2007,2015
BHS,Bahamas,2007,24.724998474121094,-77.97500610351562,0.01894400082528591,6.193322008745523e-08,2007,2015
BHS,Bahamas,2007,24.724998474121094,-77.92500305175781,0.41882701218306373,1.3692622674235707e-06,2007,2015
BHS,Bahamas,2007,24.724998474121094,-77.87500762939453,5.513357043266296,1.8024701240804528e-05,2007,2015
BHS,Bahamas,2007,24.724998474121094,-77.82500457763672,88.20907086136008,0.00028838004441356416,2007,2015
BHS,Bahamas,2007,24.724998474121094,-77.7750015258789,1027.9184441864536,0.0033605519669730787,2007,2015
BHS,Bahamas,2007,24.774993896484375,-78.2750015258789,0.0,0.0,2007,2015
BHS,Bahamas,2007,24.774993896484375,-78.22500610351562,0.0,0.0,2007,2015
BHS,Bahamas,2007,24.774993896484375,-78.17500305175781,0.018352000042796135,5.999780448586033e-08,2007,2015
BHS,Bahamas,2007,24.774993896484375,-78.12500762939453,0.17364100367003157,5.676808502958023e-07,2007,2015
BHS,Bahamas,2007,24.774993896484375,-78.07500457763672,2.730512082577465,8.926805236199285e-06,2007,2015
BHS,Bahamas,2007,24.774993896484375,-78.0250015258789,0.0,0.0,2007,2015
BHS,Bahamas,2007,24.774993896484375,-77.97500610351562,0.0531499981880188,1.7376216174107637e-07,2007,2015
BHS,Bahamas,2007,24.774993896484375,-77.92500305175781,0.0895349979563498,2.9271486974171283e-07,2007,2015
BHS,Bahamas,2007,24.774993896484375,-77.87500762939453,106.90509486198425,0.00034950255912785113,2007,2015
BHS,Bahamas,2007,24.774993896484375,-76.2750015258789,227.55652648210526,0.0007439457254531848,2007,2015
BHS,Bahamas,2007,24.774993896484375,-76.22500610351562,246.72617363930004,0.000806616646307491,2007,2015
BHS,Bahamas,2007,24.824996948242188,-78.22500610351562,0.0,0.0,2007,2015
BHS,Bahamas,2007,24.824996948242188,-78.17500305175781,0.0,0.0,2007,2015
BHS,Bahamas,2007,24.824996948242188,-78.12500762939453,0.031773000955581665,1.0387479810465357e-07,2007,2015
BHS,Bahamas,2007,24.824996948242188,-78.07500457763672,0.0,0.0,2007,2015
BHS,Bahamas,2007,24.824996948242188,-78.0250015258789,0.37204800359904766,1.2163286468633477e-06,2007,2015
BHS,Bahamas,2007,24.824996948242188,-77.97500610351562,0.39066198468208313,1.2771829404073286e-06,2007,2015
BHS,Bahamas,2007,24.824996948242188,-77.92500305175781,32.86031014844775,0.00010742951498658088,2007,2015
BHS,Bahamas,2007,24.824996948242188,-77.87500762939453,153.3966140858829,0.0005014962968208188,2007,2015
BHS,Bahamas,2007,24.824996948242188,-76.17500305175781,39.388286071853216,0.00012877128821170834,2007,2015
BHS,Bahamas,2007,24.875,-78.17500305175781,0.0,0.0,2007,2015
BHS,Bahamas,2007,24.875,-78.12500762939453,0.02217799983918667,7.250606446904883e-08,2007,2015
BHS,Bahamas,2007,24.875,-78.07500457763672,0.1885750070346994,6.165042707390819e-07,2007,2015
BHS,Bahamas,2007,24.875,-78.0250015258789,0.19192500412464142,6.274563451703066e-07,2007,2015
BHS,Bahamas,2007,24.875,-77.97500610351562,0.054287999868392944,1.7748260649720366e-07,2007,2015
BHS,Bahamas,2007,24.875,-77.92500305175781,149.90067663788875,0.000490067102672474,2007,2015
BHS,Bahamas,2007,24.875,-76.17500305175781,538.7639731019735,0.0017613696298396746,2007,2015
BHS,Bahamas,2007,24.92499542236328,-78.17500305175781,0.0,0.0,2007,2015
BHS,Bahamas,2007,24.92499542236328,-78.12500762939453,0.12342600151896477,4.0351400884576655e-07,2007,2015
BHS,Bahamas,2007,24.92499542236328,-78.07500457763672,0.4993089810013771,1.6323802610230606e-06,2007,2015
BHS,Bahamas,2007,24.92499542236328,-78.0250015258789,12.859837125986814,4.204239275314478e-05,2007,2015
BHS,Bahamas,2007,24.92499542236328,-77.97500610351562,77.54682842642069,0.0002535222013719036,2007,2015
BHS,Bahamas,2007,24.92499542236328,-77.92500305175781,108.54245620966023,0.0003548555498526485,2007,2015
BHS,Bahamas,2007,24.92499542236328,-76.17500305175781,94.85781192035864,0.0003101166325350041,2007,2015
BHS,Bahamas,2007,24.974998474121094,-78.17500305175781,0.0,0.0,2007,2015
BHS,Bahamas,2007,24.974998474121094,-78.12500762939453,0.2583870068192482,8.447391608912566e-07,2007,2015
BHS,Bahamas,2007,24.974998474121094,-78.07500457763672,4.319060798749033,1.4120213860156803e-05,2007,2015
BHS,Bahamas,2007,24.974998474121094,-78.0250015258789,93.7624505721839,0.000306535590912516,2007,2015
BHS,Bahamas,2007,24.974998474121094,-77.97500610351562,0.9919559955596924,3.2429806964570793e-06,2007,2015
BHS,Bahamas,2007,24.974998474121094,-76.17500305175781,404.0577600598335,0.001320977464719476,2007,2015
BHS,Bahamas,2007,25.024993896484375,-78.12500762939453,0.0,0.0,2007,2015
BHS,Bahamas,2007,25.024993896484375,-78.07500457763672,5.701124079552455,1.8638564029912826e-05,2007,2015
BHS,Bahamas,2007,25.024993896484375,-78.0250015258789,167.1332987099901,0.0005464053485012446,2007,2015
BHS,Bahamas,2007,25.024993896484375,-77.5250015258789,4517.950136184692,0.014770438552504225,2007,2015
BHS,Bahamas,2007,25.024993896484375,-77.47500610351562,2313.268972337246,0.007562721185802195,2007,2015
BHS,Bahamas,2007,25.024993896484375,-77.42500305175781,6454.781180530887,0.021102479204740537,2007,2015
BHS,Bahamas,2007,25.024993896484375,-77.37500762939453,61432.58322143555,0.200840241313527,2007,2015
BHS,Bahamas,2007,25.024993896484375,-77.32500457763672,72592.57071125507,0.2373253517057141,2007,2015
BHS,Bahamas,2007,25.024993896484375,-76.12500762939453,43.667708670826094,0.00014276191374608074,2007,2015
BHS,Bahamas,2007,25.074996948242188,-78.12500762939453,0.0,0.0,2007,2015
BHS,Bahamas,2007,25.074996948242188,-78.07500457763672,7.903860062583374,2.5839922058229527e-05,2007,2015
BHS,Bahamas,2007,25.074996948242188,-78.0250015258789,438.62051690369844,0.0014339727525777355,2007,2015
BHS,Bahamas,2007,25.074996948242188,-77.97500610351562,258.28794801235716,0.000844415310034969,2007,2015
BHS,Bahamas,2007,25.074996948242188,-77.42500305175781,5118.235666900873,0.01673293930575253,2007,2015
BHS,Bahamas,2007,25.074996948242188,-77.37500762939453,25638.595013141632,0.0838197148705027,2007,2015
BHS,Bahamas,2007,25.074996948242188,-77.32500457763672,50643.8415389061,0.1655688369648253,2007,2015
BHS,Bahamas,2007,25.074996948242188,-76.12500762939453,224.04746390879154,0.0007324736216110224,2007,2015
BHS,Bahamas,2007,25.125,-78.17500305175781,78.1611753553196,0.0002555306727559822,2007,2015
BHS,Bahamas,2007,25.125,-78.12500762939453,0.9390070140361786,3.0698757142336166e-06,2007,2015
BHS,Bahamas,2007,25.125,-78.07500457763672,363.1687555015087,0.0011872999093908503,2007,2015
BHS,Bahamas,2007,25.125,-78.0250015258789,1278.110508680453,0.004178499576738758,2007,2015
BHS,Bahamas,2007,25.125,-76.12500762939453,67.5219259336666,0.00022074800028496673,2007,2015
BHS,Bahamas,2007,25.17499542236328,-78.17500305175781,0.0,0.0,2007,2015
BHS,Bahamas,2007,25.17499542236328,-78.12500762939453,0.0,0.0,2007,2015
BHS,Bahamas,2007,25.17499542236328,-76.22500610351562,564.683667719373,0.0018461083376841304,2007,2015
BHS,Bahamas,2007,25.17499542236328,-76.17500305175781,951.4172287583351,0.0031104481659986094,2007,2015
BHS,Bahamas,2007,25.224998474121094,-76.2750015258789,344.49410931766033,0.0011262472847195155,2007,2015
BHS,Bahamas,2007,25.324996948242188,-76.37500762939453,258.5264679044485,0.0008451950980590706,2007,2015
BHS,Bahamas,2007,25.375,-76.5250015258789,288.48998120985925,0.0009431541765690553,2007,2015
BHS,Bahamas,2007,25.42499542236328,-76.7750015258789,120.56067657470956,0.0003941464627803248,2007,2015
BHS,Bahamas,2007,25.42499542236328,-76.57500457763672,162.974528580904,0.0005328091695275807,2007,2015
BHS,Bahamas,2007,25.474998474121094,-76.72500610351562,907.9773148010207,0.0029684309766777857,2007,2015
BHS,Bahamas,2007,25.474998474121094,-76.67500305175781,270.7924664542079,0.0008852960669505345,2007,2015
BHS,Bahamas,2007,25.524993896484375,-76.82500457763672,80.51631665229797,0.00026323028624460304,2007,2015
BHS,Bahamas,2007,25.524993896484375,-76.72500610351562,194.6552423388015,0.0006363822550542978,2007,2015
BHS,Bahamas,2007,25.774993896484375,-77.87500762939453,319.60924231633544,0.0010448917168511401,2007,2015
BHS,Bahamas,2007,25.92499542236328,-77.2750015258789,0.0,0.0,2007,2015
BHS,Bahamas,2007,25.92499542236328,-77.22500610351562,0.0,0.0,2007,2015
BHS,Bahamas,2007,25.974998474121094,-77.2750015258789,0.0,0.0,2007,2015
BHS,Bahamas,2007,25.974998474121094,-77.22500610351562,0.0,0.0,2007,2015
BHS,Bahamas,2007,26.024993896484375,-77.37500762939453,181.2252214550972,0.0005924757726358974,2007,2015
BHS,Bahamas,2007,26.024993896484375,-77.32500457763672,0.8967850208318138,2.931840247397772e-06,2007,2015
BHS,Bahamas,2007,26.024993896484375,-77.2750015258789,0.25097400695085526,8.205039976545317e-07,2007,2015
BHS,Bahamas,2007,26.024993896484375,-77.22500610351562,0.0,0.0,2007,2015
BHS,Bahamas,2007,26.074996948242188,-77.2750015258789,0.0,0.0,2007,2015
BHS,Bahamas,2007,26.074996948242188,-77.22500610351562,0.723857007920742,2.366490362667387e-06,2007,2015
BHS,Bahamas,2007,26.125,-77.22500610351562,16.034234330058098,5.2420382202043685e-05,2007,2015
BHS,Bahamas,2007,26.17499542236328,-77.22500610351562,0.17425699532032013,5.696946987326349e-07,2007,2015
BHS,Bahamas,2007,26.224998474121094,-77.22500610351562,0.0,0.0,2007,2015
BHS,Bahamas,2007,26.224998474121094,-77.17500305175781,55.42930483073105,0.00018121385060299164,2007,2015
BHS,Bahamas,2007,26.274993896484375,-77.22500610351562,0.0,0.0,2007,2015
BHS,Bahamas,2007,26.274993896484375,-77.17500305175781,1.9993849992752075,6.536546970288631e-06,2007,2015
BHS,Bahamas,2007,26.324996948242188,-77.57500457763672,177.44367699325085,0.0005801128495350168,2007,2015
BHS,Bahamas,2007,26.324996948242188,-77.22500610351562,0.0,0.0,2007,2015
BHS,Bahamas,2007,26.324996948242188,-77.17500305175781,0.0,0.0,2007,2015
BHS,Bahamas,2007,26.324996948242188,-77.12500762939453,6.425300007686019,2.100609703166755e-05,2007,2015
BHS,Bahamas,2007,26.324996948242188,-77.07500457763672,15.48613003268838,5.0628476448187886e-05,2007,2015
BHS,Bahamas,2007,26.324996948242188,-77.0250015258789,95.83701726794384,0.00031331792780848507,2007,2015
BHS,Bahamas,2007,26.375,-77.22500610351562,0.0,0.0,2007,2015
BHS,Bahamas,2007,26.375,-77.17500305175781,0.4427120089530945,1.4473489807524667e-06,2007,2015
BHS,Bahamas,2007,26.375,-77.12500762939453,3.487408012188722,1.1401309044779305e-05,2007,2015
BHS,Bahamas,2007,26.375,-77.07500457763672,55.218885164724924,0.00018052593005201217,2007,2015
BHS,Bahamas,2007,26.375,-77.0250015258789,51.00619404391885,0.00016675346832380628,2007,2015
BHS,Bahamas,2007,26.42499542236328,-77.22500610351562,0.0,0.0,2007,2015
BHS,Bahamas,2007,26.42499542236328,-77.17500305175781,0.0,0.0,2007,2015
BHS,Bahamas,2007,26.42499542236328,-77.12500762939453,17.803079847253226,5.820323133341249e-05,2007,2015
BHS,Bahamas,2007,26.42499542236328,-77.07500457763672,7.571442782878876,2.4753157296409413e-05,2007,2015
BHS,Bahamas,2007,26.474998474121094,-77.17500305175781,0.09651400148868561,3.1553117796222085e-07,2007,2015
BHS,Bahamas,2007,26.474998474121094,-77.12500762939453,3.4529679864869385,1.128871499924067e-05,2007,2015
BHS,Bahamas,2007,26.474998474121094,-77.07500457763672,259.21025463007777,0.0008474305874977509,2007,2015
BHS,Bahamas,2007,26.524993896484375,-78.7750015258789,3647.354322910311,0.01192421812588927,2007,2015
BHS,Bahamas,2007,26.524993896484375,-78.72500610351562,10123.186760425568,0.03309551975858232,2007,2015
BHS,Bahamas,2007,26.524993896484375,-78.67500305175781,19067.632915496826,0.06233740785769036,2007,2015
BHS,Bahamas,2007,26.524993896484375,-78.62500762939453,4458.059815444052,0.014574640397207092,2007,2015
BHS,Bahamas,2007,26.524993896484375,-77.12500762939453,216.10672202706337,0.0007065131226037426,2007,2015
BHS,Bahamas,2007,26.524993896484375,-77.07500457763672,6652.849925264716,0.021750021150773,2007,2015
BHS,Bahamas,2007,26.574996948242188,-78.82500457763672,1770.3566680848598,0.0057877895049204195,2007,2015
BHS,Bahamas,2007,26.574996948242188,-78.7750015258789,0.0,0.0,2007,2015
BHS,Bahamas,2007,26.574996948242188,-78.67500305175781,763.2497289478779,0.002495276149984334,2007,2015
BHS,Bahamas,2007,26.574996948242188,-78.62500762939453,1514.081205159448,0.0049499535696945,2007,2015
BHS,Bahamas,2007,26.574996948242188,-78.57500457763672,2251.5748313964114,0.007361025839384392,2007,2015
BHS,Bahamas,2007,26.574996948242188,-78.5250015258789,87.84234043955803,0.0002871811004240815,2007,2015
BHS,Bahamas,2007,26.574996948242188,-77.87500762939453,0.0,0.0,2007,2015
BHS,Bahamas,2007,26.574996948242188,-77.17500305175781,13.046586856245995,4.265292968523659e-05,2007,2015
BHS,Bahamas,2007,26.625,-78.87500762939453,172.41021478176117,0.0005636570582889576,2007,2015
BHS,Bahamas,2007,26.625,-78.57500457763672,0.0,0.0,2007,2015
BHS,Bahamas,2007,26.625,-78.5250015258789,2.003649979844659,6.550490380802211e-06,2007,2015
BHS,Bahamas,2007,26.625,-78.47500610351562,4.985270008444786,1.629823749882258e-05,2007,2015
BHS,Bahamas,2007,26.625,-78.42500305175781,3.7941571176078908,1.240415738884174e-05,2007,2015
BHS,Bahamas,2007,26.625,-78.37500762939453,141.72111928836068,0.00046332584932169777,2007,2015
BHS,Bahamas,2007,26.625,-78.32500457763672,76.30705747754729,0.00024946904450484295,2007,2015
BHS,Bahamas,2007,26.625,-78.2750015258789,150.27487437427146,0.0004912904593951301,2007,2015
BHS,Bahamas,2007,26.625,-78.22500610351562,160.4605506658554,0.000524590274852498,2007,2015
BHS,Bahamas,2007,26.625,-77.32500457763672,0.0,0.0,2007,2015
BHS,Bahamas,2007,26.625,-77.2750015258789,100.54081586006785,0.00032869595677606365,2007,2015
BHS,Bahamas,2007,26.67499542236328,-78.57500457763672,0.0,0.0,2007,2015
BHS,Bahamas,2007,26.67499542236328,-78.5250015258789,2.5125410184310484,8.214197059448264e-06,2007,2015
BHS,Bahamas,2007,26.67499542236328,-78.47500610351562,0.07447700202465057,2.434860830289748e-07,2007,2015
BHS,Bahamas,2007,26.67499542236328,-78.42500305175781,0.14418499916791916,4.7138095955195426e-07,2007,2015
BHS,Bahamas,2007,26.67499542236328,-78.37500762939453,0.0,0.0,2007,2015
BHS,Bahamas,2007,26.67499542236328,-78.32500457763672,1.3101739883426604,4.2833240307178006e-06,2007,2015
BHS,Bahamas,2007,26.67499542236328,-78.2750015258789,0.0,0.0,2007,2015
BHS,Bahamas,2007,26.67499542236328,-78.22500610351562,0.47735000401735306,1.560590243328823e-06,2007,2015
BHS,Bahamas,2007,26.67499542236328,-78.17500305175781,3.9958320297360794,1.3063488901448175e-05,2007,2015
BHS,Bahamas,2007,26.67499542236328,-78.12500762939453,7.345985014014969,2.4016072994721827e-05,2007,2015
BHS,Bahamas,2007,26.67499542236328,-78.07500457763672,2.6841780161485076,8.775326255589176e-06,2007,2015
BHS,Bahamas,2007,26.67499542236328,-78.0250015258789,2.222065007332231,7.264549997487813e-06,2007,2015
BHS,Bahamas,2007,26.67499542236328,-77.97500610351562,42.135102793574646,0.00013775139785883236,2007,2015
BHS,Bahamas,2007,26.67499542236328,-77.92500305175781,7.581815123558044,2.4787067369789877e-05,2007,2015
BHS,Bahamas,2007,26.67499542236328,-77.32500457763672,898.6068734527182,0.0029377963915289936,2007,2015
BHS,Bahamas,2007,26.67499542236328,-77.2750015258789,1682.7777283415198,0.005501469534805637,2007,2015
BHS,Bahamas,2007,26.724998474121094,-78.62500762939453,0.0,0.0,2007,2015
BHS,Bahamas,2007,26.724998474121094,-78.57500457763672,0.0,0.0,2007,2015
BHS,Bahamas,2007,26.724998474121094,-78.5250015258789,0.0,0.0,2007,2015
BHS,Bahamas,2007,26.724998474121094,-78.0250015258789,0.0,0.0,2007,2015
BHS,Bahamas,2007,26.724998474121094,-77.97500610351562,0.0,0.0,2007,2015
BHS,Bahamas,2007,26.724998474121094,-77.92500305175781,0.0,0.0,2007,2015
BHS,Bahamas,2007,26.724998474121094,-77.42500305175781,43.13899058107583,0.00014103338690960517,2007,2015
BHS,Bahamas,2007,26.724998474121094,-77.37500762939453,249.59842051570791,0.0008160068220989023,2007,2015
BHS,Bahamas,2007,26.774993896484375,-78.57500457763672,0.0,0.0,2007,2015
BHS,Bahamas,2007,26.774993896484375,-77.42500305175781,31.01198375225067,0.00010138682070331566,2007,2015
BHS,Bahamas,2007,26.824996948242188,-77.47500610351562,8.942610964179039,2.923588834844932e-05,2007,2015
BHS,Bahamas,2007,26.875,-77.67500305175781,20.470592498779297,6.69240738659213e-05,2007,2015
BHS,Bahamas,2007,26.875,-77.62500762939453,47.070703107894225,0.00015388725128016764,2007,2015
BHS,Bahamas,2007,26.875,-77.57500457763672,11.449978291988373,3.743317117088428e-05,2007,2015
BHS,Bahamas,2007,26.875,-77.5250015258789,495.05609935155746,0.0016184764052508095,2007,2015
BHS,Bahamas,2007,26.92499542236328,-77.87500762939453,0.0,0.0,2007,2015
BHS,Bahamas,2007,26.92499542236328,-77.82500457763672,137.9878925904699,0.00045112089046167597,2007,2015
BHS,Bahamas,2007,26.92499542236328,-77.7750015258789,171.74573430791497,0.0005614846863697375,2007,2015
BHS,Bahamas,2008,20.974998474121094,-73.67500305175781,525.6390964984894,0.0017184607491443527,2008,2015
BHS,Bahamas,2008,20.974998474121094,-73.62500762939453,0.07109799981117249,2.3243918276258514e-07,2008,2015
BHS,Bahamas,2008,20.974998474121094,-73.57500457763672,0.0,0.0,2008,2015
BHS,Bahamas,2008,20.974998474121094,-73.5250015258789,0.0,0.0,2008,2015
BHS,Bahamas,2008,20.974998474121094,-73.47500610351562,0.0,0.0,2008,2015
BHS,Bahamas,2008,20.974998474121094,-73.42500305175781,0.0,0.0,2008,2015
BHS,Bahamas,2008,20.974998474121094,-73.37500762939453,0.0,0.0,2008,2015
BHS,Bahamas,2008,20.974998474121094,-73.32500457763672,0.0,0.0,2008,2015
BHS,Bahamas,2008,20.974998474121094,-73.2750015258789,0.0,0.0,2008,2015
BHS,Bahamas,2008,20.974998474121094,-73.22500610351562,0.0,0.0,2008,2015
BHS,Bahamas,2008,20.974998474121094,-73.17500305175781,0.0,0.0,2008,2015
BHS,Bahamas,2008,21.024993896484375,-73.67500305175781,0.8303360159117856,2.7145999250255633e-06,2008,2015
BHS,Bahamas,2008,21.024993896484375,-73.62500762939453,43.848684140481495,0.00014335357301045523,2008,2015
BHS,Bahamas,2008,21.024993896484375,-73.57500457763672,0.0,0.0,2008,2015
BHS,Bahamas,2008,21.024993896484375,-73.5250015258789,0.0,0.0,2008,2015
BHS,Bahamas,2008,21.024993896484375,-73.47500610351562,0.0,0.0,2008,2015
BHS,Bahamas,2008,21.024993896484375,-73.42500305175781,0.0,0.0,2008,2015
BHS,Bahamas,2008,21.024993896484375,-73.37500762939453,0.0,0.0,2008,2015
BHS,Bahamas,2008,21.024993896484375,-73.32500457763672,1.2806830406188965,4.186909900840569e-06,2008,2015
BHS,Bahamas,2008,21.024993896484375,-73.2750015258789,0.0,0.0,2008,2015
BHS,Bahamas,2008,21.024993896484375,-73.22500610351562,0.0,0.0,2008,2015
BHS,Bahamas,2008,21.024993896484375,-73.17500305175781,0.0,0.0,2008,2015
BHS,Bahamas,2008,21.024993896484375,-73.12500762939453,0.0,0.0,2008,2015
BHS,Bahamas,2008,21.074996948242188,-73.62500762939453,8.775263778866476,2.8688783745014912e-05,2008,2015
BHS,Bahamas,2008,21.074996948242188,-73.57500457763672,1.201717022806406,3.928747973710423e-06,2008,2015
BHS,Bahamas,2008,21.074996948242188,-73.5250015258789,0.0,0.0,2008,2015
BHS,Bahamas,2008,21.074996948242188,-73.47500610351562,0.0,0.0,2008,2015
BHS,Bahamas,2008,21.074996948242188,-73.42500305175781,0.0,0.0,2008,2015
BHS,Bahamas,2008,21.074996948242188,-73.37500762939453,0.0,0.0,2008,2015
BHS,Bahamas,2008,21.074996948242188,-73.32500457763672,0.0,0.0,2008,2015
BHS,Bahamas,2008,21.074996948242188,-73.2750015258789,0.0,0.0,2008,2015
BHS,Bahamas,2008,21.074996948242188,-73.22500610351562,0.0,0.0,2008,2015
BHS,Bahamas,2008,21.074996948242188,-73.17500305175781,0.0,0.0,2008,2015
BHS,Bahamas,2008,21.074996948242188,-73.12500762939453,0.0,0.0,2008,2015
BHS,Bahamas,2008,21.125,-73.5250015258789,0.0,0.0,2008,2015
BHS,Bahamas,2008,21.125,-73.47500610351562,0.0,0.0,2008,2015
BHS,Bahamas,2008,21.125,-73.42500305175781,0.0,0.0,2008,2015
BHS,Bahamas,2008,21.125,-73.37500762939453,0.0,0.0,2008,2015
BHS,Bahamas,2008,21.125,-73.32500457763672,0.0,0.0,2008,2015
BHS,Bahamas,2008,21.125,-73.2750015258789,0.0,0.0,2008,2015
BHS,Bahamas,2008,21.125,-73.22500610351562,0.0,0.0,2008,2015
BHS,Bahamas,2008,21.125,-73.17500305175781,0.0,0.0,2008,2015
BHS,Bahamas,2008,21.125,-73.12500762939453,0.0,0.0,2008,2015
BHS,Bahamas,2008,21.125,-73.07500457763672,0.0,0.0,2008,2015
BHS,Bahamas,2008,21.17499542236328,-73.47500610351562,0.0,0.0,2008,2015
BHS,Bahamas,2008,21.17499542236328,-73.42500305175781,0.0,0.0,2008,2015
BHS,Bahamas,2008,21.17499542236328,-73.37500762939453,0.0,0.0,2008,2015
BHS,Bahamas,2008,21.17499542236328,-73.12500762939453,0.0,0.0,2008,2015
BHS,Bahamas,2008,21.17499542236328,-73.07500457763672,0.027753999456763268,9.073556174936928e-08,2008,2015
BHS,Bahamas,2008,21.224998474121094,-73.07500457763672,0.0,0.0,2008,2015
BHS,Bahamas,2008,21.224998474121094,-73.0250015258789,0.0,0.0,2008,2015
BHS,Bahamas,2008,21.274993896484375,-73.07500457763672,0.0,0.0,2008,2015
BHS,Bahamas,2008,21.274993896484375,-73.0250015258789,0.0,0.0,2008,2015
BHS,Bahamas,2008,21.324996948242188,-73.0250015258789,0.0,0.0,2008,2015
BHS,Bahamas,2008,21.474998474121094,-73.0250015258789,0.7568639814891699,2.474399361262113e-06,2008,2015
BHS,Bahamas,2008,21.474998474121094,-72.97500610351562,0.0,0.0,2008,2015
BHS,Bahamas,2008,21.524993896484375,-73.0250015258789,0.0,0.0,2008,2015
BHS,Bahamas,2008,21.524993896484375,-72.97500610351562,0.0,0.0,2008,2015
BHS,Bahamas,2008,22.17499542236328,-74.2750015258789,2.7267739921808243,8.914584376552102e-06,2008,2015
BHS,Bahamas,2008,22.224998474121094,-74.22500610351562,117.02899311855474,0.0003826004049656889,2008,2015
BHS,Bahamas,2008,22.274993896484375,-74.17500305175781,0.19867900013923645,6.495370410855738e-07,2008,2015
BHS,Bahamas,2008,22.324996948242188,-74.12500762939453,1.5368570312857628,5.024414094963897e-06,2008,2015
BHS,Bahamas,2008,22.324996948242188,-74.07500457763672,3.413741998374462,1.116047430830514e-05,2008,2015
BHS,Bahamas,2008,22.324996948242188,-72.82500457763672,0.0,0.0,2008,2015
BHS,Bahamas,2008,22.324996948242188,-72.7750015258789,0.0,0.0,2008,2015
BHS,Bahamas,2008,22.375,-74.07500457763672,0.0,0.0,2008,2015
BHS,Bahamas,2008,22.375,-74.0250015258789,4.757766991853714,1.555446671212118e-05,2008,2015
BHS,Bahamas,2008,22.375,-73.97500610351562,0.0,0.0,2008,2015
BHS,Bahamas,2008,22.375,-73.12500762939453,0.12881700694561005,4.21138708541484e-07,2008,2015
BHS,Bahamas,2008,22.375,-73.07500457763672,0.0,0.0,2008,2015
BHS,Bahamas,2008,22.375,-73.0250015258789,50.5905552731039,0.00016539462930626348,2008,2015
BHS,Bahamas,2008,22.375,-72.97500610351562,126.71773886680603,0.00041427561593785625,2008,2015
BHS,Bahamas,2008,22.375,-72.92500305175781,1.4115130491554737,4.614629672786746e-06,2008,2015
BHS,Bahamas,2008,22.375,-72.87500762939453,0.0,0.0,2008,2015
BHS,Bahamas,2008,22.375,-72.82500457763672,0.0,0.0,2008,2015
BHS,Bahamas,2008,22.42499542236328,-73.97500610351562,47.35080189258326,0.00015480297229593216,2008,2015
BHS,Bahamas,2008,22.42499542236328,-73.12500762939453,58.648998923612254,0.00019173992820970974,2008,2015
BHS,Bahamas,2008,22.42499542236328,-73.07500457763672,43.643376871949165,0.00014268236631210062,2008,2015
BHS,Bahamas,2008,22.42499542236328,-73.0250015258789,0.1513269990682602,4.947301483411566e-07,2008,2015
BHS,Bahamas,2008,22.474998474121094,-73.87500762939453,0.8563529849052429,2.7996566499244325e-06,2008,2015
BHS,Bahamas,2008,22.574996948242188,-74.37500762939453,1.5460069626569748,5.0543277715217e-06,2008,2015
BHS,Bahamas,2008,22.574996948242188,-73.87500762939453,66.4300123155117,0.00021717823025310464,2008,2015
BHS,Bahamas,2008,22.574996948242188,-73.62500762939453,0.0,0.0,2008,2015
BHS,Bahamas,2008,22.625,-74.32500457763672,11.966922760009766,3.9123206755565384e-05,2008,2015
BHS,Bahamas,2008,22.625,-74.0250015258789,0.0,0.0,2008,2015
BHS,Bahamas,2008,22.625,-73.97500610351562,0.0,0.0,2008,2015
BHS,Bahamas,2008,22.625,-73.92500305175781,0.20033299922943115,6.549444252290938e-07,2008,2015
BHS,Bahamas,2008,22.625,-73.87500762939453,50.189397007227825,0.0001640831310963794,2008,2015
BHS,Bahamas,2008,22.67499542236328,-74.07500457763672,0.08314599841833115,2.7182744906557976e-07,2008,2015
BHS,Bahamas,2008,22.67499542236328,-73.92500305175781,18.17451437562704,5.941755435873406e-05,2008,2015
BHS,Bahamas,2008,22.724998474121094,-74.2750015258789,0.48702299595154563,1.5922139506908337e-06,2008,2015
BHS,Bahamas,2008,22.724998474121094,-74.22500610351562,0.37711699679493904,1.2329005988030835e-06,2008,2015
BHS,Bahamas,2008,22.724998474121094,-74.17500305175781,39.49752097577318,0.00012912840756617314,2008,2015
BHS,Bahamas,2008,22.724998474121094,-74.12500762939453,11.967238143098877,3.9124237830809205e-05,2008,2015
BHS,Bahamas,2008,22.724998474121094,-74.07500457763672,9.147311940789223,2.990511290948257e-05,2008,2015
BHS,Bahamas,2008,22.774993896484375,-74.2750015258789,1.0095068010695929e-11,3.300359172650235e-17,2008,2015
BHS,Bahamas,2008,22.774993896484375,-74.22500610351562,88.37551623585276,0.00028892420074601294,2008,2015
BHS,Bahamas,2008,22.824996948242188,-74.32500457763672,97.82287999988141,0.00031981026671698006,2008,2015
BHS,Bahamas,2008,22.824996948242188,-74.2750015258789,17.949625074879265,5.8682328537801075e-05,2008,2015
BHS,Bahamas,2008,22.92499542236328,-74.87500762939453,87.43238287419514,0.00028584083485102223,2008,2015
BHS,Bahamas,2008,22.974998474121094,-74.87500762939453,81.02799335122108,0.00026490310002350286,2008,2015
BHS,Bahamas,2008,23.024993896484375,-74.92500305175781,37.04576912522316,0.00012111294724391315,2008,2015
BHS,Bahamas,2008,23.024993896484375,-74.87500762939453,107.0881491303508,0.00035010101456475973,2008,2015
BHS,Bahamas,2008,23.074996948242188,-74.97500610351562,98.62775817520955,0.0003224416378637576,2008,2015
BHS,Bahamas,2008,23.074996948242188,-74.92500305175781,31.107130989494653,0.00010169788354792234,2008,2015
BHS,Bahamas,2008,23.074996948242188,-73.7750015258789,0.0,0.0,2008,2015
BHS,Bahamas,2008,23.125,-75.12500762939453,0.0,0.0,2008,2015
BHS,Bahamas,2008,23.17499542236328,-75.22500610351562,0.0,0.0,2008,2015
BHS,Bahamas,2008,23.17499542236328,-75.17500305175781,0.0,0.0,2008,2015
BHS,Bahamas,2008,23.224998474121094,-75.12500762939453,75.71455562114716,0.0002475319907529409,2008,2015
BHS,Bahamas,2008,23.42499542236328,-75.57500457763672,62.19437590248877,0.000203330753967734,2008,2015
BHS,Bahamas,2008,23.42499542236328,-75.17500305175781,123.24543659389366,0.00040292369176609364,2008,2015
BHS,Bahamas,2008,23.474998474121094,-75.7750015258789,776.3103403449288,0.0025379749298033573,2008,2015
BHS,Bahamas,2008,23.474998474121094,-75.72500610351562,362.0963339880109,0.0011837938644833075,2008,2015
BHS,Bahamas,2008,23.474998474121094,-75.22500610351562,209.9042613506317,0.0006862355494712239,2008,2015
BHS,Bahamas,2008,23.524993896484375,-75.82500457763672,489.13141281176166,0.001599106953211482,2008,2015
BHS,Bahamas,2008,23.524993896484375,-75.22500610351562,81.88971680403569,0.00026772031423025335,2008,2015
BHS,Bahamas,2008,23.574996948242188,-75.92500305175781,186.56682202219963,0.0006099389540722104,2008,2015
BHS,Bahamas,2008,23.574996948242188,-75.87500762939453,701.0437020659447,0.0022919073057166245,2008,2015
BHS,Bahamas,2008,23.625,-75.97500610351562,152.78901632130146,0.0004995098903364906,2008,2015
BHS,Bahamas,2008,23.625,-75.92500305175781,1215.966047145429,0.003975332006753871,2008,2015
BHS,Bahamas,2008,23.67499542236328,-76.0250015258789,152.09811109304823,0.0004972511285281683,2008,2015
BHS,Bahamas,2008,23.67499542236328,-75.32500457763672,73.72541415692625,0.0002410289327545354,2008,2015
BHS,Bahamas,2008,23.67499542236328,-74.92500305175781,0.22926799952983856,7.495410079870376e-07,2008,2015
BHS,Bahamas,2008,23.67499542236328,-74.87500762939453,6.002876125277719,1.9625075592707826e-05,2008,2015
BHS,Bahamas,2008,23.67499542236328,-74.82500457763672,35.023906901509676,0.00011450291596052036,2008,2015
BHS,Bahamas,2008,23.774993896484375,-77.72500610351562,0.0,0.0,2008,2015
BHS,Bahamas,2008,23.774993896484375,-77.62500762939453,0.0,0.0,2008,2015
BHS,Bahamas,2008,23.774993896484375,-77.57500457763672,0.0,0.0,2008,2015
BHS,Bahamas,2008,23.824996948242188,-77.72500610351562,0.0,0.0,2008,2015
BHS,Bahamas,2008,23.824996948242188,-77.67500305175781,0.14824700355529785,4.846607843386984e-07,2008,2015
BHS,Bahamas,2008,23.824996948242188,-77.57500457763672,0.0,0.0,2008,2015
BHS,Bahamas,2008,23.875,-77.7750015258789,0.0,0.0,2008,2015
BHS,Bahamas,2008,23.875,-77.72500610351562,0.03000600077211857,9.809798188371455e-08,2008,2015
BHS,Bahamas,2008,23.875,-77.67500305175781,0.0,0.0,2008,2015
BHS,Bahamas,2008,23.875,-77.62500762939453,0.0,0.0,2008,2015
BHS,Bahamas,2008,23.875,-77.57500457763672,0.0,0.0,2008,2015
BHS,Bahamas,2008,23.875,-77.5250015258789,49.993198946133255,0.00016344170493669074,2008,2015
BHS,Bahamas,2008,23.92499542236328,-77.7750015258789,0.0,0.0,2008,2015
BHS,Bahamas,2008,23.92499542236328,-77.72500610351562,0.0,0.0,2008,2015
BHS,Bahamas,2008,23.92499542236328,-77.67500305175781,0.0,0.0,2008,2015
BHS,Bahamas,2008,23.92499542236328,-77.62500762939453,0.0,0.0,2008,2015
BHS,Bahamas,2008,23.92499542236328,-77.5250015258789,58.46482092142105,0.00019113779897364307,2008,2015
BHS,Bahamas,2008,23.974998474121094,-77.82500457763672,0.0,0.0,2008,2015
BHS,Bahamas,2008,23.974998474121094,-77.7750015258789,0.0,0.0,2008,2015
BHS,Bahamas,2008,23.974998474121094,-77.72500610351562,0.0,0.0,2008,2015
BHS,Bahamas,2008,23.974998474121094,-77.67500305175781,0.0,0.0,2008,2015
BHS,Bahamas,2008,23.974998474121094,-77.62500762939453,0.05787000060081482,1.891931655158877e-07,2008,2015
BHS,Bahamas,2008,23.974998474121094,-77.57500457763672,13.555343724820041,4.431619772470709e-05,2008,2015
BHS,Bahamas,2008,23.974998474121094,-76.32500457763672,46.757614463567734,0.0001528636772160199,2008,2015
BHS,Bahamas,2008,23.974998474121094,-74.5250015258789,89.97949697078893,0.00029416806094159767,2008,2015
BHS,Bahamas,2008,24.024993896484375,-77.82500457763672,0.0,0.0,2008,2015
BHS,Bahamas,2008,24.024993896484375,-77.7750015258789,4.544108145321246e-11,1.4855956376951395e-16,2008,2015
BHS,Bahamas,2008,24.024993896484375,-77.72500610351562,2.490483969449997,8.142086417054296e-06,2008,2015
BHS,Bahamas,2008,24.024993896484375,-77.67500305175781,0.0,0.0,2008,2015
BHS,Bahamas,2008,24.024993896484375,-77.62500762939453,0.23562000319361687,7.703074788362156e-07,2008,2015
BHS,Bahamas,2008,24.024993896484375,-77.57500457763672,1.795287936925888,5.869296773339133e-06,2008,2015
BHS,Bahamas,2008,24.024993896484375,-74.5250015258789,104.33438239246607,0.00034109818337720596,2008,2015
BHS,Bahamas,2008,24.024993896484375,-74.47500610351562,4.745942898094654,1.5515810453188955e-05,2008,2015
BHS,Bahamas,2008,24.074996948242188,-77.87500762939453,0.0,0.0,2008,2015
BHS,Bahamas,2008,24.074996948242188,-77.82500457763672,0.0,0.0,2008,2015
BHS,Bahamas,2008,24.074996948242188,-77.7750015258789,0.0,0.0,2008,2015
BHS,Bahamas,2008,24.074996948242188,-77.72500610351562,0.817501999440207,2.672641947190208e-06,2008,2015
BHS,Bahamas,2008,24.074996948242188,-77.67500305175781,0.19553300738334656,6.392519136966434e-07,2008,2015
BHS,Bahamas,2008,24.074996948242188,-77.62500762939453,0.4706220030784607,1.5385945325631836e-06,2008,2015
BHS,Bahamas,2008,24.074996948242188,-77.57500457763672,27.09783614433855,8.859038094957377e-05,2008,2015
BHS,Bahamas,2008,24.074996948242188,-76.37500762939453,172.8204801082611,0.0005649983300189744,2008,2015
BHS,Bahamas,2008,24.074996948242188,-74.5250015258789,483.0294202566147,0.001579157838376906,2008,2015
BHS,Bahamas,2008,24.074996948242188,-74.47500610351562,9.784929923713207,3.198966385689599e-05,2008,2015
BHS,Bahamas,2008,24.125,-77.87500762939453,0.0,0.0,2008,2015
BHS,Bahamas,2008,24.125,-77.82500457763672,0.0,0.0,2008,2015
BHS,Bahamas,2008,24.125,-77.7750015258789,0.0,0.0,2008,2015
BHS,Bahamas,2008,24.125,-77.62500762939453,3.6844210475683212,1.2045399582612047e-05,2008,2015
BHS,Bahamas,2008,24.125,-77.57500457763672,262.0222769677639,0.0008566238724821083,2008,2015
BHS,Bahamas,2008,24.125,-74.47500610351562,149.2220915332456,0.00048784861878295487,2008,2015
BHS,Bahamas,2008,24.17499542236328,-77.92500305175781,0.0,0.0,2008,2015
BHS,Bahamas,2008,24.17499542236328,-77.82500457763672,0.0,0.0,2008,2015
BHS,Bahamas,2008,24.17499542236328,-77.7750015258789,0.0,0.0,2008,2015
BHS,Bahamas,2008,24.17499542236328,-77.62500762939453,16.175217265274405,5.288129472183583e-05,2008,2015
BHS,Bahamas,2008,24.17499542236328,-75.47500610351562,30.16226901113987,9.86088663230283e-05,2008,2015
BHS,Bahamas,2008,24.17499542236328,-75.42500305175781,12.55302894115448,4.103935126200998e-05,2008,2015
BHS,Bahamas,2008,24.17499542236328,-75.37500762939453,59.12850558757782,0.00019330756917566353,2008,2015
BHS,Bahamas,2008,24.17499542236328,-75.32500457763672,88.5645659044385,0.0002895422568176931,2008,2015
BHS,Bahamas,2008,24.224998474121094,-77.87500762939453,0.0,0.0,2008,2015
BHS,Bahamas,2008,24.224998474121094,-77.7750015258789,0.0,0.0,2008,2015
BHS,Bahamas,2008,24.224998474121094,-77.72500610351562,0.0,0.0,2008,2015
BHS,Bahamas,2008,24.224998474121094,-77.67500305175781,20.25312273950014,6.621310459453991e-05,2008,2015
BHS,Bahamas,2008,24.224998474121094,-76.47500610351562,107.3267525434556,0.00035088107564233917,2008,2015
BHS,Bahamas,2008,24.224998474121094,-75.37500762939453,312.0322169959545,0.0010201203086832834,2008,2015
BHS,Bahamas,2008,24.224998474121094,-75.32500457763672,3.9079729318618774,1.2776253016298443e-05,2008,2015
BHS,Bahamas,2008,24.274993896484375,-78.0250015258789,0.0,0.0,2008,2015
BHS,Bahamas,2008,24.274993896484375,-77.67500305175781,342.706509873271,0.0011204031237717499,2008,2015
BHS,Bahamas,2008,24.274993896484375,-76.5250015258789,34.31749054791963,0.00011219344395913232,2008,2015
BHS,Bahamas,2008,24.274993896484375,-75.37500762939453,5.21016600728035,1.7033485217671897e-05,2008,2015
BHS,Bahamas,2008,24.324996948242188,-78.0250015258789,0.0,0.0,2008,2015
BHS,Bahamas,2008,24.324996948242188,-77.87500762939453,0.0,0.0,2008,2015
BHS,Bahamas,2008,24.324996948242188,-77.7750015258789,0.0,0.0,2008,2015
BHS,Bahamas,2008,24.324996948242188,-75.47500610351562,112.83382150903344,0.00036888521940412974,2008,2015
BHS,Bahamas,2008,24.324996948242188,-75.42500305175781,58.886520102628126,0.00019251645116233687,2008,2015
BHS,Bahamas,2008,24.375,-78.07500457763672,0.0,0.0,2008,2015
BHS,Bahamas,2008,24.375,-78.0250015258789,0.0,0.0,2008,2015
BHS,Bahamas,2008,24.375,-77.97500610351562,0.0,0.0,2008,2015
BHS,Bahamas,2008,24.375,-77.92500305175781,0.0,0.0,2008,2015
BHS,Bahamas,2008,24.375,-77.87500762939453,0.0,0.0,2008,2015
BHS,Bahamas,2008,24.42499542236328,-78.12500762939453,0.0,0.0,2008,2015
BHS,Bahamas,2008,24.42499542236328,-78.07500457763672,0.0,0.0,2008,2015
BHS,Bahamas,2008,24.42499542236328,-78.0250015258789,0.0,0.0,2008,2015
BHS,Bahamas,2008,24.42499542236328,-77.97500610351562,0.0,0.0,2008,2015
BHS,Bahamas,2008,24.42499542236328,-77.92500305175781,0.10438299924135208,3.412571254100841e-07,2008,2015
BHS,Bahamas,2008,24.42499542236328,-77.87500762939453,0.0,0.0,2008,2015
BHS,Bahamas,2008,24.42499542236328,-75.5250015258789,69.5924364775488,0.0002275170764896347,2008,2015
BHS,Bahamas,2008,24.474998474121094,-78.22500610351562,0.0,0.0,2008,2015
BHS,Bahamas,2008,24.474998474121094,-78.17500305175781,0.7809790372848511,2.5532382016839143e-06,2008,2015
BHS,Bahamas,2008,24.474998474121094,-78.12500762939453,2.6636810302734375,8.708315894417963e-06,2008,2015
BHS,Bahamas,2008,24.474998474121094,-78.07500457763672,0.0,0.0,2008,2015
BHS,Bahamas,2008,24.474998474121094,-78.0250015258789,0.0,0.0,2008,2015
BHS,Bahamas,2008,24.474998474121094,-77.97500610351562,0.20494499804005972,6.700223351181433e-07,2008,2015
BHS,Bahamas,2008,24.474998474121094,-77.92500305175781,0.0778760015964508,2.5459836023477424e-07,2008,2015
BHS,Bahamas,2008,24.474998474121094,-77.87500762939453,0.0,0.0,2008,2015
BHS,Bahamas,2008,24.474998474121094,-77.82500457763672,0.0,0.0,2008,2015
BHS,Bahamas,2008,24.474998474121094,-77.7750015258789,1.9929519891738892,6.515515666811385e-06,2008,2015
BHS,Bahamas,2008,24.524993896484375,-78.32500457763672,0.0,0.0,2008,2015
BHS,Bahamas,2008,24.524993896484375,-78.2750015258789,0.0,0.0,2008,2015
BHS,Bahamas,2008,24.524993896484375,-78.22500610351562,0.0,0.0,2008,2015
BHS,Bahamas,2008,24.524993896484375,-78.17500305175781,0.0,0.0,2008,2015
BHS,Bahamas,2008,24.524993896484375,-78.12500762939453,0.0,0.0,2008,2015
BHS,Bahamas,2008,24.524993896484375,-78.07500457763672,0.0,0.0,2008,2015
BHS,Bahamas,2008,24.524993896484375,-78.0250015258789,0.0,0.0,2008,2015
BHS,Bahamas,2008,24.524993896484375,-77.97500610351562,0.0,0.0,2008,2015
BHS,Bahamas,2008,24.524993896484375,-77.92500305175781,0.3476780056959406,1.1366563296171742e-06,2008,2015
BHS,Bahamas,2008,24.524993896484375,-77.87500762939453,0.0,0.0,2008,2015
BHS,Bahamas,2008,24.524993896484375,-77.82500457763672,0.0,0.0,2008,2015
BHS,Bahamas,2008,24.524993896484375,-77.7750015258789,2.5405130535897817,8.30564544069345e-06,2008,2015
BHS,Bahamas,2008,24.524993896484375,-77.72500610351562,105.02196593778483,0.0003433460856779649,2008,2015
BHS,Bahamas,2008,24.524993896484375,-76.7750015258789,0.475818008184433,1.555581721846568e-06,2008,2015
BHS,Bahamas,2008,24.524993896484375,-75.57500457763672,54.715574949990284,0.0001788804686424129,2008,2015
BHS,Bahamas,2008,24.574996948242188,-78.37500762939453,0.2315439973026514,7.569818792307733e-07,2008,2015
BHS,Bahamas,2008,24.574996948242188,-78.32500457763672,0.0324070006608963,1.0594751989382402e-07,2008,2015
BHS,Bahamas,2008,24.574996948242188,-78.2750015258789,0.0,0.0,2008,2015
BHS,Bahamas,2008,24.574996948242188,-78.22500610351562,0.0,0.0,2008,2015
BHS,Bahamas,2008,24.574996948242188,-78.17500305175781,0.0,0.0,2008,2015
BHS,Bahamas,2008,24.574996948242188,-78.12500762939453,0.0,0.0,2008,2015
BHS,Bahamas,2008,24.574996948242188,-78.07500457763672,0.08419000358920857,2.7524059302691707e-07,2008,2015
BHS,Bahamas,2008,24.574996948242188,-78.0250015258789,0.08015099912881851,2.620359614136382e-07,2008,2015
BHS,Bahamas,2008,24.574996948242188,-77.97500610351562,0.07390999794006348,2.416323886016421e-07,2008,2015
BHS,Bahamas,2008,24.574996948242188,-77.92500305175781,0.0,0.0,2008,2015
BHS,Bahamas,2008,24.574996948242188,-77.87500762939453,0.0,0.0,2008,2015
BHS,Bahamas,2008,24.574996948242188,-77.82500457763672,0.0,0.0,2008,2015
BHS,Bahamas,2008,24.574996948242188,-77.7750015258789,55.98589515686035,0.00018303349955067872,2008,2015
BHS,Bahamas,2008,24.574996948242188,-75.62500762939453,98.76647156477856,0.0003228951306061031,2008,2015
BHS,Bahamas,2008,24.625,-78.42500305175781,0.0,0.0,2008,2015
BHS,Bahamas,2008,24.625,-78.37500762939453,0.0,0.0,2008,2015
BHS,Bahamas,2008,24.625,-78.32500457763672,0.0,0.0,2008,2015
BHS,Bahamas,2008,24.625,-78.17500305175781,0.0,0.0,2008,2015
BHS,Bahamas,2008,24.625,-78.12500762939453,0.0,0.0,2008,2015
BHS,Bahamas,2008,24.625,-78.07500457763672,0.06961199641227722,2.2758102336936744e-07,2008,2015
BHS,Bahamas,2008,24.625,-78.0250015258789,0.14351800084114075,4.6920035606954767e-07,2008,2015
BHS,Bahamas,2008,24.625,-77.97500610351562,0.0,0.0,2008,2015
BHS,Bahamas,2008,24.625,-77.92500305175781,0.13816100358963013,4.5168683857946954e-07,2008,2015
BHS,Bahamas,2008,24.625,-77.87500762939453,0.0,0.0,2008,2015
BHS,Bahamas,2008,24.625,-77.82500457763672,0.0,0.0,2008,2015
BHS,Bahamas,2008,24.625,-77.7750015258789,136.6808976829052,0.00044684795973231586,2008,2015
BHS,Bahamas,2008,24.625,-75.67500305175781,136.96615090966887,0.000447780532056227,2008,2015
BHS,Bahamas,2008,24.625,-75.62500762939453,7.873494081199169,2.5740647199366068e-05,2008,2015
BHS,Bahamas,2008,24.67499542236328,-78.32500457763672,0.0,0.0,2008,2015
BHS,Bahamas,2008,24.67499542236328,-78.22500610351562,0.0,0.0,2008,2015
BHS,Bahamas,2008,24.67499542236328,-78.17500305175781,0.0,0.0,2008,2015
BHS,Bahamas,2008,24.67499542236328,-78.12500762939453,0.0,0.0,2008,2015
BHS,Bahamas,2008,24.67499542236328,-78.07500457763672,0.15547499805688858,5.082911134537828e-07,2008,2015
BHS,Bahamas,2008,24.67499542236328,-78.0250015258789,1.9060719646513462,6.231480645403655e-06,2008,2015
BHS,Bahamas,2008,24.67499542236328,-77.97500610351562,0.12170200608670712,3.9787778714579367e-07,2008,2015
BHS,Bahamas,2008,24.67499542236328,-77.92500305175781,0.884335994725056,2.891140910396309e-06,2008,2015
BHS,Bahamas,2008,24.67499542236328,-77.87500762939453,6.504813954234123,2.1266050290591227e-05,2008,2015
BHS,Bahamas,2008,24.67499542236328,-77.82500457763672,3.795086044854268,1.2407194310985362e-05,2008,2015
BHS,Bahamas,2008,24.67499542236328,-77.7750015258789,88.74501677045507,0.0002901322010065182,2008,2015
BHS,Bahamas,2008,24.67499542236328,-76.17500305175781,45.68270182609558,0.00014934948812970556,2008,2015
BHS,Bahamas,2008,24.67499542236328,-75.72500610351562,38.66761332753741,0.00012641520809450493,2008,2015
BHS,Bahamas,2008,24.724998474121094,-78.2750015258789,0.0,0.0,2008,2015
BHS,Bahamas,2008,24.724998474121094,-78.22500610351562,0.0,0.0,2008,2015
BHS,Bahamas,2008,24.724998474121094,-78.17500305175781,0.0,0.0,2008,2015
BHS,Bahamas,2008,24.724998474121094,-78.12500762939453,0.0,0.0,2008,2015
BHS,Bahamas,2008,24.724998474121094,-78.07500457763672,1.9189879558980465,6.273706621632594e-06,2008,2015
BHS,Bahamas,2008,24.724998474121094,-78.0250015258789,0.07665599882602692,2.506098310542268e-07,2008,2015
BHS,Bahamas,2008,24.724998474121094,-77.97500610351562,0.01894400082528591,6.193322008745523e-08,2008,2015
BHS,Bahamas,2008,24.724998474121094,-77.92500305175781,0.41882701218306373,1.3692622674235707e-06,2008,2015
BHS,Bahamas,2008,24.724998474121094,-77.87500762939453,5.513357043266296,1.8024701240804528e-05,2008,2015
BHS,Bahamas,2008,24.724998474121094,-77.82500457763672,88.20907086136008,0.00028838004441356416,2008,2015
BHS,Bahamas,2008,24.724998474121094,-77.7750015258789,1027.9184441864536,0.0033605519669730787,2008,2015
BHS,Bahamas,2008,24.774993896484375,-78.2750015258789,0.0,0.0,2008,2015
BHS,Bahamas,2008,24.774993896484375,-78.22500610351562,0.0,0.0,2008,2015
BHS,Bahamas,2008,24.774993896484375,-78.17500305175781,0.018352000042796135,5.999780448586033e-08,2008,2015
BHS,Bahamas,2008,24.774993896484375,-78.12500762939453,0.17364100367003157,5.676808502958023e-07,2008,2015
BHS,Bahamas,2008,24.774993896484375,-78.07500457763672,2.730512082577465,8.926805236199285e-06,2008,2015
BHS,Bahamas,2008,24.774993896484375,-78.0250015258789,0.0,0.0,2008,2015
BHS,Bahamas,2008,24.774993896484375,-77.97500610351562,0.0531499981880188,1.7376216174107637e-07,2008,2015
BHS,Bahamas,2008,24.774993896484375,-77.92500305175781,0.0895349979563498,2.9271486974171283e-07,2008,2015
BHS,Bahamas,2008,24.774993896484375,-77.87500762939453,106.90509486198425,0.00034950255912785113,2008,2015
BHS,Bahamas,2008,24.774993896484375,-76.2750015258789,227.55652648210526,0.0007439457254531848,2008,2015
BHS,Bahamas,2008,24.774993896484375,-76.22500610351562,246.72617363930004,0.000806616646307491,2008,2015
BHS,Bahamas,2008,24.824996948242188,-78.22500610351562,0.0,0.0,2008,2015
BHS,Bahamas,2008,24.824996948242188,-78.17500305175781,0.0,0.0,2008,2015
BHS,Bahamas,2008,24.824996948242188,-78.12500762939453,0.031773000955581665,1.0387479810465357e-07,2008,2015
BHS,Bahamas,2008,24.824996948242188,-78.07500457763672,0.0,0.0,2008,2015
BHS,Bahamas,2008,24.824996948242188,-78.0250015258789,0.37204800359904766,1.2163286468633477e-06,2008,2015
BHS,Bahamas,2008,24.824996948242188,-77.97500610351562,0.39066198468208313,1.2771829404073286e-06,2008,2015
BHS,Bahamas,2008,24.824996948242188,-77.92500305175781,32.86031014844775,0.00010742951498658088,2008,2015
BHS,Bahamas,2008,24.824996948242188,-77.87500762939453,153.3966140858829,0.0005014962968208188,2008,2015
BHS,Bahamas,2008,24.824996948242188,-76.17500305175781,39.388286071853216,0.00012877128821170834,2008,2015
BHS,Bahamas,2008,24.875,-78.17500305175781,0.0,0.0,2008,2015
BHS,Bahamas,2008,24.875,-78.12500762939453,0.02217799983918667,7.250606446904883e-08,2008,2015
BHS,Bahamas,2008,24.875,-78.07500457763672,0.1885750070346994,6.165042707390819e-07,2008,2015
BHS,Bahamas,2008,24.875,-78.0250015258789,0.19192500412464142,6.274563451703066e-07,2008,2015
BHS,Bahamas,2008,24.875,-77.97500610351562,0.054287999868392944,1.7748260649720366e-07,2008,2015
BHS,Bahamas,2008,24.875,-77.92500305175781,149.90067663788875,0.000490067102672474,2008,2015
BHS,Bahamas,2008,24.875,-76.17500305175781,538.7639731019735,0.0017613696298396746,2008,2015
BHS,Bahamas,2008,24.92499542236328,-78.17500305175781,0.0,0.0,2008,2015
BHS,Bahamas,2008,24.92499542236328,-78.12500762939453,0.12342600151896477,4.0351400884576655e-07,2008,2015
BHS,Bahamas,2008,24.92499542236328,-78.07500457763672,0.4993089810013771,1.6323802610230606e-06,2008,2015
BHS,Bahamas,2008,24.92499542236328,-78.0250015258789,12.859837125986814,4.204239275314478e-05,2008,2015
BHS,Bahamas,2008,24.92499542236328,-77.97500610351562,77.54682842642069,0.0002535222013719036,2008,2015
BHS,Bahamas,2008,24.92499542236328,-77.92500305175781,108.54245620966023,0.0003548555498526485,2008,2015
BHS,Bahamas,2008,24.92499542236328,-76.17500305175781,94.85781192035864,0.0003101166325350041,2008,2015
BHS,Bahamas,2008,24.974998474121094,-78.17500305175781,0.0,0.0,2008,2015
BHS,Bahamas,2008,24.974998474121094,-78.12500762939453,0.2583870068192482,8.447391608912566e-07,2008,2015
BHS,Bahamas,2008,24.974998474121094,-78.07500457763672,4.319060798749033,1.4120213860156803e-05,2008,2015
BHS,Bahamas,2008,24.974998474121094,-78.0250015258789,93.7624505721839,0.000306535590912516,2008,2015
BHS,Bahamas,2008,24.974998474121094,-77.97500610351562,0.9919559955596924,3.2429806964570793e-06,2008,2015
BHS,Bahamas,2008,24.974998474121094,-76.17500305175781,404.0577600598335,0.001320977464719476,2008,2015
BHS,Bahamas,2008,25.024993896484375,-78.12500762939453,0.0,0.0,2008,2015
BHS,Bahamas,2008,25.024993896484375,-78.07500457763672,5.701124079552455,1.8638564029912826e-05,2008,2015
BHS,Bahamas,2008,25.024993896484375,-78.0250015258789,167.1332987099901,0.0005464053485012446,2008,2015
BHS,Bahamas,2008,25.024993896484375,-77.5250015258789,4517.950136184692,0.014770438552504225,2008,2015
BHS,Bahamas,2008,25.024993896484375,-77.47500610351562,2313.268972337246,0.007562721185802195,2008,2015
BHS,Bahamas,2008,25.024993896484375,-77.42500305175781,6454.781180530887,0.021102479204740537,2008,2015
BHS,Bahamas,2008,25.024993896484375,-77.37500762939453,61432.58322143555,0.200840241313527,2008,2015
BHS,Bahamas,2008,25.024993896484375,-77.32500457763672,72592.57071125507,0.2373253517057141,2008,2015
BHS,Bahamas,2008,25.024993896484375,-76.12500762939453,43.667708670826094,0.00014276191374608074,2008,2015
BHS,Bahamas,2008,25.074996948242188,-78.12500762939453,0.0,0.0,2008,2015
BHS,Bahamas,2008,25.074996948242188,-78.07500457763672,7.903860062583374,2.5839922058229527e-05,2008,2015
BHS,Bahamas,2008,25.074996948242188,-78.0250015258789,438.62051690369844,0.0014339727525777355,2008,2015
BHS,Bahamas,2008,25.074996948242188,-77.97500610351562,258.28794801235716,0.000844415310034969,2008,2015
BHS,Bahamas,2008,25.074996948242188,-77.42500305175781,5118.235666900873,0.01673293930575253,2008,2015
BHS,Bahamas,2008,25.074996948242188,-77.37500762939453,25638.595013141632,0.0838197148705027,2008,2015
BHS,Bahamas,2008,25.074996948242188,-77.32500457763672,50643.8415389061,0.1655688369648253,2008,2015
BHS,Bahamas,2008,25.074996948242188,-76.12500762939453,224.04746390879154,0.0007324736216110224,2008,2015
BHS,Bahamas,2008,25.125,-78.17500305175781,78.1611753553196,0.0002555306727559822,2008,2015
BHS,Bahamas,2008,25.125,-78.12500762939453,0.9390070140361786,3.0698757142336166e-06,2008,2015
BHS,Bahamas,2008,25.125,-78.07500457763672,363.1687555015087,0.0011872999093908503,2008,2015
BHS,Bahamas,2008,25.125,-78.0250015258789,1278.110508680453,0.004178499576738758,2008,2015
BHS,Bahamas,2008,25.125,-76.12500762939453,67.5219259336666,0.00022074800028496673,2008,2015
BHS,Bahamas,2008,25.17499542236328,-78.17500305175781,0.0,0.0,2008,2015
BHS,Bahamas,2008,25.17499542236328,-78.12500762939453,0.0,0.0,2008,2015
BHS,Bahamas,2008,25.17499542236328,-76.22500610351562,564.683667719373,0.0018461083376841304,2008,2015
BHS,Bahamas,2008,25.17499542236328,-76.17500305175781,951.4172287583351,0.0031104481659986094,2008,2015
BHS,Bahamas,2008,25.224998474121094,-76.2750015258789,344.49410931766033,0.0011262472847195155,2008,2015
BHS,Bahamas,2008,25.324996948242188,-76.37500762939453,258.5264679044485,0.0008451950980590706,2008,2015
BHS,Bahamas,2008,25.375,-76.5250015258789,288.48998120985925,0.0009431541765690553,2008,2015
BHS,Bahamas,2008,25.42499542236328,-76.7750015258789,120.56067657470956,0.0003941464627803248,2008,2015
BHS,Bahamas,2008,25.42499542236328,-76.57500457763672,162.974528580904,0.0005328091695275807,2008,2015
BHS,Bahamas,2008,25.474998474121094,-76.72500610351562,907.9773148010207,0.0029684309766777857,2008,2015
BHS,Bahamas,2008,25.474998474121094,-76.67500305175781,270.7924664542079,0.0008852960669505345,2008,2015
BHS,Bahamas,2008,25.524993896484375,-76.82500457763672,80.51631665229797,0.00026323028624460304,2008,2015
BHS,Bahamas,2008,25.524993896484375,-76.72500610351562,194.6552423388015,0.0006363822550542978,2008,2015
BHS,Bahamas,2008,25.774993896484375,-77.87500762939453,319.60924231633544,0.0010448917168511401,2008,2015
BHS,Bahamas,2008,25.92499542236328,-77.2750015258789,0.0,0.0,2008,2015
BHS,Bahamas,2008,25.92499542236328,-77.22500610351562,0.0,0.0,2008,2015
BHS,Bahamas,2008,25.974998474121094,-77.2750015258789,0.0,0.0,2008,2015
BHS,Bahamas,2008,25.974998474121094,-77.22500610351562,0.0,0.0,2008,2015
BHS,Bahamas,2008,26.024993896484375,-77.37500762939453,181.2252214550972,0.0005924757726358974,2008,2015
BHS,Bahamas,2008,26.024993896484375,-77.32500457763672,0.8967850208318138,2.931840247397772e-06,2008,2015
BHS,Bahamas,2008,26.024993896484375,-77.2750015258789,0.25097400695085526,8.205039976545317e-07,2008,2015
BHS,Bahamas,2008,26.024993896484375,-77.22500610351562,0.0,0.0,2008,2015
BHS,Bahamas,2008,26.074996948242188,-77.2750015258789,0.0,0.0,2008,2015
BHS,Bahamas,2008,26.074996948242188,-77.22500610351562,0.723857007920742,2.366490362667387e-06,2008,2015
BHS,Bahamas,2008,26.125,-77.22500610351562,16.034234330058098,5.2420382202043685e-05,2008,2015
BHS,Bahamas,2008,26.17499542236328,-77.22500610351562,0.17425699532032013,5.696946987326349e-07,2008,2015
BHS,Bahamas,2008,26.224998474121094,-77.22500610351562,0.0,0.0,2008,2015
BHS,Bahamas,2008,26.224998474121094,-77.17500305175781,55.42930483073105,0.00018121385060299164,2008,2015
BHS,Bahamas,2008,26.274993896484375,-77.22500610351562,0.0,0.0,2008,2015
BHS,Bahamas,2008,26.274993896484375,-77.17500305175781,1.9993849992752075,6.536546970288631e-06,2008,2015
BHS,Bahamas,2008,26.324996948242188,-77.57500457763672,177.44367699325085,0.0005801128495350168,2008,2015
BHS,Bahamas,2008,26.324996948242188,-77.22500610351562,0.0,0.0,2008,2015
BHS,Bahamas,2008,26.324996948242188,-77.17500305175781,0.0,0.0,2008,2015
BHS,Bahamas,2008,26.324996948242188,-77.12500762939453,6.425300007686019,2.100609703166755e-05,2008,2015
BHS,Bahamas,2008,26.324996948242188,-77.07500457763672,15.48613003268838,5.0628476448187886e-05,2008,2015
BHS,Bahamas,2008,26.324996948242188,-77.0250015258789,95.83701726794384,0.00031331792780848507,2008,2015
BHS,Bahamas,2008,26.375,-77.22500610351562,0.0,0.0,2008,2015
BHS,Bahamas,2008,26.375,-77.17500305175781,0.4427120089530945,1.4473489807524667e-06,2008,2015
BHS,Bahamas,2008,26.375,-77.12500762939453,3.487408012188722,1.1401309044779305e-05,2008,2015
BHS,Bahamas,2008,26.375,-77.07500457763672,55.218885164724924,0.00018052593005201217,2008,2015
BHS,Bahamas,2008,26.375,-77.0250015258789,51.00619404391885,0.00016675346832380628,2008,2015
BHS,Bahamas,2008,26.42499542236328,-77.22500610351562,0.0,0.0,2008,2015
BHS,Bahamas,2008,26.42499542236328,-77.17500305175781,0.0,0.0,2008,2015
BHS,Bahamas,2008,26.42499542236328,-77.12500762939453,17.803079847253226,5.820323133341249e-05,2008,2015
BHS,Bahamas,2008,26.42499542236328,-77.07500457763672,7.571442782878876,2.4753157296409413e-05,2008,2015
BHS,Bahamas,2008,26.474998474121094,-77.17500305175781,0.09651400148868561,3.1553117796222085e-07,2008,2015
BHS,Bahamas,2008,26.474998474121094,-77.12500762939453,3.4529679864869385,1.128871499924067e-05,2008,2015
BHS,Bahamas,2008,26.474998474121094,-77.07500457763672,259.21025463007777,0.0008474305874977509,2008,2015
BHS,Bahamas,2008,26.524993896484375,-78.7750015258789,3647.354322910311,0.01192421812588927,2008,2015
BHS,Bahamas,2008,26.524993896484375,-78.72500610351562,10123.186760425568,0.03309551975858232,2008,2015
BHS,Bahamas,2008,26.524993896484375,-78.67500305175781,19067.632915496826,0.06233740785769036,2008,2015
BHS,Bahamas,2008,26.524993896484375,-78.62500762939453,4458.059815444052,0.014574640397207092,2008,2015
BHS,Bahamas,2008,26.524993896484375,-77.12500762939453,216.10672202706337,0.0007065131226037426,2008,2015
BHS,Bahamas,2008,26.524993896484375,-77.07500457763672,6652.849925264716,0.021750021150773,2008,2015
BHS,Bahamas,2008,26.574996948242188,-78.82500457763672,1770.3566680848598,0.0057877895049204195,2008,2015
BHS,Bahamas,2008,26.574996948242188,-78.7750015258789,0.0,0.0,2008,2015
BHS,Bahamas,2008,26.574996948242188,-78.67500305175781,763.2497289478779,0.002495276149984334,2008,2015
BHS,Bahamas,2008,26.574996948242188,-78.62500762939453,1514.081205159448,0.0049499535696945,2008,2015
BHS,Bahamas,2008,26.574996948242188,-78.57500457763672,2251.5748313964114,0.007361025839384392,2008,2015
BHS,Bahamas,2008,26.574996948242188,-78.5250015258789,87.84234043955803,0.0002871811004240815,2008,2015
BHS,Bahamas,2008,26.574996948242188,-77.87500762939453,0.0,0.0,2008,2015
BHS,Bahamas,2008,26.574996948242188,-77.17500305175781,13.046586856245995,4.265292968523659e-05,2008,2015
BHS,Bahamas,2008,26.625,-78.87500762939453,172.41021478176117,0.0005636570582889576,2008,2015
BHS,Bahamas,2008,26.625,-78.57500457763672,0.0,0.0,2008,2015
BHS,Bahamas,2008,26.625,-78.5250015258789,2.003649979844659,6.550490380802211e-06,2008,2015
BHS,Bahamas,2008,26.625,-78.47500610351562,4.985270008444786,1.629823749882258e-05,2008,2015
BHS,Bahamas,2008,26.625,-78.42500305175781,3.7941571176078908,1.240415738884174e-05,2008,2015
BHS,Bahamas,2008,26.625,-78.37500762939453,141.72111928836068,0.00046332584932169777,2008,2015
BHS,Bahamas,2008,26.625,-78.32500457763672,76.30705747754729,0.00024946904450484295,2008,2015
BHS,Bahamas,2008,26.625,-78.2750015258789,150.27487437427146,0.0004912904593951301,2008,2015
BHS,Bahamas,2008,26.625,-78.22500610351562,160.4605506658554,0.000524590274852498,2008,2015
BHS,Bahamas,2008,26.625,-77.32500457763672,0.0,0.0,2008,2015
BHS,Bahamas,2008,26.625,-77.2750015258789,100.54081586006785,0.00032869595677606365,2008,2015
BHS,Bahamas,2008,26.67499542236328,-78.57500457763672,0.0,0.0,2008,2015
BHS,Bahamas,2008,26.67499542236328,-78.5250015258789,2.5125410184310484,8.214197059448264e-06,2008,2015
BHS,Bahamas,2008,26.67499542236328,-78.47500610351562,0.07447700202465057,2.434860830289748e-07,2008,2015
BHS,Bahamas,2008,26.67499542236328,-78.42500305175781,0.14418499916791916,4.7138095955195426e-07,2008,2015
BHS,Bahamas,2008,26.67499542236328,-78.37500762939453,0.0,0.0,2008,2015
BHS,Bahamas,2008,26.67499542236328,-78.32500457763672,1.3101739883426604,4.2833240307178006e-06,2008,2015
BHS,Bahamas,2008,26.67499542236328,-78.2750015258789,0.0,0.0,2008,2015
BHS,Bahamas,2008,26.67499542236328,-78.22500610351562,0.47735000401735306,1.560590243328823e-06,2008,2015
BHS,Bahamas,2008,26.67499542236328,-78.17500305175781,3.9958320297360794,1.3063488901448175e-05,2008,2015
BHS,Bahamas,2008,26.67499542236328,-78.12500762939453,7.345985014014969,2.4016072994721827e-05,2008,2015
BHS,Bahamas,2008,26.67499542236328,-78.07500457763672,2.6841780161485076,8.775326255589176e-06,2008,2015
BHS,Bahamas,2008,26.67499542236328,-78.0250015258789,2.222065007332231,7.264549997487813e-06,2008,2015
BHS,Bahamas,2008,26.67499542236328,-77.97500610351562,42.135102793574646,0.00013775139785883236,2008,2015
BHS,Bahamas,2008,26.67499542236328,-77.92500305175781,7.581815123558044,2.4787067369789877e-05,2008,2015
BHS,Bahamas,2008,26.67499542236328,-77.32500457763672,898.6068734527182,0.0029377963915289936,2008,2015
BHS,Bahamas,2008,26.67499542236328,-77.2750015258789,1682.7777283415198,0.005501469534805637,2008,2015
BHS,Bahamas,2008,26.724998474121094,-78.62500762939453,0.0,0.0,2008,2015
BHS,Bahamas,2008,26.724998474121094,-78.57500457763672,0.0,0.0,2008,2015
BHS,Bahamas,2008,26.724998474121094,-78.5250015258789,0.0,0.0,2008,2015
BHS,Bahamas,2008,26.724998474121094,-78.0250015258789,0.0,0.0,2008,2015
BHS,Bahamas,2008,26.724998474121094,-77.97500610351562,0.0,0.0,2008,2015
BHS,Bahamas,2008,26.724998474121094,-77.92500305175781,0.0,0.0,2008,2015
BHS,Bahamas,2008,26.724998474121094,-77.42500305175781,43.13899058107583,0.00014103338690960517,2008,2015
BHS,Bahamas,2008,26.724998474121094,-77.37500762939453,249.59842051570791,0.0008160068220989023,2008,2015
BHS,Bahamas,2008,26.774993896484375,-78.57500457763672,0.0,0.0,2008,2015
BHS,Bahamas,2008,26.774993896484375,-77.42500305175781,31.01198375225067,0.00010138682070331566,2008,2015
BHS,Bahamas,2008,26.824996948242188,-77.47500610351562,8.942610964179039,2.923588834844932e-05,2008,2015
BHS,Bahamas,2008,26.875,-77.67500305175781,20.470592498779297,6.69240738659213e-05,2008,2015
BHS,Bahamas,2008,26.875,-77.62500762939453,47.070703107894225,0.00015388725128016764,2008,2015
BHS,Bahamas,2008,26.875,-77.57500457763672,11.449978291988373,3.743317117088428e-05,2008,2015
BHS,Bahamas,2008,26.875,-77.5250015258789,495.05609935155746,0.0016184764052508095,2008,2015
BHS,Bahamas,2008,26.92499542236328,-77.87500762939453,0.0,0.0,2008,2015
BHS,Bahamas,2008,26.92499542236328,-77.82500457763672,137.9878925904699,0.00045112089046167597,2008,2015
BHS,Bahamas,2008,26.92499542236328,-77.7750015258789,171.74573430791497,0.0005614846863697375,2008,2015
BHS,Bahamas,2009,20.974998474121094,-73.67500305175781,525.6390964984894,0.0017184607491443527,2009,2015
BHS,Bahamas,2009,20.974998474121094,-73.62500762939453,0.07109799981117249,2.3243918276258514e-07,2009,2015
BHS,Bahamas,2009,20.974998474121094,-73.57500457763672,0.0,0.0,2009,2015
BHS,Bahamas,2009,20.974998474121094,-73.5250015258789,0.0,0.0,2009,2015
BHS,Bahamas,2009,20.974998474121094,-73.47500610351562,0.0,0.0,2009,2015
BHS,Bahamas,2009,20.974998474121094,-73.42500305175781,0.0,0.0,2009,2015
BHS,Bahamas,2009,20.974998474121094,-73.37500762939453,0.0,0.0,2009,2015
BHS,Bahamas,2009,20.974998474121094,-73.32500457763672,0.0,0.0,2009,2015
BHS,Bahamas,2009,20.974998474121094,-73.2750015258789,0.0,0.0,2009,2015
BHS,Bahamas,2009,20.974998474121094,-73.22500610351562,0.0,0.0,2009,2015
BHS,Bahamas,2009,20.974998474121094,-73.17500305175781,0.0,0.0,2009,2015
BHS,Bahamas,2009,21.024993896484375,-73.67500305175781,0.8303360159117856,2.7145999250255633e-06,2009,2015
BHS,Bahamas,2009,21.024993896484375,-73.62500762939453,43.848684140481495,0.00014335357301045523,2009,2015
BHS,Bahamas,2009,21.024993896484375,-73.57500457763672,0.0,0.0,2009,2015
BHS,Bahamas,2009,21.024993896484375,-73.5250015258789,0.0,0.0,2009,2015
BHS,Bahamas,2009,21.024993896484375,-73.47500610351562,0.0,0.0,2009,2015
BHS,Bahamas,2009,21.024993896484375,-73.42500305175781,0.0,0.0,2009,2015
BHS,Bahamas,2009,21.024993896484375,-73.37500762939453,0.0,0.0,2009,2015
BHS,Bahamas,2009,21.024993896484375,-73.32500457763672,1.2806830406188965,4.186909900840569e-06,2009,2015
BHS,Bahamas,2009,21.024993896484375,-73.2750015258789,0.0,0.0,2009,2015
BHS,Bahamas,2009,21.024993896484375,-73.22500610351562,0.0,0.0,2009,2015
BHS,Bahamas,2009,21.024993896484375,-73.17500305175781,0.0,0.0,2009,2015
BHS,Bahamas,2009,21.024993896484375,-73.12500762939453,0.0,0.0,2009,2015
BHS,Bahamas,2009,21.074996948242188,-73.62500762939453,8.775263778866476,2.8688783745014912e-05,2009,2015
BHS,Bahamas,2009,21.074996948242188,-73.57500457763672,1.201717022806406,3.928747973710423e-06,2009,2015
BHS,Bahamas,2009,21.074996948242188,-73.5250015258789,0.0,0.0,2009,2015
BHS,Bahamas,2009,21.074996948242188,-73.47500610351562,0.0,0.0,2009,2015
BHS,Bahamas,2009,21.074996948242188,-73.42500305175781,0.0,0.0,2009,2015
BHS,Bahamas,2009,21.074996948242188,-73.37500762939453,0.0,0.0,2009,2015
BHS,Bahamas,2009,21.074996948242188,-73.32500457763672,0.0,0.0,2009,2015
BHS,Bahamas,2009,21.074996948242188,-73.2750015258789,0.0,0.0,2009,2015
BHS,Bahamas,2009,21.074996948242188,-73.22500610351562,0.0,0.0,2009,2015
BHS,Bahamas,2009,21.074996948242188,-73.17500305175781,0.0,0.0,2009,2015
BHS,Bahamas,2009,21.074996948242188,-73.12500762939453,0.0,0.0,2009,2015
BHS,Bahamas,2009,21.125,-73.5250015258789,0.0,0.0,2009,2015
BHS,Bahamas,2009,21.125,-73.47500610351562,0.0,0.0,2009,2015
BHS,Bahamas,2009,21.125,-73.42500305175781,0.0,0.0,2009,2015
BHS,Bahamas,2009,21.125,-73.37500762939453,0.0,0.0,2009,2015
BHS,Bahamas,2009,21.125,-73.32500457763672,0.0,0.0,2009,2015
BHS,Bahamas,2009,21.125,-73.2750015258789,0.0,0.0,2009,2015
BHS,Bahamas,2009,21.125,-73.22500610351562,0.0,0.0,2009,2015
BHS,Bahamas,2009,21.125,-73.17500305175781,0.0,0.0,2009,2015
BHS,Bahamas,2009,21.125,-73.12500762939453,0.0,0.0,2009,2015
BHS,Bahamas,2009,21.125,-73.07500457763672,0.0,0.0,2009,2015
BHS,Bahamas,2009,21.17499542236328,-73.47500610351562,0.0,0.0,2009,2015
BHS,Bahamas,2009,21.17499542236328,-73.42500305175781,0.0,0.0,2009,2015
BHS,Bahamas,2009,21.17499542236328,-73.37500762939453,0.0,0.0,2009,2015
BHS,Bahamas,2009,21.17499542236328,-73.12500762939453,0.0,0.0,2009,2015
BHS,Bahamas,2009,21.17499542236328,-73.07500457763672,0.027753999456763268,9.073556174936928e-08,2009,2015
BHS,Bahamas,2009,21.224998474121094,-73.07500457763672,0.0,0.0,2009,2015
BHS,Bahamas,2009,21.224998474121094,-73.0250015258789,0.0,0.0,2009,2015
BHS,Bahamas,2009,21.274993896484375,-73.07500457763672,0.0,0.0,2009,2015
BHS,Bahamas,2009,21.274993896484375,-73.0250015258789,0.0,0.0,2009,2015
BHS,Bahamas,2009,21.324996948242188,-73.0250015258789,0.0,0.0,2009,2015
BHS,Bahamas,2009,21.474998474121094,-73.0250015258789,0.7568639814891699,2.474399361262113e-06,2009,2015
BHS,Bahamas,2009,21.474998474121094,-72.97500610351562,0.0,0.0,2009,2015
BHS,Bahamas,2009,21.524993896484375,-73.0250015258789,0.0,0.0,2009,2015
BHS,Bahamas,2009,21.524993896484375,-72.97500610351562,0.0,0.0,2009,2015
BHS,Bahamas,2009,22.17499542236328,-74.2750015258789,2.7267739921808243,8.914584376552102e-06,2009,2015
BHS,Bahamas,2009,22.224998474121094,-74.22500610351562,117.02899311855474,0.0003826004049656889,2009,2015
BHS,Bahamas,2009,22.274993896484375,-74.17500305175781,0.19867900013923645,6.495370410855738e-07,2009,2015
BHS,Bahamas,2009,22.324996948242188,-74.12500762939453,1.5368570312857628,5.024414094963897e-06,2009,2015
BHS,Bahamas,2009,22.324996948242188,-74.07500457763672,3.413741998374462,1.116047430830514e-05,2009,2015
BHS,Bahamas,2009,22.324996948242188,-72.82500457763672,0.0,0.0,2009,2015
BHS,Bahamas,2009,22.324996948242188,-72.7750015258789,0.0,0.0,2009,2015
BHS,Bahamas,2009,22.375,-74.07500457763672,0.0,0.0,2009,2015
BHS,Bahamas,2009,22.375,-74.0250015258789,4.757766991853714,1.555446671212118e-05,2009,2015
BHS,Bahamas,2009,22.375,-73.97500610351562,0.0,0.0,2009,2015
BHS,Bahamas,2009,22.375,-73.12500762939453,0.12881700694561005,4.21138708541484e-07,2009,2015
BHS,Bahamas,2009,22.375,-73.07500457763672,0.0,0.0,2009,2015
BHS,Bahamas,2009,22.375,-73.0250015258789,50.5905552731039,0.00016539462930626348,2009,2015
BHS,Bahamas,2009,22.375,-72.97500610351562,126.71773886680603,0.00041427561593785625,2009,2015
BHS,Bahamas,2009,22.375,-72.92500305175781,1.4115130491554737,4.614629672786746e-06,2009,2015
BHS,Bahamas,2009,22.375,-72.87500762939453,0.0,0.0,2009,2015
BHS,Bahamas,2009,22.375,-72.82500457763672,0.0,0.0,2009,2015
BHS,Bahamas,2009,22.42499542236328,-73.97500610351562,47.35080189258326,0.00015480297229593216,2009,2015
BHS,Bahamas,2009,22.42499542236328,-73.12500762939453,58.648998923612254,0.00019173992820970974,2009,2015
BHS,Bahamas,2009,22.42499542236328,-73.07500457763672,43.643376871949165,0.00014268236631210062,2009,2015
BHS,Bahamas,2009,22.42499542236328,-73.0250015258789,0.1513269990682602,4.947301483411566e-07,2009,2015
BHS,Bahamas,2009,22.474998474121094,-73.87500762939453,0.8563529849052429,2.7996566499244325e-06,2009,2015
BHS,Bahamas,2009,22.574996948242188,-74.37500762939453,1.5460069626569748,5.0543277715217e-06,2009,2015
BHS,Bahamas,2009,22.574996948242188,-73.87500762939453,66.4300123155117,0.00021717823025310464,2009,2015
BHS,Bahamas,2009,22.574996948242188,-73.62500762939453,0.0,0.0,2009,2015
BHS,Bahamas,2009,22.625,-74.32500457763672,11.966922760009766,3.9123206755565384e-05,2009,2015
BHS,Bahamas,2009,22.625,-74.0250015258789,0.0,0.0,2009,2015
BHS,Bahamas,2009,22.625,-73.97500610351562,0.0,0.0,2009,2015
BHS,Bahamas,2009,22.625,-73.92500305175781,0.20033299922943115,6.549444252290938e-07,2009,2015
BHS,Bahamas,2009,22.625,-73.87500762939453,50.189397007227825,0.0001640831310963794,2009,2015
BHS,Bahamas,2009,22.67499542236328,-74.07500457763672,0.08314599841833115,2.7182744906557976e-07,2009,2015
BHS,Bahamas,2009,22.67499542236328,-73.92500305175781,18.17451437562704,5.941755435873406e-05,2009,2015
BHS,Bahamas,2009,22.724998474121094,-74.2750015258789,0.48702299595154563,1.5922139506908337e-06,2009,2015
BHS,Bahamas,2009,22.724998474121094,-74.22500610351562,0.37711699679493904,1.2329005988030835e-06,2009,2015
BHS,Bahamas,2009,22.724998474121094,-74.17500305175781,39.49752097577318,0.00012912840756617314,2009,2015
BHS,Bahamas,2009,22.724998474121094,-74.12500762939453,11.967238143098877,3.9124237830809205e-05,2009,2015
BHS,Bahamas,2009,22.724998474121094,-74.07500457763672,9.147311940789223,2.990511290948257e-05,2009,2015
BHS,Bahamas,2009,22.774993896484375,-74.2750015258789,1.0095068010695929e-11,3.300359172650235e-17,2009,2015
BHS,Bahamas,2009,22.774993896484375,-74.22500610351562,88.37551623585276,0.00028892420074601294,2009,2015
BHS,Bahamas,2009,22.824996948242188,-74.32500457763672,97.82287999988141,0.00031981026671698006,2009,2015
BHS,Bahamas,2009,22.824996948242188,-74.2750015258789,17.949625074879265,5.8682328537801075e-05,2009,2015
BHS,Bahamas,2009,22.92499542236328,-74.87500762939453,87.43238287419514,0.00028584083485102223,2009,2015
BHS,Bahamas,2009,22.974998474121094,-74.87500762939453,81.02799335122108,0.00026490310002350286,2009,2015
BHS,Bahamas,2009,23.024993896484375,-74.92500305175781,37.04576912522316,0.00012111294724391315,2009,2015
BHS,Bahamas,2009,23.024993896484375,-74.87500762939453,107.0881491303508,0.00035010101456475973,2009,2015
BHS,Bahamas,2009,23.074996948242188,-74.97500610351562,98.62775817520955,0.0003224416378637576,2009,2015
BHS,Bahamas,2009,23.074996948242188,-74.92500305175781,31.107130989494653,0.00010169788354792234,2009,2015
BHS,Bahamas,2009,23.074996948242188,-73.7750015258789,0.0,0.0,2009,2015
BHS,Bahamas,2009,23.125,-75.12500762939453,0.0,0.0,2009,2015
BHS,Bahamas,2009,23.17499542236328,-75.22500610351562,0.0,0.0,2009,2015
BHS,Bahamas,2009,23.17499542236328,-75.17500305175781,0.0,0.0,2009,2015
BHS,Bahamas,2009,23.224998474121094,-75.12500762939453,75.71455562114716,0.0002475319907529409,2009,2015
BHS,Bahamas,2009,23.42499542236328,-75.57500457763672,62.19437590248877,0.000203330753967734,2009,2015
BHS,Bahamas,2009,23.42499542236328,-75.17500305175781,123.24543659389366,0.00040292369176609364,2009,2015
BHS,Bahamas,2009,23.474998474121094,-75.7750015258789,776.3103403449288,0.0025379749298033573,2009,2015
BHS,Bahamas,2009,23.474998474121094,-75.72500610351562,362.0963339880109,0.0011837938644833075,2009,2015
BHS,Bahamas,2009,23.474998474121094,-75.22500610351562,209.9042613506317,0.0006862355494712239,2009,2015
BHS,Bahamas,2009,23.524993896484375,-75.82500457763672,489.13141281176166,0.001599106953211482,2009,2015
BHS,Bahamas,2009,23.524993896484375,-75.22500610351562,81.88971680403569,0.00026772031423025335,2009,2015
BHS,Bahamas,2009,23.574996948242188,-75.92500305175781,186.56682202219963,0.0006099389540722104,2009,2015
BHS,Bahamas,2009,23.574996948242188,-75.87500762939453,701.0437020659447,0.0022919073057166245,2009,2015
BHS,Bahamas,2009,23.625,-75.97500610351562,152.78901632130146,0.0004995098903364906,2009,2015
BHS,Bahamas,2009,23.625,-75.92500305175781,1215.966047145429,0.003975332006753871,2009,2015
BHS,Bahamas,2009,23.67499542236328,-76.0250015258789,152.09811109304823,0.0004972511285281683,2009,2015
BHS,Bahamas,2009,23.67499542236328,-75.32500457763672,73.72541415692625,0.0002410289327545354,2009,2015
BHS,Bahamas,2009,23.67499542236328,-74.92500305175781,0.22926799952983856,7.495410079870376e-07,2009,2015
BHS,Bahamas,2009,23.67499542236328,-74.87500762939453,6.002876125277719,1.9625075592707826e-05,2009,2015
BHS,Bahamas,2009,23.67499542236328,-74.82500457763672,35.023906901509676,0.00011450291596052036,2009,2015
BHS,Bahamas,2009,23.774993896484375,-77.72500610351562,0.0,0.0,2009,2015
BHS,Bahamas,2009,23.774993896484375,-77.62500762939453,0.0,0.0,2009,2015
BHS,Bahamas,2009,23.774993896484375,-77.57500457763672,0.0,0.0,2009,2015
BHS,Bahamas,2009,23.824996948242188,-77.72500610351562,0.0,0.0,2009,2015
BHS,Bahamas,2009,23.824996948242188,-77.67500305175781,0.14824700355529785,4.846607843386984e-07,2009,2015
BHS,Bahamas,2009,23.824996948242188,-77.57500457763672,0.0,0.0,2009,2015
BHS,Bahamas,2009,23.875,-77.7750015258789,0.0,0.0,2009,2015
BHS,Bahamas,2009,23.875,-77.72500610351562,0.03000600077211857,9.809798188371455e-08,2009,2015
BHS,Bahamas,2009,23.875,-77.67500305175781,0.0,0.0,2009,2015
BHS,Bahamas,2009,23.875,-77.62500762939453,0.0,0.0,2009,2015
BHS,Bahamas,2009,23.875,-77.57500457763672,0.0,0.0,2009,2015
BHS,Bahamas,2009,23.875,-77.5250015258789,49.993198946133255,0.00016344170493669074,2009,2015
BHS,Bahamas,2009,23.92499542236328,-77.7750015258789,0.0,0.0,2009,2015
BHS,Bahamas,2009,23.92499542236328,-77.72500610351562,0.0,0.0,2009,2015
BHS,Bahamas,2009,23.92499542236328,-77.67500305175781,0.0,0.0,2009,2015
BHS,Bahamas,2009,23.92499542236328,-77.62500762939453,0.0,0.0,2009,2015
BHS,Bahamas,2009,23.92499542236328,-77.5250015258789,58.46482092142105,0.00019113779897364307,2009,2015
BHS,Bahamas,2009,23.974998474121094,-77.82500457763672,0.0,0.0,2009,2015
BHS,Bahamas,2009,23.974998474121094,-77.7750015258789,0.0,0.0,2009,2015
BHS,Bahamas,2009,23.974998474121094,-77.72500610351562,0.0,0.0,2009,2015
BHS,Bahamas,2009,23.974998474121094,-77.67500305175781,0.0,0.0,2009,2015
BHS,Bahamas,2009,23.974998474121094,-77.62500762939453,0.05787000060081482,1.891931655158877e-07,2009,2015
BHS,Bahamas,2009,23.974998474121094,-77.57500457763672,13.555343724820041,4.431619772470709e-05,2009,2015
BHS,Bahamas,2009,23.974998474121094,-76.32500457763672,46.757614463567734,0.0001528636772160199,2009,2015
BHS,Bahamas,2009,23.974998474121094,-74.5250015258789,89.97949697078893,0.00029416806094159767,2009,2015
BHS,Bahamas,2009,24.024993896484375,-77.82500457763672,0.0,0.0,2009,2015
BHS,Bahamas,2009,24.024993896484375,-77.7750015258789,4.544108145321246e-11,1.4855956376951395e-16,2009,2015
BHS,Bahamas,2009,24.024993896484375,-77.72500610351562,2.490483969449997,8.142086417054296e-06,2009,2015
BHS,Bahamas,2009,24.024993896484375,-77.67500305175781,0.0,0.0,2009,2015
BHS,Bahamas,2009,24.024993896484375,-77.62500762939453,0.23562000319361687,7.703074788362156e-07,2009,2015
BHS,Bahamas,2009,24.024993896484375,-77.57500457763672,1.795287936925888,5.869296773339133e-06,2009,2015
BHS,Bahamas,2009,24.024993896484375,-74.5250015258789,104.33438239246607,0.00034109818337720596,2009,2015
BHS,Bahamas,2009,24.024993896484375,-74.47500610351562,4.745942898094654,1.5515810453188955e-05,2009,2015
BHS,Bahamas,2009,24.074996948242188,-77.87500762939453,0.0,0.0,2009,2015
BHS,Bahamas,2009,24.074996948242188,-77.82500457763672,0.0,0.0,2009,2015
BHS,Bahamas,2009,24.074996948242188,-77.7750015258789,0.0,0.0,2009,2015
BHS,Bahamas,2009,24.074996948242188,-77.72500610351562,0.817501999440207,2.672641947190208e-06,2009,2015
BHS,Bahamas,2009,24.074996948242188,-77.67500305175781,0.19553300738334656,6.392519136966434e-07,2009,2015
BHS,Bahamas,2009,24.074996948242188,-77.62500762939453,0.4706220030784607,1.5385945325631836e-06,2009,2015
BHS,Bahamas,2009,24.074996948242188,-77.57500457763672,27.09783614433855,8.859038094957377e-05,2009,2015
BHS,Bahamas,2009,24.074996948242188,-76.37500762939453,172.8204801082611,0.0005649983300189744,2009,2015
BHS,Bahamas,2009,24.074996948242188,-74.5250015258789,483.0294202566147,0.001579157838376906,2009,2015
BHS,Bahamas,2009,24.074996948242188,-74.47500610351562,9.784929923713207,3.198966385689599e-05,2009,2015
BHS,Bahamas,2009,24.125,-77.87500762939453,0.0,0.0,2009,2015
BHS,Bahamas,2009,24.125,-77.82500457763672,0.0,0.0,2009,2015
BHS,Bahamas,2009,24.125,-77.7750015258789,0.0,0.0,2009,2015
BHS,Bahamas,2009,24.125,-77.62500762939453,3.6844210475683212,1.2045399582612047e-05,2009,2015
BHS,Bahamas,2009,24.125,-77.57500457763672,262.0222769677639,0.0008566238724821083,2009,2015
BHS,Bahamas,2009,24.125,-74.47500610351562,149.2220915332456,0.00048784861878295487,2009,2015
BHS,Bahamas,2009,24.17499542236328,-77.92500305175781,0.0,0.0,2009,2015
BHS,Bahamas,2009,24.17499542236328,-77.82500457763672,0.0,0.0,2009,2015
BHS,Bahamas,2009,24.17499542236328,-77.7750015258789,0.0,0.0,2009,2015
BHS,Bahamas,2009,24.17499542236328,-77.62500762939453,16.175217265274405,5.288129472183583e-05,2009,2015
BHS,Bahamas,2009,24.17499542236328,-75.47500610351562,30.16226901113987,9.86088663230283e-05,2009,2015
BHS,Bahamas,2009,24.17499542236328,-75.42500305175781,12.55302894115448,4.103935126200998e-05,2009,2015
BHS,Bahamas,2009,24.17499542236328,-75.37500762939453,59.12850558757782,0.00019330756917566353,2009,2015
BHS,Bahamas,2009,24.17499542236328,-75.32500457763672,88.5645659044385,0.0002895422568176931,2009,2015
BHS,Bahamas,2009,24.224998474121094,-77.87500762939453,0.0,0.0,2009,2015
BHS,Bahamas,2009,24.224998474121094,-77.7750015258789,0.0,0.0,2009,2015
BHS,Bahamas,2009,24.224998474121094,-77.72500610351562,0.0,0.0,2009,2015
BHS,Bahamas,2009,24.224998474121094,-77.67500305175781,20.25312273950014,6.621310459453991e-05,2009,2015
BHS,Bahamas,2009,24.224998474121094,-76.47500610351562,107.3267525434556,0.00035088107564233917,2009,2015
BHS,Bahamas,2009,24.224998474121094,-75.37500762939453,312.0322169959545,0.0010201203086832834,2009,2015
BHS,Bahamas,2009,24.224998474121094,-75.32500457763672,3.9079729318618774,1.2776253016298443e-05,2009,2015
BHS,Bahamas,2009,24.274993896484375,-78.0250015258789,0.0,0.0,2009,2015
BHS,Bahamas,2009,24.274993896484375,-77.67500305175781,342.706509873271,0.0011204031237717499,2009,2015
BHS,Bahamas,2009,24.274993896484375,-76.5250015258789,34.31749054791963,0.00011219344395913232,2009,2015
BHS,Bahamas,2009,24.274993896484375,-75.37500762939453,5.21016600728035,1.7033485217671897e-05,2009,2015
BHS,Bahamas,2009,24.324996948242188,-78.0250015258789,0.0,0.0,2009,2015
BHS,Bahamas,2009,24.324996948242188,-77.87500762939453,0.0,0.0,2009,2015
BHS,Bahamas,2009,24.324996948242188,-77.7750015258789,0.0,0.0,2009,2015
BHS,Bahamas,2009,24.324996948242188,-75.47500610351562,112.83382150903344,0.00036888521940412974,2009,2015
BHS,Bahamas,2009,24.324996948242188,-75.42500305175781,58.886520102628126,0.00019251645116233687,2009,2015
BHS,Bahamas,2009,24.375,-78.07500457763672,0.0,0.0,2009,2015
BHS,Bahamas,2009,24.375,-78.0250015258789,0.0,0.0,2009,2015
BHS,Bahamas,2009,24.375,-77.97500610351562,0.0,0.0,2009,2015
BHS,Bahamas,2009,24.375,-77.92500305175781,0.0,0.0,2009,2015
BHS,Bahamas,2009,24.375,-77.87500762939453,0.0,0.0,2009,2015
BHS,Bahamas,2009,24.42499542236328,-78.12500762939453,0.0,0.0,2009,2015
BHS,Bahamas,2009,24.42499542236328,-78.07500457763672,0.0,0.0,2009,2015
BHS,Bahamas,2009,24.42499542236328,-78.0250015258789,0.0,0.0,2009,2015
BHS,Bahamas,2009,24.42499542236328,-77.97500610351562,0.0,0.0,2009,2015
BHS,Bahamas,2009,24.42499542236328,-77.92500305175781,0.10438299924135208,3.412571254100841e-07,2009,2015
BHS,Bahamas,2009,24.42499542236328,-77.87500762939453,0.0,0.0,2009,2015
BHS,Bahamas,2009,24.42499542236328,-75.5250015258789,69.5924364775488,0.0002275170764896347,2009,2015
BHS,Bahamas,2009,24.474998474121094,-78.22500610351562,0.0,0.0,2009,2015
BHS,Bahamas,2009,24.474998474121094,-78.17500305175781,0.7809790372848511,2.5532382016839143e-06,2009,2015
BHS,Bahamas,2009,24.474998474121094,-78.12500762939453,2.6636810302734375,8.708315894417963e-06,2009,2015
BHS,Bahamas,2009,24.474998474121094,-78.07500457763672,0.0,0.0,2009,2015
BHS,Bahamas,2009,24.474998474121094,-78.0250015258789,0.0,0.0,2009,2015
BHS,Bahamas,2009,24.474998474121094,-77.97500610351562,0.20494499804005972,6.700223351181433e-07,2009,2015
BHS,Bahamas,2009,24.474998474121094,-77.92500305175781,0.0778760015964508,2.5459836023477424e-07,2009,2015
BHS,Bahamas,2009,24.474998474121094,-77.87500762939453,0.0,0.0,2009,2015
BHS,Bahamas,2009,24.474998474121094,-77.82500457763672,0.0,0.0,2009,2015
BHS,Bahamas,2009,24.474998474121094,-77.7750015258789,1.9929519891738892,6.515515666811385e-06,2009,2015
BHS,Bahamas,2009,24.524993896484375,-78.32500457763672,0.0,0.0,2009,2015
BHS,Bahamas,2009,24.524993896484375,-78.2750015258789,0.0,0.0,2009,2015
BHS,Bahamas,2009,24.524993896484375,-78.22500610351562,0.0,0.0,2009,2015
BHS,Bahamas,2009,24.524993896484375,-78.17500305175781,0.0,0.0,2009,2015
BHS,Bahamas,2009,24.524993896484375,-78.12500762939453,0.0,0.0,2009,2015
BHS,Bahamas,2009,24.524993896484375,-78.07500457763672,0.0,0.0,2009,2015
BHS,Bahamas,2009,24.524993896484375,-78.0250015258789,0.0,0.0,2009,2015
BHS,Bahamas,2009,24.524993896484375,-77.97500610351562,0.0,0.0,2009,2015
BHS,Bahamas,2009,24.524993896484375,-77.92500305175781,0.3476780056959406,1.1366563296171742e-06,2009,2015
BHS,Bahamas,2009,24.524993896484375,-77.87500762939453,0.0,0.0,2009,2015
BHS,Bahamas,2009,24.524993896484375,-77.82500457763672,0.0,0.0,2009,2015
BHS,Bahamas,2009,24.524993896484375,-77.7750015258789,2.5405130535897817,8.30564544069345e-06,2009,2015
BHS,Bahamas,2009,24.524993896484375,-77.72500610351562,105.02196593778483,0.0003433460856779649,2009,2015
BHS,Bahamas,2009,24.524993896484375,-76.7750015258789,0.475818008184433,1.555581721846568e-06,2009,2015
BHS,Bahamas,2009,24.524993896484375,-75.57500457763672,54.715574949990284,0.0001788804686424129,2009,2015
BHS,Bahamas,2009,24.574996948242188,-78.37500762939453,0.2315439973026514,7.569818792307733e-07,2009,2015
BHS,Bahamas,2009,24.574996948242188,-78.32500457763672,0.0324070006608963,1.0594751989382402e-07,2009,2015
BHS,Bahamas,2009,24.574996948242188,-78.2750015258789,0.0,0.0,2009,2015
BHS,Bahamas,2009,24.574996948242188,-78.22500610351562,0.0,0.0,2009,2015
BHS,Bahamas,2009,24.574996948242188,-78.17500305175781,0.0,0.0,2009,2015
BHS,Bahamas,2009,24.574996948242188,-78.12500762939453,0.0,0.0,2009,2015
BHS,Bahamas,2009,24.574996948242188,-78.07500457763672,0.08419000358920857,2.7524059302691707e-07,2009,2015
BHS,Bahamas,2009,24.574996948242188,-78.0250015258789,0.08015099912881851,2.620359614136382e-07,2009,2015
BHS,Bahamas,2009,24.574996948242188,-77.97500610351562,0.07390999794006348,2.416323886016421e-07,2009,2015
BHS,Bahamas,2009,24.574996948242188,-77.92500305175781,0.0,0.0,2009,2015
BHS,Bahamas,2009,24.574996948242188,-77.87500762939453,0.0,0.0,2009,2015
BHS,Bahamas,2009,24.574996948242188,-77.82500457763672,0.0,0.0,2009,2015
BHS,Bahamas,2009,24.574996948242188,-77.7750015258789,55.98589515686035,0.00018303349955067872,2009,2015
BHS,Bahamas,2009,24.574996948242188,-75.62500762939453,98.76647156477856,0.0003228951306061031,2009,2015
BHS,Bahamas,2009,24.625,-78.42500305175781,0.0,0.0,2009,2015
BHS,Bahamas,2009,24.625,-78.37500762939453,0.0,0.0,2009,2015
BHS,Bahamas,2009,24.625,-78.32500457763672,0.0,0.0,2009,2015
BHS,Bahamas,2009,24.625,-78.17500305175781,0.0,0.0,2009,2015
BHS,Bahamas,2009,24.625,-78.12500762939453,0.0,0.0,2009,2015
BHS,Bahamas,2009,24.625,-78.07500457763672,0.06961199641227722,2.2758102336936744e-07,2009,2015
BHS,Bahamas,2009,24.625,-78.0250015258789,0.14351800084114075,4.6920035606954767e-07,2009,2015
BHS,Bahamas,2009,24.625,-77.97500610351562,0.0,0.0,2009,2015
BHS,Bahamas,2009,24.625,-77.92500305175781,0.13816100358963013,4.5168683857946954e-07,2009,2015
BHS,Bahamas,2009,24.625,-77.87500762939453,0.0,0.0,2009,2015
BHS,Bahamas,2009,24.625,-77.82500457763672,0.0,0.0,2009,2015
BHS,Bahamas,2009,24.625,-77.7750015258789,136.6808976829052,0.00044684795973231586,2009,2015
BHS,Bahamas,2009,24.625,-75.67500305175781,136.96615090966887,0.000447780532056227,2009,2015
BHS,Bahamas,2009,24.625,-75.62500762939453,7.873494081199169,2.5740647199366068e-05,2009,2015
BHS,Bahamas,2009,24.67499542236328,-78.32500457763672,0.0,0.0,2009,2015
BHS,Bahamas,2009,24.67499542236328,-78.22500610351562,0.0,0.0,2009,2015
BHS,Bahamas,2009,24.67499542236328,-78.17500305175781,0.0,0.0,2009,2015
BHS,Bahamas,2009,24.67499542236328,-78.12500762939453,0.0,0.0,2009,2015
BHS,Bahamas,2009,24.67499542236328,-78.07500457763672,0.15547499805688858,5.082911134537828e-07,2009,2015
BHS,Bahamas,2009,24.67499542236328,-78.0250015258789,1.9060719646513462,6.231480645403655e-06,2009,2015
BHS,Bahamas,2009,24.67499542236328,-77.97500610351562,0.12170200608670712,3.9787778714579367e-07,2009,2015
BHS,Bahamas,2009,24.67499542236328,-77.92500305175781,0.884335994725056,2.891140910396309e-06,2009,2015
BHS,Bahamas,2009,24.67499542236328,-77.87500762939453,6.504813954234123,2.1266050290591227e-05,2009,2015
BHS,Bahamas,2009,24.67499542236328,-77.82500457763672,3.795086044854268,1.2407194310985362e-05,2009,2015
BHS,Bahamas,2009,24.67499542236328,-77.7750015258789,88.74501677045507,0.0002901322010065182,2009,2015
BHS,Bahamas,2009,24.67499542236328,-76.17500305175781,45.68270182609558,0.00014934948812970556,2009,2015
BHS,Bahamas,2009,24.67499542236328,-75.72500610351562,38.66761332753741,0.00012641520809450493,2009,2015
BHS,Bahamas,2009,24.724998474121094,-78.2750015258789,0.0,0.0,2009,2015
BHS,Bahamas,2009,24.724998474121094,-78.22500610351562,0.0,0.0,2009,2015
BHS,Bahamas,2009,24.724998474121094,-78.17500305175781,0.0,0.0,2009,2015
BHS,Bahamas,2009,24.724998474121094,-78.12500762939453,0.0,0.0,2009,2015
BHS,Bahamas,2009,24.724998474121094,-78.07500457763672,1.9189879558980465,6.273706621632594e-06,2009,2015
BHS,Bahamas,2009,24.724998474121094,-78.0250015258789,0.07665599882602692,2.506098310542268e-07,2009,2015
BHS,Bahamas,2009,24.724998474121094,-77.97500610351562,0.01894400082528591,6.193322008745523e-08,2009,2015
BHS,Bahamas,2009,24.724998474121094,-77.92500305175781,0.41882701218306373,1.3692622674235707e-06,2009,2015
BHS,Bahamas,2009,24.724998474121094,-77.87500762939453,5.513357043266296,1.8024701240804528e-05,2009,2015
BHS,Bahamas,2009,24.724998474121094,-77.82500457763672,88.20907086136008,0.00028838004441356416,2009,2015
BHS,Bahamas,2009,24.724998474121094,-77.7750015258789,1027.9184441864536,0.0033605519669730787,2009,2015
BHS,Bahamas,2009,24.774993896484375,-78.2750015258789,0.0,0.0,2009,2015
BHS,Bahamas,2009,24.774993896484375,-78.22500610351562,0.0,0.0,2009,2015
BHS,Bahamas,2009,24.774993896484375,-78.17500305175781,0.018352000042796135,5.999780448586033e-08,2009,2015
BHS,Bahamas,2009,24.774993896484375,-78.12500762939453,0.17364100367003157,5.676808502958023e-07,2009,2015
BHS,Bahamas,2009,24.774993896484375,-78.07500457763672,2.730512082577465,8.926805236199285e-06,2009,2015
BHS,Bahamas,2009,24.774993896484375,-78.0250015258789,0.0,0.0,2009,2015
BHS,Bahamas,2009,24.774993896484375,-77.97500610351562,0.0531499981880188,1.7376216174107637e-07,2009,2015
BHS,Bahamas,2009,24.774993896484375,-77.92500305175781,0.0895349979563498,2.9271486974171283e-07,2009,2015
BHS,Bahamas,2009,24.774993896484375,-77.87500762939453,106.90509486198425,0.00034950255912785113,2009,2015
BHS,Bahamas,2009,24.774993896484375,-76.2750015258789,227.55652648210526,0.0007439457254531848,2009,2015
BHS,Bahamas,2009,24.774993896484375,-76.22500610351562,246.72617363930004,0.000806616646307491,2009,2015
BHS,Bahamas,2009,24.824996948242188,-78.22500610351562,0.0,0.0,2009,2015
BHS,Bahamas,2009,24.824996948242188,-78.17500305175781,0.0,0.0,2009,2015
BHS,Bahamas,2009,24.824996948242188,-78.12500762939453,0.031773000955581665,1.0387479810465357e-07,2009,2015
BHS,Bahamas,2009,24.824996948242188,-78.07500457763672,0.0,0.0,2009,2015
BHS,Bahamas,2009,24.824996948242188,-78.0250015258789,0.37204800359904766,1.2163286468633477e-06,2009,2015
BHS,Bahamas,2009,24.824996948242188,-77.97500610351562,0.39066198468208313,1.2771829404073286e-06,2009,2015
BHS,Bahamas,2009,24.824996948242188,-77.92500305175781,32.86031014844775,0.00010742951498658088,2009,2015
BHS,Bahamas,2009,24.824996948242188,-77.87500762939453,153.3966140858829,0.0005014962968208188,2009,2015
BHS,Bahamas,2009,24.824996948242188,-76.17500305175781,39.388286071853216,0.00012877128821170834,2009,2015
BHS,Bahamas,2009,24.875,-78.17500305175781,0.0,0.0,2009,2015
BHS,Bahamas,2009,24.875,-78.12500762939453,0.02217799983918667,7.250606446904883e-08,2009,2015
BHS,Bahamas,2009,24.875,-78.07500457763672,0.1885750070346994,6.165042707390819e-07,2009,2015
BHS,Bahamas,2009,24.875,-78.0250015258789,0.19192500412464142,6.274563451703066e-07,2009,2015
BHS,Bahamas,2009,24.875,-77.97500610351562,0.054287999868392944,1.7748260649720366e-07,2009,2015
BHS,Bahamas,2009,24.875,-77.92500305175781,149.90067663788875,0.000490067102672474,2009,2015
BHS,Bahamas,2009,24.875,-76.17500305175781,538.7639731019735,0.0017613696298396746,2009,2015
BHS,Bahamas,2009,24.92499542236328,-78.17500305175781,0.0,0.0,2009,2015
BHS,Bahamas,2009,24.92499542236328,-78.12500762939453,0.12342600151896477,4.0351400884576655e-07,2009,2015
BHS,Bahamas,2009,24.92499542236328,-78.07500457763672,0.4993089810013771,1.6323802610230606e-06,2009,2015
BHS,Bahamas,2009,24.92499542236328,-78.0250015258789,12.859837125986814,4.204239275314478e-05,2009,2015
BHS,Bahamas,2009,24.92499542236328,-77.97500610351562,77.54682842642069,0.0002535222013719036,2009,2015
BHS,Bahamas,2009,24.92499542236328,-77.92500305175781,108.54245620966023,0.0003548555498526485,2009,2015
BHS,Bahamas,2009,24.92499542236328,-76.17500305175781,94.85781192035864,0.0003101166325350041,2009,2015
BHS,Bahamas,2009,24.974998474121094,-78.17500305175781,0.0,0.0,2009,2015
BHS,Bahamas,2009,24.974998474121094,-78.12500762939453,0.2583870068192482,8.447391608912566e-07,2009,2015
BHS,Bahamas,2009,24.974998474121094,-78.07500457763672,4.319060798749033,1.4120213860156803e-05,2009,2015
BHS,Bahamas,2009,24.974998474121094,-78.0250015258789,93.7624505721839,0.000306535590912516,2009,2015
BHS,Bahamas,2009,24.974998474121094,-77.97500610351562,0.9919559955596924,3.2429806964570793e-06,2009,2015
BHS,Bahamas,2009,24.974998474121094,-76.17500305175781,404.0577600598335,0.001320977464719476,2009,2015
BHS,Bahamas,2009,25.024993896484375,-78.12500762939453,0.0,0.0,2009,2015
BHS,Bahamas,2009,25.024993896484375,-78.07500457763672,5.701124079552455,1.8638564029912826e-05,2009,2015
BHS,Bahamas,2009,25.024993896484375,-78.0250015258789,167.1332987099901,0.0005464053485012446,2009,2015
BHS,Bahamas,2009,25.024993896484375,-77.5250015258789,4517.950136184692,0.014770438552504225,2009,2015
BHS,Bahamas,2009,25.024993896484375,-77.47500610351562,2313.268972337246,0.007562721185802195,2009,2015
BHS,Bahamas,2009,25.024993896484375,-77.42500305175781,6454.781180530887,0.021102479204740537,2009,2015
BHS,Bahamas,2009,25.024993896484375,-77.37500762939453,61432.58322143555,0.200840241313527,2009,2015
BHS,Bahamas,2009,25.024993896484375,-77.32500457763672,72592.57071125507,0.2373253517057141,2009,2015
BHS,Bahamas,2009,25.024993896484375,-76.12500762939453,43.667708670826094,0.00014276191374608074,2009,2015
BHS,Bahamas,2009,25.074996948242188,-78.12500762939453,0.0,0.0,2009,2015
BHS,Bahamas,2009,25.074996948242188,-78.07500457763672,7.903860062583374,2.5839922058229527e-05,2009,2015
BHS,Bahamas,2009,25.074996948242188,-78.0250015258789,438.62051690369844,0.0014339727525777355,2009,2015
BHS,Bahamas,2009,25.074996948242188,-77.97500610351562,258.28794801235716,0.000844415310034969,2009,2015
BHS,Bahamas,2009,25.074996948242188,-77.42500305175781,5118.235666900873,0.01673293930575253,2009,2015
BHS,Bahamas,2009,25.074996948242188,-77.37500762939453,25638.595013141632,0.0838197148705027,2009,2015
BHS,Bahamas,2009,25.074996948242188,-77.32500457763672,50643.8415389061,0.1655688369648253,2009,2015
BHS,Bahamas,2009,25.074996948242188,-76.12500762939453,224.04746390879154,0.0007324736216110224,2009,2015
BHS,Bahamas,2009,25.125,-78.17500305175781,78.1611753553196,0.0002555306727559822,2009,2015
BHS,Bahamas,2009,25.125,-78.12500762939453,0.9390070140361786,3.0698757142336166e-06,2009,2015
BHS,Bahamas,2009,25.125,-78.07500457763672,363.1687555015087,0.0011872999093908503,2009,2015
BHS,Bahamas,2009,25.125,-78.0250015258789,1278.110508680453,0.004178499576738758,2009,2015
BHS,Bahamas,2009,25.125,-76.12500762939453,67.5219259336666,0.00022074800028496673,2009,2015
BHS,Bahamas,2009,25.17499542236328,-78.17500305175781,0.0,0.0,2009,2015
BHS,Bahamas,2009,25.17499542236328,-78.12500762939453,0.0,0.0,2009,2015
BHS,Bahamas,2009,25.17499542236328,-76.22500610351562,564.683667719373,0.0018461083376841304,2009,2015
BHS,Bahamas,2009,25.17499542236328,-76.17500305175781,951.4172287583351,0.0031104481659986094,2009,2015
BHS,Bahamas,2009,25.224998474121094,-76.2750015258789,344.49410931766033,0.0011262472847195155,2009,2015
BHS,Bahamas,2009,25.324996948242188,-76.37500762939453,258.5264679044485,0.0008451950980590706,2009,2015
BHS,Bahamas,2009,25.375,-76.5250015258789,288.48998120985925,0.0009431541765690553,2009,2015
BHS,Bahamas,2009,25.42499542236328,-76.7750015258789,120.56067657470956,0.0003941464627803248,2009,2015
BHS,Bahamas,2009,25.42499542236328,-76.57500457763672,162.974528580904,0.0005328091695275807,2009,2015
BHS,Bahamas,2009,25.474998474121094,-76.72500610351562,907.9773148010207,0.0029684309766777857,2009,2015
BHS,Bahamas,2009,25.474998474121094,-76.67500305175781,270.7924664542079,0.0008852960669505345,2009,2015
BHS,Bahamas,2009,25.524993896484375,-76.82500457763672,80.51631665229797,0.00026323028624460304,2009,2015
BHS,Bahamas,2009,25.524993896484375,-76.72500610351562,194.6552423388015,0.0006363822550542978,2009,2015
BHS,Bahamas,2009,25.774993896484375,-77.87500762939453,319.60924231633544,0.0010448917168511401,2009,2015
BHS,Bahamas,2009,25.92499542236328,-77.2750015258789,0.0,0.0,2009,2015
BHS,Bahamas,2009,25.92499542236328,-77.22500610351562,0.0,0.0,2009,2015
BHS,Bahamas,2009,25.974998474121094,-77.2750015258789,0.0,0.0,2009,2015
BHS,Bahamas,2009,25.974998474121094,-77.22500610351562,0.0,0.0,2009,2015
BHS,Bahamas,2009,26.024993896484375,-77.37500762939453,181.2252214550972,0.0005924757726358974,2009,2015
BHS,Bahamas,2009,26.024993896484375,-77.32500457763672,0.8967850208318138,2.931840247397772e-06,2009,2015
BHS,Bahamas,2009,26.024993896484375,-77.2750015258789,0.25097400695085526,8.205039976545317e-07,2009,2015
BHS,Bahamas,2009,26.024993896484375,-77.22500610351562,0.0,0.0,2009,2015
BHS,Bahamas,2009,26.074996948242188,-77.2750015258789,0.0,0.0,2009,2015
BHS,Bahamas,2009,26.074996948242188,-77.22500610351562,0.723857007920742,2.366490362667387e-06,2009,2015
BHS,Bahamas,2009,26.125,-77.22500610351562,16.034234330058098,5.2420382202043685e-05,2009,2015
BHS,Bahamas,2009,26.17499542236328,-77.22500610351562,0.17425699532032013,5.696946987326349e-07,2009,2015
BHS,Bahamas,2009,26.224998474121094,-77.22500610351562,0.0,0.0,2009,2015
BHS,Bahamas,2009,26.224998474121094,-77.17500305175781,55.42930483073105,0.00018121385060299164,2009,2015
BHS,Bahamas,2009,26.274993896484375,-77.22500610351562,0.0,0.0,2009,2015
BHS,Bahamas,2009,26.274993896484375,-77.17500305175781,1.9993849992752075,6.536546970288631e-06,2009,2015
BHS,Bahamas,2009,26.324996948242188,-77.57500457763672,177.44367699325085,0.0005801128495350168,2009,2015
BHS,Bahamas,2009,26.324996948242188,-77.22500610351562,0.0,0.0,2009,2015
BHS,Bahamas,2009,26.324996948242188,-77.17500305175781,0.0,0.0,2009,2015
BHS,Bahamas,2009,26.324996948242188,-77.12500762939453,6.425300007686019,2.100609703166755e-05,2009,2015
BHS,Bahamas,2009,26.324996948242188,-77.07500457763672,15.48613003268838,5.0628476448187886e-05,2009,2015
BHS,Bahamas,2009,26.324996948242188,-77.0250015258789,95.83701726794384,0.00031331792780848507,2009,2015
BHS,Bahamas,2009,26.375,-77.22500610351562,0.0,0.0,2009,2015
BHS,Bahamas,2009,26.375,-77.17500305175781,0.4427120089530945,1.4473489807524667e-06,2009,2015
BHS,Bahamas,2009,26.375,-77.12500762939453,3.487408012188722,1.1401309044779305e-05,2009,2015
BHS,Bahamas,2009,26.375,-77.07500457763672,55.218885164724924,0.00018052593005201217,2009,2015
BHS,Bahamas,2009,26.375,-77.0250015258789,51.00619404391885,0.00016675346832380628,2009,2015
BHS,Bahamas,2009,26.42499542236328,-77.22500610351562,0.0,0.0,2009,2015
BHS,Bahamas,2009,26.42499542236328,-77.17500305175781,0.0,0.0,2009,2015
BHS,Bahamas,2009,26.42499542236328,-77.12500762939453,17.803079847253226,5.820323133341249e-05,2009,2015
BHS,Bahamas,2009,26.42499542236328,-77.07500457763672,7.571442782878876,2.4753157296409413e-05,2009,2015
BHS,Bahamas,2009,26.474998474121094,-77.17500305175781,0.09651400148868561,3.1553117796222085e-07,2009,2015
BHS,Bahamas,2009,26.474998474121094,-77.12500762939453,3.4529679864869385,1.128871499924067e-05,2009,2015
BHS,Bahamas,2009,26.474998474121094,-77.07500457763672,259.21025463007777,0.0008474305874977509,2009,2015
BHS,Bahamas,2009,26.524993896484375,-78.7750015258789,3647.354322910311,0.01192421812588927,2009,2015
BHS,Bahamas,2009,26.524993896484375,-78.72500610351562,10123.186760425568,0.03309551975858232,2009,2015
BHS,Bahamas,2009,26.524993896484375,-78.67500305175781,19067.632915496826,0.06233740785769036,2009,2015
BHS,Bahamas,2009,26.524993896484375,-78.62500762939453,4458.059815444052,0.014574640397207092,2009,2015
BHS,Bahamas,2009,26.524993896484375,-77.12500762939453,216.10672202706337,0.0007065131226037426,2009,2015
BHS,Bahamas,2009,26.524993896484375,-77.07500457763672,6652.849925264716,0.021750021150773,2009,2015
BHS,Bahamas,2009,26.574996948242188,-78.82500457763672,1770.3566680848598,0.0057877895049204195,2009,2015
BHS,Bahamas,2009,26.574996948242188,-78.7750015258789,0.0,0.0,2009,2015
BHS,Bahamas,2009,26.574996948242188,-78.67500305175781,763.2497289478779,0.002495276149984334,2009,2015
BHS,Bahamas,2009,26.574996948242188,-78.62500762939453,1514.081205159448,0.0049499535696945,2009,2015
BHS,Bahamas,2009,26.574996948242188,-78.57500457763672,2251.5748313964114,0.007361025839384392,2009,2015
BHS,Bahamas,2009,26.574996948242188,-78.5250015258789,87.84234043955803,0.0002871811004240815,2009,2015
BHS,Bahamas,2009,26.574996948242188,-77.87500762939453,0.0,0.0,2009,2015
BHS,Bahamas,2009,26.574996948242188,-77.17500305175781,13.046586856245995,4.265292968523659e-05,2009,2015
BHS,Bahamas,2009,26.625,-78.87500762939453,172.41021478176117,0.0005636570582889576,2009,2015
BHS,Bahamas,2009,26.625,-78.57500457763672,0.0,0.0,2009,2015
BHS,Bahamas,2009,26.625,-78.5250015258789,2.003649979844659,6.550490380802211e-06,2009,2015
BHS,Bahamas,2009,26.625,-78.47500610351562,4.985270008444786,1.629823749882258e-05,2009,2015
BHS,Bahamas,2009,26.625,-78.42500305175781,3.7941571176078908,1.240415738884174e-05,2009,2015
BHS,Bahamas,2009,26.625,-78.37500762939453,141.72111928836068,0.00046332584932169777,2009,2015
BHS,Bahamas,2009,26.625,-78.32500457763672,76.30705747754729,0.00024946904450484295,2009,2015
BHS,Bahamas,2009,26.625,-78.2750015258789,150.27487437427146,0.0004912904593951301,2009,2015
BHS,Bahamas,2009,26.625,-78.22500610351562,160.4605506658554,0.000524590274852498,2009,2015
BHS,Bahamas,2009,26.625,-77.32500457763672,0.0,0.0,2009,2015
BHS,Bahamas,2009,26.625,-77.2750015258789,100.54081586006785,0.00032869595677606365,2009,2015
BHS,Bahamas,2009,26.67499542236328,-78.57500457763672,0.0,0.0,2009,2015
BHS,Bahamas,2009,26.67499542236328,-78.5250015258789,2.5125410184310484,8.214197059448264e-06,2009,2015
BHS,Bahamas,2009,26.67499542236328,-78.47500610351562,0.07447700202465057,2.434860830289748e-07,2009,2015
BHS,Bahamas,2009,26.67499542236328,-78.42500305175781,0.14418499916791916,4.7138095955195426e-07,2009,2015
BHS,Bahamas,2009,26.67499542236328,-78.37500762939453,0.0,0.0,2009,2015
BHS,Bahamas,2009,26.67499542236328,-78.32500457763672,1.3101739883426604,4.2833240307178006e-06,2009,2015
BHS,Bahamas,2009,26.67499542236328,-78.2750015258789,0.0,0.0,2009,2015
BHS,Bahamas,2009,26.67499542236328,-78.22500610351562,0.47735000401735306,1.560590243328823e-06,2009,2015
BHS,Bahamas,2009,26.67499542236328,-78.17500305175781,3.9958320297360794,1.3063488901448175e-05,2009,2015
BHS,Bahamas,2009,26.67499542236328,-78.12500762939453,7.345985014014969,2.4016072994721827e-05,2009,2015
BHS,Bahamas,2009,26.67499542236328,-78.07500457763672,2.6841780161485076,8.775326255589176e-06,2009,2015
BHS,Bahamas,2009,26.67499542236328,-78.0250015258789,2.222065007332231,7.264549997487813e-06,2009,2015
BHS,Bahamas,2009,26.67499542236328,-77.97500610351562,42.135102793574646,0.00013775139785883236,2009,2015
BHS,Bahamas,2009,26.67499542236328,-77.92500305175781,7.581815123558044,2.4787067369789877e-05,2009,2015
BHS,Bahamas,2009,26.67499542236328,-77.32500457763672,898.6068734527182,0.0029377963915289936,2009,2015
BHS,Bahamas,2009,26.67499542236328,-77.2750015258789,1682.7777283415198,0.005501469534805637,2009,2015
BHS,Bahamas,2009,26.724998474121094,-78.62500762939453,0.0,0.0,2009,2015
BHS,Bahamas,2009,26.724998474121094,-78.57500457763672,0.0,0.0,2009,2015
BHS,Bahamas,2009,26.724998474121094,-78.5250015258789,0.0,0.0,2009,2015
BHS,Bahamas,2009,26.724998474121094,-78.0250015258789,0.0,0.0,2009,2015
BHS,Bahamas,2009,26.724998474121094,-77.97500610351562,0.0,0.0,2009,2015
BHS,Bahamas,2009,26.724998474121094,-77.92500305175781,0.0,0.0,2009,2015
BHS,Bahamas,2009,26.724998474121094,-77.42500305175781,43.13899058107583,0.00014103338690960517,2009,2015
BHS,Bahamas,2009,26.724998474121094,-77.37500762939453,249.59842051570791,0.0008160068220989023,2009,2015
BHS,Bahamas,2009,26.774993896484375,-78.57500457763672,0.0,0.0,2009,2015
BHS,Bahamas,2009,26.774993896484375,-77.42500305175781,31.01198375225067,0.00010138682070331566,2009,2015
BHS,Bahamas,2009,26.824996948242188,-77.47500610351562,8.942610964179039,2.923588834844932e-05,2009,2015
BHS,Bahamas,2009,26.875,-77.67500305175781,20.470592498779297,6.69240738659213e-05,2009,2015
BHS,Bahamas,2009,26.875,-77.62500762939453,47.070703107894225,0.00015388725128016764,2009,2015
BHS,Bahamas,2009,26.875,-77.57500457763672,11.449978291988373,3.743317117088428e-05,2009,2015
BHS,Bahamas,2009,26.875,-77.5250015258789,495.05609935155746,0.0016184764052508095,2009,2015
BHS,Bahamas,2009,26.92499542236328,-77.87500762939453,0.0,0.0,2009,2015
BHS,Bahamas,2009,26.92499542236328,-77.82500457763672,137.9878925904699,0.00045112089046167597,2009,2015
BHS,Bahamas,2009,26.92499542236328,-77.7750015258789,171.74573430791497,0.0005614846863697375,2009,2015
BHS,Bahamas,2010,20.974998474121094,-73.67500305175781,525.6390964984894,0.0017184607491443527,2010,2015
BHS,Bahamas,2010,20.974998474121094,-73.62500762939453,0.07109799981117249,2.3243918276258514e-07,2010,2015
BHS,Bahamas,2010,20.974998474121094,-73.57500457763672,0.0,0.0,2010,2015
BHS,Bahamas,2010,20.974998474121094,-73.5250015258789,0.0,0.0,2010,2015
BHS,Bahamas,2010,20.974998474121094,-73.47500610351562,0.0,0.0,2010,2015
BHS,Bahamas,2010,20.974998474121094,-73.42500305175781,0.0,0.0,2010,2015
BHS,Bahamas,2010,20.974998474121094,-73.37500762939453,0.0,0.0,2010,2015
BHS,Bahamas,2010,20.974998474121094,-73.32500457763672,0.0,0.0,2010,2015
BHS,Bahamas,2010,20.974998474121094,-73.2750015258789,0.0,0.0,2010,2015
BHS,Bahamas,2010,20.974998474121094,-73.22500610351562,0.0,0.0,2010,2015
BHS,Bahamas,2010,20.974998474121094,-73.17500305175781,0.0,0.0,2010,2015
BHS,Bahamas,2010,21.024993896484375,-73.67500305175781,0.8303360159117856,2.7145999250255633e-06,2010,2015
BHS,Bahamas,2010,21.024993896484375,-73.62500762939453,43.848684140481495,0.00014335357301045523,2010,2015
BHS,Bahamas,2010,21.024993896484375,-73.57500457763672,0.0,0.0,2010,2015
BHS,Bahamas,2010,21.024993896484375,-73.5250015258789,0.0,0.0,2010,2015
BHS,Bahamas,2010,21.024993896484375,-73.47500610351562,0.0,0.0,2010,2015
BHS,Bahamas,2010,21.024993896484375,-73.42500305175781,0.0,0.0,2010,2015
BHS,Bahamas,2010,21.024993896484375,-73.37500762939453,0.0,0.0,2010,2015
BHS,Bahamas,2010,21.024993896484375,-73.32500457763672,1.2806830406188965,4.186909900840569e-06,2010,2015
BHS,Bahamas,2010,21.024993896484375,-73.2750015258789,0.0,0.0,2010,2015
BHS,Bahamas,2010,21.024993896484375,-73.22500610351562,0.0,0.0,2010,2015
BHS,Bahamas,2010,21.024993896484375,-73.17500305175781,0.0,0.0,2010,2015
BHS,Bahamas,2010,21.024993896484375,-73.12500762939453,0.0,0.0,2010,2015
BHS,Bahamas,2010,21.074996948242188,-73.62500762939453,8.775263778866476,2.8688783745014912e-05,2010,2015
BHS,Bahamas,2010,21.074996948242188,-73.57500457763672,1.201717022806406,3.928747973710423e-06,2010,2015
BHS,Bahamas,2010,21.074996948242188,-73.5250015258789,0.0,0.0,2010,2015
BHS,Bahamas,2010,21.074996948242188,-73.47500610351562,0.0,0.0,2010,2015
BHS,Bahamas,2010,21.074996948242188,-73.42500305175781,0.0,0.0,2010,2015
BHS,Bahamas,2010,21.074996948242188,-73.37500762939453,0.0,0.0,2010,2015
BHS,Bahamas,2010,21.074996948242188,-73.32500457763672,0.0,0.0,2010,2015
BHS,Bahamas,2010,21.074996948242188,-73.2750015258789,0.0,0.0,2010,2015
BHS,Bahamas,2010,21.074996948242188,-73.22500610351562,0.0,0.0,2010,2015
BHS,Bahamas,2010,21.074996948242188,-73.17500305175781,0.0,0.0,2010,2015
BHS,Bahamas,2010,21.074996948242188,-73.12500762939453,0.0,0.0,2010,2015
BHS,Bahamas,2010,21.125,-73.5250015258789,0.0,0.0,2010,2015
BHS,Bahamas,2010,21.125,-73.47500610351562,0.0,0.0,2010,2015
BHS,Bahamas,2010,21.125,-73.42500305175781,0.0,0.0,2010,2015
BHS,Bahamas,2010,21.125,-73.37500762939453,0.0,0.0,2010,2015
BHS,Bahamas,2010,21.125,-73.32500457763672,0.0,0.0,2010,2015
BHS,Bahamas,2010,21.125,-73.2750015258789,0.0,0.0,2010,2015
BHS,Bahamas,2010,21.125,-73.22500610351562,0.0,0.0,2010,2015
BHS,Bahamas,2010,21.125,-73.17500305175781,0.0,0.0,2010,2015
BHS,Bahamas,2010,21.125,-73.12500762939453,0.0,0.0,2010,2015
BHS,Bahamas,2010,21.125,-73.07500457763672,0.0,0.0,2010,2015
BHS,Bahamas,2010,21.17499542236328,-73.47500610351562,0.0,0.0,2010,2015
BHS,Bahamas,2010,21.17499542236328,-73.42500305175781,0.0,0.0,2010,2015
BHS,Bahamas,2010,21.17499542236328,-73.37500762939453,0.0,0.0,2010,2015
BHS,Bahamas,2010,21.17499542236328,-73.12500762939453,0.0,0.0,2010,2015
BHS,Bahamas,2010,21.17499542236328,-73.07500457763672,0.027753999456763268,9.073556174936928e-08,2010,2015
BHS,Bahamas,2010,21.224998474121094,-73.07500457763672,0.0,0.0,2010,2015
BHS,Bahamas,2010,21.224998474121094,-73.0250015258789,0.0,0.0,2010,2015
BHS,Bahamas,2010,21.274993896484375,-73.07500457763672,0.0,0.0,2010,2015
BHS,Bahamas,2010,21.274993896484375,-73.0250015258789,0.0,0.0,2010,2015
BHS,Bahamas,2010,21.324996948242188,-73.0250015258789,0.0,0.0,2010,2015
BHS,Bahamas,2010,21.474998474121094,-73.0250015258789,0.7568639814891699,2.474399361262113e-06,2010,2015
BHS,Bahamas,2010,21.474998474121094,-72.97500610351562,0.0,0.0,2010,2015
BHS,Bahamas,2010,21.524993896484375,-73.0250015258789,0.0,0.0,2010,2015
BHS,Bahamas,2010,21.524993896484375,-72.97500610351562,0.0,0.0,2010,2015
BHS,Bahamas,2010,22.17499542236328,-74.2750015258789,2.7267739921808243,8.914584376552102e-06,2010,2015
BHS,Bahamas,2010,22.224998474121094,-74.22500610351562,117.02899311855474,0.0003826004049656889,2010,2015
BHS,Bahamas,2010,22.274993896484375,-74.17500305175781,0.19867900013923645,6.495370410855738e-07,2010,2015
BHS,Bahamas,2010,22.324996948242188,-74.12500762939453,1.5368570312857628,5.024414094963897e-06,2010,2015
BHS,Bahamas,2010,22.324996948242188,-74.07500457763672,3.413741998374462,1.116047430830514e-05,2010,2015
BHS,Bahamas,2010,22.324996948242188,-72.82500457763672,0.0,0.0,2010,2015
BHS,Bahamas,2010,22.324996948242188,-72.7750015258789,0.0,0.0,2010,2015
BHS,Bahamas,2010,22.375,-74.07500457763672,0.0,0.0,2010,2015
BHS,Bahamas,2010,22.375,-74.0250015258789,4.757766991853714,1.555446671212118e-05,2010,2015
BHS,Bahamas,2010,22.375,-73.97500610351562,0.0,0.0,2010,2015
BHS,Bahamas,2010,22.375,-73.12500762939453,0.12881700694561005,4.21138708541484e-07,2010,2015
BHS,Bahamas,2010,22.375,-73.07500457763672,0.0,0.0,2010,2015
BHS,Bahamas,2010,22.375,-73.0250015258789,50.5905552731039,0.00016539462930626348,2010,2015
BHS,Bahamas,2010,22.375,-72.97500610351562,126.71773886680603,0.00041427561593785625,2010,2015
BHS,Bahamas,2010,22.375,-72.92500305175781,1.4115130491554737,4.614629672786746e-06,2010,2015
BHS,Bahamas,2010,22.375,-72.87500762939453,0.0,0.0,2010,2015
BHS,Bahamas,2010,22.375,-72.82500457763672,0.0,0.0,2010,2015
BHS,Bahamas,2010,22.42499542236328,-73.97500610351562,47.35080189258326,0.00015480297229593216,2010,2015
BHS,Bahamas,2010,22.42499542236328,-73.12500762939453,58.648998923612254,0.00019173992820970974,2010,2015
BHS,Bahamas,2010,22.42499542236328,-73.07500457763672,43.643376871949165,0.00014268236631210062,2010,2015
BHS,Bahamas,2010,22.42499542236328,-73.0250015258789,0.1513269990682602,4.947301483411566e-07,2010,2015
BHS,Bahamas,2010,22.474998474121094,-73.87500762939453,0.8563529849052429,2.7996566499244325e-06,2010,2015
BHS,Bahamas,2010,22.574996948242188,-74.37500762939453,1.5460069626569748,5.0543277715217e-06,2010,2015
BHS,Bahamas,2010,22.574996948242188,-73.87500762939453,66.4300123155117,0.00021717823025310464,2010,2015
BHS,Bahamas,2010,22.574996948242188,-73.62500762939453,0.0,0.0,2010,2015
BHS,Bahamas,2010,22.625,-74.32500457763672,11.966922760009766,3.9123206755565384e-05,2010,2015
BHS,Bahamas,2010,22.625,-74.0250015258789,0.0,0.0,2010,2015
BHS,Bahamas,2010,22.625,-73.97500610351562,0.0,0.0,2010,2015
BHS,Bahamas,2010,22.625,-73.92500305175781,0.20033299922943115,6.549444252290938e-07,2010,2015
BHS,Bahamas,2010,22.625,-73.87500762939453,50.189397007227825,0.0001640831310963794,2010,2015
BHS,Bahamas,2010,22.67499542236328,-74.07500457763672,0.08314599841833115,2.7182744906557976e-07,2010,2015
BHS,Bahamas,2010,22.67499542236328,-73.92500305175781,18.17451437562704,5.941755435873406e-05,2010,2015
BHS,Bahamas,2010,22.724998474121094,-74.2750015258789,0.48702299595154563,1.5922139506908337e-06,2010,2015
BHS,Bahamas,2010,22.724998474121094,-74.22500610351562,0.37711699679493904,1.2329005988030835e-06,2010,2015
BHS,Bahamas,2010,22.724998474121094,-74.17500305175781,39.49752097577318,0.00012912840756617314,2010,2015
BHS,Bahamas,2010,22.724998474121094,-74.12500762939453,11.967238143098877,3.9124237830809205e-05,2010,2015
BHS,Bahamas,2010,22.724998474121094,-74.07500457763672,9.147311940789223,2.990511290948257e-05,2010,2015
BHS,Bahamas,2010,22.774993896484375,-74.2750015258789,1.0095068010695929e-11,3.300359172650235e-17,2010,2015
BHS,Bahamas,2010,22.774993896484375,-74.22500610351562,88.37551623585276,0.00028892420074601294,2010,2015
BHS,Bahamas,2010,22.824996948242188,-74.32500457763672,97.82287999988141,0.00031981026671698006,2010,2015
BHS,Bahamas,2010,22.824996948242188,-74.2750015258789,17.949625074879265,5.8682328537801075e-05,2010,2015
BHS,Bahamas,2010,22.92499542236328,-74.87500762939453,87.43238287419514,0.00028584083485102223,2010,2015
BHS,Bahamas,2010,22.974998474121094,-74.87500762939453,81.02799335122108,0.00026490310002350286,2010,2015
BHS,Bahamas,2010,23.024993896484375,-74.92500305175781,37.04576912522316,0.00012111294724391315,2010,2015
BHS,Bahamas,2010,23.024993896484375,-74.87500762939453,107.0881491303508,0.00035010101456475973,2010,2015
BHS,Bahamas,2010,23.074996948242188,-74.97500610351562,98.62775817520955,0.0003224416378637576,2010,2015
BHS,Bahamas,2010,23.074996948242188,-74.92500305175781,31.107130989494653,0.00010169788354792234,2010,2015
BHS,Bahamas,2010,23.074996948242188,-73.7750015258789,0.0,0.0,2010,2015
BHS,Bahamas,2010,23.125,-75.12500762939453,0.0,0.0,2010,2015
BHS,Bahamas,2010,23.17499542236328,-75.22500610351562,0.0,0.0,2010,2015
BHS,Bahamas,2010,23.17499542236328,-75.17500305175781,0.0,0.0,2010,2015
BHS,Bahamas,2010,23.224998474121094,-75.12500762939453,75.71455562114716,0.0002475319907529409,2010,2015
BHS,Bahamas,2010,23.42499542236328,-75.57500457763672,62.19437590248877,0.000203330753967734,2010,2015
BHS,Bahamas,2010,23.42499542236328,-75.17500305175781,123.24543659389366,0.00040292369176609364,2010,2015
BHS,Bahamas,2010,23.474998474121094,-75.7750015258789,776.3103403449288,0.0025379749298033573,2010,2015
BHS,Bahamas,2010,23.474998474121094,-75.72500610351562,362.0963339880109,0.0011837938644833075,2010,2015
BHS,Bahamas,2010,23.474998474121094,-75.22500610351562,209.9042613506317,0.0006862355494712239,2010,2015
BHS,Bahamas,2010,23.524993896484375,-75.82500457763672,489.13141281176166,0.001599106953211482,2010,2015
BHS,Bahamas,2010,23.524993896484375,-75.22500610351562,81.88971680403569,0.00026772031423025335,2010,2015
BHS,Bahamas,2010,23.574996948242188,-75.92500305175781,186.56682202219963,0.0006099389540722104,2010,2015
BHS,Bahamas,2010,23.574996948242188,-75.87500762939453,701.0437020659447,0.0022919073057166245,2010,2015
BHS,Bahamas,2010,23.625,-75.97500610351562,152.78901632130146,0.0004995098903364906,2010,2015
BHS,Bahamas,2010,23.625,-75.92500305175781,1215.966047145429,0.003975332006753871,2010,2015
BHS,Bahamas,2010,23.67499542236328,-76.0250015258789,152.09811109304823,0.0004972511285281683,2010,2015
BHS,Bahamas,2010,23.67499542236328,-75.32500457763672,73.72541415692625,0.0002410289327545354,2010,2015
BHS,Bahamas,2010,23.67499542236328,-74.92500305175781,0.22926799952983856,7.495410079870376e-07,2010,2015
BHS,Bahamas,2010,23.67499542236328,-74.87500762939453,6.002876125277719,1.9625075592707826e-05,2010,2015
BHS,Bahamas,2010,23.67499542236328,-74.82500457763672,35.023906901509676,0.00011450291596052036,2010,2015
BHS,Bahamas,2010,23.774993896484375,-77.72500610351562,0.0,0.0,2010,2015
BHS,Bahamas,2010,23.774993896484375,-77.62500762939453,0.0,0.0,2010,2015
BHS,Bahamas,2010,23.774993896484375,-77.57500457763672,0.0,0.0,2010,2015
BHS,Bahamas,2010,23.824996948242188,-77.72500610351562,0.0,0.0,2010,2015
BHS,Bahamas,2010,23.824996948242188,-77.67500305175781,0.14824700355529785,4.846607843386984e-07,2010,2015
BHS,Bahamas,2010,23.824996948242188,-77.57500457763672,0.0,0.0,2010,2015
BHS,Bahamas,2010,23.875,-77.7750015258789,0.0,0.0,2010,2015
BHS,Bahamas,2010,23.875,-77.72500610351562,0.03000600077211857,9.809798188371455e-08,2010,2015
BHS,Bahamas,2010,23.875,-77.67500305175781,0.0,0.0,2010,2015
BHS,Bahamas,2010,23.875,-77.62500762939453,0.0,0.0,2010,2015
BHS,Bahamas,2010,23.875,-77.57500457763672,0.0,0.0,2010,2015
BHS,Bahamas,2010,23.875,-77.5250015258789,49.993198946133255,0.00016344170493669074,2010,2015
BHS,Bahamas,2010,23.92499542236328,-77.7750015258789,0.0,0.0,2010,2015
BHS,Bahamas,2010,23.92499542236328,-77.72500610351562,0.0,0.0,2010,2015
BHS,Bahamas,2010,23.92499542236328,-77.67500305175781,0.0,0.0,2010,2015
BHS,Bahamas,2010,23.92499542236328,-77.62500762939453,0.0,0.0,2010,2015
BHS,Bahamas,2010,23.92499542236328,-77.5250015258789,58.46482092142105,0.00019113779897364307,2010,2015
BHS,Bahamas,2010,23.974998474121094,-77.82500457763672,0.0,0.0,2010,2015
BHS,Bahamas,2010,23.974998474121094,-77.7750015258789,0.0,0.0,2010,2015
BHS,Bahamas,2010,23.974998474121094,-77.72500610351562,0.0,0.0,2010,2015
BHS,Bahamas,2010,23.974998474121094,-77.67500305175781,0.0,0.0,2010,2015
BHS,Bahamas,2010,23.974998474121094,-77.62500762939453,0.05787000060081482,1.891931655158877e-07,2010,2015
BHS,Bahamas,2010,23.974998474121094,-77.57500457763672,13.555343724820041,4.431619772470709e-05,2010,2015
BHS,Bahamas,2010,23.974998474121094,-76.32500457763672,46.757614463567734,0.0001528636772160199,2010,2015
BHS,Bahamas,2010,23.974998474121094,-74.5250015258789,89.97949697078893,0.00029416806094159767,2010,2015
BHS,Bahamas,2010,24.024993896484375,-77.82500457763672,0.0,0.0,2010,2015
BHS,Bahamas,2010,24.024993896484375,-77.7750015258789,4.544108145321246e-11,1.4855956376951395e-16,2010,2015
BHS,Bahamas,2010,24.024993896484375,-77.72500610351562,2.490483969449997,8.142086417054296e-06,2010,2015
BHS,Bahamas,2010,24.024993896484375,-77.67500305175781,0.0,0.0,2010,2015
BHS,Bahamas,2010,24.024993896484375,-77.62500762939453,0.23562000319361687,7.703074788362156e-07,2010,2015
BHS,Bahamas,2010,24.024993896484375,-77.57500457763672,1.795287936925888,5.869296773339133e-06,2010,2015
BHS,Bahamas,2010,24.024993896484375,-74.5250015258789,104.33438239246607,0.00034109818337720596,2010,2015
BHS,Bahamas,2010,24.024993896484375,-74.47500610351562,4.745942898094654,1.5515810453188955e-05,2010,2015
BHS,Bahamas,2010,24.074996948242188,-77.87500762939453,0.0,0.0,2010,2015
BHS,Bahamas,2010,24.074996948242188,-77.82500457763672,0.0,0.0,2010,2015
BHS,Bahamas,2010,24.074996948242188,-77.7750015258789,0.0,0.0,2010,2015
BHS,Bahamas,2010,24.074996948242188,-77.72500610351562,0.817501999440207,2.672641947190208e-06,2010,2015
BHS,Bahamas,2010,24.074996948242188,-77.67500305175781,0.19553300738334656,6.392519136966434e-07,2010,2015
BHS,Bahamas,2010,24.074996948242188,-77.62500762939453,0.4706220030784607,1.5385945325631836e-06,2010,2015
BHS,Bahamas,2010,24.074996948242188,-77.57500457763672,27.09783614433855,8.859038094957377e-05,2010,2015
BHS,Bahamas,2010,24.074996948242188,-76.37500762939453,172.8204801082611,0.0005649983300189744,2010,2015
BHS,Bahamas,2010,24.074996948242188,-74.5250015258789,483.0294202566147,0.001579157838376906,2010,2015
BHS,Bahamas,2010,24.074996948242188,-74.47500610351562,9.784929923713207,3.198966385689599e-05,2010,2015
BHS,Bahamas,2010,24.125,-77.87500762939453,0.0,0.0,2010,2015
BHS,Bahamas,2010,24.125,-77.82500457763672,0.0,0.0,2010,2015
BHS,Bahamas,2010,24.125,-77.7750015258789,0.0,0.0,2010,2015
BHS,Bahamas,2010,24.125,-77.62500762939453,3.6844210475683212,1.2045399582612047e-05,2010,2015
BHS,Bahamas,2010,24.125,-77.57500457763672,262.0222769677639,0.0008566238724821083,2010,2015
BHS,Bahamas,2010,24.125,-74.47500610351562,149.2220915332456,0.00048784861878295487,2010,2015
BHS,Bahamas,2010,24.17499542236328,-77.92500305175781,0.0,0.0,2010,2015
BHS,Bahamas,2010,24.17499542236328,-77.82500457763672,0.0,0.0,2010,2015
BHS,Bahamas,2010,24.17499542236328,-77.7750015258789,0.0,0.0,2010,2015
BHS,Bahamas,2010,24.17499542236328,-77.62500762939453,16.175217265274405,5.288129472183583e-05,2010,2015
BHS,Bahamas,2010,24.17499542236328,-75.47500610351562,30.16226901113987,9.86088663230283e-05,2010,2015
BHS,Bahamas,2010,24.17499542236328,-75.42500305175781,12.55302894115448,4.103935126200998e-05,2010,2015
BHS,Bahamas,2010,24.17499542236328,-75.37500762939453,59.12850558757782,0.00019330756917566353,2010,2015
BHS,Bahamas,2010,24.17499542236328,-75.32500457763672,88.5645659044385,0.0002895422568176931,2010,2015
BHS,Bahamas,2010,24.224998474121094,-77.87500762939453,0.0,0.0,2010,2015
BHS,Bahamas,2010,24.224998474121094,-77.7750015258789,0.0,0.0,2010,2015
BHS,Bahamas,2010,24.224998474121094,-77.72500610351562,0.0,0.0,2010,2015
BHS,Bahamas,2010,24.224998474121094,-77.67500305175781,20.25312273950014,6.621310459453991e-05,2010,2015
BHS,Bahamas,2010,24.224998474121094,-76.47500610351562,107.3267525434556,0.00035088107564233917,2010,2015
BHS,Bahamas,2010,24.224998474121094,-75.37500762939453,312.0322169959545,0.0010201203086832834,2010,2015
BHS,Bahamas,2010,24.224998474121094,-75.32500457763672,3.9079729318618774,1.2776253016298443e-05,2010,2015
BHS,Bahamas,2010,24.274993896484375,-78.0250015258789,0.0,0.0,2010,2015
BHS,Bahamas,2010,24.274993896484375,-77.67500305175781,342.706509873271,0.0011204031237717499,2010,2015
BHS,Bahamas,2010,24.274993896484375,-76.5250015258789,34.31749054791963,0.00011219344395913232,2010,2015
BHS,Bahamas,2010,24.274993896484375,-75.37500762939453,5.21016600728035,1.7033485217671897e-05,2010,2015
BHS,Bahamas,2010,24.324996948242188,-78.0250015258789,0.0,0.0,2010,2015
BHS,Bahamas,2010,24.324996948242188,-77.87500762939453,0.0,0.0,2010,2015
BHS,Bahamas,2010,24.324996948242188,-77.7750015258789,0.0,0.0,2010,2015
BHS,Bahamas,2010,24.324996948242188,-75.47500610351562,112.83382150903344,0.00036888521940412974,2010,2015
BHS,Bahamas,2010,24.324996948242188,-75.42500305175781,58.886520102628126,0.00019251645116233687,2010,2015
BHS,Bahamas,2010,24.375,-78.07500457763672,0.0,0.0,2010,2015
BHS,Bahamas,2010,24.375,-78.0250015258789,0.0,0.0,2010,2015
BHS,Bahamas,2010,24.375,-77.97500610351562,0.0,0.0,2010,2015
BHS,Bahamas,2010,24.375,-77.92500305175781,0.0,0.0,2010,2015
BHS,Bahamas,2010,24.375,-77.87500762939453,0.0,0.0,2010,2015
BHS,Bahamas,2010,24.42499542236328,-78.12500762939453,0.0,0.0,2010,2015
BHS,Bahamas,2010,24.42499542236328,-78.07500457763672,0.0,0.0,2010,2015
BHS,Bahamas,2010,24.42499542236328,-78.0250015258789,0.0,0.0,2010,2015
BHS,Bahamas,2010,24.42499542236328,-77.97500610351562,0.0,0.0,2010,2015
BHS,Bahamas,2010,24.42499542236328,-77.92500305175781,0.10438299924135208,3.412571254100841e-07,2010,2015
BHS,Bahamas,2010,24.42499542236328,-77.87500762939453,0.0,0.0,2010,2015
BHS,Bahamas,2010,24.42499542236328,-75.5250015258789,69.5924364775488,0.0002275170764896347,2010,2015
BHS,Bahamas,2010,24.474998474121094,-78.22500610351562,0.0,0.0,2010,2015
BHS,Bahamas,2010,24.474998474121094,-78.17500305175781,0.7809790372848511,2.5532382016839143e-06,2010,2015
BHS,Bahamas,2010,24.474998474121094,-78.12500762939453,2.6636810302734375,8.708315894417963e-06,2010,2015
BHS,Bahamas,2010,24.474998474121094,-78.07500457763672,0.0,0.0,2010,2015
BHS,Bahamas,2010,24.474998474121094,-78.0250015258789,0.0,0.0,2010,2015
BHS,Bahamas,2010,24.474998474121094,-77.97500610351562,0.20494499804005972,6.700223351181433e-07,2010,2015
BHS,Bahamas,2010,24.474998474121094,-77.92500305175781,0.0778760015964508,2.5459836023477424e-07,2010,2015
BHS,Bahamas,2010,24.474998474121094,-77.87500762939453,0.0,0.0,2010,2015
BHS,Bahamas,2010,24.474998474121094,-77.82500457763672,0.0,0.0,2010,2015
BHS,Bahamas,2010,24.474998474121094,-77.7750015258789,1.9929519891738892,6.515515666811385e-06,2010,2015
BHS,Bahamas,2010,24.524993896484375,-78.32500457763672,0.0,0.0,2010,2015
BHS,Bahamas,2010,24.524993896484375,-78.2750015258789,0.0,0.0,2010,2015
BHS,Bahamas,2010,24.524993896484375,-78.22500610351562,0.0,0.0,2010,2015
BHS,Bahamas,2010,24.524993896484375,-78.17500305175781,0.0,0.0,2010,2015
BHS,Bahamas,2010,24.524993896484375,-78.12500762939453,0.0,0.0,2010,2015
BHS,Bahamas,2010,24.524993896484375,-78.07500457763672,0.0,0.0,2010,2015
BHS,Bahamas,2010,24.524993896484375,-78.0250015258789,0.0,0.0,2010,2015
BHS,Bahamas,2010,24.524993896484375,-77.97500610351562,0.0,0.0,2010,2015
BHS,Bahamas,2010,24.524993896484375,-77.92500305175781,0.3476780056959406,1.1366563296171742e-06,2010,2015
BHS,Bahamas,2010,24.524993896484375,-77.87500762939453,0.0,0.0,2010,2015
BHS,Bahamas,2010,24.524993896484375,-77.82500457763672,0.0,0.0,2010,2015
BHS,Bahamas,2010,24.524993896484375,-77.7750015258789,2.5405130535897817,8.30564544069345e-06,2010,2015
BHS,Bahamas,2010,24.524993896484375,-77.72500610351562,105.02196593778483,0.0003433460856779649,2010,2015
BHS,Bahamas,2010,24.524993896484375,-76.7750015258789,0.475818008184433,1.555581721846568e-06,2010,2015
BHS,Bahamas,2010,24.524993896484375,-75.57500457763672,54.715574949990284,0.0001788804686424129,2010,2015
BHS,Bahamas,2010,24.574996948242188,-78.37500762939453,0.2315439973026514,7.569818792307733e-07,2010,2015
BHS,Bahamas,2010,24.574996948242188,-78.32500457763672,0.0324070006608963,1.0594751989382402e-07,2010,2015
BHS,Bahamas,2010,24.574996948242188,-78.2750015258789,0.0,0.0,2010,2015
BHS,Bahamas,2010,24.574996948242188,-78.22500610351562,0.0,0.0,2010,2015
BHS,Bahamas,2010,24.574996948242188,-78.17500305175781,0.0,0.0,2010,2015
BHS,Bahamas,2010,24.574996948242188,-78.12500762939453,0.0,0.0,2010,2015
BHS,Bahamas,2010,24.574996948242188,-78.07500457763672,0.08419000358920857,2.7524059302691707e-07,2010,2015
BHS,Bahamas,2010,24.574996948242188,-78.0250015258789,0.08015099912881851,2.620359614136382e-07,2010,2015
BHS,Bahamas,2010,24.574996948242188,-77.97500610351562,0.07390999794006348,2.416323886016421e-07,2010,2015
BHS,Bahamas,2010,24.574996948242188,-77.92500305175781,0.0,0.0,2010,2015
BHS,Bahamas,2010,24.574996948242188,-77.87500762939453,0.0,0.0,2010,2015
BHS,Bahamas,2010,24.574996948242188,-77.82500457763672,0.0,0.0,2010,2015
BHS,Bahamas,2010,24.574996948242188,-77.7750015258789,55.98589515686035,0.00018303349955067872,2010,2015
BHS,Bahamas,2010,24.574996948242188,-75.62500762939453,98.76647156477856,0.0003228951306061031,2010,2015
BHS,Bahamas,2010,24.625,-78.42500305175781,0.0,0.0,2010,2015
BHS,Bahamas,2010,24.625,-78.37500762939453,0.0,0.0,2010,2015
BHS,Bahamas,2010,24.625,-78.32500457763672,0.0,0.0,2010,2015
BHS,Bahamas,2010,24.625,-78.17500305175781,0.0,0.0,2010,2015
BHS,Bahamas,2010,24.625,-78.12500762939453,0.0,0.0,2010,2015
BHS,Bahamas,2010,24.625,-78.07500457763672,0.06961199641227722,2.2758102336936744e-07,2010,2015
BHS,Bahamas,2010,24.625,-78.0250015258789,0.14351800084114075,4.6920035606954767e-07,2010,2015
BHS,Bahamas,2010,24.625,-77.97500610351562,0.0,0.0,2010,2015
BHS,Bahamas,2010,24.625,-77.92500305175781,0.13816100358963013,4.5168683857946954e-07,2010,2015
BHS,Bahamas,2010,24.625,-77.87500762939453,0.0,0.0,2010,2015
BHS,Bahamas,2010,24.625,-77.82500457763672,0.0,0.0,2010,2015
BHS,Bahamas,2010,24.625,-77.7750015258789,136.6808976829052,0.00044684795973231586,2010,2015
BHS,Bahamas,2010,24.625,-75.67500305175781,136.96615090966887,0.000447780532056227,2010,2015
BHS,Bahamas,2010,24.625,-75.62500762939453,7.873494081199169,2.5740647199366068e-05,2010,2015
BHS,Bahamas,2010,24.67499542236328,-78.32500457763672,0.0,0.0,2010,2015
BHS,Bahamas,2010,24.67499542236328,-78.22500610351562,0.0,0.0,2010,2015
BHS,Bahamas,2010,24.67499542236328,-78.17500305175781,0.0,0.0,2010,2015
BHS,Bahamas,2010,24.67499542236328,-78.12500762939453,0.0,0.0,2010,2015
BHS,Bahamas,2010,24.67499542236328,-78.07500457763672,0.15547499805688858,5.082911134537828e-07,2010,2015
BHS,Bahamas,2010,24.67499542236328,-78.0250015258789,1.9060719646513462,6.231480645403655e-06,2010,2015
BHS,Bahamas,2010,24.67499542236328,-77.97500610351562,0.12170200608670712,3.9787778714579367e-07,2010,2015
BHS,Bahamas,2010,24.67499542236328,-77.92500305175781,0.884335994725056,2.891140910396309e-06,2010,2015
BHS,Bahamas,2010,24.67499542236328,-77.87500762939453,6.504813954234123,2.1266050290591227e-05,2010,2015
BHS,Bahamas,2010,24.67499542236328,-77.82500457763672,3.795086044854268,1.2407194310985362e-05,2010,2015
BHS,Bahamas,2010,24.67499542236328,-77.7750015258789,88.74501677045507,0.0002901322010065182,2010,2015
BHS,Bahamas,2010,24.67499542236328,-76.17500305175781,45.68270182609558,0.00014934948812970556,2010,2015
BHS,Bahamas,2010,24.67499542236328,-75.72500610351562,38.66761332753741,0.00012641520809450493,2010,2015
BHS,Bahamas,2010,24.724998474121094,-78.2750015258789,0.0,0.0,2010,2015
BHS,Bahamas,2010,24.724998474121094,-78.22500610351562,0.0,0.0,2010,2015
BHS,Bahamas,2010,24.724998474121094,-78.17500305175781,0.0,0.0,2010,2015
BHS,Bahamas,2010,24.724998474121094,-78.12500762939453,0.0,0.0,2010,2015
BHS,Bahamas,2010,24.724998474121094,-78.07500457763672,1.9189879558980465,6.273706621632594e-06,2010,2015
BHS,Bahamas,2010,24.724998474121094,-78.0250015258789,0.07665599882602692,2.506098310542268e-07,2010,2015
BHS,Bahamas,2010,24.724998474121094,-77.97500610351562,0.01894400082528591,6.193322008745523e-08,2010,2015
BHS,Bahamas,2010,24.724998474121094,-77.92500305175781,0.41882701218306373,1.3692622674235707e-06,2010,2015
BHS,Bahamas,2010,24.724998474121094,-77.87500762939453,5.513357043266296,1.8024701240804528e-05,2010,2015
BHS,Bahamas,2010,24.724998474121094,-77.82500457763672,88.20907086136008,0.00028838004441356416,2010,2015
BHS,Bahamas,2010,24.724998474121094,-77.7750015258789,1027.9184441864536,0.0033605519669730787,2010,2015
BHS,Bahamas,2010,24.774993896484375,-78.2750015258789,0.0,0.0,2010,2015
BHS,Bahamas,2010,24.774993896484375,-78.22500610351562,0.0,0.0,2010,2015
BHS,Bahamas,2010,24.774993896484375,-78.17500305175781,0.018352000042796135,5.999780448586033e-08,2010,2015
BHS,Bahamas,2010,24.774993896484375,-78.12500762939453,0.17364100367003157,5.676808502958023e-07,2010,2015
BHS,Bahamas,2010,24.774993896484375,-78.07500457763672,2.730512082577465,8.926805236199285e-06,2010,2015
BHS,Bahamas,2010,24.774993896484375,-78.0250015258789,0.0,0.0,2010,2015
BHS,Bahamas,2010,24.774993896484375,-77.97500610351562,0.0531499981880188,1.7376216174107637e-07,2010,2015
BHS,Bahamas,2010,24.774993896484375,-77.92500305175781,0.0895349979563498,2.9271486974171283e-07,2010,2015
BHS,Bahamas,2010,24.774993896484375,-77.87500762939453,106.90509486198425,0.00034950255912785113,2010,2015
BHS,Bahamas,2010,24.774993896484375,-76.2750015258789,227.55652648210526,0.0007439457254531848,2010,2015
BHS,Bahamas,2010,24.774993896484375,-76.22500610351562,246.72617363930004,0.000806616646307491,2010,2015
BHS,Bahamas,2010,24.824996948242188,-78.22500610351562,0.0,0.0,2010,2015
BHS,Bahamas,2010,24.824996948242188,-78.17500305175781,0.0,0.0,2010,2015
BHS,Bahamas,2010,24.824996948242188,-78.12500762939453,0.031773000955581665,1.0387479810465357e-07,2010,2015
BHS,Bahamas,2010,24.824996948242188,-78.07500457763672,0.0,0.0,2010,2015
BHS,Bahamas,2010,24.824996948242188,-78.0250015258789,0.37204800359904766,1.2163286468633477e-06,2010,2015
BHS,Bahamas,2010,24.824996948242188,-77.97500610351562,0.39066198468208313,1.2771829404073286e-06,2010,2015
BHS,Bahamas,2010,24.824996948242188,-77.92500305175781,32.86031014844775,0.00010742951498658088,2010,2015
BHS,Bahamas,2010,24.824996948242188,-77.87500762939453,153.3966140858829,0.0005014962968208188,2010,2015
BHS,Bahamas,2010,24.824996948242188,-76.17500305175781,39.388286071853216,0.00012877128821170834,2010,2015
BHS,Bahamas,2010,24.875,-78.17500305175781,0.0,0.0,2010,2015
BHS,Bahamas,2010,24.875,-78.12500762939453,0.02217799983918667,7.250606446904883e-08,2010,2015
BHS,Bahamas,2010,24.875,-78.07500457763672,0.1885750070346994,6.165042707390819e-07,2010,2015
BHS,Bahamas,2010,24.875,-78.0250015258789,0.19192500412464142,6.274563451703066e-07,2010,2015
BHS,Bahamas,2010,24.875,-77.97500610351562,0.054287999868392944,1.7748260649720366e-07,2010,2015
BHS,Bahamas,2010,24.875,-77.92500305175781,149.90067663788875,0.000490067102672474,2010,2015
BHS,Bahamas,2010,24.875,-76.17500305175781,538.7639731019735,0.0017613696298396746,2010,2015
BHS,Bahamas,2010,24.92499542236328,-78.17500305175781,0.0,0.0,2010,2015
BHS,Bahamas,2010,24.92499542236328,-78.12500762939453,0.12342600151896477,4.0351400884576655e-07,2010,2015
BHS,Bahamas,2010,24.92499542236328,-78.07500457763672,0.4993089810013771,1.6323802610230606e-06,2010,2015
BHS,Bahamas,2010,24.92499542236328,-78.0250015258789,12.859837125986814,4.204239275314478e-05,2010,2015
BHS,Bahamas,2010,24.92499542236328,-77.97500610351562,77.54682842642069,0.0002535222013719036,2010,2015
BHS,Bahamas,2010,24.92499542236328,-77.92500305175781,108.54245620966023,0.0003548555498526485,2010,2015
BHS,Bahamas,2010,24.92499542236328,-76.17500305175781,94.85781192035864,0.0003101166325350041,2010,2015
BHS,Bahamas,2010,24.974998474121094,-78.17500305175781,0.0,0.0,2010,2015
BHS,Bahamas,2010,24.974998474121094,-78.12500762939453,0.2583870068192482,8.447391608912566e-07,2010,2015
BHS,Bahamas,2010,24.974998474121094,-78.07500457763672,4.319060798749033,1.4120213860156803e-05,2010,2015
BHS,Bahamas,2010,24.974998474121094,-78.0250015258789,93.7624505721839,0.000306535590912516,2010,2015
BHS,Bahamas,2010,24.974998474121094,-77.97500610351562,0.9919559955596924,3.2429806964570793e-06,2010,2015
BHS,Bahamas,2010,24.974998474121094,-76.17500305175781,404.0577600598335,0.001320977464719476,2010,2015
BHS,Bahamas,2010,25.024993896484375,-78.12500762939453,0.0,0.0,2010,2015
BHS,Bahamas,2010,25.024993896484375,-78.07500457763672,5.701124079552455,1.8638564029912826e-05,2010,2015
BHS,Bahamas,2010,25.024993896484375,-78.0250015258789,167.1332987099901,0.0005464053485012446,2010,2015
BHS,Bahamas,2010,25.024993896484375,-77.5250015258789,4517.950136184692,0.014770438552504225,2010,2015
BHS,Bahamas,2010,25.024993896484375,-77.47500610351562,2313.268972337246,0.007562721185802195,2010,2015
BHS,Bahamas,2010,25.024993896484375,-77.42500305175781,6454.781180530887,0.021102479204740537,2010,2015
BHS,Bahamas,2010,25.024993896484375,-77.37500762939453,61432.58322143555,0.200840241313527,2010,2015
BHS,Bahamas,2010,25.024993896484375,-77.32500457763672,72592.57071125507,0.2373253517057141,2010,2015
BHS,Bahamas,2010,25.024993896484375,-76.12500762939453,43.667708670826094,0.00014276191374608074,2010,2015
BHS,Bahamas,2010,25.074996948242188,-78.12500762939453,0.0,0.0,2010,2015
BHS,Bahamas,2010,25.074996948242188,-78.07500457763672,7.903860062583374,2.5839922058229527e-05,2010,2015
BHS,Bahamas,2010,25.074996948242188,-78.0250015258789,438.62051690369844,0.0014339727525777355,2010,2015
BHS,Bahamas,2010,25.074996948242188,-77.97500610351562,258.28794801235716,0.000844415310034969,2010,2015
BHS,Bahamas,2010,25.074996948242188,-77.42500305175781,5118.235666900873,0.01673293930575253,2010,2015
BHS,Bahamas,2010,25.074996948242188,-77.37500762939453,25638.595013141632,0.0838197148705027,2010,2015
BHS,Bahamas,2010,25.074996948242188,-77.32500457763672,50643.8415389061,0.1655688369648253,2010,2015
BHS,Bahamas,2010,25.074996948242188,-76.12500762939453,224.04746390879154,0.0007324736216110224,2010,2015
BHS,Bahamas,2010,25.125,-78.17500305175781,78.1611753553196,0.0002555306727559822,2010,2015
BHS,Bahamas,2010,25.125,-78.12500762939453,0.9390070140361786,3.0698757142336166e-06,2010,2015
BHS,Bahamas,2010,25.125,-78.07500457763672,363.1687555015087,0.0011872999093908503,2010,2015
BHS,Bahamas,2010,25.125,-78.0250015258789,1278.110508680453,0.004178499576738758,2010,2015
BHS,Bahamas,2010,25.125,-76.12500762939453,67.5219259336666,0.00022074800028496673,2010,2015
BHS,Bahamas,2010,25.17499542236328,-78.17500305175781,0.0,0.0,2010,2015
BHS,Bahamas,2010,25.17499542236328,-78.12500762939453,0.0,0.0,2010,2015
BHS,Bahamas,2010,25.17499542236328,-76.22500610351562,564.683667719373,0.0018461083376841304,2010,2015
BHS,Bahamas,2010,25.17499542236328,-76.17500305175781,951.4172287583351,0.0031104481659986094,2010,2015
BHS,Bahamas,2010,25.224998474121094,-76.2750015258789,344.49410931766033,0.0011262472847195155,2010,2015
BHS,Bahamas,2010,25.324996948242188,-76.37500762939453,258.5264679044485,0.0008451950980590706,2010,2015
BHS,Bahamas,2010,25.375,-76.5250015258789,288.48998120985925,0.0009431541765690553,2010,2015
BHS,Bahamas,2010,25.42499542236328,-76.7750015258789,120.56067657470956,0.0003941464627803248,2010,2015
BHS,Bahamas,2010,25.42499542236328,-76.57500457763672,162.974528580904,0.0005328091695275807,2010,2015
BHS,Bahamas,2010,25.474998474121094,-76.72500610351562,907.9773148010207,0.0029684309766777857,2010,2015
BHS,Bahamas,2010,25.474998474121094,-76.67500305175781,270.7924664542079,0.0008852960669505345,2010,2015
BHS,Bahamas,2010,25.524993896484375,-76.82500457763672,80.51631665229797,0.00026323028624460304,2010,2015
BHS,Bahamas,2010,25.524993896484375,-76.72500610351562,194.6552423388015,0.0006363822550542978,2010,2015
BHS,Bahamas,2010,25.774993896484375,-77.87500762939453,319.60924231633544,0.0010448917168511401,2010,2015
BHS,Bahamas,2010,25.92499542236328,-77.2750015258789,0.0,0.0,2010,2015
BHS,Bahamas,2010,25.92499542236328,-77.22500610351562,0.0,0.0,2010,2015
BHS,Bahamas,2010,25.974998474121094,-77.2750015258789,0.0,0.0,2010,2015
BHS,Bahamas,2010,25.974998474121094,-77.22500610351562,0.0,0.0,2010,2015
BHS,Bahamas,2010,26.024993896484375,-77.37500762939453,181.2252214550972,0.0005924757726358974,2010,2015
BHS,Bahamas,2010,26.024993896484375,-77.32500457763672,0.8967850208318138,2.931840247397772e-06,2010,2015
BHS,Bahamas,2010,26.024993896484375,-77.2750015258789,0.25097400695085526,8.205039976545317e-07,2010,2015
BHS,Bahamas,2010,26.024993896484375,-77.22500610351562,0.0,0.0,2010,2015
BHS,Bahamas,2010,26.074996948242188,-77.2750015258789,0.0,0.0,2010,2015
BHS,Bahamas,2010,26.074996948242188,-77.22500610351562,0.723857007920742,2.366490362667387e-06,2010,2015
BHS,Bahamas,2010,26.125,-77.22500610351562,16.034234330058098,5.2420382202043685e-05,2010,2015
BHS,Bahamas,2010,26.17499542236328,-77.22500610351562,0.17425699532032013,5.696946987326349e-07,2010,2015
BHS,Bahamas,2010,26.224998474121094,-77.22500610351562,0.0,0.0,2010,2015
BHS,Bahamas,2010,26.224998474121094,-77.17500305175781,55.42930483073105,0.00018121385060299164,2010,2015
BHS,Bahamas,2010,26.274993896484375,-77.22500610351562,0.0,0.0,2010,2015
BHS,Bahamas,2010,26.274993896484375,-77.17500305175781,1.9993849992752075,6.536546970288631e-06,2010,2015
BHS,Bahamas,2010,26.324996948242188,-77.57500457763672,177.44367699325085,0.0005801128495350168,2010,2015
BHS,Bahamas,2010,26.324996948242188,-77.22500610351562,0.0,0.0,2010,2015
BHS,Bahamas,2010,26.324996948242188,-77.17500305175781,0.0,0.0,2010,2015
BHS,Bahamas,2010,26.324996948242188,-77.12500762939453,6.425300007686019,2.100609703166755e-05,2010,2015
BHS,Bahamas,2010,26.324996948242188,-77.07500457763672,15.48613003268838,5.0628476448187886e-05,2010,2015
BHS,Bahamas,2010,26.324996948242188,-77.0250015258789,95.83701726794384,0.00031331792780848507,2010,2015
BHS,Bahamas,2010,26.375,-77.22500610351562,0.0,0.0,2010,2015
BHS,Bahamas,2010,26.375,-77.17500305175781,0.4427120089530945,1.4473489807524667e-06,2010,2015
BHS,Bahamas,2010,26.375,-77.12500762939453,3.487408012188722,1.1401309044779305e-05,2010,2015
BHS,Bahamas,2010,26.375,-77.07500457763672,55.218885164724924,0.00018052593005201217,2010,2015
BHS,Bahamas,2010,26.375,-77.0250015258789,51.00619404391885,0.00016675346832380628,2010,2015
BHS,Bahamas,2010,26.42499542236328,-77.22500610351562,0.0,0.0,2010,2015
BHS,Bahamas,2010,26.42499542236328,-77.17500305175781,0.0,0.0,2010,2015
BHS,Bahamas,2010,26.42499542236328,-77.12500762939453,17.803079847253226,5.820323133341249e-05,2010,2015
BHS,Bahamas,2010,26.42499542236328,-77.07500457763672,7.571442782878876,2.4753157296409413e-05,2010,2015
BHS,Bahamas,2010,26.474998474121094,-77.17500305175781,0.09651400148868561,3.1553117796222085e-07,2010,2015
BHS,Bahamas,2010,26.474998474121094,-77.12500762939453,3.4529679864869385,1.128871499924067e-05,2010,2015
BHS,Bahamas,2010,26.474998474121094,-77.07500457763672,259.21025463007777,0.0008474305874977509,2010,2015
BHS,Bahamas,2010,26.524993896484375,-78.7750015258789,3647.354322910311,0.01192421812588927,2010,2015
BHS,Bahamas,2010,26.524993896484375,-78.72500610351562,10123.186760425568,0.03309551975858232,2010,2015
BHS,Bahamas,2010,26.524993896484375,-78.67500305175781,19067.632915496826,0.06233740785769036,2010,2015
BHS,Bahamas,2010,26.524993896484375,-78.62500762939453,4458.059815444052,0.014574640397207092,2010,2015
BHS,Bahamas,2010,26.524993896484375,-77.12500762939453,216.10672202706337,0.0007065131226037426,2010,2015
BHS,Bahamas,2010,26.524993896484375,-77.07500457763672,6652.849925264716,0.021750021150773,2010,2015
BHS,Bahamas,2010,26.574996948242188,-78.82500457763672,1770.3566680848598,0.0057877895049204195,2010,2015
BHS,Bahamas,2010,26.574996948242188,-78.7750015258789,0.0,0.0,2010,2015
BHS,Bahamas,2010,26.574996948242188,-78.67500305175781,763.2497289478779,0.002495276149984334,2010,2015
BHS,Bahamas,2010,26.574996948242188,-78.62500762939453,1514.081205159448,0.0049499535696945,2010,2015
BHS,Bahamas,2010,26.574996948242188,-78.57500457763672,2251.5748313964114,0.007361025839384392,2010,2015
BHS,Bahamas,2010,26.574996948242188,-78.5250015258789,87.84234043955803,0.0002871811004240815,2010,2015
BHS,Bahamas,2010,26.574996948242188,-77.87500762939453,0.0,0.0,2010,2015
BHS,Bahamas,2010,26.574996948242188,-77.17500305175781,13.046586856245995,4.265292968523659e-05,2010,2015
BHS,Bahamas,2010,26.625,-78.87500762939453,172.41021478176117,0.0005636570582889576,2010,2015
BHS,Bahamas,2010,26.625,-78.57500457763672,0.0,0.0,2010,2015
BHS,Bahamas,2010,26.625,-78.5250015258789,2.003649979844659,6.550490380802211e-06,2010,2015
BHS,Bahamas,2010,26.625,-78.47500610351562,4.985270008444786,1.629823749882258e-05,2010,2015
BHS,Bahamas,2010,26.625,-78.42500305175781,3.7941571176078908,1.240415738884174e-05,2010,2015
BHS,Bahamas,2010,26.625,-78.37500762939453,141.72111928836068,0.00046332584932169777,2010,2015
BHS,Bahamas,2010,26.625,-78.32500457763672,76.30705747754729,0.00024946904450484295,2010,2015
BHS,Bahamas,2010,26.625,-78.2750015258789,150.27487437427146,0.0004912904593951301,2010,2015
BHS,Bahamas,2010,26.625,-78.22500610351562,160.4605506658554,0.000524590274852498,2010,2015
BHS,Bahamas,2010,26.625,-77.32500457763672,0.0,0.0,2010,2015
BHS,Bahamas,2010,26.625,-77.2750015258789,100.54081586006785,0.00032869595677606365,2010,2015
BHS,Bahamas,2010,26.67499542236328,-78.57500457763672,0.0,0.0,2010,2015
BHS,Bahamas,2010,26.67499542236328,-78.5250015258789,2.5125410184310484,8.214197059448264e-06,2010,2015
BHS,Bahamas,2010,26.67499542236328,-78.47500610351562,0.07447700202465057,2.434860830289748e-07,2010,2015
BHS,Bahamas,2010,26.67499542236328,-78.42500305175781,0.14418499916791916,4.7138095955195426e-07,2010,2015
BHS,Bahamas,2010,26.67499542236328,-78.37500762939453,0.0,0.0,2010,2015
BHS,Bahamas,2010,26.67499542236328,-78.32500457763672,1.3101739883426604,4.2833240307178006e-06,2010,2015
BHS,Bahamas,2010,26.67499542236328,-78.2750015258789,0.0,0.0,2010,2015
BHS,Bahamas,2010,26.67499542236328,-78.22500610351562,0.47735000401735306,1.560590243328823e-06,2010,2015
BHS,Bahamas,2010,26.67499542236328,-78.17500305175781,3.9958320297360794,1.3063488901448175e-05,2010,2015
BHS,Bahamas,2010,26.67499542236328,-78.12500762939453,7.345985014014969,2.4016072994721827e-05,2010,2015
BHS,Bahamas,2010,26.67499542236328,-78.07500457763672,2.6841780161485076,8.775326255589176e-06,2010,2015
BHS,Bahamas,2010,26.67499542236328,-78.0250015258789,2.222065007332231,7.264549997487813e-06,2010,2015
BHS,Bahamas,2010,26.67499542236328,-77.97500610351562,42.135102793574646,0.00013775139785883236,2010,2015
BHS,Bahamas,2010,26.67499542236328,-77.92500305175781,7.581815123558044,2.4787067369789877e-05,2010,2015
BHS,Bahamas,2010,26.67499542236328,-77.32500457763672,898.6068734527182,0.0029377963915289936,2010,2015
BHS,Bahamas,2010,26.67499542236328,-77.2750015258789,1682.7777283415198,0.005501469534805637,2010,2015
BHS,Bahamas,2010,26.724998474121094,-78.62500762939453,0.0,0.0,2010,2015
BHS,Bahamas,2010,26.724998474121094,-78.57500457763672,0.0,0.0,2010,2015
BHS,Bahamas,2010,26.724998474121094,-78.5250015258789,0.0,0.0,2010,2015
BHS,Bahamas,2010,26.724998474121094,-78.0250015258789,0.0,0.0,2010,2015
BHS,Bahamas,2010,26.724998474121094,-77.97500610351562,0.0,0.0,2010,2015
BHS,Bahamas,2010,26.724998474121094,-77.92500305175781,0.0,0.0,2010,2015
BHS,Bahamas,2010,26.724998474121094,-77.42500305175781,43.13899058107583,0.00014103338690960517,2010,2015
BHS,Bahamas,2010,26.724998474121094,-77.37500762939453,249.59842051570791,0.0008160068220989023,2010,2015
BHS,Bahamas,2010,26.774993896484375,-78.57500457763672,0.0,0.0,2010,2015
BHS,Bahamas,2010,26.774993896484375,-77.42500305175781,31.01198375225067,0.00010138682070331566,2010,2015
BHS,Bahamas,2010,26.824996948242188,-77.47500610351562,8.942610964179039,2.923588834844932e-05,2010,2015
BHS,Bahamas,2010,26.875,-77.67500305175781,20.470592498779297,6.69240738659213e-05,2010,2015
BHS,Bahamas,2010,26.875,-77.62500762939453,47.070703107894225,0.00015388725128016764,2010,2015
BHS,Bahamas,2010,26.875,-77.57500457763672,11.449978291988373,3.743317117088428e-05,2010,2015
BHS,Bahamas,2010,26.875,-77.5250015258789,495.05609935155746,0.0016184764052508095,2010,2015
BHS,Bahamas,2010,26.92499542236328,-77.87500762939453,0.0,0.0,2010,2015
BHS,Bahamas,2010,26.92499542236328,-77.82500457763672,137.9878925904699,0.00045112089046167597,2010,2015
BHS,Bahamas,2010,26.92499542236328,-77.7750015258789,171.74573430791497,0.0005614846863697375,2010,2015
BHS,Bahamas,2011,20.974998474121094,-73.67500305175781,525.6390964984894,0.0017184607491443527,2011,2015
BHS,Bahamas,2011,20.974998474121094,-73.62500762939453,0.07109799981117249,2.3243918276258514e-07,2011,2015
BHS,Bahamas,2011,20.974998474121094,-73.57500457763672,0.0,0.0,2011,2015
BHS,Bahamas,2011,20.974998474121094,-73.5250015258789,0.0,0.0,2011,2015
BHS,Bahamas,2011,20.974998474121094,-73.47500610351562,0.0,0.0,2011,2015
BHS,Bahamas,2011,20.974998474121094,-73.42500305175781,0.0,0.0,2011,2015
BHS,Bahamas,2011,20.974998474121094,-73.37500762939453,0.0,0.0,2011,2015
BHS,Bahamas,2011,20.974998474121094,-73.32500457763672,0.0,0.0,2011,2015
BHS,Bahamas,2011,20.974998474121094,-73.2750015258789,0.0,0.0,2011,2015
BHS,Bahamas,2011,20.974998474121094,-73.22500610351562,0.0,0.0,2011,2015
BHS,Bahamas,2011,20.974998474121094,-73.17500305175781,0.0,0.0,2011,2015
BHS,Bahamas,2011,21.024993896484375,-73.67500305175781,0.8303360159117856,2.7145999250255633e-06,2011,2015
BHS,Bahamas,2011,21.024993896484375,-73.62500762939453,43.848684140481495,0.00014335357301045523,2011,2015
BHS,Bahamas,2011,21.024993896484375,-73.57500457763672,0.0,0.0,2011,2015
BHS,Bahamas,2011,21.024993896484375,-73.5250015258789,0.0,0.0,2011,2015
BHS,Bahamas,2011,21.024993896484375,-73.47500610351562,0.0,0.0,2011,2015
BHS,Bahamas,2011,21.024993896484375,-73.42500305175781,0.0,0.0,2011,2015
BHS,Bahamas,2011,21.024993896484375,-73.37500762939453,0.0,0.0,2011,2015
BHS,Bahamas,2011,21.024993896484375,-73.32500457763672,1.2806830406188965,4.186909900840569e-06,2011,2015
BHS,Bahamas,2011,21.024993896484375,-73.2750015258789,0.0,0.0,2011,2015
BHS,Bahamas,2011,21.024993896484375,-73.22500610351562,0.0,0.0,2011,2015
BHS,Bahamas,2011,21.024993896484375,-73.17500305175781,0.0,0.0,2011,2015
BHS,Bahamas,2011,21.024993896484375,-73.12500762939453,0.0,0.0,2011,2015
BHS,Bahamas,2011,21.074996948242188,-73.62500762939453,8.775263778866476,2.8688783745014912e-05,2011,2015
BHS,Bahamas,2011,21.074996948242188,-73.57500457763672,1.201717022806406,3.928747973710423e-06,2011,2015
BHS,Bahamas,2011,21.074996948242188,-73.5250015258789,0.0,0.0,2011,2015
BHS,Bahamas,2011,21.074996948242188,-73.47500610351562,0.0,0.0,2011,2015
BHS,Bahamas,2011,21.074996948242188,-73.42500305175781,0.0,0.0,2011,2015
BHS,Bahamas,2011,21.074996948242188,-73.37500762939453,0.0,0.0,2011,2015
BHS,Bahamas,2011,21.074996948242188,-73.32500457763672,0.0,0.0,2011,2015
BHS,Bahamas,2011,21.074996948242188,-73.2750015258789,0.0,0.0,2011,2015
BHS,Bahamas,2011,21.074996948242188,-73.22500610351562,0.0,0.0,2011,2015
BHS,Bahamas,2011,21.074996948242188,-73.17500305175781,0.0,0.0,2011,2015
BHS,Bahamas,2011,21.074996948242188,-73.12500762939453,0.0,0.0,2011,2015
BHS,Bahamas,2011,21.125,-73.5250015258789,0.0,0.0,2011,2015
BHS,Bahamas,2011,21.125,-73.47500610351562,0.0,0.0,2011,2015
BHS,Bahamas,2011,21.125,-73.42500305175781,0.0,0.0,2011,2015
BHS,Bahamas,2011,21.125,-73.37500762939453,0.0,0.0,2011,2015
BHS,Bahamas,2011,21.125,-73.32500457763672,0.0,0.0,2011,2015
BHS,Bahamas,2011,21.125,-73.2750015258789,0.0,0.0,2011,2015
BHS,Bahamas,2011,21.125,-73.22500610351562,0.0,0.0,2011,2015
BHS,Bahamas,2011,21.125,-73.17500305175781,0.0,0.0,2011,2015
BHS,Bahamas,2011,21.125,-73.12500762939453,0.0,0.0,2011,2015
BHS,Bahamas,2011,21.125,-73.07500457763672,0.0,0.0,2011,2015
BHS,Bahamas,2011,21.17499542236328,-73.47500610351562,0.0,0.0,2011,2015
BHS,Bahamas,2011,21.17499542236328,-73.42500305175781,0.0,0.0,2011,2015
BHS,Bahamas,2011,21.17499542236328,-73.37500762939453,0.0,0.0,2011,2015
BHS,Bahamas,2011,21.17499542236328,-73.12500762939453,0.0,0.0,2011,2015
BHS,Bahamas,2011,21.17499542236328,-73.07500457763672,0.027753999456763268,9.073556174936928e-08,2011,2015
BHS,Bahamas,2011,21.224998474121094,-73.07500457763672,0.0,0.0,2011,2015
BHS,Bahamas,2011,21.224998474121094,-73.0250015258789,0.0,0.0,2011,2015
BHS,Bahamas,2011,21.274993896484375,-73.07500457763672,0.0,0.0,2011,2015
BHS,Bahamas,2011,21.274993896484375,-73.0250015258789,0.0,0.0,2011,2015
BHS,Bahamas,2011,21.324996948242188,-73.0250015258789,0.0,0.0,2011,2015
BHS,Bahamas,2011,21.474998474121094,-73.0250015258789,0.7568639814891699,2.474399361262113e-06,2011,2015
BHS,Bahamas,2011,21.474998474121094,-72.97500610351562,0.0,0.0,2011,2015
BHS,Bahamas,2011,21.524993896484375,-73.0250015258789,0.0,0.0,2011,2015
BHS,Bahamas,2011,21.524993896484375,-72.97500610351562,0.0,0.0,2011,2015
BHS,Bahamas,2011,22.17499542236328,-74.2750015258789,2.7267739921808243,8.914584376552102e-06,2011,2015
BHS,Bahamas,2011,22.224998474121094,-74.22500610351562,117.02899311855474,0.0003826004049656889,2011,2015
BHS,Bahamas,2011,22.274993896484375,-74.17500305175781,0.19867900013923645,6.495370410855738e-07,2011,2015
BHS,Bahamas,2011,22.324996948242188,-74.12500762939453,1.5368570312857628,5.024414094963897e-06,2011,2015
BHS,Bahamas,2011,22.324996948242188,-74.07500457763672,3.413741998374462,1.116047430830514e-05,2011,2015
BHS,Bahamas,2011,22.324996948242188,-72.82500457763672,0.0,0.0,2011,2015
BHS,Bahamas,2011,22.324996948242188,-72.7750015258789,0.0,0.0,2011,2015
BHS,Bahamas,2011,22.375,-74.07500457763672,0.0,0.0,2011,2015
BHS,Bahamas,2011,22.375,-74.0250015258789,4.757766991853714,1.555446671212118e-05,2011,2015
BHS,Bahamas,2011,22.375,-73.97500610351562,0.0,0.0,2011,2015
BHS,Bahamas,2011,22.375,-73.12500762939453,0.12881700694561005,4.21138708541484e-07,2011,2015
BHS,Bahamas,2011,22.375,-73.07500457763672,0.0,0.0,2011,2015
BHS,Bahamas,2011,22.375,-73.0250015258789,50.5905552731039,0.00016539462930626348,2011,2015
BHS,Bahamas,2011,22.375,-72.97500610351562,126.71773886680603,0.00041427561593785625,2011,2015
BHS,Bahamas,2011,22.375,-72.92500305175781,1.4115130491554737,4.614629672786746e-06,2011,2015
BHS,Bahamas,2011,22.375,-72.87500762939453,0.0,0.0,2011,2015
BHS,Bahamas,2011,22.375,-72.82500457763672,0.0,0.0,2011,2015
BHS,Bahamas,2011,22.42499542236328,-73.97500610351562,47.35080189258326,0.00015480297229593216,2011,2015
BHS,Bahamas,2011,22.42499542236328,-73.12500762939453,58.648998923612254,0.00019173992820970974,2011,2015
BHS,Bahamas,2011,22.42499542236328,-73.07500457763672,43.643376871949165,0.00014268236631210062,2011,2015
BHS,Bahamas,2011,22.42499542236328,-73.0250015258789,0.1513269990682602,4.947301483411566e-07,2011,2015
BHS,Bahamas,2011,22.474998474121094,-73.87500762939453,0.8563529849052429,2.7996566499244325e-06,2011,2015
BHS,Bahamas,2011,22.574996948242188,-74.37500762939453,1.5460069626569748,5.0543277715217e-06,2011,2015
BHS,Bahamas,2011,22.574996948242188,-73.87500762939453,66.4300123155117,0.00021717823025310464,2011,2015
BHS,Bahamas,2011,22.574996948242188,-73.62500762939453,0.0,0.0,2011,2015
BHS,Bahamas,2011,22.625,-74.32500457763672,11.966922760009766,3.9123206755565384e-05,2011,2015
BHS,Bahamas,2011,22.625,-74.0250015258789,0.0,0.0,2011,2015
BHS,Bahamas,2011,22.625,-73.97500610351562,0.0,0.0,2011,2015
BHS,Bahamas,2011,22.625,-73.92500305175781,0.20033299922943115,6.549444252290938e-07,2011,2015
BHS,Bahamas,2011,22.625,-73.87500762939453,50.189397007227825,0.0001640831310963794,2011,2015
BHS,Bahamas,2011,22.67499542236328,-74.07500457763672,0.08314599841833115,2.7182744906557976e-07,2011,2015
BHS,Bahamas,2011,22.67499542236328,-73.92500305175781,18.17451437562704,5.941755435873406e-05,2011,2015
BHS,Bahamas,2011,22.724998474121094,-74.2750015258789,0.48702299595154563,1.5922139506908337e-06,2011,2015
BHS,Bahamas,2011,22.724998474121094,-74.22500610351562,0.37711699679493904,1.2329005988030835e-06,2011,2015
BHS,Bahamas,2011,22.724998474121094,-74.17500305175781,39.49752097577318,0.00012912840756617314,2011,2015
BHS,Bahamas,2011,22.724998474121094,-74.12500762939453,11.967238143098877,3.9124237830809205e-05,2011,2015
BHS,Bahamas,2011,22.724998474121094,-74.07500457763672,9.147311940789223,2.990511290948257e-05,2011,2015
BHS,Bahamas,2011,22.774993896484375,-74.2750015258789,1.0095068010695929e-11,3.300359172650235e-17,2011,2015
BHS,Bahamas,2011,22.774993896484375,-74.22500610351562,88.37551623585276,0.00028892420074601294,2011,2015
BHS,Bahamas,2011,22.824996948242188,-74.32500457763672,97.82287999988141,0.00031981026671698006,2011,2015
BHS,Bahamas,2011,22.824996948242188,-74.2750015258789,17.949625074879265,5.8682328537801075e-05,2011,2015
BHS,Bahamas,2011,22.92499542236328,-74.87500762939453,87.43238287419514,0.00028584083485102223,2011,2015
BHS,Bahamas,2011,22.974998474121094,-74.87500762939453,81.02799335122108,0.00026490310002350286,2011,2015
BHS,Bahamas,2011,23.024993896484375,-74.92500305175781,37.04576912522316,0.00012111294724391315,2011,2015
BHS,Bahamas,2011,23.024993896484375,-74.87500762939453,107.0881491303508,0.00035010101456475973,2011,2015
BHS,Bahamas,2011,23.074996948242188,-74.97500610351562,98.62775817520955,0.0003224416378637576,2011,2015
BHS,Bahamas,2011,23.074996948242188,-74.92500305175781,31.107130989494653,0.00010169788354792234,2011,2015
BHS,Bahamas,2011,23.074996948242188,-73.7750015258789,0.0,0.0,2011,2015
BHS,Bahamas,2011,23.125,-75.12500762939453,0.0,0.0,2011,2015
BHS,Bahamas,2011,23.17499542236328,-75.22500610351562,0.0,0.0,2011,2015
BHS,Bahamas,2011,23.17499542236328,-75.17500305175781,0.0,0.0,2011,2015
BHS,Bahamas,2011,23.224998474121094,-75.12500762939453,75.71455562114716,0.0002475319907529409,2011,2015
BHS,Bahamas,2011,23.42499542236328,-75.57500457763672,62.19437590248877,0.000203330753967734,2011,2015
BHS,Bahamas,2011,23.42499542236328,-75.17500305175781,123.24543659389366,0.00040292369176609364,2011,2015
BHS,Bahamas,2011,23.474998474121094,-75.7750015258789,776.3103403449288,0.0025379749298033573,2011,2015
BHS,Bahamas,2011,23.474998474121094,-75.72500610351562,362.0963339880109,0.0011837938644833075,2011,2015
BHS,Bahamas,2011,23.474998474121094,-75.22500610351562,209.9042613506317,0.0006862355494712239,2011,2015
BHS,Bahamas,2011,23.524993896484375,-75.82500457763672,489.13141281176166,0.001599106953211482,2011,2015
BHS,Bahamas,2011,23.524993896484375,-75.22500610351562,81.88971680403569,0.00026772031423025335,2011,2015
BHS,Bahamas,2011,23.574996948242188,-75.92500305175781,186.56682202219963,0.0006099389540722104,2011,2015
BHS,Bahamas,2011,23.574996948242188,-75.87500762939453,701.0437020659447,0.0022919073057166245,2011,2015
BHS,Bahamas,2011,23.625,-75.97500610351562,152.78901632130146,0.0004995098903364906,2011,2015
BHS,Bahamas,2011,23.625,-75.92500305175781,1215.966047145429,0.003975332006753871,2011,2015
BHS,Bahamas,2011,23.67499542236328,-76.0250015258789,152.09811109304823,0.0004972511285281683,2011,2015
BHS,Bahamas,2011,23.67499542236328,-75.32500457763672,73.72541415692625,0.0002410289327545354,2011,2015
BHS,Bahamas,2011,23.67499542236328,-74.92500305175781,0.22926799952983856,7.495410079870376e-07,2011,2015
BHS,Bahamas,2011,23.67499542236328,-74.87500762939453,6.002876125277719,1.9625075592707826e-05,2011,2015
BHS,Bahamas,2011,23.67499542236328,-74.82500457763672,35.023906901509676,0.00011450291596052036,2011,2015
BHS,Bahamas,2011,23.774993896484375,-77.72500610351562,0.0,0.0,2011,2015
BHS,Bahamas,2011,23.774993896484375,-77.62500762939453,0.0,0.0,2011,2015
BHS,Bahamas,2011,23.774993896484375,-77.57500457763672,0.0,0.0,2011,2015
BHS,Bahamas,2011,23.824996948242188,-77.72500610351562,0.0,0.0,2011,2015
BHS,Bahamas,2011,23.824996948242188,-77.67500305175781,0.14824700355529785,4.846607843386984e-07,2011,2015
BHS,Bahamas,2011,23.824996948242188,-77.57500457763672,0.0,0.0,2011,2015
BHS,Bahamas,2011,23.875,-77.7750015258789,0.0,0.0,2011,2015
BHS,Bahamas,2011,23.875,-77.72500610351562,0.03000600077211857,9.809798188371455e-08,2011,2015
BHS,Bahamas,2011,23.875,-77.67500305175781,0.0,0.0,2011,2015
BHS,Bahamas,2011,23.875,-77.62500762939453,0.0,0.0,2011,2015
BHS,Bahamas,2011,23.875,-77.57500457763672,0.0,0.0,2011,2015
BHS,Bahamas,2011,23.875,-77.5250015258789,49.993198946133255,0.00016344170493669074,2011,2015
BHS,Bahamas,2011,23.92499542236328,-77.7750015258789,0.0,0.0,2011,2015
BHS,Bahamas,2011,23.92499542236328,-77.72500610351562,0.0,0.0,2011,2015
BHS,Bahamas,2011,23.92499542236328,-77.67500305175781,0.0,0.0,2011,2015
BHS,Bahamas,2011,23.92499542236328,-77.62500762939453,0.0,0.0,2011,2015
BHS,Bahamas,2011,23.92499542236328,-77.5250015258789,58.46482092142105,0.00019113779897364307,2011,2015
BHS,Bahamas,2011,23.974998474121094,-77.82500457763672,0.0,0.0,2011,2015
BHS,Bahamas,2011,23.974998474121094,-77.7750015258789,0.0,0.0,2011,2015
BHS,Bahamas,2011,23.974998474121094,-77.72500610351562,0.0,0.0,2011,2015
BHS,Bahamas,2011,23.974998474121094,-77.67500305175781,0.0,0.0,2011,2015
BHS,Bahamas,2011,23.974998474121094,-77.62500762939453,0.05787000060081482,1.891931655158877e-07,2011,2015
BHS,Bahamas,2011,23.974998474121094,-77.57500457763672,13.555343724820041,4.431619772470709e-05,2011,2015
BHS,Bahamas,2011,23.974998474121094,-76.32500457763672,46.757614463567734,0.0001528636772160199,2011,2015
BHS,Bahamas,2011,23.974998474121094,-74.5250015258789,89.97949697078893,0.00029416806094159767,2011,2015
BHS,Bahamas,2011,24.024993896484375,-77.82500457763672,0.0,0.0,2011,2015
BHS,Bahamas,2011,24.024993896484375,-77.7750015258789,4.544108145321246e-11,1.4855956376951395e-16,2011,2015
BHS,Bahamas,2011,24.024993896484375,-77.72500610351562,2.490483969449997,8.142086417054296e-06,2011,2015
BHS,Bahamas,2011,24.024993896484375,-77.67500305175781,0.0,0.0,2011,2015
BHS,Bahamas,2011,24.024993896484375,-77.62500762939453,0.23562000319361687,7.703074788362156e-07,2011,2015
BHS,Bahamas,2011,24.024993896484375,-77.57500457763672,1.795287936925888,5.869296773339133e-06,2011,2015
BHS,Bahamas,2011,24.024993896484375,-74.5250015258789,104.33438239246607,0.00034109818337720596,2011,2015
BHS,Bahamas,2011,24.024993896484375,-74.47500610351562,4.745942898094654,1.5515810453188955e-05,2011,2015
BHS,Bahamas,2011,24.074996948242188,-77.87500762939453,0.0,0.0,2011,2015
BHS,Bahamas,2011,24.074996948242188,-77.82500457763672,0.0,0.0,2011,2015
BHS,Bahamas,2011,24.074996948242188,-77.7750015258789,0.0,0.0,2011,2015
BHS,Bahamas,2011,24.074996948242188,-77.72500610351562,0.817501999440207,2.672641947190208e-06,2011,2015
BHS,Bahamas,2011,24.074996948242188,-77.67500305175781,0.19553300738334656,6.392519136966434e-07,2011,2015
BHS,Bahamas,2011,24.074996948242188,-77.62500762939453,0.4706220030784607,1.5385945325631836e-06,2011,2015
BHS,Bahamas,2011,24.074996948242188,-77.57500457763672,27.09783614433855,8.859038094957377e-05,2011,2015
BHS,Bahamas,2011,24.074996948242188,-76.37500762939453,172.8204801082611,0.0005649983300189744,2011,2015
BHS,Bahamas,2011,24.074996948242188,-74.5250015258789,483.0294202566147,0.001579157838376906,2011,2015
BHS,Bahamas,2011,24.074996948242188,-74.47500610351562,9.784929923713207,3.198966385689599e-05,2011,2015
BHS,Bahamas,2011,24.125,-77.87500762939453,0.0,0.0,2011,2015
BHS,Bahamas,2011,24.125,-77.82500457763672,0.0,0.0,2011,2015
BHS,Bahamas,2011,24.125,-77.7750015258789,0.0,0.0,2011,2015
BHS,Bahamas,2011,24.125,-77.62500762939453,3.6844210475683212,1.2045399582612047e-05,2011,2015
BHS,Bahamas,2011,24.125,-77.57500457763672,262.0222769677639,0.0008566238724821083,2011,2015
BHS,Bahamas,2011,24.125,-74.47500610351562,149.2220915332456,0.00048784861878295487,2011,2015
BHS,Bahamas,2011,24.17499542236328,-77.92500305175781,0.0,0.0,2011,2015
BHS,Bahamas,2011,24.17499542236328,-77.82500457763672,0.0,0.0,2011,2015
BHS,Bahamas,2011,24.17499542236328,-77.7750015258789,0.0,0.0,2011,2015
BHS,Bahamas,2011,24.17499542236328,-77.62500762939453,16.175217265274405,5.288129472183583e-05,2011,2015
BHS,Bahamas,2011,24.17499542236328,-75.47500610351562,30.16226901113987,9.86088663230283e-05,2011,2015
BHS,Bahamas,2011,24.17499542236328,-75.42500305175781,12.55302894115448,4.103935126200998e-05,2011,2015
BHS,Bahamas,2011,24.17499542236328,-75.37500762939453,59.12850558757782,0.00019330756917566353,2011,2015
BHS,Bahamas,2011,24.17499542236328,-75.32500457763672,88.5645659044385,0.0002895422568176931,2011,2015
BHS,Bahamas,2011,24.224998474121094,-77.87500762939453,0.0,0.0,2011,2015
BHS,Bahamas,2011,24.224998474121094,-77.7750015258789,0.0,0.0,2011,2015
BHS,Bahamas,2011,24.224998474121094,-77.72500610351562,0.0,0.0,2011,2015
BHS,Bahamas,2011,24.224998474121094,-77.67500305175781,20.25312273950014,6.621310459453991e-05,2011,2015
BHS,Bahamas,2011,24.224998474121094,-76.47500610351562,107.3267525434556,0.00035088107564233917,2011,2015
BHS,Bahamas,2011,24.224998474121094,-75.37500762939453,312.0322169959545,0.0010201203086832834,2011,2015
BHS,Bahamas,2011,24.224998474121094,-75.32500457763672,3.9079729318618774,1.2776253016298443e-05,2011,2015
BHS,Bahamas,2011,24.274993896484375,-78.0250015258789,0.0,0.0,2011,2015
BHS,Bahamas,2011,24.274993896484375,-77.67500305175781,342.706509873271,0.0011204031237717499,2011,2015
BHS,Bahamas,2011,24.274993896484375,-76.5250015258789,34.31749054791963,0.00011219344395913232,2011,2015
BHS,Bahamas,2011,24.274993896484375,-75.37500762939453,5.21016600728035,1.7033485217671897e-05,2011,2015
BHS,Bahamas,2011,24.324996948242188,-78.0250015258789,0.0,0.0,2011,2015
BHS,Bahamas,2011,24.324996948242188,-77.87500762939453,0.0,0.0,2011,2015
BHS,Bahamas,2011,24.324996948242188,-77.7750015258789,0.0,0.0,2011,2015
BHS,Bahamas,2011,24.324996948242188,-75.47500610351562,112.83382150903344,0.00036888521940412974,2011,2015
BHS,Bahamas,2011,24.324996948242188,-75.42500305175781,58.886520102628126,0.00019251645116233687,2011,2015
BHS,Bahamas,2011,24.375,-78.07500457763672,0.0,0.0,2011,2015
BHS,Bahamas,2011,24.375,-78.0250015258789,0.0,0.0,2011,2015
BHS,Bahamas,2011,24.375,-77.97500610351562,0.0,0.0,2011,2015
BHS,Bahamas,2011,24.375,-77.92500305175781,0.0,0.0,2011,2015
BHS,Bahamas,2011,24.375,-77.87500762939453,0.0,0.0,2011,2015
BHS,Bahamas,2011,24.42499542236328,-78.12500762939453,0.0,0.0,2011,2015
BHS,Bahamas,2011,24.42499542236328,-78.07500457763672,0.0,0.0,2011,2015
BHS,Bahamas,2011,24.42499542236328,-78.0250015258789,0.0,0.0,2011,2015
BHS,Bahamas,2011,24.42499542236328,-77.97500610351562,0.0,0.0,2011,2015
BHS,Bahamas,2011,24.42499542236328,-77.92500305175781,0.10438299924135208,3.412571254100841e-07,2011,2015
BHS,Bahamas,2011,24.42499542236328,-77.87500762939453,0.0,0.0,2011,2015
BHS,Bahamas,2011,24.42499542236328,-75.5250015258789,69.5924364775488,0.0002275170764896347,2011,2015
BHS,Bahamas,2011,24.474998474121094,-78.22500610351562,0.0,0.0,2011,2015
BHS,Bahamas,2011,24.474998474121094,-78.17500305175781,0.7809790372848511,2.5532382016839143e-06,2011,2015
BHS,Bahamas,2011,24.474998474121094,-78.12500762939453,2.6636810302734375,8.708315894417963e-06,2011,2015
BHS,Bahamas,2011,24.474998474121094,-78.07500457763672,0.0,0.0,2011,2015
BHS,Bahamas,2011,24.474998474121094,-78.0250015258789,0.0,0.0,2011,2015
BHS,Bahamas,2011,24.474998474121094,-77.97500610351562,0.20494499804005972,6.700223351181433e-07,2011,2015
BHS,Bahamas,2011,24.474998474121094,-77.92500305175781,0.0778760015964508,2.5459836023477424e-07,2011,2015
BHS,Bahamas,2011,24.474998474121094,-77.87500762939453,0.0,0.0,2011,2015
BHS,Bahamas,2011,24.474998474121094,-77.82500457763672,0.0,0.0,2011,2015
BHS,Bahamas,2011,24.474998474121094,-77.7750015258789,1.9929519891738892,6.515515666811385e-06,2011,2015
BHS,Bahamas,2011,24.524993896484375,-78.32500457763672,0.0,0.0,2011,2015
BHS,Bahamas,2011,24.524993896484375,-78.2750015258789,0.0,0.0,2011,2015
BHS,Bahamas,2011,24.524993896484375,-78.22500610351562,0.0,0.0,2011,2015
BHS,Bahamas,2011,24.524993896484375,-78.17500305175781,0.0,0.0,2011,2015
BHS,Bahamas,2011,24.524993896484375,-78.12500762939453,0.0,0.0,2011,2015
BHS,Bahamas,2011,24.524993896484375,-78.07500457763672,0.0,0.0,2011,2015
BHS,Bahamas,2011,24.524993896484375,-78.0250015258789,0.0,0.0,2011,2015
BHS,Bahamas,2011,24.524993896484375,-77.97500610351562,0.0,0.0,2011,2015
BHS,Bahamas,2011,24.524993896484375,-77.92500305175781,0.3476780056959406,1.1366563296171742e-06,2011,2015
BHS,Bahamas,2011,24.524993896484375,-77.87500762939453,0.0,0.0,2011,2015
BHS,Bahamas,2011,24.524993896484375,-77.82500457763672,0.0,0.0,2011,2015
BHS,Bahamas,2011,24.524993896484375,-77.7750015258789,2.5405130535897817,8.30564544069345e-06,2011,2015
BHS,Bahamas,2011,24.524993896484375,-77.72500610351562,105.02196593778483,0.0003433460856779649,2011,2015
BHS,Bahamas,2011,24.524993896484375,-76.7750015258789,0.475818008184433,1.555581721846568e-06,2011,2015
BHS,Bahamas,2011,24.524993896484375,-75.57500457763672,54.715574949990284,0.0001788804686424129,2011,2015
BHS,Bahamas,2011,24.574996948242188,-78.37500762939453,0.2315439973026514,7.569818792307733e-07,2011,2015
BHS,Bahamas,2011,24.574996948242188,-78.32500457763672,0.0324070006608963,1.0594751989382402e-07,2011,2015
BHS,Bahamas,2011,24.574996948242188,-78.2750015258789,0.0,0.0,2011,2015
BHS,Bahamas,2011,24.574996948242188,-78.22500610351562,0.0,0.0,2011,2015
BHS,Bahamas,2011,24.574996948242188,-78.17500305175781,0.0,0.0,2011,2015
BHS,Bahamas,2011,24.574996948242188,-78.12500762939453,0.0,0.0,2011,2015
BHS,Bahamas,2011,24.574996948242188,-78.07500457763672,0.08419000358920857,2.7524059302691707e-07,2011,2015
BHS,Bahamas,2011,24.574996948242188,-78.0250015258789,0.08015099912881851,2.620359614136382e-07,2011,2015
BHS,Bahamas,2011,24.574996948242188,-77.97500610351562,0.07390999794006348,2.416323886016421e-07,2011,2015
BHS,Bahamas,2011,24.574996948242188,-77.92500305175781,0.0,0.0,2011,2015
BHS,Bahamas,2011,24.574996948242188,-77.87500762939453,0.0,0.0,2011,2015
BHS,Bahamas,2011,24.574996948242188,-77.82500457763672,0.0,0.0,2011,2015
BHS,Bahamas,2011,24.574996948242188,-77.7750015258789,55.98589515686035,0.00018303349955067872,2011,2015
BHS,Bahamas,2011,24.574996948242188,-75.62500762939453,98.76647156477856,0.0003228951306061031,2011,2015
BHS,Bahamas,2011,24.625,-78.42500305175781,0.0,0.0,2011,2015
BHS,Bahamas,2011,24.625,-78.37500762939453,0.0,0.0,2011,2015
BHS,Bahamas,2011,24.625,-78.32500457763672,0.0,0.0,2011,2015
BHS,Bahamas,2011,24.625,-78.17500305175781,0.0,0.0,2011,2015
BHS,Bahamas,2011,24.625,-78.12500762939453,0.0,0.0,2011,2015
BHS,Bahamas,2011,24.625,-78.07500457763672,0.06961199641227722,2.2758102336936744e-07,2011,2015
BHS,Bahamas,2011,24.625,-78.0250015258789,0.14351800084114075,4.6920035606954767e-07,2011,2015
BHS,Bahamas,2011,24.625,-77.97500610351562,0.0,0.0,2011,2015
BHS,Bahamas,2011,24.625,-77.92500305175781,0.13816100358963013,4.5168683857946954e-07,2011,2015
BHS,Bahamas,2011,24.625,-77.87500762939453,0.0,0.0,2011,2015
BHS,Bahamas,2011,24.625,-77.82500457763672,0.0,0.0,2011,2015
BHS,Bahamas,2011,24.625,-77.7750015258789,136.6808976829052,0.00044684795973231586,2011,2015
BHS,Bahamas,2011,24.625,-75.67500305175781,136.96615090966887,0.000447780532056227,2011,2015
BHS,Bahamas,2011,24.625,-75.62500762939453,7.873494081199169,2.5740647199366068e-05,2011,2015
BHS,Bahamas,2011,24.67499542236328,-78.32500457763672,0.0,0.0,2011,2015
BHS,Bahamas,2011,24.67499542236328,-78.22500610351562,0.0,0.0,2011,2015
BHS,Bahamas,2011,24.67499542236328,-78.17500305175781,0.0,0.0,2011,2015
BHS,Bahamas,2011,24.67499542236328,-78.12500762939453,0.0,0.0,2011,2015
BHS,Bahamas,2011,24.67499542236328,-78.07500457763672,0.15547499805688858,5.082911134537828e-07,2011,2015
BHS,Bahamas,2011,24.67499542236328,-78.0250015258789,1.9060719646513462,6.231480645403655e-06,2011,2015
BHS,Bahamas,2011,24.67499542236328,-77.97500610351562,0.12170200608670712,3.9787778714579367e-07,2011,2015
BHS,Bahamas,2011,24.67499542236328,-77.92500305175781,0.884335994725056,2.891140910396309e-06,2011,2015
BHS,Bahamas,2011,24.67499542236328,-77.87500762939453,6.504813954234123,2.1266050290591227e-05,2011,2015
BHS,Bahamas,2011,24.67499542236328,-77.82500457763672,3.795086044854268,1.2407194310985362e-05,2011,2015
BHS,Bahamas,2011,24.67499542236328,-77.7750015258789,88.74501677045507,0.0002901322010065182,2011,2015
BHS,Bahamas,2011,24.67499542236328,-76.17500305175781,45.68270182609558,0.00014934948812970556,2011,2015
BHS,Bahamas,2011,24.67499542236328,-75.72500610351562,38.66761332753741,0.00012641520809450493,2011,2015
BHS,Bahamas,2011,24.724998474121094,-78.2750015258789,0.0,0.0,2011,2015
BHS,Bahamas,2011,24.724998474121094,-78.22500610351562,0.0,0.0,2011,2015
BHS,Bahamas,2011,24.724998474121094,-78.17500305175781,0.0,0.0,2011,2015
BHS,Bahamas,2011,24.724998474121094,-78.12500762939453,0.0,0.0,2011,2015
BHS,Bahamas,2011,24.724998474121094,-78.07500457763672,1.9189879558980465,6.273706621632594e-06,2011,2015
BHS,Bahamas,2011,24.724998474121094,-78.0250015258789,0.07665599882602692,2.506098310542268e-07,2011,2015
BHS,Bahamas,2011,24.724998474121094,-77.97500610351562,0.01894400082528591,6.193322008745523e-08,2011,2015
BHS,Bahamas,2011,24.724998474121094,-77.92500305175781,0.41882701218306373,1.3692622674235707e-06,2011,2015
BHS,Bahamas,2011,24.724998474121094,-77.87500762939453,5.513357043266296,1.8024701240804528e-05,2011,2015
BHS,Bahamas,2011,24.724998474121094,-77.82500457763672,88.20907086136008,0.00028838004441356416,2011,2015
BHS,Bahamas,2011,24.724998474121094,-77.7750015258789,1027.9184441864536,0.0033605519669730787,2011,2015
BHS,Bahamas,2011,24.774993896484375,-78.2750015258789,0.0,0.0,2011,2015
BHS,Bahamas,2011,24.774993896484375,-78.22500610351562,0.0,0.0,2011,2015
BHS,Bahamas,2011,24.774993896484375,-78.17500305175781,0.018352000042796135,5.999780448586033e-08,2011,2015
BHS,Bahamas,2011,24.774993896484375,-78.12500762939453,0.17364100367003157,5.676808502958023e-07,2011,2015
BHS,Bahamas,2011,24.774993896484375,-78.07500457763672,2.730512082577465,8.926805236199285e-06,2011,2015
BHS,Bahamas,2011,24.774993896484375,-78.0250015258789,0.0,0.0,2011,2015
BHS,Bahamas,2011,24.774993896484375,-77.97500610351562,0.0531499981880188,1.7376216174107637e-07,2011,2015
BHS,Bahamas,2011,24.774993896484375,-77.92500305175781,0.0895349979563498,2.9271486974171283e-07,2011,2015
BHS,Bahamas,2011,24.774993896484375,-77.87500762939453,106.90509486198425,0.00034950255912785113,2011,2015
BHS,Bahamas,2011,24.774993896484375,-76.2750015258789,227.55652648210526,0.0007439457254531848,2011,2015
BHS,Bahamas,2011,24.774993896484375,-76.22500610351562,246.72617363930004,0.000806616646307491,2011,2015
BHS,Bahamas,2011,24.824996948242188,-78.22500610351562,0.0,0.0,2011,2015
BHS,Bahamas,2011,24.824996948242188,-78.17500305175781,0.0,0.0,2011,2015
BHS,Bahamas,2011,24.824996948242188,-78.12500762939453,0.031773000955581665,1.0387479810465357e-07,2011,2015
BHS,Bahamas,2011,24.824996948242188,-78.07500457763672,0.0,0.0,2011,2015
BHS,Bahamas,2011,24.824996948242188,-78.0250015258789,0.37204800359904766,1.2163286468633477e-06,2011,2015
BHS,Bahamas,2011,24.824996948242188,-77.97500610351562,0.39066198468208313,1.2771829404073286e-06,2011,2015
BHS,Bahamas,2011,24.824996948242188,-77.92500305175781,32.86031014844775,0.00010742951498658088,2011,2015
BHS,Bahamas,2011,24.824996948242188,-77.87500762939453,153.3966140858829,0.0005014962968208188,2011,2015
BHS,Bahamas,2011,24.824996948242188,-76.17500305175781,39.388286071853216,0.00012877128821170834,2011,2015
BHS,Bahamas,2011,24.875,-78.17500305175781,0.0,0.0,2011,2015
BHS,Bahamas,2011,24.875,-78.12500762939453,0.02217799983918667,7.250606446904883e-08,2011,2015
BHS,Bahamas,2011,24.875,-78.07500457763672,0.1885750070346994,6.165042707390819e-07,2011,2015
BHS,Bahamas,2011,24.875,-78.0250015258789,0.19192500412464142,6.274563451703066e-07,2011,2015
BHS,Bahamas,2011,24.875,-77.97500610351562,0.054287999868392944,1.7748260649720366e-07,2011,2015
BHS,Bahamas,2011,24.875,-77.92500305175781,149.90067663788875,0.000490067102672474,2011,2015
BHS,Bahamas,2011,24.875,-76.17500305175781,538.7639731019735,0.0017613696298396746,2011,2015
BHS,Bahamas,2011,24.92499542236328,-78.17500305175781,0.0,0.0,2011,2015
BHS,Bahamas,2011,24.92499542236328,-78.12500762939453,0.12342600151896477,4.0351400884576655e-07,2011,2015
BHS,Bahamas,2011,24.92499542236328,-78.07500457763672,0.4993089810013771,1.6323802610230606e-06,2011,2015
BHS,Bahamas,2011,24.92499542236328,-78.0250015258789,12.859837125986814,4.204239275314478e-05,2011,2015
BHS,Bahamas,2011,24.92499542236328,-77.97500610351562,77.54682842642069,0.0002535222013719036,2011,2015
BHS,Bahamas,2011,24.92499542236328,-77.92500305175781,108.54245620966023,0.0003548555498526485,2011,2015
BHS,Bahamas,2011,24.92499542236328,-76.17500305175781,94.85781192035864,0.0003101166325350041,2011,2015
BHS,Bahamas,2011,24.974998474121094,-78.17500305175781,0.0,0.0,2011,2015
BHS,Bahamas,2011,24.974998474121094,-78.12500762939453,0.2583870068192482,8.447391608912566e-07,2011,2015
BHS,Bahamas,2011,24.974998474121094,-78.07500457763672,4.319060798749033,1.4120213860156803e-05,2011,2015
BHS,Bahamas,2011,24.974998474121094,-78.0250015258789,93.7624505721839,0.000306535590912516,2011,2015
BHS,Bahamas,2011,24.974998474121094,-77.97500610351562,0.9919559955596924,3.2429806964570793e-06,2011,2015
BHS,Bahamas,2011,24.974998474121094,-76.17500305175781,404.0577600598335,0.001320977464719476,2011,2015
BHS,Bahamas,2011,25.024993896484375,-78.12500762939453,0.0,0.0,2011,2015
BHS,Bahamas,2011,25.024993896484375,-78.07500457763672,5.701124079552455,1.8638564029912826e-05,2011,2015
BHS,Bahamas,2011,25.024993896484375,-78.0250015258789,167.1332987099901,0.0005464053485012446,2011,2015
BHS,Bahamas,2011,25.024993896484375,-77.5250015258789,4517.950136184692,0.014770438552504225,2011,2015
BHS,Bahamas,2011,25.024993896484375,-77.47500610351562,2313.268972337246,0.007562721185802195,2011,2015
BHS,Bahamas,2011,25.024993896484375,-77.42500305175781,6454.781180530887,0.021102479204740537,2011,2015
BHS,Bahamas,2011,25.024993896484375,-77.37500762939453,61432.58322143555,0.200840241313527,2011,2015
BHS,Bahamas,2011,25.024993896484375,-77.32500457763672,72592.57071125507,0.2373253517057141,2011,2015
BHS,Bahamas,2011,25.024993896484375,-76.12500762939453,43.667708670826094,0.00014276191374608074,2011,2015
BHS,Bahamas,2011,25.074996948242188,-78.12500762939453,0.0,0.0,2011,2015
BHS,Bahamas,2011,25.074996948242188,-78.07500457763672,7.903860062583374,2.5839922058229527e-05,2011,2015
BHS,Bahamas,2011,25.074996948242188,-78.0250015258789,438.62051690369844,0.0014339727525777355,2011,2015
BHS,Bahamas,2011,25.074996948242188,-77.97500610351562,258.28794801235716,0.000844415310034969,2011,2015
BHS,Bahamas,2011,25.074996948242188,-77.42500305175781,5118.235666900873,0.01673293930575253,2011,2015
BHS,Bahamas,2011,25.074996948242188,-77.37500762939453,25638.595013141632,0.0838197148705027,2011,2015
BHS,Bahamas,2011,25.074996948242188,-77.32500457763672,50643.8415389061,0.1655688369648253,2011,2015
BHS,Bahamas,2011,25.074996948242188,-76.12500762939453,224.04746390879154,0.0007324736216110224,2011,2015
BHS,Bahamas,2011,25.125,-78.17500305175781,78.1611753553196,0.0002555306727559822,2011,2015
BHS,Bahamas,2011,25.125,-78.12500762939453,0.9390070140361786,3.0698757142336166e-06,2011,2015
BHS,Bahamas,2011,25.125,-78.07500457763672,363.1687555015087,0.0011872999093908503,2011,2015
BHS,Bahamas,2011,25.125,-78.0250015258789,1278.110508680453,0.004178499576738758,2011,2015
BHS,Bahamas,2011,25.125,-76.12500762939453,67.5219259336666,0.00022074800028496673,2011,2015
BHS,Bahamas,2011,25.17499542236328,-78.17500305175781,0.0,0.0,2011,2015
BHS,Bahamas,2011,25.17499542236328,-78.12500762939453,0.0,0.0,2011,2015
BHS,Bahamas,2011,25.17499542236328,-76.22500610351562,564.683667719373,0.0018461083376841304,2011,2015
BHS,Bahamas,2011,25.17499542236328,-76.17500305175781,951.4172287583351,0.0031104481659986094,2011,2015
BHS,Bahamas,2011,25.224998474121094,-76.2750015258789,344.49410931766033,0.0011262472847195155,2011,2015
BHS,Bahamas,2011,25.324996948242188,-76.37500762939453,258.5264679044485,0.0008451950980590706,2011,2015
BHS,Bahamas,2011,25.375,-76.5250015258789,288.48998120985925,0.0009431541765690553,2011,2015
BHS,Bahamas,2011,25.42499542236328,-76.7750015258789,120.56067657470956,0.0003941464627803248,2011,2015
BHS,Bahamas,2011,25.42499542236328,-76.57500457763672,162.974528580904,0.0005328091695275807,2011,2015
BHS,Bahamas,2011,25.474998474121094,-76.72500610351562,907.9773148010207,0.0029684309766777857,2011,2015
BHS,Bahamas,2011,25.474998474121094,-76.67500305175781,270.7924664542079,0.0008852960669505345,2011,2015
BHS,Bahamas,2011,25.524993896484375,-76.82500457763672,80.51631665229797,0.00026323028624460304,2011,2015
BHS,Bahamas,2011,25.524993896484375,-76.72500610351562,194.6552423388015,0.0006363822550542978,2011,2015
BHS,Bahamas,2011,25.774993896484375,-77.87500762939453,319.60924231633544,0.0010448917168511401,2011,2015
BHS,Bahamas,2011,25.92499542236328,-77.2750015258789,0.0,0.0,2011,2015
BHS,Bahamas,2011,25.92499542236328,-77.22500610351562,0.0,0.0,2011,2015
BHS,Bahamas,2011,25.974998474121094,-77.2750015258789,0.0,0.0,2011,2015
BHS,Bahamas,2011,25.974998474121094,-77.22500610351562,0.0,0.0,2011,2015
BHS,Bahamas,2011,26.024993896484375,-77.37500762939453,181.2252214550972,0.0005924757726358974,2011,2015
BHS,Bahamas,2011,26.024993896484375,-77.32500457763672,0.8967850208318138,2.931840247397772e-06,2011,2015
BHS,Bahamas,2011,26.024993896484375,-77.2750015258789,0.25097400695085526,8.205039976545317e-07,2011,2015
BHS,Bahamas,2011,26.024993896484375,-77.22500610351562,0.0,0.0,2011,2015
BHS,Bahamas,2011,26.074996948242188,-77.2750015258789,0.0,0.0,2011,2015
BHS,Bahamas,2011,26.074996948242188,-77.22500610351562,0.723857007920742,2.366490362667387e-06,2011,2015
BHS,Bahamas,2011,26.125,-77.22500610351562,16.034234330058098,5.2420382202043685e-05,2011,2015
BHS,Bahamas,2011,26.17499542236328,-77.22500610351562,0.17425699532032013,5.696946987326349e-07,2011,2015
BHS,Bahamas,2011,26.224998474121094,-77.22500610351562,0.0,0.0,2011,2015
BHS,Bahamas,2011,26.224998474121094,-77.17500305175781,55.42930483073105,0.00018121385060299164,2011,2015
BHS,Bahamas,2011,26.274993896484375,-77.22500610351562,0.0,0.0,2011,2015
BHS,Bahamas,2011,26.274993896484375,-77.17500305175781,1.9993849992752075,6.536546970288631e-06,2011,2015
BHS,Bahamas,2011,26.324996948242188,-77.57500457763672,177.44367699325085,0.0005801128495350168,2011,2015
BHS,Bahamas,2011,26.324996948242188,-77.22500610351562,0.0,0.0,2011,2015
BHS,Bahamas,2011,26.324996948242188,-77.17500305175781,0.0,0.0,2011,2015
BHS,Bahamas,2011,26.324996948242188,-77.12500762939453,6.425300007686019,2.100609703166755e-05,2011,2015
BHS,Bahamas,2011,26.324996948242188,-77.07500457763672,15.48613003268838,5.0628476448187886e-05,2011,2015
BHS,Bahamas,2011,26.324996948242188,-77.0250015258789,95.83701726794384,0.00031331792780848507,2011,2015
BHS,Bahamas,2011,26.375,-77.22500610351562,0.0,0.0,2011,2015
BHS,Bahamas,2011,26.375,-77.17500305175781,0.4427120089530945,1.4473489807524667e-06,2011,2015
BHS,Bahamas,2011,26.375,-77.12500762939453,3.487408012188722,1.1401309044779305e-05,2011,2015
BHS,Bahamas,2011,26.375,-77.07500457763672,55.218885164724924,0.00018052593005201217,2011,2015
BHS,Bahamas,2011,26.375,-77.0250015258789,51.00619404391885,0.00016675346832380628,2011,2015
BHS,Bahamas,2011,26.42499542236328,-77.22500610351562,0.0,0.0,2011,2015
BHS,Bahamas,2011,26.42499542236328,-77.17500305175781,0.0,0.0,2011,2015
BHS,Bahamas,2011,26.42499542236328,-77.12500762939453,17.803079847253226,5.820323133341249e-05,2011,2015
BHS,Bahamas,2011,26.42499542236328,-77.07500457763672,7.571442782878876,2.4753157296409413e-05,2011,2015
BHS,Bahamas,2011,26.474998474121094,-77.17500305175781,0.09651400148868561,3.1553117796222085e-07,2011,2015
BHS,Bahamas,2011,26.474998474121094,-77.12500762939453,3.4529679864869385,1.128871499924067e-05,2011,2015
BHS,Bahamas,2011,26.474998474121094,-77.07500457763672,259.21025463007777,0.0008474305874977509,2011,2015
BHS,Bahamas,2011,26.524993896484375,-78.7750015258789,3647.354322910311,0.01192421812588927,2011,2015
BHS,Bahamas,2011,26.524993896484375,-78.72500610351562,10123.186760425568,0.03309551975858232,2011,2015
BHS,Bahamas,2011,26.524993896484375,-78.67500305175781,19067.632915496826,0.06233740785769036,2011,2015
BHS,Bahamas,2011,26.524993896484375,-78.62500762939453,4458.059815444052,0.014574640397207092,2011,2015
BHS,Bahamas,2011,26.524993896484375,-77.12500762939453,216.10672202706337,0.0007065131226037426,2011,2015
BHS,Bahamas,2011,26.524993896484375,-77.07500457763672,6652.849925264716,0.021750021150773,2011,2015
BHS,Bahamas,2011,26.574996948242188,-78.82500457763672,1770.3566680848598,0.0057877895049204195,2011,2015
BHS,Bahamas,2011,26.574996948242188,-78.7750015258789,0.0,0.0,2011,2015
BHS,Bahamas,2011,26.574996948242188,-78.67500305175781,763.2497289478779,0.002495276149984334,2011,2015
BHS,Bahamas,2011,26.574996948242188,-78.62500762939453,1514.081205159448,0.0049499535696945,2011,2015
BHS,Bahamas,2011,26.574996948242188,-78.57500457763672,2251.5748313964114,0.007361025839384392,2011,2015
BHS,Bahamas,2011,26.574996948242188,-78.5250015258789,87.84234043955803,0.0002871811004240815,2011,2015
BHS,Bahamas,2011,26.574996948242188,-77.87500762939453,0.0,0.0,2011,2015
BHS,Bahamas,2011,26.574996948242188,-77.17500305175781,13.046586856245995,4.265292968523659e-05,2011,2015
BHS,Bahamas,2011,26.625,-78.87500762939453,172.41021478176117,0.0005636570582889576,2011,2015
BHS,Bahamas,2011,26.625,-78.57500457763672,0.0,0.0,2011,2015
BHS,Bahamas,2011,26.625,-78.5250015258789,2.003649979844659,6.550490380802211e-06,2011,2015
BHS,Bahamas,2011,26.625,-78.47500610351562,4.985270008444786,1.629823749882258e-05,2011,2015
BHS,Bahamas,2011,26.625,-78.42500305175781,3.7941571176078908,1.240415738884174e-05,2011,2015
BHS,Bahamas,2011,26.625,-78.37500762939453,141.72111928836068,0.00046332584932169777,2011,2015
BHS,Bahamas,2011,26.625,-78.32500457763672,76.30705747754729,0.00024946904450484295,2011,2015
BHS,Bahamas,2011,26.625,-78.2750015258789,150.27487437427146,0.0004912904593951301,2011,2015
BHS,Bahamas,2011,26.625,-78.22500610351562,160.4605506658554,0.000524590274852498,2011,2015
BHS,Bahamas,2011,26.625,-77.32500457763672,0.0,0.0,2011,2015
BHS,Bahamas,2011,26.625,-77.2750015258789,100.54081586006785,0.00032869595677606365,2011,2015
BHS,Bahamas,2011,26.67499542236328,-78.57500457763672,0.0,0.0,2011,2015
BHS,Bahamas,2011,26.67499542236328,-78.5250015258789,2.5125410184310484,8.214197059448264e-06,2011,2015
BHS,Bahamas,2011,26.67499542236328,-78.47500610351562,0.07447700202465057,2.434860830289748e-07,2011,2015
BHS,Bahamas,2011,26.67499542236328,-78.42500305175781,0.14418499916791916,4.7138095955195426e-07,2011,2015
BHS,Bahamas,2011,26.67499542236328,-78.37500762939453,0.0,0.0,2011,2015
BHS,Bahamas,2011,26.67499542236328,-78.32500457763672,1.3101739883426604,4.2833240307178006e-06,2011,2015
BHS,Bahamas,2011,26.67499542236328,-78.2750015258789,0.0,0.0,2011,2015
BHS,Bahamas,2011,26.67499542236328,-78.22500610351562,0.47735000401735306,1.560590243328823e-06,2011,2015
BHS,Bahamas,2011,26.67499542236328,-78.17500305175781,3.9958320297360794,1.3063488901448175e-05,2011,2015
BHS,Bahamas,2011,26.67499542236328,-78.12500762939453,7.345985014014969,2.4016072994721827e-05,2011,2015
BHS,Bahamas,2011,26.67499542236328,-78.07500457763672,2.6841780161485076,8.775326255589176e-06,2011,2015
BHS,Bahamas,2011,26.67499542236328,-78.0250015258789,2.222065007332231,7.264549997487813e-06,2011,2015
BHS,Bahamas,2011,26.67499542236328,-77.97500610351562,42.135102793574646,0.00013775139785883236,2011,2015
BHS,Bahamas,2011,26.67499542236328,-77.92500305175781,7.581815123558044,2.4787067369789877e-05,2011,2015
BHS,Bahamas,2011,26.67499542236328,-77.32500457763672,898.6068734527182,0.0029377963915289936,2011,2015
BHS,Bahamas,2011,26.67499542236328,-77.2750015258789,1682.7777283415198,0.005501469534805637,2011,2015
BHS,Bahamas,2011,26.724998474121094,-78.62500762939453,0.0,0.0,2011,2015
BHS,Bahamas,2011,26.724998474121094,-78.57500457763672,0.0,0.0,2011,2015
BHS,Bahamas,2011,26.724998474121094,-78.5250015258789,0.0,0.0,2011,2015
BHS,Bahamas,2011,26.724998474121094,-78.0250015258789,0.0,0.0,2011,2015
BHS,Bahamas,2011,26.724998474121094,-77.97500610351562,0.0,0.0,2011,2015
BHS,Bahamas,2011,26.724998474121094,-77.92500305175781,0.0,0.0,2011,2015
BHS,Bahamas,2011,26.724998474121094,-77.42500305175781,43.13899058107583,0.00014103338690960517,2011,2015
BHS,Bahamas,2011,26.724998474121094,-77.37500762939453,249.59842051570791,0.0008160068220989023,2011,2015
BHS,Bahamas,2011,26.774993896484375,-78.57500457763672,0.0,0.0,2011,2015
BHS,Bahamas,2011,26.774993896484375,-77.42500305175781,31.01198375225067,0.00010138682070331566,2011,2015
BHS,Bahamas,2011,26.824996948242188,-77.47500610351562,8.942610964179039,2.923588834844932e-05,2011,2015
BHS,Bahamas,2011,26.875,-77.67500305175781,20.470592498779297,6.69240738659213e-05,2011,2015
BHS,Bahamas,2011,26.875,-77.62500762939453,47.070703107894225,0.00015388725128016764,2011,2015
BHS,Bahamas,2011,26.875,-77.57500457763672,11.449978291988373,3.743317117088428e-05,2011,2015
BHS,Bahamas,2011,26.875,-77.5250015258789,495.05609935155746,0.0016184764052508095,2011,2015
BHS,Bahamas,2011,26.92499542236328,-77.87500762939453,0.0,0.0,2011,2015
BHS,Bahamas,2011,26.92499542236328,-77.82500457763672,137.9878925904699,0.00045112089046167597,2011,2015
BHS,Bahamas,2011,26.92499542236328,-77.7750015258789,171.74573430791497,0.0005614846863697375,2011,2015
BHS,Bahamas,2012,20.974998474121094,-73.67500305175781,525.6390964984894,0.0017184607491443527,2012,2015
BHS,Bahamas,2012,20.974998474121094,-73.62500762939453,0.07109799981117249,2.3243918276258514e-07,2012,2015
BHS,Bahamas,2012,20.974998474121094,-73.57500457763672,0.0,0.0,2012,2015
BHS,Bahamas,2012,20.974998474121094,-73.5250015258789,0.0,0.0,2012,2015
BHS,Bahamas,2012,20.974998474121094,-73.47500610351562,0.0,0.0,2012,2015
BHS,Bahamas,2012,20.974998474121094,-73.42500305175781,0.0,0.0,2012,2015
BHS,Bahamas,2012,20.974998474121094,-73.37500762939453,0.0,0.0,2012,2015
BHS,Bahamas,2012,20.974998474121094,-73.32500457763672,0.0,0.0,2012,2015
BHS,Bahamas,2012,20.974998474121094,-73.2750015258789,0.0,0.0,2012,2015
BHS,Bahamas,2012,20.974998474121094,-73.22500610351562,0.0,0.0,2012,2015
BHS,Bahamas,2012,20.974998474121094,-73.17500305175781,0.0,0.0,2012,2015
BHS,Bahamas,2012,21.024993896484375,-73.67500305175781,0.8303360159117856,2.7145999250255633e-06,2012,2015
BHS,Bahamas,2012,21.024993896484375,-73.62500762939453,43.848684140481495,0.00014335357301045523,2012,2015
BHS,Bahamas,2012,21.024993896484375,-73.57500457763672,0.0,0.0,2012,2015
BHS,Bahamas,2012,21.024993896484375,-73.5250015258789,0.0,0.0,2012,2015
BHS,Bahamas,2012,21.024993896484375,-73.47500610351562,0.0,0.0,2012,2015
BHS,Bahamas,2012,21.024993896484375,-73.42500305175781,0.0,0.0,2012,2015
BHS,Bahamas,2012,21.024993896484375,-73.37500762939453,0.0,0.0,2012,2015
BHS,Bahamas,2012,21.024993896484375,-73.32500457763672,1.2806830406188965,4.186909900840569e-06,2012,2015
BHS,Bahamas,2012,21.024993896484375,-73.2750015258789,0.0,0.0,2012,2015
BHS,Bahamas,2012,21.024993896484375,-73.22500610351562,0.0,0.0,2012,2015
BHS,Bahamas,2012,21.024993896484375,-73.17500305175781,0.0,0.0,2012,2015
BHS,Bahamas,2012,21.024993896484375,-73.12500762939453,0.0,0.0,2012,2015
BHS,Bahamas,2012,21.074996948242188,-73.62500762939453,8.775263778866476,2.8688783745014912e-05,2012,2015
BHS,Bahamas,2012,21.074996948242188,-73.57500457763672,1.201717022806406,3.928747973710423e-06,2012,2015
BHS,Bahamas,2012,21.074996948242188,-73.5250015258789,0.0,0.0,2012,2015
BHS,Bahamas,2012,21.074996948242188,-73.47500610351562,0.0,0.0,2012,2015
BHS,Bahamas,2012,21.074996948242188,-73.42500305175781,0.0,0.0,2012,2015
BHS,Bahamas,2012,21.074996948242188,-73.37500762939453,0.0,0.0,2012,2015
BHS,Bahamas,2012,21.074996948242188,-73.32500457763672,0.0,0.0,2012,2015
BHS,Bahamas,2012,21.074996948242188,-73.2750015258789,0.0,0.0,2012,2015
BHS,Bahamas,2012,21.074996948242188,-73.22500610351562,0.0,0.0,2012,2015
BHS,Bahamas,2012,21.074996948242188,-73.17500305175781,0.0,0.0,2012,2015
BHS,Bahamas,2012,21.074996948242188,-73.12500762939453,0.0,0.0,2012,2015
BHS,Bahamas,2012,21.125,-73.5250015258789,0.0,0.0,2012,2015
BHS,Bahamas,2012,21.125,-73.47500610351562,0.0,0.0,2012,2015
BHS,Bahamas,2012,21.125,-73.42500305175781,0.0,0.0,2012,2015
BHS,Bahamas,2012,21.125,-73.37500762939453,0.0,0.0,2012,2015
BHS,Bahamas,2012,21.125,-73.32500457763672,0.0,0.0,2012,2015
BHS,Bahamas,2012,21.125,-73.2750015258789,0.0,0.0,2012,2015
BHS,Bahamas,2012,21.125,-73.22500610351562,0.0,0.0,2012,2015
BHS,Bahamas,2012,21.125,-73.17500305175781,0.0,0.0,2012,2015
BHS,Bahamas,2012,21.125,-73.12500762939453,0.0,0.0,2012,2015
BHS,Bahamas,2012,21.125,-73.07500457763672,0.0,0.0,2012,2015
BHS,Bahamas,2012,21.17499542236328,-73.47500610351562,0.0,0.0,2012,2015
BHS,Bahamas,2012,21.17499542236328,-73.42500305175781,0.0,0.0,2012,2015
BHS,Bahamas,2012,21.17499542236328,-73.37500762939453,0.0,0.0,2012,2015
BHS,Bahamas,2012,21.17499542236328,-73.12500762939453,0.0,0.0,2012,2015
BHS,Bahamas,2012,21.17499542236328,-73.07500457763672,0.027753999456763268,9.073556174936928e-08,2012,2015
BHS,Bahamas,2012,21.224998474121094,-73.07500457763672,0.0,0.0,2012,2015
BHS,Bahamas,2012,21.224998474121094,-73.0250015258789,0.0,0.0,2012,2015
BHS,Bahamas,2012,21.274993896484375,-73.07500457763672,0.0,0.0,2012,2015
BHS,Bahamas,2012,21.274993896484375,-73.0250015258789,0.0,0.0,2012,2015
BHS,Bahamas,2012,21.324996948242188,-73.0250015258789,0.0,0.0,2012,2015
BHS,Bahamas,2012,21.474998474121094,-73.0250015258789,0.7568639814891699,2.474399361262113e-06,2012,2015
BHS,Bahamas,2012,21.474998474121094,-72.97500610351562,0.0,0.0,2012,2015
BHS,Bahamas,2012,21.524993896484375,-73.0250015258789,0.0,0.0,2012,2015
BHS,Bahamas,2012,21.524993896484375,-72.97500610351562,0.0,0.0,2012,2015
BHS,Bahamas,2012,22.17499542236328,-74.2750015258789,2.7267739921808243,8.914584376552102e-06,2012,2015
BHS,Bahamas,2012,22.224998474121094,-74.22500610351562,117.02899311855474,0.0003826004049656889,2012,2015
BHS,Bahamas,2012,22.274993896484375,-74.17500305175781,0.19867900013923645,6.495370410855738e-07,2012,2015
BHS,Bahamas,2012,22.324996948242188,-74.12500762939453,1.5368570312857628,5.024414094963897e-06,2012,2015
BHS,Bahamas,2012,22.324996948242188,-74.07500457763672,3.413741998374462,1.116047430830514e-05,2012,2015
BHS,Bahamas,2012,22.324996948242188,-72.82500457763672,0.0,0.0,2012,2015
BHS,Bahamas,2012,22.324996948242188,-72.7750015258789,0.0,0.0,2012,2015
BHS,Bahamas,2012,22.375,-74.07500457763672,0.0,0.0,2012,2015
BHS,Bahamas,2012,22.375,-74.0250015258789,4.757766991853714,1.555446671212118e-05,2012,2015
BHS,Bahamas,2012,22.375,-73.97500610351562,0.0,0.0,2012,2015
BHS,Bahamas,2012,22.375,-73.12500762939453,0.12881700694561005,4.21138708541484e-07,2012,2015
BHS,Bahamas,2012,22.375,-73.07500457763672,0.0,0.0,2012,2015
BHS,Bahamas,2012,22.375,-73.0250015258789,50.5905552731039,0.00016539462930626348,2012,2015
BHS,Bahamas,2012,22.375,-72.97500610351562,126.71773886680603,0.00041427561593785625,2012,2015
BHS,Bahamas,2012,22.375,-72.92500305175781,1.4115130491554737,4.614629672786746e-06,2012,2015
BHS,Bahamas,2012,22.375,-72.87500762939453,0.0,0.0,2012,2015
BHS,Bahamas,2012,22.375,-72.82500457763672,0.0,0.0,2012,2015
BHS,Bahamas,2012,22.42499542236328,-73.97500610351562,47.35080189258326,0.00015480297229593216,2012,2015
BHS,Bahamas,2012,22.42499542236328,-73.12500762939453,58.648998923612254,0.00019173992820970974,2012,2015
BHS,Bahamas,2012,22.42499542236328,-73.07500457763672,43.643376871949165,0.00014268236631210062,2012,2015
BHS,Bahamas,2012,22.42499542236328,-73.0250015258789,0.1513269990682602,4.947301483411566e-07,2012,2015
BHS,Bahamas,2012,22.474998474121094,-73.87500762939453,0.8563529849052429,2.7996566499244325e-06,2012,2015
BHS,Bahamas,2012,22.574996948242188,-74.37500762939453,1.5460069626569748,5.0543277715217e-06,2012,2015
BHS,Bahamas,2012,22.574996948242188,-73.87500762939453,66.4300123155117,0.00021717823025310464,2012,2015
BHS,Bahamas,2012,22.574996948242188,-73.62500762939453,0.0,0.0,2012,2015
BHS,Bahamas,2012,22.625,-74.32500457763672,11.966922760009766,3.9123206755565384e-05,2012,2015
BHS,Bahamas,2012,22.625,-74.0250015258789,0.0,0.0,2012,2015
BHS,Bahamas,2012,22.625,-73.97500610351562,0.0,0.0,2012,2015
BHS,Bahamas,2012,22.625,-73.92500305175781,0.20033299922943115,6.549444252290938e-07,2012,2015
BHS,Bahamas,2012,22.625,-73.87500762939453,50.189397007227825,0.0001640831310963794,2012,2015
BHS,Bahamas,2012,22.67499542236328,-74.07500457763672,0.08314599841833115,2.7182744906557976e-07,2012,2015
BHS,Bahamas,2012,22.67499542236328,-73.92500305175781,18.17451437562704,5.941755435873406e-05,2012,2015
BHS,Bahamas,2012,22.724998474121094,-74.2750015258789,0.48702299595154563,1.5922139506908337e-06,2012,2015
BHS,Bahamas,2012,22.724998474121094,-74.22500610351562,0.37711699679493904,1.2329005988030835e-06,2012,2015
BHS,Bahamas,2012,22.724998474121094,-74.17500305175781,39.49752097577318,0.00012912840756617314,2012,2015
BHS,Bahamas,2012,22.724998474121094,-74.12500762939453,11.967238143098877,3.9124237830809205e-05,2012,2015
BHS,Bahamas,2012,22.724998474121094,-74.07500457763672,9.147311940789223,2.990511290948257e-05,2012,2015
BHS,Bahamas,2012,22.774993896484375,-74.2750015258789,1.0095068010695929e-11,3.300359172650235e-17,2012,2015
BHS,Bahamas,2012,22.774993896484375,-74.22500610351562,88.37551623585276,0.00028892420074601294,2012,2015
BHS,Bahamas,2012,22.824996948242188,-74.32500457763672,97.82287999988141,0.00031981026671698006,2012,2015
BHS,Bahamas,2012,22.824996948242188,-74.2750015258789,17.949625074879265,5.8682328537801075e-05,2012,2015
BHS,Bahamas,2012,22.92499542236328,-74.87500762939453,87.43238287419514,0.00028584083485102223,2012,2015
BHS,Bahamas,2012,22.974998474121094,-74.87500762939453,81.02799335122108,0.00026490310002350286,2012,2015
BHS,Bahamas,2012,23.024993896484375,-74.92500305175781,37.04576912522316,0.00012111294724391315,2012,2015
BHS,Bahamas,2012,23.024993896484375,-74.87500762939453,107.0881491303508,0.00035010101456475973,2012,2015
BHS,Bahamas,2012,23.074996948242188,-74.97500610351562,98.62775817520955,0.0003224416378637576,2012,2015
BHS,Bahamas,2012,23.074996948242188,-74.92500305175781,31.107130989494653,0.00010169788354792234,2012,2015
BHS,Bahamas,2012,23.074996948242188,-73.7750015258789,0.0,0.0,2012,2015
BHS,Bahamas,2012,23.125,-75.12500762939453,0.0,0.0,2012,2015
BHS,Bahamas,2012,23.17499542236328,-75.22500610351562,0.0,0.0,2012,2015
BHS,Bahamas,2012,23.17499542236328,-75.17500305175781,0.0,0.0,2012,2015
BHS,Bahamas,2012,23.224998474121094,-75.12500762939453,75.71455562114716,0.0002475319907529409,2012,2015
BHS,Bahamas,2012,23.42499542236328,-75.57500457763672,62.19437590248877,0.000203330753967734,2012,2015
BHS,Bahamas,2012,23.42499542236328,-75.17500305175781,123.24543659389366,0.00040292369176609364,2012,2015
BHS,Bahamas,2012,23.474998474121094,-75.7750015258789,776.3103403449288,0.0025379749298033573,2012,2015
BHS,Bahamas,2012,23.474998474121094,-75.72500610351562,362.0963339880109,0.0011837938644833075,2012,2015
BHS,Bahamas,2012,23.474998474121094,-75.22500610351562,209.9042613506317,0.0006862355494712239,2012,2015
BHS,Bahamas,2012,23.524993896484375,-75.82500457763672,489.13141281176166,0.001599106953211482,2012,2015
BHS,Bahamas,2012,23.524993896484375,-75.22500610351562,81.88971680403569,0.00026772031423025335,2012,2015
BHS,Bahamas,2012,23.574996948242188,-75.92500305175781,186.56682202219963,0.0006099389540722104,2012,2015
BHS,Bahamas,2012,23.574996948242188,-75.87500762939453,701.0437020659447,0.0022919073057166245,2012,2015
BHS,Bahamas,2012,23.625,-75.97500610351562,152.78901632130146,0.0004995098903364906,2012,2015
BHS,Bahamas,2012,23.625,-75.92500305175781,1215.966047145429,0.003975332006753871,2012,2015
BHS,Bahamas,2012,23.67499542236328,-76.0250015258789,152.09811109304823,0.0004972511285281683,2012,2015
BHS,Bahamas,2012,23.67499542236328,-75.32500457763672,73.72541415692625,0.0002410289327545354,2012,2015
BHS,Bahamas,2012,23.67499542236328,-74.92500305175781,0.22926799952983856,7.495410079870376e-07,2012,2015
BHS,Bahamas,2012,23.67499542236328,-74.87500762939453,6.002876125277719,1.9625075592707826e-05,2012,2015
BHS,Bahamas,2012,23.67499542236328,-74.82500457763672,35.023906901509676,0.00011450291596052036,2012,2015
BHS,Bahamas,2012,23.774993896484375,-77.72500610351562,0.0,0.0,2012,2015
BHS,Bahamas,2012,23.774993896484375,-77.62500762939453,0.0,0.0,2012,2015
BHS,Bahamas,2012,23.774993896484375,-77.57500457763672,0.0,0.0,2012,2015
BHS,Bahamas,2012,23.824996948242188,-77.72500610351562,0.0,0.0,2012,2015
BHS,Bahamas,2012,23.824996948242188,-77.67500305175781,0.14824700355529785,4.846607843386984e-07,2012,2015
BHS,Bahamas,2012,23.824996948242188,-77.57500457763672,0.0,0.0,2012,2015
BHS,Bahamas,2012,23.875,-77.7750015258789,0.0,0.0,2012,2015
BHS,Bahamas,2012,23.875,-77.72500610351562,0.03000600077211857,9.809798188371455e-08,2012,2015
BHS,Bahamas,2012,23.875,-77.67500305175781,0.0,0.0,2012,2015
BHS,Bahamas,2012,23.875,-77.62500762939453,0.0,0.0,2012,2015
BHS,Bahamas,2012,23.875,-77.57500457763672,0.0,0.0,2012,2015
BHS,Bahamas,2012,23.875,-77.5250015258789,49.993198946133255,0.00016344170493669074,2012,2015
BHS,Bahamas,2012,23.92499542236328,-77.7750015258789,0.0,0.0,2012,2015
BHS,Bahamas,2012,23.92499542236328,-77.72500610351562,0.0,0.0,2012,2015
BHS,Bahamas,2012,23.92499542236328,-77.67500305175781,0.0,0.0,2012,2015
BHS,Bahamas,2012,23.92499542236328,-77.62500762939453,0.0,0.0,2012,2015
BHS,Bahamas,2012,23.92499542236328,-77.5250015258789,58.46482092142105,0.00019113779897364307,2012,2015
BHS,Bahamas,2012,23.974998474121094,-77.82500457763672,0.0,0.0,2012,2015
BHS,Bahamas,2012,23.974998474121094,-77.7750015258789,0.0,0.0,2012,2015
BHS,Bahamas,2012,23.974998474121094,-77.72500610351562,0.0,0.0,2012,2015
BHS,Bahamas,2012,23.974998474121094,-77.67500305175781,0.0,0.0,2012,2015
BHS,Bahamas,2012,23.974998474121094,-77.62500762939453,0.05787000060081482,1.891931655158877e-07,2012,2015
BHS,Bahamas,2012,23.974998474121094,-77.57500457763672,13.555343724820041,4.431619772470709e-05,2012,2015
BHS,Bahamas,2012,23.974998474121094,-76.32500457763672,46.757614463567734,0.0001528636772160199,2012,2015
BHS,Bahamas,2012,23.974998474121094,-74.5250015258789,89.97949697078893,0.00029416806094159767,2012,2015
BHS,Bahamas,2012,24.024993896484375,-77.82500457763672,0.0,0.0,2012,2015
BHS,Bahamas,2012,24.024993896484375,-77.7750015258789,4.544108145321246e-11,1.4855956376951395e-16,2012,2015
BHS,Bahamas,2012,24.024993896484375,-77.72500610351562,2.490483969449997,8.142086417054296e-06,2012,2015
BHS,Bahamas,2012,24.024993896484375,-77.67500305175781,0.0,0.0,2012,2015
BHS,Bahamas,2012,24.024993896484375,-77.62500762939453,0.23562000319361687,7.703074788362156e-07,2012,2015
BHS,Bahamas,2012,24.024993896484375,-77.57500457763672,1.795287936925888,5.869296773339133e-06,2012,2015
BHS,Bahamas,2012,24.024993896484375,-74.5250015258789,104.33438239246607,0.00034109818337720596,2012,2015
BHS,Bahamas,2012,24.024993896484375,-74.47500610351562,4.745942898094654,1.5515810453188955e-05,2012,2015
BHS,Bahamas,2012,24.074996948242188,-77.87500762939453,0.0,0.0,2012,2015
BHS,Bahamas,2012,24.074996948242188,-77.82500457763672,0.0,0.0,2012,2015
BHS,Bahamas,2012,24.074996948242188,-77.7750015258789,0.0,0.0,2012,2015
BHS,Bahamas,2012,24.074996948242188,-77.72500610351562,0.817501999440207,2.672641947190208e-06,2012,2015
BHS,Bahamas,2012,24.074996948242188,-77.67500305175781,0.19553300738334656,6.392519136966434e-07,2012,2015
BHS,Bahamas,2012,24.074996948242188,-77.62500762939453,0.4706220030784607,1.5385945325631836e-06,2012,2015
BHS,Bahamas,2012,24.074996948242188,-77.57500457763672,27.09783614433855,8.859038094957377e-05,2012,2015
BHS,Bahamas,2012,24.074996948242188,-76.37500762939453,172.8204801082611,0.0005649983300189744,2012,2015
BHS,Bahamas,2012,24.074996948242188,-74.5250015258789,483.0294202566147,0.001579157838376906,2012,2015
BHS,Bahamas,2012,24.074996948242188,-74.47500610351562,9.784929923713207,3.198966385689599e-05,2012,2015
BHS,Bahamas,2012,24.125,-77.87500762939453,0.0,0.0,2012,2015
BHS,Bahamas,2012,24.125,-77.82500457763672,0.0,0.0,2012,2015
BHS,Bahamas,2012,24.125,-77.7750015258789,0.0,0.0,2012,2015
BHS,Bahamas,2012,24.125,-77.62500762939453,3.6844210475683212,1.2045399582612047e-05,2012,2015
BHS,Bahamas,2012,24.125,-77.57500457763672,262.0222769677639,0.0008566238724821083,2012,2015
BHS,Bahamas,2012,24.125,-74.47500610351562,149.2220915332456,0.00048784861878295487,2012,2015
BHS,Bahamas,2012,24.17499542236328,-77.92500305175781,0.0,0.0,2012,2015
BHS,Bahamas,2012,24.17499542236328,-77.82500457763672,0.0,0.0,2012,2015
BHS,Bahamas,2012,24.17499542236328,-77.7750015258789,0.0,0.0,2012,2015
BHS,Bahamas,2012,24.17499542236328,-77.62500762939453,16.175217265274405,5.288129472183583e-05,2012,2015
BHS,Bahamas,2012,24.17499542236328,-75.47500610351562,30.16226901113987,9.86088663230283e-05,2012,2015
BHS,Bahamas,2012,24.17499542236328,-75.42500305175781,12.55302894115448,4.103935126200998e-05,2012,2015
BHS,Bahamas,2012,24.17499542236328,-75.37500762939453,59.12850558757782,0.00019330756917566353,2012,2015
BHS,Bahamas,2012,24.17499542236328,-75.32500457763672,88.5645659044385,0.0002895422568176931,2012,2015
BHS,Bahamas,2012,24.224998474121094,-77.87500762939453,0.0,0.0,2012,2015
BHS,Bahamas,2012,24.224998474121094,-77.7750015258789,0.0,0.0,2012,2015
BHS,Bahamas,2012,24.224998474121094,-77.72500610351562,0.0,0.0,2012,2015
BHS,Bahamas,2012,24.224998474121094,-77.67500305175781,20.25312273950014,6.621310459453991e-05,2012,2015
BHS,Bahamas,2012,24.224998474121094,-76.47500610351562,107.3267525434556,0.00035088107564233917,2012,2015
BHS,Bahamas,2012,24.224998474121094,-75.37500762939453,312.0322169959545,0.0010201203086832834,2012,2015
BHS,Bahamas,2012,24.224998474121094,-75.32500457763672,3.9079729318618774,1.2776253016298443e-05,2012,2015
BHS,Bahamas,2012,24.274993896484375,-78.0250015258789,0.0,0.0,2012,2015
BHS,Bahamas,2012,24.274993896484375,-77.67500305175781,342.706509873271,0.0011204031237717499,2012,2015
BHS,Bahamas,2012,24.274993896484375,-76.5250015258789,34.31749054791963,0.00011219344395913232,2012,2015
BHS,Bahamas,2012,24.274993896484375,-75.37500762939453,5.21016600728035,1.7033485217671897e-05,2012,2015
BHS,Bahamas,2012,24.324996948242188,-78.0250015258789,0.0,0.0,2012,2015
BHS,Bahamas,2012,24.324996948242188,-77.87500762939453,0.0,0.0,2012,2015
BHS,Bahamas,2012,24.324996948242188,-77.7750015258789,0.0,0.0,2012,2015
BHS,Bahamas,2012,24.324996948242188,-75.47500610351562,112.83382150903344,0.00036888521940412974,2012,2015
BHS,Bahamas,2012,24.324996948242188,-75.42500305175781,58.886520102628126,0.00019251645116233687,2012,2015
BHS,Bahamas,2012,24.375,-78.07500457763672,0.0,0.0,2012,2015
BHS,Bahamas,2012,24.375,-78.0250015258789,0.0,0.0,2012,2015
BHS,Bahamas,2012,24.375,-77.97500610351562,0.0,0.0,2012,2015
BHS,Bahamas,2012,24.375,-77.92500305175781,0.0,0.0,2012,2015
BHS,Bahamas,2012,24.375,-77.87500762939453,0.0,0.0,2012,2015
BHS,Bahamas,2012,24.42499542236328,-78.12500762939453,0.0,0.0,2012,2015
BHS,Bahamas,2012,24.42499542236328,-78.07500457763672,0.0,0.0,2012,2015
BHS,Bahamas,2012,24.42499542236328,-78.0250015258789,0.0,0.0,2012,2015
BHS,Bahamas,2012,24.42499542236328,-77.97500610351562,0.0,0.0,2012,2015
BHS,Bahamas,2012,24.42499542236328,-77.92500305175781,0.10438299924135208,3.412571254100841e-07,2012,2015
BHS,Bahamas,2012,24.42499542236328,-77.87500762939453,0.0,0.0,2012,2015
BHS,Bahamas,2012,24.42499542236328,-75.5250015258789,69.5924364775488,0.0002275170764896347,2012,2015
BHS,Bahamas,2012,24.474998474121094,-78.22500610351562,0.0,0.0,2012,2015
BHS,Bahamas,2012,24.474998474121094,-78.17500305175781,0.7809790372848511,2.5532382016839143e-06,2012,2015
BHS,Bahamas,2012,24.474998474121094,-78.12500762939453,2.6636810302734375,8.708315894417963e-06,2012,2015
BHS,Bahamas,2012,24.474998474121094,-78.07500457763672,0.0,0.0,2012,2015
BHS,Bahamas,2012,24.474998474121094,-78.0250015258789,0.0,0.0,2012,2015
BHS,Bahamas,2012,24.474998474121094,-77.97500610351562,0.20494499804005972,6.700223351181433e-07,2012,2015
BHS,Bahamas,2012,24.474998474121094,-77.92500305175781,0.0778760015964508,2.5459836023477424e-07,2012,2015
BHS,Bahamas,2012,24.474998474121094,-77.87500762939453,0.0,0.0,2012,2015
BHS,Bahamas,2012,24.474998474121094,-77.82500457763672,0.0,0.0,2012,2015
BHS,Bahamas,2012,24.474998474121094,-77.7750015258789,1.9929519891738892,6.515515666811385e-06,2012,2015
BHS,Bahamas,2012,24.524993896484375,-78.32500457763672,0.0,0.0,2012,2015
BHS,Bahamas,2012,24.524993896484375,-78.2750015258789,0.0,0.0,2012,2015
BHS,Bahamas,2012,24.524993896484375,-78.22500610351562,0.0,0.0,2012,2015
BHS,Bahamas,2012,24.524993896484375,-78.17500305175781,0.0,0.0,2012,2015
BHS,Bahamas,2012,24.524993896484375,-78.12500762939453,0.0,0.0,2012,2015
BHS,Bahamas,2012,24.524993896484375,-78.07500457763672,0.0,0.0,2012,2015
BHS,Bahamas,2012,24.524993896484375,-78.0250015258789,0.0,0.0,2012,2015
BHS,Bahamas,2012,24.524993896484375,-77.97500610351562,0.0,0.0,2012,2015
BHS,Bahamas,2012,24.524993896484375,-77.92500305175781,0.3476780056959406,1.1366563296171742e-06,2012,2015
BHS,Bahamas,2012,24.524993896484375,-77.87500762939453,0.0,0.0,2012,2015
BHS,Bahamas,2012,24.524993896484375,-77.82500457763672,0.0,0.0,2012,2015
BHS,Bahamas,2012,24.524993896484375,-77.7750015258789,2.5405130535897817,8.30564544069345e-06,2012,2015
BHS,Bahamas,2012,24.524993896484375,-77.72500610351562,105.02196593778483,0.0003433460856779649,2012,2015
BHS,Bahamas,2012,24.524993896484375,-76.7750015258789,0.475818008184433,1.555581721846568e-06,2012,2015
BHS,Bahamas,2012,24.524993896484375,-75.57500457763672,54.715574949990284,0.0001788804686424129,2012,2015
BHS,Bahamas,2012,24.574996948242188,-78.37500762939453,0.2315439973026514,7.569818792307733e-07,2012,2015
BHS,Bahamas,2012,24.574996948242188,-78.32500457763672,0.0324070006608963,1.0594751989382402e-07,2012,2015
BHS,Bahamas,2012,24.574996948242188,-78.2750015258789,0.0,0.0,2012,2015
BHS,Bahamas,2012,24.574996948242188,-78.22500610351562,0.0,0.0,2012,2015
BHS,Bahamas,2012,24.574996948242188,-78.17500305175781,0.0,0.0,2012,2015
BHS,Bahamas,2012,24.574996948242188,-78.12500762939453,0.0,0.0,2012,2015
BHS,Bahamas,2012,24.574996948242188,-78.07500457763672,0.08419000358920857,2.7524059302691707e-07,2012,2015
BHS,Bahamas,2012,24.574996948242188,-78.0250015258789,0.08015099912881851,2.620359614136382e-07,2012,2015
BHS,Bahamas,2012,24.574996948242188,-77.97500610351562,0.07390999794006348,2.416323886016421e-07,2012,2015
BHS,Bahamas,2012,24.574996948242188,-77.92500305175781,0.0,0.0,2012,2015
BHS,Bahamas,2012,24.574996948242188,-77.87500762939453,0.0,0.0,2012,2015
BHS,Bahamas,2012,24.574996948242188,-77.82500457763672,0.0,0.0,2012,2015
BHS,Bahamas,2012,24.574996948242188,-77.7750015258789,55.98589515686035,0.00018303349955067872,2012,2015
BHS,Bahamas,2012,24.574996948242188,-75.62500762939453,98.76647156477856,0.0003228951306061031,2012,2015
BHS,Bahamas,2012,24.625,-78.42500305175781,0.0,0.0,2012,2015
BHS,Bahamas,2012,24.625,-78.37500762939453,0.0,0.0,2012,2015
BHS,Bahamas,2012,24.625,-78.32500457763672,0.0,0.0,2012,2015
BHS,Bahamas,2012,24.625,-78.17500305175781,0.0,0.0,2012,2015
BHS,Bahamas,2012,24.625,-78.12500762939453,0.0,0.0,2012,2015
BHS,Bahamas,2012,24.625,-78.07500457763672,0.06961199641227722,2.2758102336936744e-07,2012,2015
BHS,Bahamas,2012,24.625,-78.0250015258789,0.14351800084114075,4.6920035606954767e-07,2012,2015
BHS,Bahamas,2012,24.625,-77.97500610351562,0.0,0.0,2012,2015
BHS,Bahamas,2012,24.625,-77.92500305175781,0.13816100358963013,4.5168683857946954e-07,2012,2015
BHS,Bahamas,2012,24.625,-77.87500762939453,0.0,0.0,2012,2015
BHS,Bahamas,2012,24.625,-77.82500457763672,0.0,0.0,2012,2015
BHS,Bahamas,2012,24.625,-77.7750015258789,136.6808976829052,0.00044684795973231586,2012,2015
BHS,Bahamas,2012,24.625,-75.67500305175781,136.96615090966887,0.000447780532056227,2012,2015
BHS,Bahamas,2012,24.625,-75.62500762939453,7.873494081199169,2.5740647199366068e-05,2012,2015
BHS,Bahamas,2012,24.67499542236328,-78.32500457763672,0.0,0.0,2012,2015
BHS,Bahamas,2012,24.67499542236328,-78.22500610351562,0.0,0.0,2012,2015
BHS,Bahamas,2012,24.67499542236328,-78.17500305175781,0.0,0.0,2012,2015
BHS,Bahamas,2012,24.67499542236328,-78.12500762939453,0.0,0.0,2012,2015
BHS,Bahamas,2012,24.67499542236328,-78.07500457763672,0.15547499805688858,5.082911134537828e-07,2012,2015
BHS,Bahamas,2012,24.67499542236328,-78.0250015258789,1.9060719646513462,6.231480645403655e-06,2012,2015
BHS,Bahamas,2012,24.67499542236328,-77.97500610351562,0.12170200608670712,3.9787778714579367e-07,2012,2015
BHS,Bahamas,2012,24.67499542236328,-77.92500305175781,0.884335994725056,2.891140910396309e-06,2012,2015
BHS,Bahamas,2012,24.67499542236328,-77.87500762939453,6.504813954234123,2.1266050290591227e-05,2012,2015
BHS,Bahamas,2012,24.67499542236328,-77.82500457763672,3.795086044854268,1.2407194310985362e-05,2012,2015
BHS,Bahamas,2012,24.67499542236328,-77.7750015258789,88.74501677045507,0.0002901322010065182,2012,2015
BHS,Bahamas,2012,24.67499542236328,-76.17500305175781,45.68270182609558,0.00014934948812970556,2012,2015
BHS,Bahamas,2012,24.67499542236328,-75.72500610351562,38.66761332753741,0.00012641520809450493,2012,2015
BHS,Bahamas,2012,24.724998474121094,-78.2750015258789,0.0,0.0,2012,2015
BHS,Bahamas,2012,24.724998474121094,-78.22500610351562,0.0,0.0,2012,2015
BHS,Bahamas,2012,24.724998474121094,-78.17500305175781,0.0,0.0,2012,2015
BHS,Bahamas,2012,24.724998474121094,-78.12500762939453,0.0,0.0,2012,2015
BHS,Bahamas,2012,24.724998474121094,-78.07500457763672,1.9189879558980465,6.273706621632594e-06,2012,2015
BHS,Bahamas,2012,24.724998474121094,-78.0250015258789,0.07665599882602692,2.506098310542268e-07,2012,2015
BHS,Bahamas,2012,24.724998474121094,-77.97500610351562,0.01894400082528591,6.193322008745523e-08,2012,2015
BHS,Bahamas,2012,24.724998474121094,-77.92500305175781,0.41882701218306373,1.3692622674235707e-06,2012,2015
BHS,Bahamas,2012,24.724998474121094,-77.87500762939453,5.513357043266296,1.8024701240804528e-05,2012,2015
BHS,Bahamas,2012,24.724998474121094,-77.82500457763672,88.20907086136008,0.00028838004441356416,2012,2015
BHS,Bahamas,2012,24.724998474121094,-77.7750015258789,1027.9184441864536,0.0033605519669730787,2012,2015
BHS,Bahamas,2012,24.774993896484375,-78.2750015258789,0.0,0.0,2012,2015
BHS,Bahamas,2012,24.774993896484375,-78.22500610351562,0.0,0.0,2012,2015
BHS,Bahamas,2012,24.774993896484375,-78.17500305175781,0.018352000042796135,5.999780448586033e-08,2012,2015
BHS,Bahamas,2012,24.774993896484375,-78.12500762939453,0.17364100367003157,5.676808502958023e-07,2012,2015
BHS,Bahamas,2012,24.774993896484375,-78.07500457763672,2.730512082577465,8.926805236199285e-06,2012,2015
BHS,Bahamas,2012,24.774993896484375,-78.0250015258789,0.0,0.0,2012,2015
BHS,Bahamas,2012,24.774993896484375,-77.97500610351562,0.0531499981880188,1.7376216174107637e-07,2012,2015
BHS,Bahamas,2012,24.774993896484375,-77.92500305175781,0.0895349979563498,2.9271486974171283e-07,2012,2015
BHS,Bahamas,2012,24.774993896484375,-77.87500762939453,106.90509486198425,0.00034950255912785113,2012,2015
BHS,Bahamas,2012,24.774993896484375,-76.2750015258789,227.55652648210526,0.0007439457254531848,2012,2015
BHS,Bahamas,2012,24.774993896484375,-76.22500610351562,246.72617363930004,0.000806616646307491,2012,2015
BHS,Bahamas,2012,24.824996948242188,-78.22500610351562,0.0,0.0,2012,2015
BHS,Bahamas,2012,24.824996948242188,-78.17500305175781,0.0,0.0,2012,2015
BHS,Bahamas,2012,24.824996948242188,-78.12500762939453,0.031773000955581665,1.0387479810465357e-07,2012,2015
BHS,Bahamas,2012,24.824996948242188,-78.07500457763672,0.0,0.0,2012,2015
BHS,Bahamas,2012,24.824996948242188,-78.0250015258789,0.37204800359904766,1.2163286468633477e-06,2012,2015
BHS,Bahamas,2012,24.824996948242188,-77.97500610351562,0.39066198468208313,1.2771829404073286e-06,2012,2015
BHS,Bahamas,2012,24.824996948242188,-77.92500305175781,32.86031014844775,0.00010742951498658088,2012,2015
BHS,Bahamas,2012,24.824996948242188,-77.87500762939453,153.3966140858829,0.0005014962968208188,2012,2015
BHS,Bahamas,2012,24.824996948242188,-76.17500305175781,39.388286071853216,0.00012877128821170834,2012,2015
BHS,Bahamas,2012,24.875,-78.17500305175781,0.0,0.0,2012,2015
BHS,Bahamas,2012,24.875,-78.12500762939453,0.02217799983918667,7.250606446904883e-08,2012,2015
BHS,Bahamas,2012,24.875,-78.07500457763672,0.1885750070346994,6.165042707390819e-07,2012,2015
BHS,Bahamas,2012,24.875,-78.0250015258789,0.19192500412464142,6.274563451703066e-07,2012,2015
BHS,Bahamas,2012,24.875,-77.97500610351562,0.054287999868392944,1.7748260649720366e-07,2012,2015
BHS,Bahamas,2012,24.875,-77.92500305175781,149.90067663788875,0.000490067102672474,2012,2015
BHS,Bahamas,2012,24.875,-76.17500305175781,538.7639731019735,0.0017613696298396746,2012,2015
BHS,Bahamas,2012,24.92499542236328,-78.17500305175781,0.0,0.0,2012,2015
BHS,Bahamas,2012,24.92499542236328,-78.12500762939453,0.12342600151896477,4.0351400884576655e-07,2012,2015
BHS,Bahamas,2012,24.92499542236328,-78.07500457763672,0.4993089810013771,1.6323802610230606e-06,2012,2015
BHS,Bahamas,2012,24.92499542236328,-78.0250015258789,12.859837125986814,4.204239275314478e-05,2012,2015
BHS,Bahamas,2012,24.92499542236328,-77.97500610351562,77.54682842642069,0.0002535222013719036,2012,2015
BHS,Bahamas,2012,24.92499542236328,-77.92500305175781,108.54245620966023,0.0003548555498526485,2012,2015
BHS,Bahamas,2012,24.92499542236328,-76.17500305175781,94.85781192035864,0.0003101166325350041,2012,2015
BHS,Bahamas,2012,24.974998474121094,-78.17500305175781,0.0,0.0,2012,2015
BHS,Bahamas,2012,24.974998474121094,-78.12500762939453,0.2583870068192482,8.447391608912566e-07,2012,2015
BHS,Bahamas,2012,24.974998474121094,-78.07500457763672,4.319060798749033,1.4120213860156803e-05,2012,2015
BHS,Bahamas,2012,24.974998474121094,-78.0250015258789,93.7624505721839,0.000306535590912516,2012,2015
BHS,Bahamas,2012,24.974998474121094,-77.97500610351562,0.9919559955596924,3.2429806964570793e-06,2012,2015
BHS,Bahamas,2012,24.974998474121094,-76.17500305175781,404.0577600598335,0.001320977464719476,2012,2015
BHS,Bahamas,2012,25.024993896484375,-78.12500762939453,0.0,0.0,2012,2015
BHS,Bahamas,2012,25.024993896484375,-78.07500457763672,5.701124079552455,1.8638564029912826e-05,2012,2015
BHS,Bahamas,2012,25.024993896484375,-78.0250015258789,167.1332987099901,0.0005464053485012446,2012,2015
BHS,Bahamas,2012,25.024993896484375,-77.5250015258789,4517.950136184692,0.014770438552504225,2012,2015
BHS,Bahamas,2012,25.024993896484375,-77.47500610351562,2313.268972337246,0.007562721185802195,2012,2015
BHS,Bahamas,2012,25.024993896484375,-77.42500305175781,6454.781180530887,0.021102479204740537,2012,2015
BHS,Bahamas,2012,25.024993896484375,-77.37500762939453,61432.58322143555,0.200840241313527,2012,2015
BHS,Bahamas,2012,25.024993896484375,-77.32500457763672,72592.57071125507,0.2373253517057141,2012,2015
BHS,Bahamas,2012,25.024993896484375,-76.12500762939453,43.667708670826094,0.00014276191374608074,2012,2015
BHS,Bahamas,2012,25.074996948242188,-78.12500762939453,0.0,0.0,2012,2015
BHS,Bahamas,2012,25.074996948242188,-78.07500457763672,7.903860062583374,2.5839922058229527e-05,2012,2015
BHS,Bahamas,2012,25.074996948242188,-78.0250015258789,438.62051690369844,0.0014339727525777355,2012,2015
BHS,Bahamas,2012,25.074996948242188,-77.97500610351562,258.28794801235716,0.000844415310034969,2012,2015
BHS,Bahamas,2012,25.074996948242188,-77.42500305175781,5118.235666900873,0.01673293930575253,2012,2015
BHS,Bahamas,2012,25.074996948242188,-77.37500762939453,25638.595013141632,0.0838197148705027,2012,2015
BHS,Bahamas,2012,25.074996948242188,-77.32500457763672,50643.8415389061,0.1655688369648253,2012,2015
BHS,Bahamas,2012,25.074996948242188,-76.12500762939453,224.04746390879154,0.0007324736216110224,2012,2015
BHS,Bahamas,2012,25.125,-78.17500305175781,78.1611753553196,0.0002555306727559822,2012,2015
BHS,Bahamas,2012,25.125,-78.12500762939453,0.9390070140361786,3.0698757142336166e-06,2012,2015
BHS,Bahamas,2012,25.125,-78.07500457763672,363.1687555015087,0.0011872999093908503,2012,2015
BHS,Bahamas,2012,25.125,-78.0250015258789,1278.110508680453,0.004178499576738758,2012,2015
BHS,Bahamas,2012,25.125,-76.12500762939453,67.5219259336666,0.00022074800028496673,2012,2015
BHS,Bahamas,2012,25.17499542236328,-78.17500305175781,0.0,0.0,2012,2015
BHS,Bahamas,2012,25.17499542236328,-78.12500762939453,0.0,0.0,2012,2015
BHS,Bahamas,2012,25.17499542236328,-76.22500610351562,564.683667719373,0.0018461083376841304,2012,2015
BHS,Bahamas,2012,25.17499542236328,-76.17500305175781,951.4172287583351,0.0031104481659986094,2012,2015
BHS,Bahamas,2012,25.224998474121094,-76.2750015258789,344.49410931766033,0.0011262472847195155,2012,2015
BHS,Bahamas,2012,25.324996948242188,-76.37500762939453,258.5264679044485,0.0008451950980590706,2012,2015
BHS,Bahamas,2012,25.375,-76.5250015258789,288.48998120985925,0.0009431541765690553,2012,2015
BHS,Bahamas,2012,25.42499542236328,-76.7750015258789,120.56067657470956,0.0003941464627803248,2012,2015
BHS,Bahamas,2012,25.42499542236328,-76.57500457763672,162.974528580904,0.0005328091695275807,2012,2015
BHS,Bahamas,2012,25.474998474121094,-76.72500610351562,907.9773148010207,0.0029684309766777857,2012,2015
BHS,Bahamas,2012,25.474998474121094,-76.67500305175781,270.7924664542079,0.0008852960669505345,2012,2015
BHS,Bahamas,2012,25.524993896484375,-76.82500457763672,80.51631665229797,0.00026323028624460304,2012,2015
BHS,Bahamas,2012,25.524993896484375,-76.72500610351562,194.6552423388015,0.0006363822550542978,2012,2015
BHS,Bahamas,2012,25.774993896484375,-77.87500762939453,319.60924231633544,0.0010448917168511401,2012,2015
BHS,Bahamas,2012,25.92499542236328,-77.2750015258789,0.0,0.0,2012,2015
BHS,Bahamas,2012,25.92499542236328,-77.22500610351562,0.0,0.0,2012,2015
BHS,Bahamas,2012,25.974998474121094,-77.2750015258789,0.0,0.0,2012,2015
BHS,Bahamas,2012,25.974998474121094,-77.22500610351562,0.0,0.0,2012,2015
BHS,Bahamas,2012,26.024993896484375,-77.37500762939453,181.2252214550972,0.0005924757726358974,2012,2015
BHS,Bahamas,2012,26.024993896484375,-77.32500457763672,0.8967850208318138,2.931840247397772e-06,2012,2015
BHS,Bahamas,2012,26.024993896484375,-77.2750015258789,0.25097400695085526,8.205039976545317e-07,2012,2015
BHS,Bahamas,2012,26.024993896484375,-77.22500610351562,0.0,0.0,2012,2015
BHS,Bahamas,2012,26.074996948242188,-77.2750015258789,0.0,0.0,2012,2015
BHS,Bahamas,2012,26.074996948242188,-77.22500610351562,0.723857007920742,2.366490362667387e-06,2012,2015
BHS,Bahamas,2012,26.125,-77.22500610351562,16.034234330058098,5.2420382202043685e-05,2012,2015
BHS,Bahamas,2012,26.17499542236328,-77.22500610351562,0.17425699532032013,5.696946987326349e-07,2012,2015
BHS,Bahamas,2012,26.224998474121094,-77.22500610351562,0.0,0.0,2012,2015
BHS,Bahamas,2012,26.224998474121094,-77.17500305175781,55.42930483073105,0.00018121385060299164,2012,2015
BHS,Bahamas,2012,26.274993896484375,-77.22500610351562,0.0,0.0,2012,2015
BHS,Bahamas,2012,26.274993896484375,-77.17500305175781,1.9993849992752075,6.536546970288631e-06,2012,2015
BHS,Bahamas,2012,26.324996948242188,-77.57500457763672,177.44367699325085,0.0005801128495350168,2012,2015
BHS,Bahamas,2012,26.324996948242188,-77.22500610351562,0.0,0.0,2012,2015
BHS,Bahamas,2012,26.324996948242188,-77.17500305175781,0.0,0.0,2012,2015
BHS,Bahamas,2012,26.324996948242188,-77.12500762939453,6.425300007686019,2.100609703166755e-05,2012,2015
BHS,Bahamas,2012,26.324996948242188,-77.07500457763672,15.48613003268838,5.0628476448187886e-05,2012,2015
BHS,Bahamas,2012,26.324996948242188,-77.0250015258789,95.83701726794384,0.00031331792780848507,2012,2015
BHS,Bahamas,2012,26.375,-77.22500610351562,0.0,0.0,2012,2015
BHS,Bahamas,2012,26.375,-77.17500305175781,0.4427120089530945,1.4473489807524667e-06,2012,2015
BHS,Bahamas,2012,26.375,-77.12500762939453,3.487408012188722,1.1401309044779305e-05,2012,2015
BHS,Bahamas,2012,26.375,-77.07500457763672,55.218885164724924,0.00018052593005201217,2012,2015
BHS,Bahamas,2012,26.375,-77.0250015258789,51.00619404391885,0.00016675346832380628,2012,2015
BHS,Bahamas,2012,26.42499542236328,-77.22500610351562,0.0,0.0,2012,2015
BHS,Bahamas,2012,26.42499542236328,-77.17500305175781,0.0,0.0,2012,2015
BHS,Bahamas,2012,26.42499542236328,-77.12500762939453,17.803079847253226,5.820323133341249e-05,2012,2015
BHS,Bahamas,2012,26.42499542236328,-77.07500457763672,7.571442782878876,2.4753157296409413e-05,2012,2015
BHS,Bahamas,2012,26.474998474121094,-77.17500305175781,0.09651400148868561,3.1553117796222085e-07,2012,2015
BHS,Bahamas,2012,26.474998474121094,-77.12500762939453,3.4529679864869385,1.128871499924067e-05,2012,2015
BHS,Bahamas,2012,26.474998474121094,-77.07500457763672,259.21025463007777,0.0008474305874977509,2012,2015
BHS,Bahamas,2012,26.524993896484375,-78.7750015258789,3647.354322910311,0.01192421812588927,2012,2015
BHS,Bahamas,2012,26.524993896484375,-78.72500610351562,10123.186760425568,0.03309551975858232,2012,2015
BHS,Bahamas,2012,26.524993896484375,-78.67500305175781,19067.632915496826,0.06233740785769036,2012,2015
BHS,Bahamas,2012,26.524993896484375,-78.62500762939453,4458.059815444052,0.014574640397207092,2012,2015
BHS,Bahamas,2012,26.524993896484375,-77.12500762939453,216.10672202706337,0.0007065131226037426,2012,2015
BHS,Bahamas,2012,26.524993896484375,-77.07500457763672,6652.849925264716,0.021750021150773,2012,2015
BHS,Bahamas,2012,26.574996948242188,-78.82500457763672,1770.3566680848598,0.0057877895049204195,2012,2015
BHS,Bahamas,2012,26.574996948242188,-78.7750015258789,0.0,0.0,2012,2015
BHS,Bahamas,2012,26.574996948242188,-78.67500305175781,763.2497289478779,0.002495276149984334,2012,2015
BHS,Bahamas,2012,26.574996948242188,-78.62500762939453,1514.081205159448,0.0049499535696945,2012,2015
BHS,Bahamas,2012,26.574996948242188,-78.57500457763672,2251.5748313964114,0.007361025839384392,2012,2015
BHS,Bahamas,2012,26.574996948242188,-78.5250015258789,87.84234043955803,0.0002871811004240815,2012,2015
BHS,Bahamas,2012,26.574996948242188,-77.87500762939453,0.0,0.0,2012,2015
BHS,Bahamas,2012,26.574996948242188,-77.17500305175781,13.046586856245995,4.265292968523659e-05,2012,2015
BHS,Bahamas,2012,26.625,-78.87500762939453,172.41021478176117,0.0005636570582889576,2012,2015
BHS,Bahamas,2012,26.625,-78.57500457763672,0.0,0.0,2012,2015
BHS,Bahamas,2012,26.625,-78.5250015258789,2.003649979844659,6.550490380802211e-06,2012,2015
BHS,Bahamas,2012,26.625,-78.47500610351562,4.985270008444786,1.629823749882258e-05,2012,2015
BHS,Bahamas,2012,26.625,-78.42500305175781,3.7941571176078908,1.240415738884174e-05,2012,2015
BHS,Bahamas,2012,26.625,-78.37500762939453,141.72111928836068,0.00046332584932169777,2012,2015
BHS,Bahamas,2012,26.625,-78.32500457763672,76.30705747754729,0.00024946904450484295,2012,2015
BHS,Bahamas,2012,26.625,-78.2750015258789,150.27487437427146,0.0004912904593951301,2012,2015
BHS,Bahamas,2012,26.625,-78.22500610351562,160.4605506658554,0.000524590274852498,2012,2015
BHS,Bahamas,2012,26.625,-77.32500457763672,0.0,0.0,2012,2015
BHS,Bahamas,2012,26.625,-77.2750015258789,100.54081586006785,0.00032869595677606365,2012,2015
BHS,Bahamas,2012,26.67499542236328,-78.57500457763672,0.0,0.0,2012,2015
BHS,Bahamas,2012,26.67499542236328,-78.5250015258789,2.5125410184310484,8.214197059448264e-06,2012,2015
BHS,Bahamas,2012,26.67499542236328,-78.47500610351562,0.07447700202465057,2.434860830289748e-07,2012,2015
BHS,Bahamas,2012,26.67499542236328,-78.42500305175781,0.14418499916791916,4.7138095955195426e-07,2012,2015
BHS,Bahamas,2012,26.67499542236328,-78.37500762939453,0.0,0.0,2012,2015
BHS,Bahamas,2012,26.67499542236328,-78.32500457763672,1.3101739883426604,4.2833240307178006e-06,2012,2015
BHS,Bahamas,2012,26.67499542236328,-78.2750015258789,0.0,0.0,2012,2015
BHS,Bahamas,2012,26.67499542236328,-78.22500610351562,0.47735000401735306,1.560590243328823e-06,2012,2015
BHS,Bahamas,2012,26.67499542236328,-78.17500305175781,3.9958320297360794,1.3063488901448175e-05,2012,2015
BHS,Bahamas,2012,26.67499542236328,-78.12500762939453,7.345985014014969,2.4016072994721827e-05,2012,2015
BHS,Bahamas,2012,26.67499542236328,-78.07500457763672,2.6841780161485076,8.775326255589176e-06,2012,2015
BHS,Bahamas,2012,26.67499542236328,-78.0250015258789,2.222065007332231,7.264549997487813e-06,2012,2015
BHS,Bahamas,2012,26.67499542236328,-77.97500610351562,42.135102793574646,0.00013775139785883236,2012,2015
BHS,Bahamas,2012,26.67499542236328,-77.92500305175781,7.581815123558044,2.4787067369789877e-05,2012,2015
BHS,Bahamas,2012,26.67499542236328,-77.32500457763672,898.6068734527182,0.0029377963915289936,2012,2015
BHS,Bahamas,2012,26.67499542236328,-77.2750015258789,1682.7777283415198,0.005501469534805637,2012,2015
BHS,Bahamas,2012,26.724998474121094,-78.62500762939453,0.0,0.0,2012,2015
BHS,Bahamas,2012,26.724998474121094,-78.57500457763672,0.0,0.0,2012,2015
BHS,Bahamas,2012,26.724998474121094,-78.5250015258789,0.0,0.0,2012,2015
BHS,Bahamas,2012,26.724998474121094,-78.0250015258789,0.0,0.0,2012,2015
BHS,Bahamas,2012,26.724998474121094,-77.97500610351562,0.0,0.0,2012,2015
BHS,Bahamas,2012,26.724998474121094,-77.92500305175781,0.0,0.0,2012,2015
BHS,Bahamas,2012,26.724998474121094,-77.42500305175781,43.13899058107583,0.00014103338690960517,2012,2015
BHS,Bahamas,2012,26.724998474121094,-77.37500762939453,249.59842051570791,0.0008160068220989023,2012,2015
BHS,Bahamas,2012,26.774993896484375,-78.57500457763672,0.0,0.0,2012,2015
BHS,Bahamas,2012,26.774993896484375,-77.42500305175781,31.01198375225067,0.00010138682070331566,2012,2015
BHS,Bahamas,2012,26.824996948242188,-77.47500610351562,8.942610964179039,2.923588834844932e-05,2012,2015
BHS,Bahamas,2012,26.875,-77.67500305175781,20.470592498779297,6.69240738659213e-05,2012,2015
BHS,Bahamas,2012,26.875,-77.62500762939453,47.070703107894225,0.00015388725128016764,2012,2015
BHS,Bahamas,2012,26.875,-77.57500457763672,11.449978291988373,3.743317117088428e-05,2012,2015
BHS,Bahamas,2012,26.875,-77.5250015258789,495.05609935155746,0.0016184764052508095,2012,2015
BHS,Bahamas,2012,26.92499542236328,-77.87500762939453,0.0,0.0,2012,2015
BHS,Bahamas,2012,26.92499542236328,-77.82500457763672,137.9878925904699,0.00045112089046167597,2012,2015
BHS,Bahamas,2012,26.92499542236328,-77.7750015258789,171.74573430791497,0.0005614846863697375,2012,2015
BHS,Bahamas,2013,20.974998474121094,-73.67500305175781,525.6390964984894,0.0017184607491443527,2013,2015
BHS,Bahamas,2013,20.974998474121094,-73.62500762939453,0.07109799981117249,2.3243918276258514e-07,2013,2015
BHS,Bahamas,2013,20.974998474121094,-73.57500457763672,0.0,0.0,2013,2015
BHS,Bahamas,2013,20.974998474121094,-73.5250015258789,0.0,0.0,2013,2015
BHS,Bahamas,2013,20.974998474121094,-73.47500610351562,0.0,0.0,2013,2015
BHS,Bahamas,2013,20.974998474121094,-73.42500305175781,0.0,0.0,2013,2015
BHS,Bahamas,2013,20.974998474121094,-73.37500762939453,0.0,0.0,2013,2015
BHS,Bahamas,2013,20.974998474121094,-73.32500457763672,0.0,0.0,2013,2015
BHS,Bahamas,2013,20.974998474121094,-73.2750015258789,0.0,0.0,2013,2015
BHS,Bahamas,2013,20.974998474121094,-73.22500610351562,0.0,0.0,2013,2015
BHS,Bahamas,2013,20.974998474121094,-73.17500305175781,0.0,0.0,2013,2015
BHS,Bahamas,2013,21.024993896484375,-73.67500305175781,0.8303360159117856,2.7145999250255633e-06,2013,2015
BHS,Bahamas,2013,21.024993896484375,-73.62500762939453,43.848684140481495,0.00014335357301045523,2013,2015
BHS,Bahamas,2013,21.024993896484375,-73.57500457763672,0.0,0.0,2013,2015
BHS,Bahamas,2013,21.024993896484375,-73.5250015258789,0.0,0.0,2013,2015
BHS,Bahamas,2013,21.024993896484375,-73.47500610351562,0.0,0.0,2013,2015
BHS,Bahamas,2013,21.024993896484375,-73.42500305175781,0.0,0.0,2013,2015
BHS,Bahamas,2013,21.024993896484375,-73.37500762939453,0.0,0.0,2013,2015
BHS,Bahamas,2013,21.024993896484375,-73.32500457763672,1.2806830406188965,4.186909900840569e-06,2013,2015
BHS,Bahamas,2013,21.024993896484375,-73.2750015258789,0.0,0.0,2013,2015
BHS,Bahamas,2013,21.024993896484375,-73.22500610351562,0.0,0.0,2013,2015
BHS,Bahamas,2013,21.024993896484375,-73.17500305175781,0.0,0.0,2013,2015
BHS,Bahamas,2013,21.024993896484375,-73.12500762939453,0.0,0.0,2013,2015
BHS,Bahamas,2013,21.074996948242188,-73.62500762939453,8.775263778866476,2.8688783745014912e-05,2013,2015
BHS,Bahamas,2013,21.074996948242188,-73.57500457763672,1.201717022806406,3.928747973710423e-06,2013,2015
BHS,Bahamas,2013,21.074996948242188,-73.5250015258789,0.0,0.0,2013,2015
BHS,Bahamas,2013,21.074996948242188,-73.47500610351562,0.0,0.0,2013,2015
BHS,Bahamas,2013,21.074996948242188,-73.42500305175781,0.0,0.0,2013,2015
BHS,Bahamas,2013,21.074996948242188,-73.37500762939453,0.0,0.0,2013,2015
BHS,Bahamas,2013,21.074996948242188,-73.32500457763672,0.0,0.0,2013,2015
BHS,Bahamas,2013,21.074996948242188,-73.2750015258789,0.0,0.0,2013,2015
BHS,Bahamas,2013,21.074996948242188,-73.22500610351562,0.0,0.0,2013,2015
BHS,Bahamas,2013,21.074996948242188,-73.17500305175781,0.0,0.0,2013,2015
BHS,Bahamas,2013,21.074996948242188,-73.12500762939453,0.0,0.0,2013,2015
BHS,Bahamas,2013,21.125,-73.5250015258789,0.0,0.0,2013,2015
BHS,Bahamas,2013,21.125,-73.47500610351562,0.0,0.0,2013,2015
BHS,Bahamas,2013,21.125,-73.42500305175781,0.0,0.0,2013,2015
BHS,Bahamas,2013,21.125,-73.37500762939453,0.0,0.0,2013,2015
BHS,Bahamas,2013,21.125,-73.32500457763672,0.0,0.0,2013,2015
BHS,Bahamas,2013,21.125,-73.2750015258789,0.0,0.0,2013,2015
BHS,Bahamas,2013,21.125,-73.22500610351562,0.0,0.0,2013,2015
BHS,Bahamas,2013,21.125,-73.17500305175781,0.0,0.0,2013,2015
BHS,Bahamas,2013,21.125,-73.12500762939453,0.0,0.0,2013,2015
BHS,Bahamas,2013,21.125,-73.07500457763672,0.0,0.0,2013,2015
BHS,Bahamas,2013,21.17499542236328,-73.47500610351562,0.0,0.0,2013,2015
BHS,Bahamas,2013,21.17499542236328,-73.42500305175781,0.0,0.0,2013,2015
BHS,Bahamas,2013,21.17499542236328,-73.37500762939453,0.0,0.0,2013,2015
BHS,Bahamas,2013,21.17499542236328,-73.12500762939453,0.0,0.0,2013,2015
BHS,Bahamas,2013,21.17499542236328,-73.07500457763672,0.027753999456763268,9.073556174936928e-08,2013,2015
BHS,Bahamas,2013,21.224998474121094,-73.07500457763672,0.0,0.0,2013,2015
BHS,Bahamas,2013,21.224998474121094,-73.0250015258789,0.0,0.0,2013,2015
BHS,Bahamas,2013,21.274993896484375,-73.07500457763672,0.0,0.0,2013,2015
BHS,Bahamas,2013,21.274993896484375,-73.0250015258789,0.0,0.0,2013,2015
BHS,Bahamas,2013,21.324996948242188,-73.0250015258789,0.0,0.0,2013,2015
BHS,Bahamas,2013,21.474998474121094,-73.0250015258789,0.7568639814891699,2.474399361262113e-06,2013,2015
BHS,Bahamas,2013,21.474998474121094,-72.97500610351562,0.0,0.0,2013,2015
BHS,Bahamas,2013,21.524993896484375,-73.0250015258789,0.0,0.0,2013,2015
BHS,Bahamas,2013,21.524993896484375,-72.97500610351562,0.0,0.0,2013,2015
BHS,Bahamas,2013,22.17499542236328,-74.2750015258789,2.7267739921808243,8.914584376552102e-06,2013,2015
BHS,Bahamas,2013,22.224998474121094,-74.22500610351562,117.02899311855474,0.0003826004049656889,2013,2015
BHS,Bahamas,2013,22.274993896484375,-74.17500305175781,0.19867900013923645,6.495370410855738e-07,2013,2015
BHS,Bahamas,2013,22.324996948242188,-74.12500762939453,1.5368570312857628,5.024414094963897e-06,2013,2015
BHS,Bahamas,2013,22.324996948242188,-74.07500457763672,3.413741998374462,1.116047430830514e-05,2013,2015
BHS,Bahamas,2013,22.324996948242188,-72.82500457763672,0.0,0.0,2013,2015
BHS,Bahamas,2013,22.324996948242188,-72.7750015258789,0.0,0.0,2013,2015
BHS,Bahamas,2013,22.375,-74.07500457763672,0.0,0.0,2013,2015
BHS,Bahamas,2013,22.375,-74.0250015258789,4.757766991853714,1.555446671212118e-05,2013,2015
BHS,Bahamas,2013,22.375,-73.97500610351562,0.0,0.0,2013,2015
BHS,Bahamas,2013,22.375,-73.12500762939453,0.12881700694561005,4.21138708541484e-07,2013,2015
BHS,Bahamas,2013,22.375,-73.07500457763672,0.0,0.0,2013,2015
BHS,Bahamas,2013,22.375,-73.0250015258789,50.5905552731039,0.00016539462930626348,2013,2015
BHS,Bahamas,2013,22.375,-72.97500610351562,126.71773886680603,0.00041427561593785625,2013,2015
BHS,Bahamas,2013,22.375,-72.92500305175781,1.4115130491554737,4.614629672786746e-06,2013,2015
BHS,Bahamas,2013,22.375,-72.87500762939453,0.0,0.0,2013,2015
BHS,Bahamas,2013,22.375,-72.82500457763672,0.0,0.0,2013,2015
BHS,Bahamas,2013,22.42499542236328,-73.97500610351562,47.35080189258326,0.00015480297229593216,2013,2015
BHS,Bahamas,2013,22.42499542236328,-73.12500762939453,58.648998923612254,0.00019173992820970974,2013,2015
BHS,Bahamas,2013,22.42499542236328,-73.07500457763672,43.643376871949165,0.00014268236631210062,2013,2015
BHS,Bahamas,2013,22.42499542236328,-73.0250015258789,0.1513269990682602,4.947301483411566e-07,2013,2015
BHS,Bahamas,2013,22.474998474121094,-73.87500762939453,0.8563529849052429,2.7996566499244325e-06,2013,2015
BHS,Bahamas,2013,22.574996948242188,-74.37500762939453,1.5460069626569748,5.0543277715217e-06,2013,2015
BHS,Bahamas,2013,22.574996948242188,-73.87500762939453,66.4300123155117,0.00021717823025310464,2013,2015
BHS,Bahamas,2013,22.574996948242188,-73.62500762939453,0.0,0.0,2013,2015
BHS,Bahamas,2013,22.625,-74.32500457763672,11.966922760009766,3.9123206755565384e-05,2013,2015
BHS,Bahamas,2013,22.625,-74.0250015258789,0.0,0.0,2013,2015
BHS,Bahamas,2013,22.625,-73.97500610351562,0.0,0.0,2013,2015
BHS,Bahamas,2013,22.625,-73.92500305175781,0.20033299922943115,6.549444252290938e-07,2013,2015
BHS,Bahamas,2013,22.625,-73.87500762939453,50.189397007227825,0.0001640831310963794,2013,2015
BHS,Bahamas,2013,22.67499542236328,-74.07500457763672,0.08314599841833115,2.7182744906557976e-07,2013,2015
BHS,Bahamas,2013,22.67499542236328,-73.92500305175781,18.17451437562704,5.941755435873406e-05,2013,2015
BHS,Bahamas,2013,22.724998474121094,-74.2750015258789,0.48702299595154563,1.5922139506908337e-06,2013,2015
BHS,Bahamas,2013,22.724998474121094,-74.22500610351562,0.37711699679493904,1.2329005988030835e-06,2013,2015
BHS,Bahamas,2013,22.724998474121094,-74.17500305175781,39.49752097577318,0.00012912840756617314,2013,2015
BHS,Bahamas,2013,22.724998474121094,-74.12500762939453,11.967238143098877,3.9124237830809205e-05,2013,2015
BHS,Bahamas,2013,22.724998474121094,-74.07500457763672,9.147311940789223,2.990511290948257e-05,2013,2015
BHS,Bahamas,2013,22.774993896484375,-74.2750015258789,1.0095068010695929e-11,3.300359172650235e-17,2013,2015
BHS,Bahamas,2013,22.774993896484375,-74.22500610351562,88.37551623585276,0.00028892420074601294,2013,2015
BHS,Bahamas,2013,22.824996948242188,-74.32500457763672,97.82287999988141,0.00031981026671698006,2013,2015
BHS,Bahamas,2013,22.824996948242188,-74.2750015258789,17.949625074879265,5.8682328537801075e-05,2013,2015
BHS,Bahamas,2013,22.92499542236328,-74.87500762939453,87.43238287419514,0.00028584083485102223,2013,2015
BHS,Bahamas,2013,22.974998474121094,-74.87500762939453,81.02799335122108,0.00026490310002350286,2013,2015
BHS,Bahamas,2013,23.024993896484375,-74.92500305175781,37.04576912522316,0.00012111294724391315,2013,2015
BHS,Bahamas,2013,23.024993896484375,-74.87500762939453,107.0881491303508,0.00035010101456475973,2013,2015
BHS,Bahamas,2013,23.074996948242188,-74.97500610351562,98.62775817520955,0.0003224416378637576,2013,2015
BHS,Bahamas,2013,23.074996948242188,-74.92500305175781,31.107130989494653,0.00010169788354792234,2013,2015
BHS,Bahamas,2013,23.074996948242188,-73.7750015258789,0.0,0.0,2013,2015
BHS,Bahamas,2013,23.125,-75.12500762939453,0.0,0.0,2013,2015
BHS,Bahamas,2013,23.17499542236328,-75.22500610351562,0.0,0.0,2013,2015
BHS,Bahamas,2013,23.17499542236328,-75.17500305175781,0.0,0.0,2013,2015
BHS,Bahamas,2013,23.224998474121094,-75.12500762939453,75.71455562114716,0.0002475319907529409,2013,2015
BHS,Bahamas,2013,23.42499542236328,-75.57500457763672,62.19437590248877,0.000203330753967734,2013,2015
BHS,Bahamas,2013,23.42499542236328,-75.17500305175781,123.24543659389366,0.00040292369176609364,2013,2015
BHS,Bahamas,2013,23.474998474121094,-75.7750015258789,776.3103403449288,0.0025379749298033573,2013,2015
BHS,Bahamas,2013,23.474998474121094,-75.72500610351562,362.0963339880109,0.0011837938644833075,2013,2015
BHS,Bahamas,2013,23.474998474121094,-75.22500610351562,209.9042613506317,0.0006862355494712239,2013,2015
BHS,Bahamas,2013,23.524993896484375,-75.82500457763672,489.13141281176166,0.001599106953211482,2013,2015
BHS,Bahamas,2013,23.524993896484375,-75.22500610351562,81.88971680403569,0.00026772031423025335,2013,2015
BHS,Bahamas,2013,23.574996948242188,-75.92500305175781,186.56682202219963,0.0006099389540722104,2013,2015
BHS,Bahamas,2013,23.574996948242188,-75.87500762939453,701.0437020659447,0.0022919073057166245,2013,2015
BHS,Bahamas,2013,23.625,-75.97500610351562,152.78901632130146,0.0004995098903364906,2013,2015
BHS,Bahamas,2013,23.625,-75.92500305175781,1215.966047145429,0.003975332006753871,2013,2015
BHS,Bahamas,2013,23.67499542236328,-76.0250015258789,152.09811109304823,0.0004972511285281683,2013,2015
BHS,Bahamas,2013,23.67499542236328,-75.32500457763672,73.72541415692625,0.0002410289327545354,2013,2015
BHS,Bahamas,2013,23.67499542236328,-74.92500305175781,0.22926799952983856,7.495410079870376e-07,2013,2015
BHS,Bahamas,2013,23.67499542236328,-74.87500762939453,6.002876125277719,1.9625075592707826e-05,2013,2015
BHS,Bahamas,2013,23.67499542236328,-74.82500457763672,35.023906901509676,0.00011450291596052036,2013,2015
BHS,Bahamas,2013,23.774993896484375,-77.72500610351562,0.0,0.0,2013,2015
BHS,Bahamas,2013,23.774993896484375,-77.62500762939453,0.0,0.0,2013,2015
BHS,Bahamas,2013,23.774993896484375,-77.57500457763672,0.0,0.0,2013,2015
BHS,Bahamas,2013,23.824996948242188,-77.72500610351562,0.0,0.0,2013,2015
BHS,Bahamas,2013,23.824996948242188,-77.67500305175781,0.14824700355529785,4.846607843386984e-07,2013,2015
BHS,Bahamas,2013,23.824996948242188,-77.57500457763672,0.0,0.0,2013,2015
BHS,Bahamas,2013,23.875,-77.7750015258789,0.0,0.0,2013,2015
BHS,Bahamas,2013,23.875,-77.72500610351562,0.03000600077211857,9.809798188371455e-08,2013,2015
BHS,Bahamas,2013,23.875,-77.67500305175781,0.0,0.0,2013,2015
BHS,Bahamas,2013,23.875,-77.62500762939453,0.0,0.0,2013,2015
BHS,Bahamas,2013,23.875,-77.57500457763672,0.0,0.0,2013,2015
BHS,Bahamas,2013,23.875,-77.5250015258789,49.993198946133255,0.00016344170493669074,2013,2015
BHS,Bahamas,2013,23.92499542236328,-77.7750015258789,0.0,0.0,2013,2015
BHS,Bahamas,2013,23.92499542236328,-77.72500610351562,0.0,0.0,2013,2015
BHS,Bahamas,2013,23.92499542236328,-77.67500305175781,0.0,0.0,2013,2015
BHS,Bahamas,2013,23.92499542236328,-77.62500762939453,0.0,0.0,2013,2015
BHS,Bahamas,2013,23.92499542236328,-77.5250015258789,58.46482092142105,0.00019113779897364307,2013,2015
BHS,Bahamas,2013,23.974998474121094,-77.82500457763672,0.0,0.0,2013,2015
BHS,Bahamas,2013,23.974998474121094,-77.7750015258789,0.0,0.0,2013,2015
BHS,Bahamas,2013,23.974998474121094,-77.72500610351562,0.0,0.0,2013,2015
BHS,Bahamas,2013,23.974998474121094,-77.67500305175781,0.0,0.0,2013,2015
BHS,Bahamas,2013,23.974998474121094,-77.62500762939453,0.05787000060081482,1.891931655158877e-07,2013,2015
BHS,Bahamas,2013,23.974998474121094,-77.57500457763672,13.555343724820041,4.431619772470709e-05,2013,2015
BHS,Bahamas,2013,23.974998474121094,-76.32500457763672,46.757614463567734,0.0001528636772160199,2013,2015
BHS,Bahamas,2013,23.974998474121094,-74.5250015258789,89.97949697078893,0.00029416806094159767,2013,2015
BHS,Bahamas,2013,24.024993896484375,-77.82500457763672,0.0,0.0,2013,2015
BHS,Bahamas,2013,24.024993896484375,-77.7750015258789,4.544108145321246e-11,1.4855956376951395e-16,2013,2015
BHS,Bahamas,2013,24.024993896484375,-77.72500610351562,2.490483969449997,8.142086417054296e-06,2013,2015
BHS,Bahamas,2013,24.024993896484375,-77.67500305175781,0.0,0.0,2013,2015
BHS,Bahamas,2013,24.024993896484375,-77.62500762939453,0.23562000319361687,7.703074788362156e-07,2013,2015
BHS,Bahamas,2013,24.024993896484375,-77.57500457763672,1.795287936925888,5.869296773339133e-06,2013,2015
BHS,Bahamas,2013,24.024993896484375,-74.5250015258789,104.33438239246607,0.00034109818337720596,2013,2015
BHS,Bahamas,2013,24.024993896484375,-74.47500610351562,4.745942898094654,1.5515810453188955e-05,2013,2015
BHS,Bahamas,2013,24.074996948242188,-77.87500762939453,0.0,0.0,2013,2015
BHS,Bahamas,2013,24.074996948242188,-77.82500457763672,0.0,0.0,2013,2015
BHS,Bahamas,2013,24.074996948242188,-77.7750015258789,0.0,0.0,2013,2015
BHS,Bahamas,2013,24.074996948242188,-77.72500610351562,0.817501999440207,2.672641947190208e-06,2013,2015
BHS,Bahamas,2013,24.074996948242188,-77.67500305175781,0.19553300738334656,6.392519136966434e-07,2013,2015
BHS,Bahamas,2013,24.074996948242188,-77.62500762939453,0.4706220030784607,1.5385945325631836e-06,2013,2015
BHS,Bahamas,2013,24.074996948242188,-77.57500457763672,27.09783614433855,8.859038094957377e-05,2013,2015
BHS,Bahamas,2013,24.074996948242188,-76.37500762939453,172.8204801082611,0.0005649983300189744,2013,2015
BHS,Bahamas,2013,24.074996948242188,-74.5250015258789,483.0294202566147,0.001579157838376906,2013,2015
BHS,Bahamas,2013,24.074996948242188,-74.47500610351562,9.784929923713207,3.198966385689599e-05,2013,2015
BHS,Bahamas,2013,24.125,-77.87500762939453,0.0,0.0,2013,2015
BHS,Bahamas,2013,24.125,-77.82500457763672,0.0,0.0,2013,2015
BHS,Bahamas,2013,24.125,-77.7750015258789,0.0,0.0,2013,2015
BHS,Bahamas,2013,24.125,-77.62500762939453,3.6844210475683212,1.2045399582612047e-05,2013,2015
BHS,Bahamas,2013,24.125,-77.57500457763672,262.0222769677639,0.0008566238724821083,2013,2015
BHS,Bahamas,2013,24.125,-74.47500610351562,149.2220915332456,0.00048784861878295487,2013,2015
BHS,Bahamas,2013,24.17499542236328,-77.92500305175781,0.0,0.0,2013,2015
BHS,Bahamas,2013,24.17499542236328,-77.82500457763672,0.0,0.0,2013,2015
BHS,Bahamas,2013,24.17499542236328,-77.7750015258789,0.0,0.0,2013,2015
BHS,Bahamas,2013,24.17499542236328,-77.62500762939453,16.175217265274405,5.288129472183583e-05,2013,2015
BHS,Bahamas,2013,24.17499542236328,-75.47500610351562,30.16226901113987,9.86088663230283e-05,2013,2015
BHS,Bahamas,2013,24.17499542236328,-75.42500305175781,12.55302894115448,4.103935126200998e-05,2013,2015
BHS,Bahamas,2013,24.17499542236328,-75.37500762939453,59.12850558757782,0.00019330756917566353,2013,2015
BHS,Bahamas,2013,24.17499542236328,-75.32500457763672,88.5645659044385,0.0002895422568176931,2013,2015
BHS,Bahamas,2013,24.224998474121094,-77.87500762939453,0.0,0.0,2013,2015
BHS,Bahamas,2013,24.224998474121094,-77.7750015258789,0.0,0.0,2013,2015
BHS,Bahamas,2013,24.224998474121094,-77.72500610351562,0.0,0.0,2013,2015
BHS,Bahamas,2013,24.224998474121094,-77.67500305175781,20.25312273950014,6.621310459453991e-05,2013,2015
BHS,Bahamas,2013,24.224998474121094,-76.47500610351562,107.3267525434556,0.00035088107564233917,2013,2015
BHS,Bahamas,2013,24.224998474121094,-75.37500762939453,312.0322169959545,0.0010201203086832834,2013,2015
BHS,Bahamas,2013,24.224998474121094,-75.32500457763672,3.9079729318618774,1.2776253016298443e-05,2013,2015
BHS,Bahamas,2013,24.274993896484375,-78.0250015258789,0.0,0.0,2013,2015
BHS,Bahamas,2013,24.274993896484375,-77.67500305175781,342.706509873271,0.0011204031237717499,2013,2015
BHS,Bahamas,2013,24.274993896484375,-76.5250015258789,34.31749054791963,0.00011219344395913232,2013,2015
BHS,Bahamas,2013,24.274993896484375,-75.37500762939453,5.21016600728035,1.7033485217671897e-05,2013,2015
BHS,Bahamas,2013,24.324996948242188,-78.0250015258789,0.0,0.0,2013,2015
BHS,Bahamas,2013,24.324996948242188,-77.87500762939453,0.0,0.0,2013,2015
BHS,Bahamas,2013,24.324996948242188,-77.7750015258789,0.0,0.0,2013,2015
BHS,Bahamas,2013,24.324996948242188,-75.47500610351562,112.83382150903344,0.00036888521940412974,2013,2015
BHS,Bahamas,2013,24.324996948242188,-75.42500305175781,58.886520102628126,0.00019251645116233687,2013,2015
BHS,Bahamas,2013,24.375,-78.07500457763672,0.0,0.0,2013,2015
BHS,Bahamas,2013,24.375,-78.0250015258789,0.0,0.0,2013,2015
BHS,Bahamas,2013,24.375,-77.97500610351562,0.0,0.0,2013,2015
BHS,Bahamas,2013,24.375,-77.92500305175781,0.0,0.0,2013,2015
BHS,Bahamas,2013,24.375,-77.87500762939453,0.0,0.0,2013,2015
BHS,Bahamas,2013,24.42499542236328,-78.12500762939453,0.0,0.0,2013,2015
BHS,Bahamas,2013,24.42499542236328,-78.07500457763672,0.0,0.0,2013,2015
BHS,Bahamas,2013,24.42499542236328,-78.0250015258789,0.0,0.0,2013,2015
BHS,Bahamas,2013,24.42499542236328,-77.97500610351562,0.0,0.0,2013,2015
BHS,Bahamas,2013,24.42499542236328,-77.92500305175781,0.10438299924135208,3.412571254100841e-07,2013,2015
BHS,Bahamas,2013,24.42499542236328,-77.87500762939453,0.0,0.0,2013,2015
BHS,Bahamas,2013,24.42499542236328,-75.5250015258789,69.5924364775488,0.0002275170764896347,2013,2015
BHS,Bahamas,2013,24.474998474121094,-78.22500610351562,0.0,0.0,2013,2015
BHS,Bahamas,2013,24.474998474121094,-78.17500305175781,0.7809790372848511,2.5532382016839143e-06,2013,2015
BHS,Bahamas,2013,24.474998474121094,-78.12500762939453,2.6636810302734375,8.708315894417963e-06,2013,2015
BHS,Bahamas,2013,24.474998474121094,-78.07500457763672,0.0,0.0,2013,2015
BHS,Bahamas,2013,24.474998474121094,-78.0250015258789,0.0,0.0,2013,2015
BHS,Bahamas,2013,24.474998474121094,-77.97500610351562,0.20494499804005972,6.700223351181433e-07,2013,2015
BHS,Bahamas,2013,24.474998474121094,-77.92500305175781,0.0778760015964508,2.5459836023477424e-07,2013,2015
BHS,Bahamas,2013,24.474998474121094,-77.87500762939453,0.0,0.0,2013,2015
BHS,Bahamas,2013,24.474998474121094,-77.82500457763672,0.0,0.0,2013,2015
BHS,Bahamas,2013,24.474998474121094,-77.7750015258789,1.9929519891738892,6.515515666811385e-06,2013,2015
BHS,Bahamas,2013,24.524993896484375,-78.32500457763672,0.0,0.0,2013,2015
BHS,Bahamas,2013,24.524993896484375,-78.2750015258789,0.0,0.0,2013,2015
BHS,Bahamas,2013,24.524993896484375,-78.22500610351562,0.0,0.0,2013,2015
BHS,Bahamas,2013,24.524993896484375,-78.17500305175781,0.0,0.0,2013,2015
BHS,Bahamas,2013,24.524993896484375,-78.12500762939453,0.0,0.0,2013,2015
BHS,Bahamas,2013,24.524993896484375,-78.07500457763672,0.0,0.0,2013,2015
BHS,Bahamas,2013,24.524993896484375,-78.0250015258789,0.0,0.0,2013,2015
BHS,Bahamas,2013,24.524993896484375,-77.97500610351562,0.0,0.0,2013,2015
BHS,Bahamas,2013,24.524993896484375,-77.92500305175781,0.3476780056959406,1.1366563296171742e-06,2013,2015
BHS,Bahamas,2013,24.524993896484375,-77.87500762939453,0.0,0.0,2013,2015
BHS,Bahamas,2013,24.524993896484375,-77.82500457763672,0.0,0.0,2013,2015
BHS,Bahamas,2013,24.524993896484375,-77.7750015258789,2.5405130535897817,8.30564544069345e-06,2013,2015
BHS,Bahamas,2013,24.524993896484375,-77.72500610351562,105.02196593778483,0.0003433460856779649,2013,2015
BHS,Bahamas,2013,24.524993896484375,-76.7750015258789,0.475818008184433,1.555581721846568e-06,2013,2015
BHS,Bahamas,2013,24.524993896484375,-75.57500457763672,54.715574949990284,0.0001788804686424129,2013,2015
BHS,Bahamas,2013,24.574996948242188,-78.37500762939453,0.2315439973026514,7.569818792307733e-07,2013,2015
BHS,Bahamas,2013,24.574996948242188,-78.32500457763672,0.0324070006608963,1.0594751989382402e-07,2013,2015
BHS,Bahamas,2013,24.574996948242188,-78.2750015258789,0.0,0.0,2013,2015
BHS,Bahamas,2013,24.574996948242188,-78.22500610351562,0.0,0.0,2013,2015
BHS,Bahamas,2013,24.574996948242188,-78.17500305175781,0.0,0.0,2013,2015
BHS,Bahamas,2013,24.574996948242188,-78.12500762939453,0.0,0.0,2013,2015
BHS,Bahamas,2013,24.574996948242188,-78.07500457763672,0.08419000358920857,2.7524059302691707e-07,2013,2015
BHS,Bahamas,2013,24.574996948242188,-78.0250015258789,0.08015099912881851,2.620359614136382e-07,2013,2015
BHS,Bahamas,2013,24.574996948242188,-77.97500610351562,0.07390999794006348,2.416323886016421e-07,2013,2015
BHS,Bahamas,2013,24.574996948242188,-77.92500305175781,0.0,0.0,2013,2015
BHS,Bahamas,2013,24.574996948242188,-77.87500762939453,0.0,0.0,2013,2015
BHS,Bahamas,2013,24.574996948242188,-77.82500457763672,0.0,0.0,2013,2015
BHS,Bahamas,2013,24.574996948242188,-77.7750015258789,55.98589515686035,0.00018303349955067872,2013,2015
BHS,Bahamas,2013,24.574996948242188,-75.62500762939453,98.76647156477856,0.0003228951306061031,2013,2015
BHS,Bahamas,2013,24.625,-78.42500305175781,0.0,0.0,2013,2015
BHS,Bahamas,2013,24.625,-78.37500762939453,0.0,0.0,2013,2015
BHS,Bahamas,2013,24.625,-78.32500457763672,0.0,0.0,2013,2015
BHS,Bahamas,2013,24.625,-78.17500305175781,0.0,0.0,2013,2015
BHS,Bahamas,2013,24.625,-78.12500762939453,0.0,0.0,2013,2015
BHS,Bahamas,2013,24.625,-78.07500457763672,0.06961199641227722,2.2758102336936744e-07,2013,2015
BHS,Bahamas,2013,24.625,-78.0250015258789,0.14351800084114075,4.6920035606954767e-07,2013,2015
BHS,Bahamas,2013,24.625,-77.97500610351562,0.0,0.0,2013,2015
BHS,Bahamas,2013,24.625,-77.92500305175781,0.13816100358963013,4.5168683857946954e-07,2013,2015
BHS,Bahamas,2013,24.625,-77.87500762939453,0.0,0.0,2013,2015
BHS,Bahamas,2013,24.625,-77.82500457763672,0.0,0.0,2013,2015
BHS,Bahamas,2013,24.625,-77.7750015258789,136.6808976829052,0.00044684795973231586,2013,2015
BHS,Bahamas,2013,24.625,-75.67500305175781,136.96615090966887,0.000447780532056227,2013,2015
BHS,Bahamas,2013,24.625,-75.62500762939453,7.873494081199169,2.5740647199366068e-05,2013,2015
BHS,Bahamas,2013,24.67499542236328,-78.32500457763672,0.0,0.0,2013,2015
BHS,Bahamas,2013,24.67499542236328,-78.22500610351562,0.0,0.0,2013,2015
BHS,Bahamas,2013,24.67499542236328,-78.17500305175781,0.0,0.0,2013,2015
BHS,Bahamas,2013,24.67499542236328,-78.12500762939453,0.0,0.0,2013,2015
BHS,Bahamas,2013,24.67499542236328,-78.07500457763672,0.15547499805688858,5.082911134537828e-07,2013,2015
BHS,Bahamas,2013,24.67499542236328,-78.0250015258789,1.9060719646513462,6.231480645403655e-06,2013,2015
BHS,Bahamas,2013,24.67499542236328,-77.97500610351562,0.12170200608670712,3.9787778714579367e-07,2013,2015
BHS,Bahamas,2013,24.67499542236328,-77.92500305175781,0.884335994725056,2.891140910396309e-06,2013,2015
BHS,Bahamas,2013,24.67499542236328,-77.87500762939453,6.504813954234123,2.1266050290591227e-05,2013,2015
BHS,Bahamas,2013,24.67499542236328,-77.82500457763672,3.795086044854268,1.2407194310985362e-05,2013,2015
BHS,Bahamas,2013,24.67499542236328,-77.7750015258789,88.74501677045507,0.0002901322010065182,2013,2015
BHS,Bahamas,2013,24.67499542236328,-76.17500305175781,45.68270182609558,0.00014934948812970556,2013,2015
BHS,Bahamas,2013,24.67499542236328,-75.72500610351562,38.66761332753741,0.00012641520809450493,2013,2015
BHS,Bahamas,2013,24.724998474121094,-78.2750015258789,0.0,0.0,2013,2015
BHS,Bahamas,2013,24.724998474121094,-78.22500610351562,0.0,0.0,2013,2015
BHS,Bahamas,2013,24.724998474121094,-78.17500305175781,0.0,0.0,2013,2015
BHS,Bahamas,2013,24.724998474121094,-78.12500762939453,0.0,0.0,2013,2015
BHS,Bahamas,2013,24.724998474121094,-78.07500457763672,1.9189879558980465,6.273706621632594e-06,2013,2015
BHS,Bahamas,2013,24.724998474121094,-78.0250015258789,0.07665599882602692,2.506098310542268e-07,2013,2015
BHS,Bahamas,2013,24.724998474121094,-77.97500610351562,0.01894400082528591,6.193322008745523e-08,2013,2015
BHS,Bahamas,2013,24.724998474121094,-77.92500305175781,0.41882701218306373,1.3692622674235707e-06,2013,2015
BHS,Bahamas,2013,24.724998474121094,-77.87500762939453,5.513357043266296,1.8024701240804528e-05,2013,2015
BHS,Bahamas,2013,24.724998474121094,-77.82500457763672,88.20907086136008,0.00028838004441356416,2013,2015
BHS,Bahamas,2013,24.724998474121094,-77.7750015258789,1027.9184441864536,0.0033605519669730787,2013,2015
BHS,Bahamas,2013,24.774993896484375,-78.2750015258789,0.0,0.0,2013,2015
BHS,Bahamas,2013,24.774993896484375,-78.22500610351562,0.0,0.0,2013,2015
BHS,Bahamas,2013,24.774993896484375,-78.17500305175781,0.018352000042796135,5.999780448586033e-08,2013,2015
BHS,Bahamas,2013,24.774993896484375,-78.12500762939453,0.17364100367003157,5.676808502958023e-07,2013,2015
BHS,Bahamas,2013,24.774993896484375,-78.07500457763672,2.730512082577465,8.926805236199285e-06,2013,2015
BHS,Bahamas,2013,24.774993896484375,-78.0250015258789,0.0,0.0,2013,2015
BHS,Bahamas,2013,24.774993896484375,-77.97500610351562,0.0531499981880188,1.7376216174107637e-07,2013,2015
BHS,Bahamas,2013,24.774993896484375,-77.92500305175781,0.0895349979563498,2.9271486974171283e-07,2013,2015
BHS,Bahamas,2013,24.774993896484375,-77.87500762939453,106.90509486198425,0.00034950255912785113,2013,2015
BHS,Bahamas,2013,24.774993896484375,-76.2750015258789,227.55652648210526,0.0007439457254531848,2013,2015
BHS,Bahamas,2013,24.774993896484375,-76.22500610351562,246.72617363930004,0.000806616646307491,2013,2015
BHS,Bahamas,2013,24.824996948242188,-78.22500610351562,0.0,0.0,2013,2015
BHS,Bahamas,2013,24.824996948242188,-78.17500305175781,0.0,0.0,2013,2015
BHS,Bahamas,2013,24.824996948242188,-78.12500762939453,0.031773000955581665,1.0387479810465357e-07,2013,2015
BHS,Bahamas,2013,24.824996948242188,-78.07500457763672,0.0,0.0,2013,2015
BHS,Bahamas,2013,24.824996948242188,-78.0250015258789,0.37204800359904766,1.2163286468633477e-06,2013,2015
BHS,Bahamas,2013,24.824996948242188,-77.97500610351562,0.39066198468208313,1.2771829404073286e-06,2013,2015
BHS,Bahamas,2013,24.824996948242188,-77.92500305175781,32.86031014844775,0.00010742951498658088,2013,2015
BHS,Bahamas,2013,24.824996948242188,-77.87500762939453,153.3966140858829,0.0005014962968208188,2013,2015
BHS,Bahamas,2013,24.824996948242188,-76.17500305175781,39.388286071853216,0.00012877128821170834,2013,2015
BHS,Bahamas,2013,24.875,-78.17500305175781,0.0,0.0,2013,2015
BHS,Bahamas,2013,24.875,-78.12500762939453,0.02217799983918667,7.250606446904883e-08,2013,2015
BHS,Bahamas,2013,24.875,-78.07500457763672,0.1885750070346994,6.165042707390819e-07,2013,2015
BHS,Bahamas,2013,24.875,-78.0250015258789,0.19192500412464142,6.274563451703066e-07,2013,2015
BHS,Bahamas,2013,24.875,-77.97500610351562,0.054287999868392944,1.7748260649720366e-07,2013,2015
BHS,Bahamas,2013,24.875,-77.92500305175781,149.90067663788875,0.000490067102672474,2013,2015
BHS,Bahamas,2013,24.875,-76.17500305175781,538.7639731019735,0.0017613696298396746,2013,2015
BHS,Bahamas,2013,24.92499542236328,-78.17500305175781,0.0,0.0,2013,2015
BHS,Bahamas,2013,24.92499542236328,-78.12500762939453,0.12342600151896477,4.0351400884576655e-07,2013,2015
BHS,Bahamas,2013,24.92499542236328,-78.07500457763672,0.4993089810013771,1.6323802610230606e-06,2013,2015
BHS,Bahamas,2013,24.92499542236328,-78.0250015258789,12.859837125986814,4.204239275314478e-05,2013,2015
BHS,Bahamas,2013,24.92499542236328,-77.97500610351562,77.54682842642069,0.0002535222013719036,2013,2015
BHS,Bahamas,2013,24.92499542236328,-77.92500305175781,108.54245620966023,0.0003548555498526485,2013,2015
BHS,Bahamas,2013,24.92499542236328,-76.17500305175781,94.85781192035864,0.0003101166325350041,2013,2015
BHS,Bahamas,2013,24.974998474121094,-78.17500305175781,0.0,0.0,2013,2015
BHS,Bahamas,2013,24.974998474121094,-78.12500762939453,0.2583870068192482,8.447391608912566e-07,2013,2015
BHS,Bahamas,2013,24.974998474121094,-78.07500457763672,4.319060798749033,1.4120213860156803e-05,2013,2015
BHS,Bahamas,2013,24.974998474121094,-78.0250015258789,93.7624505721839,0.000306535590912516,2013,2015
BHS,Bahamas,2013,24.974998474121094,-77.97500610351562,0.9919559955596924,3.2429806964570793e-06,2013,2015
BHS,Bahamas,2013,24.974998474121094,-76.17500305175781,404.0577600598335,0.001320977464719476,2013,2015
BHS,Bahamas,2013,25.024993896484375,-78.12500762939453,0.0,0.0,2013,2015
BHS,Bahamas,2013,25.024993896484375,-78.07500457763672,5.701124079552455,1.8638564029912826e-05,2013,2015
BHS,Bahamas,2013,25.024993896484375,-78.0250015258789,167.1332987099901,0.0005464053485012446,2013,2015
BHS,Bahamas,2013,25.024993896484375,-77.5250015258789,4517.950136184692,0.014770438552504225,2013,2015
BHS,Bahamas,2013,25.024993896484375,-77.47500610351562,2313.268972337246,0.007562721185802195,2013,2015
BHS,Bahamas,2013,25.024993896484375,-77.42500305175781,6454.781180530887,0.021102479204740537,2013,2015
BHS,Bahamas,2013,25.024993896484375,-77.37500762939453,61432.58322143555,0.200840241313527,2013,2015
BHS,Bahamas,2013,25.024993896484375,-77.32500457763672,72592.57071125507,0.2373253517057141,2013,2015
BHS,Bahamas,2013,25.024993896484375,-76.12500762939453,43.667708670826094,0.00014276191374608074,2013,2015
BHS,Bahamas,2013,25.074996948242188,-78.12500762939453,0.0,0.0,2013,2015
BHS,Bahamas,2013,25.074996948242188,-78.07500457763672,7.903860062583374,2.5839922058229527e-05,2013,2015
BHS,Bahamas,2013,25.074996948242188,-78.0250015258789,438.62051690369844,0.0014339727525777355,2013,2015
BHS,Bahamas,2013,25.074996948242188,-77.97500610351562,258.28794801235716,0.000844415310034969,2013,2015
BHS,Bahamas,2013,25.074996948242188,-77.42500305175781,5118.235666900873,0.01673293930575253,2013,2015
BHS,Bahamas,2013,25.074996948242188,-77.37500762939453,25638.595013141632,0.0838197148705027,2013,2015
BHS,Bahamas,2013,25.074996948242188,-77.32500457763672,50643.8415389061,0.1655688369648253,2013,2015
BHS,Bahamas,2013,25.074996948242188,-76.12500762939453,224.04746390879154,0.0007324736216110224,2013,2015
BHS,Bahamas,2013,25.125,-78.17500305175781,78.1611753553196,0.0002555306727559822,2013,2015
BHS,Bahamas,2013,25.125,-78.12500762939453,0.9390070140361786,3.0698757142336166e-06,2013,2015
BHS,Bahamas,2013,25.125,-78.07500457763672,363.1687555015087,0.0011872999093908503,2013,2015
BHS,Bahamas,2013,25.125,-78.0250015258789,1278.110508680453,0.004178499576738758,2013,2015
BHS,Bahamas,2013,25.125,-76.12500762939453,67.5219259336666,0.00022074800028496673,2013,2015
BHS,Bahamas,2013,25.17499542236328,-78.17500305175781,0.0,0.0,2013,2015
BHS,Bahamas,2013,25.17499542236328,-78.12500762939453,0.0,0.0,2013,2015
BHS,Bahamas,2013,25.17499542236328,-76.22500610351562,564.683667719373,0.0018461083376841304,2013,2015
BHS,Bahamas,2013,25.17499542236328,-76.17500305175781,951.4172287583351,0.0031104481659986094,2013,2015
BHS,Bahamas,2013,25.224998474121094,-76.2750015258789,344.49410931766033,0.0011262472847195155,2013,2015
BHS,Bahamas,2013,25.324996948242188,-76.37500762939453,258.5264679044485,0.0008451950980590706,2013,2015
BHS,Bahamas,2013,25.375,-76.5250015258789,288.48998120985925,0.0009431541765690553,2013,2015
BHS,Bahamas,2013,25.42499542236328,-76.7750015258789,120.56067657470956,0.0003941464627803248,2013,2015
BHS,Bahamas,2013,25.42499542236328,-76.57500457763672,162.974528580904,0.0005328091695275807,2013,2015
BHS,Bahamas,2013,25.474998474121094,-76.72500610351562,907.9773148010207,0.0029684309766777857,2013,2015
BHS,Bahamas,2013,25.474998474121094,-76.67500305175781,270.7924664542079,0.0008852960669505345,2013,2015
BHS,Bahamas,2013,25.524993896484375,-76.82500457763672,80.51631665229797,0.00026323028624460304,2013,2015
BHS,Bahamas,2013,25.524993896484375,-76.72500610351562,194.6552423388015,0.0006363822550542978,2013,2015
BHS,Bahamas,2013,25.774993896484375,-77.87500762939453,319.60924231633544,0.0010448917168511401,2013,2015
BHS,Bahamas,2013,25.92499542236328,-77.2750015258789,0.0,0.0,2013,2015
BHS,Bahamas,2013,25.92499542236328,-77.22500610351562,0.0,0.0,2013,2015
BHS,Bahamas,2013,25.974998474121094,-77.2750015258789,0.0,0.0,2013,2015
BHS,Bahamas,2013,25.974998474121094,-77.22500610351562,0.0,0.0,2013,2015
BHS,Bahamas,2013,26.024993896484375,-77.37500762939453,181.2252214550972,0.0005924757726358974,2013,2015
BHS,Bahamas,2013,26.024993896484375,-77.32500457763672,0.8967850208318138,2.931840247397772e-06,2013,2015
BHS,Bahamas,2013,26.024993896484375,-77.2750015258789,0.25097400695085526,8.205039976545317e-07,2013,2015
BHS,Bahamas,2013,26.024993896484375,-77.22500610351562,0.0,0.0,2013,2015
BHS,Bahamas,2013,26.074996948242188,-77.2750015258789,0.0,0.0,2013,2015
BHS,Bahamas,2013,26.074996948242188,-77.22500610351562,0.723857007920742,2.366490362667387e-06,2013,2015
BHS,Bahamas,2013,26.125,-77.22500610351562,16.034234330058098,5.2420382202043685e-05,2013,2015
BHS,Bahamas,2013,26.17499542236328,-77.22500610351562,0.17425699532032013,5.696946987326349e-07,2013,2015
BHS,Bahamas,2013,26.224998474121094,-77.22500610351562,0.0,0.0,2013,2015
BHS,Bahamas,2013,26.224998474121094,-77.17500305175781,55.42930483073105,0.00018121385060299164,2013,2015
BHS,Bahamas,2013,26.274993896484375,-77.22500610351562,0.0,0.0,2013,2015
BHS,Bahamas,2013,26.274993896484375,-77.17500305175781,1.9993849992752075,6.536546970288631e-06,2013,2015
BHS,Bahamas,2013,26.324996948242188,-77.57500457763672,177.44367699325085,0.0005801128495350168,2013,2015
BHS,Bahamas,2013,26.324996948242188,-77.22500610351562,0.0,0.0,2013,2015
BHS,Bahamas,2013,26.324996948242188,-77.17500305175781,0.0,0.0,2013,2015
BHS,Bahamas,2013,26.324996948242188,-77.12500762939453,6.425300007686019,2.100609703166755e-05,2013,2015
BHS,Bahamas,2013,26.324996948242188,-77.07500457763672,15.48613003268838,5.0628476448187886e-05,2013,2015
BHS,Bahamas,2013,26.324996948242188,-77.0250015258789,95.83701726794384,0.00031331792780848507,2013,2015
BHS,Bahamas,2013,26.375,-77.22500610351562,0.0,0.0,2013,2015
BHS,Bahamas,2013,26.375,-77.17500305175781,0.4427120089530945,1.4473489807524667e-06,2013,2015
BHS,Bahamas,2013,26.375,-77.12500762939453,3.487408012188722,1.1401309044779305e-05,2013,2015
BHS,Bahamas,2013,26.375,-77.07500457763672,55.218885164724924,0.00018052593005201217,2013,2015
BHS,Bahamas,2013,26.375,-77.0250015258789,51.00619404391885,0.00016675346832380628,2013,2015
BHS,Bahamas,2013,26.42499542236328,-77.22500610351562,0.0,0.0,2013,2015
BHS,Bahamas,2013,26.42499542236328,-77.17500305175781,0.0,0.0,2013,2015
BHS,Bahamas,2013,26.42499542236328,-77.12500762939453,17.803079847253226,5.820323133341249e-05,2013,2015
BHS,Bahamas,2013,26.42499542236328,-77.07500457763672,7.571442782878876,2.4753157296409413e-05,2013,2015
BHS,Bahamas,2013,26.474998474121094,-77.17500305175781,0.09651400148868561,3.1553117796222085e-07,2013,2015
BHS,Bahamas,2013,26.474998474121094,-77.12500762939453,3.4529679864869385,1.128871499924067e-05,2013,2015
BHS,Bahamas,2013,26.474998474121094,-77.07500457763672,259.21025463007777,0.0008474305874977509,2013,2015
BHS,Bahamas,2013,26.524993896484375,-78.7750015258789,3647.354322910311,0.01192421812588927,2013,2015
BHS,Bahamas,2013,26.524993896484375,-78.72500610351562,10123.186760425568,0.03309551975858232,2013,2015
BHS,Bahamas,2013,26.524993896484375,-78.67500305175781,19067.632915496826,0.06233740785769036,2013,2015
BHS,Bahamas,2013,26.524993896484375,-78.62500762939453,4458.059815444052,0.014574640397207092,2013,2015
BHS,Bahamas,2013,26.524993896484375,-77.12500762939453,216.10672202706337,0.0007065131226037426,2013,2015
BHS,Bahamas,2013,26.524993896484375,-77.07500457763672,6652.849925264716,0.021750021150773,2013,2015
BHS,Bahamas,2013,26.574996948242188,-78.82500457763672,1770.3566680848598,0.0057877895049204195,2013,2015
BHS,Bahamas,2013,26.574996948242188,-78.7750015258789,0.0,0.0,2013,2015
BHS,Bahamas,2013,26.574996948242188,-78.67500305175781,763.2497289478779,0.002495276149984334,2013,2015
BHS,Bahamas,2013,26.574996948242188,-78.62500762939453,1514.081205159448,0.0049499535696945,2013,2015
BHS,Bahamas,2013,26.574996948242188,-78.57500457763672,2251.5748313964114,0.007361025839384392,2013,2015
BHS,Bahamas,2013,26.574996948242188,-78.5250015258789,87.84234043955803,0.0002871811004240815,2013,2015
BHS,Bahamas,2013,26.574996948242188,-77.87500762939453,0.0,0.0,2013,2015
BHS,Bahamas,2013,26.574996948242188,-77.17500305175781,13.046586856245995,4.265292968523659e-05,2013,2015
BHS,Bahamas,2013,26.625,-78.87500762939453,172.41021478176117,0.0005636570582889576,2013,2015
BHS,Bahamas,2013,26.625,-78.57500457763672,0.0,0.0,2013,2015
BHS,Bahamas,2013,26.625,-78.5250015258789,2.003649979844659,6.550490380802211e-06,2013,2015
BHS,Bahamas,2013,26.625,-78.47500610351562,4.985270008444786,1.629823749882258e-05,2013,2015
BHS,Bahamas,2013,26.625,-78.42500305175781,3.7941571176078908,1.240415738884174e-05,2013,2015
BHS,Bahamas,2013,26.625,-78.37500762939453,141.72111928836068,0.00046332584932169777,2013,2015
BHS,Bahamas,2013,26.625,-78.32500457763672,76.30705747754729,0.00024946904450484295,2013,2015
BHS,Bahamas,2013,26.625,-78.2750015258789,150.27487437427146,0.0004912904593951301,2013,2015
BHS,Bahamas,2013,26.625,-78.22500610351562,160.4605506658554,0.000524590274852498,2013,2015
BHS,Bahamas,2013,26.625,-77.32500457763672,0.0,0.0,2013,2015
BHS,Bahamas,2013,26.625,-77.2750015258789,100.54081586006785,0.00032869595677606365,2013,2015
BHS,Bahamas,2013,26.67499542236328,-78.57500457763672,0.0,0.0,2013,2015
BHS,Bahamas,2013,26.67499542236328,-78.5250015258789,2.5125410184310484,8.214197059448264e-06,2013,2015
BHS,Bahamas,2013,26.67499542236328,-78.47500610351562,0.07447700202465057,2.434860830289748e-07,2013,2015
BHS,Bahamas,2013,26.67499542236328,-78.42500305175781,0.14418499916791916,4.7138095955195426e-07,2013,2015
BHS,Bahamas,2013,26.67499542236328,-78.37500762939453,0.0,0.0,2013,2015
BHS,Bahamas,2013,26.67499542236328,-78.32500457763672,1.3101739883426604,4.2833240307178006e-06,2013,2015
BHS,Bahamas,2013,26.67499542236328,-78.2750015258789,0.0,0.0,2013,2015
BHS,Bahamas,2013,26.67499542236328,-78.22500610351562,0.47735000401735306,1.560590243328823e-06,2013,2015
BHS,Bahamas,2013,26.67499542236328,-78.17500305175781,3.9958320297360794,1.3063488901448175e-05,2013,2015
BHS,Bahamas,2013,26.67499542236328,-78.12500762939453,7.345985014014969,2.4016072994721827e-05,2013,2015
BHS,Bahamas,2013,26.67499542236328,-78.07500457763672,2.6841780161485076,8.775326255589176e-06,2013,2015
BHS,Bahamas,2013,26.67499542236328,-78.0250015258789,2.222065007332231,7.264549997487813e-06,2013,2015
BHS,Bahamas,2013,26.67499542236328,-77.97500610351562,42.135102793574646,0.00013775139785883236,2013,2015
BHS,Bahamas,2013,26.67499542236328,-77.92500305175781,7.581815123558044,2.4787067369789877e-05,2013,2015
BHS,Bahamas,2013,26.67499542236328,-77.32500457763672,898.6068734527182,0.0029377963915289936,2013,2015
BHS,Bahamas,2013,26.67499542236328,-77.2750015258789,1682.7777283415198,0.005501469534805637,2013,2015
BHS,Bahamas,2013,26.724998474121094,-78.62500762939453,0.0,0.0,2013,2015
BHS,Bahamas,2013,26.724998474121094,-78.57500457763672,0.0,0.0,2013,2015
BHS,Bahamas,2013,26.724998474121094,-78.5250015258789,0.0,0.0,2013,2015
BHS,Bahamas,2013,26.724998474121094,-78.0250015258789,0.0,0.0,2013,2015
BHS,Bahamas,2013,26.724998474121094,-77.97500610351562,0.0,0.0,2013,2015
BHS,Bahamas,2013,26.724998474121094,-77.92500305175781,0.0,0.0,2013,2015
BHS,Bahamas,2013,26.724998474121094,-77.42500305175781,43.13899058107583,0.00014103338690960517,2013,2015
BHS,Bahamas,2013,26.724998474121094,-77.37500762939453,249.59842051570791,0.0008160068220989023,2013,2015
BHS,Bahamas,2013,26.774993896484375,-78.57500457763672,0.0,0.0,2013,2015
BHS,Bahamas,2013,26.774993896484375,-77.42500305175781,31.01198375225067,0.00010138682070331566,2013,2015
BHS,Bahamas,2013,26.824996948242188,-77.47500610351562,8.942610964179039,2.923588834844932e-05,2013,2015
BHS,Bahamas,2013,26.875,-77.67500305175781,20.470592498779297,6.69240738659213e-05,2013,2015
BHS,Bahamas,2013,26.875,-77.62500762939453,47.070703107894225,0.00015388725128016764,2013,2015
BHS,Bahamas,2013,26.875,-77.57500457763672,11.449978291988373,3.743317117088428e-05,2013,2015
BHS,Bahamas,2013,26.875,-77.5250015258789,495.05609935155746,0.0016184764052508095,2013,2015
BHS,Bahamas,2013,26.92499542236328,-77.87500762939453,0.0,0.0,2013,2015
BHS,Bahamas,2013,26.92499542236328,-77.82500457763672,137.9878925904699,0.00045112089046167597,2013,2015
BHS,Bahamas,2013,26.92499542236328,-77.7750015258789,171.74573430791497,0.0005614846863697375,2013,2015
BHS,Bahamas,2014,20.974998474121094,-73.67500305175781,525.6390964984894,0.0017184607491443527,2014,2015
BHS,Bahamas,2014,20.974998474121094,-73.62500762939453,0.07109799981117249,2.3243918276258514e-07,2014,2015
BHS,Bahamas,2014,20.974998474121094,-73.57500457763672,0.0,0.0,2014,2015
BHS,Bahamas,2014,20.974998474121094,-73.5250015258789,0.0,0.0,2014,2015
BHS,Bahamas,2014,20.974998474121094,-73.47500610351562,0.0,0.0,2014,2015
BHS,Bahamas,2014,20.974998474121094,-73.42500305175781,0.0,0.0,2014,2015
BHS,Bahamas,2014,20.974998474121094,-73.37500762939453,0.0,0.0,2014,2015
BHS,Bahamas,2014,20.974998474121094,-73.32500457763672,0.0,0.0,2014,2015
BHS,Bahamas,2014,20.974998474121094,-73.2750015258789,0.0,0.0,2014,2015
BHS,Bahamas,2014,20.974998474121094,-73.22500610351562,0.0,0.0,2014,2015
BHS,Bahamas,2014,20.974998474121094,-73.17500305175781,0.0,0.0,2014,2015
BHS,Bahamas,2014,21.024993896484375,-73.67500305175781,0.8303360159117856,2.7145999250255633e-06,2014,2015
BHS,Bahamas,2014,21.024993896484375,-73.62500762939453,43.848684140481495,0.00014335357301045523,2014,2015
BHS,Bahamas,2014,21.024993896484375,-73.57500457763672,0.0,0.0,2014,2015
BHS,Bahamas,2014,21.024993896484375,-73.5250015258789,0.0,0.0,2014,2015
BHS,Bahamas,2014,21.024993896484375,-73.47500610351562,0.0,0.0,2014,2015
BHS,Bahamas,2014,21.024993896484375,-73.42500305175781,0.0,0.0,2014,2015
BHS,Bahamas,2014,21.024993896484375,-73.37500762939453,0.0,0.0,2014,2015
BHS,Bahamas,2014,21.024993896484375,-73.32500457763672,1.2806830406188965,4.186909900840569e-06,2014,2015
BHS,Bahamas,2014,21.024993896484375,-73.2750015258789,0.0,0.0,2014,2015
BHS,Bahamas,2014,21.024993896484375,-73.22500610351562,0.0,0.0,2014,2015
BHS,Bahamas,2014,21.024993896484375,-73.17500305175781,0.0,0.0,2014,2015
BHS,Bahamas,2014,21.024993896484375,-73.12500762939453,0.0,0.0,2014,2015
BHS,Bahamas,2014,21.074996948242188,-73.62500762939453,8.775263778866476,2.8688783745014912e-05,2014,2015
BHS,Bahamas,2014,21.074996948242188,-73.57500457763672,1.201717022806406,3.928747973710423e-06,2014,2015
BHS,Bahamas,2014,21.074996948242188,-73.5250015258789,0.0,0.0,2014,2015
BHS,Bahamas,2014,21.074996948242188,-73.47500610351562,0.0,0.0,2014,2015
BHS,Bahamas,2014,21.074996948242188,-73.42500305175781,0.0,0.0,2014,2015
BHS,Bahamas,2014,21.074996948242188,-73.37500762939453,0.0,0.0,2014,2015
BHS,Bahamas,2014,21.074996948242188,-73.32500457763672,0.0,0.0,2014,2015
BHS,Bahamas,2014,21.074996948242188,-73.2750015258789,0.0,0.0,2014,2015
BHS,Bahamas,2014,21.074996948242188,-73.22500610351562,0.0,0.0,2014,2015
BHS,Bahamas,2014,21.074996948242188,-73.17500305175781,0.0,0.0,2014,2015
BHS,Bahamas,2014,21.074996948242188,-73.12500762939453,0.0,0.0,2014,2015
BHS,Bahamas,2014,21.125,-73.5250015258789,0.0,0.0,2014,2015
BHS,Bahamas,2014,21.125,-73.47500610351562,0.0,0.0,2014,2015
BHS,Bahamas,2014,21.125,-73.42500305175781,0.0,0.0,2014,2015
BHS,Bahamas,2014,21.125,-73.37500762939453,0.0,0.0,2014,2015
BHS,Bahamas,2014,21.125,-73.32500457763672,0.0,0.0,2014,2015
BHS,Bahamas,2014,21.125,-73.2750015258789,0.0,0.0,2014,2015
BHS,Bahamas,2014,21.125,-73.22500610351562,0.0,0.0,2014,2015
BHS,Bahamas,2014,21.125,-73.17500305175781,0.0,0.0,2014,2015
BHS,Bahamas,2014,21.125,-73.12500762939453,0.0,0.0,2014,2015
BHS,Bahamas,2014,21.125,-73.07500457763672,0.0,0.0,2014,2015
BHS,Bahamas,2014,21.17499542236328,-73.47500610351562,0.0,0.0,2014,2015
BHS,Bahamas,2014,21.17499542236328,-73.42500305175781,0.0,0.0,2014,2015
BHS,Bahamas,2014,21.17499542236328,-73.37500762939453,0.0,0.0,2014,2015
BHS,Bahamas,2014,21.17499542236328,-73.12500762939453,0.0,0.0,2014,2015
BHS,Bahamas,2014,21.17499542236328,-73.07500457763672,0.027753999456763268,9.073556174936928e-08,2014,2015
BHS,Bahamas,2014,21.224998474121094,-73.07500457763672,0.0,0.0,2014,2015
BHS,Bahamas,2014,21.224998474121094,-73.0250015258789,0.0,0.0,2014,2015
BHS,Bahamas,2014,21.274993896484375,-73.07500457763672,0.0,0.0,2014,2015
BHS,Bahamas,2014,21.274993896484375,-73.0250015258789,0.0,0.0,2014,2015
BHS,Bahamas,2014,21.324996948242188,-73.0250015258789,0.0,0.0,2014,2015
BHS,Bahamas,2014,21.474998474121094,-73.0250015258789,0.7568639814891699,2.474399361262113e-06,2014,2015
BHS,Bahamas,2014,21.474998474121094,-72.97500610351562,0.0,0.0,2014,2015
BHS,Bahamas,2014,21.524993896484375,-73.0250015258789,0.0,0.0,2014,2015
BHS,Bahamas,2014,21.524993896484375,-72.97500610351562,0.0,0.0,2014,2015
BHS,Bahamas,2014,22.17499542236328,-74.2750015258789,2.7267739921808243,8.914584376552102e-06,2014,2015
BHS,Bahamas,2014,22.224998474121094,-74.22500610351562,117.02899311855474,0.0003826004049656889,2014,2015
BHS,Bahamas,2014,22.274993896484375,-74.17500305175781,0.19867900013923645,6.495370410855738e-07,2014,2015
BHS,Bahamas,2014,22.324996948242188,-74.12500762939453,1.5368570312857628,5.024414094963897e-06,2014,2015
BHS,Bahamas,2014,22.324996948242188,-74.07500457763672,3.413741998374462,1.116047430830514e-05,2014,2015
BHS,Bahamas,2014,22.324996948242188,-72.82500457763672,0.0,0.0,2014,2015
BHS,Bahamas,2014,22.324996948242188,-72.7750015258789,0.0,0.0,2014,2015
BHS,Bahamas,2014,22.375,-74.07500457763672,0.0,0.0,2014,2015
BHS,Bahamas,2014,22.375,-74.0250015258789,4.757766991853714,1.555446671212118e-05,2014,2015
BHS,Bahamas,2014,22.375,-73.97500610351562,0.0,0.0,2014,2015
BHS,Bahamas,2014,22.375,-73.12500762939453,0.12881700694561005,4.21138708541484e-07,2014,2015
BHS,Bahamas,2014,22.375,-73.07500457763672,0.0,0.0,2014,2015
BHS,Bahamas,2014,22.375,-73.0250015258789,50.5905552731039,0.00016539462930626348,2014,2015
BHS,Bahamas,2014,22.375,-72.97500610351562,126.71773886680603,0.00041427561593785625,2014,2015
BHS,Bahamas,2014,22.375,-72.92500305175781,1.4115130491554737,4.614629672786746e-06,2014,2015
BHS,Bahamas,2014,22.375,-72.87500762939453,0.0,0.0,2014,2015
BHS,Bahamas,2014,22.375,-72.82500457763672,0.0,0.0,2014,2015
BHS,Bahamas,2014,22.42499542236328,-73.97500610351562,47.35080189258326,0.00015480297229593216,2014,2015
BHS,Bahamas,2014,22.42499542236328,-73.12500762939453,58.648998923612254,0.00019173992820970974,2014,2015
BHS,Bahamas,2014,22.42499542236328,-73.07500457763672,43.643376871949165,0.00014268236631210062,2014,2015
BHS,Bahamas,2014,22.42499542236328,-73.0250015258789,0.1513269990682602,4.947301483411566e-07,2014,2015
BHS,Bahamas,2014,22.474998474121094,-73.87500762939453,0.8563529849052429,2.7996566499244325e-06,2014,2015
BHS,Bahamas,2014,22.574996948242188,-74.37500762939453,1.5460069626569748,5.0543277715217e-06,2014,2015
BHS,Bahamas,2014,22.574996948242188,-73.87500762939453,66.4300123155117,0.00021717823025310464,2014,2015
BHS,Bahamas,2014,22.574996948242188,-73.62500762939453,0.0,0.0,2014,2015
BHS,Bahamas,2014,22.625,-74.32500457763672,11.966922760009766,3.9123206755565384e-05,2014,2015
BHS,Bahamas,2014,22.625,-74.0250015258789,0.0,0.0,2014,2015
BHS,Bahamas,2014,22.625,-73.97500610351562,0.0,0.0,2014,2015
BHS,Bahamas,2014,22.625,-73.92500305175781,0.20033299922943115,6.549444252290938e-07,2014,2015
BHS,Bahamas,2014,22.625,-73.87500762939453,50.189397007227825,0.0001640831310963794,2014,2015
BHS,Bahamas,2014,22.67499542236328,-74.07500457763672,0.08314599841833115,2.7182744906557976e-07,2014,2015
BHS,Bahamas,2014,22.67499542236328,-73.92500305175781,18.17451437562704,5.941755435873406e-05,2014,2015
BHS,Bahamas,2014,22.724998474121094,-74.2750015258789,0.48702299595154563,1.5922139506908337e-06,2014,2015
BHS,Bahamas,2014,22.724998474121094,-74.22500610351562,0.37711699679493904,1.2329005988030835e-06,2014,2015
BHS,Bahamas,2014,22.724998474121094,-74.17500305175781,39.49752097577318,0.00012912840756617314,2014,2015
BHS,Bahamas,2014,22.724998474121094,-74.12500762939453,11.967238143098877,3.9124237830809205e-05,2014,2015
BHS,Bahamas,2014,22.724998474121094,-74.07500457763672,9.147311940789223,2.990511290948257e-05,2014,2015
BHS,Bahamas,2014,22.774993896484375,-74.2750015258789,1.0095068010695929e-11,3.300359172650235e-17,2014,2015
BHS,Bahamas,2014,22.774993896484375,-74.22500610351562,88.37551623585276,0.00028892420074601294,2014,2015
BHS,Bahamas,2014,22.824996948242188,-74.32500457763672,97.82287999988141,0.00031981026671698006,2014,2015
BHS,Bahamas,2014,22.824996948242188,-74.2750015258789,17.949625074879265,5.8682328537801075e-05,2014,2015
BHS,Bahamas,2014,22.92499542236328,-74.87500762939453,87.43238287419514,0.00028584083485102223,2014,2015
BHS,Bahamas,2014,22.974998474121094,-74.87500762939453,81.02799335122108,0.00026490310002350286,2014,2015
BHS,Bahamas,2014,23.024993896484375,-74.92500305175781,37.04576912522316,0.00012111294724391315,2014,2015
BHS,Bahamas,2014,23.024993896484375,-74.87500762939453,107.0881491303508,0.00035010101456475973,2014,2015
BHS,Bahamas,2014,23.074996948242188,-74.97500610351562,98.62775817520955,0.0003224416378637576,2014,2015
BHS,Bahamas,2014,23.074996948242188,-74.92500305175781,31.107130989494653,0.00010169788354792234,2014,2015
BHS,Bahamas,2014,23.074996948242188,-73.7750015258789,0.0,0.0,2014,2015
BHS,Bahamas,2014,23.125,-75.12500762939453,0.0,0.0,2014,2015
BHS,Bahamas,2014,23.17499542236328,-75.22500610351562,0.0,0.0,2014,2015
BHS,Bahamas,2014,23.17499542236328,-75.17500305175781,0.0,0.0,2014,2015
BHS,Bahamas,2014,23.224998474121094,-75.12500762939453,75.71455562114716,0.0002475319907529409,2014,2015
BHS,Bahamas,2014,23.42499542236328,-75.57500457763672,62.19437590248877,0.000203330753967734,2014,2015
BHS,Bahamas,2014,23.42499542236328,-75.17500305175781,123.24543659389366,0.00040292369176609364,2014,2015
BHS,Bahamas,2014,23.474998474121094,-75.7750015258789,776.3103403449288,0.0025379749298033573,2014,2015
BHS,Bahamas,2014,23.474998474121094,-75.72500610351562,362.0963339880109,0.0011837938644833075,2014,2015
BHS,Bahamas,2014,23.474998474121094,-75.22500610351562,209.9042613506317,0.0006862355494712239,2014,2015
BHS,Bahamas,2014,23.524993896484375,-75.82500457763672,489.13141281176166,0.001599106953211482,2014,2015
BHS,Bahamas,2014,23.524993896484375,-75.22500610351562,81.88971680403569,0.00026772031423025335,2014,2015
BHS,Bahamas,2014,23.574996948242188,-75.92500305175781,186.56682202219963,0.0006099389540722104,2014,2015
BHS,Bahamas,2014,23.574996948242188,-75.87500762939453,701.0437020659447,0.0022919073057166245,2014,2015
BHS,Bahamas,2014,23.625,-75.97500610351562,152.78901632130146,0.0004995098903364906,2014,2015
BHS,Bahamas,2014,23.625,-75.92500305175781,1215.966047145429,0.003975332006753871,2014,2015
BHS,Bahamas,2014,23.67499542236328,-76.0250015258789,152.09811109304823,0.0004972511285281683,2014,2015
BHS,Bahamas,2014,23.67499542236328,-75.32500457763672,73.72541415692625,0.0002410289327545354,2014,2015
BHS,Bahamas,2014,23.67499542236328,-74.92500305175781,0.22926799952983856,7.495410079870376e-07,2014,2015
BHS,Bahamas,2014,23.67499542236328,-74.87500762939453,6.002876125277719,1.9625075592707826e-05,2014,2015
BHS,Bahamas,2014,23.67499542236328,-74.82500457763672,35.023906901509676,0.00011450291596052036,2014,2015
BHS,Bahamas,2014,23.774993896484375,-77.72500610351562,0.0,0.0,2014,2015
BHS,Bahamas,2014,23.774993896484375,-77.62500762939453,0.0,0.0,2014,2015
BHS,Bahamas,2014,23.774993896484375,-77.57500457763672,0.0,0.0,2014,2015
BHS,Bahamas,2014,23.824996948242188,-77.72500610351562,0.0,0.0,2014,2015
BHS,Bahamas,2014,23.824996948242188,-77.67500305175781,0.14824700355529785,4.846607843386984e-07,2014,2015
BHS,Bahamas,2014,23.824996948242188,-77.57500457763672,0.0,0.0,2014,2015
BHS,Bahamas,2014,23.875,-77.7750015258789,0.0,0.0,2014,2015
BHS,Bahamas,2014,23.875,-77.72500610351562,0.03000600077211857,9.809798188371455e-08,2014,2015
BHS,Bahamas,2014,23.875,-77.67500305175781,0.0,0.0,2014,2015
BHS,Bahamas,2014,23.875,-77.62500762939453,0.0,0.0,2014,2015
BHS,Bahamas,2014,23.875,-77.57500457763672,0.0,0.0,2014,2015
BHS,Bahamas,2014,23.875,-77.5250015258789,49.993198946133255,0.00016344170493669074,2014,2015
BHS,Bahamas,2014,23.92499542236328,-77.7750015258789,0.0,0.0,2014,2015
BHS,Bahamas,2014,23.92499542236328,-77.72500610351562,0.0,0.0,2014,2015
BHS,Bahamas,2014,23.92499542236328,-77.67500305175781,0.0,0.0,2014,2015
BHS,Bahamas,2014,23.92499542236328,-77.62500762939453,0.0,0.0,2014,2015
BHS,Bahamas,2014,23.92499542236328,-77.5250015258789,58.46482092142105,0.00019113779897364307,2014,2015
BHS,Bahamas,2014,23.974998474121094,-77.82500457763672,0.0,0.0,2014,2015
BHS,Bahamas,2014,23.974998474121094,-77.7750015258789,0.0,0.0,2014,2015
BHS,Bahamas,2014,23.974998474121094,-77.72500610351562,0.0,0.0,2014,2015
BHS,Bahamas,2014,23.974998474121094,-77.67500305175781,0.0,0.0,2014,2015
BHS,Bahamas,2014,23.974998474121094,-77.62500762939453,0.05787000060081482,1.891931655158877e-07,2014,2015
BHS,Bahamas,2014,23.974998474121094,-77.57500457763672,13.555343724820041,4.431619772470709e-05,2014,2015
BHS,Bahamas,2014,23.974998474121094,-76.32500457763672,46.757614463567734,0.0001528636772160199,2014,2015
BHS,Bahamas,2014,23.974998474121094,-74.5250015258789,89.97949697078893,0.00029416806094159767,2014,2015
BHS,Bahamas,2014,24.024993896484375,-77.82500457763672,0.0,0.0,2014,2015
BHS,Bahamas,2014,24.024993896484375,-77.7750015258789,4.544108145321246e-11,1.4855956376951395e-16,2014,2015
BHS,Bahamas,2014,24.024993896484375,-77.72500610351562,2.490483969449997,8.142086417054296e-06,2014,2015
BHS,Bahamas,2014,24.024993896484375,-77.67500305175781,0.0,0.0,2014,2015
BHS,Bahamas,2014,24.024993896484375,-77.62500762939453,0.23562000319361687,7.703074788362156e-07,2014,2015
BHS,Bahamas,2014,24.024993896484375,-77.57500457763672,1.795287936925888,5.869296773339133e-06,2014,2015
BHS,Bahamas,2014,24.024993896484375,-74.5250015258789,104.33438239246607,0.00034109818337720596,2014,2015
BHS,Bahamas,2014,24.024993896484375,-74.47500610351562,4.745942898094654,1.5515810453188955e-05,2014,2015
BHS,Bahamas,2014,24.074996948242188,-77.87500762939453,0.0,0.0,2014,2015
BHS,Bahamas,2014,24.074996948242188,-77.82500457763672,0.0,0.0,2014,2015
BHS,Bahamas,2014,24.074996948242188,-77.7750015258789,0.0,0.0,2014,2015
BHS,Bahamas,2014,24.074996948242188,-77.72500610351562,0.817501999440207,2.672641947190208e-06,2014,2015
BHS,Bahamas,2014,24.074996948242188,-77.67500305175781,0.19553300738334656,6.392519136966434e-07,2014,2015
BHS,Bahamas,2014,24.074996948242188,-77.62500762939453,0.4706220030784607,1.5385945325631836e-06,2014,2015
BHS,Bahamas,2014,24.074996948242188,-77.57500457763672,27.09783614433855,8.859038094957377e-05,2014,2015
BHS,Bahamas,2014,24.074996948242188,-76.37500762939453,172.8204801082611,0.0005649983300189744,2014,2015
BHS,Bahamas,2014,24.074996948242188,-74.5250015258789,483.0294202566147,0.001579157838376906,2014,2015
BHS,Bahamas,2014,24.074996948242188,-74.47500610351562,9.784929923713207,3.198966385689599e-05,2014,2015
BHS,Bahamas,2014,24.125,-77.87500762939453,0.0,0.0,2014,2015
BHS,Bahamas,2014,24.125,-77.82500457763672,0.0,0.0,2014,2015
BHS,Bahamas,2014,24.125,-77.7750015258789,0.0,0.0,2014,2015
BHS,Bahamas,2014,24.125,-77.62500762939453,3.6844210475683212,1.2045399582612047e-05,2014,2015
BHS,Bahamas,2014,24.125,-77.57500457763672,262.0222769677639,0.0008566238724821083,2014,2015
BHS,Bahamas,2014,24.125,-74.47500610351562,149.2220915332456,0.00048784861878295487,2014,2015
BHS,Bahamas,2014,24.17499542236328,-77.92500305175781,0.0,0.0,2014,2015
BHS,Bahamas,2014,24.17499542236328,-77.82500457763672,0.0,0.0,2014,2015
BHS,Bahamas,2014,24.17499542236328,-77.7750015258789,0.0,0.0,2014,2015
BHS,Bahamas,2014,24.17499542236328,-77.62500762939453,16.175217265274405,5.288129472183583e-05,2014,2015
BHS,Bahamas,2014,24.17499542236328,-75.47500610351562,30.16226901113987,9.86088663230283e-05,2014,2015
BHS,Bahamas,2014,24.17499542236328,-75.42500305175781,12.55302894115448,4.103935126200998e-05,2014,2015
BHS,Bahamas,2014,24.17499542236328,-75.37500762939453,59.12850558757782,0.00019330756917566353,2014,2015
BHS,Bahamas,2014,24.17499542236328,-75.32500457763672,88.5645659044385,0.0002895422568176931,2014,2015
BHS,Bahamas,2014,24.224998474121094,-77.87500762939453,0.0,0.0,2014,2015
BHS,Bahamas,2014,24.224998474121094,-77.7750015258789,0.0,0.0,2014,2015
BHS,Bahamas,2014,24.224998474121094,-77.72500610351562,0.0,0.0,2014,2015
BHS,Bahamas,2014,24.224998474121094,-77.67500305175781,20.25312273950014,6.621310459453991e-05,2014,2015
BHS,Bahamas,2014,24.224998474121094,-76.47500610351562,107.3267525434556,0.00035088107564233917,2014,2015
BHS,Bahamas,2014,24.224998474121094,-75.37500762939453,312.0322169959545,0.0010201203086832834,2014,2015
BHS,Bahamas,2014,24.224998474121094,-75.32500457763672,3.9079729318618774,1.2776253016298443e-05,2014,2015
BHS,Bahamas,2014,24.274993896484375,-78.0250015258789,0.0,0.0,2014,2015
BHS,Bahamas,2014,24.274993896484375,-77.67500305175781,342.706509873271,0.0011204031237717499,2014,2015
BHS,Bahamas,2014,24.274993896484375,-76.5250015258789,34.31749054791963,0.00011219344395913232,2014,2015
BHS,Bahamas,2014,24.274993896484375,-75.37500762939453,5.21016600728035,1.7033485217671897e-05,2014,2015
BHS,Bahamas,2014,24.324996948242188,-78.0250015258789,0.0,0.0,2014,2015
BHS,Bahamas,2014,24.324996948242188,-77.87500762939453,0.0,0.0,2014,2015
BHS,Bahamas,2014,24.324996948242188,-77.7750015258789,0.0,0.0,2014,2015
BHS,Bahamas,2014,24.324996948242188,-75.47500610351562,112.83382150903344,0.00036888521940412974,2014,2015
BHS,Bahamas,2014,24.324996948242188,-75.42500305175781,58.886520102628126,0.00019251645116233687,2014,2015
BHS,Bahamas,2014,24.375,-78.07500457763672,0.0,0.0,2014,2015
BHS,Bahamas,2014,24.375,-78.0250015258789,0.0,0.0,2014,2015
BHS,Bahamas,2014,24.375,-77.97500610351562,0.0,0.0,2014,2015
BHS,Bahamas,2014,24.375,-77.92500305175781,0.0,0.0,2014,2015
BHS,Bahamas,2014,24.375,-77.87500762939453,0.0,0.0,2014,2015
BHS,Bahamas,2014,24.42499542236328,-78.12500762939453,0.0,0.0,2014,2015
BHS,Bahamas,2014,24.42499542236328,-78.07500457763672,0.0,0.0,2014,2015
BHS,Bahamas,2014,24.42499542236328,-78.0250015258789,0.0,0.0,2014,2015
BHS,Bahamas,2014,24.42499542236328,-77.97500610351562,0.0,0.0,2014,2015
BHS,Bahamas,2014,24.42499542236328,-77.92500305175781,0.10438299924135208,3.412571254100841e-07,2014,2015
BHS,Bahamas,2014,24.42499542236328,-77.87500762939453,0.0,0.0,2014,2015
BHS,Bahamas,2014,24.42499542236328,-75.5250015258789,69.5924364775488,0.0002275170764896347,2014,2015
BHS,Bahamas,2014,24.474998474121094,-78.22500610351562,0.0,0.0,2014,2015
BHS,Bahamas,2014,24.474998474121094,-78.17500305175781,0.7809790372848511,2.5532382016839143e-06,2014,2015
BHS,Bahamas,2014,24.474998474121094,-78.12500762939453,2.6636810302734375,8.708315894417963e-06,2014,2015
BHS,Bahamas,2014,24.474998474121094,-78.07500457763672,0.0,0.0,2014,2015
BHS,Bahamas,2014,24.474998474121094,-78.0250015258789,0.0,0.0,2014,2015
BHS,Bahamas,2014,24.474998474121094,-77.97500610351562,0.20494499804005972,6.700223351181433e-07,2014,2015
BHS,Bahamas,2014,24.474998474121094,-77.92500305175781,0.0778760015964508,2.5459836023477424e-07,2014,2015
BHS,Bahamas,2014,24.474998474121094,-77.87500762939453,0.0,0.0,2014,2015
BHS,Bahamas,2014,24.474998474121094,-77.82500457763672,0.0,0.0,2014,2015
BHS,Bahamas,2014,24.474998474121094,-77.7750015258789,1.9929519891738892,6.515515666811385e-06,2014,2015
BHS,Bahamas,2014,24.524993896484375,-78.32500457763672,0.0,0.0,2014,2015
BHS,Bahamas,2014,24.524993896484375,-78.2750015258789,0.0,0.0,2014,2015
BHS,Bahamas,2014,24.524993896484375,-78.22500610351562,0.0,0.0,2014,2015
BHS,Bahamas,2014,24.524993896484375,-78.17500305175781,0.0,0.0,2014,2015
BHS,Bahamas,2014,24.524993896484375,-78.12500762939453,0.0,0.0,2014,2015
BHS,Bahamas,2014,24.524993896484375,-78.07500457763672,0.0,0.0,2014,2015
BHS,Bahamas,2014,24.524993896484375,-78.0250015258789,0.0,0.0,2014,2015
BHS,Bahamas,2014,24.524993896484375,-77.97500610351562,0.0,0.0,2014,2015
BHS,Bahamas,2014,24.524993896484375,-77.92500305175781,0.3476780056959406,1.1366563296171742e-06,2014,2015
BHS,Bahamas,2014,24.524993896484375,-77.87500762939453,0.0,0.0,2014,2015
BHS,Bahamas,2014,24.524993896484375,-77.82500457763672,0.0,0.0,2014,2015
BHS,Bahamas,2014,24.524993896484375,-77.7750015258789,2.5405130535897817,8.30564544069345e-06,2014,2015
BHS,Bahamas,2014,24.524993896484375,-77.72500610351562,105.02196593778483,0.0003433460856779649,2014,2015
BHS,Bahamas,2014,24.524993896484375,-76.7750015258789,0.475818008184433,1.555581721846568e-06,2014,2015
BHS,Bahamas,2014,24.524993896484375,-75.57500457763672,54.715574949990284,0.0001788804686424129,2014,2015
BHS,Bahamas,2014,24.574996948242188,-78.37500762939453,0.2315439973026514,7.569818792307733e-07,2014,2015
BHS,Bahamas,2014,24.574996948242188,-78.32500457763672,0.0324070006608963,1.0594751989382402e-07,2014,2015
BHS,Bahamas,2014,24.574996948242188,-78.2750015258789,0.0,0.0,2014,2015
BHS,Bahamas,2014,24.574996948242188,-78.22500610351562,0.0,0.0,2014,2015
BHS,Bahamas,2014,24.574996948242188,-78.17500305175781,0.0,0.0,2014,2015
BHS,Bahamas,2014,24.574996948242188,-78.12500762939453,0.0,0.0,2014,2015
BHS,Bahamas,2014,24.574996948242188,-78.07500457763672,0.08419000358920857,2.7524059302691707e-07,2014,2015
BHS,Bahamas,2014,24.574996948242188,-78.0250015258789,0.08015099912881851,2.620359614136382e-07,2014,2015
BHS,Bahamas,2014,24.574996948242188,-77.97500610351562,0.07390999794006348,2.416323886016421e-07,2014,2015
BHS,Bahamas,2014,24.574996948242188,-77.92500305175781,0.0,0.0,2014,2015
BHS,Bahamas,2014,24.574996948242188,-77.87500762939453,0.0,0.0,2014,2015
BHS,Bahamas,2014,24.574996948242188,-77.82500457763672,0.0,0.0,2014,2015
BHS,Bahamas,2014,24.574996948242188,-77.7750015258789,55.98589515686035,0.00018303349955067872,2014,2015
BHS,Bahamas,2014,24.574996948242188,-75.62500762939453,98.76647156477856,0.0003228951306061031,2014,2015
BHS,Bahamas,2014,24.625,-78.42500305175781,0.0,0.0,2014,2015
BHS,Bahamas,2014,24.625,-78.37500762939453,0.0,0.0,2014,2015
BHS,Bahamas,2014,24.625,-78.32500457763672,0.0,0.0,2014,2015
BHS,Bahamas,2014,24.625,-78.17500305175781,0.0,0.0,2014,2015
BHS,Bahamas,2014,24.625,-78.12500762939453,0.0,0.0,2014,2015
BHS,Bahamas,2014,24.625,-78.07500457763672,0.06961199641227722,2.2758102336936744e-07,2014,2015
BHS,Bahamas,2014,24.625,-78.0250015258789,0.14351800084114075,4.6920035606954767e-07,2014,2015
BHS,Bahamas,2014,24.625,-77.97500610351562,0.0,0.0,2014,2015
BHS,Bahamas,2014,24.625,-77.92500305175781,0.13816100358963013,4.5168683857946954e-07,2014,2015
BHS,Bahamas,2014,24.625,-77.87500762939453,0.0,0.0,2014,2015
BHS,Bahamas,2014,24.625,-77.82500457763672,0.0,0.0,2014,2015
BHS,Bahamas,2014,24.625,-77.7750015258789,136.6808976829052,0.00044684795973231586,2014,2015
BHS,Bahamas,2014,24.625,-75.67500305175781,136.96615090966887,0.000447780532056227,2014,2015
BHS,Bahamas,2014,24.625,-75.62500762939453,7.873494081199169,2.5740647199366068e-05,2014,2015
BHS,Bahamas,2014,24.67499542236328,-78.32500457763672,0.0,0.0,2014,2015
BHS,Bahamas,2014,24.67499542236328,-78.22500610351562,0.0,0.0,2014,2015
BHS,Bahamas,2014,24.67499542236328,-78.17500305175781,0.0,0.0,2014,2015
BHS,Bahamas,2014,24.67499542236328,-78.12500762939453,0.0,0.0,2014,2015
BHS,Bahamas,2014,24.67499542236328,-78.07500457763672,0.15547499805688858,5.082911134537828e-07,2014,2015
BHS,Bahamas,2014,24.67499542236328,-78.0250015258789,1.9060719646513462,6.231480645403655e-06,2014,2015
BHS,Bahamas,2014,24.67499542236328,-77.97500610351562,0.12170200608670712,3.9787778714579367e-07,2014,2015
BHS,Bahamas,2014,24.67499542236328,-77.92500305175781,0.884335994725056,2.891140910396309e-06,2014,2015
BHS,Bahamas,2014,24.67499542236328,-77.87500762939453,6.504813954234123,2.1266050290591227e-05,2014,2015
BHS,Bahamas,2014,24.67499542236328,-77.82500457763672,3.795086044854268,1.2407194310985362e-05,2014,2015
BHS,Bahamas,2014,24.67499542236328,-77.7750015258789,88.74501677045507,0.0002901322010065182,2014,2015
BHS,Bahamas,2014,24.67499542236328,-76.17500305175781,45.68270182609558,0.00014934948812970556,2014,2015
BHS,Bahamas,2014,24.67499542236328,-75.72500610351562,38.66761332753741,0.00012641520809450493,2014,2015
BHS,Bahamas,2014,24.724998474121094,-78.2750015258789,0.0,0.0,2014,2015
BHS,Bahamas,2014,24.724998474121094,-78.22500610351562,0.0,0.0,2014,2015
BHS,Bahamas,2014,24.724998474121094,-78.17500305175781,0.0,0.0,2014,2015
BHS,Bahamas,2014,24.724998474121094,-78.12500762939453,0.0,0.0,2014,2015
BHS,Bahamas,2014,24.724998474121094,-78.07500457763672,1.9189879558980465,6.273706621632594e-06,2014,2015
BHS,Bahamas,2014,24.724998474121094,-78.0250015258789,0.07665599882602692,2.506098310542268e-07,2014,2015
BHS,Bahamas,2014,24.724998474121094,-77.97500610351562,0.01894400082528591,6.193322008745523e-08,2014,2015
BHS,Bahamas,2014,24.724998474121094,-77.92500305175781,0.41882701218306373,1.3692622674235707e-06,2014,2015
BHS,Bahamas,2014,24.724998474121094,-77.87500762939453,5.513357043266296,1.8024701240804528e-05,2014,2015
BHS,Bahamas,2014,24.724998474121094,-77.82500457763672,88.20907086136008,0.00028838004441356416,2014,2015
BHS,Bahamas,2014,24.724998474121094,-77.7750015258789,1027.9184441864536,0.0033605519669730787,2014,2015
BHS,Bahamas,2014,24.774993896484375,-78.2750015258789,0.0,0.0,2014,2015
BHS,Bahamas,2014,24.774993896484375,-78.22500610351562,0.0,0.0,2014,2015
BHS,Bahamas,2014,24.774993896484375,-78.17500305175781,0.018352000042796135,5.999780448586033e-08,2014,2015
BHS,Bahamas,2014,24.774993896484375,-78.12500762939453,0.17364100367003157,5.676808502958023e-07,2014,2015
BHS,Bahamas,2014,24.774993896484375,-78.07500457763672,2.730512082577465,8.926805236199285e-06,2014,2015
BHS,Bahamas,2014,24.774993896484375,-78.0250015258789,0.0,0.0,2014,2015
BHS,Bahamas,2014,24.774993896484375,-77.97500610351562,0.0531499981880188,1.7376216174107637e-07,2014,2015
BHS,Bahamas,2014,24.774993896484375,-77.92500305175781,0.0895349979563498,2.9271486974171283e-07,2014,2015
BHS,Bahamas,2014,24.774993896484375,-77.87500762939453,106.90509486198425,0.00034950255912785113,2014,2015
BHS,Bahamas,2014,24.774993896484375,-76.2750015258789,227.55652648210526,0.0007439457254531848,2014,2015
BHS,Bahamas,2014,24.774993896484375,-76.22500610351562,246.72617363930004,0.000806616646307491,2014,2015
BHS,Bahamas,2014,24.824996948242188,-78.22500610351562,0.0,0.0,2014,2015
BHS,Bahamas,2014,24.824996948242188,-78.17500305175781,0.0,0.0,2014,2015
BHS,Bahamas,2014,24.824996948242188,-78.12500762939453,0.031773000955581665,1.0387479810465357e-07,2014,2015
BHS,Bahamas,2014,24.824996948242188,-78.07500457763672,0.0,0.0,2014,2015
BHS,Bahamas,2014,24.824996948242188,-78.0250015258789,0.37204800359904766,1.2163286468633477e-06,2014,2015
BHS,Bahamas,2014,24.824996948242188,-77.97500610351562,0.39066198468208313,1.2771829404073286e-06,2014,2015
BHS,Bahamas,2014,24.824996948242188,-77.92500305175781,32.86031014844775,0.00010742951498658088,2014,2015
BHS,Bahamas,2014,24.824996948242188,-77.87500762939453,153.3966140858829,0.0005014962968208188,2014,2015
BHS,Bahamas,2014,24.824996948242188,-76.17500305175781,39.388286071853216,0.00012877128821170834,2014,2015
BHS,Bahamas,2014,24.875,-78.17500305175781,0.0,0.0,2014,2015
BHS,Bahamas,2014,24.875,-78.12500762939453,0.02217799983918667,7.250606446904883e-08,2014,2015
BHS,Bahamas,2014,24.875,-78.07500457763672,0.1885750070346994,6.165042707390819e-07,2014,2015
BHS,Bahamas,2014,24.875,-78.0250015258789,0.19192500412464142,6.274563451703066e-07,2014,2015
BHS,Bahamas,2014,24.875,-77.97500610351562,0.054287999868392944,1.7748260649720366e-07,2014,2015
BHS,Bahamas,2014,24.875,-77.92500305175781,149.90067663788875,0.000490067102672474,2014,2015
BHS,Bahamas,2014,24.875,-76.17500305175781,538.7639731019735,0.0017613696298396746,2014,2015
BHS,Bahamas,2014,24.92499542236328,-78.17500305175781,0.0,0.0,2014,2015
BHS,Bahamas,2014,24.92499542236328,-78.12500762939453,0.12342600151896477,4.0351400884576655e-07,2014,2015
BHS,Bahamas,2014,24.92499542236328,-78.07500457763672,0.4993089810013771,1.6323802610230606e-06,2014,2015
BHS,Bahamas,2014,24.92499542236328,-78.0250015258789,12.859837125986814,4.204239275314478e-05,2014,2015
BHS,Bahamas,2014,24.92499542236328,-77.97500610351562,77.54682842642069,0.0002535222013719036,2014,2015
BHS,Bahamas,2014,24.92499542236328,-77.92500305175781,108.54245620966023,0.0003548555498526485,2014,2015
BHS,Bahamas,2014,24.92499542236328,-76.17500305175781,94.85781192035864,0.0003101166325350041,2014,2015
BHS,Bahamas,2014,24.974998474121094,-78.17500305175781,0.0,0.0,2014,2015
BHS,Bahamas,2014,24.974998474121094,-78.12500762939453,0.2583870068192482,8.447391608912566e-07,2014,2015
BHS,Bahamas,2014,24.974998474121094,-78.07500457763672,4.319060798749033,1.4120213860156803e-05,2014,2015
BHS,Bahamas,2014,24.974998474121094,-78.0250015258789,93.7624505721839,0.000306535590912516,2014,2015
BHS,Bahamas,2014,24.974998474121094,-77.97500610351562,0.9919559955596924,3.2429806964570793e-06,2014,2015
BHS,Bahamas,2014,24.974998474121094,-76.17500305175781,404.0577600598335,0.001320977464719476,2014,2015
BHS,Bahamas,2014,25.024993896484375,-78.12500762939453,0.0,0.0,2014,2015
BHS,Bahamas,2014,25.024993896484375,-78.07500457763672,5.701124079552455,1.8638564029912826e-05,2014,2015
BHS,Bahamas,2014,25.024993896484375,-78.0250015258789,167.1332987099901,0.0005464053485012446,2014,2015
BHS,Bahamas,2014,25.024993896484375,-77.5250015258789,4517.950136184692,0.014770438552504225,2014,2015
BHS,Bahamas,2014,25.024993896484375,-77.47500610351562,2313.268972337246,0.007562721185802195,2014,2015
BHS,Bahamas,2014,25.024993896484375,-77.42500305175781,6454.781180530887,0.021102479204740537,2014,2015
BHS,Bahamas,2014,25.024993896484375,-77.37500762939453,61432.58322143555,0.200840241313527,2014,2015
BHS,Bahamas,2014,25.024993896484375,-77.32500457763672,72592.57071125507,0.2373253517057141,2014,2015
BHS,Bahamas,2014,25.024993896484375,-76.12500762939453,43.667708670826094,0.00014276191374608074,2014,2015
BHS,Bahamas,2014,25.074996948242188,-78.12500762939453,0.0,0.0,2014,2015
BHS,Bahamas,2014,25.074996948242188,-78.07500457763672,7.903860062583374,2.5839922058229527e-05,2014,2015
BHS,Bahamas,2014,25.074996948242188,-78.0250015258789,438.62051690369844,0.0014339727525777355,2014,2015
BHS,Bahamas,2014,25.074996948242188,-77.97500610351562,258.28794801235716,0.000844415310034969,2014,2015
BHS,Bahamas,2014,25.074996948242188,-77.42500305175781,5118.235666900873,0.01673293930575253,2014,2015
BHS,Bahamas,2014,25.074996948242188,-77.37500762939453,25638.595013141632,0.0838197148705027,2014,2015
BHS,Bahamas,2014,25.074996948242188,-77.32500457763672,50643.8415389061,0.1655688369648253,2014,2015
BHS,Bahamas,2014,25.074996948242188,-76.12500762939453,224.04746390879154,0.0007324736216110224,2014,2015
BHS,Bahamas,2014,25.125,-78.17500305175781,78.1611753553196,0.0002555306727559822,2014,2015
BHS,Bahamas,2014,25.125,-78.12500762939453,0.9390070140361786,3.0698757142336166e-06,2014,2015
BHS,Bahamas,2014,25.125,-78.07500457763672,363.1687555015087,0.0011872999093908503,2014,2015
BHS,Bahamas,2014,25.125,-78.0250015258789,1278.110508680453,0.004178499576738758,2014,2015
BHS,Bahamas,2014,25.125,-76.12500762939453,67.5219259336666,0.00022074800028496673,2014,2015
BHS,Bahamas,2014,25.17499542236328,-78.17500305175781,0.0,0.0,2014,2015
BHS,Bahamas,2014,25.17499542236328,-78.12500762939453,0.0,0.0,2014,2015
BHS,Bahamas,2014,25.17499542236328,-76.22500610351562,564.683667719373,0.0018461083376841304,2014,2015
BHS,Bahamas,2014,25.17499542236328,-76.17500305175781,951.4172287583351,0.0031104481659986094,2014,2015
BHS,Bahamas,2014,25.224998474121094,-76.2750015258789,344.49410931766033,0.0011262472847195155,2014,2015
BHS,Bahamas,2014,25.324996948242188,-76.37500762939453,258.5264679044485,0.0008451950980590706,2014,2015
BHS,Bahamas,2014,25.375,-76.5250015258789,288.48998120985925,0.0009431541765690553,2014,2015
BHS,Bahamas,2014,25.42499542236328,-76.7750015258789,120.56067657470956,0.0003941464627803248,2014,2015
BHS,Bahamas,2014,25.42499542236328,-76.57500457763672,162.974528580904,0.0005328091695275807,2014,2015
BHS,Bahamas,2014,25.474998474121094,-76.72500610351562,907.9773148010207,0.0029684309766777857,2014,2015
BHS,Bahamas,2014,25.474998474121094,-76.67500305175781,270.7924664542079,0.0008852960669505345,2014,2015
BHS,Bahamas,2014,25.524993896484375,-76.82500457763672,80.51631665229797,0.00026323028624460304,2014,2015
BHS,Bahamas,2014,25.524993896484375,-76.72500610351562,194.6552423388015,0.0006363822550542978,2014,2015
BHS,Bahamas,2014,25.774993896484375,-77.87500762939453,319.60924231633544,0.0010448917168511401,2014,2015
BHS,Bahamas,2014,25.92499542236328,-77.2750015258789,0.0,0.0,2014,2015
BHS,Bahamas,2014,25.92499542236328,-77.22500610351562,0.0,0.0,2014,2015
BHS,Bahamas,2014,25.974998474121094,-77.2750015258789,0.0,0.0,2014,2015
BHS,Bahamas,2014,25.974998474121094,-77.22500610351562,0.0,0.0,2014,2015
BHS,Bahamas,2014,26.024993896484375,-77.37500762939453,181.2252214550972,0.0005924757726358974,2014,2015
BHS,Bahamas,2014,26.024993896484375,-77.32500457763672,0.8967850208318138,2.931840247397772e-06,2014,2015
BHS,Bahamas,2014,26.024993896484375,-77.2750015258789,0.25097400695085526,8.205039976545317e-07,2014,2015
BHS,Bahamas,2014,26.024993896484375,-77.22500610351562,0.0,0.0,2014,2015
BHS,Bahamas,2014,26.074996948242188,-77.2750015258789,0.0,0.0,2014,2015
BHS,Bahamas,2014,26.074996948242188,-77.22500610351562,0.723857007920742,2.366490362667387e-06,2014,2015
BHS,Bahamas,2014,26.125,-77.22500610351562,16.034234330058098,5.2420382202043685e-05,2014,2015
BHS,Bahamas,2014,26.17499542236328,-77.22500610351562,0.17425699532032013,5.696946987326349e-07,2014,2015
BHS,Bahamas,2014,26.224998474121094,-77.22500610351562,0.0,0.0,2014,2015
BHS,Bahamas,2014,26.224998474121094,-77.17500305175781,55.42930483073105,0.00018121385060299164,2014,2015
BHS,Bahamas,2014,26.274993896484375,-77.22500610351562,0.0,0.0,2014,2015
BHS,Bahamas,2014,26.274993896484375,-77.17500305175781,1.9993849992752075,6.536546970288631e-06,2014,2015
BHS,Bahamas,2014,26.324996948242188,-77.57500457763672,177.44367699325085,0.0005801128495350168,2014,2015
BHS,Bahamas,2014,26.324996948242188,-77.22500610351562,0.0,0.0,2014,2015
BHS,Bahamas,2014,26.324996948242188,-77.17500305175781,0.0,0.0,2014,2015
BHS,Bahamas,2014,26.324996948242188,-77.12500762939453,6.425300007686019,2.100609703166755e-05,2014,2015
BHS,Bahamas,2014,26.324996948242188,-77.07500457763672,15.48613003268838,5.0628476448187886e-05,2014,2015
BHS,Bahamas,2014,26.324996948242188,-77.0250015258789,95.83701726794384,0.00031331792780848507,2014,2015
BHS,Bahamas,2014,26.375,-77.22500610351562,0.0,0.0,2014,2015
BHS,Bahamas,2014,26.375,-77.17500305175781,0.4427120089530945,1.4473489807524667e-06,2014,2015
BHS,Bahamas,2014,26.375,-77.12500762939453,3.487408012188722,1.1401309044779305e-05,2014,2015
BHS,Bahamas,2014,26.375,-77.07500457763672,55.218885164724924,0.00018052593005201217,2014,2015
BHS,Bahamas,2014,26.375,-77.0250015258789,51.00619404391885,0.00016675346832380628,2014,2015
BHS,Bahamas,2014,26.42499542236328,-77.22500610351562,0.0,0.0,2014,2015
BHS,Bahamas,2014,26.42499542236328,-77.17500305175781,0.0,0.0,2014,2015
BHS,Bahamas,2014,26.42499542236328,-77.12500762939453,17.803079847253226,5.820323133341249e-05,2014,2015
BHS,Bahamas,2014,26.42499542236328,-77.07500457763672,7.571442782878876,2.4753157296409413e-05,2014,2015
BHS,Bahamas,2014,26.474998474121094,-77.17500305175781,0.09651400148868561,3.1553117796222085e-07,2014,2015
BHS,Bahamas,2014,26.474998474121094,-77.12500762939453,3.4529679864869385,1.128871499924067e-05,2014,2015
BHS,Bahamas,2014,26.474998474121094,-77.07500457763672,259.21025463007777,0.0008474305874977509,2014,2015
BHS,Bahamas,2014,26.524993896484375,-78.7750015258789,3647.354322910311,0.01192421812588927,2014,2015
BHS,Bahamas,2014,26.524993896484375,-78.72500610351562,10123.186760425568,0.03309551975858232,2014,2015
BHS,Bahamas,2014,26.524993896484375,-78.67500305175781,19067.632915496826,0.06233740785769036,2014,2015
BHS,Bahamas,2014,26.524993896484375,-78.62500762939453,4458.059815444052,0.014574640397207092,2014,2015
BHS,Bahamas,2014,26.524993896484375,-77.12500762939453,216.10672202706337,0.0007065131226037426,2014,2015
BHS,Bahamas,2014,26.524993896484375,-77.07500457763672,6652.849925264716,0.021750021150773,2014,2015
BHS,Bahamas,2014,26.574996948242188,-78.82500457763672,1770.3566680848598,0.0057877895049204195,2014,2015
BHS,Bahamas,2014,26.574996948242188,-78.7750015258789,0.0,0.0,2014,2015
BHS,Bahamas,2014,26.574996948242188,-78.67500305175781,763.2497289478779,0.002495276149984334,2014,2015
BHS,Bahamas,2014,26.574996948242188,-78.62500762939453,1514.081205159448,0.0049499535696945,2014,2015
BHS,Bahamas,2014,26.574996948242188,-78.57500457763672,2251.5748313964114,0.007361025839384392,2014,2015
BHS,Bahamas,2014,26.574996948242188,-78.5250015258789,87.84234043955803,0.0002871811004240815,2014,2015
BHS,Bahamas,2014,26.574996948242188,-77.87500762939453,0.0,0.0,2014,2015
BHS,Bahamas,2014,26.574996948242188,-77.17500305175781,13.046586856245995,4.265292968523659e-05,2014,2015
BHS,Bahamas,2014,26.625,-78.87500762939453,172.41021478176117,0.0005636570582889576,2014,2015
BHS,Bahamas,2014,26.625,-78.57500457763672,0.0,0.0,2014,2015
BHS,Bahamas,2014,26.625,-78.5250015258789,2.003649979844659,6.550490380802211e-06,2014,2015
BHS,Bahamas,2014,26.625,-78.47500610351562,4.985270008444786,1.629823749882258e-05,2014,2015
BHS,Bahamas,2014,26.625,-78.42500305175781,3.7941571176078908,1.240415738884174e-05,2014,2015
BHS,Bahamas,2014,26.625,-78.37500762939453,141.72111928836068,0.00046332584932169777,2014,2015
BHS,Bahamas,2014,26.625,-78.32500457763672,76.30705747754729,0.00024946904450484295,2014,2015
BHS,Bahamas,2014,26.625,-78.2750015258789,150.27487437427146,0.0004912904593951301,2014,2015
BHS,Bahamas,2014,26.625,-78.22500610351562,160.4605506658554,0.000524590274852498,2014,2015
BHS,Bahamas,2014,26.625,-77.32500457763672,0.0,0.0,2014,2015
BHS,Bahamas,2014,26.625,-77.2750015258789,100.54081586006785,0.00032869595677606365,2014,2015
BHS,Bahamas,2014,26.67499542236328,-78.57500457763672,0.0,0.0,2014,2015
BHS,Bahamas,2014,26.67499542236328,-78.5250015258789,2.5125410184310484,8.214197059448264e-06,2014,2015
BHS,Bahamas,2014,26.67499542236328,-78.47500610351562,0.07447700202465057,2.434860830289748e-07,2014,2015
BHS,Bahamas,2014,26.67499542236328,-78.42500305175781,0.14418499916791916,4.7138095955195426e-07,2014,2015
BHS,Bahamas,2014,26.67499542236328,-78.37500762939453,0.0,0.0,2014,2015
BHS,Bahamas,2014,26.67499542236328,-78.32500457763672,1.3101739883426604,4.2833240307178006e-06,2014,2015
BHS,Bahamas,2014,26.67499542236328,-78.2750015258789,0.0,0.0,2014,2015
BHS,Bahamas,2014,26.67499542236328,-78.22500610351562,0.47735000401735306,1.560590243328823e-06,2014,2015
BHS,Bahamas,2014,26.67499542236328,-78.17500305175781,3.9958320297360794,1.3063488901448175e-05,2014,2015
BHS,Bahamas,2014,26.67499542236328,-78.12500762939453,7.345985014014969,2.4016072994721827e-05,2014,2015
BHS,Bahamas,2014,26.67499542236328,-78.07500457763672,2.6841780161485076,8.775326255589176e-06,2014,2015
BHS,Bahamas,2014,26.67499542236328,-78.0250015258789,2.222065007332231,7.264549997487813e-06,2014,2015
BHS,Bahamas,2014,26.67499542236328,-77.97500610351562,42.135102793574646,0.00013775139785883236,2014,2015
BHS,Bahamas,2014,26.67499542236328,-77.92500305175781,7.581815123558044,2.4787067369789877e-05,2014,2015
BHS,Bahamas,2014,26.67499542236328,-77.32500457763672,898.6068734527182,0.0029377963915289936,2014,2015
BHS,Bahamas,2014,26.67499542236328,-77.2750015258789,1682.7777283415198,0.005501469534805637,2014,2015
BHS,Bahamas,2014,26.724998474121094,-78.62500762939453,0.0,0.0,2014,2015
BHS,Bahamas,2014,26.724998474121094,-78.57500457763672,0.0,0.0,2014,2015
BHS,Bahamas,2014,26.724998474121094,-78.5250015258789,0.0,0.0,2014,2015
BHS,Bahamas,2014,26.724998474121094,-78.0250015258789,0.0,0.0,2014,2015
BHS,Bahamas,2014,26.724998474121094,-77.97500610351562,0.0,0.0,2014,2015
BHS,Bahamas,2014,26.724998474121094,-77.92500305175781,0.0,0.0,2014,2015
BHS,Bahamas,2014,26.724998474121094,-77.42500305175781,43.13899058107583,0.00014103338690960517,2014,2015
BHS,Bahamas,2014,26.724998474121094,-77.37500762939453,249.59842051570791,0.0008160068220989023,2014,2015
BHS,Bahamas,2014,26.774993896484375,-78.57500457763672,0.0,0.0,2014,2015
BHS,Bahamas,2014,26.774993896484375,-77.42500305175781,31.01198375225067,0.00010138682070331566,2014,2015
BHS,Bahamas,2014,26.824996948242188,-77.47500610351562,8.942610964179039,2.923588834844932e-05,2014,2015
BHS,Bahamas,2014,26.875,-77.67500305175781,20.470592498779297,6.69240738659213e-05,2014,2015
BHS,Bahamas,2014,26.875,-77.62500762939453,47.070703107894225,0.00015388725128016764,2014,2015
BHS,Bahamas,2014,26.875,-77.57500457763672,11.449978291988373,3.743317117088428e-05,2014,2015
BHS,Bahamas,2014,26.875,-77.5250015258789,495.05609935155746,0.0016184764052508095,2014,2015
BHS,Bahamas,2014,26.92499542236328,-77.87500762939453,0.0,0.0,2014,2015
BHS,Bahamas,2014,26.92499542236328,-77.82500457763672,137.9878925904699,0.00045112089046167597,2014,2015
BHS,Bahamas,2014,26.92499542236328,-77.7750015258789,171.74573430791497,0.0005614846863697375,2014,2015
BHS,Bahamas,2015,20.974998474121094,-73.67500305175781,525.6390964984894,0.0017184607491443527,2015,2015
BHS,Bahamas,2015,20.974998474121094,-73.62500762939453,0.07109799981117249,2.3243918276258514e-07,2015,2015
BHS,Bahamas,2015,20.974998474121094,-73.57500457763672,0.0,0.0,2015,2015
BHS,Bahamas,2015,20.974998474121094,-73.5250015258789,0.0,0.0,2015,2015
BHS,Bahamas,2015,20.974998474121094,-73.47500610351562,0.0,0.0,2015,2015
BHS,Bahamas,2015,20.974998474121094,-73.42500305175781,0.0,0.0,2015,2015
BHS,Bahamas,2015,20.974998474121094,-73.37500762939453,0.0,0.0,2015,2015
BHS,Bahamas,2015,20.974998474121094,-73.32500457763672,0.0,0.0,2015,2015
BHS,Bahamas,2015,20.974998474121094,-73.2750015258789,0.0,0.0,2015,2015
BHS,Bahamas,2015,20.974998474121094,-73.22500610351562,0.0,0.0,2015,2015
BHS,Bahamas,2015,20.974998474121094,-73.17500305175781,0.0,0.0,2015,2015
BHS,Bahamas,2015,21.024993896484375,-73.67500305175781,0.8303360159117856,2.7145999250255633e-06,2015,2015
BHS,Bahamas,2015,21.024993896484375,-73.62500762939453,43.848684140481495,0.00014335357301045523,2015,2015
BHS,Bahamas,2015,21.024993896484375,-73.57500457763672,0.0,0.0,2015,2015
BHS,Bahamas,2015,21.024993896484375,-73.5250015258789,0.0,0.0,2015,2015
BHS,Bahamas,2015,21.024993896484375,-73.47500610351562,0.0,0.0,2015,2015
BHS,Bahamas,2015,21.024993896484375,-73.42500305175781,0.0,0.0,2015,2015
BHS,Bahamas,2015,21.024993896484375,-73.37500762939453,0.0,0.0,2015,2015
BHS,Bahamas,2015,21.024993896484375,-73.32500457763672,1.2806830406188965,4.186909900840569e-06,2015,2015
BHS,Bahamas,2015,21.024993896484375,-73.2750015258789,0.0,0.0,2015,2015
BHS,Bahamas,2015,21.024993896484375,-73.22500610351562,0.0,0.0,2015,2015
BHS,Bahamas,2015,21.024993896484375,-73.17500305175781,0.0,0.0,2015,2015
BHS,Bahamas,2015,21.024993896484375,-73.12500762939453,0.0,0.0,2015,2015
BHS,Bahamas,2015,21.074996948242188,-73.62500762939453,8.775263778866476,2.8688783745014912e-05,2015,2015
BHS,Bahamas,2015,21.074996948242188,-73.57500457763672,1.201717022806406,3.928747973710423e-06,2015,2015
BHS,Bahamas,2015,21.074996948242188,-73.5250015258789,0.0,0.0,2015,2015
BHS,Bahamas,2015,21.074996948242188,-73.47500610351562,0.0,0.0,2015,2015
BHS,Bahamas,2015,21.074996948242188,-73.42500305175781,0.0,0.0,2015,2015
BHS,Bahamas,2015,21.074996948242188,-73.37500762939453,0.0,0.0,2015,2015
BHS,Bahamas,2015,21.074996948242188,-73.32500457763672,0.0,0.0,2015,2015
BHS,Bahamas,2015,21.074996948242188,-73.2750015258789,0.0,0.0,2015,2015
BHS,Bahamas,2015,21.074996948242188,-73.22500610351562,0.0,0.0,2015,2015
BHS,Bahamas,2015,21.074996948242188,-73.17500305175781,0.0,0.0,2015,2015
BHS,Bahamas,2015,21.074996948242188,-73.12500762939453,0.0,0.0,2015,2015
BHS,Bahamas,2015,21.125,-73.5250015258789,0.0,0.0,2015,2015
BHS,Bahamas,2015,21.125,-73.47500610351562,0.0,0.0,2015,2015
BHS,Bahamas,2015,21.125,-73.42500305175781,0.0,0.0,2015,2015
BHS,Bahamas,2015,21.125,-73.37500762939453,0.0,0.0,2015,2015
BHS,Bahamas,2015,21.125,-73.32500457763672,0.0,0.0,2015,2015
BHS,Bahamas,2015,21.125,-73.2750015258789,0.0,0.0,2015,2015
BHS,Bahamas,2015,21.125,-73.22500610351562,0.0,0.0,2015,2015
BHS,Bahamas,2015,21.125,-73.17500305175781,0.0,0.0,2015,2015
BHS,Bahamas,2015,21.125,-73.12500762939453,0.0,0.0,2015,2015
BHS,Bahamas,2015,21.125,-73.07500457763672,0.0,0.0,2015,2015
BHS,Bahamas,2015,21.17499542236328,-73.47500610351562,0.0,0.0,2015,2015
BHS,Bahamas,2015,21.17499542236328,-73.42500305175781,0.0,0.0,2015,2015
BHS,Bahamas,2015,21.17499542236328,-73.37500762939453,0.0,0.0,2015,2015
BHS,Bahamas,2015,21.17499542236328,-73.12500762939453,0.0,0.0,2015,2015
BHS,Bahamas,2015,21.17499542236328,-73.07500457763672,0.027753999456763268,9.073556174936928e-08,2015,2015
BHS,Bahamas,2015,21.224998474121094,-73.07500457763672,0.0,0.0,2015,2015
BHS,Bahamas,2015,21.224998474121094,-73.0250015258789,0.0,0.0,2015,2015
BHS,Bahamas,2015,21.274993896484375,-73.07500457763672,0.0,0.0,2015,2015
BHS,Bahamas,2015,21.274993896484375,-73.0250015258789,0.0,0.0,2015,2015
BHS,Bahamas,2015,21.324996948242188,-73.0250015258789,0.0,0.0,2015,2015
BHS,Bahamas,2015,21.474998474121094,-73.0250015258789,0.7568639814891699,2.474399361262113e-06,2015,2015
BHS,Bahamas,2015,21.474998474121094,-72.97500610351562,0.0,0.0,2015,2015
BHS,Bahamas,2015,21.524993896484375,-73.0250015258789,0.0,0.0,2015,2015
BHS,Bahamas,2015,21.524993896484375,-72.97500610351562,0.0,0.0,2015,2015
BHS,Bahamas,2015,22.17499542236328,-74.2750015258789,2.7267739921808243,8.914584376552102e-06,2015,2015
BHS,Bahamas,2015,22.224998474121094,-74.22500610351562,117.02899311855474,0.0003826004049656889,2015,2015
BHS,Bahamas,2015,22.274993896484375,-74.17500305175781,0.19867900013923645,6.495370410855738e-07,2015,2015
BHS,Bahamas,2015,22.324996948242188,-74.12500762939453,1.5368570312857628,5.024414094963897e-06,2015,2015
BHS,Bahamas,2015,22.324996948242188,-74.07500457763672,3.413741998374462,1.116047430830514e-05,2015,2015
BHS,Bahamas,2015,22.324996948242188,-72.82500457763672,0.0,0.0,2015,2015
BHS,Bahamas,2015,22.324996948242188,-72.7750015258789,0.0,0.0,2015,2015
BHS,Bahamas,2015,22.375,-74.07500457763672,0.0,0.0,2015,2015
BHS,Bahamas,2015,22.375,-74.0250015258789,4.757766991853714,1.555446671212118e-05,2015,2015
BHS,Bahamas,2015,22.375,-73.97500610351562,0.0,0.0,2015,2015
BHS,Bahamas,2015,22.375,-73.12500762939453,0.12881700694561005,4.21138708541484e-07,2015,2015
BHS,Bahamas,2015,22.375,-73.07500457763672,0.0,0.0,2015,2015
BHS,Bahamas,2015,22.375,-73.0250015258789,50.5905552731039,0.00016539462930626348,2015,2015
BHS,Bahamas,2015,22.375,-72.97500610351562,126.71773886680603,0.00041427561593785625,2015,2015
BHS,Bahamas,2015,22.375,-72.92500305175781,1.4115130491554737,4.614629672786746e-06,2015,2015
BHS,Bahamas,2015,22.375,-72.87500762939453,0.0,0.0,2015,2015
BHS,Bahamas,2015,22.375,-72.82500457763672,0.0,0.0,2015,2015
BHS,Bahamas,2015,22.42499542236328,-73.97500610351562,47.35080189258326,0.00015480297229593216,2015,2015
BHS,Bahamas,2015,22.42499542236328,-73.12500762939453,58.648998923612254,0.00019173992820970974,2015,2015
BHS,Bahamas,2015,22.42499542236328,-73.07500457763672,43.643376871949165,0.00014268236631210062,2015,2015
BHS,Bahamas,2015,22.42499542236328,-73.0250015258789,0.1513269990682602,4.947301483411566e-07,2015,2015
BHS,Bahamas,2015,22.474998474121094,-73.87500762939453,0.8563529849052429,2.7996566499244325e-06,2015,2015
BHS,Bahamas,2015,22.574996948242188,-74.37500762939453,1.5460069626569748,5.0543277715217e-06,2015,2015
BHS,Bahamas,2015,22.574996948242188,-73.87500762939453,66.4300123155117,0.00021717823025310464,2015,2015
BHS,Bahamas,2015,22.574996948242188,-73.62500762939453,0.0,0.0,2015,2015
BHS,Bahamas,2015,22.625,-74.32500457763672,11.966922760009766,3.9123206755565384e-05,2015,2015
BHS,Bahamas,2015,22.625,-74.0250015258789,0.0,0.0,2015,2015
BHS,Bahamas,2015,22.625,-73.97500610351562,0.0,0.0,2015,2015
BHS,Bahamas,2015,22.625,-73.92500305175781,0.20033299922943115,6.549444252290938e-07,2015,2015
BHS,Bahamas,2015,22.625,-73.87500762939453,50.189397007227825,0.0001640831310963794,2015,2015
BHS,Bahamas,2015,22.67499542236328,-74.07500457763672,0.08314599841833115,2.7182744906557976e-07,2015,2015
BHS,Bahamas,2015,22.67499542236328,-73.92500305175781,18.17451437562704,5.941755435873406e-05,2015,2015
BHS,Bahamas,2015,22.724998474121094,-74.2750015258789,0.48702299595154563,1.5922139506908337e-06,2015,2015
BHS,Bahamas,2015,22.724998474121094,-74.22500610351562,0.37711699679493904,1.2329005988030835e-06,2015,2015
BHS,Bahamas,2015,22.724998474121094,-74.17500305175781,39.49752097577318,0.00012912840756617314,2015,2015
BHS,Bahamas,2015,22.724998474121094,-74.12500762939453,11.967238143098877,3.9124237830809205e-05,2015,2015
BHS,Bahamas,2015,22.724998474121094,-74.07500457763672,9.147311940789223,2.990511290948257e-05,2015,2015
BHS,Bahamas,2015,22.774993896484375,-74.2750015258789,1.0095068010695929e-11,3.300359172650235e-17,2015,2015
BHS,Bahamas,2015,22.774993896484375,-74.22500610351562,88.37551623585276,0.00028892420074601294,2015,2015
BHS,Bahamas,2015,22.824996948242188,-74.32500457763672,97.82287999988141,0.00031981026671698006,2015,2015
BHS,Bahamas,2015,22.824996948242188,-74.2750015258789,17.949625074879265,5.8682328537801075e-05,2015,2015
BHS,Bahamas,2015,22.92499542236328,-74.87500762939453,87.43238287419514,0.00028584083485102223,2015,2015
BHS,Bahamas,2015,22.974998474121094,-74.87500762939453,81.02799335122108,0.00026490310002350286,2015,2015
BHS,Bahamas,2015,23.024993896484375,-74.92500305175781,37.04576912522316,0.00012111294724391315,2015,2015
BHS,Bahamas,2015,23.024993896484375,-74.87500762939453,107.0881491303508,0.00035010101456475973,2015,2015
BHS,Bahamas,2015,23.074996948242188,-74.97500610351562,98.62775817520955,0.0003224416378637576,2015,2015
BHS,Bahamas,2015,23.074996948242188,-74.92500305175781,31.107130989494653,0.00010169788354792234,2015,2015
BHS,Bahamas,2015,23.074996948242188,-73.7750015258789,0.0,0.0,2015,2015
BHS,Bahamas,2015,23.125,-75.12500762939453,0.0,0.0,2015,2015
BHS,Bahamas,2015,23.17499542236328,-75.22500610351562,0.0,0.0,2015,2015
BHS,Bahamas,2015,23.17499542236328,-75.17500305175781,0.0,0.0,2015,2015
BHS,Bahamas,2015,23.224998474121094,-75.12500762939453,75.71455562114716,0.0002475319907529409,2015,2015
BHS,Bahamas,2015,23.42499542236328,-75.57500457763672,62.19437590248877,0.000203330753967734,2015,2015
BHS,Bahamas,2015,23.42499542236328,-75.17500305175781,123.24543659389366,0.00040292369176609364,2015,2015
BHS,Bahamas,2015,23.474998474121094,-75.7750015258789,776.3103403449288,0.0025379749298033573,2015,2015
BHS,Bahamas,2015,23.474998474121094,-75.72500610351562,362.0963339880109,0.0011837938644833075,2015,2015
BHS,Bahamas,2015,23.474998474121094,-75.22500610351562,209.9042613506317,0.0006862355494712239,2015,2015
BHS,Bahamas,2015,23.524993896484375,-75.82500457763672,489.13141281176166,0.001599106953211482,2015,2015
BHS,Bahamas,2015,23.524993896484375,-75.22500610351562,81.88971680403569,0.00026772031423025335,2015,2015
BHS,Bahamas,2015,23.574996948242188,-75.92500305175781,186.56682202219963,0.0006099389540722104,2015,2015
BHS,Bahamas,2015,23.574996948242188,-75.87500762939453,701.0437020659447,0.0022919073057166245,2015,2015
BHS,Bahamas,2015,23.625,-75.97500610351562,152.78901632130146,0.0004995098903364906,2015,2015
BHS,Bahamas,2015,23.625,-75.92500305175781,1215.966047145429,0.003975332006753871,2015,2015
BHS,Bahamas,2015,23.67499542236328,-76.0250015258789,152.09811109304823,0.0004972511285281683,2015,2015
BHS,Bahamas,2015,23.67499542236328,-75.32500457763672,73.72541415692625,0.0002410289327545354,2015,2015
BHS,Bahamas,2015,23.67499542236328,-74.92500305175781,0.22926799952983856,7.495410079870376e-07,2015,2015
BHS,Bahamas,2015,23.67499542236328,-74.87500762939453,6.002876125277719,1.9625075592707826e-05,2015,2015
BHS,Bahamas,2015,23.67499542236328,-74.82500457763672,35.023906901509676,0.00011450291596052036,2015,2015
BHS,Bahamas,2015,23.774993896484375,-77.72500610351562,0.0,0.0,2015,2015
BHS,Bahamas,2015,23.774993896484375,-77.62500762939453,0.0,0.0,2015,2015
BHS,Bahamas,2015,23.774993896484375,-77.57500457763672,0.0,0.0,2015,2015
BHS,Bahamas,2015,23.824996948242188,-77.72500610351562,0.0,0.0,2015,2015
BHS,Bahamas,2015,23.824996948242188,-77.67500305175781,0.14824700355529785,4.846607843386984e-07,2015,2015
BHS,Bahamas,2015,23.824996948242188,-77.57500457763672,0.0,0.0,2015,2015
BHS,Bahamas,2015,23.875,-77.7750015258789,0.0,0.0,2015,2015
BHS,Bahamas,2015,23.875,-77.72500610351562,0.03000600077211857,9.809798188371455e-08,2015,2015
BHS,Bahamas,2015,23.875,-77.67500305175781,0.0,0.0,2015,2015
BHS,Bahamas,2015,23.875,-77.62500762939453,0.0,0.0,2015,2015
BHS,Bahamas,2015,23.875,-77.57500457763672,0.0,0.0,2015,2015
BHS,Bahamas,2015,23.875,-77.5250015258789,49.993198946133255,0.00016344170493669074,2015,2015
BHS,Bahamas,2015,23.92499542236328,-77.7750015258789,0.0,0.0,2015,2015
BHS,Bahamas,2015,23.92499542236328,-77.72500610351562,0.0,0.0,2015,2015
BHS,Bahamas,2015,23.92499542236328,-77.67500305175781,0.0,0.0,2015,2015
BHS,Bahamas,2015,23.92499542236328,-77.62500762939453,0.0,0.0,2015,2015
BHS,Bahamas,2015,23.92499542236328,-77.5250015258789,58.46482092142105,0.00019113779897364307,2015,2015
BHS,Bahamas,2015,23.974998474121094,-77.82500457763672,0.0,0.0,2015,2015
BHS,Bahamas,2015,23.974998474121094,-77.7750015258789,0.0,0.0,2015,2015
BHS,Bahamas,2015,23.974998474121094,-77.72500610351562,0.0,0.0,2015,2015
BHS,Bahamas,2015,23.974998474121094,-77.67500305175781,0.0,0.0,2015,2015
BHS,Bahamas,2015,23.974998474121094,-77.62500762939453,0.05787000060081482,1.891931655158877e-07,2015,2015
BHS,Bahamas,2015,23.974998474121094,-77.57500457763672,13.555343724820041,4.431619772470709e-05,2015,2015
BHS,Bahamas,2015,23.974998474121094,-76.32500457763672,46.757614463567734,0.0001528636772160199,2015,2015
BHS,Bahamas,2015,23.974998474121094,-74.5250015258789,89.97949697078893,0.00029416806094159767,2015,2015
BHS,Bahamas,2015,24.024993896484375,-77.82500457763672,0.0,0.0,2015,2015
BHS,Bahamas,2015,24.024993896484375,-77.7750015258789,4.544108145321246e-11,1.4855956376951395e-16,2015,2015
BHS,Bahamas,2015,24.024993896484375,-77.72500610351562,2.490483969449997,8.142086417054296e-06,2015,2015
BHS,Bahamas,2015,24.024993896484375,-77.67500305175781,0.0,0.0,2015,2015
BHS,Bahamas,2015,24.024993896484375,-77.62500762939453,0.23562000319361687,7.703074788362156e-07,2015,2015
BHS,Bahamas,2015,24.024993896484375,-77.57500457763672,1.795287936925888,5.869296773339133e-06,2015,2015
BHS,Bahamas,2015,24.024993896484375,-74.5250015258789,104.33438239246607,0.00034109818337720596,2015,2015
BHS,Bahamas,2015,24.024993896484375,-74.47500610351562,4.745942898094654,1.5515810453188955e-05,2015,2015
BHS,Bahamas,2015,24.074996948242188,-77.87500762939453,0.0,0.0,2015,2015
BHS,Bahamas,2015,24.074996948242188,-77.82500457763672,0.0,0.0,2015,2015
BHS,Bahamas,2015,24.074996948242188,-77.7750015258789,0.0,0.0,2015,2015
BHS,Bahamas,2015,24.074996948242188,-77.72500610351562,0.817501999440207,2.672641947190208e-06,2015,2015
BHS,Bahamas,2015,24.074996948242188,-77.67500305175781,0.19553300738334656,6.392519136966434e-07,2015,2015
BHS,Bahamas,2015,24.074996948242188,-77.62500762939453,0.4706220030784607,1.5385945325631836e-06,2015,2015
BHS,Bahamas,2015,24.074996948242188,-77.57500457763672,27.09783614433855,8.859038094957377e-05,2015,2015
BHS,Bahamas,2015,24.074996948242188,-76.37500762939453,172.8204801082611,0.0005649983300189744,2015,2015
BHS,Bahamas,2015,24.074996948242188,-74.5250015258789,483.0294202566147,0.001579157838376906,2015,2015
BHS,Bahamas,2015,24.074996948242188,-74.47500610351562,9.784929923713207,3.198966385689599e-05,2015,2015
BHS,Bahamas,2015,24.125,-77.87500762939453,0.0,0.0,2015,2015
BHS,Bahamas,2015,24.125,-77.82500457763672,0.0,0.0,2015,2015
BHS,Bahamas,2015,24.125,-77.7750015258789,0.0,0.0,2015,2015
BHS,Bahamas,2015,24.125,-77.62500762939453,3.6844210475683212,1.2045399582612047e-05,2015,2015
BHS,Bahamas,2015,24.125,-77.57500457763672,262.0222769677639,0.0008566238724821083,2015,2015
BHS,Bahamas,2015,24.125,-74.47500610351562,149.2220915332456,0.00048784861878295487,2015,2015
BHS,Bahamas,2015,24.17499542236328,-77.92500305175781,0.0,0.0,2015,2015
BHS,Bahamas,2015,24.17499542236328,-77.82500457763672,0.0,0.0,2015,2015
BHS,Bahamas,2015,24.17499542236328,-77.7750015258789,0.0,0.0,2015,2015
BHS,Bahamas,2015,24.17499542236328,-77.62500762939453,16.175217265274405,5.288129472183583e-05,2015,2015
BHS,Bahamas,2015,24.17499542236328,-75.47500610351562,30.16226901113987,9.86088663230283e-05,2015,2015
BHS,Bahamas,2015,24.17499542236328,-75.42500305175781,12.55302894115448,4.103935126200998e-05,2015,2015
BHS,Bahamas,2015,24.17499542236328,-75.37500762939453,59.12850558757782,0.00019330756917566353,2015,2015
BHS,Bahamas,2015,24.17499542236328,-75.32500457763672,88.5645659044385,0.0002895422568176931,2015,2015
BHS,Bahamas,2015,24.224998474121094,-77.87500762939453,0.0,0.0,2015,2015
BHS,Bahamas,2015,24.224998474121094,-77.7750015258789,0.0,0.0,2015,2015
BHS,Bahamas,2015,24.224998474121094,-77.72500610351562,0.0,0.0,2015,2015
BHS,Bahamas,2015,24.224998474121094,-77.67500305175781,20.25312273950014,6.621310459453991e-05,2015,2015
BHS,Bahamas,2015,24.224998474121094,-76.47500610351562,107.3267525434556,0.00035088107564233917,2015,2015
BHS,Bahamas,2015,24.224998474121094,-75.37500762939453,312.0322169959545,0.0010201203086832834,2015,2015
BHS,Bahamas,2015,24.224998474121094,-75.32500457763672,3.9079729318618774,1.2776253016298443e-05,2015,2015
BHS,Bahamas,2015,24.274993896484375,-78.0250015258789,0.0,0.0,2015,2015
BHS,Bahamas,2015,24.274993896484375,-77.67500305175781,342.706509873271,0.0011204031237717499,2015,2015
BHS,Bahamas,2015,24.274993896484375,-76.5250015258789,34.31749054791963,0.00011219344395913232,2015,2015
BHS,Bahamas,2015,24.274993896484375,-75.37500762939453,5.21016600728035,1.7033485217671897e-05,2015,2015
BHS,Bahamas,2015,24.324996948242188,-78.0250015258789,0.0,0.0,2015,2015
BHS,Bahamas,2015,24.324996948242188,-77.87500762939453,0.0,0.0,2015,2015
BHS,Bahamas,2015,24.324996948242188,-77.7750015258789,0.0,0.0,2015,2015
BHS,Bahamas,2015,24.324996948242188,-75.47500610351562,112.83382150903344,0.00036888521940412974,2015,2015
BHS,Bahamas,2015,24.324996948242188,-75.42500305175781,58.886520102628126,0.00019251645116233687,2015,2015
BHS,Bahamas,2015,24.375,-78.07500457763672,0.0,0.0,2015,2015
BHS,Bahamas,2015,24.375,-78.0250015258789,0.0,0.0,2015,2015
BHS,Bahamas,2015,24.375,-77.97500610351562,0.0,0.0,2015,2015
BHS,Bahamas,2015,24.375,-77.92500305175781,0.0,0.0,2015,2015
BHS,Bahamas,2015,24.375,-77.87500762939453,0.0,0.0,2015,2015
BHS,Bahamas,2015,24.42499542236328,-78.12500762939453,0.0,0.0,2015,2015
BHS,Bahamas,2015,24.42499542236328,-78.07500457763672,0.0,0.0,2015,2015
BHS,Bahamas,2015,24.42499542236328,-78.0250015258789,0.0,0.0,2015,2015
BHS,Bahamas,2015,24.42499542236328,-77.97500610351562,0.0,0.0,2015,2015
BHS,Bahamas,2015,24.42499542236328,-77.92500305175781,0.10438299924135208,3.412571254100841e-07,2015,2015
BHS,Bahamas,2015,24.42499542236328,-77.87500762939453,0.0,0.0,2015,2015
BHS,Bahamas,2015,24.42499542236328,-75.5250015258789,69.5924364775488,0.0002275170764896347,2015,2015
BHS,Bahamas,2015,24.474998474121094,-78.22500610351562,0.0,0.0,2015,2015
BHS,Bahamas,2015,24.474998474121094,-78.17500305175781,0.7809790372848511,2.5532382016839143e-06,2015,2015
BHS,Bahamas,2015,24.474998474121094,-78.12500762939453,2.6636810302734375,8.708315894417963e-06,2015,2015
BHS,Bahamas,2015,24.474998474121094,-78.07500457763672,0.0,0.0,2015,2015
BHS,Bahamas,2015,24.474998474121094,-78.0250015258789,0.0,0.0,2015,2015
BHS,Bahamas,2015,24.474998474121094,-77.97500610351562,0.20494499804005972,6.700223351181433e-07,2015,2015
BHS,Bahamas,2015,24.474998474121094,-77.92500305175781,0.0778760015964508,2.5459836023477424e-07,2015,2015
BHS,Bahamas,2015,24.474998474121094,-77.87500762939453,0.0,0.0,2015,2015
BHS,Bahamas,2015,24.474998474121094,-77.82500457763672,0.0,0.0,2015,2015
BHS,Bahamas,2015,24.474998474121094,-77.7750015258789,1.9929519891738892,6.515515666811385e-06,2015,2015
BHS,Bahamas,2015,24.524993896484375,-78.32500457763672,0.0,0.0,2015,2015
BHS,Bahamas,2015,24.524993896484375,-78.2750015258789,0.0,0.0,2015,2015
BHS,Bahamas,2015,24.524993896484375,-78.22500610351562,0.0,0.0,2015,2015
BHS,Bahamas,2015,24.524993896484375,-78.17500305175781,0.0,0.0,2015,2015
BHS,Bahamas,2015,24.524993896484375,-78.12500762939453,0.0,0.0,2015,2015
BHS,Bahamas,2015,24.524993896484375,-78.07500457763672,0.0,0.0,2015,2015
BHS,Bahamas,2015,24.524993896484375,-78.0250015258789,0.0,0.0,2015,2015
BHS,Bahamas,2015,24.524993896484375,-77.97500610351562,0.0,0.0,2015,2015
BHS,Bahamas,2015,24.524993896484375,-77.92500305175781,0.3476780056959406,1.1366563296171742e-06,2015,2015
BHS,Bahamas,2015,24.524993896484375,-77.87500762939453,0.0,0.0,2015,2015
BHS,Bahamas,2015,24.524993896484375,-77.82500457763672,0.0,0.0,2015,2015
BHS,Bahamas,2015,24.524993896484375,-77.7750015258789,2.5405130535897817,8.30564544069345e-06,2015,2015
BHS,Bahamas,2015,24.524993896484375,-77.72500610351562,105.02196593778483,0.0003433460856779649,2015,2015
BHS,Bahamas,2015,24.524993896484375,-76.7750015258789,0.475818008184433,1.555581721846568e-06,2015,2015
BHS,Bahamas,2015,24.524993896484375,-75.57500457763672,54.715574949990284,0.0001788804686424129,2015,2015
BHS,Bahamas,2015,24.574996948242188,-78.37500762939453,0.2315439973026514,7.569818792307733e-07,2015,2015
BHS,Bahamas,2015,24.574996948242188,-78.32500457763672,0.0324070006608963,1.0594751989382402e-07,2015,2015
BHS,Bahamas,2015,24.574996948242188,-78.2750015258789,0.0,0.0,2015,2015
BHS,Bahamas,2015,24.574996948242188,-78.22500610351562,0.0,0.0,2015,2015
BHS,Bahamas,2015,24.574996948242188,-78.17500305175781,0.0,0.0,2015,2015
BHS,Bahamas,2015,24.574996948242188,-78.12500762939453,0.0,0.0,2015,2015
BHS,Bahamas,2015,24.574996948242188,-78.07500457763672,0.08419000358920857,2.7524059302691707e-07,2015,2015
BHS,Bahamas,2015,24.574996948242188,-78.0250015258789,0.08015099912881851,2.620359614136382e-07,2015,2015
BHS,Bahamas,2015,24.574996948242188,-77.97500610351562,0.07390999794006348,2.416323886016421e-07,2015,2015
BHS,Bahamas,2015,24.574996948242188,-77.92500305175781,0.0,0.0,2015,2015
BHS,Bahamas,2015,24.574996948242188,-77.87500762939453,0.0,0.0,2015,2015
BHS,Bahamas,2015,24.574996948242188,-77.82500457763672,0.0,0.0,2015,2015
BHS,Bahamas,2015,24.574996948242188,-77.7750015258789,55.98589515686035,0.00018303349955067872,2015,2015
BHS,Bahamas,2015,24.574996948242188,-75.62500762939453,98.76647156477856,0.0003228951306061031,2015,2015
BHS,Bahamas,2015,24.625,-78.42500305175781,0.0,0.0,2015,2015
BHS,Bahamas,2015,24.625,-78.37500762939453,0.0,0.0,2015,2015
BHS,Bahamas,2015,24.625,-78.32500457763672,0.0,0.0,2015,2015
BHS,Bahamas,2015,24.625,-78.17500305175781,0.0,0.0,2015,2015
BHS,Bahamas,2015,24.625,-78.12500762939453,0.0,0.0,2015,2015
BHS,Bahamas,2015,24.625,-78.07500457763672,0.06961199641227722,2.2758102336936744e-07,2015,2015
BHS,Bahamas,2015,24.625,-78.0250015258789,0.14351800084114075,4.6920035606954767e-07,2015,2015
BHS,Bahamas,2015,24.625,-77.97500610351562,0.0,0.0,2015,2015
BHS,Bahamas,2015,24.625,-77.92500305175781,0.13816100358963013,4.5168683857946954e-07,2015,2015
BHS,Bahamas,2015,24.625,-77.87500762939453,0.0,0.0,2015,2015
BHS,Bahamas,2015,24.625,-77.82500457763672,0.0,0.0,2015,2015
BHS,Bahamas,2015,24.625,-77.7750015258789,136.6808976829052,0.00044684795973231586,2015,2015
BHS,Bahamas,2015,24.625,-75.67500305175781,136.96615090966887,0.000447780532056227,2015,2015
BHS,Bahamas,2015,24.625,-75.62500762939453,7.873494081199169,2.5740647199366068e-05,2015,2015
BHS,Bahamas,2015,24.67499542236328,-78.32500457763672,0.0,0.0,2015,2015
BHS,Bahamas,2015,24.67499542236328,-78.22500610351562,0.0,0.0,2015,2015
BHS,Bahamas,2015,24.67499542236328,-78.17500305175781,0.0,0.0,2015,2015
BHS,Bahamas,2015,24.67499542236328,-78.12500762939453,0.0,0.0,2015,2015
BHS,Bahamas,2015,24.67499542236328,-78.07500457763672,0.15547499805688858,5.082911134537828e-07,2015,2015
BHS,Bahamas,2015,24.67499542236328,-78.0250015258789,1.9060719646513462,6.231480645403655e-06,2015,2015
BHS,Bahamas,2015,24.67499542236328,-77.97500610351562,0.12170200608670712,3.9787778714579367e-07,2015,2015
BHS,Bahamas,2015,24.67499542236328,-77.92500305175781,0.884335994725056,2.891140910396309e-06,2015,2015
BHS,Bahamas,2015,24.67499542236328,-77.87500762939453,6.504813954234123,2.1266050290591227e-05,2015,2015
BHS,Bahamas,2015,24.67499542236328,-77.82500457763672,3.795086044854268,1.2407194310985362e-05,2015,2015
BHS,Bahamas,2015,24.67499542236328,-77.7750015258789,88.74501677045507,0.0002901322010065182,2015,2015
BHS,Bahamas,2015,24.67499542236328,-76.17500305175781,45.68270182609558,0.00014934948812970556,2015,2015
BHS,Bahamas,2015,24.67499542236328,-75.72500610351562,38.66761332753741,0.00012641520809450493,2015,2015
BHS,Bahamas,2015,24.724998474121094,-78.2750015258789,0.0,0.0,2015,2015
BHS,Bahamas,2015,24.724998474121094,-78.22500610351562,0.0,0.0,2015,2015
BHS,Bahamas,2015,24.724998474121094,-78.17500305175781,0.0,0.0,2015,2015
BHS,Bahamas,2015,24.724998474121094,-78.12500762939453,0.0,0.0,2015,2015
BHS,Bahamas,2015,24.724998474121094,-78.07500457763672,1.9189879558980465,6.273706621632594e-06,2015,2015
BHS,Bahamas,2015,24.724998474121094,-78.0250015258789,0.07665599882602692,2.506098310542268e-07,2015,2015
BHS,Bahamas,2015,24.724998474121094,-77.97500610351562,0.01894400082528591,6.193322008745523e-08,2015,2015
BHS,Bahamas,2015,24.724998474121094,-77.92500305175781,0.41882701218306373,1.3692622674235707e-06,2015,2015
BHS,Bahamas,2015,24.724998474121094,-77.87500762939453,5.513357043266296,1.8024701240804528e-05,2015,2015
BHS,Bahamas,2015,24.724998474121094,-77.82500457763672,88.20907086136008,0.00028838004441356416,2015,2015
BHS,Bahamas,2015,24.724998474121094,-77.7750015258789,1027.9184441864536,0.0033605519669730787,2015,2015
BHS,Bahamas,2015,24.774993896484375,-78.2750015258789,0.0,0.0,2015,2015
BHS,Bahamas,2015,24.774993896484375,-78.22500610351562,0.0,0.0,2015,2015
BHS,Bahamas,2015,24.774993896484375,-78.17500305175781,0.018352000042796135,5.999780448586033e-08,2015,2015
BHS,Bahamas,2015,24.774993896484375,-78.12500762939453,0.17364100367003157,5.676808502958023e-07,2015,2015
BHS,Bahamas,2015,24.774993896484375,-78.07500457763672,2.730512082577465,8.926805236199285e-06,2015,2015
BHS,Bahamas,2015,24.774993896484375,-78.0250015258789,0.0,0.0,2015,2015
BHS,Bahamas,2015,24.774993896484375,-77.97500610351562,0.0531499981880188,1.7376216174107637e-07,2015,2015
BHS,Bahamas,2015,24.774993896484375,-77.92500305175781,0.0895349979563498,2.9271486974171283e-07,2015,2015
BHS,Bahamas,2015,24.774993896484375,-77.87500762939453,106.90509486198425,0.00034950255912785113,2015,2015
BHS,Bahamas,2015,24.774993896484375,-76.2750015258789,227.55652648210526,0.0007439457254531848,2015,2015
BHS,Bahamas,2015,24.774993896484375,-76.22500610351562,246.72617363930004,0.000806616646307491,2015,2015
BHS,Bahamas,2015,24.824996948242188,-78.22500610351562,0.0,0.0,2015,2015
BHS,Bahamas,2015,24.824996948242188,-78.17500305175781,0.0,0.0,2015,2015
BHS,Bahamas,2015,24.824996948242188,-78.12500762939453,0.031773000955581665,1.0387479810465357e-07,2015,2015
BHS,Bahamas,2015,24.824996948242188,-78.07500457763672,0.0,0.0,2015,2015
BHS,Bahamas,2015,24.824996948242188,-78.0250015258789,0.37204800359904766,1.2163286468633477e-06,2015,2015
BHS,Bahamas,2015,24.824996948242188,-77.97500610351562,0.39066198468208313,1.2771829404073286e-06,2015,2015
BHS,Bahamas,2015,24.824996948242188,-77.92500305175781,32.86031014844775,0.00010742951498658088,2015,2015
BHS,Bahamas,2015,24.824996948242188,-77.87500762939453,153.3966140858829,0.0005014962968208188,2015,2015
BHS,Bahamas,2015,24.824996948242188,-76.17500305175781,39.388286071853216,0.00012877128821170834,2015,2015
BHS,Bahamas,2015,24.875,-78.17500305175781,0.0,0.0,2015,2015
BHS,Bahamas,2015,24.875,-78.12500762939453,0.02217799983918667,7.250606446904883e-08,2015,2015
BHS,Bahamas,2015,24.875,-78.07500457763672,0.1885750070346994,6.165042707390819e-07,2015,2015
BHS,Bahamas,2015,24.875,-78.0250015258789,0.19192500412464142,6.274563451703066e-07,2015,2015
BHS,Bahamas,2015,24.875,-77.97500610351562,0.054287999868392944,1.7748260649720366e-07,2015,2015
BHS,Bahamas,2015,24.875,-77.92500305175781,149.90067663788875,0.000490067102672474,2015,2015
BHS,Bahamas,2015,24.875,-76.17500305175781,538.7639731019735,0.0017613696298396746,2015,2015
BHS,Bahamas,2015,24.92499542236328,-78.17500305175781,0.0,0.0,2015,2015
BHS,Bahamas,2015,24.92499542236328,-78.12500762939453,0.12342600151896477,4.0351400884576655e-07,2015,2015
BHS,Bahamas,2015,24.92499542236328,-78.07500457763672,0.4993089810013771,1.6323802610230606e-06,2015,2015
BHS,Bahamas,2015,24.92499542236328,-78.0250015258789,12.859837125986814,4.204239275314478e-05,2015,2015
BHS,Bahamas,2015,24.92499542236328,-77.97500610351562,77.54682842642069,0.0002535222013719036,2015,2015
BHS,Bahamas,2015,24.92499542236328,-77.92500305175781,108.54245620966023,0.0003548555498526485,2015,2015
BHS,Bahamas,2015,24.92499542236328,-76.17500305175781,94.85781192035864,0.0003101166325350041,2015,2015
BHS,Bahamas,2015,24.974998474121094,-78.17500305175781,0.0,0.0,2015,2015
BHS,Bahamas,2015,24.974998474121094,-78.12500762939453,0.2583870068192482,8.447391608912566e-07,2015,2015
BHS,Bahamas,2015,24.974998474121094,-78.07500457763672,4.319060798749033,1.4120213860156803e-05,2015,2015
BHS,Bahamas,2015,24.974998474121094,-78.0250015258789,93.7624505721839,0.000306535590912516,2015,2015
BHS,Bahamas,2015,24.974998474121094,-77.97500610351562,0.9919559955596924,3.2429806964570793e-06,2015,2015
BHS,Bahamas,2015,24.974998474121094,-76.17500305175781,404.0577600598335,0.001320977464719476,2015,2015
BHS,Bahamas,2015,25.024993896484375,-78.12500762939453,0.0,0.0,2015,2015
BHS,Bahamas,2015,25.024993896484375,-78.07500457763672,5.701124079552455,1.8638564029912826e-05,2015,2015
BHS,Bahamas,2015,25.024993896484375,-78.0250015258789,167.1332987099901,0.0005464053485012446,2015,2015
BHS,Bahamas,2015,25.024993896484375,-77.5250015258789,4517.950136184692,0.014770438552504225,2015,2015
BHS,Bahamas,2015,25.024993896484375,-77.47500610351562,2313.268972337246,0.007562721185802195,2015,2015
BHS,Bahamas,2015,25.024993896484375,-77.42500305175781,6454.781180530887,0.021102479204740537,2015,2015
BHS,Bahamas,2015,25.024993896484375,-77.37500762939453,61432.58322143555,0.200840241313527,2015,2015
BHS,Bahamas,2015,25.024993896484375,-77.32500457763672,72592.57071125507,0.2373253517057141,2015,2015
BHS,Bahamas,2015,25.024993896484375,-76.12500762939453,43.667708670826094,0.00014276191374608074,2015,2015
BHS,Bahamas,2015,25.074996948242188,-78.12500762939453,0.0,0.0,2015,2015
BHS,Bahamas,2015,25.074996948242188,-78.07500457763672,7.903860062583374,2.5839922058229527e-05,2015,2015
BHS,Bahamas,2015,25.074996948242188,-78.0250015258789,438.62051690369844,0.0014339727525777355,2015,2015
BHS,Bahamas,2015,25.074996948242188,-77.97500610351562,258.28794801235716,0.000844415310034969,2015,2015
BHS,Bahamas,2015,25.074996948242188,-77.42500305175781,5118.235666900873,0.01673293930575253,2015,2015
BHS,Bahamas,2015,25.074996948242188,-77.37500762939453,25638.595013141632,0.0838197148705027,2015,2015
BHS,Bahamas,2015,25.074996948242188,-77.32500457763672,50643.8415389061,0.1655688369648253,2015,2015
BHS,Bahamas,2015,25.074996948242188,-76.12500762939453,224.04746390879154,0.0007324736216110224,2015,2015
BHS,Bahamas,2015,25.125,-78.17500305175781,78.1611753553196,0.0002555306727559822,2015,2015
BHS,Bahamas,2015,25.125,-78.12500762939453,0.9390070140361786,3.0698757142336166e-06,2015,2015
BHS,Bahamas,2015,25.125,-78.07500457763672,363.1687555015087,0.0011872999093908503,2015,2015
BHS,Bahamas,2015,25.125,-78.0250015258789,1278.110508680453,0.004178499576738758,2015,2015
BHS,Bahamas,2015,25.125,-76.12500762939453,67.5219259336666,0.00022074800028496673,2015,2015
BHS,Bahamas,2015,25.17499542236328,-78.17500305175781,0.0,0.0,2015,2015
BHS,Bahamas,2015,25.17499542236328,-78.12500762939453,0.0,0.0,2015,2015
BHS,Bahamas,2015,25.17499542236328,-76.22500610351562,564.683667719373,0.0018461083376841304,2015,2015
BHS,Bahamas,2015,25.17499542236328,-76.17500305175781,951.4172287583351,0.0031104481659986094,2015,2015
BHS,Bahamas,2015,25.224998474121094,-76.2750015258789,344.49410931766033,0.0011262472847195155,2015,2015
BHS,Bahamas,2015,25.324996948242188,-76.37500762939453,258.5264679044485,0.0008451950980590706,2015,2015
BHS,Bahamas,2015,25.375,-76.5250015258789,288.48998120985925,0.0009431541765690553,2015,2015
BHS,Bahamas,2015,25.42499542236328,-76.7750015258789,120.56067657470956,0.0003941464627803248,2015,2015
BHS,Bahamas,2015,25.42499542236328,-76.57500457763672,162.974528580904,0.0005328091695275807,2015,2015
BHS,Bahamas,2015,25.474998474121094,-76.72500610351562,907.9773148010207,0.0029684309766777857,2015,2015
BHS,Bahamas,2015,25.474998474121094,-76.67500305175781,270.7924664542079,0.0008852960669505345,2015,2015
BHS,Bahamas,2015,25.524993896484375,-76.82500457763672,80.51631665229797,0.00026323028624460304,2015,2015
BHS,Bahamas,2015,25.524993896484375,-76.72500610351562,194.6552423388015,0.0006363822550542978,2015,2015
BHS,Bahamas,2015,25.774993896484375,-77.87500762939453,319.60924231633544,0.0010448917168511401,2015,2015
BHS,Bahamas,2015,25.92499542236328,-77.2750015258789,0.0,0.0,2015,2015
BHS,Bahamas,2015,25.92499542236328,-77.22500610351562,0.0,0.0,2015,2015
BHS,Bahamas,2015,25.974998474121094,-77.2750015258789,0.0,0.0,2015,2015
BHS,Bahamas,2015,25.974998474121094,-77.22500610351562,0.0,0.0,2015,2015
BHS,Bahamas,2015,26.024993896484375,-77.37500762939453,181.2252214550972,0.0005924757726358974,2015,2015
BHS,Bahamas,2015,26.024993896484375,-77.32500457763672,0.8967850208318138,2.931840247397772e-06,2015,2015
BHS,Bahamas,2015,26.024993896484375,-77.2750015258789,0.25097400695085526,8.205039976545317e-07,2015,2015
BHS,Bahamas,2015,26.024993896484375,-77.22500610351562,0.0,0.0,2015,2015
BHS,Bahamas,2015,26.074996948242188,-77.2750015258789,0.0,0.0,2015,2015
BHS,Bahamas,2015,26.074996948242188,-77.22500610351562,0.723857007920742,2.366490362667387e-06,2015,2015
BHS,Bahamas,2015,26.125,-77.22500610351562,16.034234330058098,5.2420382202043685e-05,2015,2015
BHS,Bahamas,2015,26.17499542236328,-77.22500610351562,0.17425699532032013,5.696946987326349e-07,2015,2015
BHS,Bahamas,2015,26.224998474121094,-77.22500610351562,0.0,0.0,2015,2015
BHS,Bahamas,2015,26.224998474121094,-77.17500305175781,55.42930483073105,0.00018121385060299164,2015,2015
BHS,Bahamas,2015,26.274993896484375,-77.22500610351562,0.0,0.0,2015,2015
BHS,Bahamas,2015,26.274993896484375,-77.17500305175781,1.9993849992752075,6.536546970288631e-06,2015,2015
BHS,Bahamas,2015,26.324996948242188,-77.57500457763672,177.44367699325085,0.0005801128495350168,2015,2015
BHS,Bahamas,2015,26.324996948242188,-77.22500610351562,0.0,0.0,2015,2015
BHS,Bahamas,2015,26.324996948242188,-77.17500305175781,0.0,0.0,2015,2015
BHS,Bahamas,2015,26.324996948242188,-77.12500762939453,6.425300007686019,2.100609703166755e-05,2015,2015
BHS,Bahamas,2015,26.324996948242188,-77.07500457763672,15.48613003268838,5.0628476448187886e-05,2015,2015
BHS,Bahamas,2015,26.324996948242188,-77.0250015258789,95.83701726794384,0.00031331792780848507,2015,2015
BHS,Bahamas,2015,26.375,-77.22500610351562,0.0,0.0,2015,2015
BHS,Bahamas,2015,26.375,-77.17500305175781,0.4427120089530945,1.4473489807524667e-06,2015,2015
BHS,Bahamas,2015,26.375,-77.12500762939453,3.487408012188722,1.1401309044779305e-05,2015,2015
BHS,Bahamas,2015,26.375,-77.07500457763672,55.218885164724924,0.00018052593005201217,2015,2015
BHS,Bahamas,2015,26.375,-77.0250015258789,51.00619404391885,0.00016675346832380628,2015,2015
BHS,Bahamas,2015,26.42499542236328,-77.22500610351562,0.0,0.0,2015,2015
BHS,Bahamas,2015,26.42499542236328,-77.17500305175781,0.0,0.0,2015,2015
BHS,Bahamas,2015,26.42499542236328,-77.12500762939453,17.803079847253226,5.820323133341249e-05,2015,2015
BHS,Bahamas,2015,26.42499542236328,-77.07500457763672,7.571442782878876,2.4753157296409413e-05,2015,2015
BHS,Bahamas,2015,26.474998474121094,-77.17500305175781,0.09651400148868561,3.1553117796222085e-07,2015,2015
BHS,Bahamas,2015,26.474998474121094,-77.12500762939453,3.4529679864869385,1.128871499924067e-05,2015,2015
BHS,Bahamas,2015,26.474998474121094,-77.07500457763672,259.21025463007777,0.0008474305874977509,2015,2015
BHS,Bahamas,2015,26.524993896484375,-78.7750015258789,3647.354322910311,0.01192421812588927,2015,2015
BHS,Bahamas,2015,26.524993896484375,-78.72500610351562,10123.186760425568,0.03309551975858232,2015,2015
BHS,Bahamas,2015,26.524993896484375,-78.67500305175781,19067.632915496826,0.06233740785769036,2015,2015
BHS,Bahamas,2015,26.524993896484375,-78.62500762939453,4458.059815444052,0.014574640397207092,2015,2015
BHS,Bahamas,2015,26.524993896484375,-77.12500762939453,216.10672202706337,0.0007065131226037426,2015,2015
BHS,Bahamas,2015,26.524993896484375,-77.07500457763672,6652.849925264716,0.021750021150773,2015,2015
BHS,Bahamas,2015,26.574996948242188,-78.82500457763672,1770.3566680848598,0.0057877895049204195,2015,2015
BHS,Bahamas,2015,26.574996948242188,-78.7750015258789,0.0,0.0,2015,2015
BHS,Bahamas,2015,26.574996948242188,-78.67500305175781,763.2497289478779,0.002495276149984334,2015,2015
BHS,Bahamas,2015,26.574996948242188,-78.62500762939453,1514.081205159448,0.0049499535696945,2015,2015
BHS,Bahamas,2015,26.574996948242188,-78.57500457763672,2251.5748313964114,0.007361025839384392,2015,2015
BHS,Bahamas,2015,26.574996948242188,-78.5250015258789,87.84234043955803,0.0002871811004240815,2015,2015
BHS,Bahamas,2015,26.574996948242188,-77.87500762939453,0.0,0.0,2015,2015
BHS,Bahamas,2015,26.574996948242188,-77.17500305175781,13.046586856245995,4.265292968523659e-05,2015,2015
BHS,Bahamas,2015,26.625,-78.87500762939453,172.41021478176117,0.0005636570582889576,2015,2015
BHS,Bahamas,2015,26.625,-78.57500457763672,0.0,0.0,2015,2015
BHS,Bahamas,2015,26.625,-78.5250015258789,2.003649979844659,6.550490380802211e-06,2015,2015
BHS,Bahamas,2015,26.625,-78.47500610351562,4.985270008444786,1.629823749882258e-05,2015,2015
BHS,Bahamas,2015,26.625,-78.42500305175781,3.7941571176078908,1.240415738884174e-05,2015,2015
BHS,Bahamas,2015,26.625,-78.37500762939453,141.72111928836068,0.00046332584932169777,2015,2015
BHS,Bahamas,2015,26.625,-78.32500457763672,76.30705747754729,0.00024946904450484295,2015,2015
BHS,Bahamas,2015,26.625,-78.2750015258789,150.27487437427146,0.0004912904593951301,2015,2015
BHS,Bahamas,2015,26.625,-78.22500610351562,160.4605506658554,0.000524590274852498,2015,2015
BHS,Bahamas,2015,26.625,-77.32500457763672,0.0,0.0,2015,2015
BHS,Bahamas,2015,26.625,-77.2750015258789,100.54081586006785,0.00032869595677606365,2015,2015
BHS,Bahamas,2015,26.67499542236328,-78.57500457763672,0.0,0.0,2015,2015
BHS,Bahamas,2015,26.67499542236328,-78.5250015258789,2.5125410184310484,8.214197059448264e-06,2015,2015
BHS,Bahamas,2015,26.67499542236328,-78.47500610351562,0.07447700202465057,2.434860830289748e-07,2015,2015
BHS,Bahamas,2015,26.67499542236328,-78.42500305175781,0.14418499916791916,4.7138095955195426e-07,2015,2015
BHS,Bahamas,2015,26.67499542236328,-78.37500762939453,0.0,0.0,2015,2015
BHS,Bahamas,2015,26.67499542236328,-78.32500457763672,1.3101739883426604,4.2833240307178006e-06,2015,2015
BHS,Bahamas,2015,26.67499542236328,-78.2750015258789,0.0,0.0,2015,2015
BHS,Bahamas,2015,26.67499542236328,-78.22500610351562,0.47735000401735306,1.560590243328823e-06,2015,2015
BHS,Bahamas,2015,26.67499542236328,-78.17500305175781,3.9958320297360794,1.3063488901448175e-05,2015,2015
BHS,Bahamas,2015,26.67499542236328,-78.12500762939453,7.345985014014969,2.4016072994721827e-05,2015,2015
BHS,Bahamas,2015,26.67499542236328,-78.07500457763672,2.6841780161485076,8.775326255589176e-06,2015,2015
BHS,Bahamas,2015,26.67499542236328,-78.0250015258789,2.222065007332231,7.264549997487813e-06,2015,2015
BHS,Bahamas,2015,26.67499542236328,-77.97500610351562,42.135102793574646,0.00013775139785883236,2015,2015
BHS,Bahamas,2015,26.67499542236328,-77.92500305175781,7.581815123558044,2.4787067369789877e-05,2015,2015
BHS,Bahamas,2015,26.67499542236328,-77.32500457763672,898.6068734527182,0.0029377963915289936,2015,2015
BHS,Bahamas,2015,26.67499542236328,-77.2750015258789,1682.7777283415198,0.005501469534805637,2015,2015
BHS,Bahamas,2015,26.724998474121094,-78.62500762939453,0.0,0.0,2015,2015
BHS,Bahamas,2015,26.724998474121094,-78.57500457763672,0.0,0.0,2015,2015
BHS,Bahamas,2015,26.724998474121094,-78.5250015258789,0.0,0.0,2015,2015
BHS,Bahamas,2015,26.724998474121094,-78.0250015258789,0.0,0.0,2015,2015
BHS,Bahamas,2015,26.724998474121094,-77.97500610351562,0.0,0.0,2015,2015
BHS,Bahamas,2015,26.724998474121094,-77.92500305175781,0.0,0.0,2015,2015
BHS,Bahamas,2015,26.724998474121094,-77.42500305175781,43.13899058107583,0.00014103338690960517,2015,2015
BHS,Bahamas,2015,26.724998474121094,-77.37500762939453,249.59842051570791,0.0008160068220989023,2015,2015
BHS,Bahamas,2015,26.774993896484375,-78.57500457763672,0.0,0.0,2015,2015
BHS,Bahamas,2015,26.774993896484375,-77.42500305175781,31.01198375225067,0.00010138682070331566,2015,2015
BHS,Bahamas,2015,26.824996948242188,-77.47500610351562,8.942610964179039,2.923588834844932e-05,2015,2015
BHS,Bahamas,2015,26.875,-77.67500305175781,20.470592498779297,6.69240738659213e-05,2015,2015
BHS,Bahamas,2015,26.875,-77.62500762939453,47.070703107894225,0.00015388725128016764,2015,2015
BHS,Bahamas,2015,26.875,-77.57500457763672,11.449978291988373,3.743317117088428e-05,2015,2015
BHS,Bahamas,2015,26.875,-77.5250015258789,495.05609935155746,0.0016184764052508095,2015,2015
BHS,Bahamas,2015,26.92499542236328,-77.87500762939453,0.0,0.0,2015,2015
BHS,Bahamas,2015,26.92499542236328,-77.82500457763672,137.9878925904699,0.00045112089046167597,2015,2015
BHS,Bahamas,2015,26.92499542236328,-77.7750015258789,171.74573430791497,0.0005614846863697375,2015,2015
BHS,Bahamas,2016,20.974998474121094,-73.67500305175781,521.5887390971184,0.0016914868980746373,2016,2016
BHS,Bahamas,2016,20.974998474121094,-73.62500762939453,0.07044800370931625,2.2845944771755184e-07,2016,2016
BHS,Bahamas,2016,20.974998474121094,-73.57500457763672,0.0,0.0,2016,2016
BHS,Bahamas,2016,20.974998474121094,-73.5250015258789,0.0,0.0,2016,2016
BHS,Bahamas,2016,20.974998474121094,-73.47500610351562,0.0,0.0,2016,2016
BHS,Bahamas,2016,20.974998474121094,-73.42500305175781,0.0,0.0,2016,2016
BHS,Bahamas,2016,20.974998474121094,-73.37500762939453,0.0,0.0,2016,2016
BHS,Bahamas,2016,20.974998474121094,-73.32500457763672,0.0,0.0,2016,2016
BHS,Bahamas,2016,20.974998474121094,-73.2750015258789,0.0,0.0,2016,2016
BHS,Bahamas,2016,20.974998474121094,-73.22500610351562,0.0,0.0,2016,2016
BHS,Bahamas,2016,20.974998474121094,-73.17500305175781,0.0,0.0,2016,2016
BHS,Bahamas,2016,21.024993896484375,-73.67500305175781,0.8250279913249542,2.6755256263520536e-06,2016,2016
BHS,Bahamas,2016,21.024993896484375,-73.62500762939453,43.56221026647879,0.00014127012796417258,2016,2016
BHS,Bahamas,2016,21.024993896484375,-73.57500457763672,0.0,0.0,2016,2016
BHS,Bahamas,2016,21.024993896484375,-73.5250015258789,0.0,0.0,2016,2016
BHS,Bahamas,2016,21.024993896484375,-73.47500610351562,0.0,0.0,2016,2016
BHS,Bahamas,2016,21.024993896484375,-73.42500305175781,0.0,0.0,2016,2016
BHS,Bahamas,2016,21.024993896484375,-73.37500762939453,0.0,0.0,2016,2016
BHS,Bahamas,2016,21.024993896484375,-73.32500457763672,1.2699300050735474,4.118321206037001e-06,2016,2016
BHS,Bahamas,2016,21.024993896484375,-73.2750015258789,0.0,0.0,2016,2016
BHS,Bahamas,2016,21.024993896484375,-73.22500610351562,0.0,0.0,2016,2016
BHS,Bahamas,2016,21.024993896484375,-73.17500305175781,0.0,0.0,2016,2016
BHS,Bahamas,2016,21.024993896484375,-73.12500762939453,0.0,0.0,2016,2016
BHS,Bahamas,2016,21.074996948242188,-73.62500762939453,8.71577689051741,2.8264840307656383e-05,2016,2016
BHS,Bahamas,2016,21.074996948242188,-73.57500457763672,1.1913499645888805,3.8634899587979005e-06,2016,2016
BHS,Bahamas,2016,21.074996948242188,-73.5250015258789,0.0,0.0,2016,2016
BHS,Bahamas,2016,21.074996948242188,-73.47500610351562,0.0,0.0,2016,2016
BHS,Bahamas,2016,21.074996948242188,-73.42500305175781,0.0,0.0,2016,2016
BHS,Bahamas,2016,21.074996948242188,-73.37500762939453,0.0,0.0,2016,2016
BHS,Bahamas,2016,21.074996948242188,-73.32500457763672,0.0,0.0,2016,2016
BHS,Bahamas,2016,21.074996948242188,-73.2750015258789,0.0,0.0,2016,2016
BHS,Bahamas,2016,21.074996948242188,-73.22500610351562,0.0,0.0,2016,2016
BHS,Bahamas,2016,21.074996948242188,-73.17500305175781,0.0,0.0,2016,2016
BHS,Bahamas,2016,21.074996948242188,-73.12500762939453,0.0,0.0,2016,2016
BHS,Bahamas,2016,21.125,-73.5250015258789,0.0,0.0,2016,2016
BHS,Bahamas,2016,21.125,-73.47500610351562,0.0,0.0,2016,2016
BHS,Bahamas,2016,21.125,-73.42500305175781,0.0,0.0,2016,2016
BHS,Bahamas,2016,21.125,-73.37500762939453,0.0,0.0,2016,2016
BHS,Bahamas,2016,21.125,-73.32500457763672,0.0,0.0,2016,2016
BHS,Bahamas,2016,21.125,-73.2750015258789,0.0,0.0,2016,2016
BHS,Bahamas,2016,21.125,-73.22500610351562,0.0,0.0,2016,2016
BHS,Bahamas,2016,21.125,-73.17500305175781,0.0,0.0,2016,2016
BHS,Bahamas,2016,21.125,-73.12500762939453,0.0,0.0,2016,2016
BHS,Bahamas,2016,21.125,-73.07500457763672,0.0,0.0,2016,2016
BHS,Bahamas,2016,21.17499542236328,-73.47500610351562,0.0,0.0,2016,2016
BHS,Bahamas,2016,21.17499542236328,-73.42500305175781,0.0,0.0,2016,2016
BHS,Bahamas,2016,21.17499542236328,-73.37500762939453,0.0,0.0,2016,2016
BHS,Bahamas,2016,21.17499542236328,-73.12500762939453,0.0,0.0,2016,2016
BHS,Bahamas,2016,21.17499542236328,-73.07500457763672,0.027506999671459198,8.920386132215414e-08,2016,2016
BHS,Bahamas,2016,21.224998474121094,-73.07500457763672,0.0,0.0,2016,2016
BHS,Bahamas,2016,21.224998474121094,-73.0250015258789,0.0,0.0,2016,2016
BHS,Bahamas,2016,21.274993896484375,-73.07500457763672,0.0,0.0,2016,2016
BHS,Bahamas,2016,21.274993896484375,-73.0250015258789,0.0,0.0,2016,2016
BHS,Bahamas,2016,21.324996948242188,-73.0250015258789,0.0,0.0,2016,2016
BHS,Bahamas,2016,21.474998474121094,-73.0250015258789,0.7504990249909913,2.4338318154404823e-06,2016,2016
BHS,Bahamas,2016,21.474998474121094,-72.97500610351562,0.0,0.0,2016,2016
BHS,Bahamas,2016,21.524993896484375,-73.0250015258789,0.0,0.0,2016,2016
BHS,Bahamas,2016,21.524993896484375,-72.97500610351562,0.0,0.0,2016,2016
BHS,Bahamas,2016,22.17499542236328,-74.2750015258789,2.734941005706787,8.869280587169141e-06,2016,2016
BHS,Bahamas,2016,22.224998474121094,-74.22500610351562,117.41435446217695,0.0003807690376185134,2016,2016
BHS,Bahamas,2016,22.274993896484375,-74.17500305175781,0.19926999509334564,6.462228967275141e-07,2016,2016
BHS,Bahamas,2016,22.324996948242188,-74.12500762939453,1.5416759625077248,4.999580121634626e-06,2016,2016
BHS,Bahamas,2016,22.324996948242188,-74.07500457763672,3.424207005649805,1.1104536682249147e-05,2016,2016
BHS,Bahamas,2016,22.324996948242188,-72.82500457763672,0.0,0.0,2016,2016
BHS,Bahamas,2016,22.324996948242188,-72.7750015258789,0.0,0.0,2016,2016
BHS,Bahamas,2016,22.375,-74.07500457763672,0.0,0.0,2016,2016
BHS,Bahamas,2016,22.375,-74.0250015258789,4.772606864571571,1.5477331805625416e-05,2016,2016
BHS,Bahamas,2016,22.375,-73.97500610351562,0.0,0.0,2016,2016
BHS,Bahamas,2016,22.375,-73.12500762939453,0.12443199753761292,4.035269126025704e-07,2016,2016
BHS,Bahamas,2016,22.375,-73.07500457763672,0.0,0.0,2016,2016
BHS,Bahamas,2016,22.375,-73.0250015258789,48.988134712085156,0.00015886613689176785,2016,2016
BHS,Bahamas,2016,22.375,-72.97500610351562,123.27971842885017,0.00039979012752785586,2016,2016
BHS,Bahamas,2016,22.375,-72.92500305175781,1.3665330298244953,4.431600114173442e-06,2016,2016
BHS,Bahamas,2016,22.375,-72.87500762939453,0.0,0.0,2016,2016
BHS,Bahamas,2016,22.375,-72.82500457763672,0.0,0.0,2016,2016
BHS,Bahamas,2016,22.42499542236328,-73.97500610351562,47.49059778452387,0.00015400969751246365,2016,2016
BHS,Bahamas,2016,22.42499542236328,-73.12500762939453,57.01846309752497,0.00018490810105441658,2016,2016
BHS,Bahamas,2016,22.42499542236328,-73.07500457763672,42.508374571805774,0.00013785259009065862,2016,2016
BHS,Bahamas,2016,22.42499542236328,-73.0250015258789,0.14654099941253662,4.7522532976103173e-07,2016,2016
BHS,Bahamas,2016,22.474998474121094,-73.87500762939453,0.8591440320014954,2.786162286028493e-06,2016,2016
BHS,Bahamas,2016,22.574996948242188,-74.37500762939453,1.550107017159462,5.0269216215777625e-06,2016,2016
BHS,Bahamas,2016,22.574996948242188,-73.87500762939453,66.64803344011307,0.00021613632905790312,2016,2016
BHS,Bahamas,2016,22.574996948242188,-73.62500762939453,0.0,0.0,2016,2016
BHS,Bahamas,2016,22.625,-74.32500457763672,12.000569343566895,3.8917262380352065e-05,2016,2016
BHS,Bahamas,2016,22.625,-74.0250015258789,0.0,0.0,2016,2016
BHS,Bahamas,2016,22.625,-73.97500610351562,0.0,0.0,2016,2016
BHS,Bahamas,2016,22.625,-73.92500305175781,0.20076300203800201,6.510646455927067e-07,2016,2016
BHS,Bahamas,2016,22.625,-73.87500762939453,50.33612224459736,0.00016323759486066354,2016,2016
BHS,Bahamas,2016,22.67499542236328,-74.07500457763672,0.08333499729633331,2.7025134078208454e-07,2016,2016
BHS,Bahamas,2016,22.67499542236328,-73.92500305175781,18.229250203818083,5.911657129495925e-05,2016,2016
BHS,Bahamas,2016,22.724998474121094,-74.2750015258789,0.48849901557244946,1.5841785349765837e-06,2016,2016
BHS,Bahamas,2016,22.724998474121094,-74.22500610351562,0.3780499994754791,1.2259977507122322e-06,2016,2016
BHS,Bahamas,2016,22.724998474121094,-74.17500305175781,39.607215017084926,0.0001284442708379674,2016,2016
BHS,Bahamas,2016,22.724998474121094,-74.12500762939453,12.0089480281001,3.8944434046549365e-05,2016,2016
BHS,Bahamas,2016,22.724998474121094,-74.07500457763672,9.176338858902454,2.975842035814462e-05,2016,2016
BHS,Bahamas,2016,22.774993896484375,-74.2750015258789,1.011327653566152e-11,3.279686364833873e-17,2016,2016
BHS,Bahamas,2016,22.774993896484375,-74.22500610351562,88.6492128968483,0.00028748508336129544,2016,2016
BHS,Bahamas,2016,22.824996948242188,-74.32500457763672,98.13354656845871,0.00031824231590866077,2016,2016
BHS,Bahamas,2016,22.824996948242188,-74.2750015258789,17.99899613858856,5.836986856660215e-05,2016,2016
BHS,Bahamas,2016,22.92499542236328,-74.87500762939453,86.52441585064363,0.0002805944699424853,2016,2016
BHS,Bahamas,2016,22.974998474121094,-74.87500762939453,80.20460206270218,0.0002600996213783103,2016,2016
BHS,Bahamas,2016,23.024993896484375,-74.92500305175781,36.632231310009956,0.00011879654345180182,2016,2016
BHS,Bahamas,2016,23.024993896484375,-74.87500762939453,106.04898631573356,0.00034391170180873035,2016,2016
BHS,Bahamas,2016,23.074996948242188,-74.97500610351562,97.46092770256053,0.00031606104565916495,2016,2016
BHS,Bahamas,2016,23.074996948242188,-74.92500305175781,30.735499285223057,9.967372845650533e-05,2016,2016
BHS,Bahamas,2016,23.074996948242188,-73.7750015258789,0.0,0.0,2016,2016
BHS,Bahamas,2016,23.125,-75.12500762939453,0.0,0.0,2016,2016
BHS,Bahamas,2016,23.17499542236328,-75.22500610351562,0.0,0.0,2016,2016
BHS,Bahamas,2016,23.17499542236328,-75.17500305175781,0.0,0.0,2016,2016
BHS,Bahamas,2016,23.224998474121094,-75.12500762939453,74.81704425811768,0.00024262803360045832,2016,2016
BHS,Bahamas,2016,23.42499542236328,-75.57500457763672,62.25670097775756,0.00020189545158416395,2016,2016
BHS,Bahamas,2016,23.42499542236328,-75.17500305175781,121.89317971468313,0.00039529364995292466,2016,2016
BHS,Bahamas,2016,23.474998474121094,-75.7750015258789,777.0173799991837,0.0025198295502314887,2016,2016
BHS,Bahamas,2016,23.474998474121094,-75.72500610351562,362.4413481708616,0.0011753796541174356,2016,2016
BHS,Bahamas,2016,23.474998474121094,-75.22500610351562,207.3963647633791,0.0006725763181023059,2016,2016
BHS,Bahamas,2016,23.524993896484375,-75.82500457763672,489.60847698543046,0.0015877764643475766,2016,2016
BHS,Bahamas,2016,23.524993896484375,-75.22500610351562,80.9319624677381,0.0002624584157752642,2016,2016
BHS,Bahamas,2016,23.574996948242188,-75.92500305175781,186.74259051680565,0.0006055971333247652,2016,2016
BHS,Bahamas,2016,23.574996948242188,-75.87500762939453,701.6783461272717,0.0022755087297158206,2016,2016
BHS,Bahamas,2016,23.625,-75.97500610351562,152.93593621253967,0.0004959637985975041,2016,2016
BHS,Bahamas,2016,23.625,-75.92500305175781,1217.0980695039061,0.003946989810020546,2016,2016
BHS,Bahamas,2016,23.67499542236328,-76.0250015258789,152.24454742670454,0.0004937216584110801,2016,2016
BHS,Bahamas,2016,23.67499542236328,-75.32500457763672,72.89527922869962,0.0002363958431316503,2016,2016
BHS,Bahamas,2016,23.67499542236328,-74.92500305175781,0.22707000374794006,7.363769719228614e-07,2016,2016
BHS,Bahamas,2016,23.67499542236328,-74.87500762939453,5.934487082065761,1.9245252808723604e-05,2016,2016
BHS,Bahamas,2016,23.67499542236328,-74.82500457763672,34.592370808155074,0.0001121813751129297,2016,2016
BHS,Bahamas,2016,23.774993896484375,-77.72500610351562,0.0,0.0,2016,2016
BHS,Bahamas,2016,23.774993896484375,-77.62500762939453,0.0,0.0,2016,2016
BHS,Bahamas,2016,23.774993896484375,-77.57500457763672,0.0,0.0,2016,2016
BHS,Bahamas,2016,23.824996948242188,-77.72500610351562,0.0,0.0,2016,2016
BHS,Bahamas,2016,23.824996948242188,-77.67500305175781,0.1481959968805313,4.805924060102344e-07,2016,2016
BHS,Bahamas,2016,23.824996948242188,-77.57500457763672,0.0,0.0,2016,2016
BHS,Bahamas,2016,23.875,-77.7750015258789,0.0,0.0,2016,2016
BHS,Bahamas,2016,23.875,-77.72500610351562,0.02999499998986721,9.72723252776405e-08,2016,2016
BHS,Bahamas,2016,23.875,-77.67500305175781,0.0,0.0,2016,2016
BHS,Bahamas,2016,23.875,-77.62500762939453,0.0,0.0,2016,2016
BHS,Bahamas,2016,23.875,-77.57500457763672,0.0,0.0,2016,2016
BHS,Bahamas,2016,23.875,-77.5250015258789,49.97530926765501,0.0001620674959351964,2016,2016
BHS,Bahamas,2016,23.92499542236328,-77.7750015258789,0.0,0.0,2016,2016
BHS,Bahamas,2016,23.92499542236328,-77.72500610351562,0.0,0.0,2016,2016
BHS,Bahamas,2016,23.92499542236328,-77.67500305175781,0.0,0.0,2016,2016
BHS,Bahamas,2016,23.92499542236328,-77.62500762939453,0.0,0.0,2016,2016
BHS,Bahamas,2016,23.92499542236328,-77.5250015258789,58.44638076424599,0.00018953876855879725,2016,2016
BHS,Bahamas,2016,23.974998474121094,-77.82500457763672,0.0,0.0,2016,2016
BHS,Bahamas,2016,23.974998474121094,-77.7750015258789,0.0,0.0,2016,2016
BHS,Bahamas,2016,23.974998474121094,-77.72500610351562,0.0,0.0,2016,2016
BHS,Bahamas,2016,23.974998474121094,-77.67500305175781,0.0,0.0,2016,2016
BHS,Bahamas,2016,23.974998474121094,-77.62500762939453,0.057847000658512115,1.8759500804439192e-07,2016,2016
BHS,Bahamas,2016,23.974998474121094,-77.57500457763672,13.55096305910052,4.394511375080522e-05,2016,2016
BHS,Bahamas,2016,23.974998474121094,-76.32500457763672,46.79798364639282,0.00015176358356817508,2016,2016
BHS,Bahamas,2016,23.974998474121094,-74.5250015258789,88.75353193284671,0.0002878233849184122,2016,2016
BHS,Bahamas,2016,24.024993896484375,-77.82500457763672,0.0,0.0,2016,2016
BHS,Bahamas,2016,24.024993896484375,-77.7750015258789,4.542434831056319e-11,1.4730895102125665e-16,2016,2016
BHS,Bahamas,2016,24.024993896484375,-77.72500610351562,2.4896059334278107,8.07367088685923e-06,2016,2016
BHS,Bahamas,2016,24.024993896484375,-77.67500305175781,0.0,0.0,2016,2016
BHS,Bahamas,2016,24.024993896484375,-77.62500762939453,0.23555900529026985,7.639063908122378e-07,2016,2016
BHS,Bahamas,2016,24.024993896484375,-77.57500457763672,1.7946820706129074,5.820066617822358e-06,2016,2016
BHS,Bahamas,2016,24.024993896484375,-74.5250015258789,102.88434606045485,0.0003336489274662674,2016,2016
BHS,Bahamas,2016,24.024993896484375,-74.47500610351562,4.673671908676624,1.5156490558271081e-05,2016,2016
BHS,Bahamas,2016,24.074996948242188,-77.87500762939453,0.0,0.0,2016,2016
BHS,Bahamas,2016,24.074996948242188,-77.82500457763672,0.0,0.0,2016,2016
BHS,Bahamas,2016,24.074996948242188,-77.7750015258789,0.0,0.0,2016,2016
BHS,Bahamas,2016,24.074996948242188,-77.72500610351562,0.8172090090835226,2.6501690474493845e-06,2016,2016
BHS,Bahamas,2016,24.074996948242188,-77.67500305175781,0.19546599686145782,6.338867155808976e-07,2016,2016
BHS,Bahamas,2016,24.074996948242188,-77.62500762939453,0.470490001142025,1.5257761775770922e-06,2016,2016
BHS,Bahamas,2016,24.074996948242188,-77.57500457763672,27.08955570317356,8.78501108476755e-05,2016,2016
BHS,Bahamas,2016,24.074996948242188,-76.37500762939453,173.01290678977966,0.0005610724371452166,2016,2016
BHS,Bahamas,2016,24.074996948242188,-74.5250015258789,476.44519233703613,0.0015450885728165438,2016,2016
BHS,Bahamas,2016,24.074996948242188,-74.47500610351562,9.659120671451092,3.1324058281939395e-05,2016,2016
BHS,Bahamas,2016,24.125,-77.87500762939453,0.0,0.0,2016,2016
BHS,Bahamas,2016,24.125,-77.82500457763672,0.0,0.0,2016,2016
BHS,Bahamas,2016,24.125,-77.7750015258789,0.0,0.0,2016,2016
BHS,Bahamas,2016,24.125,-77.62500762939453,3.683170959353447,1.1944344181777538e-05,2016,2016
BHS,Bahamas,2016,24.125,-77.57500457763672,261.93014673888683,0.0008494267191936046,2016,2016
BHS,Bahamas,2016,24.125,-74.47500610351562,147.14147305488777,0.0004771726365614705,2016,2016
BHS,Bahamas,2016,24.17499542236328,-77.92500305175781,0.0,0.0,2016,2016
BHS,Bahamas,2016,24.17499542236328,-77.82500457763672,0.0,0.0,2016,2016
BHS,Bahamas,2016,24.17499542236328,-77.7750015258789,0.0,0.0,2016,2016
BHS,Bahamas,2016,24.17499542236328,-77.62500762939453,16.169592360977106,5.243720114269549e-05,2016,2016
BHS,Bahamas,2016,24.17499542236328,-75.47500610351562,30.114499539136887,9.765985650054493e-05,2016,2016
BHS,Bahamas,2016,24.17499542236328,-75.42500305175781,12.535997986793518,4.065363141400768e-05,2016,2016
BHS,Bahamas,2016,24.17499542236328,-75.37500762939453,59.04708206653595,0.00019148681364933868,2016,2016
BHS,Bahamas,2016,24.17499542236328,-75.32500457763672,88.43638551980257,0.0002867948945346586,2016,2016
BHS,Bahamas,2016,24.224998474121094,-77.87500762939453,0.0,0.0,2016,2016
BHS,Bahamas,2016,24.224998474121094,-77.7750015258789,0.0,0.0,2016,2016
BHS,Bahamas,2016,24.224998474121094,-77.72500610351562,0.0,0.0,2016,2016
BHS,Bahamas,2016,24.224998474121094,-77.67500305175781,20.246861539787382,6.565958667160735e-05,2016,2016
BHS,Bahamas,2016,24.224998474121094,-76.47500610351562,107.44028103352214,0.00034842360287195797,2016,2016
BHS,Bahamas,2016,24.224998474121094,-75.37500762939453,311.60753160715103,0.001010528060799897,2016,2016
BHS,Bahamas,2016,24.224998474121094,-75.32500457763672,3.902182102203369,1.2654586659987978e-05,2016,2016
BHS,Bahamas,2016,24.274993896484375,-78.0250015258789,0.0,0.0,2016,2016
BHS,Bahamas,2016,24.274993896484375,-77.67500305175781,342.59588023275137,0.0011110217673624774,2016,2016
BHS,Bahamas,2016,24.274993896484375,-76.5250015258789,34.35347254576722,0.00011140663967385303,2016,2016
BHS,Bahamas,2016,24.274993896484375,-75.37500762939453,5.203430145978928,1.687447074146118e-05,2016,2016
BHS,Bahamas,2016,24.324996948242188,-78.0250015258789,0.0,0.0,2016,2016
BHS,Bahamas,2016,24.324996948242188,-77.87500762939453,0.0,0.0,2016,2016
BHS,Bahamas,2016,24.324996948242188,-77.7750015258789,0.0,0.0,2016,2016
BHS,Bahamas,2016,24.324996948242188,-75.47500610351562,112.66336847096682,0.0003653618212530317,2016,2016
BHS,Bahamas,2016,24.324996948242188,-75.42500305175781,58.79732845724428,0.00019067687484852216,2016,2016
BHS,Bahamas,2016,24.375,-78.07500457763672,0.0,0.0,2016,2016
BHS,Bahamas,2016,24.375,-78.0250015258789,0.0,0.0,2016,2016
BHS,Bahamas,2016,24.375,-77.97500610351562,0.0,0.0,2016,2016
BHS,Bahamas,2016,24.375,-77.92500305175781,0.0,0.0,2016,2016
BHS,Bahamas,2016,24.375,-77.87500762939453,0.0,0.0,2016,2016
BHS,Bahamas,2016,24.42499542236328,-78.12500762939453,0.0,0.0,2016,2016
BHS,Bahamas,2016,24.42499542236328,-78.07500457763672,0.0,0.0,2016,2016
BHS,Bahamas,2016,24.42499542236328,-78.0250015258789,0.0,0.0,2016,2016
BHS,Bahamas,2016,24.42499542236328,-77.97500610351562,0.0,0.0,2016,2016
BHS,Bahamas,2016,24.42499542236328,-77.92500305175781,0.10433799773454666,3.383630491042208e-07,2016,2016
BHS,Bahamas,2016,24.42499542236328,-77.87500762939453,0.0,0.0,2016,2016
BHS,Bahamas,2016,24.42499542236328,-75.5250015258789,69.49989436567517,0.00022538477525532212,2016,2016
BHS,Bahamas,2016,24.474998474121094,-78.22500610351562,0.0,0.0,2016,2016
BHS,Bahamas,2016,24.474998474121094,-78.17500305175781,0.7806839942932129,2.53172020195334e-06,2016,2016
BHS,Bahamas,2016,24.474998474121094,-78.12500762939453,2.6627368927001953,8.635126162460578e-06,2016,2016
BHS,Bahamas,2016,24.474998474121094,-78.07500457763672,0.0,0.0,2016,2016
BHS,Bahamas,2016,24.474998474121094,-78.0250015258789,0.0,0.0,2016,2016
BHS,Bahamas,2016,24.474998474121094,-77.97500610351562,0.2048700004957658,6.643834417265064e-07,2016,2016
BHS,Bahamas,2016,24.474998474121094,-77.92500305175781,0.07784699648618698,2.524540212251969e-07,2016,2016
BHS,Bahamas,2016,24.474998474121094,-77.87500762939453,0.0,0.0,2016,2016
BHS,Bahamas,2016,24.474998474121094,-77.82500457763672,0.0,0.0,2016,2016
BHS,Bahamas,2016,24.474998474121094,-77.7750015258789,1.9923739433288574,6.4611717404784e-06,2016,2016
BHS,Bahamas,2016,24.524993896484375,-78.32500457763672,0.0,0.0,2016,2016
BHS,Bahamas,2016,24.524993896484375,-78.2750015258789,0.0,0.0,2016,2016
BHS,Bahamas,2016,24.524993896484375,-78.22500610351562,0.0,0.0,2016,2016
BHS,Bahamas,2016,24.524993896484375,-78.17500305175781,0.0,0.0,2016,2016
BHS,Bahamas,2016,24.524993896484375,-78.12500762939453,0.0,0.0,2016,2016
BHS,Bahamas,2016,24.524993896484375,-78.07500457763672,0.0,0.0,2016,2016
BHS,Bahamas,2016,24.524993896484375,-78.0250015258789,0.0,0.0,2016,2016
BHS,Bahamas,2016,24.524993896484375,-77.97500610351562,0.0,0.0,2016,2016
BHS,Bahamas,2016,24.524993896484375,-77.92500305175781,0.34755699336588514,1.1271104158235004e-06,2016,2016
BHS,Bahamas,2016,24.524993896484375,-77.87500762939453,0.0,0.0,2016,2016
BHS,Bahamas,2016,24.524993896484375,-77.82500457763672,0.0,0.0,2016,2016
BHS,Bahamas,2016,24.524993896484375,-77.7750015258789,2.539561107808054,8.235673086334403e-06,2016,2016
BHS,Bahamas,2016,24.524993896484375,-77.72500610351562,104.98743667090582,0.0003404691479702596,2016,2016
BHS,Bahamas,2016,24.524993896484375,-76.7750015258789,0.47639200091362,1.5449160756189354e-06,2016,2016
BHS,Bahamas,2016,24.524993896484375,-75.57500457763672,54.63726767898654,0.00017718600019160798,2016,2016
BHS,Bahamas,2016,24.574996948242188,-78.37500762939453,0.23146599903702736,7.506329707167779e-07,2016,2016
BHS,Bahamas,2016,24.574996948242188,-78.32500457763672,0.032398998737335205,1.0506837622645673e-07,2016,2016
BHS,Bahamas,2016,24.574996948242188,-78.2750015258789,0.0,0.0,2016,2016
BHS,Bahamas,2016,24.574996948242188,-78.22500610351562,0.0,0.0,2016,2016
BHS,Bahamas,2016,24.574996948242188,-78.17500305175781,0.0,0.0,2016,2016
BHS,Bahamas,2016,24.574996948242188,-78.12500762939453,0.0,0.0,2016,2016
BHS,Bahamas,2016,24.574996948242188,-78.07500457763672,0.08415800334553897,2.729203093485404e-07,2016,2016
BHS,Bahamas,2016,24.574996948242188,-78.0250015258789,0.0801210030913353,2.598285139824636e-07,2016,2016
BHS,Bahamas,2016,24.574996948242188,-77.97500610351562,0.07388299703598022,2.3959896391393976e-07,2016,2016
BHS,Bahamas,2016,24.574996948242188,-77.92500305175781,0.0,0.0,2016,2016
BHS,Bahamas,2016,24.574996948242188,-77.87500762939453,0.0,0.0,2016,2016
BHS,Bahamas,2016,24.574996948242188,-77.82500457763672,0.0,0.0,2016,2016
BHS,Bahamas,2016,24.574996948242188,-77.7750015258789,55.966968327760696,0.0001814981546864619,2016,2016
BHS,Bahamas,2016,24.574996948242188,-75.62500762939453,98.61244730652258,0.00031979536769677174,2016,2016
BHS,Bahamas,2016,24.625,-78.42500305175781,0.0,0.0,2016,2016
BHS,Bahamas,2016,24.625,-78.37500762939453,0.0,0.0,2016,2016
BHS,Bahamas,2016,24.625,-78.32500457763672,0.0,0.0,2016,2016
BHS,Bahamas,2016,24.625,-78.17500305175781,0.0,0.0,2016,2016
BHS,Bahamas,2016,24.625,-78.12500762939453,0.0,0.0,2016,2016
BHS,Bahamas,2016,24.625,-78.07500457763672,0.06958699971437454,2.2566725366222224e-07,2016,2016
BHS,Bahamas,2016,24.625,-78.0250015258789,0.14346500486135483,4.652500291230626e-07,2016,2016
BHS,Bahamas,2016,24.625,-77.97500610351562,0.0,0.0,2016,2016
BHS,Bahamas,2016,24.625,-77.92500305175781,0.13811400532722473,4.47896998037207e-07,2016,2016
BHS,Bahamas,2016,24.625,-77.87500762939453,0.0,0.0,2016,2016
BHS,Bahamas,2016,24.625,-77.82500457763672,0.0,0.0,2016,2016
BHS,Bahamas,2016,24.625,-77.7750015258789,136.63629373908043,0.0004431048512688433,2016,2016
BHS,Bahamas,2016,24.625,-75.67500305175781,136.77626211941904,0.00044355876191480033,2016,2016
BHS,Bahamas,2016,24.625,-75.62500762939453,7.860670052468777,2.5491770445149292e-05,2016,2016
BHS,Bahamas,2016,24.67499542236328,-78.32500457763672,0.0,0.0,2016,2016
BHS,Bahamas,2016,24.67499542236328,-78.22500610351562,0.0,0.0,2016,2016
BHS,Bahamas,2016,24.67499542236328,-78.17500305175781,0.0,0.0,2016,2016
BHS,Bahamas,2016,24.67499542236328,-78.12500762939453,0.0,0.0,2016,2016
BHS,Bahamas,2016,24.67499542236328,-78.07500457763672,0.1554180011153221,5.040130142889604e-07,2016,2016
BHS,Bahamas,2016,24.67499542236328,-78.0250015258789,1.9054640755057335,6.17932726854696e-06,2016,2016
BHS,Bahamas,2016,24.67499542236328,-77.97500610351562,0.1216609999537468,3.945407022871033e-07,2016,2016
BHS,Bahamas,2016,24.67499542236328,-77.92500305175781,0.8840719908521835,2.867002443476431e-06,2016,2016
BHS,Bahamas,2016,24.67499542236328,-77.87500762939453,6.5028370544314384,2.1088384110679538e-05,2016,2016
BHS,Bahamas,2016,24.67499542236328,-77.82500457763672,3.7938790060940697,1.2303364989813676e-05,2016,2016
BHS,Bahamas,2016,24.67499542236328,-77.7750015258789,88.71783341329451,0.0002877076163567524,2016,2016
BHS,Bahamas,2016,24.67499542236328,-76.17500305175781,46.520558416843414,0.0001508639070494863,2016,2016
BHS,Bahamas,2016,24.67499542236328,-75.72500610351562,38.611709937487426,0.00012521589631051734,2016,2016
BHS,Bahamas,2016,24.724998474121094,-78.2750015258789,0.0,0.0,2016,2016
BHS,Bahamas,2016,24.724998474121094,-78.22500610351562,0.0,0.0,2016,2016
BHS,Bahamas,2016,24.724998474121094,-78.17500305175781,0.0,0.0,2016,2016
BHS,Bahamas,2016,24.724998474121094,-78.12500762939453,0.0,0.0,2016,2016
BHS,Bahamas,2016,24.724998474121094,-78.07500457763672,1.9183619283139706,6.2211543775374515e-06,2016,2016
BHS,Bahamas,2016,24.724998474121094,-78.0250015258789,0.07662799954414368,2.485008734639386e-07,2016,2016
BHS,Bahamas,2016,24.724998474121094,-77.97500610351562,0.018936999142169952,6.141176665983755e-08,2016,2016
BHS,Bahamas,2016,24.724998474121094,-77.92500305175781,0.41870199702858235,1.3578302004707631e-06,2016,2016
BHS,Bahamas,2016,24.724998474121094,-77.87500762939453,5.511525005102158,1.7873607376337918e-05,2016,2016
BHS,Bahamas,2016,24.724998474121094,-77.82500457763672,88.1814103126731,0.0002859680223461602,2016,2016
BHS,Bahamas,2016,24.724998474121094,-77.7750015258789,1027.6181706339166,0.0033325157189159496,2016,2016
BHS,Bahamas,2016,24.774993896484375,-78.2750015258789,0.0,0.0,2016,2016
BHS,Bahamas,2016,24.774993896484375,-78.22500610351562,0.0,0.0,2016,2016
BHS,Bahamas,2016,24.774993896484375,-78.17500305175781,0.018345000222325325,5.949194297206987e-08,2016,2016
BHS,Bahamas,2016,24.774993896484375,-78.12500762939453,0.1735769957321227,5.629017501341697e-07,2016,2016
BHS,Bahamas,2016,24.774993896484375,-78.07500457763672,2.729621930048583,8.852031083659356e-06,2016,2016
BHS,Bahamas,2016,24.774993896484375,-78.0250015258789,0.0,0.0,2016,2016
BHS,Bahamas,2016,24.774993896484375,-77.97500610351562,0.05313099920749664,1.723012448402589e-07,2016,2016
BHS,Bahamas,2016,24.774993896484375,-77.92500305175781,0.08950400354106096,2.9025712782257986e-07,2016,2016
BHS,Bahamas,2016,24.774993896484375,-77.87500762939453,106.86910629272461,0.00034657131098344326,2016,2016
BHS,Bahamas,2016,24.774993896484375,-76.2750015258789,232.14764738082886,0.0007528435231236999,2016,2016
BHS,Bahamas,2016,24.774993896484375,-76.22500610351562,251.27033118903904,0.000814857456119268,2016,2016
BHS,Bahamas,2016,24.824996948242188,-78.22500610351562,0.0,0.0,2016,2016
BHS,Bahamas,2016,24.824996948242188,-78.17500305175781,0.0,0.0,2016,2016
BHS,Bahamas,2016,24.824996948242188,-78.12500762939453,0.03176499903202057,1.03012346035354e-07,2016,2016
BHS,Bahamas,2016,24.824996948242188,-78.07500457763672,0.0,0.0,2016,2016
BHS,Bahamas,2016,24.824996948242188,-78.0250015258789,0.3719230145215988,1.2061282366730127e-06,2016,2016
BHS,Bahamas,2016,24.824996948242188,-77.97500610351562,0.39054099842906,1.2665054524513834e-06,2016,2016
BHS,Bahamas,2016,24.824996948242188,-77.92500305175781,32.848417829722166,0.00010652582047234486,2016,2016
BHS,Bahamas,2016,24.824996948242188,-77.87500762939453,153.34994838386774,0.0004973064199214558,2016,2016
BHS,Bahamas,2016,24.824996948242188,-76.17500305175781,40.2389314137642,0.00013049289637028156,2016,2016
BHS,Bahamas,2016,24.875,-78.17500305175781,0.0,0.0,2016,2016
BHS,Bahamas,2016,24.875,-78.12500762939453,0.022172000259160995,7.190271785276257e-08,2016,2016
BHS,Bahamas,2016,24.875,-78.07500457763672,0.1885040030016058,6.113093082948422e-07,2016,2016
BHS,Bahamas,2016,24.875,-78.0250015258789,0.19185300171375275,6.2216994814123e-07,2016,2016
BHS,Bahamas,2016,24.875,-77.97500610351562,0.05427299998700619,1.7600469779339435e-07,2016,2016
BHS,Bahamas,2016,24.875,-77.92500305175781,149.8502433747061,0.0004859570468878849,2016,2016
BHS,Bahamas,2016,24.875,-76.17500305175781,549.0670789480209,0.00178059781699344,2016,2016
BHS,Bahamas,2016,24.92499542236328,-78.17500305175781,0.0,0.0,2016,2016
BHS,Bahamas,2016,24.92499542236328,-78.12500762939453,0.12338100373744965,4.001185908546524e-07,2016,2016
BHS,Bahamas,2016,24.92499542236328,-78.07500457763672,0.49913601391017437,1.6186738029423924e-06,2016,2016
BHS,Bahamas,2016,24.92499542236328,-78.0250015258789,12.855557527393103,4.168994745299007e-05,2016,2016
BHS,Bahamas,2016,24.92499542236328,-77.97500610351562,77.51898077130318,0.00025139028222452564,2016,2016
BHS,Bahamas,2016,24.92499542236328,-77.92500305175781,108.50102949142521,0.00035186355850022133,2016,2016
BHS,Bahamas,2016,24.92499542236328,-76.17500305175781,97.0553677305721,0.0003147458344063503,2016,2016
BHS,Bahamas,2016,24.974998474121094,-78.17500305175781,0.0,0.0,2016,2016
BHS,Bahamas,2016,24.974998474121094,-78.12500762939453,0.2582940012216568,8.376348762321671e-07,2016,2016
BHS,Bahamas,2016,24.974998474121094,-78.07500457763672,4.31782489643961,1.4002496014677532e-05,2016,2016
BHS,Bahamas,2016,24.974998474121094,-78.0250015258789,93.73410363503412,0.000303975136571936,2016,2016
BHS,Bahamas,2016,24.974998474121094,-77.97500610351562,0.9915969967842102,3.2157008050711506e-06,2016,2016
BHS,Bahamas,2016,24.974998474121094,-76.17500305175781,411.9581637978554,0.0013359602774882982,2016,2016
BHS,Bahamas,2016,25.024993896484375,-78.12500762939453,0.0,0.0,2016,2016
BHS,Bahamas,2016,25.024993896484375,-78.07500457763672,5.699240922954831,1.8482360962846487e-05,2016,2016
BHS,Bahamas,2016,25.024993896484375,-78.0250015258789,167.07856722176226,0.0005418276627173732,2016,2016
BHS,Bahamas,2016,25.024993896484375,-77.5250015258789,4572.287519454956,0.014827705917838458,2016,2016
BHS,Bahamas,2016,25.024993896484375,-77.47500610351562,2341.65013936162,0.00759385744688657,2016,2016
BHS,Bahamas,2016,25.024993896484375,-77.42500305175781,6535.548296809298,0.021194465077837055,2016,2016
BHS,Bahamas,2016,25.024993896484375,-77.37500762939453,62195.692443847656,0.2016976038776395,2016,2016
BHS,Bahamas,2016,25.024993896484375,-77.32500457763672,73493.81188762188,0.23833685541728605,2016,2016
BHS,Bahamas,2016,25.024993896484375,-76.12500762939453,44.6792841480261,0.0001448927442002697,2016,2016
BHS,Bahamas,2016,25.074996948242188,-78.12500762939453,0.0,0.0,2016,2016
BHS,Bahamas,2016,25.074996948242188,-78.07500457763672,7.9014079423984125,2.5623881439705017e-05,2016,2016
BHS,Bahamas,2016,25.074996948242188,-78.0250015258789,438.4700168669224,0.0014219369268071338,2016,2016
BHS,Bahamas,2016,25.074996948242188,-77.97500610351562,258.2040168047003,0.0008373430611470173,2016,2016
BHS,Bahamas,2016,25.074996948242188,-77.42500305175781,5182.601581901312,0.01680692472176762,2016,2016
BHS,Bahamas,2016,25.074996948242188,-77.37500762939453,25960.122415304184,0.08418741365833934,2016,2016
BHS,Bahamas,2016,25.074996948242188,-77.32500457763672,51271.81564331055,0.16627200301770695,2016,2016
BHS,Bahamas,2016,25.074996948242188,-76.12500762939453,228.8264430910349,0.000742073019236403,2016,2016
BHS,Bahamas,2016,25.125,-78.17500305175781,78.13563191891156,0.00025339005188724465,2016,2016
BHS,Bahamas,2016,25.125,-78.12500762939453,0.9386669918894768,3.0440513750059094e-06,2016,2016
BHS,Bahamas,2016,25.125,-78.07500457763672,363.0531630516052,0.0011773637400020662,2016,2016
BHS,Bahamas,2016,25.125,-78.0250015258789,1277.7460610867638,0.0041436682953239715,2016,2016
BHS,Bahamas,2016,25.125,-76.12500762939453,69.02118103951985,0.00022383233123491028,2016,2016
BHS,Bahamas,2016,25.17499542236328,-78.17500305175781,0.0,0.0,2016,2016
BHS,Bahamas,2016,25.17499542236328,-78.12500762939453,0.0,0.0,2016,2016
BHS,Bahamas,2016,25.17499542236328,-76.22500610351562,574.9505957067103,0.0018645368022353478,2016,2016
BHS,Bahamas,2016,25.17499542236328,-76.17500305175781,968.510239481926,0.003140831574643667,2016,2016
BHS,Bahamas,2016,25.224998474121094,-76.2750015258789,351.2426891922951,0.001139062948026271,2016,2016
BHS,Bahamas,2016,25.324996948242188,-76.37500762939453,263.82829589396715,0.0008555823245311884,2016,2016
BHS,Bahamas,2016,25.375,-76.5250015258789,294.1636951453984,0.0009539585480487458,2016,2016
BHS,Bahamas,2016,25.42499542236328,-76.7750015258789,123.2086573243167,0.00039955967982400174,2016,2016
BHS,Bahamas,2016,25.42499542236328,-76.57500457763672,166.35350793600082,0.0005394763307382439,2016,2016
BHS,Bahamas,2016,25.474998474121094,-76.72500610351562,924.8713796595938,0.0029993128758999685,2016,2016
BHS,Bahamas,2016,25.474998474121094,-76.67500305175781,275.8826919347048,0.0008946741442710198,2016,2016
BHS,Bahamas,2016,25.524993896484375,-76.82500457763672,75.21160328388214,0.0002439075693200234,2016,2016
BHS,Bahamas,2016,25.524993896484375,-76.72500610351562,188.51729238035807,0.0006113524051034158,2016,2016
BHS,Bahamas,2016,25.774993896484375,-77.87500762939453,323.92560340464115,0.001050474968187247,2016,2016
BHS,Bahamas,2016,25.92499542236328,-77.2750015258789,0.0,0.0,2016,2016
BHS,Bahamas,2016,25.92499542236328,-77.22500610351562,0.0,0.0,2016,2016
BHS,Bahamas,2016,25.974998474121094,-77.2750015258789,0.0,0.0,2016,2016
BHS,Bahamas,2016,25.974998474121094,-77.22500610351562,0.0,0.0,2016,2016
BHS,Bahamas,2016,26.024993896484375,-77.37500762939453,180.45460495352745,0.0005852055021442708,2016,2016
BHS,Bahamas,2016,26.024993896484375,-77.32500457763672,0.8917309641873555,2.8918401212828422e-06,2016,2016
BHS,Bahamas,2016,26.024993896484375,-77.2750015258789,0.24943700432777405,8.089120663259876e-07,2016,2016
BHS,Bahamas,2016,26.024993896484375,-77.22500610351562,0.0,0.0,2016,2016
BHS,Bahamas,2016,26.074996948242188,-77.2750015258789,0.0,0.0,2016,2016
BHS,Bahamas,2016,26.074996948242188,-77.22500610351562,0.7202310264110565,2.3356741690205725e-06,2016,2016
BHS,Bahamas,2016,26.125,-77.22500610351562,15.955786772072315,5.174384002260381e-05,2016,2016
BHS,Bahamas,2016,26.17499542236328,-77.22500610351562,0.17343300580978394,5.624347978232123e-07,2016,2016
BHS,Bahamas,2016,26.224998474121094,-77.22500610351562,0.0,0.0,2016,2016
BHS,Bahamas,2016,26.224998474121094,-77.17500305175781,55.16158187389482,0.00017888632561024545,2016,2016
BHS,Bahamas,2016,26.274993896484375,-77.22500610351562,0.0,0.0,2016,2016
BHS,Bahamas,2016,26.274993896484375,-77.17500305175781,1.9920920133590698,6.460257455306339e-06,2016,2016
BHS,Bahamas,2016,26.324996948242188,-77.57500457763672,176.60848653316498,0.000572732727276186,2016,2016
BHS,Bahamas,2016,26.324996948242188,-77.22500610351562,0.0,0.0,2016,2016
BHS,Bahamas,2016,26.324996948242188,-77.17500305175781,0.0,0.0,2016,2016
BHS,Bahamas,2016,26.324996948242188,-77.12500762939453,6.390855916775763,2.0725234730760124e-05,2016,2016
BHS,Bahamas,2016,26.324996948242188,-77.07500457763672,15.407545987516642,4.996592183811361e-05,2016,2016
BHS,Bahamas,2016,26.324996948242188,-77.0250015258789,95.33862520754478,0.0003091785219484645,2016,2016
BHS,Bahamas,2016,26.375,-77.22500610351562,0.0,0.0,2016,2016
BHS,Bahamas,2016,26.375,-77.17500305175781,0.4406769871711731,1.429094024102873e-06,2016,2016
BHS,Bahamas,2016,26.375,-77.12500762939453,3.4701280072699943,1.1253456255784171e-05,2016,2016
BHS,Bahamas,2016,26.375,-77.07500457763672,54.94930946828629,0.00017819793652897208,2016,2016
BHS,Bahamas,2016,26.375,-77.0250015258789,50.788147121682115,0.00016470348953951758,2016,2016
BHS,Bahamas,2016,26.42499542236328,-77.22500610351562,0.0,0.0,2016,2016
BHS,Bahamas,2016,26.42499542236328,-77.17500305175781,0.0,0.0,2016,2016
BHS,Bahamas,2016,26.42499542236328,-77.12500762939453,17.717123162008164,5.7455768220738926e-05,2016,2016
BHS,Bahamas,2016,26.42499542236328,-77.07500457763672,7.53358992934227,2.443106552301693e-05,2016,2016
BHS,Bahamas,2016,26.474998474121094,-77.17500305175781,0.0959630012512207,3.112033430732029e-07,2016,2016
BHS,Bahamas,2016,26.474998474121094,-77.12500762939453,3.4371279478296572,1.1146438668948156e-05,2016,2016
BHS,Bahamas,2016,26.474998474121094,-77.07500457763672,258.0020205918738,0.000836687997258851,2016,2016
BHS,Bahamas,2016,26.524993896484375,-78.7750015258789,3616.2382743358635,0.011727284741506305,2016,2016
BHS,Bahamas,2016,26.524993896484375,-78.72500610351562,10037.52496099472,0.03255120497810131,2016,2016
BHS,Bahamas,2016,26.524993896484375,-78.67500305175781,18906.427856445312,0.06131262546796666,2016,2016
BHS,Bahamas,2016,26.524993896484375,-78.62500762939453,4420.690558336675,0.014336084350311178,2016,2016
BHS,Bahamas,2016,26.524993896484375,-77.12500762939453,215.06572243571281,0.0006974476718087846,2016,2016
BHS,Bahamas,2016,26.524993896484375,-77.07500457763672,6623.703378945589,0.021480347719188456,2016,2016
BHS,Bahamas,2016,26.574996948242188,-78.82500457763672,1754.8810476362705,0.005690993837203117,2016,2016
BHS,Bahamas,2016,26.574996948242188,-78.7750015258789,0.0,0.0,2016,2016
BHS,Bahamas,2016,26.574996948242188,-78.67500305175781,756.65353949368,0.0024537906064667774,2016,2016
BHS,Bahamas,2016,26.574996948242188,-78.62500762939453,1501.1153640151244,0.004868044074581423,2016,2016
BHS,Bahamas,2016,26.574996948242188,-78.57500457763672,2232.4791592956285,0.007239821271275792,2016,2016
BHS,Bahamas,2016,26.574996948242188,-78.5250015258789,87.12253949046135,0.0002825341557990697,2016,2016
BHS,Bahamas,2016,26.574996948242188,-77.87500762939453,0.0,0.0,2016,2016
BHS,Bahamas,2016,26.574996948242188,-77.17500305175781,12.978062853217125,4.2087226262985844e-05,2016,2016
BHS,Bahamas,2016,26.625,-78.87500762939453,170.66220301389694,0.0005534492191956822,2016,2016
BHS,Bahamas,2016,26.625,-78.57500457763672,0.0,0.0,2016,2016
BHS,Bahamas,2016,26.625,-78.5250015258789,1.9833290875105414,6.43183971322233e-06,2016,2016
BHS,Bahamas,2016,26.625,-78.47500610351562,4.932061977684498,1.5994436977658864e-05,2016,2016
BHS,Bahamas,2016,26.625,-78.42500305175781,3.7556419894125717,1.21793642054981e-05,2016,2016
BHS,Bahamas,2016,26.625,-78.37500762939453,140.39407450706318,0.00045529115142916204,2016,2016
BHS,Bahamas,2016,26.625,-78.32500457763672,75.53882276640674,0.00024496872617790197,2016,2016
BHS,Bahamas,2016,26.625,-78.2750015258789,148.9424324706207,0.00048301306030403376,2016,2016
BHS,Bahamas,2016,26.625,-78.22500610351562,159.06494843959808,0.0005158398869849841,2016,2016
BHS,Bahamas,2016,26.625,-77.32500457763672,0.0,0.0,2016,2016
BHS,Bahamas,2016,26.625,-77.2750015258789,99.99257782105097,0.0003242710637921261,2016,2016
BHS,Bahamas,2016,26.67499542236328,-78.57500457763672,0.0,0.0,2016,2016
BHS,Bahamas,2016,26.67499542236328,-78.5250015258789,2.485767044131566,8.06122155568886e-06,2016,2016
BHS,Bahamas,2016,26.67499542236328,-78.47500610351562,0.07364899665117264,2.388401120535035e-07,2016,2016
BHS,Bahamas,2016,26.67499542236328,-78.42500305175781,0.14259400218725204,4.624254098377937e-07,2016,2016
BHS,Bahamas,2016,26.67499542236328,-78.37500762939453,0.0,0.0,2016,2016
BHS,Bahamas,2016,26.67499542236328,-78.32500457763672,1.295699954033269,4.201891896433568e-06,2016,2016
BHS,Bahamas,2016,26.67499542236328,-78.2750015258789,0.0,0.0,2016,2016
BHS,Bahamas,2016,26.67499542236328,-78.22500610351562,0.47225500643253326,1.5315000038412386e-06,2016,2016
BHS,Bahamas,2016,26.67499542236328,-78.17500305175781,3.956242080783835,1.2829900539726528e-05,2016,2016
BHS,Bahamas,2016,26.67499542236328,-78.12500762939453,7.269426848762603,2.3574397508042123e-05,2016,2016
BHS,Bahamas,2016,26.67499542236328,-78.07500457763672,2.6591449743136764,8.623477745931749e-06,2016,2016
BHS,Bahamas,2016,26.67499542236328,-78.0250015258789,2.1989759635360286,7.1311720378412466e-06,2016,2016
BHS,Bahamas,2016,26.67499542236328,-77.97500610351562,41.726723171770885,0.00013531773263896326,2016,2016
BHS,Bahamas,2016,26.67499542236328,-77.92500305175781,7.509992957115173,2.43545416904176e-05,2016,2016
BHS,Bahamas,2016,26.67499542236328,-77.32500457763672,894.4241346717426,0.0029005739421021103,2016,2016
BHS,Bahamas,2016,26.67499542236328,-77.2750015258789,1675.7316738963127,0.005434316269923385,2016,2016
BHS,Bahamas,2016,26.724998474121094,-78.62500762939453,0.0,0.0,2016,2016
BHS,Bahamas,2016,26.724998474121094,-78.57500457763672,0.0,0.0,2016,2016
BHS,Bahamas,2016,26.724998474121094,-78.5250015258789,0.0,0.0,2016,2016
BHS,Bahamas,2016,26.724998474121094,-78.0250015258789,0.0,0.0,2016,2016
BHS,Bahamas,2016,26.724998474121094,-77.97500610351562,0.0,0.0,2016,2016
BHS,Bahamas,2016,26.724998474121094,-77.92500305175781,0.0,0.0,2016,2016
BHS,Bahamas,2016,26.724998474121094,-77.42500305175781,42.92031282190508,0.0001391884857889916,2016,2016
BHS,Bahamas,2016,26.724998474121094,-77.37500762939453,248.35403513913505,0.0008054000499493067,2016,2016
BHS,Bahamas,2016,26.774993896484375,-78.57500457763672,0.0,0.0,2016,2016
BHS,Bahamas,2016,26.774993896484375,-77.42500305175781,30.859709590673447,0.00010007653643245756,2016,2016
BHS,Bahamas,2016,26.824996948242188,-77.47500610351562,8.89349702000618,2.884117803894013e-05,2016,2016
BHS,Bahamas,2016,26.875,-77.67500305175781,20.35475730895996,6.600948740034819e-05,2016,2016
BHS,Bahamas,2016,26.875,-77.62500762939453,46.830475315482005,0.00015186895246984284,2016,2016
BHS,Bahamas,2016,26.875,-77.57500457763672,11.388590961694717,3.693264626951812e-05,2016,2016
BHS,Bahamas,2016,26.875,-77.5250015258789,492.7506805472692,0.0015979664775850827,2016,2016
BHS,Bahamas,2016,26.92499542236328,-77.87500762939453,0.0,0.0,2016,2016
BHS,Bahamas,2016,26.92499542236328,-77.82500457763672,137.21892024577335,0.0004449942806768631,2016,2016
BHS,Bahamas,2016,26.92499542236328,-77.7750015258789,170.87686516717076,0.0005541453581123384,2016,2016
BHS,Bahamas,2017,20.974998474121094,-73.67500305175781,516.2065204977989,0.0016616839232420067,2017,2017
BHS,Bahamas,2017,20.974998474121094,-73.62500762939453,0.06965500116348267,2.2422149083887047e-07,2017,2017
BHS,Bahamas,2017,20.974998474121094,-73.57500457763672,0.0,0.0,2017,2017
BHS,Bahamas,2017,20.974998474121094,-73.5250015258789,0.0,0.0,2017,2017
BHS,Bahamas,2017,20.974998474121094,-73.47500610351562,0.0,0.0,2017,2017
BHS,Bahamas,2017,20.974998474121094,-73.42500305175781,0.0,0.0,2017,2017
BHS,Bahamas,2017,20.974998474121094,-73.37500762939453,0.0,0.0,2017,2017
BHS,Bahamas,2017,20.974998474121094,-73.32500457763672,0.0,0.0,2017,2017
BHS,Bahamas,2017,20.974998474121094,-73.2750015258789,0.0,0.0,2017,2017
BHS,Bahamas,2017,20.974998474121094,-73.22500610351562,0.0,0.0,2017,2017
BHS,Bahamas,2017,20.974998474121094,-73.17500305175781,0.0,0.0,2017,2017
BHS,Bahamas,2017,21.024993896484375,-73.67500305175781,0.8185950371010526,2.6350814233899494e-06,2017,2017
BHS,Bahamas,2017,21.024993896484375,-73.62500762939453,43.19104329124136,0.00013903323459745276,2017,2017
BHS,Bahamas,2017,21.024993896484375,-73.57500457763672,0.0,0.0,2017,2017
BHS,Bahamas,2017,21.024993896484375,-73.5250015258789,0.0,0.0,2017,2017
BHS,Bahamas,2017,21.024993896484375,-73.47500610351562,0.0,0.0,2017,2017
BHS,Bahamas,2017,21.024993896484375,-73.42500305175781,0.0,0.0,2017,2017
BHS,Bahamas,2017,21.024993896484375,-73.37500762939453,0.0,0.0,2017,2017
BHS,Bahamas,2017,21.024993896484375,-73.32500457763672,1.2560499906539917,4.0432617438564695e-06,2017,2017
BHS,Bahamas,2017,21.024993896484375,-73.2750015258789,0.0,0.0,2017,2017
BHS,Bahamas,2017,21.024993896484375,-73.22500610351562,0.0,0.0,2017,2017
BHS,Bahamas,2017,21.024993896484375,-73.17500305175781,0.0,0.0,2017,2017
BHS,Bahamas,2017,21.024993896484375,-73.12500762939453,0.0,0.0,2017,2017
BHS,Bahamas,2017,21.074996948242188,-73.62500762939453,8.636009365321321,2.7799567331081466e-05,2017,2017
BHS,Bahamas,2017,21.074996948242188,-73.57500457763672,1.1776249781250954,3.790809329319649e-06,2017,2017
BHS,Bahamas,2017,21.074996948242188,-73.5250015258789,0.0,0.0,2017,2017
BHS,Bahamas,2017,21.074996948242188,-73.47500610351562,0.0,0.0,2017,2017
BHS,Bahamas,2017,21.074996948242188,-73.42500305175781,0.0,0.0,2017,2017
BHS,Bahamas,2017,21.074996948242188,-73.37500762939453,0.0,0.0,2017,2017
BHS,Bahamas,2017,21.074996948242188,-73.32500457763672,0.0,0.0,2017,2017
BHS,Bahamas,2017,21.074996948242188,-73.2750015258789,0.0,0.0,2017,2017
BHS,Bahamas,2017,21.074996948242188,-73.22500610351562,0.0,0.0,2017,2017
BHS,Bahamas,2017,21.074996948242188,-73.17500305175781,0.0,0.0,2017,2017
BHS,Bahamas,2017,21.074996948242188,-73.12500762939453,0.0,0.0,2017,2017
BHS,Bahamas,2017,21.125,-73.5250015258789,0.0,0.0,2017,2017
BHS,Bahamas,2017,21.125,-73.47500610351562,0.0,0.0,2017,2017
BHS,Bahamas,2017,21.125,-73.42500305175781,0.0,0.0,2017,2017
BHS,Bahamas,2017,21.125,-73.37500762939453,0.0,0.0,2017,2017
BHS,Bahamas,2017,21.125,-73.32500457763672,0.0,0.0,2017,2017
BHS,Bahamas,2017,21.125,-73.2750015258789,0.0,0.0,2017,2017
BHS,Bahamas,2017,21.125,-73.22500610351562,0.0,0.0,2017,2017
BHS,Bahamas,2017,21.125,-73.17500305175781,0.0,0.0,2017,2017
BHS,Bahamas,2017,21.125,-73.12500762939453,0.0,0.0,2017,2017
BHS,Bahamas,2017,21.125,-73.07500457763672,0.0,0.0,2017,2017
BHS,Bahamas,2017,21.17499542236328,-73.47500610351562,0.0,0.0,2017,2017
BHS,Bahamas,2017,21.17499542236328,-73.42500305175781,0.0,0.0,2017,2017
BHS,Bahamas,2017,21.17499542236328,-73.37500762939453,0.0,0.0,2017,2017
BHS,Bahamas,2017,21.17499542236328,-73.12500762939453,0.0,0.0,2017,2017
BHS,Bahamas,2017,21.17499542236328,-73.07500457763672,0.027184000238776207,8.750609372896114e-08,2017,2017
BHS,Bahamas,2017,21.224998474121094,-73.07500457763672,0.0,0.0,2017,2017
BHS,Bahamas,2017,21.224998474121094,-73.0250015258789,0.0,0.0,2017,2017
BHS,Bahamas,2017,21.274993896484375,-73.07500457763672,0.0,0.0,2017,2017
BHS,Bahamas,2017,21.274993896484375,-73.0250015258789,0.0,0.0,2017,2017
BHS,Bahamas,2017,21.324996948242188,-73.0250015258789,0.0,0.0,2017,2017
BHS,Bahamas,2017,21.474998474121094,-73.0250015258789,0.742414996031676,2.3898556377977302e-06,2017,2017
BHS,Bahamas,2017,21.474998474121094,-72.97500610351562,0.0,0.0,2017,2017
BHS,Bahamas,2017,21.524993896484375,-73.0250015258789,0.0,0.0,2017,2017
BHS,Bahamas,2017,21.524993896484375,-72.97500610351562,0.0,0.0,2017,2017
BHS,Bahamas,2017,22.17499542236328,-74.2750015258789,2.7413329780101776,8.824431224580142e-06,2017,2017
BHS,Bahamas,2017,22.224998474121094,-74.22500610351562,117.70563469454684,0.0003788978888881723,2017,2017
BHS,Bahamas,2017,22.274993896484375,-74.17500305175781,0.1998019963502884,6.431684838981959e-07,2017,2017
BHS,Bahamas,2017,22.324996948242188,-74.12500762939453,1.545446015894413,4.974836033403237e-06,2017,2017
BHS,Bahamas,2017,22.324996948242188,-74.07500457763672,3.432716891169548,1.1050016310520511e-05,2017,2017
BHS,Bahamas,2017,22.324996948242188,-72.82500457763672,0.0,0.0,2017,2017
BHS,Bahamas,2017,22.324996948242188,-72.7750015258789,0.0,0.0,2017,2017
BHS,Bahamas,2017,22.375,-74.07500457763672,0.0,0.0,2017,2017
BHS,Bahamas,2017,22.375,-74.0250015258789,4.784410074353218,1.540115629512614e-05,2017,2017
BHS,Bahamas,2017,22.375,-73.97500610351562,0.0,0.0,2017,2017
BHS,Bahamas,2017,22.375,-73.12500762939453,0.11973199993371964,3.8542081800054143e-07,2017,2017
BHS,Bahamas,2017,22.375,-73.07500457763672,0.0,0.0,2017,2017
BHS,Bahamas,2017,22.375,-73.0250015258789,47.22353927428638,0.00015201395738859865,2017,2017
BHS,Bahamas,2017,22.375,-72.97500610351562,119.06185203790665,0.0003832635922770209,2017,2017
BHS,Bahamas,2017,22.375,-72.92500305175781,1.3169299699366093,4.239236182001257e-06,2017,2017
BHS,Bahamas,2017,22.375,-72.87500762939453,0.0,0.0,2017,2017
BHS,Bahamas,2017,22.375,-72.82500457763672,0.0,0.0,2017,2017
BHS,Bahamas,2017,22.42499542236328,-73.97500610351562,47.60733883083334,0.00015324941941307382,2017,2017
BHS,Bahamas,2017,22.42499542236328,-73.12500762939453,55.25027291477913,0.0001778522482991635,2017,2017
BHS,Bahamas,2017,22.42499542236328,-73.07500457763672,41.14110851288378,0.00013243443444745356,2017,2017
BHS,Bahamas,2017,22.42499542236328,-73.0250015258789,0.14061099290847778,4.5263090850110565e-07,2017,2017
BHS,Bahamas,2017,22.474998474121094,-73.87500762939453,0.8614230155944824,2.7729459417591828e-06,2017,2017
BHS,Bahamas,2017,22.574996948242188,-74.37500762939453,1.5535860061645508,5.001038900725004e-06,2017,2017
BHS,Bahamas,2017,22.574996948242188,-73.87500762939453,66.88375473022461,0.00021530076732486692,2017,2017
BHS,Bahamas,2017,22.574996948242188,-73.62500762939453,0.0,0.0,2017,2017
BHS,Bahamas,2017,22.625,-74.32500457763672,12.028009414672852,3.871851493408363e-05,2017,2017
BHS,Bahamas,2017,22.625,-74.0250015258789,0.0,0.0,2017,2017
BHS,Bahamas,2017,22.625,-73.97500610351562,0.0,0.0,2017,2017
BHS,Bahamas,2017,22.625,-73.92500305175781,0.20121800899505615,6.47726670115311e-07,2017,2017
BHS,Bahamas,2017,22.625,-73.87500762939453,50.476702332497524,0.00016248598464680005,2017,2017
BHS,Bahamas,2017,22.67499542236328,-74.07500457763672,0.08348999917507172,2.687567550423777e-07,2017,2017
BHS,Bahamas,2017,22.67499542236328,-73.92500305175781,18.279128398746252,5.884105020948213e-05,2017,2017
BHS,Bahamas,2017,22.724998474121094,-74.2750015258789,0.4897239953307191,1.5764358983341615e-06,2017,2017
BHS,Bahamas,2017,22.724998474121094,-74.22500610351562,0.37881800532341003,1.2194262650411434e-06,2017,2017
BHS,Bahamas,2017,22.724998474121094,-74.17500305175781,39.70856881887184,0.00012782304717429374,2017,2017
BHS,Bahamas,2017,22.724998474121094,-74.12500762939453,12.043045923126332,3.876691789562458e-05,2017,2017
BHS,Bahamas,2017,22.724998474121094,-74.07500457763672,9.199982941150665,2.9615014805834784e-05,2017,2017
BHS,Bahamas,2017,22.774993896484375,-74.2750015258789,1.0137087350092777e-11,3.26315813715509e-17,2017,2017
BHS,Bahamas,2017,22.774993896484375,-74.22500610351562,88.89661933484142,0.00028616082384395295,2017,2017
BHS,Bahamas,2017,22.824996948242188,-74.32500457763672,98.4149842038805,0.00031680071940974554,2017,2017
BHS,Bahamas,2017,22.824996948242188,-74.2750015258789,18.050856351868326,5.810623579827166e-05,2017,2017
BHS,Bahamas,2017,22.92499542236328,-74.87500762939453,85.41078309715218,0.00027493981479967194,2017,2017
BHS,Bahamas,2017,22.974998474121094,-74.87500762939453,79.12991733849049,0.0002547215237847799,2017,2017
BHS,Bahamas,2017,23.024993896484375,-74.92500305175781,36.12573726475239,0.00011628980736278722,2017,2017
BHS,Bahamas,2017,23.024993896484375,-74.87500762939453,104.7218731641832,0.00033710277987364893,2017,2017
BHS,Bahamas,2017,23.074996948242188,-74.97500610351562,95.79464025802783,0.00030836575542674704,2017,2017
BHS,Bahamas,2017,23.074996948242188,-74.92500305175781,30.319907240630428,9.760067030412361e-05,2017,2017
BHS,Bahamas,2017,23.074996948242188,-73.7750015258789,0.0,0.0,2017,2017
BHS,Bahamas,2017,23.125,-75.12500762939453,0.0,0.0,2017,2017
BHS,Bahamas,2017,23.17499542236328,-75.22500610351562,0.0,0.0,2017,2017
BHS,Bahamas,2017,23.17499542236328,-75.17500305175781,0.0,0.0,2017,2017
BHS,Bahamas,2017,23.224998474121094,-75.12500762939453,73.7400450706482,0.00023737136693832125,2017,2017
BHS,Bahamas,2017,23.42499542236328,-75.57500457763672,62.30948443718256,0.00020057605714650357,2017,2017
BHS,Bahamas,2017,23.42499542236328,-75.17500305175781,120.11337332427838,0.00038664847012557206,2017,2017
BHS,Bahamas,2017,23.474998474121094,-75.7750015258789,777.6595680713883,0.0025033089484677654,2017,2017
BHS,Bahamas,2017,23.474998474121094,-75.72500610351562,362.7526723742485,0.0011677114872862863,2017,2017
BHS,Bahamas,2017,23.474998474121094,-75.22500610351562,204.36115320026875,0.000657844543460259,2017,2017
BHS,Bahamas,2017,23.524993896484375,-75.82500457763672,490.0632208103298,0.0015775278750981895,2017,2017
BHS,Bahamas,2017,23.524993896484375,-75.22500610351562,79.90002404154144,0.0002572005198393176,2017,2017
BHS,Bahamas,2017,23.574996948242188,-75.92500305175781,186.88869358599186,0.0006016001837173004,2017,2017
BHS,Bahamas,2017,23.574996948242188,-75.87500762939453,702.2829682528973,0.0022606694638168403,2017,2017
BHS,Bahamas,2017,23.625,-75.97500610351562,153.08299455046654,0.0004927786474315537,2017,2017
BHS,Bahamas,2017,23.625,-75.92500305175781,1218.1120527759222,0.003921138409590662,2017,2017
BHS,Bahamas,2017,23.67499542236328,-76.0250015258789,152.37170380354323,0.0004904889816641135,2017,2017
BHS,Bahamas,2017,23.67499542236328,-75.32500457763672,71.90340915323523,0.00023145918207504042,2017,2017
BHS,Bahamas,2017,23.67499542236328,-74.92500305175781,0.22466900944709778,7.232161280894567e-07,2017,2017
BHS,Bahamas,2017,23.67499542236328,-74.87500762939453,5.853981055320899,1.884413663974919e-05,2017,2017
BHS,Bahamas,2017,23.67499542236328,-74.82500457763672,34.00492978099018,0.00010946286589629713,2017,2017
BHS,Bahamas,2017,23.774993896484375,-77.72500610351562,0.0,0.0,2017,2017
BHS,Bahamas,2017,23.774993896484375,-77.62500762939453,0.0,0.0,2017,2017
BHS,Bahamas,2017,23.774993896484375,-77.57500457763672,0.0,0.0,2017,2017
BHS,Bahamas,2017,23.824996948242188,-77.72500610351562,0.0,0.0,2017,2017
BHS,Bahamas,2017,23.824996948242188,-77.67500305175781,0.1479630023241043,4.7629724235076216e-07,2017,2017
BHS,Bahamas,2017,23.824996948242188,-77.57500457763672,0.0,0.0,2017,2017
BHS,Bahamas,2017,23.875,-77.7750015258789,0.0,0.0,2017,2017
BHS,Bahamas,2017,23.875,-77.72500610351562,0.029947999864816666,9.640348955807472e-08,2017,2017
BHS,Bahamas,2017,23.875,-77.67500305175781,0.0,0.0,2017,2017
BHS,Bahamas,2017,23.875,-77.62500762939453,0.0,0.0,2017,2017
BHS,Bahamas,2017,23.875,-77.57500457763672,0.0,0.0,2017,2017
BHS,Bahamas,2017,23.875,-77.5250015258789,49.87905246020851,0.0001605621321864464,2017,2017
BHS,Bahamas,2017,23.92499542236328,-77.7750015258789,0.0,0.0,2017,2017
BHS,Bahamas,2017,23.92499542236328,-77.72500610351562,0.0,0.0,2017,2017
BHS,Bahamas,2017,23.92499542236328,-77.67500305175781,0.0,0.0,2017,2017
BHS,Bahamas,2017,23.92499542236328,-77.62500762939453,0.0,0.0,2017,2017
BHS,Bahamas,2017,23.92499542236328,-77.5250015258789,58.33303685486317,0.0001877757558004789,2017,2017
BHS,Bahamas,2017,23.974998474121094,-77.82500457763672,0.0,0.0,2017,2017
BHS,Bahamas,2017,23.974998474121094,-77.7750015258789,0.0,0.0,2017,2017
BHS,Bahamas,2017,23.974998474121094,-77.72500610351562,0.0,0.0,2017,2017
BHS,Bahamas,2017,23.974998474121094,-77.67500305175781,0.0,0.0,2017,2017
BHS,Bahamas,2017,23.974998474121094,-77.62500762939453,0.05774800106883049,1.858925084535948e-07,2017,2017
BHS,Bahamas,2017,23.974998474121094,-77.57500457763672,13.530160948666891,4.355398476097409e-05,2017,2017
BHS,Bahamas,2017,23.974998474121094,-76.32500457763672,46.83446314930916,0.00015076150993565193,2017,2017
BHS,Bahamas,2017,23.974998474121094,-74.5250015258789,87.17355041207449,0.0002806142144659105,2017,2017
BHS,Bahamas,2017,24.024993896484375,-77.82500457763672,0.0,0.0,2017,2017
BHS,Bahamas,2017,24.024993896484375,-77.7750015258789,4.5350317251502403e-11,1.4598400077952425e-16,2017,2017
BHS,Bahamas,2017,24.024993896484375,-77.72500610351562,2.485542044043541,8.001032709052808e-06,2017,2017
BHS,Bahamas,2017,24.024993896484375,-77.67500305175781,0.0,0.0,2017,2017
BHS,Bahamas,2017,24.024993896484375,-77.62500762939453,0.23528000712394714,7.573732406965882e-07,2017,2017
BHS,Bahamas,2017,24.024993896484375,-77.57500457763672,1.7916910499334335,5.767506017203967e-06,2017,2017
BHS,Bahamas,2017,24.024993896484375,-74.5250015258789,100.936454474926,0.0003249174061348347,2017,2017
BHS,Bahamas,2017,24.024993896484375,-74.47500610351562,4.588173113763332,1.4769463765857752e-05,2017,2017
BHS,Bahamas,2017,24.074996948242188,-77.87500762939453,0.0,0.0,2017,2017
BHS,Bahamas,2017,24.074996948242188,-77.82500457763672,0.0,0.0,2017,2017
BHS,Bahamas,2017,24.074996948242188,-77.7750015258789,0.0,0.0,2017,2017
BHS,Bahamas,2017,24.074996948242188,-77.72500610351562,0.8160090073967081,2.6267569179563653e-06,2017,2017
BHS,Bahamas,2017,24.074996948242188,-77.67500305175781,0.1951339989900589,6.281420635427356e-07,2017,2017
BHS,Bahamas,2017,24.074996948242188,-77.62500762939453,0.46990400552749634,1.5126347700898387e-06,2017,2017
BHS,Bahamas,2017,24.074996948242188,-77.57500457763672,27.046672113309683,8.706403046700036e-05,2017,2017
BHS,Bahamas,2017,24.074996948242188,-76.37500762939453,173.18850803375244,0.0005574988847727712,2017,2017
BHS,Bahamas,2017,24.074996948242188,-74.5250015258789,468.5768458843231,0.001508362604289783,2017,2017
BHS,Bahamas,2017,24.074996948242188,-74.47500610351562,9.485891737043858,3.053536360187682e-05,2017,2017
BHS,Bahamas,2017,24.125,-77.87500762939453,0.0,0.0,2017,2017
BHS,Bahamas,2017,24.125,-77.82500457763672,0.0,0.0,2017,2017
BHS,Bahamas,2017,24.125,-77.7750015258789,0.0,0.0,2017,2017
BHS,Bahamas,2017,24.125,-77.62500762939453,3.6768399700522423,1.1835855658463122e-05,2017,2017
BHS,Bahamas,2017,24.125,-77.57500457763672,261.4395147114992,0.0008415814625459438,2017,2017
BHS,Bahamas,2017,24.125,-74.47500610351562,144.5282161682863,0.00046524056501667305,2017,2017
BHS,Bahamas,2017,24.17499542236328,-77.92500305175781,0.0,0.0,2017,2017
BHS,Bahamas,2017,24.17499542236328,-77.82500457763672,0.0,0.0,2017,2017
BHS,Bahamas,2017,24.17499542236328,-77.7750015258789,0.0,0.0,2017,2017
BHS,Bahamas,2017,24.17499542236328,-77.62500762939453,16.14347579703853,5.196632187310727e-05,2017,2017
BHS,Bahamas,2017,24.17499542236328,-75.47500610351562,30.002687737345695,9.657953142304412e-05,2017,2017
BHS,Bahamas,2017,24.17499542236328,-75.42500305175781,12.498554229736328,4.023321248885657e-05,2017,2017
BHS,Bahamas,2017,24.17499542236328,-75.37500762939453,58.87683570384979,0.00018952626023805783,2017,2017
BHS,Bahamas,2017,24.17499542236328,-75.32500457763672,88.18608524650335,0.00028387359378268174,2017,2017
BHS,Bahamas,2017,24.224998474121094,-77.87500762939453,0.0,0.0,2017,2017
BHS,Bahamas,2017,24.224998474121094,-77.7750015258789,0.0,0.0,2017,2017
BHS,Bahamas,2017,24.224998474121094,-77.72500610351562,0.0,0.0,2017,2017
BHS,Bahamas,2017,24.224998474121094,-77.67500305175781,20.20794278383883,6.504996026264354e-05,2017,2017
BHS,Bahamas,2017,24.224998474121094,-76.47500610351562,107.53638172150279,0.0003461627654333334,2017,2017
BHS,Bahamas,2017,24.224998474121094,-75.37500762939453,310.66643688082695,0.0010000443682073733,2017,2017
BHS,Bahamas,2017,24.224998474121094,-75.32500457763672,3.8914600610733032,1.2526724023532434e-05,2017,2017
BHS,Bahamas,2017,24.274993896484375,-78.0250015258789,0.0,0.0,2017,2017
BHS,Bahamas,2017,24.274993896484375,-77.67500305175781,341.99286629259586,0.0011008850628888615,2017,2017
BHS,Bahamas,2017,24.274993896484375,-76.5250015258789,34.38239628078978,0.00011067794162543467,2017,2017
BHS,Bahamas,2017,24.274993896484375,-75.37500762939453,5.189743131399155,1.67059352890107e-05,2017,2017
BHS,Bahamas,2017,24.324996948242188,-78.0250015258789,0.0,0.0,2017,2017
BHS,Bahamas,2017,24.324996948242188,-77.87500762939453,0.0,0.0,2017,2017
BHS,Bahamas,2017,24.324996948242188,-77.7750015258789,0.0,0.0,2017,2017
BHS,Bahamas,2017,24.324996948242188,-75.47500610351562,112.31744004040956,0.00036155313232941313,2017,2017
BHS,Bahamas,2017,24.324996948242188,-75.42500305175781,58.61409557611547,0.000188680492064061,2017,2017
BHS,Bahamas,2017,24.375,-78.07500457763672,0.0,0.0,2017,2017
BHS,Bahamas,2017,24.375,-78.0250015258789,0.0,0.0,2017,2017
BHS,Bahamas,2017,24.375,-77.97500610351562,0.0,0.0,2017,2017
BHS,Bahamas,2017,24.375,-77.92500305175781,0.0,0.0,2017,2017
BHS,Bahamas,2017,24.375,-77.87500762939453,0.0,0.0,2017,2017
BHS,Bahamas,2017,24.42499542236328,-78.12500762939453,0.0,0.0,2017,2017
BHS,Bahamas,2017,24.42499542236328,-78.07500457763672,0.0,0.0,2017,2017
BHS,Bahamas,2017,24.42499542236328,-78.0250015258789,0.0,0.0,2017,2017
BHS,Bahamas,2017,24.42499542236328,-77.97500610351562,0.0,0.0,2017,2017
BHS,Bahamas,2017,24.42499542236328,-77.92500305175781,0.10414300113916397,3.352393738541717e-07,2017,2017
BHS,Bahamas,2017,24.42499542236328,-77.87500762939453,0.0,0.0,2017,2017
BHS,Bahamas,2017,24.42499542236328,-75.5250015258789,69.3115418106386,0.00022311588511277904,2017,2017
BHS,Bahamas,2017,24.474998474121094,-78.22500610351562,0.0,0.0,2017,2017
BHS,Bahamas,2017,24.474998474121094,-78.17500305175781,0.7794730067253113,2.5091464606597915e-06,2017,2017
BHS,Bahamas,2017,24.474998474121094,-78.12500762939453,2.6585209369659424,8.5578568366368e-06,2017,2017
BHS,Bahamas,2017,24.474998474121094,-78.07500457763672,0.0,0.0,2017,2017
BHS,Bahamas,2017,24.474998474121094,-78.0250015258789,0.0,0.0,2017,2017
BHS,Bahamas,2017,24.474998474121094,-77.97500610351562,0.20451599360925848,6.583429792762931e-07,2017,2017
BHS,Bahamas,2017,24.474998474121094,-77.92500305175781,0.07770899683237076,2.501475390180878e-07,2017,2017
BHS,Bahamas,2017,24.474998474121094,-77.87500762939453,0.0,0.0,2017,2017
BHS,Bahamas,2017,24.474998474121094,-77.82500457763672,0.0,0.0,2017,2017
BHS,Bahamas,2017,24.474998474121094,-77.7750015258789,1.9892079830169678,6.403318815454692e-06,2017,2017
BHS,Bahamas,2017,24.524993896484375,-78.32500457763672,0.0,0.0,2017,2017
BHS,Bahamas,2017,24.524993896484375,-78.2750015258789,0.0,0.0,2017,2017
BHS,Bahamas,2017,24.524993896484375,-78.22500610351562,0.0,0.0,2017,2017
BHS,Bahamas,2017,24.524993896484375,-78.17500305175781,0.0,0.0,2017,2017
BHS,Bahamas,2017,24.524993896484375,-78.12500762939453,0.0,0.0,2017,2017
BHS,Bahamas,2017,24.524993896484375,-78.07500457763672,0.0,0.0,2017,2017
BHS,Bahamas,2017,24.524993896484375,-78.0250015258789,0.0,0.0,2017,2017
BHS,Bahamas,2017,24.524993896484375,-77.97500610351562,0.0,0.0,2017,2017
BHS,Bahamas,2017,24.524993896484375,-77.92500305175781,0.3469579964882139,1.1168679625525574e-06,2017,2017
BHS,Bahamas,2017,24.524993896484375,-77.87500762939453,0.0,0.0,2017,2017
BHS,Bahamas,2017,24.524993896484375,-77.82500457763672,0.0,0.0,2017,2017
BHS,Bahamas,2017,24.524993896484375,-77.7750015258789,2.534755118244492,8.159451037698048e-06,2017,2017
BHS,Bahamas,2017,24.524993896484375,-77.72500610351562,104.79696479635564,0.00033734450203909275,2017,2017
BHS,Bahamas,2017,24.524993896484375,-76.7750015258789,0.4767650067806244,1.5347205342694e-06,2017,2017
BHS,Bahamas,2017,24.524993896484375,-75.57500457763672,54.46227774025055,0.00017531566873049838,2017,2017
BHS,Bahamas,2017,24.574996948242188,-78.37500762939453,0.23110400326550007,7.439305618472658e-07,2017,2017
BHS,Bahamas,2017,24.574996948242188,-78.32500457763672,0.03235499933362007,1.0415169141477661e-07,2017,2017
BHS,Bahamas,2017,24.574996948242188,-78.2750015258789,0.0,0.0,2017,2017
BHS,Bahamas,2017,24.574996948242188,-78.22500610351562,0.0,0.0,2017,2017
BHS,Bahamas,2017,24.574996948242188,-78.17500305175781,0.0,0.0,2017,2017
BHS,Bahamas,2017,24.574996948242188,-78.12500762939453,0.0,0.0,2017,2017
BHS,Bahamas,2017,24.574996948242188,-78.07500457763672,0.08401700110771654,2.7045318971381284e-07,2017,2017
BHS,Bahamas,2017,24.574996948242188,-78.0250015258789,0.07999199628829956,2.5749658119800603e-07,2017,2017
BHS,Bahamas,2017,24.574996948242188,-77.97500610351562,0.07376600056886673,2.3745491844803077e-07,2017,2017
BHS,Bahamas,2017,24.574996948242188,-77.92500305175781,0.0,0.0,2017,2017
BHS,Bahamas,2017,24.574996948242188,-77.87500762939453,0.0,0.0,2017,2017
BHS,Bahamas,2017,24.574996948242188,-77.82500457763672,0.0,0.0,2017,2017
BHS,Bahamas,2017,24.574996948242188,-77.7750015258789,55.86721885204315,0.0001798382153583794,2017,2017
BHS,Bahamas,2017,24.574996948242188,-75.62500762939453,98.28016832471772,0.0003163667431422887,2017,2017
BHS,Bahamas,2017,24.625,-78.42500305175781,0.0,0.0,2017,2017
BHS,Bahamas,2017,24.625,-78.37500762939453,0.0,0.0,2017,2017
BHS,Bahamas,2017,24.625,-78.32500457763672,0.0,0.0,2017,2017
BHS,Bahamas,2017,24.625,-78.17500305175781,0.0,0.0,2017,2017
BHS,Bahamas,2017,24.625,-78.12500762939453,0.0,0.0,2017,2017
BHS,Bahamas,2017,24.625,-78.07500457763672,0.0694819986820221,2.2366459077909054e-07,2017,2017
BHS,Bahamas,2017,24.625,-78.0250015258789,0.14322999864816666,4.6106156475923034e-07,2017,2017
BHS,Bahamas,2017,24.625,-77.97500610351562,0.0,0.0,2017,2017
BHS,Bahamas,2017,24.625,-77.92500305175781,0.1378909945487976,4.438751540384023e-07,2017,2017
BHS,Bahamas,2017,24.625,-77.87500762939453,0.0,0.0,2017,2017
BHS,Bahamas,2017,24.625,-77.82500457763672,0.0,0.0,2017,2017
BHS,Bahamas,2017,24.625,-77.7750015258789,136.39227774739265,0.00043905074071641303,2017,2017
BHS,Bahamas,2017,24.625,-75.67500305175781,136.36167781055633,0.0004389522386226307,2017,2017
BHS,Bahamas,2017,24.625,-75.62500762939453,7.833044156432152,2.521479878292927e-05,2017,2017
BHS,Bahamas,2017,24.67499542236328,-78.32500457763672,0.0,0.0,2017,2017
BHS,Bahamas,2017,24.67499542236328,-78.22500610351562,0.0,0.0,2017,2017
BHS,Bahamas,2017,24.67499542236328,-78.17500305175781,0.0,0.0,2017,2017
BHS,Bahamas,2017,24.67499542236328,-78.12500762939453,0.0,0.0,2017,2017
BHS,Bahamas,2017,24.67499542236328,-78.07500457763672,0.15515200048685074,4.994388381983547e-07,2017,2017
BHS,Bahamas,2017,24.67499542236328,-78.0250015258789,1.9023489616811275,6.123717079306309e-06,2017,2017
BHS,Bahamas,2017,24.67499542236328,-77.97500610351562,0.12148900516331196,3.9107666934517426e-07,2017,2017
BHS,Bahamas,2017,24.67499542236328,-77.92500305175781,0.8827590048359043,2.841627116640015e-06,2017,2017
BHS,Bahamas,2017,24.67499542236328,-77.87500762939453,6.4932129345834255,2.0901842799621e-05,2017,2017
BHS,Bahamas,2017,24.67499542236328,-77.82500457763672,3.7881549671652577,1.2194181897620374e-05,2017,2017
BHS,Bahamas,2017,24.67499542236328,-77.7750015258789,88.5707470271913,0.0002851118313319448,2017,2017
BHS,Bahamas,2017,24.67499542236328,-76.17500305175781,47.44449234008789,0.00015272521178515168,2017,2017
BHS,Bahamas,2017,24.67499542236328,-75.72500610351562,38.497938422520264,0.0001239259924360747,2017,2017
BHS,Bahamas,2017,24.724998474121094,-78.2750015258789,0.0,0.0,2017,2017
BHS,Bahamas,2017,24.724998474121094,-78.22500610351562,0.0,0.0,2017,2017
BHS,Bahamas,2017,24.724998474121094,-78.17500305175781,0.0,0.0,2017,2017
BHS,Bahamas,2017,24.724998474121094,-78.12500762939453,0.0,0.0,2017,2017
BHS,Bahamas,2017,24.724998474121094,-78.07500457763672,1.9154770821332932,6.1659768839223215e-06,2017,2017
BHS,Bahamas,2017,24.724998474121094,-78.0250015258789,0.07649800181388855,2.4624931055054056e-07,2017,2017
BHS,Bahamas,2017,24.724998474121094,-77.97500610351562,0.018904000520706177,6.085253188960816e-08,2017,2017
BHS,Bahamas,2017,24.724998474121094,-77.92500305175781,0.4181430023181348,1.3460145832682337e-06,2017,2017
BHS,Bahamas,2017,24.724998474121094,-77.87500762939453,5.502808034420013,1.7713700390039285e-05,2017,2017
BHS,Bahamas,2017,24.724998474121094,-77.82500457763672,88.04164491595884,0.0002834086361240645,2017,2017
BHS,Bahamas,2017,24.724998474121094,-77.7750015258789,1026.1756272465036,0.0033032894287618126,2017,2017
BHS,Bahamas,2017,24.774993896484375,-78.2750015258789,0.0,0.0,2017,2017
BHS,Bahamas,2017,24.774993896484375,-78.22500610351562,0.0,0.0,2017,2017
BHS,Bahamas,2017,24.774993896484375,-78.17500305175781,0.018316000699996948,5.895974322820288e-08,2017,2017
BHS,Bahamas,2017,24.774993896484375,-78.12500762939453,0.1732829958217651,5.578030437325068e-07,2017,2017
BHS,Bahamas,2017,24.774993896484375,-78.07500457763672,2.7251608837403025,8.772372779003958e-06,2017,2017
BHS,Bahamas,2017,24.774993896484375,-78.0250015258789,0.0,0.0,2017,2017
BHS,Bahamas,2017,24.774993896484375,-77.97500610351562,0.05304799973964691,1.7076306638380268e-07,2017,2017
BHS,Bahamas,2017,24.774993896484375,-77.92500305175781,0.08937100322680108,2.876878794998059e-07,2017,2017
BHS,Bahamas,2017,24.774993896484375,-77.87500762939453,106.6844756603241,0.0003434204548468496,2017,2017
BHS,Bahamas,2017,24.774993896484375,-76.2750015258789,236.5368213057518,0.0007614189623941627,2017,2017
BHS,Bahamas,2017,24.774993896484375,-76.22500610351562,256.01968912780563,0.0008241348850976108,2017,2017
BHS,Bahamas,2017,24.824996948242188,-78.22500610351562,0.0,0.0,2017,2017
BHS,Bahamas,2017,24.824996948242188,-78.17500305175781,0.0,0.0,2017,2017
BHS,Bahamas,2017,24.824996948242188,-78.12500762939453,0.031727999448776245,1.0213336040354713e-07,2017,2017
BHS,Bahamas,2017,24.824996948242188,-78.07500457763672,0.0,0.0,2017,2017
BHS,Bahamas,2017,24.824996948242188,-78.0250015258789,0.3713999968022108,1.1955474781357356e-06,2017,2017
BHS,Bahamas,2017,24.824996948242188,-77.97500610351562,0.390040997415781,1.2555534056138371e-06,2017,2017
BHS,Bahamas,2017,24.824996948242188,-77.92500305175781,32.784742925316095,0.00010553504863534975,2017,2017
BHS,Bahamas,2017,24.824996948242188,-77.87500762939453,153.1161231212318,0.000492885289272086,2017,2017
BHS,Bahamas,2017,24.824996948242188,-76.17500305175781,41.0364839183414,0.00013209764481031543,2017,2017
BHS,Bahamas,2017,24.875,-78.17500305175781,0.0,0.0,2017,2017
BHS,Bahamas,2017,24.875,-78.12500762939453,0.02214300073683262,7.127896854392323e-08,2017,2017
BHS,Bahamas,2017,24.875,-78.07500457763672,0.1881949976219068,6.058052147061626e-07,2017,2017
BHS,Bahamas,2017,24.875,-78.0250015258789,0.1915620118379593,6.16643732179259e-07,2017,2017
BHS,Bahamas,2017,24.875,-77.97500610351562,0.05420600064098835,1.744907052346316e-07,2017,2017
BHS,Bahamas,2017,24.875,-77.92500305175781,149.56657284125765,0.00048145918285776886,2017,2017
BHS,Bahamas,2017,24.875,-76.17500305175781,559.1189854666591,0.001799820406052562,2017,2017
BHS,Bahamas,2017,24.92499542236328,-78.17500305175781,0.0,0.0,2017,2017
BHS,Bahamas,2017,24.92499542236328,-78.12500762939453,0.12319299578666687,3.9656186511808596e-07,2017,2017
BHS,Bahamas,2017,24.92499542236328,-78.07500457763672,0.4983430076390505,1.6041807516404854e-06,2017,2017
BHS,Bahamas,2017,24.92499542236328,-78.0250015258789,12.834179606288671,4.131360041559422e-05,2017,2017
BHS,Bahamas,2017,24.92499542236328,-77.97500610351562,77.36224349588156,0.00024903132986207215,2017,2017
BHS,Bahamas,2017,24.92499542236328,-77.92500305175781,108.28311157226628,0.0003485665107150125,2017,2017
BHS,Bahamas,2017,24.92499542236328,-76.17500305175781,99.31043218077676,0.0003196831926994537,2017,2017
BHS,Bahamas,2017,24.974998474121094,-78.17500305175781,0.0,0.0,2017,2017
BHS,Bahamas,2017,24.974998474121094,-78.12500762939453,0.25791599601507187,8.302391525622385e-07,2017,2017
BHS,Bahamas,2017,24.974998474121094,-78.07500457763672,4.312149021789113,1.3880934121523303e-05,2017,2017
BHS,Bahamas,2017,24.974998474121094,-78.0250015258789,93.61292922877377,0.00030134276366179376,2017,2017
BHS,Bahamas,2017,24.974998474121094,-77.97500610351562,0.9901840016245842,3.1874313307090904e-06,2017,2017
BHS,Bahamas,2017,24.974998474121094,-76.17500305175781,419.7633264660835,0.0013512304542039413,2017,2017
BHS,Bahamas,2017,25.024993896484375,-78.12500762939453,0.0,0.0,2017,2017
BHS,Bahamas,2017,25.024993896484375,-78.07500457763672,5.690575994578115,1.8318130958629893e-05,2017,2017
BHS,Bahamas,2017,25.024993896484375,-78.0250015258789,166.7945927977577,0.0005369166841760434,2017,2017
BHS,Bahamas,2017,25.024993896484375,-77.5250015258789,4625.596041679382,0.014889929267957139,2017,2017
BHS,Bahamas,2017,25.024993896484375,-77.47500610351562,2371.0479611754417,0.007632472899647863,2017,2017
BHS,Bahamas,2017,25.024993896484375,-77.42500305175781,6616.364439427955,0.02129827110417995,2017,2017
BHS,Bahamas,2017,25.024993896484375,-77.37500762939453,62947.36022949219,0.20262939802271723,2017,2017
BHS,Bahamas,2017,25.024993896484375,-77.32500457763672,74386.18922019005,0.23945132389887105,2017,2017
BHS,Bahamas,2017,25.024993896484375,-76.12500762939453,45.56960419017679,0.00014668989186400878,2017,2017
BHS,Bahamas,2017,25.074996948242188,-78.12500762939453,0.0,0.0,2017,2017
BHS,Bahamas,2017,25.074996948242188,-78.07500457763672,7.887585163338619,2.5390367883153942e-05,2017,2017
BHS,Bahamas,2017,25.074996948242188,-78.0250015258789,437.60179352760315,0.0014086530026499089,2017,2017
BHS,Bahamas,2017,25.074996948242188,-77.97500610351562,257.7635743022017,0.0008297485025999228,2017,2017
BHS,Bahamas,2017,25.074996948242188,-77.42500305175781,5244.945655792952,0.016883633833420966,2017,2017
BHS,Bahamas,2017,25.074996948242188,-77.37500762939453,26278.24475812912,0.08459044028249132,2017,2017
BHS,Bahamas,2017,25.074996948242188,-77.32500457763672,51893.09143733978,0.1670453826999317,2017,2017
BHS,Bahamas,2017,25.074996948242188,-76.12500762939453,233.29307490587234,0.0007509772476352016,2017,2017
BHS,Bahamas,2017,25.125,-78.17500305175781,77.9924803972288,0.0002510600809243266,2017,2017
BHS,Bahamas,2017,25.125,-78.12500762939453,0.9370749965310097,3.0164718863024853e-06,2017,2017
BHS,Bahamas,2017,25.125,-78.07500457763672,362.42230355739594,0.0011666480203793301,2017,2017
BHS,Bahamas,2017,25.125,-78.0250015258789,1275.6881036759512,0.004106477405409778,2017,2017
BHS,Bahamas,2017,25.125,-76.12500762939453,70.2477104328651,0.00022612943935362292,2017,2017
BHS,Bahamas,2017,25.17499542236328,-78.17500305175781,0.0,0.0,2017,2017
BHS,Bahamas,2017,25.17499542236328,-78.12500762939453,0.0,0.0,2017,2017
BHS,Bahamas,2017,25.17499542236328,-76.22500610351562,585.0351949036212,0.001883245444022334,2017,2017
BHS,Bahamas,2017,25.17499542236328,-76.17500305175781,985.2597302794456,0.0031715799568829573,2017,2017
BHS,Bahamas,2017,25.224998474121094,-76.2750015258789,358.5528724864125,0.0011541922083207266,2017,2017
BHS,Bahamas,2017,25.324996948242188,-76.37500762939453,269.01282438635826,0.0008659601684179865,2017,2017
BHS,Bahamas,2017,25.375,-76.5250015258789,299.9880685657263,0.0009656703875405883,2017,2017
BHS,Bahamas,2017,25.42499542236328,-76.7750015258789,125.55715633929037,0.00040417216724768516,2017,2017
BHS,Bahamas,2017,25.42499542236328,-76.57500457763672,169.78124418854713,0.0005465308025634231,2017,2017
BHS,Bahamas,2017,25.474998474121094,-76.72500610351562,941.5704815919602,0.0030309429845089787,2017,2017
BHS,Bahamas,2017,25.474998474121094,-76.67500305175781,280.98986504226923,0.0009045146134233514,2017,2017
BHS,Bahamas,2017,25.524993896484375,-76.82500457763672,69.18891644477844,0.00022272115046503575,2017,2017
BHS,Bahamas,2017,25.524993896484375,-76.72500610351562,181.87381684782656,0.0005854571484747125,2017,2017
BHS,Bahamas,2017,25.774993896484375,-77.87500762939453,328.1717496365309,0.0010563944831757494,2017,2017
BHS,Bahamas,2017,25.92499542236328,-77.2750015258789,0.0,0.0,2017,2017
BHS,Bahamas,2017,25.92499542236328,-77.22500610351562,0.0,0.0,2017,2017
BHS,Bahamas,2017,25.974998474121094,-77.2750015258789,0.0,0.0,2017,2017
BHS,Bahamas,2017,25.974998474121094,-77.22500610351562,0.0,0.0,2017,2017
BHS,Bahamas,2017,26.024993896484375,-77.37500762939453,179.33089464902878,0.0005772714073652771,2017,2017
BHS,Bahamas,2017,26.024993896484375,-77.32500457763672,0.8846210241352979,2.8476210113540625e-06,2017,2017
BHS,Bahamas,2017,26.024993896484375,-77.2750015258789,0.2472900003194809,7.96033760893077e-07,2017,2017
BHS,Bahamas,2017,26.024993896484375,-77.22500610351562,0.0,0.0,2017,2017
BHS,Bahamas,2017,26.074996948242188,-77.2750015258789,0.0,0.0,2017,2017
BHS,Bahamas,2017,26.074996948242188,-77.22500610351562,0.7152980007231236,2.3025652349035598e-06,2017,2017
BHS,Bahamas,2017,26.125,-77.22500610351562,15.838013395667076,5.098302944777262e-05,2017,2017
BHS,Bahamas,2017,26.17499542236328,-77.22500610351562,0.17226600646972656,5.545293251929558e-07,2017,2017
BHS,Bahamas,2017,26.224998474121094,-77.22500610351562,0.0,0.0,2017,2017
BHS,Bahamas,2017,26.224998474121094,-77.17500305175781,54.79690454900372,0.00017639284223821525,2017,2017
BHS,Bahamas,2017,26.274993896484375,-77.22500610351562,0.0,0.0,2017,2017
BHS,Bahamas,2017,26.274993896484375,-77.17500305175781,1.9824559688568115,6.3815838839226096e-06,2017,2017
BHS,Bahamas,2017,26.324996948242188,-77.57500457763672,175.3721024915576,0.0005645279393494474,2017,2017
BHS,Bahamas,2017,26.324996948242188,-77.22500610351562,0.0,0.0,2017,2017
BHS,Bahamas,2017,26.324996948242188,-77.17500305175781,0.0,0.0,2017,2017
BHS,Bahamas,2017,26.324996948242188,-77.12500762939453,6.341046108864248,2.0412013326516926e-05,2017,2017
BHS,Bahamas,2017,26.324996948242188,-77.07500457763672,15.29558290913701,4.9236929809057976e-05,2017,2017
BHS,Bahamas,2017,26.324996948242188,-77.0250015258789,94.63812693953653,0.00030464290514872457,2017,2017
BHS,Bahamas,2017,26.375,-77.22500610351562,0.0,0.0,2017,2017
BHS,Bahamas,2017,26.375,-77.17500305175781,0.438060998916626,1.410131198259816e-06,2017,2017
BHS,Bahamas,2017,26.375,-77.12500762939453,3.4444760010012585,1.1087869229813641e-05,2017,2017
BHS,Bahamas,2017,26.375,-77.07500457763672,54.537367071973215,0.00017555738349072695,2017,2017
BHS,Bahamas,2017,26.375,-77.0250015258789,50.49804665894733,0.0001625546926593991,2017,2017
BHS,Bahamas,2017,26.42499542236328,-77.22500610351562,0.0,0.0,2017,2017
BHS,Bahamas,2017,26.42499542236328,-77.17500305175781,0.0,0.0,2017,2017
BHS,Bahamas,2017,26.42499542236328,-77.12500762939453,17.59729281441053,5.66462014739559e-05,2017,2017
BHS,Bahamas,2017,26.42499542236328,-77.07500457763672,7.477864965796471,2.4071466555393146e-05,2017,2017
BHS,Bahamas,2017,26.474998474121094,-77.17500305175781,0.09518499672412872,3.0640329501804925e-07,2017,2017
BHS,Bahamas,2017,26.474998474121094,-77.12500762939453,3.4154470712168763,1.09944242537891e-05,2017,2017
BHS,Bahamas,2017,26.474998474121094,-77.07500457763672,256.18132860958957,0.0008246552073282997,2017,2017
BHS,Bahamas,2017,26.524993896484375,-78.7750015258789,3573.957377970221,0.011504673578315628,2017,2017
BHS,Bahamas,2017,26.524993896484375,-78.72500610351562,9927.467777729034,0.031956809822640986,2017,2017
BHS,Bahamas,2017,26.524993896484375,-78.67500305175781,18700.75640106201,0.06019828310991336,2017,2017
BHS,Bahamas,2017,26.524993896484375,-78.62500762939453,4370.594953805208,0.014069073290157563,2017,2017
BHS,Bahamas,2017,26.524993896484375,-77.12500762939453,213.276418954134,0.0006865430452930949,2017,2017
BHS,Bahamas,2017,26.524993896484375,-77.07500457763672,6581.135518550873,0.021184868175061267,2017,2017
BHS,Bahamas,2017,26.574996948242188,-78.82500457763672,1735.2323717176914,0.005585763876813874,2017,2017
BHS,Bahamas,2017,26.574996948242188,-78.7750015258789,0.0,0.0,2017,2017
BHS,Bahamas,2017,26.574996948242188,-78.67500305175781,747.7693669945002,0.0024070915149025343,2017,2017
BHS,Bahamas,2017,26.574996948242188,-78.62500762939453,1483.6196371838666,0.00477581510775411,2017,2017
BHS,Bahamas,2017,26.574996948242188,-78.57500457763672,2205.927950888941,0.007100946745669722,2017,2017
BHS,Bahamas,2017,26.574996948242188,-78.5250015258789,86.07898560166359,0.00027709077825155924,2017,2017
BHS,Bahamas,2017,26.574996948242188,-77.87500762939453,0.0,0.0,2017,2017
BHS,Bahamas,2017,26.574996948242188,-77.17500305175781,12.854581974446774,4.137927623683664e-05,2017,2017
BHS,Bahamas,2017,26.625,-78.87500762939453,168.25627008080482,0.0005416218662025417,2017,2017
BHS,Bahamas,2017,26.625,-78.57500457763672,0.0,0.0,2017,2017
BHS,Bahamas,2017,26.625,-78.5250015258789,1.958887070431953,6.305714908917521e-06,2017,2017
BHS,Bahamas,2017,26.625,-78.47500610351562,4.865986995398998,1.5663754795584124e-05,2017,2017
BHS,Bahamas,2017,26.625,-78.42500305175781,3.703406125309692,1.1921372891083672e-05,2017,2017
BHS,Bahamas,2017,26.625,-78.37500762939453,138.58778610081023,0.0004461181464723484,2017,2017
BHS,Bahamas,2017,26.625,-78.32500457763672,74.46072586999655,0.00023969125955980835,2017,2017
BHS,Bahamas,2017,26.625,-78.2750015258789,147.10862038284642,0.00047354696183371747,2017,2017
BHS,Bahamas,2017,26.625,-78.22500610351562,157.2091466486454,0.0005060608520030559,2017,2017
BHS,Bahamas,2017,26.625,-77.32500457763672,0.0,0.0,2017,2017
BHS,Bahamas,2017,26.625,-77.2750015258789,99.24567987028226,0.00031947475311361177,2017,2017
BHS,Bahamas,2017,26.67499542236328,-78.57500457763672,0.0,0.0,2017,2017
BHS,Bahamas,2017,26.67499542236328,-78.5250015258789,2.4543760940477797,7.900708602316264e-06,2017,2017
BHS,Bahamas,2017,26.67499542236328,-78.47500610351562,0.07271099835634232,2.3405883539614294e-07,2017,2017
BHS,Bahamas,2017,26.67499542236328,-78.42500305175781,0.1407879963517189,4.532006877741544e-07,2017,2017
BHS,Bahamas,2017,26.67499542236328,-78.37500762939453,0.0,0.0,2017,2017
BHS,Bahamas,2017,26.67499542236328,-78.32500457763672,1.2776379585269775,4.112754045339628e-06,2017,2017
BHS,Bahamas,2017,26.67499542236328,-78.2750015258789,0.0,0.0,2017,2017
BHS,Bahamas,2017,26.67499542236328,-78.22500610351562,0.46643999963998795,1.5014840335827959e-06,2017,2017
BHS,Bahamas,2017,26.67499542236328,-78.17500305175781,3.904386904096534,1.2568335910203803e-05,2017,2017
BHS,Bahamas,2017,26.67499542236328,-78.12500762939453,7.174211055063383,2.3093995714443383e-05,2017,2017
BHS,Bahamas,2017,26.67499542236328,-78.07500457763672,2.6271400107070804,8.45684071500682e-06,2017,2017
BHS,Bahamas,2017,26.67499542236328,-78.0250015258789,2.1699370015590773,6.985090824620955e-06,2017,2017
BHS,Bahamas,2017,26.67499542236328,-77.97500610351562,41.199931360781505,0.00013262378691936093,2017,2017
BHS,Bahamas,2017,26.67499542236328,-77.92500305175781,7.404926896095276,2.3836676770680814e-05,2017,2017
BHS,Bahamas,2017,26.67499542236328,-77.32500457763672,888.2238747478075,0.0028592186931014306,2017,2017
BHS,Bahamas,2017,26.67499542236328,-77.2750015258789,1665.8337607309222,0.0053623677134705,2017,2017
BHS,Bahamas,2017,26.724998474121094,-78.62500762939453,0.0,0.0,2017,2017
BHS,Bahamas,2017,26.724998474121094,-78.57500457763672,0.0,0.0,2017,2017
BHS,Bahamas,2017,26.724998474121094,-78.5250015258789,0.0,0.0,2017,2017
BHS,Bahamas,2017,26.724998474121094,-78.0250015258789,0.0,0.0,2017,2017
BHS,Bahamas,2017,26.724998474121094,-77.97500610351562,0.0,0.0,2017,2017
BHS,Bahamas,2017,26.724998474121094,-77.92500305175781,0.0,0.0,2017,2017
BHS,Bahamas,2017,26.724998474121094,-77.42500305175781,42.638270914594294,0.00013725384411125566,2017,2017
BHS,Bahamas,2017,26.724998474121094,-77.37500762939453,246.48928835993132,0.0007934562456206081,2017,2017
BHS,Bahamas,2017,26.774993896484375,-78.57500457763672,0.0,0.0,2017,2017
BHS,Bahamas,2017,26.774993896484375,-77.42500305175781,30.651495784521103,9.866806354817448e-05,2017,2017
BHS,Bahamas,2017,26.824996948242188,-77.47500610351562,8.826532006263733,2.841286529787645e-05,2017,2017
BHS,Bahamas,2017,26.875,-77.67500305175781,20.188989639282227,6.49889495346616e-05,2017,2017
BHS,Bahamas,2017,26.875,-77.62500762939453,46.46691635999117,0.00014957836604537338,2017,2017
BHS,Bahamas,2017,26.875,-77.57500457763672,11.302836298942566,3.6384161414460725e-05,2017,2017
BHS,Bahamas,2017,26.875,-77.5250015258789,489.46144569112516,0.0015755907433470733,2017,2017
BHS,Bahamas,2017,26.92499542236328,-77.87500762939453,0.0,0.0,2017,2017
BHS,Bahamas,2017,26.92499542236328,-77.82500457763672,136.10432331264684,0.0004381238069489319,2017,2017
BHS,Bahamas,2017,26.92499542236328,-77.7750015258789,169.6145514920354,0.000545994213886379,2017,2017
BHS,Bahamas,2018,20.974998474121094,-73.67500305175781,509.53883224725723,0.0016293368246138573,2018,2018
BHS,Bahamas,2018,20.974998474121094,-73.62500762939453,0.0686350017786026,2.1947205743300201e-07,2018,2018
BHS,Bahamas,2018,20.974998474121094,-73.57500457763672,0.0,0.0,2018,2018
BHS,Bahamas,2018,20.974998474121094,-73.5250015258789,0.0,0.0,2018,2018
BHS,Bahamas,2018,20.974998474121094,-73.47500610351562,0.0,0.0,2018,2018
BHS,Bahamas,2018,20.974998474121094,-73.42500305175781,0.0,0.0,2018,2018
BHS,Bahamas,2018,20.974998474121094,-73.37500762939453,0.0,0.0,2018,2018
BHS,Bahamas,2018,20.974998474121094,-73.32500457763672,0.0,0.0,2018,2018
BHS,Bahamas,2018,20.974998474121094,-73.2750015258789,0.0,0.0,2018,2018
BHS,Bahamas,2018,20.974998474121094,-73.22500610351562,0.0,0.0,2018,2018
BHS,Bahamas,2018,20.974998474121094,-73.17500305175781,0.0,0.0,2018,2018
BHS,Bahamas,2018,21.024993896484375,-73.67500305175781,0.8108399959760012,2.5927983908248283e-06,2018,2018
BHS,Bahamas,2018,21.024993896484375,-73.62500762939453,42.7043831041087,0.00013655450686078042,2018,2018
BHS,Bahamas,2018,21.024993896484375,-73.57500457763672,0.0,0.0,2018,2018
BHS,Bahamas,2018,21.024993896484375,-73.5250015258789,0.0,0.0,2018,2018
BHS,Bahamas,2018,21.024993896484375,-73.47500610351562,0.0,0.0,2018,2018
BHS,Bahamas,2018,21.024993896484375,-73.42500305175781,0.0,0.0,2018,2018
BHS,Bahamas,2018,21.024993896484375,-73.37500762939453,0.0,0.0,2018,2018
BHS,Bahamas,2018,21.024993896484375,-73.32500457763672,1.2398419380187988,3.964604851420555e-06,2018,2018
BHS,Bahamas,2018,21.024993896484375,-73.2750015258789,0.0,0.0,2018,2018
BHS,Bahamas,2018,21.024993896484375,-73.22500610351562,0.0,0.0,2018,2018
BHS,Bahamas,2018,21.024993896484375,-73.17500305175781,0.0,0.0,2018,2018
BHS,Bahamas,2018,21.024993896484375,-73.12500762939453,0.0,0.0,2018,2018
BHS,Bahamas,2018,21.074996948242188,-73.62500762939453,8.534836865962651,2.7291588231761755e-05,2018,2018
BHS,Bahamas,2018,21.074996948242188,-73.57500457763672,1.162319041788578,3.7167122442535236e-06,2018,2018
BHS,Bahamas,2018,21.074996948242188,-73.5250015258789,0.0,0.0,2018,2018
BHS,Bahamas,2018,21.074996948242188,-73.47500610351562,0.0,0.0,2018,2018
BHS,Bahamas,2018,21.074996948242188,-73.42500305175781,0.0,0.0,2018,2018
BHS,Bahamas,2018,21.074996948242188,-73.37500762939453,0.0,0.0,2018,2018
BHS,Bahamas,2018,21.074996948242188,-73.32500457763672,0.0,0.0,2018,2018
BHS,Bahamas,2018,21.074996948242188,-73.2750015258789,0.0,0.0,2018,2018
BHS,Bahamas,2018,21.074996948242188,-73.22500610351562,0.0,0.0,2018,2018
BHS,Bahamas,2018,21.074996948242188,-73.17500305175781,0.0,0.0,2018,2018
BHS,Bahamas,2018,21.074996948242188,-73.12500762939453,0.0,0.0,2018,2018
BHS,Bahamas,2018,21.125,-73.5250015258789,0.0,0.0,2018,2018
BHS,Bahamas,2018,21.125,-73.47500610351562,0.0,0.0,2018,2018
BHS,Bahamas,2018,21.125,-73.42500305175781,0.0,0.0,2018,2018
BHS,Bahamas,2018,21.125,-73.37500762939453,0.0,0.0,2018,2018
BHS,Bahamas,2018,21.125,-73.32500457763672,0.0,0.0,2018,2018
BHS,Bahamas,2018,21.125,-73.2750015258789,0.0,0.0,2018,2018
BHS,Bahamas,2018,21.125,-73.22500610351562,0.0,0.0,2018,2018
BHS,Bahamas,2018,21.125,-73.17500305175781,0.0,0.0,2018,2018
BHS,Bahamas,2018,21.125,-73.12500762939453,0.0,0.0,2018,2018
BHS,Bahamas,2018,21.125,-73.07500457763672,0.0,0.0,2018,2018
BHS,Bahamas,2018,21.17499542236328,-73.47500610351562,0.0,0.0,2018,2018
BHS,Bahamas,2018,21.17499542236328,-73.42500305175781,0.0,0.0,2018,2018
BHS,Bahamas,2018,21.17499542236328,-73.37500762939453,0.0,0.0,2018,2018
BHS,Bahamas,2018,21.17499542236328,-73.12500762939453,0.0,0.0,2018,2018
BHS,Bahamas,2018,21.17499542236328,-73.07500457763672,0.026796000078320503,8.568475436387786e-08,2018,2018
BHS,Bahamas,2018,21.224998474121094,-73.07500457763672,0.0,0.0,2018,2018
BHS,Bahamas,2018,21.224998474121094,-73.0250015258789,0.0,0.0,2018,2018
BHS,Bahamas,2018,21.274993896484375,-73.07500457763672,0.0,0.0,2018,2018
BHS,Bahamas,2018,21.274993896484375,-73.0250015258789,0.0,0.0,2018,2018
BHS,Bahamas,2018,21.324996948242188,-73.0250015258789,0.0,0.0,2018,2018
BHS,Bahamas,2018,21.474998474121094,-73.0250015258789,0.7341189980543721,2.3474699894868625e-06,2018,2018
BHS,Bahamas,2018,21.474998474121094,-72.97500610351562,0.0,0.0,2018,2018
BHS,Bahamas,2018,21.524993896484375,-73.0250015258789,0.0,0.0,2018,2018
BHS,Bahamas,2018,21.524993896484375,-72.97500610351562,0.0,0.0,2018,2018
BHS,Bahamas,2018,22.17499542236328,-74.2750015258789,2.7465749382972717,8.7826391342784e-06,2018,2018
BHS,Bahamas,2018,22.224998474121094,-74.22500610351562,117.92363048344889,0.000377080806170244,2018,2018
BHS,Bahamas,2018,22.274993896484375,-74.17500305175781,0.20020699501037598,6.40195818004692e-07,2018,2018
BHS,Bahamas,2018,22.324996948242188,-74.12500762939453,1.5485720112919807,4.951821615707587e-06,2018,2018
BHS,Bahamas,2018,22.324996948242188,-74.07500457763672,3.4398990124464035,1.0999660436502357e-05,2018,2018
BHS,Bahamas,2018,22.324996948242188,-72.82500457763672,0.0,0.0,2018,2018
BHS,Bahamas,2018,22.324996948242188,-72.7750015258789,0.0,0.0,2018,2018
BHS,Bahamas,2018,22.375,-74.07500457763672,0.0,0.0,2018,2018
BHS,Bahamas,2018,22.375,-74.0250015258789,4.794163107872009,1.533014954014455e-05,2018,2018
BHS,Bahamas,2018,22.375,-73.97500610351562,0.0,0.0,2018,2018
BHS,Bahamas,2018,22.375,-73.12500762939453,0.11407700181007385,3.647805586689816e-07,2018,2018
BHS,Bahamas,2018,22.375,-73.07500457763672,0.0,0.0,2018,2018
BHS,Bahamas,2018,22.375,-73.0250015258789,45.512493688709654,0.00014553391665943943,2018,2018
BHS,Bahamas,2018,22.375,-72.97500610351562,114.22307647764683,0.0003652476571901487,2018,2018
BHS,Bahamas,2018,22.375,-72.92500305175781,1.2652579918503761,4.045876993646729e-06,2018,2018
BHS,Bahamas,2018,22.375,-72.87500762939453,0.0,0.0,2018,2018
BHS,Bahamas,2018,22.375,-72.82500457763672,0.0,0.0,2018,2018
BHS,Bahamas,2018,22.42499542236328,-73.97500610351562,47.72920849919788,0.00015262223818042362,2018,2018
BHS,Bahamas,2018,22.42499542236328,-73.12500762939453,53.00026177616071,0.00016947732490812085,2018,2018
BHS,Bahamas,2018,22.42499542236328,-73.07500457763672,39.64305289090198,0.0001267653843582186,2018,2018
BHS,Bahamas,2018,22.42499542236328,-73.0250015258789,0.13414199650287628,4.289417818567764e-07,2018,2018
BHS,Bahamas,2018,22.474998474121094,-73.87500762939453,0.8634669780731201,2.7610820906577797e-06,2018,2018
BHS,Bahamas,2018,22.574996948242188,-74.37500762939453,1.5565089732408524,4.9772013975032564e-06,2018,2018
BHS,Bahamas,2018,22.574996948242188,-73.87500762939453,67.10220432281494,0.00021457067763359672,2018,2018
BHS,Bahamas,2018,22.574996948242188,-73.62500762939453,0.0,0.0,2018,2018
BHS,Bahamas,2018,22.625,-74.32500457763672,12.05282211303711,3.854094264549015e-05,2018,2018
BHS,Bahamas,2018,22.625,-74.0250015258789,0.0,0.0,2018,2018
BHS,Bahamas,2018,22.625,-73.97500610351562,0.0,0.0,2018,2018
BHS,Bahamas,2018,22.625,-73.92500305175781,0.2015720009803772,6.44560656073916e-07,2018,2018
BHS,Bahamas,2018,22.625,-73.87500762939453,50.626181811095165,0.0001618858016191123,2018,2018
BHS,Bahamas,2018,22.67499542236328,-74.07500457763672,0.08362999558448792,2.674210930050934e-07,2018,2018
BHS,Bahamas,2018,22.67499542236328,-73.92500305175781,18.318432092666626,5.8576293088662196e-05,2018,2018
BHS,Bahamas,2018,22.724998474121094,-74.2750015258789,0.4907059967545604,1.5691156394201533e-06,2018,2018
BHS,Bahamas,2018,22.724998474121094,-74.22500610351562,0.37958499789237976,1.2137874014613082e-06,2018,2018
BHS,Bahamas,2018,22.724998474121094,-74.17500305175781,39.80885613710152,0.0001272955683551516,2018,2018
BHS,Bahamas,2018,22.724998474121094,-74.12500762939453,12.079104080808778,3.862498369438299e-05,2018,2018
BHS,Bahamas,2018,22.724998474121094,-74.07500457763672,9.220781952142715,2.948501396861269e-05,2018,2018
BHS,Bahamas,2018,22.774993896484375,-74.2750015258789,1.015869680043302e-11,3.248415574929243e-17,2018,2018
BHS,Bahamas,2018,22.774993896484375,-74.22500610351562,89.11228708925319,0.00028495164978834404,2018,2018
BHS,Bahamas,2018,22.824996948242188,-74.32500457763672,98.65036660433358,0.0003154512765223362,2018,2018
BHS,Bahamas,2018,22.824996948242188,-74.2750015258789,18.093797743336417,5.785798666278556e-05,2018,2018
BHS,Bahamas,2018,22.92499542236328,-74.87500762939453,84.19795312732876,0.0002692372335635793,2018,2018
BHS,Bahamas,2018,22.974998474121094,-74.87500762939453,77.82287110388279,0.00024885182769583984,2018,2018
BHS,Bahamas,2018,23.024993896484375,-74.92500305175781,35.5802281498909,0.00011377381326777548,2018,2018
BHS,Bahamas,2018,23.024993896484375,-74.87500762939453,103.28585284948964,0.0003302740298852413,2018,2018
BHS,Bahamas,2018,23.074996948242188,-74.97500610351562,93.77570420510841,0.0002998637168468766,2018,2018
BHS,Bahamas,2018,23.074996948242188,-74.92500305175781,29.880349651039,9.55474851721426e-05,2018,2018
BHS,Bahamas,2018,23.074996948242188,-73.7750015258789,0.0,0.0,2018,2018
BHS,Bahamas,2018,23.125,-75.12500762939453,0.0,0.0,2018,2018
BHS,Bahamas,2018,23.17499542236328,-75.22500610351562,0.0,0.0,2018,2018
BHS,Bahamas,2018,23.17499542236328,-75.17500305175781,0.0,0.0,2018,2018
BHS,Bahamas,2018,23.224998474121094,-75.12500762939453,72.36366981267929,0.00023139510578613253,2018,2018
BHS,Bahamas,2018,23.42499542236328,-75.57500457763672,62.361967355087444,0.0001994129660714552,2018,2018
BHS,Bahamas,2018,23.42499542236328,-75.17500305175781,118.0362364947829,0.0003774408829874126,2018,2018
BHS,Bahamas,2018,23.474998474121094,-75.7750015258789,778.2014039755097,0.002488430957992658,2018,2018
BHS,Bahamas,2018,23.474998474121094,-75.72500610351562,363.042866487056,0.0011608911310486611,2018,2018
BHS,Bahamas,2018,23.474998474121094,-75.22500610351562,200.67749302089214,0.0006417003151812085,2018,2018
BHS,Bahamas,2018,23.524993896484375,-75.82500457763672,490.4618221597732,0.0015683348497457584,2018,2018
BHS,Bahamas,2018,23.524993896484375,-75.22500610351562,78.67008507997585,0.0002515609380564533,2018,2018
BHS,Bahamas,2018,23.574996948242188,-75.92500305175781,187.02528354525566,0.0005980450602168476,2018,2018
BHS,Bahamas,2018,23.574996948242188,-75.87500762939453,702.8229345083237,0.002247395519056142,2018,2018
BHS,Bahamas,2018,23.625,-75.97500610351562,153.214921310544,0.0004899306933498739,2018,2018
BHS,Bahamas,2018,23.625,-75.92500305175781,1219.037916921082,0.003898080465977632,2018,2018
BHS,Bahamas,2018,23.67499542236328,-76.0250015258789,152.48009878397383,0.0004875809737086521,2018,2018
BHS,Bahamas,2018,23.67499542236328,-75.32500457763672,70.66539037228836,0.00022596456927822842,2018,2018
BHS,Bahamas,2018,23.67499542236328,-74.92500305175781,0.22181899845600128,7.093038640241393e-07,2018,2018
BHS,Bahamas,2018,23.67499542236328,-74.87500762939453,5.773286022247446,1.8461061100268784e-05,2018,2018
BHS,Bahamas,2018,23.67499542236328,-74.82500457763672,33.31020328405478,0.0001065150238044022,2018,2018
BHS,Bahamas,2018,23.774993896484375,-77.72500610351562,0.0,0.0,2018,2018
BHS,Bahamas,2018,23.774993896484375,-77.62500762939453,0.0,0.0,2018,2018
BHS,Bahamas,2018,23.774993896484375,-77.57500457763672,0.0,0.0,2018,2018
BHS,Bahamas,2018,23.824996948242188,-77.72500610351562,0.0,0.0,2018,2018
BHS,Bahamas,2018,23.824996948242188,-77.67500305175781,0.14750200510025024,4.7166267496094727e-07,2018,2018
BHS,Bahamas,2018,23.824996948242188,-77.57500457763672,0.0,0.0,2018,2018
BHS,Bahamas,2018,23.875,-77.7750015258789,0.0,0.0,2018,2018
BHS,Bahamas,2018,23.875,-77.72500610351562,0.02984200045466423,9.542485711340921e-08,2018,2018
BHS,Bahamas,2018,23.875,-77.67500305175781,0.0,0.0,2018,2018
BHS,Bahamas,2018,23.875,-77.62500762939453,0.0,0.0,2018,2018
BHS,Bahamas,2018,23.875,-77.57500457763672,0.0,0.0,2018,2018
BHS,Bahamas,2018,23.875,-77.5250015258789,49.69785474987321,0.00015891731841349762,2018,2018
BHS,Bahamas,2018,23.92499542236328,-77.7750015258789,0.0,0.0,2018,2018
BHS,Bahamas,2018,23.92499542236328,-77.72500610351562,0.0,0.0,2018,2018
BHS,Bahamas,2018,23.92499542236328,-77.67500305175781,0.0,0.0,2018,2018
BHS,Bahamas,2018,23.92499542236328,-77.62500762939453,0.0,0.0,2018,2018
BHS,Bahamas,2018,23.92499542236328,-77.5250015258789,58.133879631757736,0.0001858929385694572,2018,2018
BHS,Bahamas,2018,23.974998474121094,-77.82500457763672,0.0,0.0,2018,2018
BHS,Bahamas,2018,23.974998474121094,-77.7750015258789,0.0,0.0,2018,2018
BHS,Bahamas,2018,23.974998474121094,-77.72500610351562,0.0,0.0,2018,2018
BHS,Bahamas,2018,23.974998474121094,-77.67500305175781,0.0,0.0,2018,2018
BHS,Bahamas,2018,23.974998474121094,-77.62500762939453,0.05752500146627426,1.839459473806794e-07,2018,2018
BHS,Bahamas,2018,23.974998474121094,-77.57500457763672,13.48088728639766,4.310742321114765e-05,2018,2018
BHS,Bahamas,2018,23.974998474121094,-76.32500457763672,46.86708877980709,0.00014986546417787312,2018,2018
BHS,Bahamas,2018,23.974998474121094,-74.5250015258789,85.21968954803089,0.0002725044090366575,2018,2018
BHS,Bahamas,2018,24.024993896484375,-77.82500457763672,0.0,0.0,2018,2018
BHS,Bahamas,2018,24.024993896484375,-77.7750015258789,4.5201887372003924e-11,1.445407002886001e-16,2018,2018
BHS,Bahamas,2018,24.024993896484375,-77.72500610351562,2.477783039212227,7.923131454744691e-06,2018,2018
BHS,Bahamas,2018,24.024993896484375,-77.67500305175781,0.0,0.0,2018,2018
BHS,Bahamas,2018,24.024993896484375,-77.62500762939453,0.2346690036356449,7.503939347128289e-07,2018,2018
BHS,Bahamas,2018,24.024993896484375,-77.57500457763672,1.7858700081706047,5.710622202144201e-06,2018,2018
BHS,Bahamas,2018,24.024993896484375,-74.5250015258789,98.6953479796648,0.00031559511209797956,2018,2018
BHS,Bahamas,2018,24.024993896484375,-74.47500610351562,4.488872028887272,1.43539295432856e-05,2018,2018
BHS,Bahamas,2018,24.074996948242188,-77.87500762939453,0.0,0.0,2018,2018
BHS,Bahamas,2018,24.074996948242188,-77.82500457763672,0.0,0.0,2018,2018
BHS,Bahamas,2018,24.074996948242188,-77.7750015258789,0.0,0.0,2018,2018
BHS,Bahamas,2018,24.074996948242188,-77.72500610351562,0.8135180063569585,2.6013617831597125e-06,2018,2018
BHS,Bahamas,2018,24.074996948242188,-77.67500305175781,0.19452999532222748,6.220426487861128e-07,2018,2018
BHS,Bahamas,2018,24.074996948242188,-77.62500762939453,0.4685540050268173,1.4982808892964591e-06,2018,2018
BHS,Bahamas,2018,24.074996948242188,-77.57500457763672,26.964220143924344,8.622266655070466e-05,2018,2018
BHS,Bahamas,2018,24.074996948242188,-76.37500762939453,173.3327236175537,0.0005542607778393058,2018,2018
BHS,Bahamas,2018,24.074996948242188,-74.5250015258789,459.1606695652008,0.0014682441062193723,2018,2018
BHS,Bahamas,2018,24.074996948242188,-74.47500610351562,9.274633139371872,2.9657212271958218e-05,2018,2018
BHS,Bahamas,2018,24.125,-77.87500762939453,0.0,0.0,2018,2018
BHS,Bahamas,2018,24.125,-77.82500457763672,0.0,0.0,2018,2018
BHS,Bahamas,2018,24.125,-77.7750015258789,0.0,0.0,2018,2018
BHS,Bahamas,2018,24.125,-77.62500762939453,3.665922023355961,1.1722407343270667e-05,2018,2018
BHS,Bahamas,2018,24.125,-77.57500457763672,260.55266910791397,0.0008331613444585289,2018,2018
BHS,Bahamas,2018,24.125,-74.47500610351562,141.54188437760058,0.000452604178222381,2018,2018
BHS,Bahamas,2018,24.17499542236328,-77.92500305175781,0.0,0.0,2018,2018
BHS,Bahamas,2018,24.17499542236328,-77.82500457763672,0.0,0.0,2018,2018
BHS,Bahamas,2018,24.17499542236328,-77.7750015258789,0.0,0.0,2018,2018
BHS,Bahamas,2018,24.17499542236328,-77.62500762939453,16.09537310806286,5.146768499508719e-05,2018,2018
BHS,Bahamas,2018,24.17499542236328,-75.47500610351562,29.845288082957268,9.543536986239806e-05,2018,2018
BHS,Bahamas,2018,24.17499542236328,-75.42500305175781,12.438495755195618,3.977419951951555e-05,2018,2018
BHS,Bahamas,2018,24.17499542236328,-75.37500762939453,58.629749059677124,0.00018747856515565075,2018,2018
BHS,Bahamas,2018,24.17499542236328,-75.32500457763672,87.78899599611759,0.0002807202021119811,2018,2018
BHS,Bahamas,2018,24.224998474121094,-77.87500762939453,0.0,0.0,2018,2018
BHS,Bahamas,2018,24.224998474121094,-77.7750015258789,0.0,0.0,2018,2018
BHS,Bahamas,2018,24.224998474121094,-77.72500610351562,0.0,0.0,2018,2018
BHS,Bahamas,2018,24.224998474121094,-77.67500305175781,20.134251855320045,6.438268470969794e-05,2018,2018
BHS,Bahamas,2018,24.224998474121094,-76.47500610351562,107.62189102173473,0.0003441392472540757,2018,2018
BHS,Bahamas,2018,24.224998474121094,-75.37500762939453,309.21402728557587,0.0009887642893114449,2018,2018
BHS,Bahamas,2018,24.224998474121094,-75.32500457763672,3.873546004295349,1.2386320231569067e-05,2018,2018
BHS,Bahamas,2018,24.274993896484375,-78.0250015258789,0.0,0.0,2018,2018
BHS,Bahamas,2018,24.274993896484375,-77.67500305175781,340.78502018004656,0.0010897178929567546,2018,2018
BHS,Bahamas,2018,24.274993896484375,-76.5250015258789,34.4075528979544,0.00011002398528534942,2018,2018
BHS,Bahamas,2018,24.274993896484375,-75.37500762939453,5.167041778564453,1.6522492323113147e-05,2018,2018
BHS,Bahamas,2018,24.324996948242188,-78.0250015258789,0.0,0.0,2018,2018
BHS,Bahamas,2018,24.324996948242188,-77.87500762939453,0.0,0.0,2018,2018
BHS,Bahamas,2018,24.324996948242188,-77.7750015258789,0.0,0.0,2018,2018
BHS,Bahamas,2018,24.324996948242188,-75.47500610351562,111.76686761528254,0.0003573935128244626,2018,2018
BHS,Bahamas,2018,24.324996948242188,-75.42500305175781,58.32269132138091,0.00018649669596605011,2018,2018
BHS,Bahamas,2018,24.375,-78.07500457763672,0.0,0.0,2018,2018
BHS,Bahamas,2018,24.375,-78.0250015258789,0.0,0.0,2018,2018
BHS,Bahamas,2018,24.375,-77.97500610351562,0.0,0.0,2018,2018
BHS,Bahamas,2018,24.375,-77.92500305175781,0.0,0.0,2018,2018
BHS,Bahamas,2018,24.375,-77.87500762939453,0.0,0.0,2018,2018
BHS,Bahamas,2018,24.42499542236328,-78.12500762939453,0.0,0.0,2018,2018
BHS,Bahamas,2018,24.42499542236328,-78.07500457763672,0.0,0.0,2018,2018
BHS,Bahamas,2018,24.42499542236328,-78.0250015258789,0.0,0.0,2018,2018
BHS,Bahamas,2018,24.42499542236328,-77.97500610351562,0.0,0.0,2018,2018
BHS,Bahamas,2018,24.42499542236328,-77.92500305175781,0.10373199731111526,3.3170065245926213e-07,2018,2018
BHS,Bahamas,2018,24.42499542236328,-77.87500762939453,0.0,0.0,2018,2018
BHS,Bahamas,2018,24.42499542236328,-75.5250015258789,69.00982248783794,0.00022067061021354586,2018,2018
BHS,Bahamas,2018,24.474998474121094,-78.22500610351562,0.0,0.0,2018,2018
BHS,Bahamas,2018,24.474998474121094,-78.17500305175781,0.7771570086479187,2.485091326822265e-06,2018,2018
BHS,Bahamas,2018,24.474998474121094,-78.12500762939453,2.6503970623016357,8.475094065766738e-06,2018,2018
BHS,Bahamas,2018,24.474998474121094,-78.07500457763672,0.0,0.0,2018,2018
BHS,Bahamas,2018,24.474998474121094,-78.0250015258789,0.0,0.0,2018,2018
BHS,Bahamas,2018,24.474998474121094,-77.97500610351562,0.203749001040236,6.515219829448643e-07,2018,2018
BHS,Bahamas,2018,24.474998474121094,-77.92500305175781,0.07741899788379669,2.4756037458507415e-07,2018,2018
BHS,Bahamas,2018,24.474998474121094,-77.87500762939453,0.0,0.0,2018,2018
BHS,Bahamas,2018,24.474998474121094,-77.82500457763672,0.0,0.0,2018,2018
BHS,Bahamas,2018,24.474998474121094,-77.7750015258789,1.9835600852966309,6.342769748390264e-06,2018,2018
BHS,Bahamas,2018,24.524993896484375,-78.32500457763672,0.0,0.0,2018,2018
BHS,Bahamas,2018,24.524993896484375,-78.2750015258789,0.0,0.0,2018,2018
BHS,Bahamas,2018,24.524993896484375,-78.22500610351562,0.0,0.0,2018,2018
BHS,Bahamas,2018,24.524993896484375,-78.17500305175781,0.0,0.0,2018,2018
BHS,Bahamas,2018,24.524993896484375,-78.12500762939453,0.0,0.0,2018,2018
BHS,Bahamas,2018,24.524993896484375,-78.07500457763672,0.0,0.0,2018,2018
BHS,Bahamas,2018,24.524993896484375,-78.0250015258789,0.0,0.0,2018,2018
BHS,Bahamas,2018,24.524993896484375,-77.97500610351562,0.0,0.0,2018,2018
BHS,Bahamas,2018,24.524993896484375,-77.92500305175781,0.345771007240413,1.1056614321148478e-06,2018,2018
BHS,Bahamas,2018,24.524993896484375,-77.87500762939453,0.0,0.0,2018,2018
BHS,Bahamas,2018,24.524993896484375,-77.82500457763672,0.0,0.0,2018,2018
BHS,Bahamas,2018,24.524993896484375,-77.7750015258789,2.5256599039369934,8.076225848746177e-06,2018,2018
BHS,Bahamas,2018,24.524993896484375,-77.72500610351562,104.46699084351049,0.00033405091892060895,2018,2018
BHS,Bahamas,2018,24.524993896484375,-76.7750015258789,0.4770839810371399,1.5255569341179992e-06,2018,2018
BHS,Bahamas,2018,24.524993896484375,-75.57500457763672,54.183454602967174,0.00017326078461978272,2018,2018
BHS,Bahamas,2018,24.574996948242188,-78.37500762939453,0.23039999790489674,7.367430649431618e-07,2018,2018
BHS,Bahamas,2018,24.574996948242188,-78.32500457763672,0.03227600082755089,1.0320798606783532e-07,2018,2018
BHS,Bahamas,2018,24.574996948242188,-78.2750015258789,0.0,0.0,2018,2018
BHS,Bahamas,2018,24.574996948242188,-78.22500610351562,0.0,0.0,2018,2018
BHS,Bahamas,2018,24.574996948242188,-78.17500305175781,0.0,0.0,2018,2018
BHS,Bahamas,2018,24.574996948242188,-78.12500762939453,0.0,0.0,2018,2018
BHS,Bahamas,2018,24.574996948242188,-78.07500457763672,0.08372700215908972,2.677312879779305e-07,2018,2018
BHS,Bahamas,2018,24.574996948242188,-78.0250015258789,0.07971200346946716,2.5489264879722916e-07,2018,2018
BHS,Bahamas,2018,24.574996948242188,-77.97500610351562,0.07351700216531754,2.350830815678491e-07,2018,2018
BHS,Bahamas,2018,24.574996948242188,-77.92500305175781,0.0,0.0,2018,2018
BHS,Bahamas,2018,24.574996948242188,-77.87500762939453,0.0,0.0,2018,2018
BHS,Bahamas,2018,24.574996948242188,-77.82500457763672,0.0,0.0,2018,2018
BHS,Bahamas,2018,24.574996948242188,-77.7750015258789,55.687166661024094,0.00017806915892759037,2018,2018
BHS,Bahamas,2018,24.574996948242188,-75.62500762939453,97.72677277029433,0.0003124979286133073,2018,2018
BHS,Bahamas,2018,24.625,-78.42500305175781,0.0,0.0,2018,2018
BHS,Bahamas,2018,24.625,-78.37500762939453,0.0,0.0,2018,2018
BHS,Bahamas,2018,24.625,-78.32500457763672,0.0,0.0,2018,2018
BHS,Bahamas,2018,24.625,-78.17500305175781,0.0,0.0,2018,2018
BHS,Bahamas,2018,24.625,-78.12500762939453,0.0,0.0,2018,2018
BHS,Bahamas,2018,24.625,-78.07500457763672,0.0692560002207756,2.2145780526187273e-07,2018,2018
BHS,Bahamas,2018,24.625,-78.0250015258789,0.14274299889802933,4.5644494558859284e-07,2018,2018
BHS,Bahamas,2018,24.625,-77.97500610351562,0.0,0.0,2018,2018
BHS,Bahamas,2018,24.625,-77.92500305175781,0.1374170035123825,4.3941417215119785e-07,2018,2018
BHS,Bahamas,2018,24.625,-77.87500762939453,0.0,0.0,2018,2018
BHS,Bahamas,2018,24.625,-77.82500457763672,0.0,0.0,2018,2018
BHS,Bahamas,2018,24.625,-77.7750015258789,135.95437121391296,0.0004347371573410497,2018,2018
BHS,Bahamas,2018,24.625,-75.67500305175781,135.7068356722659,0.00043394562046911487,2018,2018
BHS,Bahamas,2018,24.625,-75.62500762939453,7.787140890955925,2.4900703556061794e-05,2018,2018
BHS,Bahamas,2018,24.67499542236328,-78.32500457763672,0.0,0.0,2018,2018
BHS,Bahamas,2018,24.67499542236328,-78.22500610351562,0.0,0.0,2018,2018
BHS,Bahamas,2018,24.67499542236328,-78.17500305175781,0.0,0.0,2018,2018
BHS,Bahamas,2018,24.67499542236328,-78.12500762939453,0.0,0.0,2018,2018
BHS,Bahamas,2018,24.67499542236328,-78.07500457763672,0.15459799766540527,4.943533145390958e-07,2018,2018
BHS,Bahamas,2018,24.67499542236328,-78.0250015258789,1.8966490291059017,6.06485690768861e-06,2018,2018
BHS,Bahamas,2018,24.67499542236328,-77.97500610351562,0.12113199755549431,3.8734010396371515e-07,2018,2018
BHS,Bahamas,2018,24.67499542236328,-77.92500305175781,0.8802170008466733,2.8146431289749293e-06,2018,2018
BHS,Bahamas,2018,24.67499542236328,-77.87500762939453,6.47432392090559,2.0702748664484413e-05,2018,2018
BHS,Bahamas,2018,24.67499542236328,-77.82500457763672,3.776856981253765,1.207714068369676e-05,2018,2018
BHS,Bahamas,2018,24.67499542236328,-77.7750015258789,88.28538202356442,0.0002823074806127695,2018,2018
BHS,Bahamas,2018,24.67499542236328,-76.17500305175781,48.21106506884098,0.00015416305627595327,2018,2018
BHS,Bahamas,2018,24.67499542236328,-75.72500610351562,38.32803950834687,0.00012256040606518565,2018,2018
BHS,Bahamas,2018,24.724998474121094,-78.2750015258789,0.0,0.0,2018,2018
BHS,Bahamas,2018,24.724998474121094,-78.22500610351562,0.0,0.0,2018,2018
BHS,Bahamas,2018,24.724998474121094,-78.17500305175781,0.0,0.0,2018,2018
BHS,Bahamas,2018,24.724998474121094,-78.12500762939453,0.0,0.0,2018,2018
BHS,Bahamas,2018,24.724998474121094,-78.07500457763672,1.909725047647953,6.106669694431346e-06,2018,2018
BHS,Bahamas,2018,24.724998474121094,-78.0250015258789,0.07621800154447556,2.437199851229952e-07,2018,2018
BHS,Bahamas,2018,24.724998474121094,-77.97500610351562,0.018837999552488327,6.023769815061788e-08,2018,2018
BHS,Bahamas,2018,24.724998474121094,-77.92500305175781,0.4170070011186468,1.3334506028672963e-06,2018,2018
BHS,Bahamas,2018,24.724998474121094,-77.87500762939453,5.4864709079265594,1.754392113360951e-05,2018,2018
BHS,Bahamas,2018,24.724998474121094,-77.82500457763672,87.75449566545142,0.00028060988145404845,2018,2018
BHS,Bahamas,2018,24.724998474121094,-77.7750015258789,1023.3084709495351,0.003272202370335342,2018,2018
BHS,Bahamas,2018,24.774993896484375,-78.2750015258789,0.0,0.0,2018,2018
BHS,Bahamas,2018,24.774993896484375,-78.22500610351562,0.0,0.0,2018,2018
BHS,Bahamas,2018,24.774993896484375,-78.17500305175781,0.018254000693559647,5.837026276362614e-08,2018,2018
BHS,Bahamas,2018,24.774993896484375,-78.12500762939453,0.17266900092534687,5.521384119756974e-07,2018,2018
BHS,Bahamas,2018,24.774993896484375,-78.07500457763672,2.716617098078841,8.686843859876034e-06,2018,2018
BHS,Bahamas,2018,24.774993896484375,-78.0250015258789,0.0,0.0,2018,2018
BHS,Bahamas,2018,24.774993896484375,-77.97500610351562,0.05286400020122528,1.6904160541478408e-07,2018,2018
BHS,Bahamas,2018,24.774993896484375,-77.92500305175781,0.08908700199555587,2.8487079641335564e-07,2018,2018
BHS,Bahamas,2018,24.774993896484375,-77.87500762939453,106.41432285308838,0.0003402778432532669,2018,2018
BHS,Bahamas,2018,24.774993896484375,-76.2750015258789,240.70350539684296,0.0007696902774358228,2018,2018
BHS,Bahamas,2018,24.774993896484375,-76.22500610351562,260.71519957483105,0.0008336810631887025,2018,2018
BHS,Bahamas,2018,24.824996948242188,-78.22500610351562,0.0,0.0,2018,2018
BHS,Bahamas,2018,24.824996948242188,-78.17500305175781,0.0,0.0,2018,2018
BHS,Bahamas,2018,24.824996948242188,-78.12500762939453,0.031651999801397324,1.012126369675032e-07,2018,2018
BHS,Bahamas,2018,24.824996948242188,-78.07500457763672,0.0,0.0,2018,2018
BHS,Bahamas,2018,24.824996948242188,-78.0250015258789,0.3702179975807667,1.183834829492319e-06,2018,2018
BHS,Bahamas,2018,24.824996948242188,-77.97500610351562,0.3889629989862442,1.2437751502970783e-06,2018,2018
BHS,Bahamas,2018,24.824996948242188,-77.92500305175781,32.67030764743686,0.00010446884899167394,2018,2018
BHS,Bahamas,2018,24.824996948242188,-77.87500762939453,152.68577362969518,0.000488238653906553,2018,2018
BHS,Bahamas,2018,24.824996948242188,-76.17500305175781,41.73165574020438,0.00013344404615785643,2018,2018
BHS,Bahamas,2018,24.875,-78.17500305175781,0.0,0.0,2018,2018
BHS,Bahamas,2018,24.875,-78.12500762939453,0.022082999348640442,7.06141352916628e-08,2018,2018
BHS,Bahamas,2018,24.875,-78.07500457763672,0.18749900163539587,5.99559854144029e-07,2018,2018
BHS,Bahamas,2018,24.875,-78.0250015258789,0.19089999794960022,6.104351166057134e-07,2018,2018
BHS,Bahamas,2018,24.875,-77.97500610351562,0.05406300164759159,1.7287561586834244e-07,2018,2018
BHS,Bahamas,2018,24.875,-77.92500305175781,149.03200010955413,0.00047655509346247683,2018,2018
BHS,Bahamas,2018,24.875,-76.17500305175781,568.8118490427732,0.001818872347441342,2018,2018
BHS,Bahamas,2018,24.92499542236328,-78.17500305175781,0.0,0.0,2018,2018
BHS,Bahamas,2018,24.92499542236328,-78.12500762939453,0.12276000156998634,3.9254592287987557e-07,2018,2018
BHS,Bahamas,2018,24.92499542236328,-78.07500457763672,0.496570972725749,1.5878698946811065e-06,2018,2018
BHS,Bahamas,2018,24.92499542236328,-78.0250015258789,12.787751995027065,4.089100557387218e-05,2018,2018
BHS,Bahamas,2018,24.92499542236328,-77.97500610351562,77.09112384170294,0.000246511941734015,2018,2018
BHS,Bahamas,2018,24.92499542236328,-77.92500305175781,107.88831788301533,0.0003449911923241624,2018,2018
BHS,Bahamas,2018,24.92499542236328,-76.17500305175781,101.55255737157158,0.00032473152365926214,2018,2018
BHS,Bahamas,2018,24.974998474121094,-78.17500305175781,0.0,0.0,2018,2018
BHS,Bahamas,2018,24.974998474121094,-78.12500762939453,0.25698599964380264,8.217563140048688e-07,2018,2018
BHS,Bahamas,2018,24.974998474121094,-78.07500457763672,4.298508960768215,1.3745211350866568e-05,2018,2018
BHS,Bahamas,2018,24.974998474121094,-78.0250015258789,93.31342992939634,0.0002983855164569917,2018,2018
BHS,Bahamas,2018,24.974998474121094,-77.97500610351562,0.9870340153574944,3.1562086470929653e-06,2018,2018
BHS,Bahamas,2018,24.974998474121094,-76.17500305175781,427.53633934259415,0.0013671199474223088,2018,2018
BHS,Bahamas,2018,25.024993896484375,-78.12500762939453,0.0,0.0,2018,2018
BHS,Bahamas,2018,25.024993896484375,-78.07500457763672,5.671966925290241,1.813707610587509e-05,2018,2018
BHS,Bahamas,2018,25.024993896484375,-78.0250015258789,166.26765836775454,0.0005316690335967168,2018,2018
BHS,Bahamas,2018,25.024993896484375,-77.5250015258789,4676.786431312561,0.01495481771189972,2018,2018
BHS,Bahamas,2018,25.024993896484375,-77.47500610351562,2399.2069543004036,0.007671871098166623,2018,2018
BHS,Bahamas,2018,25.024993896484375,-77.42500305175781,6695.058731883868,0.02140858565519009,2018,2018
BHS,Bahamas,2018,25.024993896484375,-77.37500762939453,63686.82077026367,0.20364940953748445,2018,2018
BHS,Bahamas,2018,25.024993896484375,-77.32500457763672,75259.95763933659,0.24065647726952052,2018,2018
BHS,Bahamas,2018,25.024993896484375,-76.12500762939453,46.449546240382915,0.00014853030110045635,2018,2018
BHS,Bahamas,2018,25.074996948242188,-78.12500762939453,0.0,0.0,2018,2018
BHS,Bahamas,2018,25.074996948242188,-78.07500457763672,7.862068087084084,2.5140295971969033e-05,2018,2018
BHS,Bahamas,2018,25.074996948242188,-78.0250015258789,435.9946639984846,0.001394166874887288,2018,2018
BHS,Bahamas,2018,25.074996948242188,-77.97500610351562,256.9173123240522,0.0008215366746518487,2018,2018
BHS,Bahamas,2018,25.074996948242188,-77.42500305175781,5306.956859380007,0.016969894521069635,2018,2018
BHS,Bahamas,2018,25.074996948242188,-77.37500762939453,26591.85004043579,0.08503194999761424,2018,2018
BHS,Bahamas,2018,25.074996948242188,-77.32500457763672,52500.03080368042,0.1678777515435553,2018,2018
BHS,Bahamas,2018,25.074996948242188,-76.12500762939453,237.74902956187725,0.0007602428399282425,2018,2018
BHS,Bahamas,2018,25.125,-78.17500305175781,77.73728296161134,0.0002485781450967372,2018,2018
BHS,Bahamas,2018,25.125,-78.12500762939453,0.9336169809103012,2.985398620892166e-06,2018,2018
BHS,Bahamas,2018,25.125,-78.07500457763672,361.25206714868546,0.001155164746477278,2018,2018
BHS,Bahamas,2018,25.125,-78.0250015258789,1271.8463406563894,0.004066944356217888,2018,2018
BHS,Bahamas,2018,25.125,-76.12500762939453,71.36307991296849,0.00022819554989998885,2018,2018
BHS,Bahamas,2018,25.17499542236328,-78.17500305175781,0.0,0.0,2018,2018
BHS,Bahamas,2018,25.17499542236328,-78.12500762939453,0.0,0.0,2018,2018
BHS,Bahamas,2018,25.17499542236328,-76.22500610351562,594.8343588709924,0.001902083735560666,2018,2018
BHS,Bahamas,2018,25.17499542236328,-76.17500305175781,1002.2056013941765,0.003204722366269855,2018,2018
BHS,Bahamas,2018,25.224998474121094,-76.2750015258789,365.5791143849492,0.001169001213803613,2018,2018
BHS,Bahamas,2018,25.324996948242188,-76.37500762939453,273.8763994798064,0.0008757662317845964,2018,2018
BHS,Bahamas,2018,25.375,-76.5250015258789,305.8166564181447,0.0009779006198306274,2018,2018
BHS,Bahamas,2018,25.42499542236328,-76.7750015258789,128.04582741856842,0.0004094482474104844,2018,2018
BHS,Bahamas,2018,25.42499542236328,-76.57500457763672,173.1813058257103,0.0005537765937721874,2018,2018
BHS,Bahamas,2018,25.474998474121094,-76.72500610351562,957.9230968590196,0.003063121548512653,2018,2018
BHS,Bahamas,2018,25.474998474121094,-76.67500305175781,286.4137333482504,0.000915856482932367,2018,2018
BHS,Bahamas,2018,25.524993896484375,-76.82500457763672,63.28009116649628,0.00020234882265550712,2018,2018
BHS,Bahamas,2018,25.524993896484375,-76.72500610351562,174.59964397552187,0.0005583119705305211,2018,2018
BHS,Bahamas,2018,25.774993896484375,-77.87500762939453,332.44561706855893,0.001063051237296931,2018,2018
BHS,Bahamas,2018,25.92499542236328,-77.2750015258789,0.0,0.0,2018,2018
BHS,Bahamas,2018,25.92499542236328,-77.22500610351562,0.0,0.0,2018,2018
BHS,Bahamas,2018,25.974998474121094,-77.2750015258789,0.0,0.0,2018,2018
BHS,Bahamas,2018,25.974998474121094,-77.22500610351562,0.0,0.0,2018,2018
BHS,Bahamas,2018,26.024993896484375,-77.37500762939453,177.8882208764553,0.0005688277528539874,2018,2018
BHS,Bahamas,2018,26.024993896484375,-77.32500457763672,0.8745329976116694,2.796467564727606e-06,2018,2018
BHS,Bahamas,2018,26.024993896484375,-77.2750015258789,0.24417400360107422,7.807877839771228e-07,2018,2018
BHS,Bahamas,2018,26.024993896484375,-77.22500610351562,0.0,0.0,2018,2018
BHS,Bahamas,2018,26.074996948242188,-77.2750015258789,0.0,0.0,2018,2018
BHS,Bahamas,2018,26.074996948242188,-77.22500610351562,0.70839998498559,2.2652290837233603e-06,2018,2018
BHS,Bahamas,2018,26.125,-77.22500610351562,15.682133287191391,5.014628058990539e-05,2018,2018
BHS,Bahamas,2018,26.17499542236328,-77.22500610351562,0.17086000740528107,5.463538484229419e-07,2018,2018
BHS,Bahamas,2018,26.224998474121094,-77.22500610351562,0.0,0.0,2018,2018
BHS,Bahamas,2018,26.224998474121094,-77.17500305175781,54.384218379856215,0.0001739027608422645,2018,2018
BHS,Bahamas,2018,26.274993896484375,-77.22500610351562,0.0,0.0,2018,2018
BHS,Bahamas,2018,26.274993896484375,-77.17500305175781,1.969135046005249,6.2966432390322e-06,2018,2018
BHS,Bahamas,2018,26.324996948242188,-77.57500457763672,173.77127034962177,0.0005556631053846298,2018,2018
BHS,Bahamas,2018,26.324996948242188,-77.22500610351562,0.0,0.0,2018,2018
BHS,Bahamas,2018,26.324996948242188,-77.17500305175781,0.0,0.0,2018,2018
BHS,Bahamas,2018,26.324996948242188,-77.12500762939453,6.269976128824055,2.0049311945640947e-05,2018,2018
BHS,Bahamas,2018,26.324996948242188,-77.07500457763672,15.144113190472126,4.84258700922387e-05,2018,2018
BHS,Bahamas,2018,26.324996948242188,-77.0250015258789,93.77389314025778,0.0002998579256598931,2018,2018
BHS,Bahamas,2018,26.375,-77.22500610351562,0.0,0.0,2018,2018
BHS,Bahamas,2018,26.375,-77.17500305175781,0.4350210130214691,1.3910534607748129e-06,2018,2018
BHS,Bahamas,2018,26.375,-77.12500762939453,3.4051400050883283,1.0888512615980498e-05,2018,2018
BHS,Bahamas,2018,26.375,-77.07500457763672,54.01431664453622,0.00017271993731498333,2018,2018
BHS,Bahamas,2018,26.375,-77.0250015258789,50.08949262277697,0.00016016964692675586,2018,2018
BHS,Bahamas,2018,26.42499542236328,-77.22500610351562,0.0,0.0,2018,2018
BHS,Bahamas,2018,26.42499542236328,-77.17500305175781,0.0,0.0,2018,2018
BHS,Bahamas,2018,26.42499542236328,-77.12500762939453,17.443928875035787,5.577992075047344e-05,2018,2018
BHS,Bahamas,2018,26.42499542236328,-77.07500457763672,7.4171388521790504,2.3717559291467597e-05,2018,2018
BHS,Bahamas,2018,26.474998474121094,-77.17500305175781,0.09414000064134598,3.010286164797851e-07,2018,2018
BHS,Bahamas,2018,26.474998474121094,-77.12500762939453,3.3848259821754665,1.0823555082828414e-05,2018,2018
BHS,Bahamas,2018,26.474998474121094,-77.07500457763672,253.81686506048223,0.0008116224687472112,2018,2018
BHS,Bahamas,2018,26.524993896484375,-78.7750015258789,3520.2866640090965,0.011256713584655284,2018,2018
BHS,Bahamas,2018,26.524993896484375,-78.72500610351562,9792.287703037262,0.03131250052406175,2018,2018
BHS,Bahamas,2018,26.524993896484375,-78.67500305175781,18444.884311676025,0.058980645502937405,2018,2018
BHS,Bahamas,2018,26.524993896484375,-78.62500762939453,4310.372587427497,0.013783147308964573,2018,2018
BHS,Bahamas,2018,26.524993896484375,-77.12500762939453,211.02673457562923,0.0006747937700953073,2018,2018
BHS,Bahamas,2018,26.524993896484375,-77.07500457763672,6524.844842210412,0.020864297877784453,2018,2018
BHS,Bahamas,2018,26.574996948242188,-78.82500457763672,1710.876970678568,0.0054708192473104655,2018,2018
BHS,Bahamas,2018,26.574996948242188,-78.7750015258789,0.0,0.0,2018,2018
BHS,Bahamas,2018,26.574996948242188,-78.67500305175781,737.1769302934408,0.0023572482463908835,2018,2018
BHS,Bahamas,2018,26.574996948242188,-78.62500762939453,1462.4732364714357,0.004676506182435218,2018,2018
BHS,Bahamas,2018,26.574996948242188,-78.57500457763672,2173.40364590294,0.006949826727438276,2018,2018
BHS,Bahamas,2018,26.574996948242188,-78.5250015258789,84.7613565325737,0.0002710388114948035,2018,2018
BHS,Bahamas,2018,26.574996948242188,-77.87500762939453,0.0,0.0,2018,2018
BHS,Bahamas,2018,26.574996948242188,-77.17500305175781,12.684882938861847,4.056206432206603e-05,2018,2018
BHS,Bahamas,2018,26.625,-78.87500762939453,165.22017669677734,0.0005283195333199587,2018,2018
BHS,Bahamas,2018,26.625,-78.57500457763672,0.0,0.0,2018,2018
BHS,Bahamas,2018,26.625,-78.5250015258789,1.9272150099420489,6.1625968148456935e-06,2018,2018
BHS,Bahamas,2018,26.625,-78.47500610351562,4.7810710445046425,1.5288285447351957e-05,2018,2018
BHS,Bahamas,2018,26.625,-78.42500305175781,3.6443800330187575,1.1653523176038347e-05,2018,2018
BHS,Bahamas,2018,26.625,-78.37500762939453,136.43706972897587,0.00043628066769983774,2018,2018
BHS,Bahamas,2018,26.625,-78.32500457763672,73.12838292123179,0.00023384040563214094,2018,2018
BHS,Bahamas,2018,26.625,-78.2750015258789,144.83929337561233,0.0004631482026740179,2018,2018
BHS,Bahamas,2018,26.625,-78.22500610351562,154.78600338101387,0.0004949544946970986,2018,2018
BHS,Bahamas,2018,26.625,-77.32500457763672,0.0,0.0,2018,2018
BHS,Bahamas,2018,26.625,-77.2750015258789,98.38053900006845,0.00031458845699985243,2018,2018
BHS,Bahamas,2018,26.67499542236328,-78.57500457763672,0.0,0.0,2018,2018
BHS,Bahamas,2018,26.67499542236328,-78.5250015258789,2.413472965364141,7.717489087798504e-06,2018,2018
BHS,Bahamas,2018,26.67499542236328,-78.47500610351562,0.07123500108718872,2.277859961347225e-07,2018,2018
BHS,Bahamas,2018,26.67499542236328,-78.42500305175781,0.13816000521183014,4.41790046084734e-07,2018,2018
BHS,Bahamas,2018,26.67499542236328,-78.37500762939453,0.0,0.0,2018,2018
BHS,Bahamas,2018,26.67499542236328,-78.32500457763672,1.2553460597995534,4.014181910031121e-06,2018,2018
BHS,Bahamas,2018,26.67499542236328,-78.2750015258789,0.0,0.0,2018,2018
BHS,Bahamas,2018,26.67499542236328,-78.22500610351562,0.45882199704647064,1.4671611434080434e-06,2018,2018
BHS,Bahamas,2018,26.67499542236328,-78.17500305175781,3.848449934279776,1.2306071291857995e-05,2018,2018
BHS,Bahamas,2018,26.67499542236328,-78.12500762939453,7.074040208034674,2.2620443193536422e-05,2018,2018
BHS,Bahamas,2018,26.67499542236328,-78.07500457763672,2.5805580746382475,8.251772059293061e-06,2018,2018
BHS,Bahamas,2018,26.67499542236328,-78.0250015258789,2.1343499794778387,6.824946006253663e-06,2018,2018
BHS,Bahamas,2018,26.67499542236328,-77.97500610351562,40.605441413820095,0.00012984278486381011,2018,2018
BHS,Bahamas,2018,26.67499542236328,-77.92500305175781,7.287377238273621,2.3302624525799244e-05,2018,2018
BHS,Bahamas,2018,26.67499542236328,-77.32500457763672,880.2403057814181,0.002814717650455868,2018,2018
BHS,Bahamas,2018,26.67499542236328,-77.2750015258789,1652.6277884170413,0.005284557609029097,2018,2018
BHS,Bahamas,2018,26.724998474121094,-78.62500762939453,0.0,0.0,2018,2018
BHS,Bahamas,2018,26.724998474121094,-78.57500457763672,0.0,0.0,2018,2018
BHS,Bahamas,2018,26.724998474121094,-78.5250015258789,0.0,0.0,2018,2018
BHS,Bahamas,2018,26.724998474121094,-78.0250015258789,0.0,0.0,2018,2018
BHS,Bahamas,2018,26.724998474121094,-77.97500610351562,0.0,0.0,2018,2018
BHS,Bahamas,2018,26.724998474121094,-77.92500305175781,0.0,0.0,2018,2018
BHS,Bahamas,2018,26.724998474121094,-77.42500305175781,42.294590950051486,0.00013524412695489868,2018,2018
BHS,Bahamas,2018,26.724998474121094,-77.37500762939453,243.81407351796904,0.000779636846498809,2018,2018
BHS,Bahamas,2018,26.774993896484375,-78.57500457763672,0.0,0.0,2018,2018
BHS,Bahamas,2018,26.774993896484375,-77.42500305175781,30.3986896276474,9.720496514836496e-05,2018,2018
BHS,Bahamas,2018,26.824996948242188,-77.47500610351562,8.737954169511795,2.7941090254854465e-05,2018,2018
BHS,Bahamas,2018,26.875,-77.67500305175781,19.965375900268555,6.384267520513538e-05,2018,2018
BHS,Bahamas,2018,26.875,-77.62500762939453,45.95898218828436,0.000146961639353145,2018,2018
BHS,Bahamas,2018,26.875,-77.57500457763672,11.194841474294662,3.57974040552254e-05,2018,2018
BHS,Bahamas,2018,26.875,-77.5250015258789,485.00343860133086,0.0015508807426752274,2018,2018
BHS,Bahamas,2018,26.92499542236328,-77.87500762939453,0.0,0.0,2018,2018
BHS,Bahamas,2018,26.92499542236328,-77.82500457763672,134.68119757623134,0.0004306659687275082,2018,2018
BHS,Bahamas,2018,26.92499542236328,-77.7750015258789,167.8118749074638,0.00053660692785343,2018,2018
BHS,Bahamas,2019,20.974998474121094,-73.67500305175781,501.8905586004257,0.0015946717963269434,2019,2019
BHS,Bahamas,2019,20.974998474121094,-73.62500762939453,0.0676020011305809,2.147938484414201e-07,2019,2019
BHS,Bahamas,2019,20.974998474121094,-73.57500457763672,0.0,0.0,2019,2019
BHS,Bahamas,2019,20.974998474121094,-73.5250015258789,0.0,0.0,2019,2019
BHS,Bahamas,2019,20.974998474121094,-73.47500610351562,0.0,0.0,2019,2019
BHS,Bahamas,2019,20.974998474121094,-73.42500305175781,0.0,0.0,2019,2019
BHS,Bahamas,2019,20.974998474121094,-73.37500762939453,0.0,0.0,2019,2019
BHS,Bahamas,2019,20.974998474121094,-73.32500457763672,0.0,0.0,2019,2019
BHS,Bahamas,2019,20.974998474121094,-73.2750015258789,0.0,0.0,2019,2019
BHS,Bahamas,2019,20.974998474121094,-73.22500610351562,0.0,0.0,2019,2019
BHS,Bahamas,2019,20.974998474121094,-73.17500305175781,0.0,0.0,2019,2019
BHS,Bahamas,2019,21.024993896484375,-73.67500305175781,0.8030550072421457,2.5515705545832376e-06,2019,2019
BHS,Bahamas,2019,21.024993896484375,-73.62500762939453,42.19463495444548,0.00013406626836296923,2019,2019
BHS,Bahamas,2019,21.024993896484375,-73.57500457763672,0.0,0.0,2019,2019
BHS,Bahamas,2019,21.024993896484375,-73.5250015258789,0.0,0.0,2019,2019
BHS,Bahamas,2019,21.024993896484375,-73.47500610351562,0.0,0.0,2019,2019
BHS,Bahamas,2019,21.024993896484375,-73.42500305175781,0.0,0.0,2019,2019
BHS,Bahamas,2019,21.024993896484375,-73.37500762939453,0.0,0.0,2019,2019
BHS,Bahamas,2019,21.024993896484375,-73.32500457763672,1.2243249416351318,3.890084044237926e-06,2019,2019
BHS,Bahamas,2019,21.024993896484375,-73.2750015258789,0.0,0.0,2019,2019
BHS,Bahamas,2019,21.024993896484375,-73.22500610351562,0.0,0.0,2019,2019
BHS,Bahamas,2019,21.024993896484375,-73.17500305175781,0.0,0.0,2019,2019
BHS,Bahamas,2019,21.024993896484375,-73.12500762939453,0.0,0.0,2019,2019
BHS,Bahamas,2019,21.074996948242188,-73.62500762939453,8.419958733023297,2.675298526282659e-05,2019,2019
BHS,Bahamas,2019,21.074996948242188,-73.57500457763672,1.1450240314006805,3.6381189040157666e-06,2019,2019
BHS,Bahamas,2019,21.074996948242188,-73.5250015258789,0.0,0.0,2019,2019
BHS,Bahamas,2019,21.074996948242188,-73.47500610351562,0.0,0.0,2019,2019
BHS,Bahamas,2019,21.074996948242188,-73.42500305175781,0.0,0.0,2019,2019
BHS,Bahamas,2019,21.074996948242188,-73.37500762939453,0.0,0.0,2019,2019
BHS,Bahamas,2019,21.074996948242188,-73.32500457763672,0.0,0.0,2019,2019
BHS,Bahamas,2019,21.074996948242188,-73.2750015258789,0.0,0.0,2019,2019
BHS,Bahamas,2019,21.074996948242188,-73.22500610351562,0.0,0.0,2019,2019
BHS,Bahamas,2019,21.074996948242188,-73.17500305175781,0.0,0.0,2019,2019
BHS,Bahamas,2019,21.074996948242188,-73.12500762939453,0.0,0.0,2019,2019
BHS,Bahamas,2019,21.125,-73.5250015258789,0.0,0.0,2019,2019
BHS,Bahamas,2019,21.125,-73.47500610351562,0.0,0.0,2019,2019
BHS,Bahamas,2019,21.125,-73.42500305175781,0.0,0.0,2019,2019
BHS,Bahamas,2019,21.125,-73.37500762939453,0.0,0.0,2019,2019
BHS,Bahamas,2019,21.125,-73.32500457763672,0.0,0.0,2019,2019
BHS,Bahamas,2019,21.125,-73.2750015258789,0.0,0.0,2019,2019
BHS,Bahamas,2019,21.125,-73.22500610351562,0.0,0.0,2019,2019
BHS,Bahamas,2019,21.125,-73.17500305175781,0.0,0.0,2019,2019
BHS,Bahamas,2019,21.125,-73.12500762939453,0.0,0.0,2019,2019
BHS,Bahamas,2019,21.125,-73.07500457763672,0.0,0.0,2019,2019
BHS,Bahamas,2019,21.17499542236328,-73.47500610351562,0.0,0.0,2019,2019
BHS,Bahamas,2019,21.17499542236328,-73.42500305175781,0.0,0.0,2019,2019
BHS,Bahamas,2019,21.17499542236328,-73.37500762939453,0.0,0.0,2019,2019
BHS,Bahamas,2019,21.17499542236328,-73.12500762939453,0.0,0.0,2019,2019
BHS,Bahamas,2019,21.17499542236328,-73.07500457763672,0.02640499919652939,8.389738914029713e-08,2019,2019
BHS,Bahamas,2019,21.224998474121094,-73.07500457763672,0.0,0.0,2019,2019
BHS,Bahamas,2019,21.224998474121094,-73.0250015258789,0.0,0.0,2019,2019
BHS,Bahamas,2019,21.274993896484375,-73.07500457763672,0.0,0.0,2019,2019
BHS,Bahamas,2019,21.274993896484375,-73.0250015258789,0.0,0.0,2019,2019
BHS,Bahamas,2019,21.324996948242188,-73.0250015258789,0.0,0.0,2019,2019
BHS,Bahamas,2019,21.474998474121094,-73.0250015258789,0.7244859933889519,2.3019308904973095e-06,2019,2019
BHS,Bahamas,2019,21.474998474121094,-72.97500610351562,0.0,0.0,2019,2019
BHS,Bahamas,2019,21.524993896484375,-73.0250015258789,0.0,0.0,2019,2019
BHS,Bahamas,2019,21.524993896484375,-72.97500610351562,0.0,0.0,2019,2019
BHS,Bahamas,2019,22.17499542236328,-74.2750015258789,2.751126006245613,8.741234468597036e-06,2019,2019
BHS,Bahamas,2019,22.224998474121094,-74.22500610351562,118.16483676433602,0.0003754486496640463,2019,2019
BHS,Bahamas,2019,22.274993896484375,-74.17500305175781,0.2006080001592636,6.373977642927059e-07,2019,2019
BHS,Bahamas,2019,22.324996948242188,-74.12500762939453,1.5513769760727882,4.929236198650732e-06,2019,2019
BHS,Bahamas,2019,22.324996948242188,-74.07500457763672,3.4462609738111496,1.0949907471947821e-05,2019,2019
BHS,Bahamas,2019,22.324996948242188,-72.82500457763672,0.0,0.0,2019,2019
BHS,Bahamas,2019,22.324996948242188,-72.7750015258789,0.0,0.0,2019,2019
BHS,Bahamas,2019,22.375,-74.07500457763672,0.0,0.0,2019,2019
BHS,Bahamas,2019,22.375,-74.0250015258789,4.802997067570686,1.5260705407279385e-05,2019,2019
BHS,Bahamas,2019,22.375,-73.97500610351562,0.0,0.0,2019,2019
BHS,Bahamas,2019,22.375,-73.12500762939453,0.10961099714040756,3.482702806653931e-07,2019,2019
BHS,Bahamas,2019,22.375,-73.07500457763672,0.0,0.0,2019,2019
BHS,Bahamas,2019,22.375,-73.0250015258789,43.73906476432464,0.0001389734311238883,2019,2019
BHS,Bahamas,2019,22.375,-72.97500610351562,109.04936132580042,0.0003464857784905391,2019,2019
BHS,Bahamas,2019,22.375,-72.92500305175781,1.2230440378189087,3.886014190453e-06,2019,2019
BHS,Bahamas,2019,22.375,-72.87500762939453,0.0,0.0,2019,2019
BHS,Bahamas,2019,22.375,-72.82500457763672,0.0,0.0,2019,2019
BHS,Bahamas,2019,22.42499542236328,-73.97500610351562,47.841550469403195,0.00015200838094834128,2019,2019
BHS,Bahamas,2019,22.42499542236328,-73.12500762939453,50.51239324362193,0.00016049452911647423,2019,2019
BHS,Bahamas,2019,22.42499542236328,-73.07500457763672,37.85043527186421,0.00012026331353006088,2019,2019
BHS,Bahamas,2019,22.42499542236328,-73.0250015258789,0.12894999980926514,4.0971666892007046e-07,2019,2019
BHS,Bahamas,2019,22.474998474121094,-73.87500762939453,0.8650739789009094,2.7486252774639055e-06,2019,2019
BHS,Bahamas,2019,22.574996948242188,-74.37500762939453,1.5591190457344055,4.953835306808908e-06,2019,2019
BHS,Bahamas,2019,22.574996948242188,-73.87500762939453,67.30042415857315,0.00021383563896040588,2019,2019
BHS,Bahamas,2019,22.574996948242188,-73.62500762939453,0.0,0.0,2019,2019
BHS,Bahamas,2019,22.625,-74.32500457763672,12.074191093444824,3.836368640579984e-05,2019,2019
BHS,Bahamas,2019,22.625,-74.0250015258789,0.0,0.0,2019,2019
BHS,Bahamas,2019,22.625,-73.97500610351562,0.0,0.0,2019,2019
BHS,Bahamas,2019,22.625,-73.92500305175781,0.20182999968528748,6.412804597247724e-07,2019,2019
BHS,Bahamas,2019,22.625,-73.87500762939453,50.75691893696873,0.0001612714678732917,2019,2019
BHS,Bahamas,2019,22.67499542236328,-74.07500457763672,0.08374399691820145,2.660822916644382e-07,2019,2019
BHS,Bahamas,2019,22.67499542236328,-73.92500305175781,18.35338817536831,5.831476601575473e-05,2019,2019
BHS,Bahamas,2019,22.724998474121094,-74.2750015258789,0.4916099905995515,1.5620070419093028e-06,2019,2019
BHS,Bahamas,2019,22.724998474121094,-74.22500610351562,0.38019899651408195,1.2080175774246933e-06,2019,2019
BHS,Bahamas,2019,22.724998474121094,-74.17500305175781,39.89552768692839,0.00012676124647440507,2019,2019
BHS,Bahamas,2019,22.724998474121094,-74.12500762939453,12.107858210814635,3.847065793896233e-05,2019,2019
BHS,Bahamas,2019,22.724998474121094,-74.07500457763672,9.238693810999393,2.9354376572423774e-05,2019,2019
BHS,Bahamas,2019,22.774993896484375,-74.2750015258789,1.0175303308268546e-11,3.2330293779617495e-17,2019,2019
BHS,Bahamas,2019,22.774993896484375,-74.22500610351562,89.34356176855641,0.00028387395557512334,2019,2019
BHS,Bahamas,2019,22.824996948242188,-74.32500457763672,98.87836562097618,0.00031416917138743847,2019,2019
BHS,Bahamas,2019,22.824996948242188,-74.2750015258789,18.13088506461788,5.7607800265496e-05,2019,2019
BHS,Bahamas,2019,22.92499542236328,-74.87500762939453,82.86779826134855,0.00026329831961690816,2019,2019
BHS,Bahamas,2019,22.974998474121094,-74.87500762939453,76.42901054024696,0.00024284016792342012,2019,2019
BHS,Bahamas,2019,23.024993896484375,-74.92500305175781,34.92429068684578,0.00011096598732668301,2019,2019
BHS,Bahamas,2019,23.024993896484375,-74.87500762939453,101.74440956116328,0.0003232755380248089,2019,2019
BHS,Bahamas,2019,23.074996948242188,-74.97500610351562,91.61896762258982,0.0002911036702578279,2019,2019
BHS,Bahamas,2019,23.074996948242188,-74.92500305175781,29.385588876962032,9.336770536434304e-05,2019,2019
BHS,Bahamas,2019,23.074996948242188,-73.7750015258789,0.0,0.0,2019,2019
BHS,Bahamas,2019,23.125,-75.12500762939453,0.0,0.0,2019,2019
BHS,Bahamas,2019,23.17499542236328,-75.22500610351562,0.0,0.0,2019,2019
BHS,Bahamas,2019,23.17499542236328,-75.17500305175781,0.0,0.0,2019,2019
BHS,Bahamas,2019,23.224998474121094,-75.12500762939453,70.93257129192352,0.00022537616805466784,2019,2019
BHS,Bahamas,2019,23.42499542236328,-75.57500457763672,62.40894177563495,0.00019829378652936268,2019,2019
BHS,Bahamas,2019,23.42499542236328,-75.17500305175781,115.76942047477095,0.0003678376222558326,2019,2019
BHS,Bahamas,2019,23.474998474121094,-75.7750015258789,778.7493245005837,0.0024743433860417038,2019,2019
BHS,Bahamas,2019,23.474998474121094,-75.72500610351562,363.32277669757605,0.0011543962623614197,2019,2019
BHS,Bahamas,2019,23.474998474121094,-75.22500610351562,196.54030340909958,0.0006244733504492057,2019,2019
BHS,Bahamas,2019,23.524993896484375,-75.82500457763672,490.84545603413005,0.0015595778634999809,2019,2019
BHS,Bahamas,2019,23.524993896484375,-75.22500610351562,77.3053896576244,0.0002456247133535412,2019,2019
BHS,Bahamas,2019,23.574996948242188,-75.92500305175781,187.1624922156334,0.0005946769520806015,2019,2019
BHS,Bahamas,2019,23.574996948242188,-75.87500762939453,703.3162172734737,0.002234667531329827,2019,2019
BHS,Bahamas,2019,23.625,-75.97500610351562,153.33527263998985,0.00048719672141863405,2019,2019
BHS,Bahamas,2019,23.625,-75.92500305175781,1219.9263330623535,0.0038761082144202624,2019,2019
BHS,Bahamas,2019,23.67499542236328,-76.0250015258789,152.58592694998185,0.0004848158030748278,2019,2019
BHS,Bahamas,2019,23.67499542236328,-75.32500457763672,69.33756446839573,0.00022030830544429784,2019,2019
BHS,Bahamas,2019,23.67499542236328,-74.92500305175781,0.21912699937820435,6.962387312019017e-07,2019,2019
BHS,Bahamas,2019,23.67499542236328,-74.87500762939453,5.687763921918021,1.8071901443497085e-05,2019,2019
BHS,Bahamas,2019,23.67499542236328,-74.82500457763672,32.528510361938956,0.00010335380325815275,2019,2019
BHS,Bahamas,2019,23.774993896484375,-77.72500610351562,0.0,0.0,2019,2019
BHS,Bahamas,2019,23.774993896484375,-77.62500762939453,0.0,0.0,2019,2019
BHS,Bahamas,2019,23.774993896484375,-77.57500457763672,0.0,0.0,2019,2019
BHS,Bahamas,2019,23.824996948242188,-77.72500610351562,0.0,0.0,2019,2019
BHS,Bahamas,2019,23.824996948242188,-77.67500305175781,0.14697299897670746,4.6698168011631787e-07,2019,2019
BHS,Bahamas,2019,23.824996948242188,-77.57500457763672,0.0,0.0,2019,2019
BHS,Bahamas,2019,23.875,-77.7750015258789,0.0,0.0,2019,2019
BHS,Bahamas,2019,23.875,-77.72500610351562,0.029729999601840973,9.446201180208222e-08,2019,2019
BHS,Bahamas,2019,23.875,-77.67500305175781,0.0,0.0,2019,2019
BHS,Bahamas,2019,23.875,-77.62500762939453,0.0,0.0,2019,2019
BHS,Bahamas,2019,23.875,-77.57500457763672,0.0,0.0,2019,2019
BHS,Bahamas,2019,23.875,-77.5250015258789,49.47556828708935,0.00015720019435050238,2019,2019
BHS,Bahamas,2019,23.92499542236328,-77.7750015258789,0.0,0.0,2019,2019
BHS,Bahamas,2019,23.92499542236328,-77.72500610351562,0.0,0.0,2019,2019
BHS,Bahamas,2019,23.92499542236328,-77.67500305175781,0.0,0.0,2019,2019
BHS,Bahamas,2019,23.92499542236328,-77.62500762939453,0.0,0.0,2019,2019
BHS,Bahamas,2019,23.92499542236328,-77.5250015258789,57.8859670907259,0.0001839228045654093,2019,2019
BHS,Bahamas,2019,23.974998474121094,-77.82500457763672,0.0,0.0,2019,2019
BHS,Bahamas,2019,23.974998474121094,-77.7750015258789,0.0,0.0,2019,2019
BHS,Bahamas,2019,23.974998474121094,-77.72500610351562,0.0,0.0,2019,2019
BHS,Bahamas,2019,23.974998474121094,-77.67500305175781,0.0,0.0,2019,2019
BHS,Bahamas,2019,23.974998474121094,-77.62500762939453,0.05729300156235695,1.8203875755938286e-07,2019,2019
BHS,Bahamas,2019,23.974998474121094,-77.57500457763672,13.417586065861261,4.263209519956926e-05,2019,2019
BHS,Bahamas,2019,23.974998474121094,-76.32500457763672,46.89742547273636,0.00014900858452142639,2019,2019
BHS,Bahamas,2019,23.974998474121094,-74.5250015258789,83.15833622963731,0.00026422145454314426,2019,2019
BHS,Bahamas,2019,24.024993896484375,-77.82500457763672,0.0,0.0,2019,2019
BHS,Bahamas,2019,24.024993896484375,-77.7750015258789,4.50427230236361e-11,1.4311558327747715e-16,2019,2019
BHS,Bahamas,2019,24.024993896484375,-77.72500610351562,2.468985930085182,7.844782414744445e-06,2019,2019
BHS,Bahamas,2019,24.024993896484375,-77.67500305175781,0.0,0.0,2019,2019
BHS,Bahamas,2019,24.024993896484375,-77.62500762939453,0.23405799642205238,7.436794321054259e-07,2019,2019
BHS,Bahamas,2019,24.024993896484375,-77.57500457763672,1.7773060351610184,5.64708731643898e-06,2019,2019
BHS,Bahamas,2019,24.024993896484375,-74.5250015258789,96.12877180427313,0.000305432805190237,2019,2019
BHS,Bahamas,2019,24.024993896484375,-74.47500610351562,4.38864503800869,1.3944172382358714e-05,2019,2019
BHS,Bahamas,2019,24.074996948242188,-77.87500762939453,0.0,0.0,2019,2019
BHS,Bahamas,2019,24.074996948242188,-77.82500457763672,0.0,0.0,2019,2019
BHS,Bahamas,2019,24.074996948242188,-77.7750015258789,0.0,0.0,2019,2019
BHS,Bahamas,2019,24.074996948242188,-77.72500610351562,0.8108920082473732,2.5764712909223956e-06,2019,2019
BHS,Bahamas,2019,24.074996948242188,-77.67500305175781,0.19374899566173553,6.156044453396874e-07,2019,2019
BHS,Bahamas,2019,24.074996948242188,-77.62500762939453,0.46723298728466034,1.4845532643893038e-06,2019,2019
BHS,Bahamas,2019,24.074996948242188,-77.57500457763672,26.860182575950926,8.534365682730935e-05,2019,2019
BHS,Bahamas,2019,24.074996948242188,-76.37500762939453,173.4711697101593,0.0005511751059514773,2019,2019
BHS,Bahamas,2019,24.074996948242188,-74.5250015258789,448.5644853115082,0.0014252372779334581,2019,2019
BHS,Bahamas,2019,24.074996948242188,-74.47500610351562,9.06474095582962,2.880167099293781e-05,2019,2019
BHS,Bahamas,2019,24.125,-77.87500762939453,0.0,0.0,2019,2019
BHS,Bahamas,2019,24.125,-77.82500457763672,0.0,0.0,2019,2019
BHS,Bahamas,2019,24.125,-77.7750015258789,0.0,0.0,2019,2019
BHS,Bahamas,2019,24.125,-77.62500762939453,3.6528710797429085,1.16063759053933e-05,2019,2019
BHS,Bahamas,2019,24.125,-77.57500457763672,259.34373764693737,0.0008240205696095642,2019,2019
BHS,Bahamas,2019,24.125,-74.47500610351562,138.061162382366,0.0004386658366979822,2019,2019
BHS,Bahamas,2019,24.17499542236328,-77.92500305175781,0.0,0.0,2019,2019
BHS,Bahamas,2019,24.17499542236328,-77.82500457763672,0.0,0.0,2019,2019
BHS,Bahamas,2019,24.17499542236328,-77.7750015258789,0.0,0.0,2019,2019
BHS,Bahamas,2019,24.17499542236328,-77.62500762939453,16.035936049196792,5.095145646227533e-05,2019,2019
BHS,Bahamas,2019,24.17499542236328,-75.47500610351562,29.652856469154358,9.421690263262764e-05,2019,2019
BHS,Bahamas,2019,24.17499542236328,-75.42500305175781,12.377811312675476,3.932838795697445e-05,2019,2019
BHS,Bahamas,2019,24.17499542236328,-75.37500762939453,58.318105816841125,0.00018529585179020327,2019,2019
BHS,Bahamas,2019,24.17499542236328,-75.32500457763672,87.2772456780076,0.0002773085880155433,2019,2019
BHS,Bahamas,2019,24.224998474121094,-77.87500762939453,0.0,0.0,2019,2019
BHS,Bahamas,2019,24.224998474121094,-77.7750015258789,0.0,0.0,2019,2019
BHS,Bahamas,2019,24.224998474121094,-77.72500610351562,0.0,0.0,2019,2019
BHS,Bahamas,2019,24.224998474121094,-77.67500305175781,20.048271499580434,6.369996920173002e-05,2019,2019
BHS,Bahamas,2019,24.224998474121094,-76.47500610351562,107.70755696297314,0.0003422224235879166,2019,2019
BHS,Bahamas,2019,24.224998474121094,-75.37500762939453,307.39333510398865,0.0009766899844383561,2019,2019
BHS,Bahamas,2019,24.224998474121094,-75.32500457763672,3.8546340465545654,1.224744337957536e-05,2019,2019
BHS,Bahamas,2019,24.274993896484375,-78.0250015258789,0.0,0.0,2019,2019
BHS,Bahamas,2019,24.274993896484375,-77.67500305175781,339.1642181202769,0.0010776365558019614,2019,2019
BHS,Bahamas,2019,24.274993896484375,-76.5250015258789,34.43150357904477,0.00010940024019528614,2019,2019
BHS,Bahamas,2019,24.274993896484375,-75.37500762939453,5.142221957445145,1.6338534737250073e-05,2019,2019
BHS,Bahamas,2019,24.324996948242188,-78.0250015258789,0.0,0.0,2019,2019
BHS,Bahamas,2019,24.324996948242188,-77.87500762939453,0.0,0.0,2019,2019
BHS,Bahamas,2019,24.324996948242188,-77.7750015258789,0.0,0.0,2019,2019
BHS,Bahamas,2019,24.324996948242188,-75.47500610351562,111.03603284806013,0.0003527980889949408,2019,2019
BHS,Bahamas,2019,24.324996948242188,-75.42500305175781,57.94149664790226,0.00018409924027868233,2019,2019
BHS,Bahamas,2019,24.375,-78.07500457763672,0.0,0.0,2019,2019
BHS,Bahamas,2019,24.375,-78.0250015258789,0.0,0.0,2019,2019
BHS,Bahamas,2019,24.375,-77.97500610351562,0.0,0.0,2019,2019
BHS,Bahamas,2019,24.375,-77.92500305175781,0.0,0.0,2019,2019
BHS,Bahamas,2019,24.375,-77.87500762939453,0.0,0.0,2019,2019
BHS,Bahamas,2019,24.42499542236328,-78.12500762939453,0.0,0.0,2019,2019
BHS,Bahamas,2019,24.42499542236328,-78.07500457763672,0.0,0.0,2019,2019
BHS,Bahamas,2019,24.42499542236328,-78.0250015258789,0.0,0.0,2019,2019
BHS,Bahamas,2019,24.42499542236328,-77.97500610351562,0.0,0.0,2019,2019
BHS,Bahamas,2019,24.42499542236328,-77.92500305175781,0.10330499708652496,3.28234039175605e-07,2019,2019
BHS,Bahamas,2019,24.42499542236328,-77.87500762939453,0.0,0.0,2019,2019
BHS,Bahamas,2019,24.42499542236328,-75.5250015258789,68.64682672173464,0.0002181136038616849,2019,2019
BHS,Bahamas,2019,24.474998474121094,-78.22500610351562,0.0,0.0,2019,2019
BHS,Bahamas,2019,24.474998474121094,-78.17500305175781,0.7743690013885498,2.46042565516221e-06,2019,2019
BHS,Bahamas,2019,24.474998474121094,-78.12500762939453,2.6408090591430664,8.390721152124432e-06,2019,2019
BHS,Bahamas,2019,24.474998474121094,-78.07500457763672,0.0,0.0,2019,2019
BHS,Bahamas,2019,24.474998474121094,-78.0250015258789,0.0,0.0,2019,2019
BHS,Bahamas,2019,24.474998474121094,-77.97500610351562,0.2029410004756035,6.448104755731566e-07,2019,2019
BHS,Bahamas,2019,24.474998474121094,-77.92500305175781,0.07710400223731995,2.449848391144439e-07,2019,2019
BHS,Bahamas,2019,24.474998474121094,-77.87500762939453,0.0,0.0,2019,2019
BHS,Bahamas,2019,24.474998474121094,-77.82500457763672,0.0,0.0,2019,2019
BHS,Bahamas,2019,24.474998474121094,-77.7750015258789,1.9761600494384766,6.2789120892319645e-06,2019,2019
BHS,Bahamas,2019,24.524993896484375,-78.32500457763672,0.0,0.0,2019,2019
BHS,Bahamas,2019,24.524993896484375,-78.2750015258789,0.0,0.0,2019,2019
BHS,Bahamas,2019,24.524993896484375,-78.22500610351562,0.0,0.0,2019,2019
BHS,Bahamas,2019,24.524993896484375,-78.17500305175781,0.0,0.0,2019,2019
BHS,Bahamas,2019,24.524993896484375,-78.12500762939453,0.0,0.0,2019,2019
BHS,Bahamas,2019,24.524993896484375,-78.07500457763672,0.0,0.0,2019,2019
BHS,Bahamas,2019,24.524993896484375,-78.0250015258789,0.0,0.0,2019,2019
BHS,Bahamas,2019,24.524993896484375,-77.97500610351562,0.0,0.0,2019,2019
BHS,Bahamas,2019,24.524993896484375,-77.92500305175781,0.34446100145637615,1.0944661830037287e-06,2019,2019
BHS,Bahamas,2019,24.524993896484375,-77.87500762939453,0.0,0.0,2019,2019
BHS,Bahamas,2019,24.524993896484375,-77.82500457763672,0.0,0.0,2019,2019
BHS,Bahamas,2019,24.524993896484375,-77.7750015258789,2.5162080303363017,7.994822598093932e-06,2019,2019
BHS,Bahamas,2019,24.524993896484375,-77.72500610351562,104.0501215253972,0.00033060154521265223,2019,2019
BHS,Bahamas,2019,24.524993896484375,-76.7750015258789,0.47736600041389465,1.5167491883255126e-06,2019,2019
BHS,Bahamas,2019,24.524993896484375,-75.57500457763672,53.84040346742711,0.0001710687149640606,2019,2019
BHS,Bahamas,2019,24.574996948242188,-78.37500762939453,0.22961699776351452,7.295689150077446e-07,2019,2019
BHS,Bahamas,2019,24.574996948242188,-78.32500457763672,0.03219600021839142,1.0229730889135987e-07,2019,2019
BHS,Bahamas,2019,24.574996948242188,-78.2750015258789,0.0,0.0,2019,2019
BHS,Bahamas,2019,24.574996948242188,-78.22500610351562,0.0,0.0,2019,2019
BHS,Bahamas,2019,24.574996948242188,-78.17500305175781,0.0,0.0,2019,2019
BHS,Bahamas,2019,24.574996948242188,-78.12500762939453,0.0,0.0,2019,2019
BHS,Bahamas,2019,24.574996948242188,-78.07500457763672,0.08340200038281219,2.6499565590275423e-07,2019,2019
BHS,Bahamas,2019,24.574996948242188,-78.0250015258789,0.07941599935293198,2.523308163006595e-07,2019,2019
BHS,Bahamas,2019,24.574996948242188,-77.97500610351562,0.07327000051736832,2.3280295143971792e-07,2019,2019
BHS,Bahamas,2019,24.574996948242188,-77.92500305175781,0.0,0.0,2019,2019
BHS,Bahamas,2019,24.574996948242188,-77.87500762939453,0.0,0.0,2019,2019
BHS,Bahamas,2019,24.574996948242188,-77.82500457763672,0.0,0.0,2019,2019
BHS,Bahamas,2019,24.574996948242188,-77.7750015258789,55.450315684080124,0.00017618393692324206,2019,2019
BHS,Bahamas,2019,24.574996948242188,-75.62500762939453,97.0624391734687,0.0003083993742864139,2019,2019
BHS,Bahamas,2019,24.625,-78.42500305175781,0.0,0.0,2019,2019
BHS,Bahamas,2019,24.625,-78.37500762939453,0.0,0.0,2019,2019
BHS,Bahamas,2019,24.625,-78.32500457763672,0.0,0.0,2019,2019
BHS,Bahamas,2019,24.625,-78.17500305175781,0.0,0.0,2019,2019
BHS,Bahamas,2019,24.625,-78.12500762939453,0.0,0.0,2019,2019
BHS,Bahamas,2019,24.625,-78.07500457763672,0.06901399791240692,2.1928022780420664e-07,2019,2019
BHS,Bahamas,2019,24.625,-78.0250015258789,0.14221599698066711,4.5186711621754586e-07,2019,2019
BHS,Bahamas,2019,24.625,-77.97500610351562,0.0,0.0,2019,2019
BHS,Bahamas,2019,24.625,-77.92500305175781,0.1368969976902008,4.3496690160334243e-07,2019,2019
BHS,Bahamas,2019,24.625,-77.87500762939453,0.0,0.0,2019,2019
BHS,Bahamas,2019,24.625,-77.82500457763672,0.0,0.0,2019,2019
BHS,Bahamas,2019,24.625,-77.7750015258789,135.39072006940842,0.00043018096092732264,2019,2019
BHS,Bahamas,2019,24.625,-75.67500305175781,134.8856327682799,0.00042857613202590113,2019,2019
BHS,Bahamas,2019,24.625,-75.62500762939453,7.731472946703434,2.456543890077129e-05,2019,2019
BHS,Bahamas,2019,24.67499542236328,-78.32500457763672,0.0,0.0,2019,2019
BHS,Bahamas,2019,24.67499542236328,-78.22500610351562,0.0,0.0,2019,2019
BHS,Bahamas,2019,24.67499542236328,-78.17500305175781,0.0,0.0,2019,2019
BHS,Bahamas,2019,24.67499542236328,-78.12500762939453,0.0,0.0,2019,2019
BHS,Bahamas,2019,24.67499542236328,-78.07500457763672,0.15399600565433502,4.892960880730229e-07,2019,2019
BHS,Bahamas,2019,24.67499542236328,-78.0250015258789,1.8902089409530163,6.005817076353025e-06,2019,2019
BHS,Bahamas,2019,24.67499542236328,-77.97500610351562,0.12075500190258026,3.836784583803243e-07,2019,2019
BHS,Bahamas,2019,24.67499542236328,-77.92500305175781,0.8775320202157872,2.7882085825926396e-06,2019,2019
BHS,Bahamas,2019,24.67499542236328,-77.87500762939453,6.453967947512865,2.050638427827187e-05,2019,2019
BHS,Bahamas,2019,24.67499542236328,-77.82500457763672,3.7639100067675217,1.1959183190141466e-05,2019,2019
BHS,Bahamas,2019,24.67499542236328,-77.7750015258789,87.93241886284088,0.00027939028925829393,2019,2019
BHS,Bahamas,2019,24.67499542236328,-76.17500305175781,49.026495680212975,0.00015577334260281108,2019,2019
BHS,Bahamas,2019,24.67499542236328,-75.72500610351562,38.12250406298437,0.00012112776579046992,2019,2019
BHS,Bahamas,2019,24.724998474121094,-78.2750015258789,0.0,0.0,2019,2019
BHS,Bahamas,2019,24.724998474121094,-78.22500610351562,0.0,0.0,2019,2019
BHS,Bahamas,2019,24.724998474121094,-78.17500305175781,0.0,0.0,2019,2019
BHS,Bahamas,2019,24.724998474121094,-78.12500762939453,0.0,0.0,2019,2019
BHS,Bahamas,2019,24.724998474121094,-78.07500457763672,1.9036720395088196,6.048593779740272e-06,2019,2019
BHS,Bahamas,2019,24.724998474121094,-78.0250015258789,0.0759119987487793,2.4119745098425104e-07,2019,2019
BHS,Bahamas,2019,24.724998474121094,-77.97500610351562,0.018761999905109406,5.961306021535783e-08,2019,2019
BHS,Bahamas,2019,24.724998474121094,-77.92500305175781,0.41576400213120607,1.3210193273519912e-06,2019,2019
BHS,Bahamas,2019,24.724998474121094,-77.87500762939453,5.466709062457085,1.736953726512644e-05,2019,2019
BHS,Bahamas,2019,24.724998474121094,-77.82500457763672,87.39871729912407,0.0002776945434094617,2019,2019
BHS,Bahamas,2019,24.724998474121094,-77.7750015258789,1019.3186743557497,0.0032387115350352466,2019,2019
BHS,Bahamas,2019,24.774993896484375,-78.2750015258789,0.0,0.0,2019,2019
BHS,Bahamas,2019,24.774993896484375,-78.22500610351562,0.0,0.0,2019,2019
BHS,Bahamas,2019,24.774993896484375,-78.17500305175781,0.018185999244451523,5.778291618798614e-08,2019,2019
BHS,Bahamas,2019,24.774993896484375,-78.12500762939453,0.17199699580840044,5.464911693765962e-07,2019,2019
BHS,Bahamas,2019,24.774993896484375,-78.07500457763672,2.7072100378580006,8.601698956330374e-06,2019,2019
BHS,Bahamas,2019,24.774993896484375,-78.0250015258789,0.0,0.0,2019,2019
BHS,Bahamas,2019,24.774993896484375,-77.97500610351562,0.052650999277830124,1.6728958566369562e-07,2019,2019
BHS,Bahamas,2019,24.774993896484375,-77.92500305175781,0.088760003463678,2.820197984200316e-07,2019,2019
BHS,Bahamas,2019,24.774993896484375,-77.87500762939453,106.01851379871368,0.000336855776515825,2019,2019
BHS,Bahamas,2019,24.774993896484375,-76.2750015258789,244.98201608657837,0.0007783886446280097,2019,2019
BHS,Bahamas,2019,24.774993896484375,-76.22500610351562,264.7908375784785,0.0008413278021999237,2019,2019
BHS,Bahamas,2019,24.824996948242188,-78.22500610351562,0.0,0.0,2019,2019
BHS,Bahamas,2019,24.824996948242188,-78.17500305175781,0.0,0.0,2019,2019
BHS,Bahamas,2019,24.824996948242188,-78.12500762939453,0.03157699853181839,1.0033053642564651e-07,2019,2019
BHS,Bahamas,2019,24.824996948242188,-78.07500457763672,0.0,0.0,2019,2019
BHS,Bahamas,2019,24.824996948242188,-78.0250015258789,0.3689489960670471,1.1722726164683054e-06,2019,2019
BHS,Bahamas,2019,24.824996948242188,-77.97500610351562,0.38785800337791443,1.2323527676854685e-06,2019,2019
BHS,Bahamas,2019,24.824996948242188,-77.92500305175781,32.521626845002174,0.00010333193205509759,2019,2019
BHS,Bahamas,2019,24.824996948242188,-77.87500762939453,152.1536177136004,0.0004834422140826946,2019,2019
BHS,Bahamas,2019,24.824996948242188,-76.17500305175781,42.44822056035285,0.0001348719934493758,2019,2019
BHS,Bahamas,2019,24.875,-78.17500305175781,0.0,0.0,2019,2019
BHS,Bahamas,2019,24.875,-78.12500762939453,0.02202400006353855,6.997751031931435e-08,2019,2019
BHS,Bahamas,2019,24.875,-78.07500457763672,0.18672599644783458,5.932900610977029e-07,2019,2019
BHS,Bahamas,2019,24.875,-78.0250015258789,0.19017399847507477,6.042455004704837e-07,2019,2019
BHS,Bahamas,2019,24.875,-77.97500610351562,0.05392400175333023,1.713343342837839e-07,2019,2019
BHS,Bahamas,2019,24.875,-77.92500305175781,148.36302041634997,0.00047139823657091427,2019,2019
BHS,Bahamas,2019,24.875,-76.17500305175781,578.5900991335511,0.0018383715272413607,2019,2019
BHS,Bahamas,2019,24.92499542236328,-78.17500305175781,0.0,0.0,2019,2019
BHS,Bahamas,2019,24.92499542236328,-78.12500762939453,0.12229299917817116,3.8856518285876794e-07,2019,2019
BHS,Bahamas,2019,24.92499542236328,-78.07500457763672,0.4945879951119423,1.5714691442020553e-06,2019,2019
BHS,Bahamas,2019,24.92499542236328,-78.0250015258789,12.737864717841148,4.047239634794778e-05,2019,2019
BHS,Bahamas,2019,24.92499542236328,-77.97500610351562,76.71086255460978,0.0002437357047099572,2019,2019
BHS,Bahamas,2019,24.92499542236328,-77.92500305175781,107.34176453948085,0.0003410601804433556,2019,2019
BHS,Bahamas,2019,24.92499542236328,-76.17500305175781,103.68965211512167,0.0003294562150362728,2019,2019
BHS,Bahamas,2019,24.974998474121094,-78.17500305175781,0.0,0.0,2019,2019
BHS,Bahamas,2019,24.974998474121094,-78.12500762939453,0.25596699863672256,8.132915563398932e-07,2019,2019
BHS,Bahamas,2019,24.974998474121094,-78.07500457763672,4.2835591919865035,1.3610279998903558e-05,2019,2019
BHS,Bahamas,2019,24.974998474121094,-78.0250015258789,92.98632957794321,0.0002954482300591779,2019,2019
BHS,Bahamas,2019,24.974998474121094,-77.97500610351562,0.9836519807577133,3.125386688862348e-06,2019,2019
BHS,Bahamas,2019,24.974998474121094,-76.17500305175781,435.3582570552826,0.0013832767361874933,2019,2019
BHS,Bahamas,2019,25.024993896484375,-78.12500762939453,0.0,0.0,2019,2019
BHS,Bahamas,2019,25.024993896484375,-78.07500457763672,5.651708118644274,1.7957340267580775e-05,2019,2019
BHS,Bahamas,2019,25.024993896484375,-78.0250015258789,165.60463337600382,0.0005261805261334376,2019,2019
BHS,Bahamas,2019,25.024993896484375,-77.5250015258789,4730.050049781799,0.015028928678467258,2019,2019
BHS,Bahamas,2019,25.024993896484375,-77.47500610351562,2427.0376284122467,0.007711498828441916,2019,2019
BHS,Bahamas,2019,25.024993896484375,-77.42500305175781,6773.366636097537,0.021521219229322007,2019,2019
BHS,Bahamas,2019,25.024993896484375,-77.37500762939453,64441.95333862305,0.20475333462316284,2019,2019
BHS,Bahamas,2019,25.024993896484375,-77.32500457763672,76146.48067319393,0.24194247737537344,2019,2019
BHS,Bahamas,2019,25.024993896484375,-76.12500762939453,47.37123365711704,0.00015051402935507244,2019,2019
BHS,Bahamas,2019,25.074996948242188,-78.12500762939453,0.0,0.0,2019,2019
BHS,Bahamas,2019,25.074996948242188,-78.07500457763672,7.833243116957208,2.4888796289010766e-05,2019,2019
BHS,Bahamas,2019,25.074996948242188,-78.0250015258789,433.94690722227097,0.0013787924123944127,2019,2019
BHS,Bahamas,2019,25.074996948242188,-77.97500610351562,255.81934407353913,0.0008128224091055556,2019,2019
BHS,Bahamas,2019,25.074996948242188,-77.42500305175781,5369.771436870098,0.01706153446475988,2019,2019
BHS,Bahamas,2019,25.074996948242188,-77.37500762939453,26908.20605659485,0.08549624326041116,2019,2019
BHS,Bahamas,2019,25.074996948242188,-77.32500457763672,53119.067101955414,0.1687767914800038,2019,2019
BHS,Bahamas,2019,25.074996948242188,-76.12500762939453,242.15205919742584,0.0007693969384509953,2019,2019
BHS,Bahamas,2019,25.125,-78.17500305175781,77.41598491371113,0.0002459761109494251,2019,2019
BHS,Bahamas,2019,25.125,-78.12500762939453,0.930202029645443,2.9555585697770266e-06,2019,2019
BHS,Bahamas,2019,25.125,-78.07500457763672,359.62287992239,0.0011426404703155136,2019,2019
BHS,Bahamas,2019,25.125,-78.0250015258789,1266.6878061295638,0.004024684833320857,2019,2019
BHS,Bahamas,2019,25.125,-76.12500762939453,72.6773012317798,0.00023091975037479485,2019,2019
BHS,Bahamas,2019,25.17499542236328,-78.17500305175781,0.0,0.0,2019,2019
BHS,Bahamas,2019,25.17499542236328,-78.12500762939453,0.0,0.0,2019,2019
BHS,Bahamas,2019,25.17499542236328,-76.22500610351562,605.3168602585886,0.001923291260125191,2019,2019
BHS,Bahamas,2019,25.17499542236328,-76.17500305175781,1019.2048756480217,0.003238349959017203,2019,2019
BHS,Bahamas,2019,25.224998474121094,-76.2750015258789,372.82705944031477,0.001184594502544353,2019,2019
BHS,Bahamas,2019,25.324996948242188,-76.37500762939453,278.8591883778572,0.0008860275915387858,2019,2019
BHS,Bahamas,2019,25.375,-76.5250015258789,311.6498637031764,0.0009902143793309639,2019,2019
BHS,Bahamas,2019,25.42499542236328,-76.7750015258789,130.51373381912978,0.00041468516748964344,2019,2019
BHS,Bahamas,2019,25.42499542236328,-76.57500457763672,176.4504029750824,0.0005606411123961896,2019,2019
BHS,Bahamas,2019,25.474998474121094,-76.72500610351562,974.5227565329062,0.003096380133261379,2019,2019
BHS,Bahamas,2019,25.474998474121094,-76.67500305175781,291.6686067208648,0.0009267273373477317,2019,2019
BHS,Bahamas,2019,25.524993896484375,-76.82500457763672,57.57834780216217,0.00018294539665232422,2019,2019
BHS,Bahamas,2019,25.524993896484375,-76.72500610351562,166.7291981876154,0.0005297536393500311,2019,2019
BHS,Bahamas,2019,25.774993896484375,-77.87500762939453,336.50233639776707,0.0010691788798498937,2019,2019
BHS,Bahamas,2019,25.92499542236328,-77.2750015258789,0.0,0.0,2019,2019
BHS,Bahamas,2019,25.92499542236328,-77.22500610351562,0.0,0.0,2019,2019
BHS,Bahamas,2019,25.974998474121094,-77.2750015258789,0.0,0.0,2019,2019
BHS,Bahamas,2019,25.974998474121094,-77.22500610351562,0.0,0.0,2019,2019
BHS,Bahamas,2019,26.024993896484375,-77.37500762939453,176.06132185459137,0.0005594048733821294,2019,2019
BHS,Bahamas,2019,26.024993896484375,-77.32500457763672,0.8654409647022429,2.749791312363368e-06,2019,2019
BHS,Bahamas,2019,26.024993896484375,-77.2750015258789,0.2413649931550026,7.668961701097875e-07,2019,2019
BHS,Bahamas,2019,26.024993896484375,-77.22500610351562,0.0,0.0,2019,2019
BHS,Bahamas,2019,26.074996948242188,-77.2750015258789,0.0,0.0,2019,2019
BHS,Bahamas,2019,26.074996948242188,-77.22500610351562,0.7015890330076218,2.229179697401461e-06,2019,2019
BHS,Bahamas,2019,26.125,-77.22500610351562,15.499458782374859,4.9246891289427356e-05,2019,2019
BHS,Bahamas,2019,26.17499542236328,-77.22500610351562,0.16923099756240845,5.37702680898404e-07,2019,2019
BHS,Bahamas,2019,26.224998474121094,-77.22500610351562,0.0,0.0,2019,2019
BHS,Bahamas,2019,26.224998474121094,-77.17500305175781,53.88398882374272,0.00017120720001275963,2019,2019
BHS,Bahamas,2019,26.274993896484375,-77.22500610351562,0.0,0.0,2019,2019
BHS,Bahamas,2019,26.274993896484375,-77.17500305175781,1.9565390348434448,6.2165696560981965e-06,2019,2019
BHS,Bahamas,2019,26.324996948242188,-77.57500457763672,171.76680470257998,0.0005457597763309871,2019,2019
BHS,Bahamas,2019,26.324996948242188,-77.22500610351562,0.0,0.0,2019,2019
BHS,Bahamas,2019,26.324996948242188,-77.17500305175781,0.0,0.0,2019,2019
BHS,Bahamas,2019,26.324996948242188,-77.12500762939453,6.203618975356221,1.971094304452777e-05,2019,2019
BHS,Bahamas,2019,26.324996948242188,-77.07500457763672,14.992817908525467,4.763712617520196e-05,2019,2019
BHS,Bahamas,2019,26.324996948242188,-77.0250015258789,92.68369185179608,0.0002944866502124935,2019,2019
BHS,Bahamas,2019,26.375,-77.22500610351562,0.0,0.0,2019,2019
BHS,Bahamas,2019,26.375,-77.17500305175781,0.43097400665283203,1.3693465270113745e-06,2019,2019
BHS,Bahamas,2019,26.375,-77.12500762939453,3.374522976613291,1.072197220021165e-05,2019,2019
BHS,Bahamas,2019,26.375,-77.07500457763672,53.473029229806464,0.0001699014458744319,2019,2019
BHS,Bahamas,2019,26.375,-77.0250015258789,49.5964612923702,0.00015758431129112021,2019,2019
BHS,Bahamas,2019,26.42499542236328,-77.22500610351562,0.0,0.0,2019,2019
BHS,Bahamas,2019,26.42499542236328,-77.17500305175781,0.0,0.0,2019,2019
BHS,Bahamas,2019,26.42499542236328,-77.12500762939453,17.25593110174606,5.482778302116485e-05,2019,2019
BHS,Bahamas,2019,26.42499542236328,-77.07500457763672,7.357264026999474,2.337645377251952e-05,2019,2019
BHS,Bahamas,2019,26.474998474121094,-77.17500305175781,0.09311000257730484,2.95841179957656e-07,2019,2019
BHS,Bahamas,2019,26.474998474121094,-77.12500762939453,3.3557199724237545,1.0662228855864058e-05,2019,2019
BHS,Bahamas,2019,26.474998474121094,-77.07500457763672,251.0091800410338,0.0007975389318874686,2019,2019
BHS,Bahamas,2019,26.524993896484375,-78.7750015258789,3458.098070383074,0.010987517830880025,2019,2019
BHS,Bahamas,2019,26.524993896484375,-78.72500610351562,9637.806542634964,0.030622489322878903,2019,2019
BHS,Bahamas,2019,26.524993896484375,-78.67500305175781,18146.7479057312,0.05765820174227128,2019,2019
BHS,Bahamas,2019,26.524993896484375,-78.62500762939453,4242.328084409237,0.013479275174728063,2019,2019
BHS,Bahamas,2019,26.524993896484375,-77.12500762939453,208.72486506402493,0.0006631877205220357,2019,2019
BHS,Bahamas,2019,26.524993896484375,-77.07500457763672,6458.108488723636,0.0205195401429862,2019,2019
BHS,Bahamas,2019,26.574996948242188,-78.82500457763672,1682.3608345389366,0.005345415107161225,2019,2019
BHS,Bahamas,2019,26.574996948242188,-78.7750015258789,0.0,0.0,2019,2019
BHS,Bahamas,2019,26.574996948242188,-78.67500305175781,725.5461286753416,0.002305299289867505,2019,2019
BHS,Bahamas,2019,26.574996948242188,-78.62500762939453,1439.2602855190842,0.004573004503792633,2019,2019
BHS,Bahamas,2019,26.574996948242188,-78.57500457763672,2138.9959769249635,0.0067962955238109225,2019,2019
BHS,Bahamas,2019,26.574996948242188,-78.5250015258789,83.61629125475883,0.0002656765286624582,2019,2019
BHS,Bahamas,2019,26.574996948242188,-77.87500762939453,0.0,0.0,2019,2019
BHS,Bahamas,2019,26.574996948242188,-77.17500305175781,12.54226415604353,3.9850908866465384e-05,2019,2019
BHS,Bahamas,2019,26.625,-78.87500762939453,161.87049707770348,0.0005143159438325758,2019,2019
BHS,Bahamas,2019,26.625,-78.57500457763672,0.0,0.0,2019,2019
BHS,Bahamas,2019,26.625,-78.5250015258789,1.8972149491450854,6.02807747451609e-06,2019,2019
BHS,Bahamas,2019,26.625,-78.47500610351562,4.7022168934345245,1.4940493563143453e-05,2019,2019
BHS,Bahamas,2019,26.625,-78.42500305175781,3.583653956654188,1.1386450281926153e-05,2019,2019
BHS,Bahamas,2019,26.625,-78.37500762939453,134.06504233182,0.00042596884563062145,2019,2019
BHS,Bahamas,2019,26.625,-78.32500457763672,71.77969485522586,0.00022806775894286722,2019,2019
BHS,Bahamas,2019,26.625,-78.2750015258789,142.59161120653252,0.0004530605664668533,2019,2019
BHS,Bahamas,2019,26.625,-78.22500610351562,151.82859840989113,0.00048240952058407145,2019,2019
BHS,Bahamas,2019,26.625,-77.32500457763672,0.0,0.0,2019,2019
BHS,Bahamas,2019,26.625,-77.2750015258789,97.20578709993168,0.0003088548379158352,2019,2019
BHS,Bahamas,2019,26.67499542236328,-78.57500457763672,0.0,0.0,2019,2019
BHS,Bahamas,2019,26.67499542236328,-78.5250015258789,2.3753269761844624,7.547197035422994e-06,2019,2019
BHS,Bahamas,2019,26.67499542236328,-78.47500610351562,0.06996800005435944,2.2231140717854976e-07,2019,2019
BHS,Bahamas,2019,26.67499542236328,-78.42500305175781,0.13582899421453476,4.315735024013867e-07,2019,2019
BHS,Bahamas,2019,26.67499542236328,-78.37500762939453,0.0,0.0,2019,2019
BHS,Bahamas,2019,26.67499542236328,-78.32500457763672,1.233734011650438,3.9199797621906915e-06,2019,2019
BHS,Bahamas,2019,26.67499542236328,-78.2750015258789,0.0,0.0,2019,2019
BHS,Bahamas,2019,26.67499542236328,-78.22500610351562,0.45048999041318893,1.431355242550877e-06,2019,2019
BHS,Bahamas,2019,26.67499542236328,-78.17500305175781,3.7828431166765943,1.2019339923260634e-05,2019,2019
BHS,Bahamas,2019,26.67499542236328,-78.12500762939453,6.943736042849984,2.2062539011592263e-05,2019,2019
BHS,Bahamas,2019,26.67499542236328,-78.07500457763672,2.5391379706561565,8.067678579329164e-06,2019,2019
BHS,Bahamas,2019,26.67499542236328,-78.0250015258789,2.0988329984421514,6.668684497969696e-06,2019,2019
BHS,Bahamas,2019,26.67499542236328,-77.97500610351562,39.93979177251488,0.0001269018880697995,2019,2019
BHS,Bahamas,2019,26.67499542236328,-77.92500305175781,7.159532964229584,2.274819698694422e-05,2019,2019
BHS,Bahamas,2019,26.67499542236328,-77.32500457763672,871.1982513666686,0.002768084110484,2019,2019
BHS,Bahamas,2019,26.67499542236328,-77.2750015258789,1636.7592362985015,0.0052005237930384,2019,2019
BHS,Bahamas,2019,26.724998474121094,-78.62500762939453,0.0,0.0,2019,2019
BHS,Bahamas,2019,26.724998474121094,-78.57500457763672,0.0,0.0,2019,2019
BHS,Bahamas,2019,26.724998474121094,-78.5250015258789,0.0,0.0,2019,2019
BHS,Bahamas,2019,26.724998474121094,-78.0250015258789,0.0,0.0,2019,2019
BHS,Bahamas,2019,26.724998474121094,-77.97500610351562,0.0,0.0,2019,2019
BHS,Bahamas,2019,26.724998474121094,-77.92500305175781,0.0,0.0,2019,2019
BHS,Bahamas,2019,26.724998474121094,-77.42500305175781,41.85119879249645,0.00013297505843300737,2019,2019
BHS,Bahamas,2019,26.724998474121094,-77.37500762939453,240.8935246170068,0.0007653981591041731,2019,2019
BHS,Bahamas,2019,26.774993896484375,-78.57500457763672,0.0,0.0,2019,2019
BHS,Bahamas,2019,26.774993896484375,-77.42500305175781,30.117421999573708,9.569298050699786e-05,2019,2019
BHS,Bahamas,2019,26.824996948242188,-77.47500610351562,8.646204859018326,2.7471843806726282e-05,2019,2019
BHS,Bahamas,2019,26.875,-77.67500305175781,19.706058502197266,6.261264566891595e-05,2019,2019
BHS,Bahamas,2019,26.875,-77.62500762939453,45.44392748925051,0.00014439034215650418,2019,2019
BHS,Bahamas,2019,26.875,-77.57500457763672,11.07027092576027,3.51739010039092e-05,2019,2019
BHS,Bahamas,2019,26.875,-77.5250015258789,479.8587818537506,0.0015246695769210476,2019,2019
BHS,Bahamas,2019,26.92499542236328,-77.87500762939453,0.0,0.0,2019,2019
BHS,Bahamas,2019,26.92499542236328,-77.82500457763672,133.02861972153835,0.00042267578925135705,2019,2019
BHS,Bahamas,2019,26.92499542236328,-77.7750015258789,165.80469518527389,0.0005268161884691762,2019,2019
BHS,Bahamas,2020,20.974998474121094,-73.67500305175781,492.7542279660702,0.001557471837306032,2020,2020
BHS,Bahamas,2020,20.974998474121094,-73.62500762939453,0.06660500168800354,2.1052161192197662e-07,2020,2020
BHS,Bahamas,2020,20.974998474121094,-73.57500457763672,0.0,0.0,2020,2020
BHS,Bahamas,2020,20.974998474121094,-73.5250015258789,0.0,0.0,2020,2020
BHS,Bahamas,2020,20.974998474121094,-73.47500610351562,0.0,0.0,2020,2020
BHS,Bahamas,2020,20.974998474121094,-73.42500305175781,0.0,0.0,2020,2020
BHS,Bahamas,2020,20.974998474121094,-73.37500762939453,0.0,0.0,2020,2020
BHS,Bahamas,2020,20.974998474121094,-73.32500457763672,0.0,0.0,2020,2020
BHS,Bahamas,2020,20.974998474121094,-73.2750015258789,0.0,0.0,2020,2020
BHS,Bahamas,2020,20.974998474121094,-73.22500610351562,0.0,0.0,2020,2020
BHS,Bahamas,2020,20.974998474121094,-73.17500305175781,0.0,0.0,2020,2020
BHS,Bahamas,2020,21.024993896484375,-73.67500305175781,0.7947530152701405,2.5120138370127325e-06,2020,2020
BHS,Bahamas,2020,21.024993896484375,-73.62500762939453,41.56994290370535,0.0001313921051843292,2020,2020
BHS,Bahamas,2020,21.024993896484375,-73.57500457763672,0.0,0.0,2020,2020
BHS,Bahamas,2020,21.024993896484375,-73.5250015258789,0.0,0.0,2020,2020
BHS,Bahamas,2020,21.024993896484375,-73.47500610351562,0.0,0.0,2020,2020
BHS,Bahamas,2020,21.024993896484375,-73.42500305175781,0.0,0.0,2020,2020
BHS,Bahamas,2020,21.024993896484375,-73.37500762939453,0.0,0.0,2020,2020
BHS,Bahamas,2020,21.024993896484375,-73.32500457763672,1.2092479467391968,3.822127775829308e-06,2020,2020
BHS,Bahamas,2020,21.024993896484375,-73.2750015258789,0.0,0.0,2020,2020
BHS,Bahamas,2020,21.024993896484375,-73.22500610351562,0.0,0.0,2020,2020
BHS,Bahamas,2020,21.024993896484375,-73.17500305175781,0.0,0.0,2020,2020
BHS,Bahamas,2020,21.024993896484375,-73.12500762939453,0.0,0.0,2020,2020
BHS,Bahamas,2020,21.074996948242188,-73.62500762939453,8.273439958692668,2.6150257069318305e-05,2020,2020
BHS,Bahamas,2020,21.074996948242188,-73.57500457763672,1.1265039592981339,3.560594900347348e-06,2020,2020
BHS,Bahamas,2020,21.074996948242188,-73.5250015258789,0.0,0.0,2020,2020
BHS,Bahamas,2020,21.074996948242188,-73.47500610351562,0.0,0.0,2020,2020
BHS,Bahamas,2020,21.074996948242188,-73.42500305175781,0.0,0.0,2020,2020
BHS,Bahamas,2020,21.074996948242188,-73.37500762939453,0.0,0.0,2020,2020
BHS,Bahamas,2020,21.074996948242188,-73.32500457763672,0.0,0.0,2020,2020
BHS,Bahamas,2020,21.074996948242188,-73.2750015258789,0.0,0.0,2020,2020
BHS,Bahamas,2020,21.074996948242188,-73.22500610351562,0.0,0.0,2020,2020
BHS,Bahamas,2020,21.074996948242188,-73.17500305175781,0.0,0.0,2020,2020
BHS,Bahamas,2020,21.074996948242188,-73.12500762939453,0.0,0.0,2020,2020
BHS,Bahamas,2020,21.125,-73.5250015258789,0.0,0.0,2020,2020
BHS,Bahamas,2020,21.125,-73.47500610351562,0.0,0.0,2020,2020
BHS,Bahamas,2020,21.125,-73.42500305175781,0.0,0.0,2020,2020
BHS,Bahamas,2020,21.125,-73.37500762939453,0.0,0.0,2020,2020
BHS,Bahamas,2020,21.125,-73.32500457763672,0.0,0.0,2020,2020
BHS,Bahamas,2020,21.125,-73.2750015258789,0.0,0.0,2020,2020
BHS,Bahamas,2020,21.125,-73.22500610351562,0.0,0.0,2020,2020
BHS,Bahamas,2020,21.125,-73.17500305175781,0.0,0.0,2020,2020
BHS,Bahamas,2020,21.125,-73.12500762939453,0.0,0.0,2020,2020
BHS,Bahamas,2020,21.125,-73.07500457763672,0.0,0.0,2020,2020
BHS,Bahamas,2020,21.17499542236328,-73.47500610351562,0.0,0.0,2020,2020
BHS,Bahamas,2020,21.17499542236328,-73.42500305175781,0.0,0.0,2020,2020
BHS,Bahamas,2020,21.17499542236328,-73.37500762939453,0.0,0.0,2020,2020
BHS,Bahamas,2020,21.17499542236328,-73.12500762939453,0.0,0.0,2020,2020
BHS,Bahamas,2020,21.17499542236328,-73.07500457763672,0.026009000837802887,8.220789193134287e-08,2020,2020
BHS,Bahamas,2020,21.224998474121094,-73.07500457763672,0.0,0.0,2020,2020
BHS,Bahamas,2020,21.224998474121094,-73.0250015258789,0.0,0.0,2020,2020
BHS,Bahamas,2020,21.274993896484375,-73.07500457763672,0.0,0.0,2020,2020
BHS,Bahamas,2020,21.274993896484375,-73.0250015258789,0.0,0.0,2020,2020
BHS,Bahamas,2020,21.324996948242188,-73.0250015258789,0.0,0.0,2020,2020
BHS,Bahamas,2020,21.474998474121094,-73.0250015258789,0.7143120169675522,2.2577601293617643e-06,2020,2020
BHS,Bahamas,2020,21.474998474121094,-72.97500610351562,0.0,0.0,2020,2020
BHS,Bahamas,2020,21.524993896484375,-73.0250015258789,0.0,0.0,2020,2020
BHS,Bahamas,2020,21.524993896484375,-72.97500610351562,0.0,0.0,2020,2020
BHS,Bahamas,2020,22.17499542236328,-74.2750015258789,2.754516988992691,8.70633348686869e-06,2020,2020
BHS,Bahamas,2020,22.224998474121094,-74.22500610351562,118.37198788672724,0.00037414399917072463,2020,2020
BHS,Bahamas,2020,22.274993896484375,-74.17500305175781,0.2008810043334961,6.349341906016367e-07,2020,2020
BHS,Bahamas,2020,22.324996948242188,-74.12500762939453,1.5535480454564095,4.9103735521205855e-06,2020,2020
BHS,Bahamas,2020,22.324996948242188,-74.07500457763672,3.4515529796481133,1.0909488454235674e-05,2020,2020
BHS,Bahamas,2020,22.324996948242188,-72.82500457763672,0.0,0.0,2020,2020
BHS,Bahamas,2020,22.324996948242188,-72.7750015258789,0.0,0.0,2020,2020
BHS,Bahamas,2020,22.375,-74.07500457763672,0.0,0.0,2020,2020
BHS,Bahamas,2020,22.375,-74.0250015258789,4.80988085269928,1.5202820277764273e-05,2020,2020
BHS,Bahamas,2020,22.375,-73.97500610351562,0.0,0.0,2020,2020
BHS,Bahamas,2020,22.375,-73.12500762939453,0.10556299984455109,3.3365801851780415e-07,2020,2020
BHS,Bahamas,2020,22.375,-73.07500457763672,0.0,0.0,2020,2020
BHS,Bahamas,2020,22.375,-73.0250015258789,41.9658182674056,0.00013264336736546034,2020,2020
BHS,Bahamas,2020,22.375,-72.97500610351562,103.17542623728514,0.00032611150051396894,2020,2020
BHS,Bahamas,2020,22.375,-72.92500305175781,1.182998962700367,3.7391613575255607e-06,2020,2020
BHS,Bahamas,2020,22.375,-72.87500762939453,0.0,0.0,2020,2020
BHS,Bahamas,2020,22.375,-72.82500457763672,0.0,0.0,2020,2020
BHS,Bahamas,2020,22.42499542236328,-73.97500610351562,47.925749927763874,0.00015148120819250192,2020,2020
BHS,Bahamas,2020,22.42499542236328,-73.12500762939453,47.87016279996506,0.00015130551130113125,2020,2020
BHS,Bahamas,2020,22.42499542236328,-73.07500457763672,35.954703256492756,0.00011364374887624272,2020,2020
BHS,Bahamas,2020,22.42499542236328,-73.0250015258789,0.12403099983930588,3.920307086962822e-07,2020,2020
BHS,Bahamas,2020,22.474998474121094,-73.87500762939453,0.8661080002784729,2.7375489482193766e-06,2020,2020
BHS,Bahamas,2020,22.574996948242188,-74.37500762939453,1.5609910041093826,4.933898867237795e-06,2020,2020
BHS,Bahamas,2020,22.574996948242188,-73.87500762939453,67.4569870531559,0.00021321452278242502,2020,2020
BHS,Bahamas,2020,22.574996948242188,-73.62500762939453,0.0,0.0,2020,2020
BHS,Bahamas,2020,22.625,-74.32500457763672,12.088919639587402,3.8210026040425216e-05,2020,2020
BHS,Bahamas,2020,22.625,-74.0250015258789,0.0,0.0,2020,2020
BHS,Bahamas,2020,22.625,-73.97500610351562,0.0,0.0,2020,2020
BHS,Bahamas,2020,22.625,-73.92500305175781,0.20197300612926483,6.383857328648408e-07,2020,2020
BHS,Bahamas,2020,22.625,-73.87500762939453,50.85788783431141,0.00016074895660207967,2020,2020
BHS,Bahamas,2020,22.67499542236328,-74.07500457763672,0.08382099866867065,2.649370363399707e-07,2020,2020
BHS,Bahamas,2020,22.67499542236328,-73.92500305175781,18.37797500565648,5.8088143893095224e-05,2020,2020
BHS,Bahamas,2020,22.724998474121094,-74.2750015258789,0.4923460036544034,1.5561815432149004e-06,2020,2020
BHS,Bahamas,2020,22.724998474121094,-74.22500610351562,0.380644004791975,1.203119697115425e-06,2020,2020
BHS,Bahamas,2020,22.724998474121094,-74.17500305175781,39.96203804389107,0.00012630992345132803,2020,2020
BHS,Bahamas,2020,22.724998474121094,-74.12500762939453,12.131668165338692,3.834514334874097e-05,2020,2020
BHS,Bahamas,2020,22.724998474121094,-74.07500457763672,9.252486884593964,2.924477747716209e-05,2020,2020
BHS,Bahamas,2020,22.774993896484375,-74.2750015258789,1.0185307458554504e-11,3.2193188045246007e-17,2020,2020
BHS,Bahamas,2020,22.774993896484375,-74.22500610351562,89.53768886628232,0.0002830060522510766,2020,2020
BHS,Bahamas,2020,22.824996948242188,-74.32500457763672,99.05361524224827,0.0003130834955185246,2020,2020
BHS,Bahamas,2020,22.824996948242188,-74.2750015258789,18.16024231912306,5.7399945785213876e-05,2020,2020
BHS,Bahamas,2020,22.92499542236328,-74.87500762939453,81.51213325560501,0.00025763929508704875,2020,2020
BHS,Bahamas,2020,22.974998474121094,-74.87500762939453,74.9789414703846,0.0002369895235869642,2020,2020
BHS,Bahamas,2020,23.024993896484375,-74.92500305175781,34.273944072425365,0.00010833129299882979,2020,2020
BHS,Bahamas,2020,23.024993896484375,-74.87500762939453,100.08587825298905,0.00031634621854894414,2020,2020
BHS,Bahamas,2020,23.074996948242188,-74.97500610351562,88.99685463316288,0.00028129661164371457,2020,2020
BHS,Bahamas,2020,23.074996948242188,-74.92500305175781,28.80918582534632,9.105857044372762e-05,2020,2020
BHS,Bahamas,2020,23.074996948242188,-73.7750015258789,0.0,0.0,2020,2020
BHS,Bahamas,2020,23.125,-75.12500762939453,0.0,0.0,2020,2020
BHS,Bahamas,2020,23.17499542236328,-75.22500610351562,0.0,0.0,2020,2020
BHS,Bahamas,2020,23.17499542236328,-75.17500305175781,0.0,0.0,2020,2020
BHS,Bahamas,2020,23.224998474121094,-75.12500762939453,69.19456833600998,0.00021870657898302988,2020,2020
BHS,Bahamas,2020,23.42499542236328,-75.57500457763672,62.44670355327436,0.00019737828028036796,2020,2020
BHS,Bahamas,2020,23.42499542236328,-75.17500305175781,113.28659239411672,0.00035807034660360903,2020,2020
BHS,Bahamas,2020,23.474998474121094,-75.7750015258789,779.216539144539,0.002462906954426495,2020,2020
BHS,Bahamas,2020,23.474998474121094,-75.72500610351562,363.5490968115628,0.0011490870044874408,2020,2020
BHS,Bahamas,2020,23.474998474121094,-75.22500610351562,191.9791173785925,0.0006067975710775948,2020,2020
BHS,Bahamas,2020,23.524993896484375,-75.82500457763672,491.12950766850145,0.001552336506215302,2020,2020
BHS,Bahamas,2020,23.524993896484375,-75.22500610351562,75.63969742507513,0.0002390780065108157,2020,2020
BHS,Bahamas,2020,23.574996948242188,-75.92500305175781,187.26395390927792,0.0005918941285600862,2020,2020
BHS,Bahamas,2020,23.574996948242188,-75.87500762939453,703.6898285746574,0.0022241860708685883,2020,2020
BHS,Bahamas,2020,23.625,-75.97500610351562,153.4191665649414,0.00048491929174134386,2020,2020
BHS,Bahamas,2020,23.625,-75.92500305175781,1220.6450876668123,0.003858151263834349,2020,2020
BHS,Bahamas,2020,23.67499542236328,-76.0250015258789,152.66547405720155,0.0004825370598127845,2020,2020
BHS,Bahamas,2020,23.67499542236328,-75.32500457763672,67.7414140403389,0.00021411352475372383,2020,2020
BHS,Bahamas,2020,23.67499542236328,-74.92500305175781,0.21667000651359558,6.848392443566737e-07,2020,2020
BHS,Bahamas,2020,23.67499542236328,-74.87500762939453,5.601076990367495,1.770359172175562e-05,2020,2020
BHS,Bahamas,2020,23.67499542236328,-74.82500457763672,31.590347409276795,9.984912077517484e-05,2020,2020
BHS,Bahamas,2020,23.774993896484375,-77.72500610351562,0.0,0.0,2020,2020
BHS,Bahamas,2020,23.774993896484375,-77.62500762939453,0.0,0.0,2020,2020
BHS,Bahamas,2020,23.774993896484375,-77.57500457763672,0.0,0.0,2020,2020
BHS,Bahamas,2020,23.824996948242188,-77.72500610351562,0.0,0.0,2020,2020
BHS,Bahamas,2020,23.824996948242188,-77.67500305175781,0.14621800184249878,4.621582262558167e-07,2020,2020
BHS,Bahamas,2020,23.824996948242188,-77.57500457763672,0.0,0.0,2020,2020
BHS,Bahamas,2020,23.875,-77.7750015258789,0.0,0.0,2020,2020
BHS,Bahamas,2020,23.875,-77.72500610351562,0.029562000185251236,9.343802676845796e-08,2020,2020
BHS,Bahamas,2020,23.875,-77.67500305175781,0.0,0.0,2020,2020
BHS,Bahamas,2020,23.875,-77.62500762939453,0.0,0.0,2020,2020
BHS,Bahamas,2020,23.875,-77.57500457763672,0.0,0.0,2020,2020
BHS,Bahamas,2020,23.875,-77.5250015258789,49.16930917651934,0.00015541178534036852,2020,2020
BHS,Bahamas,2020,23.92499542236328,-77.7750015258789,0.0,0.0,2020,2020
BHS,Bahamas,2020,23.92499542236328,-77.72500610351562,0.0,0.0,2020,2020
BHS,Bahamas,2020,23.92499542236328,-77.67500305175781,0.0,0.0,2020,2020
BHS,Bahamas,2020,23.92499542236328,-77.62500762939453,0.0,0.0,2020,2020
BHS,Bahamas,2020,23.92499542236328,-77.5250015258789,57.52414683997631,0.0001818193200251728,2020,2020
BHS,Bahamas,2020,23.974998474121094,-77.82500457763672,0.0,0.0,2020,2020
BHS,Bahamas,2020,23.974998474121094,-77.7750015258789,0.0,0.0,2020,2020
BHS,Bahamas,2020,23.974998474121094,-77.72500610351562,0.0,0.0,2020,2020
BHS,Bahamas,2020,23.974998474121094,-77.67500305175781,0.0,0.0,2020,2020
BHS,Bahamas,2020,23.974998474121094,-77.62500762939453,0.05694900080561638,1.8000142846785162e-07,2020,2020
BHS,Bahamas,2020,23.974998474121094,-77.57500457763672,13.350034721227956,4.219609274829384e-05,2020,2020
BHS,Bahamas,2020,23.974998474121094,-76.32500457763672,46.92509128153324,0.00014831837858737815,2020,2020
BHS,Bahamas,2020,23.974998474121094,-74.5250015258789,80.81848410518437,0.00025544684506747064,2020,2020
BHS,Bahamas,2020,24.024993896484375,-77.82500457763672,0.0,0.0,2020,2020
BHS,Bahamas,2020,24.024993896484375,-77.7750015258789,4.4802436066637696e-11,1.4160920080689194e-16,2020,2020
BHS,Bahamas,2020,24.024993896484375,-77.72500610351562,2.455840066075325,7.762291062682624e-06,2020,2020
BHS,Bahamas,2020,24.024993896484375,-77.67500305175781,0.0,0.0,2020,2020
BHS,Bahamas,2020,24.024993896484375,-77.62500762939453,0.23313500359654427,7.368809475072843e-07,2020,2020
BHS,Bahamas,2020,24.024993896484375,-77.57500457763672,1.7686739340424538,5.590332229149471e-06,2020,2020
BHS,Bahamas,2020,24.024993896484375,-74.5250015258789,93.24200120568275,0.000294714449293179,2020,2020
BHS,Bahamas,2020,24.024993896484375,-74.47500610351562,4.294201947748661,1.3572889318331275e-05,2020,2020
BHS,Bahamas,2020,24.074996948242188,-77.87500762939453,0.0,0.0,2020,2020
BHS,Bahamas,2020,24.074996948242188,-77.82500457763672,0.0,0.0,2020,2020
BHS,Bahamas,2020,24.074996948242188,-77.7750015258789,0.0,0.0,2020,2020
BHS,Bahamas,2020,24.074996948242188,-77.72500610351562,0.8069580011093505,2.550590719037167e-06,2020,2020
BHS,Bahamas,2020,24.074996948242188,-77.67500305175781,0.1927340030670166,6.091835743493656e-07,2020,2020
BHS,Bahamas,2020,24.074996948242188,-77.62500762939453,0.46522699296474457,1.4704651900968644e-06,2020,2020
BHS,Bahamas,2020,24.074996948242188,-77.57500457763672,26.709866792032653,8.442315244761517e-05,2020,2020
BHS,Bahamas,2020,24.074996948242188,-76.37500762939453,173.57557034492493,0.0005486286004534647,2020,2020
BHS,Bahamas,2020,24.074996948242188,-74.5250015258789,436.3922679424286,0.0013793258966927438,2020,2020
BHS,Bahamas,2020,24.074996948242188,-74.47500610351562,8.83035197108984,2.7910515482008674e-05,2020,2020
BHS,Bahamas,2020,24.125,-77.87500762939453,0.0,0.0,2020,2020
BHS,Bahamas,2020,24.125,-77.82500457763672,0.0,0.0,2020,2020
BHS,Bahamas,2020,24.125,-77.7750015258789,0.0,0.0,2020,2020
BHS,Bahamas,2020,24.125,-77.62500762939453,3.6322561278939247,1.1480645530791022e-05,2020,2020
BHS,Bahamas,2020,24.125,-77.57500457763672,257.69255074858665,0.0008145011604083385,2020,2020
BHS,Bahamas,2020,24.125,-74.47500610351562,134.06183341890733,0.00042373564376993646,2020,2020
BHS,Bahamas,2020,24.17499542236328,-77.92500305175781,0.0,0.0,2020,2020
BHS,Bahamas,2020,24.17499542236328,-77.82500457763672,0.0,0.0,2020,2020
BHS,Bahamas,2020,24.17499542236328,-77.7750015258789,0.0,0.0,2020,2020
BHS,Bahamas,2020,24.17499542236328,-77.62500762939453,15.942852421674731,5.0391335566164705e-05,2020,2020
BHS,Bahamas,2020,24.17499542236328,-75.47500610351562,29.40658211708069,9.294678945288325e-05,2020,2020
BHS,Bahamas,2020,24.17499542236328,-75.42500305175781,12.310754299163818,3.891118945053893e-05,2020,2020
BHS,Bahamas,2020,24.17499542236328,-75.37500762939453,57.95882511138916,0.00018319322841112176,2020,2020
BHS,Bahamas,2020,24.17499542236328,-75.32500457763672,86.52530860155821,0.0002734846779851873,2020,2020
BHS,Bahamas,2020,24.224998474121094,-77.87500762939453,0.0,0.0,2020,2020
BHS,Bahamas,2020,24.224998474121094,-77.7750015258789,0.0,0.0,2020,2020
BHS,Bahamas,2020,24.224998474121094,-77.72500610351562,0.0,0.0,2020,2020
BHS,Bahamas,2020,24.224998474121094,-77.67500305175781,19.910807721323042,6.293304151235295e-05,2020,2020
BHS,Bahamas,2020,24.224998474121094,-76.47500610351562,107.76228535175946,0.00034060940532540396,2020,2020
BHS,Bahamas,2020,24.224998474121094,-75.37500762939453,305.1926699280739,0.0009646370571536538,2020,2020
BHS,Bahamas,2020,24.224998474121094,-75.32500457763672,3.834312915802002,1.2119296076728129e-05,2020,2020
BHS,Bahamas,2020,24.274993896484375,-78.0250015258789,0.0,0.0,2020,2020
BHS,Bahamas,2020,24.274993896484375,-77.67500305175781,336.4427310824394,0.0010634106189004785,2020,2020
BHS,Bahamas,2020,24.274993896484375,-76.5250015258789,34.44570818545863,0.00010887419603958782,2020,2020
BHS,Bahamas,2020,24.274993896484375,-75.37500762939453,5.118105888366699,1.6177041878228568e-05,2020,2020
BHS,Bahamas,2020,24.324996948242188,-78.0250015258789,0.0,0.0,2020,2020
BHS,Bahamas,2020,24.324996948242188,-77.87500762939453,0.0,0.0,2020,2020
BHS,Bahamas,2020,24.324996948242188,-77.7750015258789,0.0,0.0,2020,2020
BHS,Bahamas,2020,24.324996948242188,-75.47500610351562,110.01318650320172,0.0003477239361664715,2020,2020
BHS,Bahamas,2020,24.324996948242188,-75.42500305175781,57.408664718278125,0.00018145431016417237,2020,2020
BHS,Bahamas,2020,24.375,-78.07500457763672,0.0,0.0,2020,2020
BHS,Bahamas,2020,24.375,-78.0250015258789,0.0,0.0,2020,2020
BHS,Bahamas,2020,24.375,-77.97500610351562,0.0,0.0,2020,2020
BHS,Bahamas,2020,24.375,-77.92500305175781,0.0,0.0,2020,2020
BHS,Bahamas,2020,24.375,-77.87500762939453,0.0,0.0,2020,2020
BHS,Bahamas,2020,24.42499542236328,-78.12500762939453,0.0,0.0,2020,2020
BHS,Bahamas,2020,24.42499542236328,-78.07500457763672,0.0,0.0,2020,2020
BHS,Bahamas,2020,24.42499542236328,-78.0250015258789,0.0,0.0,2020,2020
BHS,Bahamas,2020,24.42499542236328,-77.97500610351562,0.0,0.0,2020,2020
BHS,Bahamas,2020,24.42499542236328,-77.92500305175781,0.10261400043964386,3.2433697516454143e-07,2020,2020
BHS,Bahamas,2020,24.42499542236328,-77.87500762939453,0.0,0.0,2020,2020
BHS,Bahamas,2020,24.42499542236328,-75.5250015258789,68.14246889204463,0.0002153811579901243,2020,2020
BHS,Bahamas,2020,24.474998474121094,-78.22500610351562,0.0,0.0,2020,2020
BHS,Bahamas,2020,24.474998474121094,-78.17500305175781,0.7703679800033569,2.434938890671846e-06,2020,2020
BHS,Bahamas,2020,24.474998474121094,-78.12500762939453,2.625946044921875,8.299953159473644e-06,2020,2020
BHS,Bahamas,2020,24.474998474121094,-78.07500457763672,0.0,0.0,2020,2020
BHS,Bahamas,2020,24.474998474121094,-78.0250015258789,0.0,0.0,2020,2020
BHS,Bahamas,2020,24.474998474121094,-77.97500610351562,0.2018519938131505,6.380032434540585e-07,2020,2020
BHS,Bahamas,2020,24.474998474121094,-77.92500305175781,0.07664100080728531,2.4224287396376226e-07,2020,2020
BHS,Bahamas,2020,24.474998474121094,-77.87500762939453,0.0,0.0,2020,2020
BHS,Bahamas,2020,24.474998474121094,-77.82500457763672,0.0,0.0,2020,2020
BHS,Bahamas,2020,24.474998474121094,-77.7750015258789,1.9663729667663574,6.215209010016637e-06,2020,2020
BHS,Bahamas,2020,24.524993896484375,-78.32500457763672,0.0,0.0,2020,2020
BHS,Bahamas,2020,24.524993896484375,-78.2750015258789,0.0,0.0,2020,2020
BHS,Bahamas,2020,24.524993896484375,-78.22500610351562,0.0,0.0,2020,2020
BHS,Bahamas,2020,24.524993896484375,-78.17500305175781,0.0,0.0,2020,2020
BHS,Bahamas,2020,24.524993896484375,-78.12500762939453,0.0,0.0,2020,2020
BHS,Bahamas,2020,24.524993896484375,-78.07500457763672,0.0,0.0,2020,2020
BHS,Bahamas,2020,24.524993896484375,-78.0250015258789,0.0,0.0,2020,2020
BHS,Bahamas,2020,24.524993896484375,-77.97500610351562,0.0,0.0,2020,2020
BHS,Bahamas,2020,24.524993896484375,-77.92500305175781,0.34255699813424867,1.0827362749750456e-06,2020,2020
BHS,Bahamas,2020,24.524993896484375,-77.87500762939453,0.0,0.0,2020,2020
BHS,Bahamas,2020,24.524993896484375,-77.82500457763672,0.0,0.0,2020,2020
BHS,Bahamas,2020,24.524993896484375,-77.7750015258789,2.5045491084982667,7.916248060898579e-06,2020,2020
BHS,Bahamas,2020,24.524993896484375,-77.72500610351562,103.54999237889503,0.0003272954096184606,2020,2020
BHS,Bahamas,2020,24.524993896484375,-76.7750015258789,0.4776049852371216,1.5095889018226752e-06,2020,2020
BHS,Bahamas,2020,24.524993896484375,-75.57500457763672,53.369102478037604,0.00016868627273872245,2020,2020
BHS,Bahamas,2020,24.574996948242188,-78.37500762939453,0.22856899537146091,7.224489470984219e-07,2020,2020
BHS,Bahamas,2020,24.574996948242188,-78.32500457763672,0.03208800032734871,1.0142207613640929e-07,2020,2020
BHS,Bahamas,2020,24.574996948242188,-78.2750015258789,0.0,0.0,2020,2020
BHS,Bahamas,2020,24.574996948242188,-78.22500610351562,0.0,0.0,2020,2020
BHS,Bahamas,2020,24.574996948242188,-78.17500305175781,0.0,0.0,2020,2020
BHS,Bahamas,2020,24.574996948242188,-78.12500762939453,0.0,0.0,2020,2020
BHS,Bahamas,2020,24.574996948242188,-78.07500457763672,0.08294200153667443,2.621587480971529e-07,2020,2020
BHS,Bahamas,2020,24.574996948242188,-78.0250015258789,0.07899799942970276,2.496927521517929e-07,2020,2020
BHS,Bahamas,2020,24.574996948242188,-77.97500610351562,0.0728989988565445,2.3041534956589073e-07,2020,2020
BHS,Bahamas,2020,24.574996948242188,-77.92500305175781,0.0,0.0,2020,2020
BHS,Bahamas,2020,24.574996948242188,-77.87500762939453,0.0,0.0,2020,2020
BHS,Bahamas,2020,24.574996948242188,-77.82500457763672,0.0,0.0,2020,2020
BHS,Bahamas,2020,24.574996948242188,-77.7750015258789,55.137948751449585,0.00017427714968915338,2020,2020
BHS,Bahamas,2020,24.574996948242188,-75.62500762939453,96.13619528711706,0.0003038622668413668,2020,2020
BHS,Bahamas,2020,24.625,-78.42500305175781,0.0,0.0,2020,2020
BHS,Bahamas,2020,24.625,-78.37500762939453,0.0,0.0,2020,2020
BHS,Bahamas,2020,24.625,-78.32500457763672,0.0,0.0,2020,2020
BHS,Bahamas,2020,24.625,-78.17500305175781,0.0,0.0,2020,2020
BHS,Bahamas,2020,24.625,-78.12500762939453,0.0,0.0,2020,2020
BHS,Bahamas,2020,24.625,-78.07500457763672,0.06864699721336365,2.1697584476698083e-07,2020,2020
BHS,Bahamas,2020,24.625,-78.0250015258789,0.141464002430439,4.47132033118084e-07,2020,2020
BHS,Bahamas,2020,24.625,-77.97500610351562,0.0,0.0,2020,2020
BHS,Bahamas,2020,24.625,-77.92500305175781,0.13622699677944183,4.3057917907782954e-07,2020,2020
BHS,Bahamas,2020,24.625,-77.87500762939453,0.0,0.0,2020,2020
BHS,Bahamas,2020,24.625,-77.82500457763672,0.0,0.0,2020,2020
BHS,Bahamas,2020,24.625,-77.7750015258789,134.66452339291573,0.0004256405947736434,2020,2020
BHS,Bahamas,2020,24.625,-75.67500305175781,133.64741921425514,0.00042242578498822794,2020,2020
BHS,Bahamas,2020,24.625,-75.62500762939453,7.652159154415131,2.418654513991456e-05,2020,2020
BHS,Bahamas,2020,24.67499542236328,-78.32500457763672,0.0,0.0,2020,2020
BHS,Bahamas,2020,24.67499542236328,-78.22500610351562,0.0,0.0,2020,2020
BHS,Bahamas,2020,24.67499542236328,-78.17500305175781,0.0,0.0,2020,2020
BHS,Bahamas,2020,24.67499542236328,-78.12500762939453,0.0,0.0,2020,2020
BHS,Bahamas,2020,24.67499542236328,-78.07500457763672,0.15310899913311005,4.839389307164961e-07,2020,2020
BHS,Bahamas,2020,24.67499542236328,-78.0250015258789,1.8794799875468016,5.9405622179379805e-06,2020,2020
BHS,Bahamas,2020,24.67499542236328,-77.97500610351562,0.12017800286412239,3.7985235702014634e-07,2020,2020
BHS,Bahamas,2020,24.67499542236328,-77.92500305175781,0.8737019747541164,2.7615515862644224e-06,2020,2020
BHS,Bahamas,2020,24.67499542236328,-77.87500762939453,6.42316104657948,2.0301992086037505e-05,2020,2020
BHS,Bahamas,2020,24.67499542236328,-77.82500457763672,3.7442249507067213,1.1834550740102078e-05,2020,2020
BHS,Bahamas,2020,24.67499542236328,-77.7750015258789,87.4287393354053,0.0002763401946810693,2020,2020
BHS,Bahamas,2020,24.67499542236328,-76.17500305175781,49.75913542509079,0.0001572760773523229,2020,2020
BHS,Bahamas,2020,24.67499542236328,-75.72500610351562,37.84826170842723,0.00011962880956938776,2020,2020
BHS,Bahamas,2020,24.724998474121094,-78.2750015258789,0.0,0.0,2020,2020
BHS,Bahamas,2020,24.724998474121094,-78.22500610351562,0.0,0.0,2020,2020
BHS,Bahamas,2020,24.724998474121094,-78.17500305175781,0.0,0.0,2020,2020
BHS,Bahamas,2020,24.724998474121094,-78.12500762939453,0.0,0.0,2020,2020
BHS,Bahamas,2020,24.724998474121094,-78.07500457763672,1.8945199437439442,5.988099726257399e-06,2020,2020
BHS,Bahamas,2020,24.724998474121094,-78.0250015258789,0.07546299695968628,2.385195009052566e-07,2020,2020
BHS,Bahamas,2020,24.724998474121094,-77.97500610351562,0.01864200085401535,5.892266300993188e-08,2020,2020
BHS,Bahamas,2020,24.724998474121094,-77.92500305175781,0.413770001383399,1.307822617650063e-06,2020,2020
BHS,Bahamas,2020,24.724998474121094,-77.87500762939453,5.435349926352501,1.7179770270343253e-05,2020,2020
BHS,Bahamas,2020,24.724998474121094,-77.82500457763672,86.84896516801952,0.00027450767476251247,2020,2020
BHS,Bahamas,2020,24.724998474121094,-77.7750015258789,1012.8894224762961,0.003201488004118411,2020,2020
BHS,Bahamas,2020,24.774993896484375,-78.2750015258789,0.0,0.0,2020,2020
BHS,Bahamas,2020,24.774993896484375,-78.22500610351562,0.0,0.0,2020,2020
BHS,Bahamas,2020,24.774993896484375,-78.17500305175781,0.018094999715685844,5.719373037055286e-08,2020,2020
BHS,Bahamas,2020,24.774993896484375,-78.12500762939453,0.17109300196340527,5.407818279267975e-07,2020,2020
BHS,Bahamas,2020,24.774993896484375,-78.07500457763672,2.6926660835749976,8.510838374228947e-06,2020,2020
BHS,Bahamas,2020,24.774993896484375,-78.0250015258789,0.0,0.0,2020,2020
BHS,Bahamas,2020,24.774993896484375,-77.97500610351562,0.0523190014064312,1.6536716809683498e-07,2020,2020
BHS,Bahamas,2020,24.774993896484375,-77.92500305175781,0.08825399728234588,2.789486269134589e-07,2020,2020
BHS,Bahamas,2020,24.774993896484375,-77.87500762939453,105.51174557209015,0.0003334960166893693,2020,2020
BHS,Bahamas,2020,24.774993896484375,-76.2750015258789,249.23783373832703,0.0007877779322988106,2020,2020
BHS,Bahamas,2020,24.774993896484375,-76.22500610351562,268.4546465799243,0.0008485174310284482,2020,2020
BHS,Bahamas,2020,24.824996948242188,-78.22500610351562,0.0,0.0,2020,2020
BHS,Bahamas,2020,24.824996948242188,-78.17500305175781,0.0,0.0,2020,2020
BHS,Bahamas,2020,24.824996948242188,-78.12500762939453,0.03147999942302704,9.950033862144918e-08,2020,2020
BHS,Bahamas,2020,24.824996948242188,-78.07500457763672,0.0,0.0,2020,2020
BHS,Bahamas,2020,24.824996948242188,-78.0250015258789,0.36701299250125885,1.1600355051351895e-06,2020,2020
BHS,Bahamas,2020,24.824996948242188,-77.97500610351562,0.3860660158097744,1.2202573064600311e-06,2020,2020
BHS,Bahamas,2020,24.824996948242188,-77.92500305175781,32.30475785955787,0.00010210719202741482,2020,2020
BHS,Bahamas,2020,24.824996948242188,-77.87500762939453,151.2166471555829,0.00047795768338466834,2020,2020
BHS,Bahamas,2020,24.824996948242188,-76.17500305175781,43.0825627679265,0.000136173115078041,2020,2020
BHS,Bahamas,2020,24.875,-78.17500305175781,0.0,0.0,2020,2020
BHS,Bahamas,2020,24.875,-78.12500762939453,0.021949000656604767,6.937525532916871e-08,2020,2020
BHS,Bahamas,2020,24.875,-78.07500457763672,0.18561000378247372,5.866664093511834e-07,2020,2020
BHS,Bahamas,2020,24.875,-78.0250015258789,0.1890230029821396,5.974540390305246e-07,2020,2020
BHS,Bahamas,2020,24.875,-77.97500610351562,0.05370800010859966,1.6975744267572905e-07,2020,2020
BHS,Bahamas,2020,24.875,-77.92500305175781,147.4012635499247,0.00046589821808315295,2020,2020
BHS,Bahamas,2020,24.875,-76.17500305175781,589.2079103887081,0.0018623376009095102,2020,2020
BHS,Bahamas,2020,24.92499542236328,-78.17500305175781,0.0,0.0,2020,2020
BHS,Bahamas,2020,24.92499542236328,-78.12500762939453,0.12160800024867058,3.8437221809378576e-07,2020,2020
BHS,Bahamas,2020,24.92499542236328,-78.07500457763672,0.4918420035392046,1.5545885259643713e-06,2020,2020
BHS,Bahamas,2020,24.92499542236328,-78.0250015258789,12.667154897004366,4.00376818526983e-05,2020,2020
BHS,Bahamas,2020,24.92499542236328,-77.97500610351562,76.13547882437706,0.00024064504647323303,2020,2020
BHS,Bahamas,2020,24.92499542236328,-77.92500305175781,106.51135930419032,0.00033665554358446395,2020,2020
BHS,Bahamas,2020,24.92499542236328,-76.17500305175781,105.86412172021014,0.0003346097888209664,2020,2020
BHS,Bahamas,2020,24.974998474121094,-78.17500305175781,0.0,0.0,2020,2020
BHS,Bahamas,2020,24.974998474121094,-78.12500762939453,0.2544340044260025,8.042017173189706e-07,2020,2020
BHS,Bahamas,2020,24.974998474121094,-78.07500457763672,4.261928170933833,1.3470880049572536e-05,2020,2020
BHS,Bahamas,2020,24.974998474121094,-78.0250015258789,92.6047035531006,0.0002927001121458856,2020,2020
BHS,Bahamas,2020,24.974998474121094,-77.97500610351562,0.978456974029541,3.092655718768633e-06,2020,2020
BHS,Bahamas,2020,24.974998474121094,-76.17500305175781,443.500504553318,0.0014017932398550034,2020,2020
BHS,Bahamas,2020,25.024993896484375,-78.12500762939453,0.0,0.0,2020,2020
BHS,Bahamas,2020,25.024993896484375,-78.07500457763672,5.625985980060494,1.7782322755891495e-05,2020,2020
BHS,Bahamas,2020,25.024993896484375,-78.0250015258789,164.78938567638545,0.0005208576866754048,2020,2020
BHS,Bahamas,2020,25.024993896484375,-77.5250015258789,4780.178763389587,0.015108939464605264,2020,2020
BHS,Bahamas,2020,25.024993896484375,-77.47500610351562,2454.153016358614,0.007756958724018058,2020,2020
BHS,Bahamas,2020,25.024993896484375,-77.42500305175781,6845.989030927525,0.021638444703329512,2020,2020
BHS,Bahamas,2020,25.024993896484375,-77.37500762939453,65144.70217895508,0.20590597347527534,2020,2020
BHS,Bahamas,2020,25.024993896484375,-77.32500457763672,76980.0336369276,0.24331447123096303,2020,2020
BHS,Bahamas,2020,25.024993896484375,-76.12500762939453,48.24681126710476,0.00015249600211144037,2020,2020
BHS,Bahamas,2020,25.074996948242188,-78.12500762939453,0.0,0.0,2020,2020
BHS,Bahamas,2020,25.074996948242188,-78.07500457763672,7.800245806794818,2.465460969922702e-05,2020,2020
BHS,Bahamas,2020,25.074996948242188,-78.0250015258789,431.11320355534554,0.0013626401055953344,2020,2020
BHS,Bahamas,2020,25.074996948242188,-77.97500610351562,254.0298429429582,0.0008029242648044309,2020,2020
BHS,Bahamas,2020,25.074996948242188,-77.42500305175781,5426.3136630654335,0.01715120892112423,2020,2020
BHS,Bahamas,2020,25.074996948242188,-77.37500762939453,27203.46471643448,0.08598329099656637,2020,2020
BHS,Bahamas,2020,25.074996948242188,-77.32500457763672,53703.68549633026,0.16974380527453165,2020,2020
BHS,Bahamas,2020,25.074996948242188,-76.12500762939453,246.6151832640171,0.0007794883956068671,2020,2020
BHS,Bahamas,2020,25.125,-78.17500305175781,76.93767255545094,0.00024318057853628223,2020,2020
BHS,Bahamas,2020,25.125,-78.12500762939453,0.9257590249180794,2.9260907925504057e-06,2020,2020
BHS,Bahamas,2020,25.125,-78.07500457763672,357.28225031495094,0.0011292790832698374,2020,2020
BHS,Bahamas,2020,25.125,-78.0250015258789,1259.4188220502028,0.003980705259116301,2020,2020
BHS,Bahamas,2020,25.125,-76.12500762939453,73.90446864441856,0.00023359338597633378,2020,2020
BHS,Bahamas,2020,25.17499542236328,-78.17500305175781,0.0,0.0,2020,2020
BHS,Bahamas,2020,25.17499542236328,-78.12500762939453,0.0,0.0,2020,2020
BHS,Bahamas,2020,25.17499542236328,-76.22500610351562,614.9125072658156,0.001943583348694664,2020,2020
BHS,Bahamas,2020,25.17499542236328,-76.17500305175781,1035.1422107815742,0.003271823455586907,2020,2020
BHS,Bahamas,2020,25.224998474121094,-76.2750015258789,379.0117468088865,0.0011979605413018428,2020,2020
BHS,Bahamas,2020,25.324996948242188,-76.37500762939453,283.9522728025913,0.000897501518869824,2020,2020
BHS,Bahamas,2020,25.375,-76.5250015258789,317.41068936139345,0.0010032551350818728,2020,2020
BHS,Bahamas,2020,25.42499542236328,-76.7750015258789,132.88565021753584,0.0004200180253149718,2020,2020
BHS,Bahamas,2020,25.42499542236328,-76.57500457763672,179.38236811757088,0.0005669824236832681,2020,2020
BHS,Bahamas,2020,25.474998474121094,-76.72500610351562,989.6246504570967,0.0031279539273621104,2020,2020
BHS,Bahamas,2020,25.474998474121094,-76.67500305175781,296.1008808389306,0.0009359002048784016,2020,2020
BHS,Bahamas,2020,25.524993896484375,-76.82500457763672,52.463731586933136,0.00016582462369507594,2020,2020
BHS,Bahamas,2020,25.524993896484375,-76.72500610351562,158.76486176254951,0.0005018156860258999,2020,2020
BHS,Bahamas,2020,25.774993896484375,-77.87500762939453,340.27157412841916,0.0010755126260982514,2020,2020
BHS,Bahamas,2020,25.92499542236328,-77.2750015258789,0.0,0.0,2020,2020
BHS,Bahamas,2020,25.92499542236328,-77.22500610351562,0.0,0.0,2020,2020
BHS,Bahamas,2020,25.974998474121094,-77.2750015258789,0.0,0.0,2020,2020
BHS,Bahamas,2020,25.974998474121094,-77.22500610351562,0.0,0.0,2020,2020
BHS,Bahamas,2020,26.024993896484375,-77.37500762939453,173.61255699396133,0.0005487455059226848,2020,2020
BHS,Bahamas,2020,26.024993896484375,-77.32500457763672,0.8550680279765905,2.7026543801589594e-06,2020,2020
BHS,Bahamas,2020,26.024993896484375,-77.2750015258789,0.2381870001554489,7.528490344684839e-07,2020,2020
BHS,Bahamas,2020,26.024993896484375,-77.22500610351562,0.0,0.0,2020,2020
BHS,Bahamas,2020,26.074996948242188,-77.2750015258789,0.0,0.0,2020,2020
BHS,Bahamas,2020,26.074996948242188,-77.22500610351562,0.6931519880890846,2.190878614837114e-06,2020,2020
BHS,Bahamas,2020,26.125,-77.22500610351562,15.284868486225605,4.8311614296005725e-05,2020,2020
BHS,Bahamas,2020,26.17499542236328,-77.22500610351562,0.16706499457359314,5.280503124693088e-07,2020,2020
BHS,Bahamas,2020,26.224998474121094,-77.22500610351562,0.0,0.0,2020,2020
BHS,Bahamas,2020,26.224998474121094,-77.17500305175781,53.23409482836827,0.00016825954760832875,2020,2020
BHS,Bahamas,2020,26.274993896484375,-77.22500610351562,0.0,0.0,2020,2020
BHS,Bahamas,2020,26.274993896484375,-77.17500305175781,1.9415470361709595,6.136740504739989e-06,2020,2020
BHS,Bahamas,2020,26.324996948242188,-77.57500457763672,168.79487622529268,0.0005335180320777542,2020,2020
BHS,Bahamas,2020,26.324996948242188,-77.22500610351562,0.0,0.0,2020,2020
BHS,Bahamas,2020,26.324996948242188,-77.17500305175781,0.0,0.0,2020,2020
BHS,Bahamas,2020,26.324996948242188,-77.12500762939453,6.132841900922358,1.9384366487860295e-05,2020,2020
BHS,Bahamas,2020,26.324996948242188,-77.07500457763672,14.809046912938356,4.680766230956317e-05,2020,2020
BHS,Bahamas,2020,26.324996948242188,-77.0250015258789,90.87375788390771,0.000287229029446499,2020,2020
BHS,Bahamas,2020,26.375,-77.22500610351562,0.0,0.0,2020,2020
BHS,Bahamas,2020,26.375,-77.17500305175781,0.4254109859466553,1.3446168338876848e-06,2020,2020
BHS,Bahamas,2020,26.375,-77.12500762939453,3.3421450108647477,1.0563677458639949e-05,2020,2020
BHS,Bahamas,2020,26.375,-77.07500457763672,52.82510073112093,0.0001669668204191244,2020,2020
BHS,Bahamas,2020,26.375,-77.0250015258789,48.78387036175919,0.0001541935104582403,2020,2020
BHS,Bahamas,2020,26.42499542236328,-77.22500610351562,0.0,0.0,2020,2020
BHS,Bahamas,2020,26.42499542236328,-77.17500305175781,0.0,0.0,2020,2020
BHS,Bahamas,2020,26.42499542236328,-77.12500762939453,17.00338986516659,5.3743426947430017e-05,2020,2020
BHS,Bahamas,2020,26.42499542236328,-77.07500457763672,7.2916470766067505,2.304705738653115e-05,2020,2020
BHS,Bahamas,2020,26.474998474121094,-77.17500305175781,0.09179600328207016,2.901440145510449e-07,2020,2020
BHS,Bahamas,2020,26.474998474121094,-77.12500762939453,3.3192680329301423,1.0491369101179701e-05,2020,2020
BHS,Bahamas,2020,26.474998474121094,-77.07500457763672,248.32514105737582,0.0007848931409240834,2020,2020
BHS,Bahamas,2020,26.524993896484375,-78.7750015258789,3384.481410145762,0.010697492139125377,2020,2020
BHS,Bahamas,2020,26.524993896484375,-78.72500610351562,9454.360354423523,0.029882848600887562,2020,2020
BHS,Bahamas,2020,26.524993896484375,-78.67500305175781,17794.097076416016,0.05624265301832346,2020,2020
BHS,Bahamas,2020,26.524993896484375,-78.62500762939453,4160.261591166258,0.013149537632203917,2020,2020
BHS,Bahamas,2020,26.524993896484375,-77.12500762939453,206.70573829114437,0.0006533447055885562,2020,2020
BHS,Bahamas,2020,26.524993896484375,-77.07500457763672,6376.8236092329025,0.02015553113332662,2020,2020
BHS,Bahamas,2020,26.574996948242188,-78.82500457763672,1648.003468632698,0.005208923322226308,2020,2020
BHS,Bahamas,2020,26.574996948242188,-78.7750015258789,0.0,0.0,2020,2020
BHS,Bahamas,2020,26.574996948242188,-78.67500305175781,713.1709768027067,0.002254153589181851,2020,2020
BHS,Bahamas,2020,26.574996948242188,-78.62500762939453,1412.3349462077224,0.0044640345606798545,2020,2020
BHS,Bahamas,2020,26.574996948242188,-78.57500457763672,2099.6401900053693,0.0066364330914161565,2020,2020
BHS,Bahamas,2020,26.574996948242188,-78.5250015258789,82.77685603499413,0.00026163676481760496,2020,2020
BHS,Bahamas,2020,26.574996948242188,-77.87500762939453,0.0,0.0,2020,2020
BHS,Bahamas,2020,26.574996948242188,-77.17500305175781,12.347460962831974,3.902720995662488e-05,2020,2020
BHS,Bahamas,2020,26.625,-78.87500762939453,158.16436490416527,0.0004999176669075563,2020,2020
BHS,Bahamas,2020,26.625,-78.57500457763672,0.0,0.0,2020,2020
BHS,Bahamas,2020,26.625,-78.5250015258789,1.8672429323335675,5.901883972710457e-06,2020,2020
BHS,Bahamas,2020,26.625,-78.47500610351562,4.623050928115845,1.461229800643686e-05,2020,2020
BHS,Bahamas,2020,26.625,-78.42500305175781,3.51754606515414,1.1118075953437493e-05,2020,2020
BHS,Bahamas,2020,26.625,-78.37500762939453,131.63871303946294,0.0004160767713844786,2020,2020
BHS,Bahamas,2020,26.625,-78.32500457763672,70.65063081310444,0.00022330882524034426,2020,2020
BHS,Bahamas,2020,26.625,-78.2750015258789,140.07691187411643,0.0004427477897069563,2020,2020
BHS,Bahamas,2020,26.625,-78.22500610351562,148.54286456108093,0.000469506530956804,2020,2020
BHS,Bahamas,2020,26.625,-77.32500457763672,0.0,0.0,2020,2020
BHS,Bahamas,2020,26.625,-77.2750015258789,95.72743982079996,0.0003025702939043479,2020,2020
BHS,Bahamas,2020,26.67499542236328,-78.57500457763672,0.0,0.0,2020,2020
BHS,Bahamas,2020,26.67499542236328,-78.5250015258789,2.3316289484543953,7.3696910471060445e-06,2020,2020
BHS,Bahamas,2020,26.67499542236328,-78.47500610351562,0.06853300333023071,2.1661553885273727e-07,2020,2020
BHS,Bahamas,2020,26.67499542236328,-78.42500305175781,0.13328500092029572,4.212802721663569e-07,2020,2020
BHS,Bahamas,2020,26.67499542236328,-78.37500762939453,0.0,0.0,2020,2020
BHS,Bahamas,2020,26.67499542236328,-78.32500457763672,1.2087440490726113,3.8205350823930064e-06,2020,2020
BHS,Bahamas,2020,26.67499542236328,-78.2750015258789,0.0,0.0,2020,2020
BHS,Bahamas,2020,26.67499542236328,-78.22500610351562,0.4410240054130554,1.3939656506692293e-06,2020,2020
BHS,Bahamas,2020,26.67499542236328,-78.17500305175781,3.7021508775708205,1.170156520640021e-05,2020,2020
BHS,Bahamas,2020,26.67499542236328,-78.12500762939453,6.787852805130288,2.1454690756092562e-05,2020,2020
BHS,Bahamas,2020,26.67499542236328,-78.07500457763672,2.5017319340258837,7.907343682909527e-06,2020,2020
BHS,Bahamas,2020,26.67499542236328,-78.0250015258789,2.0573340300642102,6.502713989857363e-06,2020,2020
BHS,Bahamas,2020,26.67499542236328,-77.97500610351562,39.415246468037665,0.00012458165318608234,2020,2020
BHS,Bahamas,2020,26.67499542236328,-77.92500305175781,7.061124086380005,2.2318432354511227e-05,2020,2020
BHS,Bahamas,2020,26.67499542236328,-77.32500457763672,861.7617841959529,0.002723811655339492,2020,2020
BHS,Bahamas,2020,26.67499542236328,-77.2750015258789,1622.6067950427532,0.005128650842290698,2020,2020
BHS,Bahamas,2020,26.724998474121094,-78.62500762939453,0.0,0.0,2020,2020
BHS,Bahamas,2020,26.724998474121094,-78.57500457763672,0.0,0.0,2020,2020
BHS,Bahamas,2020,26.724998474121094,-78.5250015258789,0.0,0.0,2020,2020
BHS,Bahamas,2020,26.724998474121094,-78.0250015258789,0.0,0.0,2020,2020
BHS,Bahamas,2020,26.724998474121094,-77.97500610351562,0.0,0.0,2020,2020
BHS,Bahamas,2020,26.724998474121094,-77.92500305175781,0.0,0.0,2020,2020
BHS,Bahamas,2020,26.724998474121094,-77.42500305175781,41.18707203868877,0.00013018194694367906,2020,2020
BHS,Bahamas,2020,26.724998474121094,-77.37500762939453,237.24460335080826,0.0007498703558504364,2020,2020
BHS,Bahamas,2020,26.774993896484375,-78.57500457763672,0.0,0.0,2020,2020
BHS,Bahamas,2020,26.774993896484375,-77.42500305175781,29.739799186587334,9.400000456908512e-05,2020,2020
BHS,Bahamas,2020,26.824996948242188,-77.47500610351562,8.50974091887474,2.6897144807108135e-05,2020,2020
BHS,Bahamas,2020,26.875,-77.67500305175781,19.239599227905273,6.081152074981417e-05,2020,2020
BHS,Bahamas,2020,26.875,-77.62500762939453,44.552843581914075,0.00014082030191227496,2020,2020
BHS,Bahamas,2020,26.875,-77.57500457763672,10.895922675728798,3.4439263522829284e-05,2020,2020
BHS,Bahamas,2020,26.875,-77.5250015258789,471.423259127944,0.0014900500246815816,2020,2020
BHS,Bahamas,2020,26.92499542236328,-77.87500762939453,0.0,0.0,2020,2020
BHS,Bahamas,2020,26.92499542236328,-77.82500457763672,130.81121821702163,0.0004134612689527925,2020,2020
BHS,Bahamas,2020,26.92499542236328,-77.7750015258789,163.0475858077407,0.0005153522965890829,2020,2020
BHS,Bahamas,2021,20.974998474121094,-73.67500305175781,481.38493779301643,0.0015178230459589439,2021,2021
BHS,Bahamas,2021,20.974998474121094,-73.62500762939453,0.06505999714136124,2.051363789733715e-07,2021,2021
BHS,Bahamas,2021,20.974998474121094,-73.57500457763672,0.0,0.0,2021,2021
BHS,Bahamas,2021,20.974998474121094,-73.5250015258789,0.0,0.0,2021,2021
BHS,Bahamas,2021,20.974998474121094,-73.47500610351562,0.0,0.0,2021,2021
BHS,Bahamas,2021,20.974998474121094,-73.42500305175781,0.0,0.0,2021,2021
BHS,Bahamas,2021,20.974998474121094,-73.37500762939453,0.0,0.0,2021,2021
BHS,Bahamas,2021,20.974998474121094,-73.32500457763672,0.0,0.0,2021,2021
BHS,Bahamas,2021,20.974998474121094,-73.2750015258789,0.0,0.0,2021,2021
BHS,Bahamas,2021,20.974998474121094,-73.22500610351562,0.0,0.0,2021,2021
BHS,Bahamas,2021,20.974998474121094,-73.17500305175781,0.0,0.0,2021,2021
BHS,Bahamas,2021,21.024993896484375,-73.67500305175781,0.781379994229453,2.46371764004523e-06,2021,2021
BHS,Bahamas,2021,21.024993896484375,-73.62500762939453,40.786361778155374,0.0001286007828818306,2021,2021
BHS,Bahamas,2021,21.024993896484375,-73.57500457763672,0.0,0.0,2021,2021
BHS,Bahamas,2021,21.024993896484375,-73.5250015258789,0.0,0.0,2021,2021
BHS,Bahamas,2021,21.024993896484375,-73.47500610351562,0.0,0.0,2021,2021
BHS,Bahamas,2021,21.024993896484375,-73.42500305175781,0.0,0.0,2021,2021
BHS,Bahamas,2021,21.024993896484375,-73.37500762939453,0.0,0.0,2021,2021
BHS,Bahamas,2021,21.024993896484375,-73.32500457763672,1.1840699911117554,3.733412866587403e-06,2021,2021
BHS,Bahamas,2021,21.024993896484375,-73.2750015258789,0.0,0.0,2021,2021
BHS,Bahamas,2021,21.024993896484375,-73.22500610351562,0.0,0.0,2021,2021
BHS,Bahamas,2021,21.024993896484375,-73.17500305175781,0.0,0.0,2021,2021
BHS,Bahamas,2021,21.024993896484375,-73.12500762939453,0.0,0.0,2021,2021
BHS,Bahamas,2021,21.074996948242188,-73.62500762939453,8.114535994828795,2.5585407380382744e-05,2021,2021
BHS,Bahamas,2021,21.074996948242188,-73.57500457763672,1.1004049703478813,3.4696142167205397e-06,2021,2021
BHS,Bahamas,2021,21.074996948242188,-73.5250015258789,0.0,0.0,2021,2021
BHS,Bahamas,2021,21.074996948242188,-73.47500610351562,0.0,0.0,2021,2021
BHS,Bahamas,2021,21.074996948242188,-73.42500305175781,0.0,0.0,2021,2021
BHS,Bahamas,2021,21.074996948242188,-73.37500762939453,0.0,0.0,2021,2021
BHS,Bahamas,2021,21.074996948242188,-73.32500457763672,0.0,0.0,2021,2021
BHS,Bahamas,2021,21.074996948242188,-73.2750015258789,0.0,0.0,2021,2021
BHS,Bahamas,2021,21.074996948242188,-73.22500610351562,0.0,0.0,2021,2021
BHS,Bahamas,2021,21.074996948242188,-73.17500305175781,0.0,0.0,2021,2021
BHS,Bahamas,2021,21.074996948242188,-73.12500762939453,0.0,0.0,2021,2021
BHS,Bahamas,2021,21.125,-73.5250015258789,0.0,0.0,2021,2021
BHS,Bahamas,2021,21.125,-73.47500610351562,0.0,0.0,2021,2021
BHS,Bahamas,2021,21.125,-73.42500305175781,0.0,0.0,2021,2021
BHS,Bahamas,2021,21.125,-73.37500762939453,0.0,0.0,2021,2021
BHS,Bahamas,2021,21.125,-73.32500457763672,0.0,0.0,2021,2021
BHS,Bahamas,2021,21.125,-73.2750015258789,0.0,0.0,2021,2021
BHS,Bahamas,2021,21.125,-73.22500610351562,0.0,0.0,2021,2021
BHS,Bahamas,2021,21.125,-73.17500305175781,0.0,0.0,2021,2021
BHS,Bahamas,2021,21.125,-73.12500762939453,0.0,0.0,2021,2021
BHS,Bahamas,2021,21.125,-73.07500457763672,0.0,0.0,2021,2021
BHS,Bahamas,2021,21.17499542236328,-73.47500610351562,0.0,0.0,2021,2021
BHS,Bahamas,2021,21.17499542236328,-73.42500305175781,0.0,0.0,2021,2021
BHS,Bahamas,2021,21.17499542236328,-73.37500762939453,0.0,0.0,2021,2021
BHS,Bahamas,2021,21.17499542236328,-73.12500762939453,0.0,0.0,2021,2021
BHS,Bahamas,2021,21.17499542236328,-73.07500457763672,0.025387000292539597,8.004607349877505e-08,2021,2021
BHS,Bahamas,2021,21.224998474121094,-73.07500457763672,0.0,0.0,2021,2021
BHS,Bahamas,2021,21.224998474121094,-73.0250015258789,0.0,0.0,2021,2021
BHS,Bahamas,2021,21.274993896484375,-73.07500457763672,0.0,0.0,2021,2021
BHS,Bahamas,2021,21.274993896484375,-73.0250015258789,0.0,0.0,2021,2021
BHS,Bahamas,2021,21.324996948242188,-73.0250015258789,0.0,0.0,2021,2021
BHS,Bahamas,2021,21.474998474121094,-73.0250015258789,0.7000679969822791,2.2073381531827286e-06,2021,2021
BHS,Bahamas,2021,21.474998474121094,-72.97500610351562,0.0,0.0,2021,2021
BHS,Bahamas,2021,21.524993896484375,-73.0250015258789,0.0,0.0,2021,2021
BHS,Bahamas,2021,21.524993896484375,-72.97500610351562,0.0,0.0,2021,2021
BHS,Bahamas,2021,22.17499542236328,-74.2750015258789,2.755904048681259,8.689458994536612e-06,2021,2021
BHS,Bahamas,2021,22.224998474121094,-74.22500610351562,118.43961399793663,0.00037344412250357224,2021,2021
BHS,Bahamas,2021,22.274993896484375,-74.17500305175781,0.20097699761390686,6.336872941736834e-07,2021,2021
BHS,Bahamas,2021,22.324996948242188,-74.12500762939453,1.5543780401349068,4.901006712560843e-06,2021,2021
BHS,Bahamas,2021,22.324996948242188,-74.07500457763672,3.453521952033043,1.0889071919351846e-05,2021,2021
BHS,Bahamas,2021,22.324996948242188,-72.82500457763672,0.0,0.0,2021,2021
BHS,Bahamas,2021,22.324996948242188,-72.7750015258789,0.0,0.0,2021,2021
BHS,Bahamas,2021,22.375,-74.07500457763672,0.0,0.0,2021,2021
BHS,Bahamas,2021,22.375,-74.0250015258789,4.8125100284814835,1.5174007445323308e-05,2021,2021
BHS,Bahamas,2021,22.375,-73.97500610351562,0.0,0.0,2021,2021
BHS,Bahamas,2021,22.375,-73.12500762939453,0.09945300221443176,3.1357869118824825e-07,2021,2021
BHS,Bahamas,2021,22.375,-73.07500457763672,0.0,0.0,2021,2021
BHS,Bahamas,2021,22.375,-73.0250015258789,39.81520296455402,0.00012553868618364914,2021,2021
BHS,Bahamas,2021,22.375,-72.97500610351562,96.71896016597748,0.0003049581638223733,2021,2021
BHS,Bahamas,2021,22.375,-72.92500305175781,1.1226220652461052,3.5396654709317393e-06,2021,2021
BHS,Bahamas,2021,22.375,-72.87500762939453,0.0,0.0,2021,2021
BHS,Bahamas,2021,22.375,-72.82500457763672,0.0,0.0,2021,2021
BHS,Bahamas,2021,22.42499542236328,-73.97500610351562,47.956257522110874,0.00015120770749229247,2021,2021
BHS,Bahamas,2021,22.42499542236328,-73.12500762939453,45.04791913182555,0.00014203761784540732,2021,2021
BHS,Bahamas,2021,22.42499542236328,-73.07500457763672,34.163497343664105,0.00010771866655509386,2021,2021
BHS,Bahamas,2021,22.42499542236328,-73.0250015258789,0.1171410009264946,3.693495514173748e-07,2021,2021
BHS,Bahamas,2021,22.474998474121094,-73.87500762939453,0.8666650056838989,2.7326241755382242e-06,2021,2021
BHS,Bahamas,2021,22.574996948242188,-74.37500762939453,1.5616739839315414,4.924011070959184e-06,2021,2021
BHS,Bahamas,2021,22.574996948242188,-73.87500762939453,67.52010789513588,0.00021289319167052347,2021,2021
BHS,Bahamas,2021,22.574996948242188,-73.62500762939453,0.0,0.0,2021,2021
BHS,Bahamas,2021,22.625,-74.32500457763672,12.093381881713867,3.8130843494609096e-05,2021,2021
BHS,Bahamas,2021,22.625,-74.0250015258789,0.0,0.0,2021,2021
BHS,Bahamas,2021,22.625,-73.97500610351562,0.0,0.0,2021,2021
BHS,Bahamas,2021,22.625,-73.92500305175781,0.20207299292087555,6.371430045721155e-07,2021,2021
BHS,Bahamas,2021,22.625,-73.87500762939453,50.8959993124017,0.00016047681312515415,2021,2021
BHS,Bahamas,2021,22.67499542236328,-74.07500457763672,0.08385799825191498,2.6440711443586816e-07,2021,2021
BHS,Bahamas,2021,22.67499542236328,-73.92500305175781,18.387923274189234,5.797774612734082e-05,2021,2021
BHS,Bahamas,2021,22.724998474121094,-74.2750015258789,0.49261000752727635,1.5532160717841134e-06,2021,2021
BHS,Bahamas,2021,22.724998474121094,-74.22500610351562,0.38084499165415764,1.2008171836886003e-06,2021,2021
BHS,Bahamas,2021,22.724998474121094,-74.17500305175781,39.989990133796816,0.00012608979606014618,2021,2021
BHS,Bahamas,2021,22.724998474121094,-74.12500762939453,12.140806868684951,3.82803760880239e-05,2021,2021
BHS,Bahamas,2021,22.724998474121094,-74.07500457763672,9.257841877639294,2.919028963005621e-05,2021,2021
BHS,Bahamas,2021,22.774993896484375,-74.2750015258789,1.0192311404588761e-11,3.213670376227426e-17,2021,2021
BHS,Bahamas,2021,22.774993896484375,-74.22500610351562,89.60381495955073,0.0002825238695148469,2021,2021
BHS,Bahamas,2021,22.824996948242188,-74.32500457763672,99.11997671425888,0.00031252865048408366,2021,2021
BHS,Bahamas,2021,22.824996948242188,-74.2750015258789,18.17275214196853,5.729930424503562e-05,2021,2021
BHS,Bahamas,2021,22.92499542236328,-74.87500762939453,79.8164933398406,0.00025166411228871676,2021,2021
BHS,Bahamas,2021,22.974998474121094,-74.87500762939453,73.2981965392828,0.0002311117012605572,2021,2021
BHS,Bahamas,2021,23.024993896484375,-74.92500305175781,33.51097737252712,0.00010566124894107198,2021,2021
BHS,Bahamas,2021,23.024993896484375,-74.87500762939453,98.07959628105748,0.00030924829567008074,2021,2021
BHS,Bahamas,2021,23.074996948242188,-74.97500610351562,86.31876362867064,0.0002721659911814957,2021,2021
BHS,Bahamas,2021,23.074996948242188,-74.92500305175781,28.14385999744831,8.87385457098296e-05,2021,2021
BHS,Bahamas,2021,23.074996948242188,-73.7750015258789,0.0,0.0,2021,2021
BHS,Bahamas,2021,23.125,-75.12500762939453,0.0,0.0,2021,2021
BHS,Bahamas,2021,23.17499542236328,-75.22500610351562,0.0,0.0,2021,2021
BHS,Bahamas,2021,23.17499542236328,-75.17500305175781,0.0,0.0,2021,2021
BHS,Bahamas,2021,23.224998474121094,-75.12500762939453,67.33267122507095,0.0002123021974886393,2021,2021
BHS,Bahamas,2021,23.42499542236328,-75.57500457763672,62.45915114887069,0.000196935823292318,2021,2021
BHS,Bahamas,2021,23.42499542236328,-75.17500305175781,109.78846365213703,0.00034616675186312175,2021,2021
BHS,Bahamas,2021,23.474998474121094,-75.7750015258789,779.4002701640359,0.0024574755028796886,2021,2021
BHS,Bahamas,2021,23.474998474121094,-75.72500610351562,363.63491413742304,0.00114655322520789,2021,2021
BHS,Bahamas,2021,23.474998474121094,-75.22500610351562,186.38561363518238,0.0005876801652907543,2021,2021
BHS,Bahamas,2021,23.524993896484375,-75.82500457763672,491.2368298547331,0.0015488863959800929,2021,2021
BHS,Bahamas,2021,23.524993896484375,-75.22500610351562,73.91063787043852,0.0002330427495625413,2021,2021
BHS,Bahamas,2021,23.574996948242188,-75.92500305175781,187.29774256050587,0.000590556138747857,2021,2021
BHS,Bahamas,2021,23.574996948242188,-75.87500762939453,703.842825293541,0.0022192403149571276,2021,2021
BHS,Bahamas,2021,23.625,-75.97500610351562,153.45796912908554,0.00048385818467451276,2021,2021
BHS,Bahamas,2021,23.625,-75.92500305175781,1220.9119420722154,0.0038495767882968093,2021,2021
BHS,Bahamas,2021,23.67499542236328,-76.0250015258789,152.69238555431764,0.00048144427368112397,2021,2021
BHS,Bahamas,2021,23.67499542236328,-75.32500457763672,65.95191466809487,0.00020794862520479203,2021,2021
BHS,Bahamas,2021,23.67499542236328,-74.92500305175781,0.2124200016260147,6.697674741730957e-07,2021,2021
BHS,Bahamas,2021,23.67499542236328,-74.87500762939453,5.476312845946832,1.7267000256732372e-05,2021,2021
BHS,Bahamas,2021,23.67499542236328,-74.82500457763672,30.42354750636011,9.592647779277909e-05,2021,2021
BHS,Bahamas,2021,23.774993896484375,-77.72500610351562,0.0,0.0,2021,2021
BHS,Bahamas,2021,23.774993896484375,-77.62500762939453,0.0,0.0,2021,2021
BHS,Bahamas,2021,23.774993896484375,-77.57500457763672,0.0,0.0,2021,2021
BHS,Bahamas,2021,23.824996948242188,-77.72500610351562,0.0,0.0,2021,2021
BHS,Bahamas,2021,23.824996948242188,-77.67500305175781,0.14504000544548035,4.573160594937802e-07,2021,2021
BHS,Bahamas,2021,23.824996948242188,-77.57500457763672,0.0,0.0,2021,2021
BHS,Bahamas,2021,23.875,-77.7750015258789,0.0,0.0,2021,2021
BHS,Bahamas,2021,23.875,-77.72500610351562,0.029309000819921494,9.241227426528714e-08,2021,2021
BHS,Bahamas,2021,23.875,-77.67500305175781,0.0,0.0,2021,2021
BHS,Bahamas,2021,23.875,-77.62500762939453,0.0,0.0,2021,2021
BHS,Bahamas,2021,23.875,-77.57500457763672,0.0,0.0,2021,2021
BHS,Bahamas,2021,23.875,-77.5250015258789,48.710253022625736,0.00015358508089428888,2021,2021
BHS,Bahamas,2021,23.92499542236328,-77.7750015258789,0.0,0.0,2021,2021
BHS,Bahamas,2021,23.92499542236328,-77.72500610351562,0.0,0.0,2021,2021
BHS,Bahamas,2021,23.92499542236328,-77.67500305175781,0.0,0.0,2021,2021
BHS,Bahamas,2021,23.92499542236328,-77.62500762939453,0.0,0.0,2021,2021
BHS,Bahamas,2021,23.92499542236328,-77.5250015258789,56.90160816907883,0.00017941270166680834,2021,2021
BHS,Bahamas,2021,23.974998474121094,-77.82500457763672,0.0,0.0,2021,2021
BHS,Bahamas,2021,23.974998474121094,-77.7750015258789,0.0,0.0,2021,2021
BHS,Bahamas,2021,23.974998474121094,-77.72500610351562,0.0,0.0,2021,2021
BHS,Bahamas,2021,23.974998474121094,-77.67500305175781,0.0,0.0,2021,2021
BHS,Bahamas,2021,23.974998474121094,-77.62500762939453,0.05642300099134445,1.7790363699258508e-07,2021,2021
BHS,Bahamas,2021,23.974998474121094,-77.57500457763672,13.214341022106149,4.1665265707040885e-05,2021,2021
BHS,Bahamas,2021,23.974998474121094,-76.32500457763672,46.932306200265884,0.00014797915422396253,2021,2021
BHS,Bahamas,2021,23.974998474121094,-74.5250015258789,77.70943356306773,0.0002450204813037895,2021,2021
BHS,Bahamas,2021,24.024993896484375,-77.82500457763672,0.0,0.0,2021,2021
BHS,Bahamas,2021,24.024993896484375,-77.7750015258789,4.443227036299291e-11,1.400964563835748e-16,2021,2021
BHS,Bahamas,2021,24.024993896484375,-77.72500610351562,2.4353629797697067,7.67878212583188e-06,2021,2021
BHS,Bahamas,2021,24.024993896484375,-77.67500305175781,0.0,0.0,2021,2021
BHS,Bahamas,2021,24.024993896484375,-77.62500762939453,0.23156099393963814,7.301196725392037e-07,2021,2021
BHS,Bahamas,2021,24.024993896484375,-77.57500457763672,1.7510210499167442,5.5210287960144335e-06,2021,2021
BHS,Bahamas,2021,24.024993896484375,-74.5250015258789,89.77988289669156,0.0002830790176959928,2021,2021
BHS,Bahamas,2021,24.024993896484375,-74.47500610351562,4.151357986032963,1.3089372617503506e-05,2021,2021
BHS,Bahamas,2021,24.074996948242188,-77.87500762939453,0.0,0.0,2021,2021
BHS,Bahamas,2021,24.074996948242188,-77.82500457763672,0.0,0.0,2021,2021
BHS,Bahamas,2021,24.074996948242188,-77.7750015258789,0.0,0.0,2021,2021
BHS,Bahamas,2021,24.074996948242188,-77.72500610351562,0.8010060004913537,2.525599103850514e-06,2021,2021
BHS,Bahamas,2021,24.074996948242188,-77.67500305175781,0.19130900502204895,6.03203785422124e-07,2021,2021
BHS,Bahamas,2021,24.074996948242188,-77.62500762939453,0.4620029926300049,1.4567111150813297e-06,2021,2021
BHS,Bahamas,2021,24.074996948242188,-77.57500457763672,26.478638559648378,8.348804600266096e-05,2021,2021
BHS,Bahamas,2021,24.074996948242188,-76.37500762939453,173.62153911590576,0.0005474346051481443,2021,2021
BHS,Bahamas,2021,24.074996948242188,-74.5250015258789,423.17159247398376,0.0013342743925409892,2021,2021
BHS,Bahamas,2021,24.074996948242188,-74.47500610351562,8.513701319694519,2.6843989196437382e-05,2021,2021
BHS,Bahamas,2021,24.125,-77.87500762939453,0.0,0.0,2021,2021
BHS,Bahamas,2021,24.125,-77.82500457763672,0.0,0.0,2021,2021
BHS,Bahamas,2021,24.125,-77.7750015258789,0.0,0.0,2021,2021
BHS,Bahamas,2021,24.125,-77.62500762939453,3.6012158766388893,1.1354755876026172e-05,2021,2021
BHS,Bahamas,2021,24.125,-77.57500457763672,255.12010623514652,0.000804402353149025,2021,2021
BHS,Bahamas,2021,24.125,-74.47500610351562,129.28933427855517,0.0004076536587629136,2021,2021
BHS,Bahamas,2021,24.17499542236328,-77.92500305175781,0.0,0.0,2021,2021
BHS,Bahamas,2021,24.17499542236328,-77.82500457763672,0.0,0.0,2021,2021
BHS,Bahamas,2021,24.17499542236328,-77.7750015258789,0.0,0.0,2021,2021
BHS,Bahamas,2021,24.17499542236328,-77.62500762939453,15.807369031022985,4.984117102056211e-05,2021,2021
BHS,Bahamas,2021,24.17499542236328,-75.47500610351562,29.038753911852837,9.156017659258819e-05,2021,2021
BHS,Bahamas,2021,24.17499542236328,-75.42500305175781,12.126229286193848,3.823441247569983e-05,2021,2021
BHS,Bahamas,2021,24.17499542236328,-75.37500762939453,57.28776979446411,0.00018063028237708548,2021,2021
BHS,Bahamas,2021,24.17499542236328,-75.32500457763672,85.6148423999548,0.0002699465036578872,2021,2021
BHS,Bahamas,2021,24.224998474121094,-77.87500762939453,0.0,0.0,2021,2021
BHS,Bahamas,2021,24.224998474121094,-77.7750015258789,0.0,0.0,2021,2021
BHS,Bahamas,2021,24.224998474121094,-77.72500610351562,0.0,0.0,2021,2021
BHS,Bahamas,2021,24.224998474121094,-77.67500305175781,19.711728252476675,6.215174815077722e-05,2021,2021
BHS,Bahamas,2021,24.224998474121094,-76.47500610351562,107.78550469875958,0.00033985135430730274,2021,2021
BHS,Bahamas,2021,24.224998474121094,-75.37500762939453,301.0989382863045,0.0009493751710221306,2021,2021
BHS,Bahamas,2021,24.224998474121094,-75.32500457763672,3.79042387008667,1.1951335100651129e-05,2021,2021
BHS,Bahamas,2021,24.274993896484375,-78.0250015258789,0.0,0.0,2021,2021
BHS,Bahamas,2021,24.274993896484375,-77.67500305175781,333.2258187904954,0.0010506723155642745,2021,2021
BHS,Bahamas,2021,24.274993896484375,-76.5250015258789,34.452945634746996,0.00010863130684008746,2021,2021
BHS,Bahamas,2021,24.274993896484375,-75.37500762939453,5.055317997932434,1.5939589213346158e-05,2021,2021
BHS,Bahamas,2021,24.324996948242188,-78.0250015258789,0.0,0.0,2021,2021
BHS,Bahamas,2021,24.324996948242188,-77.87500762939453,0.0,0.0,2021,2021
BHS,Bahamas,2021,24.324996948242188,-77.7750015258789,0.0,0.0,2021,2021
BHS,Bahamas,2021,24.324996948242188,-75.47500610351562,108.69927010685205,0.0003427324876501145,2021,2021
BHS,Bahamas,2021,24.324996948242188,-75.42500305175781,56.736801695086356,0.00017889306126115743,2021,2021
BHS,Bahamas,2021,24.375,-78.07500457763672,0.0,0.0,2021,2021
BHS,Bahamas,2021,24.375,-78.0250015258789,0.0,0.0,2021,2021
BHS,Bahamas,2021,24.375,-77.97500610351562,0.0,0.0,2021,2021
BHS,Bahamas,2021,24.375,-77.92500305175781,0.0,0.0,2021,2021
BHS,Bahamas,2021,24.375,-77.87500762939453,0.0,0.0,2021,2021
BHS,Bahamas,2021,24.42499542236328,-78.12500762939453,0.0,0.0,2021,2021
BHS,Bahamas,2021,24.42499542236328,-78.07500457763672,0.0,0.0,2021,2021
BHS,Bahamas,2021,24.42499542236328,-78.0250015258789,0.0,0.0,2021,2021
BHS,Bahamas,2021,24.42499542236328,-77.97500610351562,0.0,0.0,2021,2021
BHS,Bahamas,2021,24.42499542236328,-77.92500305175781,0.10163000226020813,3.2044284621495545e-07,2021,2021
BHS,Bahamas,2021,24.42499542236328,-77.87500762939453,0.0,0.0,2021,2021
BHS,Bahamas,2021,24.42499542236328,-75.5250015258789,67.45392517746163,0.00021268451531560736,2021,2021
BHS,Bahamas,2021,24.474998474121094,-78.22500610351562,0.0,0.0,2021,2021
BHS,Bahamas,2021,24.474998474121094,-78.17500305175781,0.7641119956970215,2.409271054636321e-06,2021,2021
BHS,Bahamas,2021,24.474998474121094,-78.12500762939453,2.6030380725860596,8.207467383988824e-06,2021,2021
BHS,Bahamas,2021,24.474998474121094,-78.07500457763672,0.0,0.0,2021,2021
BHS,Bahamas,2021,24.474998474121094,-78.0250015258789,0.0,0.0,2021,2021
BHS,Bahamas,2021,24.474998474121094,-77.97500610351562,0.20016598702857863,6.311301502743096e-07,2021,2021
BHS,Bahamas,2021,24.474998474121094,-77.92500305175781,0.07591100037097931,2.3934996041444866e-07,2021,2021
BHS,Bahamas,2021,24.474998474121094,-77.87500762939453,0.0,0.0,2021,2021
BHS,Bahamas,2021,24.474998474121094,-77.82500457763672,0.0,0.0,2021,2021
BHS,Bahamas,2021,24.474998474121094,-77.7750015258789,1.9493050575256348,6.146225001308414e-06,2021,2021
BHS,Bahamas,2021,24.524993896484375,-78.32500457763672,0.0,0.0,2021,2021
BHS,Bahamas,2021,24.524993896484375,-78.2750015258789,0.0,0.0,2021,2021
BHS,Bahamas,2021,24.524993896484375,-78.22500610351562,0.0,0.0,2021,2021
BHS,Bahamas,2021,24.524993896484375,-78.17500305175781,0.0,0.0,2021,2021
BHS,Bahamas,2021,24.524993896484375,-78.12500762939453,0.0,0.0,2021,2021
BHS,Bahamas,2021,24.524993896484375,-78.07500457763672,0.0,0.0,2021,2021
BHS,Bahamas,2021,24.524993896484375,-78.0250015258789,0.0,0.0,2021,2021
BHS,Bahamas,2021,24.524993896484375,-77.97500610351562,0.0,0.0,2021,2021
BHS,Bahamas,2021,24.524993896484375,-77.92500305175781,0.3395129963761453,1.0704959998641747e-06,2021,2021
BHS,Bahamas,2021,24.524993896484375,-77.87500762939453,0.0,0.0,2021,2021
BHS,Bahamas,2021,24.524993896484375,-77.82500457763672,0.0,0.0,2021,2021
BHS,Bahamas,2021,24.524993896484375,-77.7750015258789,2.4784579575582257,7.814662053343503e-06,2021,2021
BHS,Bahamas,2021,24.524993896484375,-77.72500610351562,102.48562949532557,0.00032314066792530103,2021,2021
BHS,Bahamas,2021,24.524993896484375,-76.7750015258789,0.47767701745033264,1.5061318472801738e-06,2021,2021
BHS,Bahamas,2021,24.524993896484375,-75.57500457763672,52.765647023926384,0.00016637187581113448,2021,2021
BHS,Bahamas,2021,24.574996948242188,-78.37500762939453,0.22683299705386162,7.152121379010108e-07,2021,2021
BHS,Bahamas,2021,24.574996948242188,-78.32500457763672,0.0319099985063076,1.0061330824234151e-07,2021,2021
BHS,Bahamas,2021,24.574996948242188,-78.2750015258789,0.0,0.0,2021,2021
BHS,Bahamas,2021,24.574996948242188,-78.22500610351562,0.0,0.0,2021,2021
BHS,Bahamas,2021,24.574996948242188,-78.17500305175781,0.0,0.0,2021,2021
BHS,Bahamas,2021,24.574996948242188,-78.12500762939453,0.0,0.0,2021,2021
BHS,Bahamas,2021,24.574996948242188,-78.07500457763672,0.08220899851625454,2.5920776230607264e-07,2021,2021
BHS,Bahamas,2021,24.574996948242188,-78.0250015258789,0.0783580020070076,2.470654396184531e-07,2021,2021
BHS,Bahamas,2021,24.574996948242188,-77.97500610351562,0.07231900095939636,2.2802426436552953e-07,2021,2021
BHS,Bahamas,2021,24.574996948242188,-77.92500305175781,0.0,0.0,2021,2021
BHS,Bahamas,2021,24.574996948242188,-77.87500762939453,0.0,0.0,2021,2021
BHS,Bahamas,2021,24.574996948242188,-77.82500457763672,0.0,0.0,2021,2021
BHS,Bahamas,2021,24.574996948242188,-77.7750015258789,54.60699528455734,0.0001721777093680286,2021,2021
BHS,Bahamas,2021,24.574996948242188,-75.62500762939453,94.93195366860292,0.00029932367168926106,2021,2021
BHS,Bahamas,2021,24.625,-78.42500305175781,0.0,0.0,2021,2021
BHS,Bahamas,2021,24.625,-78.37500762939453,0.0,0.0,2021,2021
BHS,Bahamas,2021,24.625,-78.32500457763672,0.0,0.0,2021,2021
BHS,Bahamas,2021,24.625,-78.17500305175781,0.0,0.0,2021,2021
BHS,Bahamas,2021,24.625,-78.12500762939453,0.0,0.0,2021,2021
BHS,Bahamas,2021,24.625,-78.07500457763672,0.0680909976363182,2.1469322639915607e-07,2021,2021
BHS,Bahamas,2021,24.625,-78.0250015258789,0.1402980014681816,4.4236436002064927e-07,2021,2021
BHS,Bahamas,2021,24.625,-77.97500610351562,0.0,0.0,2021,2021
BHS,Bahamas,2021,24.625,-77.92500305175781,0.13513100147247314,4.2607263367808516e-07,2021,2021
BHS,Bahamas,2021,24.625,-77.87500762939453,0.0,0.0,2021,2021
BHS,Bahamas,2021,24.625,-77.82500457763672,0.0,0.0,2021,2021
BHS,Bahamas,2021,24.625,-77.7750015258789,133.44509294629097,0.0004207569068791751,2021,2021
BHS,Bahamas,2021,24.625,-75.67500305175781,132.14338569343732,0.00041665257973397745,2021,2021
BHS,Bahamas,2021,24.625,-75.62500762939453,7.546081133186817,2.3793049909575076e-05,2021,2021
BHS,Bahamas,2021,24.67499542236328,-78.32500457763672,0.0,0.0,2021,2021
BHS,Bahamas,2021,24.67499542236328,-78.22500610351562,0.0,0.0,2021,2021
BHS,Bahamas,2021,24.67499542236328,-78.17500305175781,0.0,0.0,2021,2021
BHS,Bahamas,2021,24.67499542236328,-78.12500762939453,0.0,0.0,2021,2021
BHS,Bahamas,2021,24.67499542236328,-78.07500457763672,0.15172900259494781,4.784066945152292e-07,2021,2021
BHS,Bahamas,2021,24.67499542236328,-78.0250015258789,1.8638500291854143,5.876782396804591e-06,2021,2021
BHS,Bahamas,2021,24.67499542236328,-77.97500610351562,0.11933800205588341,3.762767705395028e-07,2021,2021
BHS,Bahamas,2021,24.67499542236328,-77.92500305175781,0.8675989657685695,2.7355689833816476e-06,2021,2021
BHS,Bahamas,2021,24.67499542236328,-77.87500762939453,6.375280037522316,2.010147432064866e-05,2021,2021
BHS,Bahamas,2021,24.67499542236328,-77.82500457763672,3.7138849199170187,1.1710005193210296e-05,2021,2021
BHS,Bahamas,2021,24.67499542236328,-77.7750015258789,86.60560173403319,0.00027307040146232935,2021,2021
BHS,Bahamas,2021,24.67499542236328,-76.17500305175781,50.549943655729294,0.00015938568789533304,2021,2021
BHS,Bahamas,2021,24.67499542236328,-75.72500610351562,37.44559981677279,0.00011806724703981438,2021,2021
BHS,Bahamas,2021,24.724998474121094,-78.2750015258789,0.0,0.0,2021,2021
BHS,Bahamas,2021,24.724998474121094,-78.22500610351562,0.0,0.0,2021,2021
BHS,Bahamas,2021,24.724998474121094,-78.17500305175781,0.0,0.0,2021,2021
BHS,Bahamas,2021,24.724998474121094,-78.12500762939453,0.0,0.0,2021,2021
BHS,Bahamas,2021,24.724998474121094,-78.07500457763672,1.88017201051116,5.92824615785517e-06,2021,2021
BHS,Bahamas,2021,24.724998474121094,-78.0250015258789,0.07478000223636627,2.357838849125385e-07,2021,2021
BHS,Bahamas,2021,24.724998474121094,-77.97500610351562,0.0184749998152256,5.8252301416406e-08,2021,2021
BHS,Bahamas,2021,24.724998474121094,-77.92500305175781,0.411010993646348,1.2959316117347e-06,2021,2021
BHS,Bahamas,2021,24.724998474121094,-77.87500762939453,5.390301957726479,1.6995805007161885e-05,2021,2021
BHS,Bahamas,2021,24.724998474121094,-77.82500457763672,86.02774059774497,0.00027124838568833476,2021,2021
BHS,Bahamas,2021,24.724998474121094,-77.7750015258789,1004.6468568444295,0.0031676856350340357,2021,2021
BHS,Bahamas,2021,24.774993896484375,-78.2750015258789,0.0,0.0,2021,2021
BHS,Bahamas,2021,24.774993896484375,-78.22500610351562,0.0,0.0,2021,2021
BHS,Bahamas,2021,24.774993896484375,-78.17500305175781,0.017952999100089073,5.66064154460769e-08,2021,2021
BHS,Bahamas,2021,24.774993896484375,-78.12500762939453,0.1696590036170614,5.349405962409475e-07,2021,2021
BHS,Bahamas,2021,24.774993896484375,-78.07500457763672,2.6695570740855743,8.417204053218705e-06,2021,2021
BHS,Bahamas,2021,24.774993896484375,-78.0250015258789,0.0,0.0,2021,2021
BHS,Bahamas,2021,24.774993896484375,-77.97500610351562,0.0518920011818409,1.636172408215085e-07,2021,2021
BHS,Bahamas,2021,24.774993896484375,-77.92500305175781,0.08760499955817158,2.7622153671910115e-07,2021,2021
BHS,Bahamas,2021,24.774993896484375,-77.87500762939453,104.75036215782166,0.0003302814468699687,2021,2021
BHS,Bahamas,2021,24.774993896484375,-76.2750015258789,252.29211962223053,0.0007954856153831398,2021,2021
BHS,Bahamas,2021,24.774993896484375,-76.22500610351562,272.4797181487115,0.0008591377986577952,2021,2021
BHS,Bahamas,2021,24.824996948242188,-78.22500610351562,0.0,0.0,2021,2021
BHS,Bahamas,2021,24.824996948242188,-78.17500305175781,0.0,0.0,2021,2021
BHS,Bahamas,2021,24.824996948242188,-78.12500762939453,0.031314000487327576,9.873410626169556e-08,2021,2021
BHS,Bahamas,2021,24.824996948242188,-78.07500457763672,0.0,0.0,2021,2021
BHS,Bahamas,2021,24.824996948242188,-78.0250015258789,0.364452987909317,1.1491326395742139e-06,2021,2021
BHS,Bahamas,2021,24.824996948242188,-77.97500610351562,0.3836579956114292,1.2096866806327618e-06,2021,2021
BHS,Bahamas,2021,24.824996948242188,-77.92500305175781,31.98004688322544,0.00010083417315204425,2021,2021
BHS,Bahamas,2021,24.824996948242188,-77.87500762939453,150.03892538696527,0.00047307782372112703,2021,2021
BHS,Bahamas,2021,24.824996948242188,-76.17500305175781,43.58463162186396,0.000137423822665886,2021,2021
BHS,Bahamas,2021,24.875,-78.17500305175781,0.0,0.0,2021,2021
BHS,Bahamas,2021,24.875,-78.12500762939453,0.021818000823259354,6.879289704850145e-08,2021,2021
BHS,Bahamas,2021,24.875,-78.07500457763672,0.18409900368556992,5.804704065173439e-07,2021,2021
BHS,Bahamas,2021,24.875,-78.0250015258789,0.18756599724292755,5.914019548654795e-07,2021,2021
BHS,Bahamas,2021,24.875,-77.97500610351562,0.05338100157678127,1.683121096000041e-07,2021,2021
BHS,Bahamas,2021,24.875,-77.92500305175781,146.06178557872852,0.0004605377669307792,2021,2021
BHS,Bahamas,2021,24.875,-76.17500305175781,596.0949999168515,0.0018795077648310616,2021,2021
BHS,Bahamas,2021,24.92499542236328,-78.17500305175781,0.0,0.0,2021,2021
BHS,Bahamas,2021,24.92499542236328,-78.12500762939453,0.12070099636912346,3.805743378660406e-07,2021,2021
BHS,Bahamas,2021,24.92499542236328,-78.07500457763672,0.48816700279712677,1.5392071270845906e-06,2021,2021
BHS,Bahamas,2021,24.92499542236328,-78.0250015258789,12.57290893048048,3.964280855341531e-05,2021,2021
BHS,Bahamas,2021,24.92499542236328,-77.97500610351562,75.35895665735006,0.0002376093478502818,2021,2021
BHS,Bahamas,2021,24.92499542236328,-77.92500305175781,105.50183853507104,0.0003326508773908158,2021,2021
BHS,Bahamas,2021,24.92499542236328,-76.17500305175781,107.68288447709445,0.00033952778926569827,2021,2021
BHS,Bahamas,2021,24.974998474121094,-78.17500305175781,0.0,0.0,2021,2021
BHS,Bahamas,2021,24.974998474121094,-78.12500762939453,0.2525020092725754,7.96147404573849e-07,2021,2021
BHS,Bahamas,2021,24.974998474121094,-78.07500457763672,4.236409872784639,1.3357544102896952e-05,2021,2021
BHS,Bahamas,2021,24.974998474121094,-78.0250015258789,92.07842641331729,0.00029032640341119376,2021,2021
BHS,Bahamas,2021,24.974998474121094,-77.97500610351562,0.9715510085225105,3.063333302078056e-06,2021,2021
BHS,Bahamas,2021,24.974998474121094,-76.17500305175781,448.9152838587761,0.0014154451251589125,2021,2021
BHS,Bahamas,2021,25.024993896484375,-78.12500762939453,0.0,0.0,2021,2021
BHS,Bahamas,2021,25.024993896484375,-78.07500457763672,5.575391061630379,1.7579397233269348e-05,2021,2021
BHS,Bahamas,2021,25.024993896484375,-78.0250015258789,163.08894452452807,0.0005142249769494959,2021,2021
BHS,Bahamas,2021,25.024993896484375,-77.5250015258789,4820.163984298706,0.015198140627772666,2021,2021
BHS,Bahamas,2021,25.024993896484375,-77.47500610351562,2475.9600145220757,0.007806785954176082,2021,2021
BHS,Bahamas,2021,25.024993896484375,-77.42500305175781,6902.194797366965,0.021762854440713835,2021,2021
BHS,Bahamas,2021,25.024993896484375,-77.37500762939453,65691.64440917969,0.2071279842454585,2021,2021
BHS,Bahamas,2021,25.024993896484375,-77.32500457763672,77623.91775929928,0.24475084707229786,2021,2021
BHS,Bahamas,2021,25.024993896484375,-76.12500762939453,48.827983824653906,0.0001539562901085963,2021,2021
BHS,Bahamas,2021,25.074996948242188,-78.12500762939453,0.0,0.0,2021,2021
BHS,Bahamas,2021,25.074996948242188,-78.07500457763672,7.723867982843892,2.4353617880220586e-05,2021,2021
BHS,Bahamas,2021,25.074996948242188,-78.0250015258789,425.69575086236,0.0013422331496036695,2021,2021
BHS,Bahamas,2021,25.074996948242188,-77.97500610351562,251.7244283855012,0.0007936956656475974,2021,2021
BHS,Bahamas,2021,25.074996948242188,-77.42500305175781,5469.371761500835,0.017245114781909706,2021,2021
BHS,Bahamas,2021,25.074996948242188,-77.37500762939453,27432.31618785858,0.0864950239300329,2021,2021
BHS,Bahamas,2021,25.074996948242188,-77.32500457763672,54152.989453315735,0.17074621357421013,2021,2021
BHS,Bahamas,2021,25.074996948242188,-76.12500762939453,249.7642380297184,0.0007875151189314621,2021,2021
BHS,Bahamas,2021,25.125,-78.17500305175781,76.29650834203194,0.00024056548013043146,2021,2021
BHS,Bahamas,2021,25.125,-78.12500762939453,0.9178830236196518,2.894116324311376e-06,2021,2021
BHS,Bahamas,2021,25.125,-78.07500457763672,353.2397695183754,0.001113776981436734,2021,2021
BHS,Bahamas,2021,25.125,-78.0250015258789,1247.1146242619634,0.00393219473449985,2021,2021
BHS,Bahamas,2021,25.125,-76.12500762939453,74.95715379343267,0.0002363424497840852,2021,2021
BHS,Bahamas,2021,25.17499542236328,-78.17500305175781,0.0,0.0,2021,2021
BHS,Bahamas,2021,25.17499542236328,-78.12500762939453,0.0,0.0,2021,2021
BHS,Bahamas,2021,25.17499542236328,-76.22500610351562,623.9202020615435,0.001967241571516636,2021,2021
BHS,Bahamas,2021,25.17499542236328,-76.17500305175781,1050.0763481855392,0.003310926363004999,2021,2021
BHS,Bahamas,2021,25.224998474121094,-76.2750015258789,385.10008161515,0.0012142336267435753,2021,2021
BHS,Bahamas,2021,25.324996948242188,-76.37500762939453,287.55884805321693,0.0009066828069976865,2021,2021
BHS,Bahamas,2021,25.375,-76.5250015258789,321.62188060954213,0.0010140847046687569,2021,2021
BHS,Bahamas,2021,25.42499542236328,-76.7750015258789,134.5889753550319,0.0004243636069346732,2021,2021
BHS,Bahamas,2021,25.42499542236328,-76.57500457763672,181.35181713104248,0.000571808434077726,2021,2021
BHS,Bahamas,2021,25.474998474121094,-76.72500610351562,1005.4959139835015,0.003170362741008576,2021,2021
BHS,Bahamas,2021,25.474998474121094,-76.67500305175781,300.72424975037575,0.0009481937653522803,2021,2021
BHS,Bahamas,2021,25.524993896484375,-76.82500457763672,47.23165315389633,0.0001489230053279064,2021,2021
BHS,Bahamas,2021,25.524993896484375,-76.72500610351562,151.2188197672628,0.00047679807074510656,2021,2021
BHS,Bahamas,2021,25.774993896484375,-77.87500762939453,343.27431521192193,0.0010823555658038885,2021,2021
BHS,Bahamas,2021,25.92499542236328,-77.2750015258789,0.0,0.0,2021,2021
BHS,Bahamas,2021,25.92499542236328,-77.22500610351562,0.0,0.0,2021,2021
BHS,Bahamas,2021,25.974998474121094,-77.2750015258789,0.0,0.0,2021,2021
BHS,Bahamas,2021,25.974998474121094,-77.22500610351562,0.0,0.0,2021,2021
BHS,Bahamas,2021,26.024993896484375,-77.37500762939453,171.33058559894562,0.000540211150959476,2021,2021
BHS,Bahamas,2021,26.024993896484375,-77.32500457763672,0.8408569693599002,2.651250561143264e-06,2021,2021
BHS,Bahamas,2021,26.024993896484375,-77.2750015258789,0.23383799940347672,7.372991480430149e-07,2021,2021
BHS,Bahamas,2021,26.024993896484375,-77.22500610351562,0.0,0.0,2021,2021
BHS,Bahamas,2021,26.074996948242188,-77.2750015258789,0.0,0.0,2021,2021
BHS,Bahamas,2021,26.074996948242188,-77.22500610351562,0.6838190257549286,2.156104595450183e-06,2021,2021
BHS,Bahamas,2021,26.125,-77.22500610351562,15.06560504436493,4.7502363996865676e-05,2021,2021
BHS,Bahamas,2021,26.17499542236328,-77.22500610351562,0.16490399837493896,5.199479033385943e-07,2021,2021
BHS,Bahamas,2021,26.224998474121094,-77.22500610351562,0.0,0.0,2021,2021
BHS,Bahamas,2021,26.224998474121094,-77.17500305175781,52.57072472944957,0.00016575727920143475,2021,2021
BHS,Bahamas,2021,26.274993896484375,-77.22500610351562,0.0,0.0,2021,2021
BHS,Bahamas,2021,26.274993896484375,-77.17500305175781,1.9219579696655273,6.059998705188234e-06,2021,2021
BHS,Bahamas,2021,26.324996948242188,-77.57500457763672,166.21566656976938,0.0005240836376718962,2021,2021
BHS,Bahamas,2021,26.324996948242188,-77.22500610351562,0.0,0.0,2021,2021
BHS,Bahamas,2021,26.324996948242188,-77.17500305175781,0.0,0.0,2021,2021
BHS,Bahamas,2021,26.324996948242188,-77.12500762939453,6.03798692766577,1.903797769831862e-05,2021,2021
BHS,Bahamas,2021,26.324996948242188,-77.07500457763672,14.596491198986769,4.602323212174342e-05,2021,2021
BHS,Bahamas,2021,26.324996948242188,-77.0250015258789,89.51358935237064,0.0002822393851133585,2021,2021
BHS,Bahamas,2021,26.375,-77.22500610351562,0.0,0.0,2021,2021
BHS,Bahamas,2021,26.375,-77.17500305175781,0.42020100355148315,1.3249080248533894e-06,2021,2021
BHS,Bahamas,2021,26.375,-77.12500762939453,3.2945150584332,1.0387717787503303e-05,2021,2021
BHS,Bahamas,2021,26.375,-77.07500457763672,52.0866689756674,0.00016423103498202065,2021,2021
BHS,Bahamas,2021,26.375,-77.0250015258789,48.20366640017808,0.00015198779608132664,2021,2021
BHS,Bahamas,2021,26.42499542236328,-77.22500610351562,0.0,0.0,2021,2021
BHS,Bahamas,2021,26.42499542236328,-77.17500305175781,0.0,0.0,2021,2021
BHS,Bahamas,2021,26.42499542236328,-77.12500762939453,16.763334978378396,5.285536409585917e-05,2021,2021
BHS,Bahamas,2021,26.42499542236328,-77.07500457763672,7.198786847293377,2.2698019239783803e-05,2021,2021
BHS,Bahamas,2021,26.474998474121094,-77.17500305175781,0.09042099863290787,2.8510047737027623e-07,2021,2021
BHS,Bahamas,2021,26.474998474121094,-77.12500762939453,3.2745620273268274,1.0324805203264927e-05,2021,2021
BHS,Bahamas,2021,26.474998474121094,-77.07500457763672,244.25069646910197,0.0007701307352739196,2021,2021
BHS,Bahamas,2021,26.524993896484375,-78.7750015258789,3297.3593336939834,0.010396685883928712,2021,2021
BHS,Bahamas,2021,26.524993896484375,-78.72500610351562,9230.984105587006,0.029105606163284337,2021,2021
BHS,Bahamas,2021,26.524993896484375,-78.67500305175781,17370.17515182495,0.05476875175749586,2021,2021
BHS,Bahamas,2021,26.524993896484375,-78.62500762939453,4059.881984271109,0.012800945679463284,2021,2021
BHS,Bahamas,2021,26.524993896484375,-77.12500762939453,202.54748032987118,0.00063863907947569,2021,2021
BHS,Bahamas,2021,26.524993896484375,-77.07500457763672,6258.021734952927,0.019731754913170287,2021,2021
BHS,Bahamas,2021,26.574996948242188,-78.82500457763672,1609.1671867668629,0.005073758751309018,2021,2021
BHS,Bahamas,2021,26.574996948242188,-78.7750015258789,0.0,0.0,2021,2021
BHS,Bahamas,2021,26.574996948242188,-78.67500305175781,695.1964740604162,0.0021919780760818117,2021,2021
BHS,Bahamas,2021,26.574996948242188,-78.62500762939453,1377.2552503273087,0.004342532545157398,2021,2021
BHS,Bahamas,2021,26.574996948242188,-78.57500457763672,2046.1264255345523,0.006451506060535064,2021,2021
BHS,Bahamas,2021,26.574996948242188,-78.5250015258789,80.70114055275917,0.0002544534349739406,2021,2021
BHS,Bahamas,2021,26.574996948242188,-77.87500762939453,0.0,0.0,2021,2021
BHS,Bahamas,2021,26.574996948242188,-77.17500305175781,12.141603164374828,3.828288683535853e-05,2021,2021
BHS,Bahamas,2021,26.625,-78.87500762939453,153.8172795176506,0.00048499110252382655,2021,2021
BHS,Bahamas,2021,26.625,-78.57500457763672,0.0,0.0,2021,2021
BHS,Bahamas,2021,26.625,-78.5250015258789,1.8225480020181473,5.746555703450394e-06,2021,2021
BHS,Bahamas,2021,26.625,-78.47500610351562,4.519200950860977,1.4249193969350392e-05,2021,2021
BHS,Bahamas,2021,26.625,-78.42500305175781,3.442669920625689,1.0854855096031475e-05,2021,2021
BHS,Bahamas,2021,26.625,-78.37500762939453,128.62185605988407,0.0004055490772867681,2021,2021
BHS,Bahamas,2021,26.625,-78.32500457763672,68.86042916403437,0.00021711927011878145,2021,2021
BHS,Bahamas,2021,26.625,-78.2750015258789,137.13890911638833,0.00043240363462311685,2021,2021
BHS,Bahamas,2021,26.625,-78.22500610351562,145.49289172887802,0.0004587440253152518,2021,2021
BHS,Bahamas,2021,26.625,-77.32500457763672,0.0,0.0,2021,2021
BHS,Bahamas,2021,26.625,-77.2750015258789,93.80823536965558,0.0002957805497562657,2021,2021
BHS,Bahamas,2021,26.67499542236328,-78.57500457763672,0.0,0.0,2021,2021
BHS,Bahamas,2021,26.67499542236328,-78.5250015258789,2.2855689823669705,7.206476568357319e-06,2021,2021
BHS,Bahamas,2021,26.67499542236328,-78.47500610351562,0.06707700341939926,2.114960682205792e-07,2021,2021
BHS,Bahamas,2021,26.67499542236328,-78.42500305175781,0.13062399625778198,4.1186189327877344e-07,2021,2021
BHS,Bahamas,2021,26.67499542236328,-78.37500762939453,0.0,0.0,2021,2021
BHS,Bahamas,2021,26.67499542236328,-78.32500457763672,1.1824430227283051,3.7282829800588193e-06,2021,2021
BHS,Bahamas,2021,26.67499542236328,-78.2750015258789,0.0,0.0,2021,2021
BHS,Bahamas,2021,26.67499542236328,-78.22500610351562,0.43176399916410446,1.3613665424414596e-06,2021,2021
BHS,Bahamas,2021,26.67499542236328,-78.17500305175781,3.6264460757430643,1.1434307550056563e-05,2021,2021
BHS,Bahamas,2021,26.67499542236328,-78.12500762939453,6.648571066580345,2.096317021013756e-05,2021,2021
BHS,Bahamas,2021,26.67499542236328,-78.07500457763672,2.4342089518904686,7.67514343676359e-06,2021,2021
BHS,Bahamas,2021,26.67499542236328,-78.0250015258789,2.0073829833586885,6.329346672491251e-06,2021,2021
BHS,Bahamas,2021,26.67499542236328,-77.97500610351562,38.53558089584141,0.00012150399437356852,2021,2021
BHS,Bahamas,2021,26.67499542236328,-77.92500305175781,6.897751152515411,2.1748843477689803e-05,2021,2021
BHS,Bahamas,2021,26.67499542236328,-77.32500457763672,847.7988658547922,0.0026731385963836584,2021,2021
BHS,Bahamas,2021,26.67499542236328,-77.2750015258789,1598.31697203964,0.005039547656042752,2021,2021
BHS,Bahamas,2021,26.724998474121094,-78.62500762939453,0.0,0.0,2021,2021
BHS,Bahamas,2021,26.724998474121094,-78.57500457763672,0.0,0.0,2021,2021
BHS,Bahamas,2021,26.724998474121094,-78.5250015258789,0.0,0.0,2021,2021
BHS,Bahamas,2021,26.724998474121094,-78.0250015258789,0.0,0.0,2021,2021
BHS,Bahamas,2021,26.724998474121094,-77.97500610351562,0.0,0.0,2021,2021
BHS,Bahamas,2021,26.724998474121094,-77.92500305175781,0.0,0.0,2021,2021
BHS,Bahamas,2021,26.724998474121094,-77.42500305175781,40.626982033290325,0.00012809825313728914,2021,2021
BHS,Bahamas,2021,26.724998474121094,-77.37500762939453,232.80279204254262,0.0007340351041014328,2021,2021
BHS,Bahamas,2021,26.774993896484375,-78.57500457763672,0.0,0.0,2021,2021
BHS,Bahamas,2021,26.774993896484375,-77.42500305175781,29.289798110723495,9.235172747149007e-05,2021,2021
BHS,Bahamas,2021,26.824996948242188,-77.47500610351562,8.35762993991375,2.6351890839284964e-05,2021,2021
BHS,Bahamas,2021,26.875,-77.67500305175781,18.996118545532227,5.989540645863388e-05,2021,2021
BHS,Bahamas,2021,26.875,-77.62500762939453,43.92084553095557,0.0001384839165315786,2021,2021
BHS,Bahamas,2021,26.875,-77.57500457763672,10.711001262068748,3.37721504860494e-05,2021,2021
BHS,Bahamas,2021,26.875,-77.5250015258789,463.85160201793735,0.0014625398432190314,2021,2021
BHS,Bahamas,2021,26.92499542236328,-77.87500762939453,0.0,0.0,2021,2021
BHS,Bahamas,2021,26.92499542236328,-77.82500457763672,128.54975412786632,0.0004053217374481424,2021,2021
BHS,Bahamas,2021,26.92499542236328,-77.7750015258789,160.37462432309985,0.0005056666332366083,2021,2021
BHS,Bahamas,2022,20.974998474121094,-73.67500305175781,468.95392656326294,0.0014759902744427326,2022,2022
BHS,Bahamas,2022,20.974998474121094,-73.62500762939453,0.06366100162267685,2.0036727263371836e-07,2022,2022
BHS,Bahamas,2022,20.974998474121094,-73.57500457763672,0.0,0.0,2022,2022
BHS,Bahamas,2022,20.974998474121094,-73.5250015258789,0.0,0.0,2022,2022
BHS,Bahamas,2022,20.974998474121094,-73.47500610351562,0.0,0.0,2022,2022
BHS,Bahamas,2022,20.974998474121094,-73.42500305175781,0.0,0.0,2022,2022
BHS,Bahamas,2022,20.974998474121094,-73.37500762939453,0.0,0.0,2022,2022
BHS,Bahamas,2022,20.974998474121094,-73.32500457763672,0.0,0.0,2022,2022
BHS,Bahamas,2022,20.974998474121094,-73.2750015258789,0.0,0.0,2022,2022
BHS,Bahamas,2022,20.974998474121094,-73.22500610351562,0.0,0.0,2022,2022
BHS,Bahamas,2022,20.974998474121094,-73.17500305175781,0.0,0.0,2022,2022
BHS,Bahamas,2022,21.024993896484375,-73.67500305175781,0.7696160043005427,2.422297102250269e-06,2022,2022
BHS,Bahamas,2022,21.024993896484375,-73.62500762939453,39.95690537523518,0.0001257607632435927,2022,2022
BHS,Bahamas,2022,21.024993896484375,-73.57500457763672,0.0,0.0,2022,2022
BHS,Bahamas,2022,21.024993896484375,-73.5250015258789,0.0,0.0,2022,2022
BHS,Bahamas,2022,21.024993896484375,-73.47500610351562,0.0,0.0,2022,2022
BHS,Bahamas,2022,21.024993896484375,-73.42500305175781,0.0,0.0,2022,2022
BHS,Bahamas,2022,21.024993896484375,-73.37500762939453,0.0,0.0,2022,2022
BHS,Bahamas,2022,21.024993896484375,-73.32500457763672,1.1624850034713745,3.6588169159466615e-06,2022,2022
BHS,Bahamas,2022,21.024993896484375,-73.2750015258789,0.0,0.0,2022,2022
BHS,Bahamas,2022,21.024993896484375,-73.22500610351562,0.0,0.0,2022,2022
BHS,Bahamas,2022,21.024993896484375,-73.17500305175781,0.0,0.0,2022,2022
BHS,Bahamas,2022,21.024993896484375,-73.12500762939453,0.0,0.0,2022,2022
BHS,Bahamas,2022,21.074996948242188,-73.62500762939453,7.93306794762714,2.4968617328788778e-05,2022,2022
BHS,Bahamas,2022,21.074996948242188,-73.57500457763672,1.073223976418376,3.3778758674677287e-06,2022,2022
BHS,Bahamas,2022,21.074996948242188,-73.5250015258789,0.0,0.0,2022,2022
BHS,Bahamas,2022,21.074996948242188,-73.47500610351562,0.0,0.0,2022,2022
BHS,Bahamas,2022,21.074996948242188,-73.42500305175781,0.0,0.0,2022,2022
BHS,Bahamas,2022,21.074996948242188,-73.37500762939453,0.0,0.0,2022,2022
BHS,Bahamas,2022,21.074996948242188,-73.32500457763672,0.0,0.0,2022,2022
BHS,Bahamas,2022,21.074996948242188,-73.2750015258789,0.0,0.0,2022,2022
BHS,Bahamas,2022,21.074996948242188,-73.22500610351562,0.0,0.0,2022,2022
BHS,Bahamas,2022,21.074996948242188,-73.17500305175781,0.0,0.0,2022,2022
BHS,Bahamas,2022,21.074996948242188,-73.12500762939453,0.0,0.0,2022,2022
BHS,Bahamas,2022,21.125,-73.5250015258789,0.0,0.0,2022,2022
BHS,Bahamas,2022,21.125,-73.47500610351562,0.0,0.0,2022,2022
BHS,Bahamas,2022,21.125,-73.42500305175781,0.0,0.0,2022,2022
BHS,Bahamas,2022,21.125,-73.37500762939453,0.0,0.0,2022,2022
BHS,Bahamas,2022,21.125,-73.32500457763672,0.0,0.0,2022,2022
BHS,Bahamas,2022,21.125,-73.2750015258789,0.0,0.0,2022,2022
BHS,Bahamas,2022,21.125,-73.22500610351562,0.0,0.0,2022,2022
BHS,Bahamas,2022,21.125,-73.17500305175781,0.0,0.0,2022,2022
BHS,Bahamas,2022,21.125,-73.12500762939453,0.0,0.0,2022,2022
BHS,Bahamas,2022,21.125,-73.07500457763672,0.0,0.0,2022,2022
BHS,Bahamas,2022,21.17499542236328,-73.47500610351562,0.0,0.0,2022,2022
BHS,Bahamas,2022,21.17499542236328,-73.42500305175781,0.0,0.0,2022,2022
BHS,Bahamas,2022,21.17499542236328,-73.37500762939453,0.0,0.0,2022,2022
BHS,Bahamas,2022,21.17499542236328,-73.12500762939453,0.0,0.0,2022,2022
BHS,Bahamas,2022,21.17499542236328,-73.07500457763672,0.024836000055074692,7.8169074744711e-08,2022,2022
BHS,Bahamas,2022,21.224998474121094,-73.07500457763672,0.0,0.0,2022,2022
BHS,Bahamas,2022,21.224998474121094,-73.0250015258789,0.0,0.0,2022,2022
BHS,Bahamas,2022,21.274993896484375,-73.07500457763672,0.0,0.0,2022,2022
BHS,Bahamas,2022,21.274993896484375,-73.0250015258789,0.0,0.0,2022,2022
BHS,Bahamas,2022,21.324996948242188,-73.0250015258789,0.0,0.0,2022,2022
BHS,Bahamas,2022,21.474998474121094,-73.0250015258789,0.6863730102812058,2.1602972710761057e-06,2022,2022
BHS,Bahamas,2022,21.474998474121094,-72.97500610351562,0.0,0.0,2022,2022
BHS,Bahamas,2022,21.524993896484375,-73.0250015258789,0.0,0.0,2022,2022
BHS,Bahamas,2022,21.524993896484375,-72.97500610351562,0.0,0.0,2022,2022
BHS,Bahamas,2022,22.17499542236328,-74.2750015258789,2.7567000538110733,8.676465295428128e-06,2022,2022
BHS,Bahamas,2022,22.224998474121094,-74.22500610351562,118.49021053314247,0.00037293727263417424,2022,2022
BHS,Bahamas,2022,22.274993896484375,-74.17500305175781,0.20103900134563446,6.327521616983542e-07,2022,2022
BHS,Bahamas,2022,22.324996948242188,-74.12500762939453,1.5548650324344635,4.893797739925216e-06,2022,2022
BHS,Bahamas,2022,22.324996948242188,-74.07500457763672,3.4546839743852615,1.0873306861581283e-05,2022,2022
BHS,Bahamas,2022,22.324996948242188,-72.82500457763672,0.0,0.0,2022,2022
BHS,Bahamas,2022,22.324996948242188,-72.7750015258789,0.0,0.0,2022,2022
BHS,Bahamas,2022,22.375,-74.07500457763672,0.0,0.0,2022,2022
BHS,Bahamas,2022,22.375,-74.0250015258789,4.814018964767456,1.5151691393335836e-05,2022,2022
BHS,Bahamas,2022,22.375,-73.97500610351562,0.0,0.0,2022,2022
BHS,Bahamas,2022,22.375,-73.12500762939453,0.0940679982304573,2.9607055759606877e-07,2022,2022
BHS,Bahamas,2022,22.375,-73.07500457763672,0.0,0.0,2022,2022
BHS,Bahamas,2022,22.375,-73.0250015258789,37.56524618350192,0.00011823323120510438,2022,2022
BHS,Bahamas,2022,22.375,-72.97500610351562,90.14804622530937,0.0002837328614853185,2022,2022
BHS,Bahamas,2022,22.375,-72.92500305175781,1.0720119327306747,3.3740610690538265e-06,2022,2022
BHS,Bahamas,2022,22.375,-72.87500762939453,0.0,0.0,2022,2022
BHS,Bahamas,2022,22.375,-72.82500457763672,0.0,0.0,2022,2022
BHS,Bahamas,2022,22.42499542236328,-73.97500610351562,47.97241570055955,0.00015098886053574337,2022,2022
BHS,Bahamas,2022,22.42499542236328,-73.12500762939453,42.16269900650748,0.00013270330015984226,2022,2022
BHS,Bahamas,2022,22.42499542236328,-73.07500457763672,32.23054319620586,0.00010144273371637643,2022,2022
BHS,Bahamas,2022,22.42499542236328,-73.0250015258789,0.11118900030851364,3.4995737061652853e-07,2022,2022
BHS,Bahamas,2022,22.474998474121094,-73.87500762939453,0.8669439554214478,2.728628068148502e-06,2022,2022
BHS,Bahamas,2022,22.574996948242188,-74.37500762939453,1.562128022313118,4.916657346844029e-06,2022,2022
BHS,Bahamas,2022,22.574996948242188,-73.87500762939453,67.55485871434212,0.00021262283735302235,2022,2022
BHS,Bahamas,2022,22.574996948242188,-73.62500762939453,0.0,0.0,2022,2022
BHS,Bahamas,2022,22.625,-74.32500457763672,12.09769344329834,3.8076401228488564e-05,2022,2022
BHS,Bahamas,2022,22.625,-74.0250015258789,0.0,0.0,2022,2022
BHS,Bahamas,2022,22.625,-73.97500610351562,0.0,0.0,2022,2022
BHS,Bahamas,2022,22.625,-73.92500305175781,0.202114999294281,6.361387683937316e-07,2022,2022
BHS,Bahamas,2022,22.625,-73.87500762939453,50.91736254096119,0.00016025781564832475,2022,2022
BHS,Bahamas,2022,22.67499542236328,-74.07500457763672,0.08387899398803711,2.640015838308194e-07,2022,2022
BHS,Bahamas,2022,22.67499542236328,-73.92500305175781,18.39393499493599,5.789325480270791e-05,2022,2022
BHS,Bahamas,2022,22.724998474121094,-74.2750015258789,0.49277599156181556,1.5509680798588963e-06,2022,2022
BHS,Bahamas,2022,22.724998474121094,-74.22500610351562,0.3809480033814907,1.1989995524296036e-06,2022,2022
BHS,Bahamas,2022,22.724998474121094,-74.17500305175781,40.00480747223366,0.00012591153078234286,2022,2022
BHS,Bahamas,2022,22.724998474121094,-74.12500762939453,12.145383253706166,3.822650061430206e-05,2022,2022
BHS,Bahamas,2022,22.724998474121094,-74.07500457763672,9.261176064610481,2.9148718087176218e-05,2022,2022
BHS,Bahamas,2022,22.774993896484375,-74.2750015258789,1.0195512836763676e-11,3.2089458980122534e-17,2022,2022
BHS,Bahamas,2022,22.774993896484375,-74.22500610351562,89.64249418678368,0.0002821416819475821,2022,2022
BHS,Bahamas,2022,22.824996948242188,-74.32500457763672,99.16007678211281,0.00031209741651166007,2022,2022
BHS,Bahamas,2022,22.824996948242188,-74.2750015258789,18.179693639294435,5.7218949419175304e-05,2022,2022
BHS,Bahamas,2022,22.92499542236328,-74.87500762939453,77.90994926542437,0.0002452145528257563,2022,2022
BHS,Bahamas,2022,22.974998474121094,-74.87500762939453,71.53254656493664,0.00022514225184065115,2022,2022
BHS,Bahamas,2022,23.024993896484375,-74.92500305175781,32.70385908335447,0.00010293245286915198,2022,2022
BHS,Bahamas,2022,23.024993896484375,-74.87500762939453,95.80495327711677,0.0003015374672662829,2022,2022
BHS,Bahamas,2022,23.074996948242188,-74.97500610351562,83.30622405565535,0.000262198842022292,2022,2022
BHS,Bahamas,2022,23.074996948242188,-74.92500305175781,27.422885589356756,8.631106412451808e-05,2022,2022
BHS,Bahamas,2022,23.074996948242188,-73.7750015258789,0.0,0.0,2022,2022
BHS,Bahamas,2022,23.125,-75.12500762939453,0.0,0.0,2022,2022
BHS,Bahamas,2022,23.17499542236328,-75.22500610351562,0.0,0.0,2022,2022
BHS,Bahamas,2022,23.17499542236328,-75.17500305175781,0.0,0.0,2022,2022
BHS,Bahamas,2022,23.224998474121094,-75.12500762939453,65.38236445188522,0.00020578510720292318,2022,2022
BHS,Bahamas,2022,23.42499542236328,-75.57500457763672,62.46664166457961,0.0001966081321670748,2022,2022
BHS,Bahamas,2022,23.42499542236328,-75.17500305175781,106.40577831864655,0.00033490260992972997,2022,2022
BHS,Bahamas,2022,23.474998474121094,-75.7750015258789,779.5042029619447,0.00245341931752405,2022,2022
BHS,Bahamas,2022,23.474998474121094,-75.72500610351562,363.68571523949504,0.0011446680542397136,2022,2022
BHS,Bahamas,2022,23.474998474121094,-75.22500610351562,180.69365692138672,0.0005687170213585573,2022,2022
BHS,Bahamas,2022,23.524993896484375,-75.82500457763672,491.2983130479221,0.001546317219738706,2022,2022
BHS,Bahamas,2022,23.524993896484375,-75.22500610351562,72.01704914868624,0.00022666718011409064,2022,2022
BHS,Bahamas,2022,23.574996948242188,-75.92500305175781,187.31794673204422,0.0005895663773012068,2022,2022
BHS,Bahamas,2022,23.574996948242188,-75.87500762939453,703.9261334836483,0.0022155441464413875,2022,2022
BHS,Bahamas,2022,23.625,-75.97500610351562,153.47819131612778,0.00048305879296461316,2022,2022
BHS,Bahamas,2022,23.625,-75.92500305175781,1221.0650621429113,0.0038431923779651224,2022,2022
BHS,Bahamas,2022,23.67499542236328,-76.0250015258789,152.7099151611368,0.0004806407129174681,2022,2022
BHS,Bahamas,2022,23.67499542236328,-75.32500457763672,63.95746558905799,0.00020130036628389434,2022,2022
BHS,Bahamas,2022,23.67499542236328,-74.92500305175781,0.20910799503326416,6.581485930594521e-07,2022,2022
BHS,Bahamas,2022,23.67499542236328,-74.87500762939453,5.36610094458009,1.6889319733224807e-05,2022,2022
BHS,Bahamas,2022,23.67499542236328,-74.82500457763672,29.224118605283202,9.198028291749462e-05,2022,2022
BHS,Bahamas,2022,23.774993896484375,-77.72500610351562,0.0,0.0,2022,2022
BHS,Bahamas,2022,23.774993896484375,-77.62500762939453,0.0,0.0,2022,2022
BHS,Bahamas,2022,23.774993896484375,-77.57500457763672,0.0,0.0,2022,2022
BHS,Bahamas,2022,23.824996948242188,-77.72500610351562,0.0,0.0,2022,2022
BHS,Bahamas,2022,23.824996948242188,-77.67500305175781,0.1435910016298294,4.519397533491549e-07,2022,2022
BHS,Bahamas,2022,23.824996948242188,-77.57500457763672,0.0,0.0,2022,2022
BHS,Bahamas,2022,23.875,-77.7750015258789,0.0,0.0,2022,2022
BHS,Bahamas,2022,23.875,-77.72500610351562,0.02900099940598011,9.127803532011068e-08,2022,2022
BHS,Bahamas,2022,23.875,-77.67500305175781,0.0,0.0,2022,2022
BHS,Bahamas,2022,23.875,-77.62500762939453,0.0,0.0,2022,2022
BHS,Bahamas,2022,23.875,-77.57500457763672,0.0,0.0,2022,2022
BHS,Bahamas,2022,23.875,-77.5250015258789,48.159925818457765,0.00015157903175449323,2022,2022
BHS,Bahamas,2022,23.92499542236328,-77.7750015258789,0.0,0.0,2022,2022
BHS,Bahamas,2022,23.92499542236328,-77.72500610351562,0.0,0.0,2022,2022
BHS,Bahamas,2022,23.92499542236328,-77.67500305175781,0.0,0.0,2022,2022
BHS,Bahamas,2022,23.92499542236328,-77.62500762939453,0.0,0.0,2022,2022
BHS,Bahamas,2022,23.92499542236328,-77.5250015258789,56.16361376643181,0.0001767699191780375,2022,2022
BHS,Bahamas,2022,23.974998474121094,-77.82500457763672,0.0,0.0,2022,2022
BHS,Bahamas,2022,23.974998474121094,-77.7750015258789,0.0,0.0,2022,2022
BHS,Bahamas,2022,23.974998474121094,-77.72500610351562,0.0,0.0,2022,2022
BHS,Bahamas,2022,23.974998474121094,-77.67500305175781,0.0,0.0,2022,2022
BHS,Bahamas,2022,23.974998474121094,-77.62500762939453,0.05579200014472008,1.756002987517482e-07,2022,2022
BHS,Bahamas,2022,23.974998474121094,-77.57500457763672,13.045831829340964,4.106058145890178e-05,2022,2022
BHS,Bahamas,2022,23.974998474121094,-76.32500457763672,46.937601402401924,0.00014773187567343856,2022,2022
BHS,Bahamas,2022,23.974998474121094,-74.5250015258789,74.54096991570171,0.00023461099355623339,2022,2022
BHS,Bahamas,2022,24.024993896484375,-77.82500457763672,0.0,0.0,2022,2022
BHS,Bahamas,2022,24.024993896484375,-77.7750015258789,4.3977342600864944e-11,1.384147275413765e-16,2022,2022
BHS,Bahamas,2022,24.024993896484375,-77.72500610351562,2.409493014216423,7.583662389574597e-06,2022,2022
BHS,Bahamas,2022,24.024993896484375,-77.67500305175781,0.0,0.0,2022,2022
BHS,Bahamas,2022,24.024993896484375,-77.62500762939453,0.22981899604201317,7.233346045870969e-07,2022,2022
BHS,Bahamas,2022,24.024993896484375,-77.57500457763672,1.72820296138525,5.439363269567695e-06,2022,2022
BHS,Bahamas,2022,24.024993896484375,-74.5250015258789,86.03252441063523,0.00027077962700185274,2022,2022
BHS,Bahamas,2022,24.024993896484375,-74.47500610351562,4.017498031258583,1.264471344805032e-05,2022,2022
BHS,Bahamas,2022,24.074996948242188,-77.87500762939453,0.0,0.0,2022,2022
BHS,Bahamas,2022,24.074996948242188,-77.82500457763672,0.0,0.0,2022,2022
BHS,Bahamas,2022,24.074996948242188,-77.7750015258789,0.0,0.0,2022,2022
BHS,Bahamas,2022,24.074996948242188,-77.72500610351562,0.7934250049316425,2.497233788745767e-06,2022,2022
BHS,Bahamas,2022,24.074996948242188,-77.67500305175781,0.18932799994945526,5.95892838882952e-07,2022,2022
BHS,Bahamas,2022,24.074996948242188,-77.62500762939453,0.4582099989056587,1.4421747291755135e-06,2022,2022
BHS,Bahamas,2022,24.074996948242188,-77.57500457763672,26.189729474552642,8.24298162465884e-05,2022,2022
BHS,Bahamas,2022,24.074996948242188,-76.37500762939453,173.6466464996338,0.0005465371903405507,2022,2022
BHS,Bahamas,2022,24.074996948242188,-74.5250015258789,409.03234124183655,0.0012873924780413316,2022,2022
BHS,Bahamas,2022,24.074996948242188,-74.47500610351562,8.17528523504734,2.5730974439548328e-05,2022,2022
BHS,Bahamas,2022,24.125,-77.87500762939453,0.0,0.0,2022,2022
BHS,Bahamas,2022,24.125,-77.82500457763672,0.0,0.0,2022,2022
BHS,Bahamas,2022,24.125,-77.7750015258789,0.0,0.0,2022,2022
BHS,Bahamas,2022,24.125,-77.62500762939453,3.562750019133091,1.1213435010660278e-05,2022,2022
BHS,Bahamas,2022,24.125,-77.57500457763672,251.97754389047623,0.0007930766395025319,2022,2022
BHS,Bahamas,2022,24.125,-74.47500610351562,123.94685239344969,0.0003901115617502801,2022,2022
BHS,Bahamas,2022,24.17499542236328,-77.92500305175781,0.0,0.0,2022,2022
BHS,Bahamas,2022,24.17499542236328,-77.82500457763672,0.0,0.0,2022,2022
BHS,Bahamas,2022,24.17499542236328,-77.7750015258789,0.0,0.0,2022,2022
BHS,Bahamas,2022,24.17499542236328,-77.62500762939453,15.629652044746642,4.919292302344743e-05,2022,2022
BHS,Bahamas,2022,24.17499542236328,-75.47500610351562,28.618910551071167,9.007544504018372e-05,2022,2022
BHS,Bahamas,2022,24.17499542236328,-75.42500305175781,11.983379006385803,3.771660682747391e-05,2022,2022
BHS,Bahamas,2022,24.17499542236328,-75.37500762939453,56.59094548225403,0.00017811490729048788,2022,2022
BHS,Bahamas,2022,24.17499542236328,-75.32500457763672,84.4326162301004,0.00026574406000750704,2022,2022
BHS,Bahamas,2022,24.224998474121094,-77.87500762939453,0.0,0.0,2022,2022
BHS,Bahamas,2022,24.224998474121094,-77.7750015258789,0.0,0.0,2022,2022
BHS,Bahamas,2022,24.224998474121094,-77.72500610351562,0.0,0.0,2022,2022
BHS,Bahamas,2022,24.224998474121094,-77.67500305175781,19.455908112234052,6.123571960375722e-05,2022,2022
BHS,Bahamas,2022,24.224998474121094,-76.47500610351562,107.7985466718736,0.00033928622296178207,2022,2022
BHS,Bahamas,2022,24.224998474121094,-75.37500762939453,297.2960260808468,0.0009357124831891281,2022,2022
BHS,Bahamas,2022,24.224998474121094,-75.32500457763672,3.746864080429077,1.1792917446925515e-05,2022,2022
BHS,Bahamas,2022,24.274993896484375,-78.0250015258789,0.0,0.0,2022,2022
BHS,Bahamas,2022,24.274993896484375,-77.67500305175781,328.652819365263,0.001034405167702275,2022,2022
BHS,Bahamas,2022,24.274993896484375,-76.5250015258789,34.45744760336921,0.00010845171489961289,2022,2022
BHS,Bahamas,2022,24.274993896484375,-75.37500762939453,4.998522937297821,1.573240104011631e-05,2022,2022
BHS,Bahamas,2022,24.324996948242188,-78.0250015258789,0.0,0.0,2022,2022
BHS,Bahamas,2022,24.324996948242188,-77.87500762939453,0.0,0.0,2022,2022
BHS,Bahamas,2022,24.324996948242188,-77.7750015258789,0.0,0.0,2022,2022
BHS,Bahamas,2022,24.324996948242188,-75.47500610351562,107.11367150396109,0.00033713064001474427,2022,2022
BHS,Bahamas,2022,24.324996948242188,-75.42500305175781,55.90025699884464,0.00017594102745616618,2022,2022
BHS,Bahamas,2022,24.375,-78.07500457763672,0.0,0.0,2022,2022
BHS,Bahamas,2022,24.375,-78.0250015258789,0.0,0.0,2022,2022
BHS,Bahamas,2022,24.375,-77.97500610351562,0.0,0.0,2022,2022
BHS,Bahamas,2022,24.375,-77.92500305175781,0.0,0.0,2022,2022
BHS,Bahamas,2022,24.375,-77.87500762939453,0.0,0.0,2022,2022
BHS,Bahamas,2022,24.42499542236328,-78.12500762939453,0.0,0.0,2022,2022
BHS,Bahamas,2022,24.42499542236328,-78.07500457763672,0.0,0.0,2022,2022
BHS,Bahamas,2022,24.42499542236328,-78.0250015258789,0.0,0.0,2022,2022
BHS,Bahamas,2022,24.42499542236328,-77.97500610351562,0.0,0.0,2022,2022
BHS,Bahamas,2022,24.42499542236328,-77.92500305175781,0.10036999732255936,3.1590553251067745e-07,2022,2022
BHS,Bahamas,2022,24.42499542236328,-77.87500762939453,0.0,0.0,2022,2022
BHS,Bahamas,2022,24.42499542236328,-75.5250015258789,66.65364565700952,0.00020978635037108794,2022,2022
BHS,Bahamas,2022,24.474998474121094,-78.22500610351562,0.0,0.0,2022,2022
BHS,Bahamas,2022,24.474998474121094,-78.17500305175781,0.7557380199432373,2.378617395609647e-06,2022,2022
BHS,Bahamas,2022,24.474998474121094,-78.12500762939453,2.573050022125244,8.09844335059467e-06,2022,2022
BHS,Bahamas,2022,24.474998474121094,-78.07500457763672,0.0,0.0,2022,2022
BHS,Bahamas,2022,24.474998474121094,-78.0250015258789,0.0,0.0,2022,2022
BHS,Bahamas,2022,24.474998474121094,-77.97500610351562,0.19809600712233696,6.234893522723577e-07,2022,2022
BHS,Bahamas,2022,24.474998474121094,-77.92500305175781,0.075033999979496,2.3616276130557558e-07,2022,2022
BHS,Bahamas,2022,24.474998474121094,-77.87500762939453,0.0,0.0,2022,2022
BHS,Bahamas,2022,24.474998474121094,-77.82500457763672,0.0,0.0,2022,2022
BHS,Bahamas,2022,24.474998474121094,-77.7750015258789,1.9302129745483398,6.07517160356305e-06,2022,2022
BHS,Bahamas,2022,24.524993896484375,-78.32500457763672,0.0,0.0,2022,2022
BHS,Bahamas,2022,24.524993896484375,-78.2750015258789,0.0,0.0,2022,2022
BHS,Bahamas,2022,24.524993896484375,-78.22500610351562,0.0,0.0,2022,2022
BHS,Bahamas,2022,24.524993896484375,-78.17500305175781,0.0,0.0,2022,2022
BHS,Bahamas,2022,24.524993896484375,-78.12500762939453,0.0,0.0,2022,2022
BHS,Bahamas,2022,24.524993896484375,-78.07500457763672,0.0,0.0,2022,2022
BHS,Bahamas,2022,24.524993896484375,-78.0250015258789,0.0,0.0,2022,2022
BHS,Bahamas,2022,24.524993896484375,-77.97500610351562,0.0,0.0,2022,2022
BHS,Bahamas,2022,24.524993896484375,-77.92500305175781,0.33589600026665384,1.0572024276481088e-06,2022,2022
BHS,Bahamas,2022,24.524993896484375,-77.87500762939453,0.0,0.0,2022,2022
BHS,Bahamas,2022,24.524993896484375,-77.82500457763672,0.0,0.0,2022,2022
BHS,Bahamas,2022,24.524993896484375,-77.7750015258789,2.4514679760255986,7.715774803803612e-06,2022,2022
BHS,Bahamas,2022,24.524993896484375,-77.72500610351562,101.41722304196789,0.0003192015812042473,2022,2022
BHS,Bahamas,2022,24.524993896484375,-76.7750015258789,0.4777259826660156,1.5035995314744727e-06,2022,2022
BHS,Bahamas,2022,24.524993896484375,-75.57500457763672,52.02207484842346,0.0001637347982035642,2022,2022
BHS,Bahamas,2022,24.574996948242188,-78.37500762939453,0.2245909981429577,7.068799517593378e-07,2022,2022
BHS,Bahamas,2022,24.574996948242188,-78.32500457763672,0.03168400004506111,9.972253834118298e-08,2022,2022
BHS,Bahamas,2022,24.574996948242188,-78.2750015258789,0.0,0.0,2022,2022
BHS,Bahamas,2022,24.574996948242188,-78.22500610351562,0.0,0.0,2022,2022
BHS,Bahamas,2022,24.574996948242188,-78.17500305175781,0.0,0.0,2022,2022
BHS,Bahamas,2022,24.574996948242188,-78.12500762939453,0.0,0.0,2022,2022
BHS,Bahamas,2022,24.574996948242188,-78.07500457763672,0.08135700227309953,2.560638419064625e-07,2022,2022
BHS,Bahamas,2022,24.574996948242188,-78.0250015258789,0.07763399928808212,2.443460251096654e-07,2022,2022
BHS,Bahamas,2022,24.574996948242188,-77.97500610351562,0.07161600142717361,2.2540491850797057e-07,2022,2022
BHS,Bahamas,2022,24.574996948242188,-77.92500305175781,0.0,0.0,2022,2022
BHS,Bahamas,2022,24.574996948242188,-77.87500762939453,0.0,0.0,2022,2022
BHS,Bahamas,2022,24.574996948242188,-77.82500457763672,0.0,0.0,2022,2022
BHS,Bahamas,2022,24.574996948242188,-77.7750015258789,54.07267710566521,0.0001701888842384549,2022,2022
BHS,Bahamas,2022,24.574996948242188,-75.62500762939453,93.38693223894488,0.0002939269636888954,2022,2022
BHS,Bahamas,2022,24.625,-78.42500305175781,0.0,0.0,2022,2022
BHS,Bahamas,2022,24.625,-78.37500762939453,0.0,0.0,2022,2022
BHS,Bahamas,2022,24.625,-78.32500457763672,0.0,0.0,2022,2022
BHS,Bahamas,2022,24.625,-78.17500305175781,0.0,0.0,2022,2022
BHS,Bahamas,2022,24.625,-78.12500762939453,0.0,0.0,2022,2022
BHS,Bahamas,2022,24.625,-78.07500457763672,0.06744199991226196,2.1226762443162442e-07,2022,2022
BHS,Bahamas,2022,24.625,-78.0250015258789,0.13895100355148315,4.3733577703262835e-07,2022,2022
BHS,Bahamas,2022,24.625,-77.97500610351562,0.0,0.0,2022,2022
BHS,Bahamas,2022,24.625,-77.92500305175781,0.13377100229263306,4.210321893098535e-07,2022,2022
BHS,Bahamas,2022,24.625,-77.87500762939453,0.0,0.0,2022,2022
BHS,Bahamas,2022,24.625,-77.82500457763672,0.0,0.0,2022,2022
BHS,Bahamas,2022,24.625,-77.7750015258789,132.17605483531952,0.0004160122357453441,2022,2022
BHS,Bahamas,2022,24.625,-75.67500305175781,130.33994178474583,0.0004102332351827834,2022,2022
BHS,Bahamas,2022,24.625,-75.62500762939453,7.4164112359285355,2.3342486831745528e-05,2022,2022
BHS,Bahamas,2022,24.67499542236328,-78.32500457763672,0.0,0.0,2022,2022
BHS,Bahamas,2022,24.67499542236328,-78.22500610351562,0.0,0.0,2022,2022
BHS,Bahamas,2022,24.67499542236328,-78.17500305175781,0.0,0.0,2022,2022
BHS,Bahamas,2022,24.67499542236328,-78.12500762939453,0.0,0.0,2022,2022
BHS,Bahamas,2022,24.67499542236328,-78.07500457763672,0.1501080021262169,4.724514258319926e-07,2022,2022
BHS,Bahamas,2022,24.67499542236328,-78.0250015258789,1.8443130105733871,5.804809198601063e-06,2022,2022
BHS,Bahamas,2022,24.67499542236328,-77.97500610351562,0.11823399923741817,3.721308706418446e-07,2022,2022
BHS,Bahamas,2022,24.67499542236328,-77.92500305175781,0.8602760210678174,2.707641344935186e-06,2022,2022
BHS,Bahamas,2022,24.67499542236328,-77.87500762939453,6.319022947922349,1.9888555968526737e-05,2022,2022
BHS,Bahamas,2022,24.67499542236328,-77.82500457763672,3.678038969670799,1.1576296605596536e-05,2022,2022
BHS,Bahamas,2022,24.67499542236328,-77.7750015258789,85.73781312258738,0.0002698520497489764,2022,2022
BHS,Bahamas,2022,24.67499542236328,-76.17500305175781,51.142078787088394,0.00016096508980684122,2022,2022
BHS,Bahamas,2022,24.67499542236328,-75.72500610351562,36.923661042037665,0.00011621389971988127,2022,2022
BHS,Bahamas,2022,24.724998474121094,-78.2750015258789,0.0,0.0,2022,2022
BHS,Bahamas,2022,24.724998474121094,-78.22500610351562,0.0,0.0,2022,2022
BHS,Bahamas,2022,24.724998474121094,-78.17500305175781,0.0,0.0,2022,2022
BHS,Bahamas,2022,24.724998474121094,-78.12500762939453,0.0,0.0,2022,2022
BHS,Bahamas,2022,24.724998474121094,-78.07500457763672,1.8626690246164799,5.862583100621017e-06,2022,2022
BHS,Bahamas,2022,24.724998474121094,-78.0250015258789,0.07394000142812729,2.327194993333212e-07,2022,2022
BHS,Bahamas,2022,24.724998474121094,-77.97500610351562,0.0182499997317791,5.744023151718848e-08,2022,2022
BHS,Bahamas,2022,24.724998474121094,-77.92500305175781,0.40717000328178166,1.28153093693662e-06,2022,2022
BHS,Bahamas,2022,24.724998474121094,-77.87500762939453,5.333451986312866,1.6786560075732935e-05,2022,2022
BHS,Bahamas,2022,24.724998474121094,-77.82500457763672,85.07820774616799,0.00026777600119619,2022,2022
BHS,Bahamas,2022,24.724998474121094,-77.7750015258789,994.4216867834373,0.003129852753646337,2022,2022
BHS,Bahamas,2022,24.774993896484375,-78.2750015258789,0.0,0.0,2022,2022
BHS,Bahamas,2022,24.774993896484375,-78.22500610351562,0.0,0.0,2022,2022
BHS,Bahamas,2022,24.774993896484375,-78.17500305175781,0.017781000584363937,5.5964098914184616e-08,2022,2022
BHS,Bahamas,2022,24.774993896484375,-78.12500762939453,0.16795600205826233,5.286263991625547e-07,2022,2022
BHS,Bahamas,2022,24.774993896484375,-78.07500457763672,2.641990043223593,8.315425861876219e-06,2022,2022
BHS,Bahamas,2022,24.774993896484375,-78.0250015258789,0.0,0.0,2022,2022
BHS,Bahamas,2022,24.774993896484375,-77.97500610351562,0.05129700154066086,1.614526952294861e-07,2022,2022
BHS,Bahamas,2022,24.774993896484375,-77.92500305175781,0.08669800312904008,2.72874161369893e-07,2022,2022
BHS,Bahamas,2022,24.774993896484375,-77.87500762939453,103.80482923984528,0.0003267163568093745,2022,2022
BHS,Bahamas,2022,24.774993896484375,-76.2750015258789,255.53739523887634,0.0008042809512079624,2022,2022
BHS,Bahamas,2022,24.774993896484375,-76.22500610351562,275.65686197579237,0.0008676051618575902,2022,2022
BHS,Bahamas,2022,24.824996948242188,-78.22500610351562,0.0,0.0,2022,2022
BHS,Bahamas,2022,24.824996948242188,-78.17500305175781,0.0,0.0,2022,2022
BHS,Bahamas,2022,24.824996948242188,-78.12500762939453,0.031101999804377556,9.78907449680735e-08,2022,2022
BHS,Bahamas,2022,24.824996948242188,-78.07500457763672,0.0,0.0,2022,2022
BHS,Bahamas,2022,24.824996948242188,-78.0250015258789,0.3610320035368204,1.1363157355097536e-06,2022,2022
BHS,Bahamas,2022,24.824996948242188,-77.97500610351562,0.3803120143711567,1.1969978342634187e-06,2022,2022
BHS,Bahamas,2022,24.824996948242188,-77.92500305175781,31.57956201955676,9.939382905612356e-05,2022,2022
BHS,Bahamas,2022,24.824996948242188,-77.87500762939453,148.37293119728565,0.00046699044625274317,2022,2022
BHS,Bahamas,2022,24.824996948242188,-76.17500305175781,44.152131238047616,0.00013896485904460408,2022,2022
BHS,Bahamas,2022,24.875,-78.17500305175781,0.0,0.0,2022,2022
BHS,Bahamas,2022,24.875,-78.12500762939453,0.021648000925779343,6.813513442938867e-08,2022,2022
BHS,Bahamas,2022,24.875,-78.07500457763672,0.18198499829860956,5.727814021128345e-07,2022,2022
BHS,Bahamas,2022,24.875,-78.0250015258789,0.18548700213432312,5.838036439787996e-07,2022,2022
BHS,Bahamas,2022,24.875,-77.97500610351562,0.05294099822640419,1.666270268256752e-07,2022,2022
BHS,Bahamas,2022,24.875,-77.92500305175781,144.30069900676685,0.00045417346196491136,2022,2022
BHS,Bahamas,2022,24.875,-76.17500305175781,603.9259961098433,0.00190080271482921,2022,2022
BHS,Bahamas,2022,24.92499542236328,-78.17500305175781,0.0,0.0,2022,2022
BHS,Bahamas,2022,24.92499542236328,-78.12500762939453,0.11936500295996666,3.756906030596408e-07,2022,2022
BHS,Bahamas,2022,24.92499542236328,-78.07500457763672,0.48296698555350304,1.5200951163327735e-06,2022,2022
BHS,Bahamas,2022,24.92499542236328,-78.0250015258789,12.442423190921545,3.9161407080837064e-05,2022,2022
BHS,Bahamas,2022,24.92499542236328,-77.97500610351562,74.3543784096837,0.00023402371358569445,2022,2022
BHS,Bahamas,2022,24.92499542236328,-77.92500305175781,104.1519498229033,0.00032780888760106076,2022,2022
BHS,Bahamas,2022,24.92499542236328,-76.17500305175781,109.55053338410043,0.00034480044344640544,2022,2022
BHS,Bahamas,2022,24.974998474121094,-78.17500305175781,0.0,0.0,2022,2022
BHS,Bahamas,2022,24.974998474121094,-78.12500762939453,0.2497350051999092,7.860184508194866e-07,2022,2022
BHS,Bahamas,2022,24.974998474121094,-78.07500457763672,4.197753794505492,1.3212052238482217e-05,2022,2022
BHS,Bahamas,2022,24.974998474121094,-78.0250015258789,91.3554113470804,0.00028753293453406186,2022,2022
BHS,Bahamas,2022,24.974998474121094,-77.97500610351562,0.9616989940404892,3.0268610235287865e-06,2022,2022
BHS,Bahamas,2022,24.974998474121094,-76.17500305175781,455.081166267395,0.0014323270100652797,2022,2022
BHS,Bahamas,2022,25.024993896484375,-78.12500762939453,0.0,0.0,2022,2022
BHS,Bahamas,2022,25.024993896484375,-78.07500457763672,5.519580818738807,1.7372383822785e-05,2022,2022
BHS,Bahamas,2022,25.024993896484375,-78.0250015258789,161.29448182881026,0.0005076598638277698,2022,2022
BHS,Bahamas,2022,25.024993896484375,-77.5250015258789,4858.48233795166,0.015291635858391828,2022,2022
BHS,Bahamas,2022,25.024993896484375,-77.47500610351562,2496.255814552307,0.007856740494320792,2022,2022
BHS,Bahamas,2022,25.024993896484375,-77.42500305175781,6957.664197594036,0.021898621819305363,2022,2022
BHS,Bahamas,2022,25.024993896484375,-77.37500762939453,66212.40548706055,0.2083975866511401,2022,2022
BHS,Bahamas,2022,25.024993896484375,-77.32500457763672,78240.36938631535,0.2462545204159402,2022,2022
BHS,Bahamas,2022,25.024993896484375,-76.12500762939453,49.41850064893066,0.00015554028275211292,2022,2022
BHS,Bahamas,2022,25.074996948242188,-78.12500762939453,0.0,0.0,2022,2022
BHS,Bahamas,2022,25.074996948242188,-78.07500457763672,7.644979819871319,2.4061885876796882e-05,2022,2022
BHS,Bahamas,2022,25.074996948242188,-78.0250015258789,420.5407848507166,0.0013236142684529492,2022,2022
BHS,Bahamas,2022,25.074996948242188,-77.97500610351562,248.7110169827988,0.0007827955400728484,2022,2022
BHS,Bahamas,2022,25.074996948242188,-77.42500305175781,5511.423450857401,0.01734670924160334,2022,2022
BHS,Bahamas,2022,25.074996948242188,-77.37500762939453,27651.019094944,0.08702909379960574,2022,2022
BHS,Bahamas,2022,25.074996948242188,-77.32500457763672,54582.52278137207,0.17179357761275912,2022,2022
BHS,Bahamas,2022,25.074996948242188,-76.12500762939453,253.1550134420395,0.0007967826189348746,2022,2022
BHS,Bahamas,2022,25.125,-78.17500305175781,75.3928565681023,0.0002372922301183954,2022,2022
BHS,Bahamas,2022,25.125,-78.12500762939453,0.9082300141453743,2.8585722219232045e-06,2022,2022
BHS,Bahamas,2022,25.125,-78.07500457763672,349.06427749991417,0.0010986483949948305,2022,2022
BHS,Bahamas,2022,25.125,-78.0250015258789,1233.7553308011168,0.0038831338563462612,2022,2022
BHS,Bahamas,2022,25.125,-76.12500762939453,76.0209027007306,0.00023926894879192095,2022,2022
BHS,Bahamas,2022,25.17499542236328,-78.17500305175781,0.0,0.0,2022,2022
BHS,Bahamas,2022,25.17499542236328,-78.12500762939453,0.0,0.0,2022,2022
BHS,Bahamas,2022,25.17499542236328,-76.22500610351562,631.8982114642954,0.0019888427449455148,2022,2022
BHS,Bahamas,2022,25.17499542236328,-76.17500305175781,1063.8082298636436,0.003348240652675412,2022,2022
BHS,Bahamas,2022,25.224998474121094,-76.2750015258789,390.60037837177515,0.0012293795339244642,2022,2022
BHS,Bahamas,2022,25.324996948242188,-76.37500762939453,291.67338214814663,0.0009180157174916128,2022,2022
BHS,Bahamas,2022,25.375,-76.5250015258789,326.0707567706704,0.0010262783580910393,2022,2022
BHS,Bahamas,2022,25.42499542236328,-76.7750015258789,136.46987296641154,0.0004295266418367125,2022,2022
BHS,Bahamas,2022,25.42499542236328,-76.57500457763672,183.84432578086853,0.0005786334680096493,2022,2022
BHS,Bahamas,2022,25.474998474121094,-76.72500610351562,1018.3795027605444,0.0032052578230488816,2022,2022
BHS,Bahamas,2022,25.474998474121094,-76.67500305175781,304.4852589443326,0.0009583399465413891,2022,2022
BHS,Bahamas,2022,25.524993896484375,-76.82500457763672,41.778854846954346,0.00013149518521653845,2022,2022
BHS,Bahamas,2022,25.524993896484375,-76.72500610351562,143.08894914391277,0.00045035958833826916,2022,2022
BHS,Bahamas,2022,25.774993896484375,-77.87500762939453,346.22826916351914,0.0010897223140183172,2022,2022
BHS,Bahamas,2022,25.92499542236328,-77.2750015258789,0.0,0.0,2022,2022
BHS,Bahamas,2022,25.92499542236328,-77.22500610351562,0.0,0.0,2022,2022
BHS,Bahamas,2022,25.974998474121094,-77.2750015258789,0.0,0.0,2022,2022
BHS,Bahamas,2022,25.974998474121094,-77.22500610351562,0.0,0.0,2022,2022
BHS,Bahamas,2022,26.024993896484375,-77.37500762939453,168.51975372433662,0.0005304007567895918,2022,2022
BHS,Bahamas,2022,26.024993896484375,-77.32500457763672,0.8262569904360493,2.6005695079928304e-06,2022,2022
BHS,Bahamas,2022,26.024993896484375,-77.2750015258789,0.2292969971895218,7.216916601827416e-07,2022,2022
BHS,Bahamas,2022,26.024993896484375,-77.22500610351562,0.0,0.0,2022,2022
BHS,Bahamas,2022,26.074996948242188,-77.2750015258789,0.0,0.0,2022,2022
BHS,Bahamas,2022,26.074996948242188,-77.22500610351562,0.6732009798288345,2.1188394908100505e-06,2022,2022
BHS,Bahamas,2022,26.125,-77.22500610351562,14.821513034403324,4.664937822704065e-05,2022,2022
BHS,Bahamas,2022,26.17499542236328,-77.22500610351562,0.16210900247097015,5.102234942359239e-07,2022,2022
BHS,Bahamas,2022,26.224998474121094,-77.22500610351562,0.0,0.0,2022,2022
BHS,Bahamas,2022,26.224998474121094,-77.17500305175781,51.70253408700327,0.0001627290724180896,2022,2022
BHS,Bahamas,2022,26.274993896484375,-77.22500610351562,0.0,0.0,2022,2022
BHS,Bahamas,2022,26.274993896484375,-77.17500305175781,1.8989880084991455,5.976893833407312e-06,2022,2022
BHS,Bahamas,2022,26.324996948242188,-77.57500457763672,162.54144255816936,0.0005115845604874911,2022,2022
BHS,Bahamas,2022,26.324996948242188,-77.22500610351562,0.0,0.0,2022,2022
BHS,Bahamas,2022,26.324996948242188,-77.17500305175781,0.0,0.0,2022,2022
BHS,Bahamas,2022,26.324996948242188,-77.12500762939453,5.920498080551624,1.8634234818742275e-05,2022,2022
BHS,Bahamas,2022,26.324996948242188,-77.07500457763672,14.330777954310179,4.5104833732331865e-05,2022,2022
BHS,Bahamas,2022,26.324996948242188,-77.0250015258789,87.62257315218581,0.0002757841622994199,2022,2022
BHS,Bahamas,2022,26.375,-77.22500610351562,0.0,0.0,2022,2022
BHS,Bahamas,2022,26.375,-77.17500305175781,0.41278401017189026,1.2992005183199777e-06,2022,2022
BHS,Bahamas,2022,26.375,-77.12500762939453,3.233297973905146,1.017651435149161e-05,2022,2022
BHS,Bahamas,2022,26.375,-77.07500457763672,51.18884726615353,0.0001611122893851804,2022,2022
BHS,Bahamas,2022,26.375,-77.0250015258789,47.37401611731815,0.00014910545170799844,2022,2022
BHS,Bahamas,2022,26.42499542236328,-77.22500610351562,0.0,0.0,2022,2022
BHS,Bahamas,2022,26.42499542236328,-77.17500305175781,0.0,0.0,2022,2022
BHS,Bahamas,2022,26.42499542236328,-77.12500762939453,16.4407959207957,5.1745925364202284e-05,2022,2022
BHS,Bahamas,2022,26.42499542236328,-77.07500457763672,7.099045887589455,2.234360796314004e-05,2022,2022
BHS,Bahamas,2022,26.474998474121094,-77.17500305175781,0.08869799971580505,2.7916897061185277e-07,2022,2022
BHS,Bahamas,2022,26.474998474121094,-77.12500762939453,3.226187016836139,1.0154133254157054e-05,2022,2022
BHS,Bahamas,2022,26.474998474121094,-77.07500457763672,239.41428705491484,0.0007535349194011366,2022,2022
BHS,Bahamas,2022,26.524993896484375,-78.7750015258789,3205.922637224199,0.010090352943276547,2022,2022
BHS,Bahamas,2022,26.524993896484375,-78.72500610351562,8986.796277403831,0.028285132403208072,2022,2022
BHS,Bahamas,2022,26.524993896484375,-78.67500305175781,16908.80223274231,0.05321893310693161,2022,2022
BHS,Bahamas,2022,26.524993896484375,-78.62500762939453,3951.2394029572606,0.012436170379251696,2022,2022
BHS,Bahamas,2022,26.524993896484375,-77.12500762939453,198.0193163305521,0.0006232479749079686,2022,2022
BHS,Bahamas,2022,26.524993896484375,-77.07500457763672,6138.855083465576,0.019321493831625236,2022,2022
BHS,Bahamas,2022,26.574996948242188,-78.82500457763672,1564.8960722386837,0.00492536953483923,2022,2022
BHS,Bahamas,2022,26.574996948242188,-78.7750015258789,0.0,0.0,2022,2022
BHS,Bahamas,2022,26.574996948242188,-78.67500305175781,677.1734540462494,0.002131342495856513,2022,2022
BHS,Bahamas,2022,26.574996948242188,-78.62500762939453,1339.8473475799153,0.0042170489300702415,2022,2022
BHS,Bahamas,2022,26.574996948242188,-78.57500457763672,1989.0632411838226,0.006260397520827262,2022,2022
BHS,Bahamas,2022,26.574996948242188,-78.5250015258789,78.75502526760101,0.00024787435347934863,2022,2022
BHS,Bahamas,2022,26.574996948242188,-77.87500762939453,0.0,0.0,2022,2022
BHS,Bahamas,2022,26.574996948242188,-77.17500305175781,11.74695584923029,3.697248622020673e-05,2022,2022
BHS,Bahamas,2022,26.625,-78.87500762939453,148.8796706199646,0.0004685853629752284,2022,2022
BHS,Bahamas,2022,26.625,-78.57500457763672,0.0,0.0,2022,2022
BHS,Bahamas,2022,26.625,-78.5250015258789,1.7763660252226359,5.590952177954318e-06,2022,2022
BHS,Bahamas,2022,26.625,-78.47500610351562,4.399154037237167,1.3845941374928666e-05,2022,2022
BHS,Bahamas,2022,26.625,-78.42500305175781,3.344885922970694,1.0527727377412485e-05,2022,2022
BHS,Bahamas,2022,26.625,-78.37500762939453,124.92496073991542,0.00039319006973360097,2022,2022
BHS,Bahamas,2022,26.625,-78.32500457763672,66.95133507997981,0.0002107233010355779,2022,2022
BHS,Bahamas,2022,26.625,-78.2750015258789,133.7264176309118,0.0004208918631000441,2022,2022
BHS,Bahamas,2022,26.625,-78.22500610351562,141.6197292804718,0.00044573535105903525,2022,2022
BHS,Bahamas,2022,26.625,-77.32500457763672,0.0,0.0,2022,2022
BHS,Bahamas,2022,26.625,-77.2750015258789,91.71295470002548,0.0002886582700558391,2022,2022
BHS,Bahamas,2022,26.67499542236328,-78.57500457763672,0.0,0.0,2022,2022
BHS,Bahamas,2022,26.67499542236328,-78.5250015258789,2.225072029982155,7.003213940986513e-06,2022,2022
BHS,Bahamas,2022,26.67499542236328,-78.47500610351562,0.06516999751329422,2.0511670137834542e-07,2022,2022
BHS,Bahamas,2022,26.67499542236328,-78.42500305175781,0.12723399698734283,4.0045755349157916e-07,2022,2022
BHS,Bahamas,2022,26.67499542236328,-78.37500762939453,0.0,0.0,2022,2022
BHS,Bahamas,2022,26.67499542236328,-78.32500457763672,1.1468989849093867,3.6097613253828525e-06,2022,2022
BHS,Bahamas,2022,26.67499542236328,-78.2750015258789,0.0,0.0,2022,2022
BHS,Bahamas,2022,26.67499542236328,-78.22500610351562,0.4195540100336075,1.3205084835333263e-06,2022,2022
BHS,Bahamas,2022,26.67499542236328,-78.17500305175781,3.524841994052646,1.109412291372975e-05,2022,2022
BHS,Bahamas,2022,26.67499542236328,-78.12500762939453,6.461988799295512,2.0338528117711307e-05,2022,2022
BHS,Bahamas,2022,26.67499542236328,-78.07500457763672,2.36432898696512,7.441512678906598e-06,2022,2022
BHS,Bahamas,2022,26.67499542236328,-78.0250015258789,1.9477790016846233,6.130459092898645e-06,2022,2022
BHS,Bahamas,2022,26.67499542236328,-77.97500610351562,37.5070721991363,0.00011805013382541403,2022,2022
BHS,Bahamas,2022,26.67499542236328,-77.92500305175781,6.70933997631073,2.111704368388212e-05,2022,2022
BHS,Bahamas,2022,26.67499542236328,-77.32500457763672,832.4147359133282,0.002619950457638704,2022,2022
BHS,Bahamas,2022,26.67499542236328,-77.2750015258789,1571.0909885317087,0.004944867476282009,2022,2022
BHS,Bahamas,2022,26.724998474121094,-78.62500762939453,0.0,0.0,2022,2022
BHS,Bahamas,2022,26.724998474121094,-78.57500457763672,0.0,0.0,2022,2022
BHS,Bahamas,2022,26.724998474121094,-78.5250015258789,0.0,0.0,2022,2022
BHS,Bahamas,2022,26.724998474121094,-78.0250015258789,0.0,0.0,2022,2022
BHS,Bahamas,2022,26.724998474121094,-77.97500610351562,0.0,0.0,2022,2022
BHS,Bahamas,2022,26.724998474121094,-77.92500305175781,0.0,0.0,2022,2022
BHS,Bahamas,2022,26.724998474121094,-77.42500305175781,39.820811629332155,0.0001253324204278337,2022,2022
BHS,Bahamas,2022,26.724998474121094,-77.37500762939453,227.92900924389403,0.0007173860412531834,2022,2022
BHS,Bahamas,2022,26.774993896484375,-78.57500457763672,0.0,0.0,2022,2022
BHS,Bahamas,2022,26.774993896484375,-77.42500305175781,28.741156026721,9.04602016717703e-05,2022,2022
BHS,Bahamas,2022,26.824996948242188,-77.47500610351562,8.18630599975586,2.5765661304515866e-05,2022,2022
BHS,Bahamas,2022,26.875,-77.67500305175781,18.651348114013672,5.8703439425869116e-05,2022,2022
BHS,Bahamas,2022,26.875,-77.62500762939453,43.06068874525822,0.0001355296420366634,2022,2022
BHS,Bahamas,2022,26.875,-77.57500457763672,10.488073393702507,3.301026700041535e-05,2022,2022
BHS,Bahamas,2022,26.875,-77.5250015258789,454.48366533970534,0.001430446429674998,2022,2022
BHS,Bahamas,2022,26.92499542236328,-77.87500762939453,0.0,0.0,2022,2022
BHS,Bahamas,2022,26.92499542236328,-77.82500457763672,125.61607506126775,0.0003953652898545194,2022,2022
BHS,Bahamas,2022,26.92499542236328,-77.7750015258789,157.1355258449912,0.0004945699242063254,2022,2022
BHS,Bahamas,2023,20.974998474121094,-73.67500305175781,457.87707364559174,0.001432875338783482,2023,2023
BHS,Bahamas,2023,20.974998474121094,-73.62500762939453,0.062231000512838364,1.9474498959449442e-07,2023,2023
BHS,Bahamas,2023,20.974998474121094,-73.57500457763672,0.0,0.0,2023,2023
BHS,Bahamas,2023,20.974998474121094,-73.5250015258789,0.0,0.0,2023,2023
BHS,Bahamas,2023,20.974998474121094,-73.47500610351562,0.0,0.0,2023,2023
BHS,Bahamas,2023,20.974998474121094,-73.42500305175781,0.0,0.0,2023,2023
BHS,Bahamas,2023,20.974998474121094,-73.37500762939453,0.0,0.0,2023,2023
BHS,Bahamas,2023,20.974998474121094,-73.32500457763672,0.0,0.0,2023,2023
BHS,Bahamas,2023,20.974998474121094,-73.2750015258789,0.0,0.0,2023,2023
BHS,Bahamas,2023,20.974998474121094,-73.22500610351562,0.0,0.0,2023,2023
BHS,Bahamas,2023,20.974998474121094,-73.17500305175781,0.0,0.0,2023,2023
BHS,Bahamas,2023,21.024993896484375,-73.67500305175781,0.7567600013996685,2.3681961945590807e-06,2023,2023
BHS,Bahamas,2023,21.024993896484375,-73.62500762939453,39.19640500098506,0.0001226607867646875,2023,2023
BHS,Bahamas,2023,21.024993896484375,-73.57500457763672,0.0,0.0,2023,2023
BHS,Bahamas,2023,21.024993896484375,-73.5250015258789,0.0,0.0,2023,2023
BHS,Bahamas,2023,21.024993896484375,-73.47500610351562,0.0,0.0,2023,2023
BHS,Bahamas,2023,21.024993896484375,-73.42500305175781,0.0,0.0,2023,2023
BHS,Bahamas,2023,21.024993896484375,-73.37500762939453,0.0,0.0,2023,2023
BHS,Bahamas,2023,21.024993896484375,-73.32500457763672,1.1377699375152588,3.5605243820019623e-06,2023,2023
BHS,Bahamas,2023,21.024993896484375,-73.2750015258789,0.0,0.0,2023,2023
BHS,Bahamas,2023,21.024993896484375,-73.22500610351562,0.0,0.0,2023,2023
BHS,Bahamas,2023,21.024993896484375,-73.17500305175781,0.0,0.0,2023,2023
BHS,Bahamas,2023,21.024993896484375,-73.12500762939453,0.0,0.0,2023,2023
BHS,Bahamas,2023,21.074996948242188,-73.62500762939453,7.777315117419767,2.4338242019788084e-05,2023,2023
BHS,Bahamas,2023,21.074996948242188,-73.57500457763672,1.0487739779055119,3.282021431939691e-06,2023,2023
BHS,Bahamas,2023,21.074996948242188,-73.5250015258789,0.0,0.0,2023,2023
BHS,Bahamas,2023,21.074996948242188,-73.47500610351562,0.0,0.0,2023,2023
BHS,Bahamas,2023,21.074996948242188,-73.42500305175781,0.0,0.0,2023,2023
BHS,Bahamas,2023,21.074996948242188,-73.37500762939453,0.0,0.0,2023,2023
BHS,Bahamas,2023,21.074996948242188,-73.32500457763672,0.0,0.0,2023,2023
BHS,Bahamas,2023,21.074996948242188,-73.2750015258789,0.0,0.0,2023,2023
BHS,Bahamas,2023,21.074996948242188,-73.22500610351562,0.0,0.0,2023,2023
BHS,Bahamas,2023,21.074996948242188,-73.17500305175781,0.0,0.0,2023,2023
BHS,Bahamas,2023,21.074996948242188,-73.12500762939453,0.0,0.0,2023,2023
BHS,Bahamas,2023,21.125,-73.5250015258789,0.0,0.0,2023,2023
BHS,Bahamas,2023,21.125,-73.47500610351562,0.0,0.0,2023,2023
BHS,Bahamas,2023,21.125,-73.42500305175781,0.0,0.0,2023,2023
BHS,Bahamas,2023,21.125,-73.37500762939453,0.0,0.0,2023,2023
BHS,Bahamas,2023,21.125,-73.32500457763672,0.0,0.0,2023,2023
BHS,Bahamas,2023,21.125,-73.2750015258789,0.0,0.0,2023,2023
BHS,Bahamas,2023,21.125,-73.22500610351562,0.0,0.0,2023,2023
BHS,Bahamas,2023,21.125,-73.17500305175781,0.0,0.0,2023,2023
BHS,Bahamas,2023,21.125,-73.12500762939453,0.0,0.0,2023,2023
BHS,Bahamas,2023,21.125,-73.07500457763672,0.0,0.0,2023,2023
BHS,Bahamas,2023,21.17499542236328,-73.47500610351562,0.0,0.0,2023,2023
BHS,Bahamas,2023,21.17499542236328,-73.42500305175781,0.0,0.0,2023,2023
BHS,Bahamas,2023,21.17499542236328,-73.37500762939453,0.0,0.0,2023,2023
BHS,Bahamas,2023,21.17499542236328,-73.12500762939453,0.0,0.0,2023,2023
BHS,Bahamas,2023,21.17499542236328,-73.07500457763672,0.024204999208450317,7.574685092861294e-08,2023,2023
BHS,Bahamas,2023,21.224998474121094,-73.07500457763672,0.0,0.0,2023,2023
BHS,Bahamas,2023,21.224998474121094,-73.0250015258789,0.0,0.0,2023,2023
BHS,Bahamas,2023,21.274993896484375,-73.07500457763672,0.0,0.0,2023,2023
BHS,Bahamas,2023,21.274993896484375,-73.0250015258789,0.0,0.0,2023,2023
BHS,Bahamas,2023,21.324996948242188,-73.0250015258789,0.0,0.0,2023,2023
BHS,Bahamas,2023,21.474998474121094,-73.0250015258789,0.6726599931750861,2.1050145794215516e-06,2023,2023
BHS,Bahamas,2023,21.474998474121094,-72.97500610351562,0.0,0.0,2023,2023
BHS,Bahamas,2023,21.524993896484375,-73.0250015258789,0.0,0.0,2023,2023
BHS,Bahamas,2023,21.524993896484375,-72.97500610351562,0.0,0.0,2023,2023
BHS,Bahamas,2023,22.17499542236328,-74.2750015258789,2.76107195019722,8.64046735195714e-06,2023,2023
BHS,Bahamas,2023,22.224998474121094,-74.22500610351562,118.76239487901368,0.00037165369613749547,2023,2023
BHS,Bahamas,2023,22.274993896484375,-74.17500305175781,0.20135700702667236,6.30124341807715e-07,2023,2023
BHS,Bahamas,2023,22.324996948242188,-74.12500762939453,1.5573230236768723,4.873469067537355e-06,2023,2023
BHS,Bahamas,2023,22.324996948242188,-74.07500457763672,3.460329085588455,1.082871472759669e-05,2023,2023
BHS,Bahamas,2023,22.324996948242188,-72.82500457763672,0.0,0.0,2023,2023
BHS,Bahamas,2023,22.324996948242188,-72.7750015258789,0.0,0.0,2023,2023
BHS,Bahamas,2023,22.375,-74.07500457763672,0.0,0.0,2023,2023
BHS,Bahamas,2023,22.375,-74.0250015258789,4.822072923183441,1.5090140500882992e-05,2023,2023
BHS,Bahamas,2023,22.375,-73.97500610351562,0.0,0.0,2023,2023
BHS,Bahamas,2023,22.375,-73.12500762939453,0.08825299888849258,2.761779371790229e-07,2023,2023
BHS,Bahamas,2023,22.375,-73.07500457763672,0.0,0.0,2023,2023
BHS,Bahamas,2023,22.375,-73.0250015258789,35.31014909974693,0.00011049918147453909,2023,2023
BHS,Bahamas,2023,22.375,-72.97500610351562,83.89064437150955,0.0002625264342622074,2023,2023
BHS,Bahamas,2023,22.375,-72.92500305175781,1.0110259875655174,3.163893297643365e-06,2023,2023
BHS,Bahamas,2023,22.375,-72.87500762939453,0.0,0.0,2023,2023
BHS,Bahamas,2023,22.375,-72.82500457763672,0.0,0.0,2023,2023
BHS,Bahamas,2023,22.42499542236328,-73.97500610351562,48.05283212662214,0.00015037598970555575,2023,2023
BHS,Bahamas,2023,22.42499542236328,-73.12500762939453,39.631786152729596,0.00012402326361975004,2023,2023
BHS,Bahamas,2023,22.42499542236328,-73.07500457763672,30.35533571243718,9.499364446561324e-05,2023,2023
BHS,Bahamas,2023,22.42499542236328,-73.0250015258789,0.10468100011348724,3.275875385232904e-07,2023,2023
BHS,Bahamas,2023,22.474998474121094,-73.87500762939453,0.868573009967804,2.7181025597257217e-06,2023,2023
BHS,Bahamas,2023,22.574996948242188,-74.37500762939453,1.5643990188837051,4.895612606956123e-06,2023,2023
BHS,Bahamas,2023,22.574996948242188,-73.87500762939453,67.72386112809181,0.00021193428551688373,2023,2023
BHS,Bahamas,2023,22.574996948242188,-73.62500762939453,0.0,0.0,2023,2023
BHS,Bahamas,2023,22.625,-74.32500457763672,12.11683177947998,3.791827641154925e-05,2023,2023
BHS,Bahamas,2023,22.625,-74.0250015258789,0.0,0.0,2023,2023
BHS,Bahamas,2023,22.625,-73.97500610351562,0.0,0.0,2023,2023
BHS,Bahamas,2023,22.625,-73.92500305175781,0.20243200659751892,6.334884333137709e-07,2023,2023
BHS,Bahamas,2023,22.625,-73.87500762939453,51.03381046652882,0.00015970462962782044,2023,2023
BHS,Bahamas,2023,22.67499542236328,-74.07500457763672,0.08400099724531174,2.628717712981417e-07,2023,2023
BHS,Bahamas,2023,22.67499542236328,-73.92500305175781,18.429558880627155,5.76732532477672e-05,2023,2023
BHS,Bahamas,2023,22.724998474121094,-74.2750015258789,0.49352599680702863,1.5444346759774376e-06,2023,2023
BHS,Bahamas,2023,22.724998474121094,-74.22500610351562,0.3815319985151291,1.193961923615015e-06,2023,2023
BHS,Bahamas,2023,22.724998474121094,-74.17500305175781,40.08125785738696,0.00012542983529182945,2023,2023
BHS,Bahamas,2023,22.724998474121094,-74.12500762939453,12.16750387848684,3.807684910542368e-05,2023,2023
BHS,Bahamas,2023,22.724998474121094,-74.07500457763672,9.278571099042892,2.903625551966028e-05,2023,2023
BHS,Bahamas,2023,22.774993896484375,-74.2750015258789,1.0214120348128741e-11,3.196395276503518e-17,2023,2023
BHS,Bahamas,2023,22.774993896484375,-74.22500610351562,89.84777577223868,0.0002811686139329118,2023,2023
BHS,Bahamas,2023,22.824996948242188,-74.32500457763672,99.3663591444547,0.00031095596114732977,2023,2023
BHS,Bahamas,2023,22.824996948242188,-74.2750015258789,18.215282619015532,5.700269953669045e-05,2023,2023
BHS,Bahamas,2023,22.92499542236328,-74.87500762939453,76.11650230735926,0.00023819812195945513,2023,2023
BHS,Bahamas,2023,22.974998474121094,-74.87500762939453,69.69040770828724,0.0002180883741566484,2023,2023
BHS,Bahamas,2023,23.024993896484375,-74.92500305175781,31.902825228869915,9.983634066673104e-05,2023,2023
BHS,Bahamas,2023,23.024993896484375,-74.87500762939453,93.45561522245964,0.0002924589459282481,2023,2023
BHS,Bahamas,2023,23.074996948242188,-74.97500610351562,80.15292792773826,0.00025082966667128235,2023,2023
BHS,Bahamas,2023,23.074996948242188,-74.92500305175781,26.680884026044584,8.349485689133387e-05,2023,2023
BHS,Bahamas,2023,23.074996948242188,-73.7750015258789,0.0,0.0,2023,2023
BHS,Bahamas,2023,23.125,-75.12500762939453,0.0,0.0,2023,2023
BHS,Bahamas,2023,23.17499542236328,-75.22500610351562,0.0,0.0,2023,2023
BHS,Bahamas,2023,23.17499542236328,-75.17500305175781,0.0,0.0,2023,2023
BHS,Bahamas,2023,23.224998474121094,-75.12500762939453,63.562021136283875,0.00019891027048869243,2023,2023
BHS,Bahamas,2023,23.42499542236328,-75.57500457763672,62.51181699343038,0.00019562377351473,2023,2023
BHS,Bahamas,2023,23.42499542236328,-75.17500305175781,103.4289615750342,0.00032366942327311627,2023,2023
BHS,Bahamas,2023,23.474998474121094,-75.7750015258789,780.0479587912789,0.002441073265191596,2023,2023
BHS,Bahamas,2023,23.474998474121094,-75.72500610351562,363.95138247311115,0.0011389453424906079,2023,2023
BHS,Bahamas,2023,23.474998474121094,-75.22500610351562,175.61646439135075,0.0005495721786356285,2023,2023
BHS,Bahamas,2023,23.524993896484375,-75.82500457763672,491.64519331622773,0.0015385489107924515,2023,2023
BHS,Bahamas,2023,23.524993896484375,-75.22500610351562,70.22473368794456,0.00021976048783778658,2023,2023
BHS,Bahamas,2023,23.574996948242188,-75.92500305175781,187.4262385815382,0.0005865295524979838,2023,2023
BHS,Bahamas,2023,23.574996948242188,-75.87500762939453,704.3890743851662,0.002204307207519748,2023,2023
BHS,Bahamas,2023,23.625,-75.97500610351562,153.5850296318531,0.00048062725572530174,2023,2023
BHS,Bahamas,2023,23.625,-75.92500305175781,1221.8153551146415,0.0038235351618540413,2023,2023
BHS,Bahamas,2023,23.67499542236328,-76.0250015258789,152.8059021234552,0.00047818906290716717,2023,2023
BHS,Bahamas,2023,23.67499542236328,-75.32500457763672,62.24716895819836,0.00019479558694464856,2023,2023
BHS,Bahamas,2023,23.67499542236328,-74.92500305175781,0.2054319977760315,6.428765717982626e-07,2023,2023
BHS,Bahamas,2023,23.67499542236328,-74.87500762939453,5.25592599064253,1.644783538625494e-05,2023,2023
BHS,Bahamas,2023,23.67499542236328,-74.82500457763672,28.04722687604693,8.777067476206416e-05,2023,2023
BHS,Bahamas,2023,23.774993896484375,-77.72500610351562,0.0,0.0,2023,2023
BHS,Bahamas,2023,23.774993896484375,-77.62500762939453,0.0,0.0,2023,2023
BHS,Bahamas,2023,23.774993896484375,-77.57500457763672,0.0,0.0,2023,2023
BHS,Bahamas,2023,23.824996948242188,-77.72500610351562,0.0,0.0,2023,2023
BHS,Bahamas,2023,23.824996948242188,-77.67500305175781,0.1424970030784607,4.459285107594642e-07,2023,2023
BHS,Bahamas,2023,23.824996948242188,-77.57500457763672,0.0,0.0,2023,2023
BHS,Bahamas,2023,23.875,-77.7750015258789,0.0,0.0,2023,2023
BHS,Bahamas,2023,23.875,-77.72500610351562,0.028754999861121178,8.998557154144523e-08,2023,2023
BHS,Bahamas,2023,23.875,-77.67500305175781,0.0,0.0,2023,2023
BHS,Bahamas,2023,23.875,-77.62500762939453,0.0,0.0,2023,2023
BHS,Bahamas,2023,23.875,-77.57500457763672,0.0,0.0,2023,2023
BHS,Bahamas,2023,23.875,-77.5250015258789,47.771990820779834,0.0001494971280974625,2023,2023
BHS,Bahamas,2023,23.92499542236328,-77.7750015258789,0.0,0.0,2023,2023
BHS,Bahamas,2023,23.92499542236328,-77.72500610351562,0.0,0.0,2023,2023
BHS,Bahamas,2023,23.92499542236328,-77.67500305175781,0.0,0.0,2023,2023
BHS,Bahamas,2023,23.92499542236328,-77.62500762939453,0.0,0.0,2023,2023
BHS,Bahamas,2023,23.92499542236328,-77.5250015258789,55.68340167403221,0.00017425500779725221,2023,2023
BHS,Bahamas,2023,23.974998474121094,-77.82500457763672,0.0,0.0,2023,2023
BHS,Bahamas,2023,23.974998474121094,-77.7750015258789,0.0,0.0,2023,2023
BHS,Bahamas,2023,23.974998474121094,-77.72500610351562,0.0,0.0,2023,2023
BHS,Bahamas,2023,23.974998474121094,-77.67500305175781,0.0,0.0,2023,2023
BHS,Bahamas,2023,23.974998474121094,-77.62500762939453,0.055298998951911926,1.7305206226363564e-07,2023,2023
BHS,Bahamas,2023,23.974998474121094,-77.57500457763672,12.928059391708565,4.045692293177722e-05,2023,2023
BHS,Bahamas,2023,23.974998474121094,-76.32500457763672,46.961751222610474,0.00014696157345726372,2023,2023
BHS,Bahamas,2023,23.974998474121094,-74.5250015258789,71.3763543069495,0.00022336435638588506,2023,2023
BHS,Bahamas,2023,24.024993896484375,-77.82500457763672,0.0,0.0,2023,2023
BHS,Bahamas,2023,24.024993896484375,-77.7750015258789,4.3625002915659294e-11,1.3651959102147441e-16,2023,2023
BHS,Bahamas,2023,24.024993896484375,-77.72500610351562,2.3905689269304276,7.481019378821391e-06,2023,2023
BHS,Bahamas,2023,24.024993896484375,-77.67500305175781,0.0,0.0,2023,2023
BHS,Bahamas,2023,24.024993896484375,-77.62500762939453,0.22814900428056717,7.139669151783466e-07,2023,2023
BHS,Bahamas,2023,24.024993896484375,-77.57500457763672,1.7127820700407028,5.359960850041293e-06,2023,2023
BHS,Bahamas,2023,24.024993896484375,-74.5250015258789,82.52598611265421,0.0002582558881319713,2023,2023
BHS,Bahamas,2023,24.024993896484375,-74.47500610351562,3.8759560734033585,1.2129373125343423e-05,2023,2023
BHS,Bahamas,2023,24.074996948242188,-77.87500762939453,0.0,0.0,2023,2023
BHS,Bahamas,2023,24.074996948242188,-77.82500457763672,0.0,0.0,2023,2023
BHS,Bahamas,2023,24.074996948242188,-77.7750015258789,0.0,0.0,2023,2023
BHS,Bahamas,2023,24.074996948242188,-77.72500610351562,0.7873339802049969,2.463874058248218e-06,2023,2023
BHS,Bahamas,2023,24.074996948242188,-77.67500305175781,0.1878879964351654,5.879745723057764e-07,2023,2023
BHS,Bahamas,2023,24.074996948242188,-77.62500762939453,0.454742006957531,1.4230644965261976e-06,2023,2023
BHS,Bahamas,2023,24.074996948242188,-77.57500457763672,25.969760105080876,8.126947373105666e-05,2023,2023
BHS,Bahamas,2023,24.074996948242188,-76.37500762939453,173.77686953544617,0.0005438153712868971,2023,2023
BHS,Bahamas,2023,24.074996948242188,-74.5250015258789,396.1250374317169,0.0012396292146523277,2023,2023
BHS,Bahamas,2023,24.074996948242188,-74.47500610351562,7.8646679893136024,2.4611603109724358e-05,2023,2023
BHS,Bahamas,2023,24.125,-77.87500762939453,0.0,0.0,2023,2023
BHS,Bahamas,2023,24.125,-77.82500457763672,0.0,0.0,2023,2023
BHS,Bahamas,2023,24.125,-77.7750015258789,0.0,0.0,2023,2023
BHS,Bahamas,2023,24.125,-77.62500762939453,3.5347299352288246,1.106154390549246e-05,2023,2023
BHS,Bahamas,2023,24.125,-77.57500457763672,249.53099666535854,0.0007808794804620545,2023,2023
BHS,Bahamas,2023,24.125,-74.47500610351562,119.08085389062887,0.0003726502781688334,2023,2023
BHS,Bahamas,2023,24.17499542236328,-77.92500305175781,0.0,0.0,2023,2023
BHS,Bahamas,2023,24.17499542236328,-77.82500457763672,0.0,0.0,2023,2023
BHS,Bahamas,2023,24.17499542236328,-77.7750015258789,0.0,0.0,2023,2023
BHS,Bahamas,2023,24.17499542236328,-77.62500762939453,15.50979087223438,4.853616424506856e-05,2023,2023
BHS,Bahamas,2023,24.17499542236328,-75.47500610351562,28.28697358071804,8.852093538975336e-05,2023,2023
BHS,Bahamas,2023,24.17499542236328,-75.42500305175781,11.849091053009033,3.7080411608462074e-05,2023,2023
BHS,Bahamas,2023,24.17499542236328,-75.37500762939453,56.056843400001526,0.00017542365211340843,2023,2023
BHS,Bahamas,2023,24.17499542236328,-75.32500457763672,83.54599462077022,0.000261447891227894,2023,2023
BHS,Bahamas,2023,24.224998474121094,-77.87500762939453,0.0,0.0,2023,2023
BHS,Bahamas,2023,24.224998474121094,-77.7750015258789,0.0,0.0,2023,2023
BHS,Bahamas,2023,24.224998474121094,-77.72500610351562,0.0,0.0,2023,2023
BHS,Bahamas,2023,24.224998474121094,-77.67500305175781,19.28594559431685,6.035322014966453e-05,2023,2023
BHS,Bahamas,2023,24.224998474121094,-76.47500610351562,107.8620744943681,0.0003375423567344511,2023,2023
BHS,Bahamas,2023,24.224998474121094,-75.37500762939453,294.35324344038963,0.0009211457128843421,2023,2023
BHS,Bahamas,2023,24.224998474121094,-75.32500457763672,3.70817494392395,1.1604320755216752e-05,2023,2023
BHS,Bahamas,2023,24.274993896484375,-78.0250015258789,0.0,0.0,2023,2023
BHS,Bahamas,2023,24.274993896484375,-77.67500305175781,325.7477799355984,0.0010193914205332507,2023,2023
BHS,Bahamas,2023,24.274993896484375,-76.5250015258789,34.48125791552113,0.00010790525877175818,2023,2023
BHS,Bahamas,2023,24.274993896484375,-75.37500762939453,4.954645246267319,1.5505010830248202e-05,2023,2023
BHS,Bahamas,2023,24.324996948242188,-78.0250015258789,0.0,0.0,2023,2023
BHS,Bahamas,2023,24.324996948242188,-77.87500762939453,0.0,0.0,2023,2023
BHS,Bahamas,2023,24.324996948242188,-77.7750015258789,0.0,0.0,2023,2023
BHS,Bahamas,2023,24.324996948242188,-75.47500610351562,105.89699357748032,0.00033139285472487466,2023,2023
BHS,Bahamas,2023,24.324996948242188,-75.42500305175781,55.25341893733303,0.00017290942468121314,2023,2023
BHS,Bahamas,2023,24.375,-78.07500457763672,0.0,0.0,2023,2023
BHS,Bahamas,2023,24.375,-78.0250015258789,0.0,0.0,2023,2023
BHS,Bahamas,2023,24.375,-77.97500610351562,0.0,0.0,2023,2023
BHS,Bahamas,2023,24.375,-77.92500305175781,0.0,0.0,2023,2023
BHS,Bahamas,2023,24.375,-77.87500762939453,0.0,0.0,2023,2023
BHS,Bahamas,2023,24.42499542236328,-78.12500762939453,0.0,0.0,2023,2023
BHS,Bahamas,2023,24.42499542236328,-78.07500457763672,0.0,0.0,2023,2023
BHS,Bahamas,2023,24.42499542236328,-78.0250015258789,0.0,0.0,2023,2023
BHS,Bahamas,2023,24.42499542236328,-77.97500610351562,0.0,0.0,2023,2023
BHS,Bahamas,2023,24.42499542236328,-77.92500305175781,0.09939300268888474,3.110393391541114e-07,2023,2023
BHS,Bahamas,2023,24.42499542236328,-77.87500762939453,0.0,0.0,2023,2023
BHS,Bahamas,2023,24.42499542236328,-75.5250015258789,66.02833328396733,0.00020662831984639643,2023,2023
BHS,Bahamas,2023,24.474998474121094,-78.22500610351562,0.0,0.0,2023,2023
BHS,Bahamas,2023,24.474998474121094,-78.17500305175781,0.749858021736145,2.346597217414611e-06,2023,2023
BHS,Bahamas,2023,24.474998474121094,-78.12500762939453,2.5525310039520264,7.987861671960595e-06,2023,2023
BHS,Bahamas,2023,24.474998474121094,-78.07500457763672,0.0,0.0,2023,2023
BHS,Bahamas,2023,24.474998474121094,-78.0250015258789,0.0,0.0,2023,2023
BHS,Bahamas,2023,24.474998474121094,-77.97500610351562,0.19654700161378932,6.150719652371644e-07,2023,2023
BHS,Bahamas,2023,24.474998474121094,-77.92500305175781,0.07434800267219543,2.3266379919090517e-07,2023,2023
BHS,Bahamas,2023,24.474998474121094,-77.87500762939453,0.0,0.0,2023,2023
BHS,Bahamas,2023,24.474998474121094,-77.82500457763672,0.0,0.0,2023,2023
BHS,Bahamas,2023,24.474998474121094,-77.7750015258789,1.9176900386810303,6.001197530985498e-06,2023,2023
BHS,Bahamas,2023,24.524993896484375,-78.32500457763672,0.0,0.0,2023,2023
BHS,Bahamas,2023,24.524993896484375,-78.2750015258789,0.0,0.0,2023,2023
BHS,Bahamas,2023,24.524993896484375,-78.22500610351562,0.0,0.0,2023,2023
BHS,Bahamas,2023,24.524993896484375,-78.17500305175781,0.0,0.0,2023,2023
BHS,Bahamas,2023,24.524993896484375,-78.12500762939453,0.0,0.0,2023,2023
BHS,Bahamas,2023,24.524993896484375,-78.07500457763672,0.0,0.0,2023,2023
BHS,Bahamas,2023,24.524993896484375,-78.0250015258789,0.0,0.0,2023,2023
BHS,Bahamas,2023,24.524993896484375,-77.97500610351562,0.0,0.0,2023,2023
BHS,Bahamas,2023,24.524993896484375,-77.92500305175781,0.33326300233659956,1.042909472568769e-06,2023,2023
BHS,Bahamas,2023,24.524993896484375,-77.87500762939453,0.0,0.0,2023,2023
BHS,Bahamas,2023,24.524993896484375,-77.82500457763672,0.0,0.0,2023,2023
BHS,Bahamas,2023,24.524993896484375,-77.7750015258789,2.4278880507264957,7.597805423002725e-06,2023,2023
BHS,Bahamas,2023,24.524993896484375,-77.72500610351562,100.64132842057967,0.0003149458355887833,2023,2023
BHS,Bahamas,2023,24.524993896484375,-76.7750015258789,0.47798100113868713,1.4957883422413589e-06,2023,2023
BHS,Bahamas,2023,24.524993896484375,-75.57500457763672,51.45380462707077,0.0001610189546065361,2023,2023
BHS,Bahamas,2023,24.574996948242188,-78.37500762939453,0.22298699617385864,6.978129853565007e-07,2023,2023
BHS,Bahamas,2023,24.574996948242188,-78.32500457763672,0.03149000182747841,9.854445578064815e-08,2023,2023
BHS,Bahamas,2023,24.574996948242188,-78.2750015258789,0.0,0.0,2023,2023
BHS,Bahamas,2023,24.574996948242188,-78.22500610351562,0.0,0.0,2023,2023
BHS,Bahamas,2023,24.574996948242188,-78.17500305175781,0.0,0.0,2023,2023
BHS,Bahamas,2023,24.574996948242188,-78.12500762939453,0.0,0.0,2023,2023
BHS,Bahamas,2023,24.574996948242188,-78.07500457763672,0.08068600298441853,2.5249786572819555e-07,2023,2023
BHS,Bahamas,2023,24.574996948242188,-78.0250015258789,0.07707300037145615,2.411913761897366e-07,2023,2023
BHS,Bahamas,2023,24.574996948242188,-77.97500610351562,0.0710809975862503,2.2244007040260957e-07,2023,2023
BHS,Bahamas,2023,24.574996948242188,-77.92500305175781,0.0,0.0,2023,2023
BHS,Bahamas,2023,24.574996948242188,-77.87500762939453,0.0,0.0,2023,2023
BHS,Bahamas,2023,24.574996948242188,-77.82500457763672,0.0,0.0,2023,2023
BHS,Bahamas,2023,24.574996948242188,-77.7750015258789,53.649199932813644,0.00016788919986130256,2023,2023
BHS,Bahamas,2023,24.574996948242188,-75.62500762939453,92.23476099968792,0.0002886384185230841,2023,2023
BHS,Bahamas,2023,24.625,-78.42500305175781,0.0,0.0,2023,2023
BHS,Bahamas,2023,24.625,-78.37500762939453,0.0,0.0,2023,2023
BHS,Bahamas,2023,24.625,-78.32500457763672,0.0,0.0,2023,2023
BHS,Bahamas,2023,24.625,-78.17500305175781,0.0,0.0,2023,2023
BHS,Bahamas,2023,24.625,-78.12500762939453,0.0,0.0,2023,2023
BHS,Bahamas,2023,24.625,-78.07500457763672,0.06691999733448029,2.0941868324740116e-07,2023,2023
BHS,Bahamas,2023,24.625,-78.0250015258789,0.137922003865242,4.3161155993381764e-07,2023,2023
BHS,Bahamas,2023,24.625,-77.97500610351562,0.0,0.0,2023,2023
BHS,Bahamas,2023,24.625,-77.92500305175781,0.1327269971370697,4.153543645989535e-07,2023,2023
BHS,Bahamas,2023,24.625,-77.87500762939453,0.0,0.0,2023,2023
BHS,Bahamas,2023,24.625,-77.82500457763672,0.0,0.0,2023,2023
BHS,Bahamas,2023,24.625,-77.7750015258789,131.1742996275425,0.00041049537056311294,2023,2023
BHS,Bahamas,2023,24.625,-75.67500305175781,128.87165184319645,0.0004032894906141035,2023,2023
BHS,Bahamas,2023,24.625,-75.62500762939453,7.322563178837299,2.291514644334707e-05,2023,2023
BHS,Bahamas,2023,24.67499542236328,-78.32500457763672,0.0,0.0,2023,2023
BHS,Bahamas,2023,24.67499542236328,-78.22500610351562,0.0,0.0,2023,2023
BHS,Bahamas,2023,24.67499542236328,-78.17500305175781,0.0,0.0,2023,2023
BHS,Bahamas,2023,24.67499542236328,-78.12500762939453,0.0,0.0,2023,2023
BHS,Bahamas,2023,24.67499542236328,-78.07500457763672,0.1488259956240654,4.657343884937157e-07,2023,2023
BHS,Bahamas,2023,24.67499542236328,-78.0250015258789,1.829694040119648,5.7258238477252034e-06,2023,2023
BHS,Bahamas,2023,24.67499542236328,-77.97500610351562,0.11736300028860569,3.672744465239307e-07,2023,2023
BHS,Bahamas,2023,24.67499542236328,-77.92500305175781,0.8544009923979543,2.6737528081319966e-06,2023,2023
BHS,Bahamas,2023,24.67499542236328,-77.87500762939453,6.273401070386171,1.963191040006505e-05,2023,2023
BHS,Bahamas,2023,24.67499542236328,-77.82500457763672,3.6504059583294044,1.1423539144672448e-05,2023,2023
BHS,Bahamas,2023,24.67499542236328,-77.7750015258789,85.01944064071209,0.00026605887654802287,2023,2023
BHS,Bahamas,2023,24.67499542236328,-76.17500305175781,51.96058116853237,0.0001626048553871818,2023,2023
BHS,Bahamas,2023,24.67499542236328,-75.72500610351562,36.49436925913664,0.00011420506665583811,2023,2023
BHS,Bahamas,2023,24.724998474121094,-78.2750015258789,0.0,0.0,2023,2023
BHS,Bahamas,2023,24.724998474121094,-78.22500610351562,0.0,0.0,2023,2023
BHS,Bahamas,2023,24.724998474121094,-78.17500305175781,0.0,0.0,2023,2023
BHS,Bahamas,2023,24.724998474121094,-78.12500762939453,0.0,0.0,2023,2023
BHS,Bahamas,2023,24.724998474121094,-78.07500457763672,1.8481809385120869,5.783676538593113e-06,2023,2023
BHS,Bahamas,2023,24.724998474121094,-78.0250015258789,0.07326500117778778,2.2927466655570467e-07,2023,2023
BHS,Bahamas,2023,24.724998474121094,-77.97500610351562,0.0180830005556345,5.6588737542758454e-08,2023,2023
BHS,Bahamas,2023,24.724998474121094,-77.92500305175781,0.4041399955766769,1.2647111340763699e-06,2023,2023
BHS,Bahamas,2023,24.724998474121094,-77.87500762939453,5.291101083159447,1.6557911923185745e-05,2023,2023
BHS,Bahamas,2023,24.724998474121094,-77.82500457763672,84.35660229625289,0.0002639845977250766,2023,2023
BHS,Bahamas,2023,24.724998474121094,-77.7750015258789,986.8593588024421,0.0030882665227527995,2023,2023
BHS,Bahamas,2023,24.774993896484375,-78.2750015258789,0.0,0.0,2023,2023
BHS,Bahamas,2023,24.774993896484375,-78.22500610351562,0.0,0.0,2023,2023
BHS,Bahamas,2023,24.774993896484375,-78.17500305175781,0.01764800027012825,5.522745256619698e-08,2023,2023
BHS,Bahamas,2023,24.774993896484375,-78.12500762939453,0.16659799963400762,5.213498969616457e-07,2023,2023
BHS,Bahamas,2023,24.774993896484375,-78.07500457763672,2.6207800973213584,8.201439613316404e-06,2023,2023
BHS,Bahamas,2023,24.774993896484375,-78.0250015258789,0.0,0.0,2023,2023
BHS,Bahamas,2023,24.774993896484375,-77.97500610351562,0.05086800083518028,1.5918574684166026e-07,2023,2023
BHS,Bahamas,2023,24.774993896484375,-77.92500305175781,0.08601900191679651,2.691868923071454e-07,2023,2023
BHS,Bahamas,2023,24.774993896484375,-77.87500762939453,103.0408284664154,0.0003224548039101566,2023,2023
BHS,Bahamas,2023,24.774993896484375,-76.2750015258789,259.86959958076477,0.0008132329875660746,2023,2023
BHS,Bahamas,2023,24.774993896484375,-76.22500610351562,279.7786736935411,0.0008755362190580507,2023,2023
BHS,Bahamas,2023,24.824996948242188,-78.22500610351562,0.0,0.0,2023,2023
BHS,Bahamas,2023,24.824996948242188,-78.17500305175781,0.0,0.0,2023,2023
BHS,Bahamas,2023,24.824996948242188,-78.12500762939453,0.030914999544620514,9.674505013604712e-08,2023,2023
BHS,Bahamas,2023,24.824996948242188,-78.07500457763672,0.0,0.0,2023,2023
BHS,Bahamas,2023,24.824996948242188,-78.0250015258789,0.358347000554204,1.1214070530611139e-06,2023,2023
BHS,Bahamas,2023,24.824996948242188,-77.97500610351562,0.3775389939546585,1.1814662602772676e-06,2023,2023
BHS,Bahamas,2023,24.824996948242188,-77.92500305175781,31.262423302978277,9.783227411844644e-05,2023,2023
BHS,Bahamas,2023,24.824996948242188,-77.87500762939453,147.2151313535869,0.00046069336805362564,2023,2023
BHS,Bahamas,2023,24.824996948242188,-76.17500305175781,44.95948926362128,0.00014069571751480046,2023,2023
BHS,Bahamas,2023,24.875,-78.17500305175781,0.0,0.0,2023,2023
BHS,Bahamas,2023,24.875,-78.12500762939453,0.02150299958884716,6.729124386030959e-08,2023,2023
BHS,Bahamas,2023,24.875,-78.07500457763672,0.1804070025809793,5.645636346977688e-07,2023,2023
BHS,Bahamas,2023,24.875,-78.0250015258789,0.18396300077438354,5.756917352499957e-07,2023,2023
BHS,Bahamas,2023,24.875,-77.97500610351562,0.05256800167262554,1.6450571024688637e-07,2023,2023
BHS,Bahamas,2023,24.875,-77.92500305175781,143.00998738780694,0.0004475338380587604,2023,2023
BHS,Bahamas,2023,24.875,-76.17500305175781,614.5890579819679,0.0019232880512164768,2023,2023
BHS,Bahamas,2023,24.92499542236328,-78.17500305175781,0.0,0.0,2023,2023
BHS,Bahamas,2023,24.92499542236328,-78.12500762939453,0.11834799870848656,3.7035688944545694e-07,2023,2023
BHS,Bahamas,2023,24.92499542236328,-78.07500457763672,0.4788940064609051,1.498645490776812e-06,2023,2023
BHS,Bahamas,2023,24.92499542236328,-78.0250015258789,12.335827961564064,3.8603600588402236e-05,2023,2023
BHS,Bahamas,2023,24.92499542236328,-77.97500610351562,73.57010791450739,0.00023022946412890795,2023,2023
BHS,Bahamas,2023,24.92499542236328,-77.92500305175781,103.13279551267686,0.00032274260454520393,2023,2023
BHS,Bahamas,2023,24.92499542236328,-76.17500305175781,112.2337025851172,0.00035122288026818885,2023,2023
BHS,Bahamas,2023,24.974998474121094,-78.17500305175781,0.0,0.0,2023,2023
BHS,Bahamas,2023,24.974998474121094,-78.12500762939453,0.24765200167894363,7.74999374790252e-07,2023,2023
BHS,Bahamas,2023,24.974998474121094,-78.07500457763672,4.169031951590573,1.3046521465842814e-05,2023,2023
BHS,Bahamas,2023,24.974998474121094,-78.0250015258789,90.71089887626832,0.00028386966161859613,2023,2023
BHS,Bahamas,2023,24.974998474121094,-77.97500610351562,0.9540169835090637,2.985489964734132e-06,2023,2023
BHS,Bahamas,2023,24.974998474121094,-76.17500305175781,463.45768690109253,0.0014503392468263744,2023,2023
BHS,Bahamas,2023,25.024993896484375,-78.12500762939453,0.0,0.0,2023,2023
BHS,Bahamas,2023,25.024993896484375,-78.07500457763672,5.479035966124223,1.7146033221667318e-05,2023,2023
BHS,Bahamas,2023,25.024993896484375,-78.0250015258789,159.98268580436854,0.000500648008637488,2023,2023
BHS,Bahamas,2023,25.024993896484375,-77.5250015258789,4917.105918884277,0.015387535683450802,2023,2023
BHS,Bahamas,2023,25.024993896484375,-77.47500610351562,2527.561982601881,0.007909723898777669,2023,2023
BHS,Bahamas,2023,25.024993896484375,-77.42500305175781,7045.332190007082,0.022047582920503277,2023,2023
BHS,Bahamas,2023,25.024993896484375,-77.37500762939453,67022.9838256836,0.20974096800889433,2023,2023
BHS,Bahamas,2023,25.024993896484375,-77.32500457763672,79195.5148459673,0.24783354899503424,2023,2023
BHS,Bahamas,2023,25.024993896484375,-76.12500762939453,50.20796755340926,0.00015712024615018415,2023,2023
BHS,Bahamas,2023,25.074996948242188,-78.12500762939453,0.0,0.0,2023,2023
BHS,Bahamas,2023,25.074996948242188,-78.07500457763672,7.58452379724932,2.3734923041608442e-05,2023,2023
BHS,Bahamas,2023,25.074996948242188,-78.0250015258789,416.6707906126976,0.001303924862423822,2023,2023
BHS,Bahamas,2023,25.074996948242188,-77.97500610351562,246.58501347899931,0.0007716603539777435,2023,2023
BHS,Bahamas,2023,25.074996948242188,-77.42500305175781,5576.708529531956,0.017451688637581488,2023,2023
BHS,Bahamas,2023,25.074996948242188,-77.37500762939453,27994.380341529846,0.08760529741428214,2023,2023
BHS,Bahamas,2023,25.074996948242188,-77.32500457763672,55243.53993368149,0.1728785094388505,2023,2023
BHS,Bahamas,2023,25.074996948242188,-76.12500762939453,257.81774075329304,0.0008068119237439862,2023,2023
BHS,Bahamas,2023,25.125,-78.17500305175781,74.70800788701,0.0002337903954409295,2023,2023
BHS,Bahamas,2023,25.125,-78.12500762939453,0.8999380022287369,2.8162558119818327e-06,2023,2023
BHS,Bahamas,2023,25.125,-78.07500457763672,346.2007105946541,0.001083396590553826,2023,2023
BHS,Bahamas,2023,25.125,-78.0250015258789,1224.2135614157785,0.0038310400815453776,2023,2023
BHS,Bahamas,2023,25.125,-76.12500762939453,77.36749614030975,0.0002421129679200381,2023,2023
BHS,Bahamas,2023,25.17499542236328,-78.17500305175781,0.0,0.0,2023,2023
BHS,Bahamas,2023,25.17499542236328,-78.12500762939453,0.0,0.0,2023,2023
BHS,Bahamas,2023,25.17499542236328,-76.22500610351562,642.3111298680402,0.002010041189628211,2023,2023
BHS,Bahamas,2023,25.17499542236328,-76.17500305175781,1081.7182901501656,0.003385116990301464,2023,2023
BHS,Bahamas,2023,25.224998474121094,-76.2750015258789,397.9229749366641,0.0012452556599578351,2023,2023
BHS,Bahamas,2023,25.324996948242188,-76.37500762939453,297.1439809203148,0.000929879015209714,2023,2023
BHS,Bahamas,2023,25.375,-76.5250015258789,332.0249348245561,0.0010390350780907236,2023,2023
BHS,Bahamas,2023,25.42499542236328,-76.7750015258789,138.72267882526205,0.0004341171831035031,2023,2023
BHS,Bahamas,2023,25.42499542236328,-76.57500457763672,187.3430324792862,0.0005862691682620928,2023,2023
BHS,Bahamas,2023,25.474998474121094,-76.72500610351562,1035.3134624812055,0.0032398982471179673,2023,2023
BHS,Bahamas,2023,25.474998474121094,-76.67500305175781,309.34580056369305,0.0009680632516819105,2023,2023
BHS,Bahamas,2023,25.524993896484375,-76.82500457763672,36.54366463422775,0.00011435933104545202,2023,2023
BHS,Bahamas,2023,25.524993896484375,-76.72500610351562,136.5592250824239,0.0004273468954146483,2023,2023
BHS,Bahamas,2023,25.774993896484375,-77.87500762939453,350.58682195469737,0.0010971224378667854,2023,2023
BHS,Bahamas,2023,25.92499542236328,-77.2750015258789,0.0,0.0,2023,2023
BHS,Bahamas,2023,25.92499542236328,-77.22500610351562,0.0,0.0,2023,2023
BHS,Bahamas,2023,25.974998474121094,-77.2750015258789,0.0,0.0,2023,2023
BHS,Bahamas,2023,25.974998474121094,-77.22500610351562,0.0,0.0,2023,2023
BHS,Bahamas,2023,26.024993896484375,-77.37500762939453,166.13670088350773,0.0005199063138659903,2023,2023
BHS,Bahamas,2023,26.024993896484375,-77.32500457763672,0.8116260170969128,2.5398932839196625e-06,2023,2023
BHS,Bahamas,2023,26.024993896484375,-77.2750015258789,0.22469500452280045,7.031580073776935e-07,2023,2023
BHS,Bahamas,2023,26.024993896484375,-77.22500610351562,0.0,0.0,2023,2023
BHS,Bahamas,2023,26.074996948242188,-77.2750015258789,0.0,0.0,2023,2023
BHS,Bahamas,2023,26.074996948242188,-77.22500610351562,0.6615650281310081,2.0702941212213903e-06,2023,2023
BHS,Bahamas,2023,26.125,-77.22500610351562,14.586373418569565,4.564643210315595e-05,2023,2023
BHS,Bahamas,2023,26.17499542236328,-77.22500610351562,0.15967099368572235,4.996726028445196e-07,2023,2023
BHS,Bahamas,2023,26.224998474121094,-77.22500610351562,0.0,0.0,2023,2023
BHS,Bahamas,2023,26.224998474121094,-77.17500305175781,50.85877601057389,0.00015915687877980718,2023,2023
BHS,Bahamas,2023,26.274993896484375,-77.22500610351562,0.0,0.0,2023,2023
BHS,Bahamas,2023,26.274993896484375,-77.17500305175781,1.868157982826233,5.846192475264974e-06,2023,2023
BHS,Bahamas,2023,26.324996948242188,-77.57500457763672,159.71097051352262,0.0004997977058775711,2023,2023
BHS,Bahamas,2023,26.324996948242188,-77.22500610351562,0.0,0.0,2023,2023
BHS,Bahamas,2023,26.324996948242188,-77.17500305175781,0.0,0.0,2023,2023
BHS,Bahamas,2023,26.324996948242188,-77.12500762939453,5.805857940576971,1.816878621438068e-05,2023,2023
BHS,Bahamas,2023,26.324996948242188,-77.07500457763672,14.062377899885178,4.400664644981907e-05,2023,2023
BHS,Bahamas,2023,26.324996948242188,-77.0250015258789,86.07072362303865,0.000269348749630038,2023,2023
BHS,Bahamas,2023,26.375,-77.22500610351562,0.0,0.0,2023,2023
BHS,Bahamas,2023,26.375,-77.17500305175781,0.4071829915046692,1.2742338511377914e-06,2023,2023
BHS,Bahamas,2023,26.375,-77.12500762939453,3.1739619449107184,9.932560634429157e-06,2023,2023
BHS,Bahamas,2023,26.375,-77.07500457763672,50.261233072743636,0.0001572869346643175,2023,2023
BHS,Bahamas,2023,26.375,-77.0250015258789,46.61119271816166,0.00014586453963587976,2023,2023
BHS,Bahamas,2023,26.42499542236328,-77.22500610351562,0.0,0.0,2023,2023
BHS,Bahamas,2023,26.42499542236328,-77.17500305175781,0.0,0.0,2023,2023
BHS,Bahamas,2023,26.42499542236328,-77.12500762939453,16.14694388211411,5.053006367230869e-05,2023,2023
BHS,Bahamas,2023,26.42499542236328,-77.07500457763672,6.992686919867992,2.1882835407190817e-05,2023,2023
BHS,Bahamas,2023,26.474998474121094,-77.17500305175781,0.08714299649000168,2.727043082197813e-07,2023,2023
BHS,Bahamas,2023,26.474998474121094,-77.12500762939453,3.1771820038765877,9.94263745055993e-06,2023,2023
BHS,Bahamas,2023,26.474998474121094,-77.07500457763672,235.0104250237381,0.0007354389676959114,2023,2023
BHS,Bahamas,2023,26.524993896484375,-78.7750015258789,3124.9699547886867,0.009779245654308273,2023,2023
BHS,Bahamas,2023,26.524993896484375,-78.72500610351562,8765.957550287247,0.027432088474365544,2023,2023
BHS,Bahamas,2023,26.524993896484375,-78.67500305175781,16493.928756713867,0.05161591421683651,2023,2023
BHS,Bahamas,2023,26.524993896484375,-78.62500762939453,3853.9111700356007,0.012060386053922645,2023,2023
BHS,Bahamas,2023,26.524993896484375,-77.12500762939453,193.74779938161373,0.0006063121734117789,2023,2023
BHS,Bahamas,2023,26.524993896484375,-77.07500457763672,6037.778998374939,0.01889455735120005,2023,2023
BHS,Bahamas,2023,26.574996948242188,-78.82500457763672,1524.9426018595695,0.00477213814150516,2023,2023
BHS,Bahamas,2023,26.574996948242188,-78.7750015258789,0.0,0.0,2023,2023
BHS,Bahamas,2023,26.574996948242188,-78.67500305175781,659.7622730135918,0.002064652599733876,2023,2023
BHS,Bahamas,2023,26.574996948242188,-78.62500762939453,1304.872525431234,0.004083453331829728,2023,2023
BHS,Bahamas,2023,26.574996948242188,-78.57500457763672,1935.6558421850843,0.006057419513399743,2023,2023
BHS,Bahamas,2023,26.574996948242188,-78.5250015258789,76.86431729793549,0.00024053832573825074,2023,2023
BHS,Bahamas,2023,26.574996948242188,-77.87500762939453,0.0,0.0,2023,2023
BHS,Bahamas,2023,26.574996948242188,-77.17500305175781,11.36401879787445,3.556243197611993e-05,2023,2023
BHS,Bahamas,2023,26.625,-78.87500762939453,143.94344091415405,0.0004504549769730851,2023,2023
BHS,Bahamas,2023,26.625,-78.57500457763672,0.0,0.0,2023,2023
BHS,Bahamas,2023,26.625,-78.5250015258789,1.7301689684519554,5.4143712134016154e-06,2023,2023
BHS,Bahamas,2023,26.625,-78.47500610351562,4.262039996683598,1.3337579790866989e-05,2023,2023
BHS,Bahamas,2023,26.625,-78.42500305175781,3.2394311204574895,1.0137439132373053e-05,2023,2023
BHS,Bahamas,2023,26.625,-78.37500762939453,121.1411972716497,0.0003790978934568956,2023,2023
BHS,Bahamas,2023,26.625,-78.32500457763672,64.99355056510527,0.0002033900825023611,2023,2023
BHS,Bahamas,2023,26.625,-78.2750015258789,130.1969778314242,0.00040743695078121874,2023,2023
BHS,Bahamas,2023,26.625,-78.22500610351562,138.1954506933689,0.00043246728134692966,2023,2023
BHS,Bahamas,2023,26.625,-77.32500457763672,0.0,0.0,2023,2023
BHS,Bahamas,2023,26.625,-77.2750015258789,89.57590778920249,0.0002803178333397807,2023,2023
BHS,Bahamas,2023,26.67499542236328,-78.57500457763672,0.0,0.0,2023,2023
BHS,Bahamas,2023,26.67499542236328,-78.5250015258789,2.160798028115459,6.7619769252197126e-06,2023,2023
BHS,Bahamas,2023,26.67499542236328,-78.47500610351562,0.06320799887180328,1.9780239721581666e-07,2023,2023
BHS,Bahamas,2023,26.67499542236328,-78.42500305175781,0.1234390027821064,3.86288620048729e-07,2023,2023
BHS,Bahamas,2023,26.67499542236328,-78.37500762939453,0.0,0.0,2023,2023
BHS,Bahamas,2023,26.67499542236328,-78.32500457763672,1.110491037369093,3.475158100223826e-06,2023,2023
BHS,Bahamas,2023,26.67499542236328,-78.2750015258789,0.0,0.0,2023,2023
BHS,Bahamas,2023,26.67499542236328,-78.22500610351562,0.4074140042066574,1.2749567796762073e-06,2023,2023
BHS,Bahamas,2023,26.67499542236328,-78.17500305175781,3.4263470657223336,1.072237177873373e-05,2023,2023
BHS,Bahamas,2023,26.67499542236328,-78.12500762939453,6.2850540839345195,1.9668377208946735e-05,2023,2023
BHS,Bahamas,2023,26.67499542236328,-78.07500457763672,2.294139008037746,7.179252680606745e-06,2023,2023
BHS,Bahamas,2023,26.67499542236328,-78.0250015258789,1.8874310236585303,5.906505311398241e-06,2023,2023
BHS,Bahamas,2023,26.67499542236328,-77.97500610351562,36.55993652530042,0.00011441025211745015,2023,2023
BHS,Bahamas,2023,26.67499542236328,-77.92500305175781,6.527357071638107,2.0426637439863562e-05,2023,2023
BHS,Bahamas,2023,26.67499542236328,-77.32500457763672,818.7275503874332,0.0025621167419288588,2023,2023
BHS,Bahamas,2023,26.67499542236328,-77.2750015258789,1548.0716090723872,0.004844517795244809,2023,2023
BHS,Bahamas,2023,26.724998474121094,-78.62500762939453,0.0,0.0,2023,2023
BHS,Bahamas,2023,26.724998474121094,-78.57500457763672,0.0,0.0,2023,2023
BHS,Bahamas,2023,26.724998474121094,-78.5250015258789,0.0,0.0,2023,2023
BHS,Bahamas,2023,26.724998474121094,-78.0250015258789,0.0,0.0,2023,2023
BHS,Bahamas,2023,26.724998474121094,-77.97500610351562,0.0,0.0,2023,2023
BHS,Bahamas,2023,26.724998474121094,-77.92500305175781,0.0,0.0,2023,2023
BHS,Bahamas,2023,26.724998474121094,-77.42500305175781,39.113683939016106,0.0001224019204083758,2023,2023
BHS,Bahamas,2023,26.724998474121094,-77.37500762939453,223.3458762467382,0.0006989360606000713,2023,2023
BHS,Bahamas,2023,26.774993896484375,-78.57500457763672,0.0,0.0,2023,2023
BHS,Bahamas,2023,26.774993896484375,-77.42500305175781,28.224321752786636,8.83248734675919e-05,2023,2023
BHS,Bahamas,2023,26.824996948242188,-77.47500610351562,8.023186892271042,2.5107670372866117e-05,2023,2023
BHS,Bahamas,2023,26.875,-77.67500305175781,18.317386627197266,5.7322222665790805e-05,2023,2023
BHS,Bahamas,2023,26.875,-77.62500762939453,42.21614128353929,0.00013211071535458406,2023,2023
BHS,Bahamas,2023,26.875,-77.57500457763672,10.267382606863976,3.2130631075486457e-05,2023,2023
BHS,Bahamas,2023,26.875,-77.5250015258789,446.07385489350133,0.0013959384794350101,2023,2023
BHS,Bahamas,2023,26.92499542236328,-77.87500762939453,0.0,0.0,2023,2023
BHS,Bahamas,2023,26.92499542236328,-77.82500457763672,123.07508449257016,0.00038514977826690095,2023,2023
BHS,Bahamas,2023,26.92499542236328,-77.7750015258789,154.2092666104436,0.000482580735870218,2023,2023
BHS,Bahamas,2024,20.974998474121094,-73.67500305175781,446.150488704443,0.0013885952267096253,2024,2024
BHS,Bahamas,2024,20.974998474121094,-73.62500762939453,0.05997899919748306,1.8667815926930313e-07,2024,2024
BHS,Bahamas,2024,20.974998474121094,-73.57500457763672,0.0,0.0,2024,2024
BHS,Bahamas,2024,20.974998474121094,-73.5250015258789,0.0,0.0,2024,2024
BHS,Bahamas,2024,20.974998474121094,-73.47500610351562,0.0,0.0,2024,2024
BHS,Bahamas,2024,20.974998474121094,-73.42500305175781,0.0,0.0,2024,2024
BHS,Bahamas,2024,20.974998474121094,-73.37500762939453,0.0,0.0,2024,2024
BHS,Bahamas,2024,20.974998474121094,-73.32500457763672,0.0,0.0,2024,2024
BHS,Bahamas,2024,20.974998474121094,-73.2750015258789,0.0,0.0,2024,2024
BHS,Bahamas,2024,20.974998474121094,-73.22500610351562,0.0,0.0,2024,2024
BHS,Bahamas,2024,20.974998474121094,-73.17500305175781,0.0,0.0,2024,2024
BHS,Bahamas,2024,21.024993896484375,-73.67500305175781,0.7385810205964107,2.2987536844723984e-06,2024,2024
BHS,Bahamas,2024,21.024993896484375,-73.62500762939453,38.16455832403191,0.00011878306728324347,2024,2024
BHS,Bahamas,2024,21.024993896484375,-73.57500457763672,0.0,0.0,2024,2024
BHS,Bahamas,2024,21.024993896484375,-73.5250015258789,0.0,0.0,2024,2024
BHS,Bahamas,2024,21.024993896484375,-73.47500610351562,0.0,0.0,2024,2024
BHS,Bahamas,2024,21.024993896484375,-73.42500305175781,0.0,0.0,2024,2024
BHS,Bahamas,2024,21.024993896484375,-73.37500762939453,0.0,0.0,2024,2024
BHS,Bahamas,2024,21.024993896484375,-73.32500457763672,1.1004600524902344,3.4250631003676085e-06,2024,2024
BHS,Bahamas,2024,21.024993896484375,-73.2750015258789,0.0,0.0,2024,2024
BHS,Bahamas,2024,21.024993896484375,-73.22500610351562,0.0,0.0,2024,2024
BHS,Bahamas,2024,21.024993896484375,-73.17500305175781,0.0,0.0,2024,2024
BHS,Bahamas,2024,21.024993896484375,-73.12500762939453,0.0,0.0,2024,2024
BHS,Bahamas,2024,21.074996948242188,-73.62500762939453,7.580486245454322,2.3593444999113404e-05,2024,2024
BHS,Bahamas,2024,21.074996948242188,-73.57500457763672,1.0159930102527142,3.162168551028672e-06,2024,2024
BHS,Bahamas,2024,21.074996948242188,-73.5250015258789,0.0,0.0,2024,2024
BHS,Bahamas,2024,21.074996948242188,-73.47500610351562,0.0,0.0,2024,2024
BHS,Bahamas,2024,21.074996948242188,-73.42500305175781,0.0,0.0,2024,2024
BHS,Bahamas,2024,21.074996948242188,-73.37500762939453,0.0,0.0,2024,2024
BHS,Bahamas,2024,21.074996948242188,-73.32500457763672,0.0,0.0,2024,2024
BHS,Bahamas,2024,21.074996948242188,-73.2750015258789,0.0,0.0,2024,2024
BHS,Bahamas,2024,21.074996948242188,-73.22500610351562,0.0,0.0,2024,2024
BHS,Bahamas,2024,21.074996948242188,-73.17500305175781,0.0,0.0,2024,2024
BHS,Bahamas,2024,21.074996948242188,-73.12500762939453,0.0,0.0,2024,2024
BHS,Bahamas,2024,21.125,-73.5250015258789,0.0,0.0,2024,2024
BHS,Bahamas,2024,21.125,-73.47500610351562,0.0,0.0,2024,2024
BHS,Bahamas,2024,21.125,-73.42500305175781,0.0,0.0,2024,2024
BHS,Bahamas,2024,21.125,-73.37500762939453,0.0,0.0,2024,2024
BHS,Bahamas,2024,21.125,-73.32500457763672,0.0,0.0,2024,2024
BHS,Bahamas,2024,21.125,-73.2750015258789,0.0,0.0,2024,2024
BHS,Bahamas,2024,21.125,-73.22500610351562,0.0,0.0,2024,2024
BHS,Bahamas,2024,21.125,-73.17500305175781,0.0,0.0,2024,2024
BHS,Bahamas,2024,21.125,-73.12500762939453,0.0,0.0,2024,2024
BHS,Bahamas,2024,21.125,-73.07500457763672,0.0,0.0,2024,2024
BHS,Bahamas,2024,21.17499542236328,-73.47500610351562,0.0,0.0,2024,2024
BHS,Bahamas,2024,21.17499542236328,-73.42500305175781,0.0,0.0,2024,2024
BHS,Bahamas,2024,21.17499542236328,-73.37500762939453,0.0,0.0,2024,2024
BHS,Bahamas,2024,21.17499542236328,-73.12500762939453,0.0,0.0,2024,2024
BHS,Bahamas,2024,21.17499542236328,-73.07500457763672,0.023277999833226204,7.245026123277104e-08,2024,2024
BHS,Bahamas,2024,21.224998474121094,-73.07500457763672,0.0,0.0,2024,2024
BHS,Bahamas,2024,21.224998474121094,-73.0250015258789,0.0,0.0,2024,2024
BHS,Bahamas,2024,21.274993896484375,-73.07500457763672,0.0,0.0,2024,2024
BHS,Bahamas,2024,21.274993896484375,-73.0250015258789,0.0,0.0,2024,2024
BHS,Bahamas,2024,21.324996948242188,-73.0250015258789,0.0,0.0,2024,2024
BHS,Bahamas,2024,21.474998474121094,-73.0250015258789,0.6550030112299513,2.038626153958719e-06,2024,2024
BHS,Bahamas,2024,21.474998474121094,-72.97500610351562,0.0,0.0,2024,2024
BHS,Bahamas,2024,21.524993896484375,-73.0250015258789,0.0,0.0,2024,2024
BHS,Bahamas,2024,21.524993896484375,-72.97500610351562,0.0,0.0,2024,2024
BHS,Bahamas,2024,22.17499542236328,-74.2750015258789,2.765486031770706,8.607276693566253e-06,2024,2024
BHS,Bahamas,2024,22.224998474121094,-74.22500610351562,119.01968432217875,0.00037043591729370216,2024,2024
BHS,Bahamas,2024,22.274993896484375,-74.17500305175781,0.201664000749588,6.27657429342306e-07,2024,2024
BHS,Bahamas,2024,22.324996948242188,-74.12500762939453,1.5599450170993805,4.8551604436516515e-06,2024,2024
BHS,Bahamas,2024,22.324996948242188,-74.07500457763672,3.4663249254226685,1.0788562082815853e-05,2024,2024
BHS,Bahamas,2024,22.324996948242188,-72.82500457763672,0.0,0.0,2024,2024
BHS,Bahamas,2024,22.324996948242188,-72.7750015258789,0.0,0.0,2024,2024
BHS,Bahamas,2024,22.375,-74.07500457763672,0.0,0.0,2024,2024
BHS,Bahamas,2024,22.375,-74.0250015258789,4.830547019839287,1.5034556061169773e-05,2024,2024
BHS,Bahamas,2024,22.375,-73.97500610351562,0.0,0.0,2024,2024
BHS,Bahamas,2024,22.375,-73.12500762939453,0.08141399919986725,2.5339228251113445e-07,2024,2024
BHS,Bahamas,2024,22.375,-73.07500457763672,0.0,0.0,2024,2024
BHS,Bahamas,2024,22.375,-73.0250015258789,33.0434158389135,0.00010284406421101738,2024,2024
BHS,Bahamas,2024,22.375,-72.97500610351562,77.74476858228445,0.00024197219836852229,2024,2024
BHS,Bahamas,2024,22.375,-72.92500305175781,0.945526983588934,2.9428506510199612e-06,2024,2024
BHS,Bahamas,2024,22.375,-72.87500762939453,0.0,0.0,2024,2024
BHS,Bahamas,2024,22.375,-72.82500457763672,0.0,0.0,2024,2024
BHS,Bahamas,2024,22.42499542236328,-73.97500610351562,48.13653706014628,0.00014981977445805377,2024,2024
BHS,Bahamas,2024,22.42499542236328,-73.12500762939453,36.962701428690224,0.00011504241745698028,2024,2024
BHS,Bahamas,2024,22.42499542236328,-73.07500457763672,28.427926376466083,8.847885157818129e-05,2024,2024
BHS,Bahamas,2024,22.42499542236328,-73.0250015258789,0.09701000154018402,3.0193315594691953e-07,2024,2024
BHS,Bahamas,2024,22.474998474121094,-73.87500762939453,0.8700650334358215,2.7079834785439313e-06,2024,2024
BHS,Bahamas,2024,22.574996948242188,-74.37500762939453,1.5667250156402588,4.876262457096265e-06,2024,2024
BHS,Bahamas,2024,22.574996948242188,-73.87500762939453,67.88357079029083,0.00021128028492163812,2024,2024
BHS,Bahamas,2024,22.574996948242188,-73.62500762939453,0.0,0.0,2024,2024
BHS,Bahamas,2024,22.625,-74.32500457763672,12.136237144470215,3.777272780304268e-05,2024,2024
BHS,Bahamas,2024,22.625,-74.0250015258789,0.0,0.0,2024,2024
BHS,Bahamas,2024,22.625,-73.97500610351562,0.0,0.0,2024,2024
BHS,Bahamas,2024,22.625,-73.92500305175781,0.20271900296211243,6.309410098237117e-07,2024,2024
BHS,Bahamas,2024,22.625,-73.87500762939453,51.13796874880879,0.00015916140653442868,2024,2024
BHS,Bahamas,2024,22.67499542236328,-74.07500457763672,0.08412700146436691,2.618362091455672e-07,2024,2024
BHS,Bahamas,2024,22.67499542236328,-73.92500305175781,18.464502096176147,5.746876922352845e-05,2024,2024
BHS,Bahamas,2024,22.724998474121094,-74.2750015258789,0.4942879825858414,1.5384179791705216e-06,2024,2024
BHS,Bahamas,2024,22.724998474121094,-74.22500610351562,0.3821590021252632,1.1894286336796957e-06,2024,2024
BHS,Bahamas,2024,22.724998474121094,-74.17500305175781,40.152586344634194,0.0001249705898566012,2024,2024
BHS,Bahamas,2024,22.724998474121094,-74.12500762939453,12.188907831919899,3.793665963105105e-05,2024,2024
BHS,Bahamas,2024,22.724998474121094,-74.07500457763672,9.296520061790943,2.893441497800296e-05,2024,2024
BHS,Bahamas,2024,22.774993896484375,-74.2750015258789,1.023292908741702e-11,3.1848886969299095e-17,2024,2024
BHS,Bahamas,2024,22.774993896484375,-74.22500610351562,90.05258886518575,0.00028027896016467153,2024,2024
BHS,Bahamas,2024,22.824996948242188,-74.32500457763672,99.54967288929586,0.00030983760882116957,2024,2024
BHS,Bahamas,2024,22.824996948242188,-74.2750015258789,18.248437166230072,5.679629045688246e-05,2024,2024
BHS,Bahamas,2024,22.92499542236328,-74.87500762939453,74.3213804736771,0.00023131727249229892,2024,2024
BHS,Bahamas,2024,22.974998474121094,-74.87500762939453,67.7781737446785,0.00021095224799653784,2024,2024
BHS,Bahamas,2024,23.024993896484375,-74.92500305175781,31.043913051486015,9.66208276648086e-05,2024,2024
BHS,Bahamas,2024,23.024993896484375,-74.87500762939453,91.01417338848654,0.0002832717881743655,2024,2024
BHS,Bahamas,2024,23.074996948242188,-74.97500610351562,76.9472248107831,0.00023948992948787017,2024,2024
BHS,Bahamas,2024,23.074996948242188,-74.92500305175781,25.91706413035812,8.066406392660788e-05,2024,2024
BHS,Bahamas,2024,23.074996948242188,-73.7750015258789,0.0,0.0,2024,2024
BHS,Bahamas,2024,23.125,-75.12500762939453,0.0,0.0,2024,2024
BHS,Bahamas,2024,23.17499542236328,-75.22500610351562,0.0,0.0,2024,2024
BHS,Bahamas,2024,23.17499542236328,-75.17500305175781,0.0,0.0,2024,2024
BHS,Bahamas,2024,23.224998474121094,-75.12500762939453,61.73380798101425,0.00019213981214718164,2024,2024
BHS,Bahamas,2024,23.42499542236328,-75.57500457763672,62.550253331735874,0.00019468091015241627,2024,2024
BHS,Bahamas,2024,23.42499542236328,-75.17500305175781,99.96795555949492,0.0003111394684715768,2024,2024
BHS,Bahamas,2024,23.474998474121094,-75.7750015258789,780.5574927330247,0.0024294009219376594,2024,2024
BHS,Bahamas,2024,23.474998474121094,-75.72500610351562,364.1937190461904,0.0011335136297478858,2024,2024
BHS,Bahamas,2024,23.474998474121094,-75.22500610351562,170.13660634309053,0.0005295318181598966,2024,2024
BHS,Bahamas,2024,23.524993896484375,-75.82500457763672,491.97037008423274,0.0015312046604841708,2024,2024
BHS,Bahamas,2024,23.524993896484375,-75.22500610351562,68.34886150435327,0.00021272845203326808,2024,2024
BHS,Bahamas,2024,23.574996948242188,-75.92500305175781,187.5418410152197,0.000583703731891656,2024,2024
BHS,Bahamas,2024,23.574996948242188,-75.87500762939453,704.8459258079529,0.0021937568442091976,2024,2024
BHS,Bahamas,2024,23.625,-75.97500610351562,153.69779101014137,0.00047836778028025615,2024,2024
BHS,Bahamas,2024,23.625,-75.92500305175781,1222.530926249924,0.003804995515358798,2024,2024
BHS,Bahamas,2024,23.67499542236328,-76.0250015258789,152.8914422392885,0.0004758581067897689,2024,2024
BHS,Bahamas,2024,23.67499542236328,-75.32500457763672,60.474761217843565,0.00018822116503190034,2024,2024
BHS,Bahamas,2024,23.67499542236328,-74.92500305175781,0.20163799822330475,6.275764992866556e-07,2024,2024
BHS,Bahamas,2024,23.67499542236328,-74.87500762939453,5.14124098420281,1.600155748065826e-05,2024,2024
BHS,Bahamas,2024,23.67499542236328,-74.82500457763672,26.795663550521894,8.339860976241324e-05,2024,2024
BHS,Bahamas,2024,23.774993896484375,-77.72500610351562,0.0,0.0,2024,2024
BHS,Bahamas,2024,23.774993896484375,-77.62500762939453,0.0,0.0,2024,2024
BHS,Bahamas,2024,23.774993896484375,-77.57500457763672,0.0,0.0,2024,2024
BHS,Bahamas,2024,23.824996948242188,-77.72500610351562,0.0,0.0,2024,2024
BHS,Bahamas,2024,23.824996948242188,-77.67500305175781,0.14109699428081512,4.391491609263008e-07,2024,2024
BHS,Bahamas,2024,23.824996948242188,-77.57500457763672,0.0,0.0,2024,2024
BHS,Bahamas,2024,23.875,-77.7750015258789,0.0,0.0,2024,2024
BHS,Bahamas,2024,23.875,-77.72500610351562,0.028416000306606293,8.844173297336075e-08,2024,2024
BHS,Bahamas,2024,23.875,-77.67500305175781,0.0,0.0,2024,2024
BHS,Bahamas,2024,23.875,-77.62500762939453,0.0,0.0,2024,2024
BHS,Bahamas,2024,23.875,-77.57500457763672,0.0,0.0,2024,2024
BHS,Bahamas,2024,23.875,-77.5250015258789,47.31766007842053,0.0001472711082638539,2024,2024
BHS,Bahamas,2024,23.92499542236328,-77.7750015258789,0.0,0.0,2024,2024
BHS,Bahamas,2024,23.92499542236328,-77.72500610351562,0.0,0.0,2024,2024
BHS,Bahamas,2024,23.92499542236328,-77.67500305175781,0.0,0.0,2024,2024
BHS,Bahamas,2024,23.92499542236328,-77.62500762939453,0.0,0.0,2024,2024
BHS,Bahamas,2024,23.92499542236328,-77.5250015258789,55.10046933591366,0.00017149426179379604,2024,2024
BHS,Bahamas,2024,23.974998474121094,-77.82500457763672,0.0,0.0,2024,2024
BHS,Bahamas,2024,23.974998474121094,-77.7750015258789,0.0,0.0,2024,2024
BHS,Bahamas,2024,23.974998474121094,-77.72500610351562,0.0,0.0,2024,2024
BHS,Bahamas,2024,23.974998474121094,-77.67500305175781,0.0,0.0,2024,2024
BHS,Bahamas,2024,23.974998474121094,-77.62500762939453,0.054620999842882156,1.700019647634604e-07,2024,2024
BHS,Bahamas,2024,23.974998474121094,-77.57500457763672,12.747786901921886,3.967611039611965e-05,2024,2024
BHS,Bahamas,2024,23.974998474121094,-76.32500457763672,46.985290974378586,0.000146236645312309,2024,2024
BHS,Bahamas,2024,23.974998474121094,-74.5250015258789,67.9034068808086,0.00021134202261173803,2024,2024
BHS,Bahamas,2024,24.024993896484375,-77.82500457763672,0.0,0.0,2024,2024
BHS,Bahamas,2024,24.024993896484375,-77.7750015258789,4.317171273249265e-11,1.3436729477378573e-16,2024,2024
BHS,Bahamas,2024,24.024993896484375,-77.72500610351562,2.3656399697065353,7.362798995439686e-06,2024,2024
BHS,Bahamas,2024,24.024993896484375,-77.67500305175781,0.0,0.0,2024,2024
BHS,Bahamas,2024,24.024993896484375,-77.62500762939453,0.22605299949645996,7.035655547429454e-07,2024,2024
BHS,Bahamas,2024,24.024993896484375,-77.57500457763672,1.6905690133571625,5.261713528965992e-06,2024,2024
BHS,Bahamas,2024,24.024993896484375,-74.5250015258789,78.95754843950272,0.0002457468447343105,2024,2024
BHS,Bahamas,2024,24.024993896484375,-74.47500610351562,3.7248139679431915,1.1593081319459613e-05,2024,2024
BHS,Bahamas,2024,24.074996948242188,-77.87500762939453,0.0,0.0,2024,2024
BHS,Bahamas,2024,24.074996948242188,-77.82500457763672,0.0,0.0,2024,2024
BHS,Bahamas,2024,24.074996948242188,-77.7750015258789,0.0,0.0,2024,2024
BHS,Bahamas,2024,24.074996948242188,-77.72500610351562,0.7795700095616946,2.4263274871821653e-06,2024,2024
BHS,Bahamas,2024,24.074996948242188,-77.67500305175781,0.18612399697303772,5.792908453902656e-07,2024,2024
BHS,Bahamas,2024,24.074996948242188,-77.62500762939453,0.4503159895539284,1.4015598983683895e-06,2024,2024
BHS,Bahamas,2024,24.074996948242188,-77.57500457763672,25.736445702678594,8.010190857122567e-05,2024,2024
BHS,Bahamas,2024,24.074996948242188,-76.37500762939453,173.90545845031738,0.0005412619634332253,2024,2024
BHS,Bahamas,2024,24.074996948242188,-74.5250015258789,382.9053364992142,0.0011917515188393803,2024,2024
BHS,Bahamas,2024,24.074996948242188,-74.47500610351562,7.499275125563145,2.3340684156546364e-05,2024,2024
BHS,Bahamas,2024,24.125,-77.87500762939453,0.0,0.0,2024,2024
BHS,Bahamas,2024,24.125,-77.82500457763672,0.0,0.0,2024,2024
BHS,Bahamas,2024,24.125,-77.7750015258789,0.0,0.0,2024,2024
BHS,Bahamas,2024,24.125,-77.62500762939453,3.499568097293377,1.0892027866108838e-05,2024,2024
BHS,Bahamas,2024,24.125,-77.57500457763672,246.9059342890978,0.0007684680628630841,2024,2024
BHS,Bahamas,2024,24.125,-74.47500610351562,114.13773937896009,0.0003552413907452768,2024,2024
BHS,Bahamas,2024,24.17499542236328,-77.92500305175781,0.0,0.0,2024,2024
BHS,Bahamas,2024,24.17499542236328,-77.82500457763672,0.0,0.0,2024,2024
BHS,Bahamas,2024,24.17499542236328,-77.7750015258789,0.0,0.0,2024,2024
BHS,Bahamas,2024,24.17499542236328,-77.62500762939453,15.36144002155528,4.781082354355257e-05,2024,2024
BHS,Bahamas,2024,24.17499542236328,-75.47500610351562,27.91667903959751,8.68876494398508e-05,2024,2024
BHS,Bahamas,2024,24.17499542236328,-75.42500305175781,11.677235007286072,3.634413320798969e-05,2024,2024
BHS,Bahamas,2024,24.17499542236328,-75.37500762939453,55.40054202079773,0.0001724282056276489,2024,2024
BHS,Bahamas,2024,24.17499542236328,-75.32500457763672,82.58784483373165,0.0002570457503103323,2024,2024
BHS,Bahamas,2024,24.224998474121094,-77.87500762939453,0.0,0.0,2024,2024
BHS,Bahamas,2024,24.224998474121094,-77.7750015258789,0.0,0.0,2024,2024
BHS,Bahamas,2024,24.224998474121094,-77.72500610351562,0.0,0.0,2024,2024
BHS,Bahamas,2024,24.224998474121094,-77.67500305175781,19.068985827273202,5.9350159572472016e-05,2024,2024
BHS,Bahamas,2024,24.224998474121094,-76.47500610351562,107.92559528351453,0.00033590676295271914,2024,2024
BHS,Bahamas,2024,24.224998474121094,-75.37500762939453,290.65820759534836,0.000904642289741499,2024,2024
BHS,Bahamas,2024,24.224998474121094,-75.32500457763672,3.655804991722107,1.1378298331640907e-05,2024,2024
BHS,Bahamas,2024,24.274993896484375,-78.0250015258789,0.0,0.0,2024,2024
BHS,Bahamas,2024,24.274993896484375,-77.67500305175781,322.3042232990265,0.0010031370969042367,2024,2024
BHS,Bahamas,2024,24.274993896484375,-76.5250015258789,34.50629982354688,0.00010739713267047515,2024,2024
BHS,Bahamas,2024,24.274993896484375,-75.37500762939453,4.899741232395172,1.5249915577081196e-05,2024,2024
BHS,Bahamas,2024,24.324996948242188,-78.0250015258789,0.0,0.0,2024,2024
BHS,Bahamas,2024,24.324996948242188,-77.87500762939453,0.0,0.0,2024,2024
BHS,Bahamas,2024,24.324996948242188,-77.7750015258789,0.0,0.0,2024,2024
BHS,Bahamas,2024,24.324996948242188,-75.47500610351562,104.60073265060782,0.00032555848698214644,2024,2024
BHS,Bahamas,2024,24.324996948242188,-75.42500305175781,54.580805674202736,0.0001698768647530763,2024,2024
BHS,Bahamas,2024,24.375,-78.07500457763672,0.0,0.0,2024,2024
BHS,Bahamas,2024,24.375,-78.0250015258789,0.0,0.0,2024,2024
BHS,Bahamas,2024,24.375,-77.97500610351562,0.0,0.0,2024,2024
BHS,Bahamas,2024,24.375,-77.92500305175781,0.0,0.0,2024,2024
BHS,Bahamas,2024,24.375,-77.87500762939453,0.0,0.0,2024,2024
BHS,Bahamas,2024,24.42499542236328,-78.12500762939453,0.0,0.0,2024,2024
BHS,Bahamas,2024,24.42499542236328,-78.07500457763672,0.0,0.0,2024,2024
BHS,Bahamas,2024,24.42499542236328,-78.0250015258789,0.0,0.0,2024,2024
BHS,Bahamas,2024,24.42499542236328,-77.97500610351562,0.0,0.0,2024,2024
BHS,Bahamas,2024,24.42499542236328,-77.92500305175781,0.09807900339365005,3.052603087992613e-07,2024,2024
BHS,Bahamas,2024,24.42499542236328,-77.87500762939453,0.0,0.0,2024,2024
BHS,Bahamas,2024,24.42499542236328,-75.5250015258789,65.3674948141043,0.00020344927009810425,2024,2024
BHS,Bahamas,2024,24.474998474121094,-78.22500610351562,0.0,0.0,2024,2024
BHS,Bahamas,2024,24.474998474121094,-78.17500305175781,0.742285966873169,2.310284929748093e-06,2024,2024
BHS,Bahamas,2024,24.474998474121094,-78.12500762939453,2.52587890625,7.861525384966704e-06,2024,2024
BHS,Bahamas,2024,24.474998474121094,-78.07500457763672,0.0,0.0,2024,2024
BHS,Bahamas,2024,24.474998474121094,-78.0250015258789,0.0,0.0,2024,2024
BHS,Bahamas,2024,24.474998474121094,-77.97500610351562,0.19430300594711206,6.047471277617024e-07,2024,2024
BHS,Bahamas,2024,24.474998474121094,-77.92500305175781,0.07339499890804291,2.2843400988759608e-07,2024,2024
BHS,Bahamas,2024,24.474998474121094,-77.87500762939453,0.0,0.0,2024,2024
BHS,Bahamas,2024,24.474998474121094,-77.82500457763672,0.0,0.0,2024,2024
BHS,Bahamas,2024,24.474998474121094,-77.7750015258789,1.901610016822815,5.918555866858283e-06,2024,2024
BHS,Bahamas,2024,24.524993896484375,-78.32500457763672,0.0,0.0,2024,2024
BHS,Bahamas,2024,24.524993896484375,-78.2750015258789,0.0,0.0,2024,2024
BHS,Bahamas,2024,24.524993896484375,-78.22500610351562,0.0,0.0,2024,2024
BHS,Bahamas,2024,24.524993896484375,-78.17500305175781,0.0,0.0,2024,2024
BHS,Bahamas,2024,24.524993896484375,-78.12500762939453,0.0,0.0,2024,2024
BHS,Bahamas,2024,24.524993896484375,-78.07500457763672,0.0,0.0,2024,2024
BHS,Bahamas,2024,24.524993896484375,-78.0250015258789,0.0,0.0,2024,2024
BHS,Bahamas,2024,24.524993896484375,-77.97500610351562,0.0,0.0,2024,2024
BHS,Bahamas,2024,24.524993896484375,-77.92500305175781,0.3296320065861662,1.0259440312290931e-06,2024,2024
BHS,Bahamas,2024,24.524993896484375,-77.87500762939453,0.0,0.0,2024,2024
BHS,Bahamas,2024,24.524993896484375,-77.82500457763672,0.0,0.0,2024,2024
BHS,Bahamas,2024,24.524993896484375,-77.7750015258789,2.401994071951385,7.47594721364539e-06,2024,2024
BHS,Bahamas,2024,24.524993896484375,-77.72500610351562,99.68265026444061,0.0003102514865441831,2024,2024
BHS,Bahamas,2024,24.524993896484375,-76.7750015258789,0.4782310128211975,1.4884423943956364e-06,2024,2024
BHS,Bahamas,2024,24.524993896484375,-75.57500457763672,50.8374651819565,0.00015822612162697062,2024,2024
BHS,Bahamas,2024,24.574996948242188,-78.37500762939453,0.22079999931156635,6.87216158816406e-07,2024,2024
BHS,Bahamas,2024,24.574996948242188,-78.32500457763672,0.03125,9.726225104153664e-08,2024,2024
BHS,Bahamas,2024,24.574996948242188,-78.2750015258789,0.0,0.0,2024,2024
BHS,Bahamas,2024,24.574996948242188,-78.22500610351562,0.0,0.0,2024,2024
BHS,Bahamas,2024,24.574996948242188,-78.17500305175781,0.0,0.0,2024,2024
BHS,Bahamas,2024,24.574996948242188,-78.12500762939453,0.0,0.0,2024,2024
BHS,Bahamas,2024,24.574996948242188,-78.07500457763672,0.07971899957914848,2.481167791951134e-07,2024,2024
BHS,Bahamas,2024,24.574996948242188,-78.0250015258789,0.07624100148677826,2.3729188564048625e-07,2024,2024
BHS,Bahamas,2024,24.574996948242188,-77.97500610351562,0.07031100243330002,2.1883540382879105e-07,2024,2024
BHS,Bahamas,2024,24.574996948242188,-77.92500305175781,0.0,0.0,2024,2024
BHS,Bahamas,2024,24.574996948242188,-77.87500762939453,0.0,0.0,2024,2024
BHS,Bahamas,2024,24.574996948242188,-77.82500457763672,0.0,0.0,2024,2024
BHS,Bahamas,2024,24.574996948242188,-77.7750015258789,53.17127549648285,0.00016548985425720388,2024,2024
BHS,Bahamas,2024,24.574996948242188,-75.62500762939453,91.00730371476047,0.0002832504070565889,2024,2024
BHS,Bahamas,2024,24.625,-78.42500305175781,0.0,0.0,2024,2024
BHS,Bahamas,2024,24.625,-78.37500762939453,0.0,0.0,2024,2024
BHS,Bahamas,2024,24.625,-78.32500457763672,0.0,0.0,2024,2024
BHS,Bahamas,2024,24.625,-78.17500305175781,0.0,0.0,2024,2024
BHS,Bahamas,2024,24.625,-78.12500762939453,0.0,0.0,2024,2024
BHS,Bahamas,2024,24.625,-78.07500457763672,0.066211998462677,2.0607769652603934e-07,2024,2024
BHS,Bahamas,2024,24.625,-78.0250015258789,0.13646700233221054,4.247388108710857e-07,2024,2024
BHS,Bahamas,2024,24.625,-77.97500610351562,0.0,0.0,2024,2024
BHS,Bahamas,2024,24.625,-77.92500305175781,0.131291002035141,4.0862906878197704e-07,2024,2024
BHS,Bahamas,2024,24.625,-77.87500762939453,0.0,0.0,2024,2024
BHS,Bahamas,2024,24.625,-77.82500457763672,0.0,0.0,2024,2024
BHS,Bahamas,2024,24.625,-77.7750015258789,130.06128424406052,0.00040480170492577497,2024,2024
BHS,Bahamas,2024,24.625,-75.67500305175781,127.34178288281579,0.00039633755055440905,2024,2024
BHS,Bahamas,2024,24.625,-75.62500762939453,7.2197458148002625,2.2470679356645974e-05,2024,2024
BHS,Bahamas,2024,24.67499542236328,-78.32500457763672,0.0,0.0,2024,2024
BHS,Bahamas,2024,24.67499542236328,-78.22500610351562,0.0,0.0,2024,2024
BHS,Bahamas,2024,24.67499542236328,-78.17500305175781,0.0,0.0,2024,2024
BHS,Bahamas,2024,24.67499542236328,-78.12500762939453,0.0,0.0,2024,2024
BHS,Bahamas,2024,24.67499542236328,-78.07500457763672,0.14705099910497665,4.576803581074246e-07,2024,2024
BHS,Bahamas,2024,24.67499542236328,-78.0250015258789,1.809951052069664,5.633277235177377e-06,2024,2024
BHS,Bahamas,2024,24.67499542236328,-77.97500610351562,0.1162210050970316,3.617253303695103e-07,2024,2024
BHS,Bahamas,2024,24.67499542236328,-77.92500305175781,0.8463330045386669,2.6341201008696894e-06,2024,2024
BHS,Bahamas,2024,24.67499542236328,-77.87500762939453,6.21229007281363,1.933508213135505e-05,2024,2024
BHS,Bahamas,2024,24.67499542236328,-77.82500457763672,3.613595999811472,1.1246927401483391e-05,2024,2024
BHS,Bahamas,2024,24.67499542236328,-77.7750015258789,84.23927487853703,0.00026218564802538494,2024,2024
BHS,Bahamas,2024,24.67499542236328,-76.17500305175781,52.914876371622086,0.00016469183966363467,2024,2024
BHS,Bahamas,2024,24.67499542236328,-75.72500610351562,36.04665110635986,0.00011219130973163064,2024,2024
BHS,Bahamas,2024,24.724998474121094,-78.2750015258789,0.0,0.0,2024,2024
BHS,Bahamas,2024,24.724998474121094,-78.22500610351562,0.0,0.0,2024,2024
BHS,Bahamas,2024,24.724998474121094,-78.17500305175781,0.0,0.0,2024,2024
BHS,Bahamas,2024,24.724998474121094,-78.12500762939453,0.0,0.0,2024,2024
BHS,Bahamas,2024,24.724998474121094,-78.07500457763672,1.829476986080408,5.694049596635728e-06,2024,2024
BHS,Bahamas,2024,24.724998474121094,-78.0250015258789,0.07231400161981583,2.2506952253966767e-07,2024,2024
BHS,Bahamas,2024,24.724998474121094,-77.97500610351562,0.017873000353574753,5.562778391215555e-08,2024,2024
BHS,Bahamas,2024,24.724998474121094,-77.92500305175781,0.40036199987105764,1.2460834988464151e-06,2024,2024
BHS,Bahamas,2024,24.724998474121094,-77.87500762939453,5.235803872346878,1.6295874260366456e-05,2024,2024
BHS,Bahamas,2024,24.724998474121094,-77.82500457763672,83.52192872764631,0.00025995298558021334,2024,2024
BHS,Bahamas,2024,24.724998474121094,-77.7750015258789,979.2071247100872,0.003047676453926841,2024,2024
BHS,Bahamas,2024,24.774993896484375,-78.2750015258789,0.0,0.0,2024,2024
BHS,Bahamas,2024,24.774993896484375,-78.22500610351562,0.0,0.0,2024,2024
BHS,Bahamas,2024,24.774993896484375,-78.17500305175781,0.017464999109506607,5.435792409052946e-08,2024,2024
BHS,Bahamas,2024,24.774993896484375,-78.12500762939453,0.16470599919720452,5.126296397429004e-07,2024,2024
BHS,Bahamas,2024,24.774993896484375,-78.07500457763672,2.592289019376714,8.068219691994778e-06,2024,2024
BHS,Bahamas,2024,24.774993896484375,-78.0250015258789,0.0,0.0,2024,2024
BHS,Bahamas,2024,24.774993896484375,-77.97500610351562,0.05029899999499321,1.5655020686884096e-07,2024,2024
BHS,Bahamas,2024,24.774993896484375,-77.92500305175781,0.08516699822306091,2.650730867720146e-07,2024,2024
BHS,Bahamas,2024,24.774993896484375,-77.87500762939453,102.29660189151764,0.0003183871287638055,2024,2024
BHS,Bahamas,2024,24.774993896484375,-76.2750015258789,263.75065672397614,0.0008208954427730407,2024,2024
BHS,Bahamas,2024,24.774993896484375,-76.22500610351562,284.4921734109557,0.0008854511740687599,2024,2024
BHS,Bahamas,2024,24.824996948242188,-78.22500610351562,0.0,0.0,2024,2024
BHS,Bahamas,2024,24.824996948242188,-78.17500305175781,0.0,0.0,2024,2024
BHS,Bahamas,2024,24.824996948242188,-78.12500762939453,0.030678000301122665,9.548196373568415e-08,2024,2024
BHS,Bahamas,2024,24.824996948242188,-78.07500457763672,0.0,0.0,2024,2024
BHS,Bahamas,2024,24.824996948242188,-78.0250015258789,0.35498099960386753,1.1048400351503035e-06,2024,2024
BHS,Bahamas,2024,24.824996948242188,-77.97500610351562,0.3741439990699291,1.1644828020231648e-06,2024,2024
BHS,Bahamas,2024,24.824996948242188,-77.92500305175781,30.922699689865112,9.624356416376665e-05,2024,2024
BHS,Bahamas,2024,24.824996948242188,-77.87500762939453,145.9462477043271,0.00045424193864923373,2024,2024
BHS,Bahamas,2024,24.824996948242188,-76.17500305175781,45.72621247920176,0.00014231789943458455,2024,2024
BHS,Bahamas,2024,24.875,-78.17500305175781,0.0,0.0,2024,2024
BHS,Bahamas,2024,24.875,-78.12500762939453,0.021313000470399857,6.633441287041343e-08,2024,2024
BHS,Bahamas,2024,24.875,-78.07500457763672,0.1783569976813349,5.551168986718965e-07,2024,2024
BHS,Bahamas,2024,24.875,-78.0250015258789,0.18197301030158997,5.663713475435961e-07,2024,2024
BHS,Bahamas,2024,24.875,-77.97500610351562,0.05211200192570686,1.6219297963440455e-07,2024,2024
BHS,Bahamas,2024,24.875,-77.92500305175781,141.63673556223588,0.0004408290473906537,2024,2024
BHS,Bahamas,2024,24.875,-76.17500305175781,623.6804321035743,0.0019411380082224605,2024,2024
BHS,Bahamas,2024,24.92499542236328,-78.17500305175781,0.0,0.0,2024,2024
BHS,Bahamas,2024,24.92499542236328,-78.12500762939453,0.11705100163817406,3.6430860499185285e-07,2024,2024
BHS,Bahamas,2024,24.92499542236328,-78.07500457763672,0.4742589797824621,1.4760798704097562e-06,2024,2024
BHS,Bahamas,2024,24.92499542236328,-78.0250015258789,12.220480665564537,3.803492666695625e-05,2024,2024
BHS,Bahamas,2024,24.92499542236328,-77.97500610351562,72.77308875322342,0.0002264983816762894,2024,2024
BHS,Bahamas,2024,24.92499542236328,-77.92500305175781,102.05653136968675,0.0003176399351842218,2024,2024
BHS,Bahamas,2024,24.92499542236328,-76.17500305175781,114.66048040242643,0.00035686836574220777,2024,2024
BHS,Bahamas,2024,24.974998474121094,-78.17500305175781,0.0,0.0,2024,2024
BHS,Bahamas,2024,24.974998474121094,-78.12500762939453,0.244998998939991,7.625329324744504e-07,2024,2024
BHS,Bahamas,2024,24.974998474121094,-78.07500457763672,4.136949021383211,1.2875807176442024e-05,2024,2024
BHS,Bahamas,2024,24.974998474121094,-78.0250015258789,90.02116368346225,0.00028018115267942933,2024,2024
BHS,Bahamas,2024,24.974998474121094,-77.97500610351562,0.9448650106787682,2.9407903318080818e-06,2024,2024
BHS,Bahamas,2024,24.974998474121094,-76.17500305175781,470.9292402267456,0.0014657164155434832,2024,2024
BHS,Bahamas,2024,25.024993896484375,-78.12500762939453,0.0,0.0,2024,2024
BHS,Bahamas,2024,25.024993896484375,-78.07500457763672,5.421070799257146,1.6872497567721353e-05,2024,2024
BHS,Bahamas,2024,25.024993896484375,-78.0250015258789,158.39169521629955,0.0004929770503367131,2024,2024
BHS,Bahamas,2024,25.024993896484375,-77.5250015258789,4975.071551322937,0.015484373061580117,2024,2024
BHS,Bahamas,2024,25.024993896484375,-77.47500610351562,2560.1561710238457,0.007968209670773135,2024,2024
BHS,Bahamas,2024,25.024993896484375,-77.42500305175781,7133.4290662707035,0.022202027796179698,2024,2024
BHS,Bahamas,2024,25.024993896484375,-77.37500762939453,67832.57159423828,0.21112155543013797,2024,2024
BHS,Bahamas,2024,25.024993896484375,-77.32500457763672,80153.23481750488,0.24946828949156466,2024,2024
BHS,Bahamas,2024,25.024993896484375,-76.12500762939453,50.978000119452155,0.0001586635214468365,2024,2024
BHS,Bahamas,2024,25.074996948242188,-78.12500762939453,0.0,0.0,2024,2024
BHS,Bahamas,2024,25.074996948242188,-78.07500457763672,7.507509112569911,2.336631155210876e-05,2024,2024
BHS,Bahamas,2024,25.074996948242188,-78.0250015258789,411.8096849769354,0.00128171318277001,2024,2024
BHS,Bahamas,2024,25.074996948242188,-77.97500610351562,244.25884884596363,0.0007602292952183317,2024,2024
BHS,Bahamas,2024,25.074996948242188,-77.42500305175781,5642.1611061394215,0.01756061727750805,2024,2024
BHS,Bahamas,2024,25.074996948242188,-77.37500762939453,28335.23365688324,0.08819035549620403,2024,2024
BHS,Bahamas,2024,25.074996948242188,-77.32500457763672,55909.93302202225,0.17401363012170967,2024,2024
BHS,Bahamas,2024,25.074996948242188,-76.12500762939453,262.37780353426933,0.0008166225854424667,2024,2024
BHS,Bahamas,2024,25.125,-78.17500305175781,73.97537255287585,0.00023024036019612834,2024,2024
BHS,Bahamas,2024,25.125,-78.12500762939453,0.8910849988460541,2.773405851427594e-06,2024,2024
BHS,Bahamas,2024,25.125,-78.07500457763672,342.80271565914154,0.0010669364412211177,2024,2024
BHS,Bahamas,2024,25.125,-78.0250015258789,1213.2599234582044,0.0037761405201288773,2024,2024
BHS,Bahamas,2024,25.125,-76.12500762939453,78.82636114583288,0.00024533853844661846,2024,2024
BHS,Bahamas,2024,25.17499542236328,-78.17500305175781,0.0,0.0,2024,2024
BHS,Bahamas,2024,25.17499542236328,-78.12500762939453,0.0,0.0,2024,2024
BHS,Bahamas,2024,25.17499542236328,-76.22500610351562,653.1620505154231,0.0020328963624971492,2024,2024
BHS,Bahamas,2024,25.17499542236328,-76.17500305175781,1100.353117108345,0.0034247302755369352,2024,2024
BHS,Bahamas,2024,25.224998474121094,-76.2750015258789,405.77174209058285,0.0012629207374328297,2024,2024
BHS,Bahamas,2024,25.324996948242188,-76.37500762939453,302.2362880855799,0.0009406778152205395,2024,2024
BHS,Bahamas,2024,25.375,-76.5250015258789,337.77638112939894,0.0010512925176738995,2024,2024
BHS,Bahamas,2024,25.42499542236328,-76.7750015258789,140.92674587667278,0.0004386192811495612,2024,2024
BHS,Bahamas,2024,25.42499542236328,-76.57500457763672,190.67792916297913,0.0005934644676585606,2024,2024
BHS,Bahamas,2024,25.474998474121094,-76.72500610351562,1053.5969581234567,0.003279206778803297,2024,2024
BHS,Bahamas,2024,25.474998474121094,-76.67500305175781,314.8415264636278,0.000979910258726591,2024,2024
BHS,Bahamas,2024,25.524993896484375,-76.82500457763672,31.301929742097855,9.742387675713485e-05,2024,2024
BHS,Bahamas,2024,25.524993896484375,-76.72500610351562,131.03016391399188,0.00040781723829172396,2024,2024
BHS,Bahamas,2024,25.774993896484375,-77.87500762939453,355.0465337149799,0.001105044002995641,2024,2024
BHS,Bahamas,2024,25.92499542236328,-77.2750015258789,0.0,0.0,2024,2024
BHS,Bahamas,2024,25.92499542236328,-77.22500610351562,0.0,0.0,2024,2024
BHS,Bahamas,2024,25.974998474121094,-77.2750015258789,0.0,0.0,2024,2024
BHS,Bahamas,2024,25.974998474121094,-77.22500610351562,0.0,0.0,2024,2024
BHS,Bahamas,2024,26.024993896484375,-77.37500762939453,163.65592168271542,0.0005093613868524265,2024,2024
BHS,Bahamas,2024,26.024993896484375,-77.32500457763672,0.7949990034135329,2.4743485647289114e-06,2024,2024
BHS,Bahamas,2024,26.024993896484375,-77.2750015258789,0.219479002058506,6.831046974899312e-07,2024,2024
BHS,Bahamas,2024,26.024993896484375,-77.22500610351562,0.0,0.0,2024,2024
BHS,Bahamas,2024,26.074996948242188,-77.2750015258789,0.0,0.0,2024,2024
BHS,Bahamas,2024,26.074996948242188,-77.22500610351562,0.6473389938473701,2.014772727313877e-06,2024,2024
BHS,Bahamas,2024,26.125,-77.22500610351562,14.32742464542389,4.459256232454136e-05,2024,2024
BHS,Bahamas,2024,26.17499542236328,-77.22500610351562,0.15703000128269196,4.887389249859202e-07,2024,2024
BHS,Bahamas,2024,26.224998474121094,-77.22500610351562,0.0,0.0,2024,2024
BHS,Bahamas,2024,26.224998474121094,-77.17500305175781,49.952532894910334,0.00015547186542673236,2024,2024
BHS,Bahamas,2024,26.274993896484375,-77.22500610351562,0.0,0.0,2024,2024
BHS,Bahamas,2024,26.274993896484375,-77.17500305175781,1.8321599960327148,5.70240017543663e-06,2024,2024
BHS,Bahamas,2024,26.324996948242188,-77.57500457763672,156.548286087811,0.0004872396384510391,2024,2024
BHS,Bahamas,2024,26.324996948242188,-77.22500610351562,0.0,0.0,2024,2024
BHS,Bahamas,2024,26.324996948242188,-77.17500305175781,0.0,0.0,2024,2024
BHS,Bahamas,2024,26.324996948242188,-77.12500762939453,5.680207895115018,1.767903380040945e-05,2024,2024
BHS,Bahamas,2024,26.324996948242188,-77.07500457763672,13.753446035087109,4.280611587042781e-05,2024,2024
BHS,Bahamas,2024,26.324996948242188,-77.0250015258789,84.26808486133943,0.0002622753159863395,2024,2024
BHS,Bahamas,2024,26.375,-77.22500610351562,0.0,0.0,2024,2024
BHS,Bahamas,2024,26.375,-77.17500305175781,0.4009459912776947,1.247901109047965e-06,2024,2024
BHS,Bahamas,2024,26.375,-77.12500762939453,3.1061360016776276,9.667512946058378e-06,2024,2024
BHS,Bahamas,2024,26.375,-77.07500457763672,49.26843119414206,0.00015334267274327425,2024,2024
BHS,Bahamas,2024,26.375,-77.0250015258789,45.790374007089255,0.00014251759526282782,2024,2024
BHS,Bahamas,2024,26.42499542236328,-77.22500610351562,0.0,0.0,2024,2024
BHS,Bahamas,2024,26.42499542236328,-77.17500305175781,0.0,0.0,2024,2024
BHS,Bahamas,2024,26.42499542236328,-77.12500762939453,15.802535139030537,4.9183684473122956e-05,2024,2024
BHS,Bahamas,2024,26.42499542236328,-77.07500457763672,6.8765710815787315,2.1402585050927415e-05,2024,2024
BHS,Bahamas,2024,26.474998474121094,-77.17500305175781,0.08506199717521667,2.64746282347213e-07,2024,2024
BHS,Bahamas,2024,26.474998474121094,-77.12500762939453,3.1170969717409935,9.701627781961158e-06,2024,2024
BHS,Bahamas,2024,26.474998474121094,-77.07500457763672,230.33337466419087,0.0007168877603146511,2024,2024
BHS,Bahamas,2024,26.524993896484375,-78.7750015258789,3037.0079388320464,0.009452359313978313,2024,2024
BHS,Bahamas,2024,26.524993896484375,-78.72500610351562,8531.531121253967,0.02655346949389075,2024,2024
BHS,Bahamas,2024,26.524993896484375,-78.67500305175781,16057.16293334961,0.049976185991625816,2024,2024
BHS,Bahamas,2024,26.524993896484375,-78.62500762939453,3749.2899293228984,0.011669260106665885,2024,2024
BHS,Bahamas,2024,26.524993896484375,-77.12500762939453,188.34909608960152,0.0005862162261540266,2024,2024
BHS,Bahamas,2024,26.524993896484375,-77.07500457763672,5927.5011168420315,0.018448707253608913,2024,2024
BHS,Bahamas,2024,26.574996948242188,-78.82500457763672,1484.4449784457684,0.004620174724830105,2024,2024
BHS,Bahamas,2024,26.574996948242188,-78.7750015258789,0.0,0.0,2024,2024
BHS,Bahamas,2024,26.574996948242188,-78.67500305175781,639.7325489521027,0.0019910984888198893,2024,2024
BHS,Bahamas,2024,26.574996948242188,-78.62500762939453,1266.5635576099332,0.003942042326410211,2024,2024
BHS,Bahamas,2024,26.574996948242188,-78.57500457763672,1875.3081979156168,0.005836694295229453,2024,2024
BHS,Bahamas,2024,26.574996948242188,-78.5250015258789,74.49653521180153,0.00023186242270383726,2024,2024
BHS,Bahamas,2024,26.574996948242188,-77.87500762939453,0.0,0.0,2024,2024
BHS,Bahamas,2024,26.574996948242188,-77.17500305175781,10.927613265812397,3.4011016471816685e-05,2024,2024
BHS,Bahamas,2024,26.625,-78.87500762939453,138.78362640738487,0.0004319490531868769,2024,2024
BHS,Bahamas,2024,26.625,-78.57500457763672,0.0,0.0,2024,2024
BHS,Bahamas,2024,26.625,-78.5250015258789,1.6729899942998767,5.207000730098354e-06,2024,2024
BHS,Bahamas,2024,26.625,-78.47500610351562,4.11687695980072,1.2813335051880186e-05,2024,2024
BHS,Bahamas,2024,26.625,-78.42500305175781,3.128713943066348,9.737784350965604e-06,2024,2024
BHS,Bahamas,2024,26.625,-78.37500762939453,117.23580661416497,0.0003648837905268466,2024,2024
BHS,Bahamas,2024,26.625,-78.32500457763672,62.959939774137005,0.00019595601497190854,2024,2024
BHS,Bahamas,2024,26.625,-78.2750015258789,126.6083995029339,0.0003940549739654887,2024,2024
BHS,Bahamas,2024,26.625,-78.22500610351562,134.82229152321815,0.00041961982605204744,2024,2024
BHS,Bahamas,2024,26.625,-77.32500457763672,0.0,0.0,2024,2024
BHS,Bahamas,2024,26.625,-77.2750015258789,87.39727820459132,0.00027201459241862333,2024,2024
BHS,Bahamas,2024,26.67499542236328,-78.57500457763672,0.0,0.0,2024,2024
BHS,Bahamas,2024,26.67499542236328,-78.5250015258789,2.0823010057249536,6.480937061211669e-06,2024,2024
BHS,Bahamas,2024,26.67499542236328,-78.47500610351562,0.06077900156378746,1.891680802608334e-07,2024,2024
BHS,Bahamas,2024,26.67499542236328,-78.42500305175781,0.11876799911260605,3.696525742525213e-07,2024,2024
BHS,Bahamas,2024,26.67499542236328,-78.37500762939453,0.0,0.0,2024,2024
BHS,Bahamas,2024,26.67499542236328,-78.32500457763672,1.0690059661868296,3.3271656527412436e-06,2024,2024
BHS,Bahamas,2024,26.67499542236328,-78.2750015258789,0.0,0.0,2024,2024
BHS,Bahamas,2024,26.67499542236328,-78.22500610351562,0.3938339948654175,1.2257657880733276e-06,2024,2024
BHS,Bahamas,2024,26.67499542236328,-78.17500305175781,3.314570952212065,1.031624422556912e-05,2024,2024
BHS,Bahamas,2024,26.67499542236328,-78.12500762939453,6.092384245266962,1.896188818894906e-05,2024,2024
BHS,Bahamas,2024,26.67499542236328,-78.07500457763672,2.216525931842625,6.8986976519345075e-06,2024,2024
BHS,Bahamas,2024,26.67499542236328,-78.0250015258789,1.8185939788974934,5.66017741178096e-06,2024,2024
BHS,Bahamas,2024,26.67499542236328,-77.97500610351562,35.567166263237866,0.00011069896492579565,2024,2024
BHS,Bahamas,2024,26.67499542236328,-77.92500305175781,6.321331024169922,1.9674460319663004e-05,2024,2024
BHS,Bahamas,2024,26.67499542236328,-77.32500457763672,802.7066236734885,0.002498337700621924,2024,2024
BHS,Bahamas,2024,26.67499542236328,-77.2750015258789,1522.7850339114666,0.004739504008018943,2024,2024
BHS,Bahamas,2024,26.724998474121094,-78.62500762939453,0.0,0.0,2024,2024
BHS,Bahamas,2024,26.724998474121094,-78.57500457763672,0.0,0.0,2024,2024
BHS,Bahamas,2024,26.724998474121094,-78.5250015258789,0.0,0.0,2024,2024
BHS,Bahamas,2024,26.724998474121094,-78.0250015258789,0.0,0.0,2024,2024
BHS,Bahamas,2024,26.724998474121094,-77.97500610351562,0.0,0.0,2024,2024
BHS,Bahamas,2024,26.724998474121094,-77.92500305175781,0.0,0.0,2024,2024
BHS,Bahamas,2024,26.724998474121094,-77.42500305175781,38.36945796016386,0.0001194207952783726,2024,2024
BHS,Bahamas,2024,26.724998474121094,-77.37500762939453,218.29992951457382,0.0006794349614974794,2024,2024
BHS,Bahamas,2024,26.774993896484375,-78.57500457763672,0.0,0.0,2024,2024
BHS,Bahamas,2024,26.774993896484375,-77.42500305175781,27.706857606768608,8.62346028838924e-05,2024,2024
BHS,Bahamas,2024,26.824996948242188,-77.47500610351562,7.84712590277195,2.4423332144318407e-05,2024,2024
BHS,Bahamas,2024,26.875,-77.67500305175781,17.967775344848633,5.592276083995521e-05,2024,2024
BHS,Bahamas,2024,26.875,-77.62500762939453,41.297655783620144,0.00012853449485610976,2024,2024
BHS,Bahamas,2024,26.875,-77.57500457763672,10.046946167945862,3.127003521240176e-05,2024,2024
BHS,Bahamas,2024,26.875,-77.5250015258789,437.9837684650514,0.001363177191698115,2024,2024
BHS,Bahamas,2024,26.92499542236328,-77.87500762939453,0.0,0.0,2024,2024
BHS,Bahamas,2024,26.92499542236328,-77.82500457763672,120.41061747819765,0.0003747650465673888,2024,2024
BHS,Bahamas,2024,26.92499542236328,-77.7750015258789,151.04677419364452,0.00047011677666036967,2024,2024
