iso3,country,year,lat,lon,pop_count,pop_share,rainfall_year,population_weight_year
JAM,Jamaica,2007,17.724998474121094,-77.22500610351562,37.25282335296532,1.4541913742507582e-05,2007,2015
JAM,Jamaica,2007,17.724998474121094,-77.17500305175781,32.723720908220024,1.2773945273153332e-05,2007,2015
JAM,Jamaica,2007,17.774993896484375,-77.2750015258789,2872.108346313318,0.0011211486290716218,2007,2015
JAM,Jamaica,2007,17.774993896484375,-77.22500610351562,4467.529142856627,0.0017439328778388707,2007,2015
JAM,Jamaica,2007,17.824996948242188,-77.32500457763672,782.8450663687883,0.000305589332680106,2007,2015
JAM,Jamaica,2007,17.824996948242188,-77.2750015258789,6733.9551615715845,0.0026286489530650005,2007,2015
JAM,Jamaica,2007,17.824996948242188,-77.22500610351562,4500.335195705295,0.0017567389619908655,2007,2015
JAM,Jamaica,2007,17.824996948242188,-77.17500305175781,1337.5758312941307,0.0005221325690793268,2007,2015
JAM,Jamaica,2007,17.875,-77.72500610351562,3386.7889660001156,0.0013220579965445706,2007,2015
JAM,Jamaica,2007,17.875,-77.67500305175781,6254.112588763237,0.0024413388735671877,2007,2015
JAM,Jamaica,2007,17.875,-77.62500762939453,6811.496182441711,0.002658917661192585,2007,2015
JAM,Jamaica,2007,17.875,-77.57500457763672,7793.393462181091,0.0030422084902039736,2007,2015
JAM,Jamaica,2007,17.875,-77.5250015258789,3077.5111001729965,0.001201329105616984,2007,2015
JAM,Jamaica,2007,17.875,-77.47500610351562,2019.0539751648903,0.0007881525775945719,2007,2015
JAM,Jamaica,2007,17.875,-77.42500305175781,399.28233566880226,0.0001558627980807929,2007,2015
JAM,Jamaica,2007,17.875,-77.37500762939453,2982.2755010724363,0.0011641531886612524,2007,2015
JAM,Jamaica,2007,17.875,-77.32500457763672,4491.612653493881,0.0017533340534487145,2007,2015
JAM,Jamaica,2007,17.875,-77.2750015258789,2482.307016670704,0.0009689868114646765,2007,2015
JAM,Jamaica,2007,17.875,-77.22500610351562,10273.295089721683,0.004010256340320249,2007,2015
JAM,Jamaica,2007,17.875,-77.17500305175781,563.1533727645874,0.0002198310633519534,2007,2015
JAM,Jamaica,2007,17.875,-77.0250015258789,8.879753857853213,3.4662772652726126e-06,2007,2015
JAM,Jamaica,2007,17.875,-76.97500610351562,3.279618024856661,1.2802230309892036e-06,2007,2015
JAM,Jamaica,2007,17.875,-76.92500305175781,3195.7405979635796,0.0012474808601404112,2007,2015
JAM,Jamaica,2007,17.875,-76.57500457763672,11160.83635520958,0.0043567146047946825,2007,2015
JAM,Jamaica,2007,17.875,-76.5250015258789,1720.2556212246418,0.0006715144412516395,2007,2015
JAM,Jamaica,2007,17.875,-76.47500610351562,3135.06047648248,0.0012237939281701182,2007,2015
JAM,Jamaica,2007,17.875,-76.42500305175781,7664.432469070079,0.002991867617508235,2007,2015
JAM,Jamaica,2007,17.875,-76.37500762939453,10348.328077375889,0.00403954601922517,2007,2015
JAM,Jamaica,2007,17.92499542236328,-77.7750015258789,2946.988478243351,0.0011503786396197336,2007,2015
JAM,Jamaica,2007,17.92499542236328,-77.72500610351562,3677.5523229837418,0.0014355596126952633,2007,2015
JAM,Jamaica,2007,17.92499542236328,-77.67500305175781,4508.124064922333,0.0017597794044086836,2007,2015
JAM,Jamaica,2007,17.92499542236328,-77.62500762939453,8277.670184135437,0.003231249472452205,2007,2015
JAM,Jamaica,2007,17.92499542236328,-77.57500457763672,8711.530037879944,0.003400609859172729,2007,2015
JAM,Jamaica,2007,17.92499542236328,-77.5250015258789,2894.978051662445,0.0011300759868547493,2007,2015
JAM,Jamaica,2007,17.92499542236328,-77.47500610351562,3420.008719444275,0.0013350255717684732,2007,2015
JAM,Jamaica,2007,17.92499542236328,-77.42500305175781,5296.849600315094,0.0020676642214471665,2007,2015
JAM,Jamaica,2007,17.92499542236328,-77.37500762939453,1533.131218135357,0.0005984690534414295,2007,2015
JAM,Jamaica,2007,17.92499542236328,-77.32500457763672,3186.089334487915,0.0012437134184182213,2007,2015
JAM,Jamaica,2007,17.92499542236328,-77.2750015258789,2686.602597236877,0.0010487350947671371,2007,2015
JAM,Jamaica,2007,17.92499542236328,-77.22500610351562,16382.214745163918,0.006394918083878508,2007,2015
JAM,Jamaica,2007,17.92499542236328,-77.17500305175781,21507.020120620902,0.00839542357606431,2007,2015
JAM,Jamaica,2007,17.92499542236328,-77.12500762939453,27331.380294680625,0.010669005431967617,2007,2015
JAM,Jamaica,2007,17.92499542236328,-77.07500457763672,11773.991279602296,0.004596064141790323,2007,2015
JAM,Jamaica,2007,17.92499542236328,-77.0250015258789,657.3043057919134,0.0002565835729238487,2007,2015
JAM,Jamaica,2007,17.92499542236328,-76.97500610351562,1229.8702009916306,0.0004800888836759036,2007,2015
JAM,Jamaica,2007,17.92499542236328,-76.92500305175781,37883.45784521103,0.014788086557448255,2007,2015
JAM,Jamaica,2007,17.92499542236328,-76.62500762939453,2744.2979559898376,0.0010712569026413796,2007,2015
JAM,Jamaica,2007,17.92499542236328,-76.57500457763672,3113.8665415346622,0.0012155207196952779,2007,2015
JAM,Jamaica,2007,17.92499542236328,-76.5250015258789,1550.9894043803215,0.0006054401278620543,2007,2015
JAM,Jamaica,2007,17.92499542236328,-76.47500610351562,6492.041020393548,0.00253421598778953,2007,2015
JAM,Jamaica,2007,17.92499542236328,-76.42500305175781,5403.5474314690455,0.002109314505036474,2007,2015
JAM,Jamaica,2007,17.92499542236328,-76.37500762939453,2983.7575629353523,0.0011647317224160601,2007,2015
JAM,Jamaica,2007,17.92499542236328,-76.32500457763672,2717.966880828201,0.0010609783736794257,2007,2015
JAM,Jamaica,2007,17.92499542236328,-76.2750015258789,5260.613334923983,0.0020535191285860044,2007,2015
JAM,Jamaica,2007,17.92499542236328,-76.22500610351562,1046.057366401007,0.00040833619099925865,2007,2015
JAM,Jamaica,2007,17.974998474121094,-77.82500457763672,1743.0253016352654,0.0006804027535639302,2007,2015
JAM,Jamaica,2007,17.974998474121094,-77.7750015258789,3171.5928962828475,0.0012380546270843585,2007,2015
JAM,Jamaica,2007,17.974998474121094,-77.72500610351562,4074.59511500597,0.001590548188432625,2007,2015
JAM,Jamaica,2007,17.974998474121094,-77.67500305175781,2871.9228999614716,0.001121076238723463,2007,2015
JAM,Jamaica,2007,17.974998474121094,-77.62500762939453,3527.836991786957,0.0013771171313948143,2007,2015
JAM,Jamaica,2007,17.974998474121094,-77.57500457763672,6822.9962792396545,0.0026634068086078466,2007,2015
JAM,Jamaica,2007,17.974998474121094,-77.5250015258789,7615.111698150635,0.002972614891624106,2007,2015
JAM,Jamaica,2007,17.974998474121094,-77.47500610351562,7303.96382522583,0.0028511560296643973,2007,2015
JAM,Jamaica,2007,17.974998474121094,-77.42500305175781,3141.621869325655,0.0012263552161522963,2007,2015
JAM,Jamaica,2007,17.974998474121094,-77.37500762939453,2506.170512288809,0.0009783021025926862,2007,2015
JAM,Jamaica,2007,17.974998474121094,-77.32500457763672,7943.978297472,0.0031009903888263176,2007,2015
JAM,Jamaica,2007,17.974998474121094,-77.2750015258789,23560.999534606934,0.009197209555721973,2007,2015
JAM,Jamaica,2007,17.974998474121094,-77.22500610351562,32934.7033816576,0.012856303834297556,2007,2015
JAM,Jamaica,2007,17.974998474121094,-77.17500305175781,3862.6260957718164,0.001507804521876634,2007,2015
JAM,Jamaica,2007,17.974998474121094,-77.12500762939453,10877.242417395122,0.0042460116241770365,2007,2015
JAM,Jamaica,2007,17.974998474121094,-77.07500457763672,3330.2643093174165,0.0012999931808387502,2007,2015
JAM,Jamaica,2007,17.974998474121094,-77.0250015258789,4189.095424473286,0.0016352442268506523,2007,2015
JAM,Jamaica,2007,17.974998474121094,-76.97500610351562,55943.26543241739,0.021837865352765634,2007,2015
JAM,Jamaica,2007,17.974998474121094,-76.92500305175781,50207.45789241791,0.01959885066923406,2007,2015
JAM,Jamaica,2007,17.974998474121094,-76.87500762939453,131112.0196158886,0.05118054172150276,2007,2015
JAM,Jamaica,2007,17.974998474121094,-76.7750015258789,132005.9269117117,0.0515294850127667,2007,2015
JAM,Jamaica,2007,17.974998474121094,-76.72500610351562,26517.37609457972,0.010351252902132478,2007,2015
JAM,Jamaica,2007,17.974998474121094,-76.67500305175781,2310.01426172274,0.0009017310666537841,2007,2015
JAM,Jamaica,2007,17.974998474121094,-76.62500762939453,1440.882320404289,0.0005624590173446671,2007,2015
JAM,Jamaica,2007,17.974998474121094,-76.57500457763672,1862.6867088079453,0.0007271134644522011,2007,2015
JAM,Jamaica,2007,17.974998474121094,-76.5250015258789,3302.0119148499234,0.0012889646507466038,2007,2015
JAM,Jamaica,2007,17.974998474121094,-76.47500610351562,1404.0370185375468,0.0005480761826132919,2007,2015
JAM,Jamaica,2007,17.974998474121094,-76.42500305175781,1408.0425560475078,0.0005496397736573944,2007,2015
JAM,Jamaica,2007,17.974998474121094,-76.37500762939453,1252.0490500928295,0.0004887465606385828,2007,2015
JAM,Jamaica,2007,17.974998474121094,-76.32500457763672,847.0189888482618,0.0003306400955812913,2007,2015
JAM,Jamaica,2007,17.974998474121094,-76.2750015258789,2402.0535790922672,0.0009376592915140995,2007,2015
JAM,Jamaica,2007,18.024993896484375,-77.82500457763672,1944.3338215351182,0.0007589850157532606,2007,2015
JAM,Jamaica,2007,18.024993896484375,-77.7750015258789,3687.562673717953,0.0014394672267713804,2007,2015
JAM,Jamaica,2007,18.024993896484375,-77.72500610351562,4827.434100151062,0.0018844244264897717,2007,2015
JAM,Jamaica,2007,18.024993896484375,-77.67500305175781,5825.073078632355,0.0022738601434495586,2007,2015
JAM,Jamaica,2007,18.024993896484375,-77.62500762939453,3277.1519998908043,0.0012792603999960952,2007,2015
JAM,Jamaica,2007,18.024993896484375,-77.57500457763672,5741.18874168396,0.002241115275209823,2007,2015
JAM,Jamaica,2007,18.024993896484375,-77.5250015258789,27300.973915100098,0.01065713607793524,2007,2015
JAM,Jamaica,2007,18.024993896484375,-77.47500610351562,16058.532822012901,0.006268566463173862,2007,2015
JAM,Jamaica,2007,18.024993896484375,-77.42500305175781,7152.399000167847,0.0027919915848246477,2007,2015
JAM,Jamaica,2007,18.024993896484375,-77.37500762939453,5199.399606227875,0.0020296238991124723,2007,2015
JAM,Jamaica,2007,18.024993896484375,-77.32500457763672,4047.8562272787094,0.0015801104668345526,2007,2015
JAM,Jamaica,2007,18.024993896484375,-77.2750015258789,1188.449056118744,0.0004639198349530642,2007,2015
JAM,Jamaica,2007,18.024993896484375,-77.22500610351562,2752.3998178243637,0.0010744195240307733,2007,2015
JAM,Jamaica,2007,18.024993896484375,-77.17500305175781,3054.1369990110397,0.0011922048532164269,2007,2015
JAM,Jamaica,2007,18.024993896484375,-77.12500762939453,3552.553558051595,0.0013867654249275173,2007,2015
JAM,Jamaica,2007,18.024993896484375,-77.07500457763672,4456.663898527958,0.0017396915497569227,2007,2015
JAM,Jamaica,2007,18.024993896484375,-77.0250015258789,12908.620754987001,0.005038975107341009,2007,2015
JAM,Jamaica,2007,18.024993896484375,-76.97500610351562,68851.36805057526,0.026876638201582374,2007,2015
JAM,Jamaica,2007,18.024993896484375,-76.92500305175781,21772.016379833854,0.008498866815977968,2007,2015
JAM,Jamaica,2007,18.024993896484375,-76.87500762939453,18716.538140417113,0.007306138399698875,2007,2015
JAM,Jamaica,2007,18.024993896484375,-76.82500457763672,213359.7537841797,0.08328655002212672,2007,2015
JAM,Jamaica,2007,18.024993896484375,-76.7750015258789,80815.8085861206,0.03154704561196225,2007,2015
JAM,Jamaica,2007,18.024993896484375,-76.72500610351562,23586.476266860962,0.00920715458564276,2007,2015
JAM,Jamaica,2007,18.024993896484375,-76.67500305175781,7080.929918766022,0.0027640931029524313,2007,2015
JAM,Jamaica,2007,18.024993896484375,-76.62500762939453,3160.290864646435,0.0012336427958624782,2007,2015
JAM,Jamaica,2007,18.024993896484375,-76.57500457763672,321.131494164482,0.00012535604198092955,2007,2015
JAM,Jamaica,2007,18.024993896484375,-76.5250015258789,12.716045051822269,4.963801764429769e-06,2007,2015
JAM,Jamaica,2007,18.024993896484375,-76.47500610351562,0.0,0.0,2007,2015
JAM,Jamaica,2007,18.024993896484375,-76.42500305175781,282.9625854494288,0.00011045652757578132,2007,2015
JAM,Jamaica,2007,18.024993896484375,-76.37500762939453,196.20182874798775,7.658882771762779e-05,2007,2015
JAM,Jamaica,2007,18.024993896484375,-76.32500457763672,595.8416051864624,0.00023259115543329916,2007,2015
JAM,Jamaica,2007,18.024993896484375,-76.2750015258789,4987.002027511616,0.001946712941208836,2007,2015
JAM,Jamaica,2007,18.074996948242188,-77.97500610351562,3850.3797376155853,0.0015030240658483638,2007,2015
JAM,Jamaica,2007,18.074996948242188,-77.92500305175781,2937.7323222757814,0.0011467654310209582,2007,2015
JAM,Jamaica,2007,18.074996948242188,-77.87500762939453,5138.363800048828,0.002005798123002822,2007,2015
JAM,Jamaica,2007,18.074996948242188,-77.82500457763672,1016.2765542268877,0.00039671103180757584,2007,2015
JAM,Jamaica,2007,18.074996948242188,-77.7750015258789,4980.63054072858,0.001944225784454768,2007,2015
JAM,Jamaica,2007,18.074996948242188,-77.72500610351562,4176.773107588291,0.0016304341197736227,2007,2015
JAM,Jamaica,2007,18.074996948242188,-77.67500305175781,4754.5580460727215,0.0018559767224792462,2007,2015
JAM,Jamaica,2007,18.074996948242188,-77.62500762939453,1733.8478590846062,0.0006768202713267046,2007,2015
JAM,Jamaica,2007,18.074996948242188,-77.57500457763672,3090.1998929977417,0.0012062822692740227,2007,2015
JAM,Jamaica,2007,18.074996948242188,-77.5250015258789,11286.097254276368,0.004405611118550953,2007,2015
JAM,Jamaica,2007,18.074996948242188,-77.47500610351562,10831.245708465576,0.004228056470352717,2007,2015
JAM,Jamaica,2007,18.074996948242188,-77.42500305175781,4006.0844094753265,0.0015638045303526622,2007,2015
JAM,Jamaica,2007,18.074996948242188,-77.37500762939453,3721.6975351572037,0.001452792021135524,2007,2015
JAM,Jamaica,2007,18.074996948242188,-77.32500457763672,3306.8131588101387,0.0012908388516592343,2007,2015
JAM,Jamaica,2007,18.074996948242188,-77.2750015258789,7471.016190588658,0.0029163661498362616,2007,2015
JAM,Jamaica,2007,18.074996948242188,-77.22500610351562,3155.535576224327,0.0012317865340323389,2007,2015
JAM,Jamaica,2007,18.074996948242188,-77.17500305175781,3015.2239071130753,0.0011770148414293224,2007,2015
JAM,Jamaica,2007,18.074996948242188,-77.12500762939453,4788.171778678894,0.0018690980903683667,2007,2015
JAM,Jamaica,2007,18.074996948242188,-77.07500457763672,2939.8488038778305,0.0011475916151896853,2007,2015
JAM,Jamaica,2007,18.074996948242188,-77.0250015258789,1992.6495432257652,0.0007778454132746867,2007,2015
JAM,Jamaica,2007,18.074996948242188,-76.97500610351562,1749.8922638299207,0.0006830833227911695,2007,2015
JAM,Jamaica,2007,18.074996948242188,-76.92500305175781,3386.793187767267,0.0013220596445424465,2007,2015
JAM,Jamaica,2007,18.074996948242188,-76.87500762939453,11947.552815198898,0.004663815164464475,2007,2015
JAM,Jamaica,2007,18.074996948242188,-76.82500457763672,28589.824726104736,0.011160248476773018,2007,2015
JAM,Jamaica,2007,18.074996948242188,-76.7750015258789,16741.63724960387,0.0065352213035072505,2007,2015
JAM,Jamaica,2007,18.074996948242188,-76.72500610351562,5527.171629905766,0.0021575721206571795,2007,2015
JAM,Jamaica,2007,18.074996948242188,-76.67500305175781,4888.974880218804,0.00190844732287302,2007,2015
JAM,Jamaica,2007,18.074996948242188,-76.62500762939453,379.8402948379663,0.0001482734543668534,2007,2015
JAM,Jamaica,2007,18.074996948242188,-76.57500457763672,18.035227358341217,7.0401837220918836e-06,2007,2015
JAM,Jamaica,2007,18.074996948242188,-76.5250015258789,1.2353800535202026,4.822396951579024e-07,2007,2015
JAM,Jamaica,2007,18.074996948242188,-76.47500610351562,343.21589839458466,0.00013397685169314858,2007,2015
JAM,Jamaica,2007,18.074996948242188,-76.42500305175781,2127.7310907244682,0.0008305754894173374,2007,2015
JAM,Jamaica,2007,18.074996948242188,-76.37500762939453,1.375702977180481,5.370157810569546e-07,2007,2015
JAM,Jamaica,2007,18.074996948242188,-76.32500457763672,823.782040089516,0.0003215693816306438,2007,2015
JAM,Jamaica,2007,18.125,-78.0250015258789,1086.3566074371836,0.0004240672963032532,2007,2015
JAM,Jamaica,2007,18.125,-77.97500610351562,4059.871194124222,0.0015848005975618556,2007,2015
JAM,Jamaica,2007,18.125,-77.92500305175781,2409.122631788254,0.0009404187482557344,2007,2015
JAM,Jamaica,2007,18.125,-77.87500762939453,3314.623690366745,0.0012938877501307178,2007,2015
JAM,Jamaica,2007,18.125,-77.82500457763672,3483.002028644085,0.0013596154735877088,2007,2015
JAM,Jamaica,2007,18.125,-77.7750015258789,3079.0873334407806,0.0012019443998726974,2007,2015
JAM,Jamaica,2007,18.125,-77.72500610351562,1997.503375232382,0.0007797401423182298,2007,2015
JAM,Jamaica,2007,18.125,-77.67500305175781,910.4529508054353,0.00035540200944716467,2007,2015
JAM,Jamaica,2007,18.125,-77.62500762939453,2313.190209031105,0.0009029708210576692,2007,2015
JAM,Jamaica,2007,18.125,-77.57500457763672,3173.6743209958076,0.001238867126538443,2007,2015
JAM,Jamaica,2007,18.125,-77.5250015258789,4909.338473320067,0.0019163964012975019,2007,2015
JAM,Jamaica,2007,18.125,-77.47500610351562,9300.222560286522,0.0036304103175321956,2007,2015
JAM,Jamaica,2007,18.125,-77.42500305175781,5065.999526381493,0.0019775501962419678,2007,2015
JAM,Jamaica,2007,18.125,-77.37500762939453,4895.9724115135095,0.0019111788607093327,2007,2015
JAM,Jamaica,2007,18.125,-77.32500457763672,5215.0324639081955,0.0020357263001515072,2007,2015
JAM,Jamaica,2007,18.125,-77.2750015258789,5140.837053775787,0.0020067635757960237,2007,2015
JAM,Jamaica,2007,18.125,-77.22500610351562,4181.0271885407665,0.001632094731579563,2007,2015
JAM,Jamaica,2007,18.125,-77.17500305175781,1922.4907034635544,0.0007504583938686724,2007,2015
JAM,Jamaica,2007,18.125,-77.12500762939453,2424.8122565299273,0.0009465433087349221,2007,2015
JAM,Jamaica,2007,18.125,-77.07500457763672,2909.1824957729855,0.0011356207961450043,2007,2015
JAM,Jamaica,2007,18.125,-77.0250015258789,17934.782685279846,0.007000974404781534,2007,2015
JAM,Jamaica,2007,18.125,-76.97500610351562,5008.344045042992,0.001955043954809921,2007,2015
JAM,Jamaica,2007,18.125,-76.92500305175781,2802.927964001894,0.0010941435577320733,2007,2015
JAM,Jamaica,2007,18.125,-76.87500762939453,12743.135047912598,0.004974376543761202,2007,2015
JAM,Jamaica,2007,18.125,-76.82500457763672,15766.188570737839,0.006154447733302572,2007,2015
JAM,Jamaica,2007,18.125,-76.7750015258789,3681.0645376443863,0.0014369306315347307,2007,2015
JAM,Jamaica,2007,18.125,-76.72500610351562,1260.1870017651704,0.0004919232699617558,2007,2015
JAM,Jamaica,2007,18.125,-76.67500305175781,272.4658896923065,0.00010635906514091685,2007,2015
JAM,Jamaica,2007,18.125,-76.62500762939453,203.9064043762364,7.959636551273828e-05,2007,2015
JAM,Jamaica,2007,18.125,-76.57500457763672,187.4562919139862,7.31749430553301e-05,2007,2015
JAM,Jamaica,2007,18.125,-76.5250015258789,1331.6091477871166,0.0005198034302630353,2007,2015
JAM,Jamaica,2007,18.125,-76.47500610351562,2747.9163507227645,0.0010726693696534505,2007,2015
JAM,Jamaica,2007,18.125,-76.42500305175781,1308.2166427373886,0.0005106719937694509,2007,2015
JAM,Jamaica,2007,18.125,-76.37500762939453,903.9423410892487,0.0003528605450323237,2007,2015
JAM,Jamaica,2007,18.17499542236328,-78.0250015258789,3165.5393142700195,0.0012356915667968292,2007,2015
JAM,Jamaica,2007,18.17499542236328,-77.97500610351562,3168.678978919983,0.001236917157998,2007,2015
JAM,Jamaica,2007,18.17499542236328,-77.92500305175781,4011.6288945674896,0.0015659688609107227,2007,2015
JAM,Jamaica,2007,18.17499542236328,-77.87500762939453,3320.21787750721,0.0012960714822490946,2007,2015
JAM,Jamaica,2007,18.17499542236328,-77.82500457763672,702.2933917045781,0.0002741453936883454,2007,2015
JAM,Jamaica,2007,18.17499542236328,-77.7750015258789,2998.3154708744905,0.0011704145089129784,2007,2015
JAM,Jamaica,2007,18.17499542236328,-77.72500610351562,5126.696618974209,0.002001243753010572,2007,2015
JAM,Jamaica,2007,18.17499542236328,-77.67500305175781,2155.636859089449,0.0008414687114595171,2007,2015
JAM,Jamaica,2007,18.17499542236328,-77.62500762939453,4460.6405210494995,0.001741243853622508,2007,2015
JAM,Jamaica,2007,18.17499542236328,-77.57500457763672,3052.722190618515,0.0011916525723487104,2007,2015
JAM,Jamaica,2007,18.17499542236328,-77.5250015258789,6897.860792756081,0.00269263072239327,2007,2015
JAM,Jamaica,2007,18.17499542236328,-77.47500610351562,29441.10595703125,0.011492552369915754,2007,2015
JAM,Jamaica,2007,18.17499542236328,-77.42500305175781,8337.348487138748,0.0032545453372072263,2007,2015
JAM,Jamaica,2007,18.17499542236328,-77.37500762939453,5003.752392292023,0.001953251569368219,2007,2015
JAM,Jamaica,2007,18.17499542236328,-77.32500457763672,3894.0356826783654,0.001520065485271412,2007,2015
JAM,Jamaica,2007,18.17499542236328,-77.2750015258789,5329.977594375633,0.002080595977720408,2007,2015
JAM,Jamaica,2007,18.17499542236328,-77.22500610351562,4641.241324841976,0.00181174270643949,2007,2015
JAM,Jamaica,2007,18.17499542236328,-77.17500305175781,397.94500941072437,0.00015534076293445518,2007,2015
JAM,Jamaica,2007,18.17499542236328,-77.12500762939453,653.2399521470213,0.0002549970225686429,2007,2015
JAM,Jamaica,2007,18.17499542236328,-77.07500457763672,10272.415641784668,0.004009913041346103,2007,2015
JAM,Jamaica,2007,18.17499542236328,-77.0250015258789,13069.73504281044,0.005101867255246558,2007,2015
JAM,Jamaica,2007,18.17499542236328,-76.97500610351562,3122.0337935689495,0.0012187088666303603,2007,2015
JAM,Jamaica,2007,18.17499542236328,-76.92500305175781,2035.6309342384338,0.0007946235155601734,2007,2015
JAM,Jamaica,2007,18.17499542236328,-76.87500762939453,4215.572104811951,0.0016455795938649803,2007,2015
JAM,Jamaica,2007,18.17499542236328,-76.82500457763672,5044.217968195677,0.0019690476047118056,2007,2015
JAM,Jamaica,2007,18.17499542236328,-76.7750015258789,35.20541858691209,1.3742694225053877e-05,2007,2015
JAM,Jamaica,2007,18.17499542236328,-76.72500610351562,911.4114730358124,0.00035577617565363853,2007,2015
JAM,Jamaica,2007,18.17499542236328,-76.67500305175781,2058.2365587353825,0.0008034477874392597,2007,2015
JAM,Jamaica,2007,18.17499542236328,-76.62500762939453,2456.478136777878,0.0009589043181216004,2007,2015
JAM,Jamaica,2007,18.17499542236328,-76.57500457763672,3526.54194688797,0.00137661160108815,2007,2015
JAM,Jamaica,2007,18.17499542236328,-76.5250015258789,4217.786390006542,0.0016464439563858009,2007,2015
JAM,Jamaica,2007,18.17499542236328,-76.47500610351562,10986.265908122063,0.004288569746095386,2007,2015
JAM,Jamaica,2007,18.17499542236328,-76.42500305175781,11099.29676103592,0.004332692171333916,2007,2015
JAM,Jamaica,2007,18.224998474121094,-78.32500457763672,1714.9704136850075,0.000669451321594254,2007,2015
JAM,Jamaica,2007,18.224998474121094,-78.2750015258789,1897.4566927552223,0.0007406861835612731,2007,2015
JAM,Jamaica,2007,18.224998474121094,-78.22500610351562,5722.624983400106,0.0022338687755514533,2007,2015
JAM,Jamaica,2007,18.224998474121094,-78.17500305175781,2569.8585425913334,0.0010031631939068778,2007,2015
JAM,Jamaica,2007,18.224998474121094,-78.12500762939453,31718.7813038826,0.01238165970316468,2007,2015
JAM,Jamaica,2007,18.224998474121094,-78.07500457763672,3287.287734389305,0.0012832169585473123,2007,2015
JAM,Jamaica,2007,18.224998474121094,-78.0250015258789,1794.9849682451777,0.0007006855918006903,2007,2015
JAM,Jamaica,2007,18.224998474121094,-77.97500610351562,4139.638875961304,0.001615938499184077,2007,2015
JAM,Jamaica,2007,18.224998474121094,-77.92500305175781,2809.496814727783,0.001096707756953652,2007,2015
JAM,Jamaica,2007,18.224998474121094,-77.87500762939453,2585.898056864745,0.0010094243363396459,2007,2015
JAM,Jamaica,2007,18.224998474121094,-77.82500457763672,928.4259758293629,0.00036241791203026595,2007,2015
JAM,Jamaica,2007,18.224998474121094,-77.7750015258789,2040.2069007456303,0.000796409777761182,2007,2015
JAM,Jamaica,2007,18.224998474121094,-77.72500610351562,1091.8017982545662,0.0004261928666104382,2007,2015
JAM,Jamaica,2007,18.224998474121094,-77.67500305175781,565.9384661316886,0.000220918245043539,2007,2015
JAM,Jamaica,2007,18.224998474121094,-77.62500762939453,1661.1249838769436,0.0006484323618156045,2007,2015
JAM,Jamaica,2007,18.224998474121094,-77.57500457763672,2647.214574933215,0.0010333596904011154,2007,2015
JAM,Jamaica,2007,18.224998474121094,-77.5250015258789,5374.823352575302,0.0020981018494573758,2007,2015
JAM,Jamaica,2007,18.224998474121094,-77.47500610351562,5510.295352458954,0.0021509843415618633,2007,2015
JAM,Jamaica,2007,18.224998474121094,-77.42500305175781,2999.102029323578,0.0011707215477919299,2007,2015
JAM,Jamaica,2007,18.224998474121094,-77.37500762939453,3109.140193462372,0.001213675754943664,2007,2015
JAM,Jamaica,2007,18.224998474121094,-77.32500457763672,1098.1755421163107,0.0004286809044317903,2007,2015
JAM,Jamaica,2007,18.224998474121094,-77.2750015258789,781.0365877151489,0.0003048833797289105,2007,2015
JAM,Jamaica,2007,18.224998474121094,-77.22500610351562,1482.4800940752618,0.0005786970144186658,2007,2015
JAM,Jamaica,2007,18.224998474121094,-77.17500305175781,1016.902143478438,0.0003969552351756827,2007,2015
JAM,Jamaica,2007,18.224998474121094,-77.12500762939453,319.5615915663611,0.00012474321894870706,2007,2015
JAM,Jamaica,2007,18.224998474121094,-77.07500457763672,1048.8121374848683,0.0004094115361644374,2007,2015
JAM,Jamaica,2007,18.224998474121094,-77.0250015258789,3740.8646018505096,0.0014602740266713207,2007,2015
JAM,Jamaica,2007,18.224998474121094,-76.97500610351562,4075.4677126407623,0.001590888813340886,2007,2015
JAM,Jamaica,2007,18.224998474121094,-76.92500305175781,3030.010111987591,0.0011827867453150216,2007,2015
JAM,Jamaica,2007,18.224998474121094,-76.87500762939453,4209.7218544483185,0.001643295905583049,2007,2015
JAM,Jamaica,2007,18.224998474121094,-76.82500457763672,2207.902637243271,0.0008618710425901432,2007,2015
JAM,Jamaica,2007,18.224998474121094,-76.7750015258789,1918.1124982239983,0.0007487493292338292,2007,2015
JAM,Jamaica,2007,18.224998474121094,-76.72500610351562,2714.0036773085963,0.0010594313080199982,2007,2015
JAM,Jamaica,2007,18.224998474121094,-76.67500305175781,8372.77447748185,0.0032683741332405146,2007,2015
JAM,Jamaica,2007,18.224998474121094,-76.62500762939453,2487.023796320553,0.0009708280411121755,2007,2015
JAM,Jamaica,2007,18.274993896484375,-78.32500457763672,10916.31903886836,0.004261265470937277,2007,2015
JAM,Jamaica,2007,18.274993896484375,-78.2750015258789,2180.13681906553,0.0008510324511334578,2007,2015
JAM,Jamaica,2007,18.274993896484375,-78.22500610351562,2813.137803138108,0.001098129043573964,2007,2015
JAM,Jamaica,2007,18.274993896484375,-78.17500305175781,2633.550939768719,0.0010280259898628077,2007,2015
JAM,Jamaica,2007,18.274993896484375,-78.12500762939453,4552.583830833454,0.0017771346012152671,2007,2015
JAM,Jamaica,2007,18.274993896484375,-78.07500457763672,10955.058003485374,0.004276387510858845,2007,2015
JAM,Jamaica,2007,18.274993896484375,-78.0250015258789,4200.405325174332,0.0016396591298198215,2007,2015
JAM,Jamaica,2007,18.274993896484375,-77.97500610351562,4215.140975415707,0.0016454112993324384,2007,2015
JAM,Jamaica,2007,18.274993896484375,-77.92500305175781,5167.0558769106865,0.0020169982863532687,2007,2015
JAM,Jamaica,2007,18.274993896484375,-77.87500762939453,2348.6299627423396,0.0009168049897229944,2007,2015
JAM,Jamaica,2007,18.274993896484375,-77.82500457763672,869.5739732683285,0.00033944459973370215,2007,2015
JAM,Jamaica,2007,18.274993896484375,-77.7750015258789,23.020932763814926,8.986390517346272e-06,2007,2015
JAM,Jamaica,2007,18.274993896484375,-77.72500610351562,33.618502021093796,1.3123229665333492e-05,2007,2015
JAM,Jamaica,2007,18.274993896484375,-77.67500305175781,43.381960123928415,1.693446738588887e-05,2007,2015
JAM,Jamaica,2007,18.274993896484375,-77.62500762939453,1034.4381461143635,0.00040380054285354267,2007,2015
JAM,Jamaica,2007,18.274993896484375,-77.57500457763672,3706.0839977264404,0.001446697161898083,2007,2015
JAM,Jamaica,2007,18.274993896484375,-77.5250015258789,6309.876140832901,0.0024631065864862767,2007,2015
JAM,Jamaica,2007,18.274993896484375,-77.47500610351562,135.9617919921875,5.307368605847611e-05,2007,2015
JAM,Jamaica,2007,18.274993896484375,-77.42500305175781,432.33637005105976,0.00016876568364934157,2007,2015
JAM,Jamaica,2007,18.274993896484375,-77.37500762939453,2669.0009827019467,0.001041864175001657,2007,2015
JAM,Jamaica,2007,18.274993896484375,-77.32500457763672,2672.558784783304,0.0010432529892262813,2007,2015
JAM,Jamaica,2007,18.274993896484375,-77.2750015258789,1624.0184956789312,0.0006339475710777256,2007,2015
JAM,Jamaica,2007,18.274993896484375,-77.22500610351562,1317.2700949311256,0.0005142060754583965,2007,2015
JAM,Jamaica,2007,18.274993896484375,-77.17500305175781,887.6702960134355,0.0003465086324896242,2007,2015
JAM,Jamaica,2007,18.274993896484375,-77.12500762939453,4618.813044369221,0.0018029876621053372,2007,2015
JAM,Jamaica,2007,18.274993896484375,-77.07500457763672,1276.8472344279437,0.0004984267143857304,2007,2015
JAM,Jamaica,2007,18.274993896484375,-77.0250015258789,2939.758930757642,0.0011475565325558357,2007,2015
JAM,Jamaica,2007,18.274993896484375,-76.97500610351562,4346.392342567444,0.00169664623639003,2007,2015
JAM,Jamaica,2007,18.274993896484375,-76.92500305175781,3868.8436800243962,0.001510231601645357,2007,2015
JAM,Jamaica,2007,18.274993896484375,-76.87500762939453,9501.37095952034,0.0037089300754411976,2007,2015
JAM,Jamaica,2007,18.274993896484375,-76.82500457763672,2956.8238567710177,0.0011542179520073908,2007,2015
JAM,Jamaica,2007,18.274993896484375,-76.7750015258789,6309.091049104945,0.0024628001201527127,2007,2015
JAM,Jamaica,2007,18.324996948242188,-78.32500457763672,1118.3292827047408,0.00043654806538356535,2007,2015
JAM,Jamaica,2007,18.324996948242188,-78.2750015258789,2593.010409206152,0.0010122006954165167,2007,2015
JAM,Jamaica,2007,18.324996948242188,-78.22500610351562,1481.2005683779716,0.0005781975421465908,2007,2015
JAM,Jamaica,2007,18.324996948242188,-78.17500305175781,7862.1792469620705,0.0030690595274936363,2007,2015
JAM,Jamaica,2007,18.324996948242188,-78.12500762939453,3961.720260798931,0.0015464866584373091,2007,2015
JAM,Jamaica,2007,18.324996948242188,-78.07500457763672,3071.3367235064507,0.0011989188922474378,2007,2015
JAM,Jamaica,2007,18.324996948242188,-78.0250015258789,2538.021337911551,0.000990735306767443,2007,2015
JAM,Jamaica,2007,18.324996948242188,-77.97500610351562,4158.628134489059,0.001623351095993946,2007,2015
JAM,Jamaica,2007,18.324996948242188,-77.92500305175781,4591.1148364543915,0.001792175462812329,2007,2015
JAM,Jamaica,2007,18.324996948242188,-77.87500762939453,1229.3441937869102,0.00047988355289260953,2007,2015
JAM,Jamaica,2007,18.324996948242188,-77.82500457763672,2257.8181802630424,0.0008813559421406135,2007,2015
JAM,Jamaica,2007,18.324996948242188,-77.7750015258789,1170.9621360005583,0.00045709368699720635,2007,2015
JAM,Jamaica,2007,18.324996948242188,-77.72500610351562,0.8989480137825012,3.5091097261445786e-07,2007,2015
JAM,Jamaica,2007,18.324996948242188,-77.67500305175781,0.0,0.0,2007,2015
JAM,Jamaica,2007,18.324996948242188,-77.62500762939453,0.4943540096282959,1.9297472565137024e-07,2007,2015
JAM,Jamaica,2007,18.324996948242188,-77.57500457763672,456.64114475250244,0.00017825323131494223,2007,2015
JAM,Jamaica,2007,18.324996948242188,-77.5250015258789,1540.6795887054984,0.0006014156154425817,2007,2015
JAM,Jamaica,2007,18.324996948242188,-77.47500610351562,189.18924698233604,7.385141481922337e-05,2007,2015
JAM,Jamaica,2007,18.324996948242188,-77.42500305175781,2073.5125460773706,0.0008094108815154875,2007,2015
JAM,Jamaica,2007,18.324996948242188,-77.37500762939453,5409.0604157447815,0.0021114665390190254,2007,2015
JAM,Jamaica,2007,18.324996948242188,-77.32500457763672,2802.937780559253,0.0010941473896974793,2007,2015
JAM,Jamaica,2007,18.324996948242188,-77.2750015258789,1113.5294466020296,0.00043467441403847226,2007,2015
JAM,Jamaica,2007,18.324996948242188,-77.22500610351562,492.9337164163766,0.0001924203037440397,2007,2015
JAM,Jamaica,2007,18.324996948242188,-77.17500305175781,4858.612440466881,0.0018965951210760947,2007,2015
JAM,Jamaica,2007,18.324996948242188,-77.12500762939453,3760.2091400625077,0.0014678253095204668,2007,2015
JAM,Jamaica,2007,18.324996948242188,-77.07500457763672,2412.6226264238358,0.0009417849969184904,2007,2015
JAM,Jamaica,2007,18.324996948242188,-77.0250015258789,3147.741034448147,0.0012287438772893148,2007,2015
JAM,Jamaica,2007,18.324996948242188,-76.97500610351562,3964.501080751419,0.001547572171970052,2007,2015
JAM,Jamaica,2007,18.324996948242188,-76.92500305175781,5405.986257791519,0.002110266518838981,2007,2015
JAM,Jamaica,2007,18.324996948242188,-76.87500762939453,7694.861479282379,0.003003745805574266,2007,2015
JAM,Jamaica,2007,18.324996948242188,-76.82500457763672,2938.1663930418235,0.0011469348737388463,2007,2015
JAM,Jamaica,2007,18.375,-78.2750015258789,5332.706449270372,0.002081661206310443,2007,2015
JAM,Jamaica,2007,18.375,-78.22500610351562,4766.426508575678,0.0018606096641582946,2007,2015
JAM,Jamaica,2007,18.375,-78.17500305175781,2358.850486755371,0.0009207946464851819,2007,2015
JAM,Jamaica,2007,18.375,-78.12500762939453,2174.584545493126,0.0008488650802848191,2007,2015
JAM,Jamaica,2007,18.375,-78.07500457763672,1390.4499187171843,0.0005427723582097967,2007,2015
JAM,Jamaica,2007,18.375,-78.0250015258789,1853.3392190635473,0.0007234646030415077,2007,2015
JAM,Jamaica,2007,18.375,-77.97500610351562,2490.2924797534943,0.0009721039957447419,2007,2015
JAM,Jamaica,2007,18.375,-77.92500305175781,4097.872359275818,0.0015996346320325692,2007,2015
JAM,Jamaica,2007,18.375,-77.87500762939453,2337.9651798009872,0.000912641913218798,2007,2015
JAM,Jamaica,2007,18.375,-77.82500457763672,2754.7778052687645,0.0010753477889295059,2007,2015
JAM,Jamaica,2007,18.375,-77.7750015258789,337.52836060523987,0.00013175667946200623,2007,2015
JAM,Jamaica,2007,18.375,-77.72500610351562,2945.083488702774,0.0011496350129335904,2007,2015
JAM,Jamaica,2007,18.375,-77.67500305175781,1151.3191031813622,0.0004494258845814934,2007,2015
JAM,Jamaica,2007,18.375,-77.62500762939453,859.1752522886553,0.0003353853824742196,2007,2015
JAM,Jamaica,2007,18.375,-77.57500457763672,73.88084173202515,2.883993026545851e-05,2007,2015
JAM,Jamaica,2007,18.375,-77.5250015258789,166.2063086926937,6.487985572447492e-05,2007,2015
JAM,Jamaica,2007,18.375,-77.47500610351562,1282.9581188857555,0.0005008121431043528,2007,2015
JAM,Jamaica,2007,18.375,-77.42500305175781,2082.791310250759,0.00081303291539378,2007,2015
JAM,Jamaica,2007,18.375,-77.37500762939453,12942.736834049225,0.005052292569866059,2007,2015
JAM,Jamaica,2007,18.375,-77.32500457763672,2893.3673310875893,0.0011294472302249253,2007,2015
JAM,Jamaica,2007,18.375,-77.2750015258789,4358.765266240057,0.0017014760981990263,2007,2015
JAM,Jamaica,2007,18.375,-77.22500610351562,2490.153722047806,0.0009720498306531967,2007,2015
JAM,Jamaica,2007,18.375,-77.17500305175781,2317.529034614563,0.0009046645135539564,2007,2015
JAM,Jamaica,2007,18.375,-77.12500762939453,5033.2303209305755,0.001964758495742848,2007,2015
JAM,Jamaica,2007,18.375,-77.07500457763672,10580.49174785614,0.004130172816509221,2007,2015
JAM,Jamaica,2007,18.375,-77.0250015258789,6508.1040897369385,0.002540486325117208,2007,2015
JAM,Jamaica,2007,18.375,-76.97500610351562,4823.888867616798,0.0018830405188803557,2007,2015
JAM,Jamaica,2007,18.375,-76.92500305175781,8364.89543914858,0.0032652984926446137,2007,2015
JAM,Jamaica,2007,18.42499542236328,-78.22500610351562,3201.491738215089,0.0012497258600607153,2007,2015
JAM,Jamaica,2007,18.42499542236328,-78.17500305175781,12046.77025771141,0.004702545423298785,2007,2015
JAM,Jamaica,2007,18.42499542236328,-78.12500762939453,2416.657140374195,0.0009433598991293425,2007,2015
JAM,Jamaica,2007,18.42499542236328,-78.07500457763672,7734.557563602924,0.0030192414642156323,2007,2015
JAM,Jamaica,2007,18.42499542236328,-78.0250015258789,6002.714305192492,0.0023432037035141175,2007,2015
JAM,Jamaica,2007,18.42499542236328,-77.97500610351562,4567.470498621464,0.001782945721538564,2007,2015
JAM,Jamaica,2007,18.42499542236328,-77.92500305175781,18430.745000243187,0.007194576944256094,2007,2015
JAM,Jamaica,2007,18.42499542236328,-77.87500762939453,13583.115226865571,0.00530226898810067,2007,2015
JAM,Jamaica,2007,18.42499542236328,-77.82500457763672,3528.4729647636414,0.0013773653881264422,2007,2015
JAM,Jamaica,2007,18.42499542236328,-77.7750015258789,4310.284405201682,0.00168255123731794,2007,2015
JAM,Jamaica,2007,18.42499542236328,-77.72500610351562,6149.492249846458,0.0024004995543611012,2007,2015
JAM,Jamaica,2007,18.42499542236328,-77.67500305175781,580.167842806345,0.00022647278694367743,2007,2015
JAM,Jamaica,2007,18.42499542236328,-77.62500762939453,1281.6299357862163,0.0005002936770572359,2007,2015
JAM,Jamaica,2007,18.42499542236328,-77.57500457763672,1957.319695204515,0.0007640541471042522,2007,2015
JAM,Jamaica,2007,18.42499542236328,-77.5250015258789,3155.03801727305,0.0012315923082341295,2007,2015
JAM,Jamaica,2007,18.42499542236328,-77.47500610351562,3746.668511390686,0.0014625396254717897,2007,2015
JAM,Jamaica,2007,18.42499542236328,-77.42500305175781,3513.807277381429,0.0013716405291307617,2007,2015
JAM,Jamaica,2007,18.42499542236328,-77.37500762939453,4746.679809570322,0.0018529013948839258,2007,2015
JAM,Jamaica,2007,18.42499542236328,-77.32500457763672,5477.047981143002,0.002138005985498464,2007,2015
JAM,Jamaica,2007,18.42499542236328,-77.2750015258789,4053.4628784656525,0.001582299064385196,2007,2015
JAM,Jamaica,2007,18.42499542236328,-77.22500610351562,14631.641464471817,0.005711568921143525,2007,2015
JAM,Jamaica,2007,18.42499542236328,-77.17500305175781,14582.488421499736,0.005692381669097974,2007,2015
JAM,Jamaica,2007,18.474998474121094,-77.92500305175781,49917.11043548584,0.01948551140272914,2007,2015
JAM,Jamaica,2007,18.474998474121094,-77.87500762939453,43568.309019088745,0.017007210048471985,2007,2015
JAM,Jamaica,2007,18.474998474121094,-77.82500457763672,2075.3345350027084,0.0008101221083006637,2007,2015
JAM,Jamaica,2007,18.474998474121094,-77.7750015258789,4907.046035587788,0.0019155015313584633,2007,2015
JAM,Jamaica,2007,18.474998474121094,-77.72500610351562,3820.080317736283,0.001491196464322485,2007,2015
JAM,Jamaica,2007,18.474998474121094,-77.67500305175781,10944.55791664136,0.004272288724688257,2007,2015
JAM,Jamaica,2007,18.474998474121094,-77.62500762939453,8639.499380111694,0.0033724921618331904,2007,2015
JAM,Jamaica,2007,18.474998474121094,-77.57500457763672,4201.228988587856,0.0016399806528946995,2007,2015
JAM,Jamaica,2007,18.474998474121094,-77.5250015258789,5201.913738787174,0.002030605309258709,2007,2015
JAM,Jamaica,2007,18.474998474121094,-77.47500610351562,1052.5714502632618,0.0004108790115725839,2007,2015
JAM,Jamaica,2008,17.724998474121094,-77.22500610351562,37.25282335296532,1.4541913742507582e-05,2008,2015
JAM,Jamaica,2008,17.724998474121094,-77.17500305175781,32.723720908220024,1.2773945273153332e-05,2008,2015
JAM,Jamaica,2008,17.774993896484375,-77.2750015258789,2872.108346313318,0.0011211486290716218,2008,2015
JAM,Jamaica,2008,17.774993896484375,-77.22500610351562,4467.529142856627,0.0017439328778388707,2008,2015
JAM,Jamaica,2008,17.824996948242188,-77.32500457763672,782.8450663687883,0.000305589332680106,2008,2015
JAM,Jamaica,2008,17.824996948242188,-77.2750015258789,6733.9551615715845,0.0026286489530650005,2008,2015
JAM,Jamaica,2008,17.824996948242188,-77.22500610351562,4500.335195705295,0.0017567389619908655,2008,2015
JAM,Jamaica,2008,17.824996948242188,-77.17500305175781,1337.5758312941307,0.0005221325690793268,2008,2015
JAM,Jamaica,2008,17.875,-77.72500610351562,3386.7889660001156,0.0013220579965445706,2008,2015
JAM,Jamaica,2008,17.875,-77.67500305175781,6254.112588763237,0.0024413388735671877,2008,2015
JAM,Jamaica,2008,17.875,-77.62500762939453,6811.496182441711,0.002658917661192585,2008,2015
JAM,Jamaica,2008,17.875,-77.57500457763672,7793.393462181091,0.0030422084902039736,2008,2015
JAM,Jamaica,2008,17.875,-77.5250015258789,3077.5111001729965,0.001201329105616984,2008,2015
JAM,Jamaica,2008,17.875,-77.47500610351562,2019.0539751648903,0.0007881525775945719,2008,2015
JAM,Jamaica,2008,17.875,-77.42500305175781,399.28233566880226,0.0001558627980807929,2008,2015
JAM,Jamaica,2008,17.875,-77.37500762939453,2982.2755010724363,0.0011641531886612524,2008,2015
JAM,Jamaica,2008,17.875,-77.32500457763672,4491.612653493881,0.0017533340534487145,2008,2015
JAM,Jamaica,2008,17.875,-77.2750015258789,2482.307016670704,0.0009689868114646765,2008,2015
JAM,Jamaica,2008,17.875,-77.22500610351562,10273.295089721683,0.004010256340320249,2008,2015
JAM,Jamaica,2008,17.875,-77.17500305175781,563.1533727645874,0.0002198310633519534,2008,2015
JAM,Jamaica,2008,17.875,-77.0250015258789,8.879753857853213,3.4662772652726126e-06,2008,2015
JAM,Jamaica,2008,17.875,-76.97500610351562,3.279618024856661,1.2802230309892036e-06,2008,2015
JAM,Jamaica,2008,17.875,-76.92500305175781,3195.7405979635796,0.0012474808601404112,2008,2015
JAM,Jamaica,2008,17.875,-76.57500457763672,11160.83635520958,0.0043567146047946825,2008,2015
JAM,Jamaica,2008,17.875,-76.5250015258789,1720.2556212246418,0.0006715144412516395,2008,2015
JAM,Jamaica,2008,17.875,-76.47500610351562,3135.06047648248,0.0012237939281701182,2008,2015
JAM,Jamaica,2008,17.875,-76.42500305175781,7664.432469070079,0.002991867617508235,2008,2015
JAM,Jamaica,2008,17.875,-76.37500762939453,10348.328077375889,0.00403954601922517,2008,2015
JAM,Jamaica,2008,17.92499542236328,-77.7750015258789,2946.988478243351,0.0011503786396197336,2008,2015
JAM,Jamaica,2008,17.92499542236328,-77.72500610351562,3677.5523229837418,0.0014355596126952633,2008,2015
JAM,Jamaica,2008,17.92499542236328,-77.67500305175781,4508.124064922333,0.0017597794044086836,2008,2015
JAM,Jamaica,2008,17.92499542236328,-77.62500762939453,8277.670184135437,0.003231249472452205,2008,2015
JAM,Jamaica,2008,17.92499542236328,-77.57500457763672,8711.530037879944,0.003400609859172729,2008,2015
JAM,Jamaica,2008,17.92499542236328,-77.5250015258789,2894.978051662445,0.0011300759868547493,2008,2015
JAM,Jamaica,2008,17.92499542236328,-77.47500610351562,3420.008719444275,0.0013350255717684732,2008,2015
JAM,Jamaica,2008,17.92499542236328,-77.42500305175781,5296.849600315094,0.0020676642214471665,2008,2015
JAM,Jamaica,2008,17.92499542236328,-77.37500762939453,1533.131218135357,0.0005984690534414295,2008,2015
JAM,Jamaica,2008,17.92499542236328,-77.32500457763672,3186.089334487915,0.0012437134184182213,2008,2015
JAM,Jamaica,2008,17.92499542236328,-77.2750015258789,2686.602597236877,0.0010487350947671371,2008,2015
JAM,Jamaica,2008,17.92499542236328,-77.22500610351562,16382.214745163918,0.006394918083878508,2008,2015
JAM,Jamaica,2008,17.92499542236328,-77.17500305175781,21507.020120620902,0.00839542357606431,2008,2015
JAM,Jamaica,2008,17.92499542236328,-77.12500762939453,27331.380294680625,0.010669005431967617,2008,2015
JAM,Jamaica,2008,17.92499542236328,-77.07500457763672,11773.991279602296,0.004596064141790323,2008,2015
JAM,Jamaica,2008,17.92499542236328,-77.0250015258789,657.3043057919134,0.0002565835729238487,2008,2015
JAM,Jamaica,2008,17.92499542236328,-76.97500610351562,1229.8702009916306,0.0004800888836759036,2008,2015
JAM,Jamaica,2008,17.92499542236328,-76.92500305175781,37883.45784521103,0.014788086557448255,2008,2015
JAM,Jamaica,2008,17.92499542236328,-76.62500762939453,2744.2979559898376,0.0010712569026413796,2008,2015
JAM,Jamaica,2008,17.92499542236328,-76.57500457763672,3113.8665415346622,0.0012155207196952779,2008,2015
JAM,Jamaica,2008,17.92499542236328,-76.5250015258789,1550.9894043803215,0.0006054401278620543,2008,2015
JAM,Jamaica,2008,17.92499542236328,-76.47500610351562,6492.041020393548,0.00253421598778953,2008,2015
JAM,Jamaica,2008,17.92499542236328,-76.42500305175781,5403.5474314690455,0.002109314505036474,2008,2015
JAM,Jamaica,2008,17.92499542236328,-76.37500762939453,2983.7575629353523,0.0011647317224160601,2008,2015
JAM,Jamaica,2008,17.92499542236328,-76.32500457763672,2717.966880828201,0.0010609783736794257,2008,2015
JAM,Jamaica,2008,17.92499542236328,-76.2750015258789,5260.613334923983,0.0020535191285860044,2008,2015
JAM,Jamaica,2008,17.92499542236328,-76.22500610351562,1046.057366401007,0.00040833619099925865,2008,2015
JAM,Jamaica,2008,17.974998474121094,-77.82500457763672,1743.0253016352654,0.0006804027535639302,2008,2015
JAM,Jamaica,2008,17.974998474121094,-77.7750015258789,3171.5928962828475,0.0012380546270843585,2008,2015
JAM,Jamaica,2008,17.974998474121094,-77.72500610351562,4074.59511500597,0.001590548188432625,2008,2015
JAM,Jamaica,2008,17.974998474121094,-77.67500305175781,2871.9228999614716,0.001121076238723463,2008,2015
JAM,Jamaica,2008,17.974998474121094,-77.62500762939453,3527.836991786957,0.0013771171313948143,2008,2015
JAM,Jamaica,2008,17.974998474121094,-77.57500457763672,6822.9962792396545,0.0026634068086078466,2008,2015
JAM,Jamaica,2008,17.974998474121094,-77.5250015258789,7615.111698150635,0.002972614891624106,2008,2015
JAM,Jamaica,2008,17.974998474121094,-77.47500610351562,7303.96382522583,0.0028511560296643973,2008,2015
JAM,Jamaica,2008,17.974998474121094,-77.42500305175781,3141.621869325655,0.0012263552161522963,2008,2015
JAM,Jamaica,2008,17.974998474121094,-77.37500762939453,2506.170512288809,0.0009783021025926862,2008,2015
JAM,Jamaica,2008,17.974998474121094,-77.32500457763672,7943.978297472,0.0031009903888263176,2008,2015
JAM,Jamaica,2008,17.974998474121094,-77.2750015258789,23560.999534606934,0.009197209555721973,2008,2015
JAM,Jamaica,2008,17.974998474121094,-77.22500610351562,32934.7033816576,0.012856303834297556,2008,2015
JAM,Jamaica,2008,17.974998474121094,-77.17500305175781,3862.6260957718164,0.001507804521876634,2008,2015
JAM,Jamaica,2008,17.974998474121094,-77.12500762939453,10877.242417395122,0.0042460116241770365,2008,2015
JAM,Jamaica,2008,17.974998474121094,-77.07500457763672,3330.2643093174165,0.0012999931808387502,2008,2015
JAM,Jamaica,2008,17.974998474121094,-77.0250015258789,4189.095424473286,0.0016352442268506523,2008,2015
JAM,Jamaica,2008,17.974998474121094,-76.97500610351562,55943.26543241739,0.021837865352765634,2008,2015
JAM,Jamaica,2008,17.974998474121094,-76.92500305175781,50207.45789241791,0.01959885066923406,2008,2015
JAM,Jamaica,2008,17.974998474121094,-76.87500762939453,131112.0196158886,0.05118054172150276,2008,2015
JAM,Jamaica,2008,17.974998474121094,-76.7750015258789,132005.9269117117,0.0515294850127667,2008,2015
JAM,Jamaica,2008,17.974998474121094,-76.72500610351562,26517.37609457972,0.010351252902132478,2008,2015
JAM,Jamaica,2008,17.974998474121094,-76.67500305175781,2310.01426172274,0.0009017310666537841,2008,2015
JAM,Jamaica,2008,17.974998474121094,-76.62500762939453,1440.882320404289,0.0005624590173446671,2008,2015
JAM,Jamaica,2008,17.974998474121094,-76.57500457763672,1862.6867088079453,0.0007271134644522011,2008,2015
JAM,Jamaica,2008,17.974998474121094,-76.5250015258789,3302.0119148499234,0.0012889646507466038,2008,2015
JAM,Jamaica,2008,17.974998474121094,-76.47500610351562,1404.0370185375468,0.0005480761826132919,2008,2015
JAM,Jamaica,2008,17.974998474121094,-76.42500305175781,1408.0425560475078,0.0005496397736573944,2008,2015
JAM,Jamaica,2008,17.974998474121094,-76.37500762939453,1252.0490500928295,0.0004887465606385828,2008,2015
JAM,Jamaica,2008,17.974998474121094,-76.32500457763672,847.0189888482618,0.0003306400955812913,2008,2015
JAM,Jamaica,2008,17.974998474121094,-76.2750015258789,2402.0535790922672,0.0009376592915140995,2008,2015
JAM,Jamaica,2008,18.024993896484375,-77.82500457763672,1944.3338215351182,0.0007589850157532606,2008,2015
JAM,Jamaica,2008,18.024993896484375,-77.7750015258789,3687.562673717953,0.0014394672267713804,2008,2015
JAM,Jamaica,2008,18.024993896484375,-77.72500610351562,4827.434100151062,0.0018844244264897717,2008,2015
JAM,Jamaica,2008,18.024993896484375,-77.67500305175781,5825.073078632355,0.0022738601434495586,2008,2015
JAM,Jamaica,2008,18.024993896484375,-77.62500762939453,3277.1519998908043,0.0012792603999960952,2008,2015
JAM,Jamaica,2008,18.024993896484375,-77.57500457763672,5741.18874168396,0.002241115275209823,2008,2015
JAM,Jamaica,2008,18.024993896484375,-77.5250015258789,27300.973915100098,0.01065713607793524,2008,2015
JAM,Jamaica,2008,18.024993896484375,-77.47500610351562,16058.532822012901,0.006268566463173862,2008,2015
JAM,Jamaica,2008,18.024993896484375,-77.42500305175781,7152.399000167847,0.0027919915848246477,2008,2015
JAM,Jamaica,2008,18.024993896484375,-77.37500762939453,5199.399606227875,0.0020296238991124723,2008,2015
JAM,Jamaica,2008,18.024993896484375,-77.32500457763672,4047.8562272787094,0.0015801104668345526,2008,2015
JAM,Jamaica,2008,18.024993896484375,-77.2750015258789,1188.449056118744,0.0004639198349530642,2008,2015
JAM,Jamaica,2008,18.024993896484375,-77.22500610351562,2752.3998178243637,0.0010744195240307733,2008,2015
JAM,Jamaica,2008,18.024993896484375,-77.17500305175781,3054.1369990110397,0.0011922048532164269,2008,2015
JAM,Jamaica,2008,18.024993896484375,-77.12500762939453,3552.553558051595,0.0013867654249275173,2008,2015
JAM,Jamaica,2008,18.024993896484375,-77.07500457763672,4456.663898527958,0.0017396915497569227,2008,2015
JAM,Jamaica,2008,18.024993896484375,-77.0250015258789,12908.620754987001,0.005038975107341009,2008,2015
JAM,Jamaica,2008,18.024993896484375,-76.97500610351562,68851.36805057526,0.026876638201582374,2008,2015
JAM,Jamaica,2008,18.024993896484375,-76.92500305175781,21772.016379833854,0.008498866815977968,2008,2015
JAM,Jamaica,2008,18.024993896484375,-76.87500762939453,18716.538140417113,0.007306138399698875,2008,2015
JAM,Jamaica,2008,18.024993896484375,-76.82500457763672,213359.7537841797,0.08328655002212672,2008,2015
JAM,Jamaica,2008,18.024993896484375,-76.7750015258789,80815.8085861206,0.03154704561196225,2008,2015
JAM,Jamaica,2008,18.024993896484375,-76.72500610351562,23586.476266860962,0.00920715458564276,2008,2015
JAM,Jamaica,2008,18.024993896484375,-76.67500305175781,7080.929918766022,0.0027640931029524313,2008,2015
JAM,Jamaica,2008,18.024993896484375,-76.62500762939453,3160.290864646435,0.0012336427958624782,2008,2015
JAM,Jamaica,2008,18.024993896484375,-76.57500457763672,321.131494164482,0.00012535604198092955,2008,2015
JAM,Jamaica,2008,18.024993896484375,-76.5250015258789,12.716045051822269,4.963801764429769e-06,2008,2015
JAM,Jamaica,2008,18.024993896484375,-76.47500610351562,0.0,0.0,2008,2015
JAM,Jamaica,2008,18.024993896484375,-76.42500305175781,282.9625854494288,0.00011045652757578132,2008,2015
JAM,Jamaica,2008,18.024993896484375,-76.37500762939453,196.20182874798775,7.658882771762779e-05,2008,2015
JAM,Jamaica,2008,18.024993896484375,-76.32500457763672,595.8416051864624,0.00023259115543329916,2008,2015
JAM,Jamaica,2008,18.024993896484375,-76.2750015258789,4987.002027511616,0.001946712941208836,2008,2015
JAM,Jamaica,2008,18.074996948242188,-77.97500610351562,3850.3797376155853,0.0015030240658483638,2008,2015
JAM,Jamaica,2008,18.074996948242188,-77.92500305175781,2937.7323222757814,0.0011467654310209582,2008,2015
JAM,Jamaica,2008,18.074996948242188,-77.87500762939453,5138.363800048828,0.002005798123002822,2008,2015
JAM,Jamaica,2008,18.074996948242188,-77.82500457763672,1016.2765542268877,0.00039671103180757584,2008,2015
JAM,Jamaica,2008,18.074996948242188,-77.7750015258789,4980.63054072858,0.001944225784454768,2008,2015
JAM,Jamaica,2008,18.074996948242188,-77.72500610351562,4176.773107588291,0.0016304341197736227,2008,2015
JAM,Jamaica,2008,18.074996948242188,-77.67500305175781,4754.5580460727215,0.0018559767224792462,2008,2015
JAM,Jamaica,2008,18.074996948242188,-77.62500762939453,1733.8478590846062,0.0006768202713267046,2008,2015
JAM,Jamaica,2008,18.074996948242188,-77.57500457763672,3090.1998929977417,0.0012062822692740227,2008,2015
JAM,Jamaica,2008,18.074996948242188,-77.5250015258789,11286.097254276368,0.004405611118550953,2008,2015
JAM,Jamaica,2008,18.074996948242188,-77.47500610351562,10831.245708465576,0.004228056470352717,2008,2015
JAM,Jamaica,2008,18.074996948242188,-77.42500305175781,4006.0844094753265,0.0015638045303526622,2008,2015
JAM,Jamaica,2008,18.074996948242188,-77.37500762939453,3721.6975351572037,0.001452792021135524,2008,2015
JAM,Jamaica,2008,18.074996948242188,-77.32500457763672,3306.8131588101387,0.0012908388516592343,2008,2015
JAM,Jamaica,2008,18.074996948242188,-77.2750015258789,7471.016190588658,0.0029163661498362616,2008,2015
JAM,Jamaica,2008,18.074996948242188,-77.22500610351562,3155.535576224327,0.0012317865340323389,2008,2015
JAM,Jamaica,2008,18.074996948242188,-77.17500305175781,3015.2239071130753,0.0011770148414293224,2008,2015
JAM,Jamaica,2008,18.074996948242188,-77.12500762939453,4788.171778678894,0.0018690980903683667,2008,2015
JAM,Jamaica,2008,18.074996948242188,-77.07500457763672,2939.8488038778305,0.0011475916151896853,2008,2015
JAM,Jamaica,2008,18.074996948242188,-77.0250015258789,1992.6495432257652,0.0007778454132746867,2008,2015
JAM,Jamaica,2008,18.074996948242188,-76.97500610351562,1749.8922638299207,0.0006830833227911695,2008,2015
JAM,Jamaica,2008,18.074996948242188,-76.92500305175781,3386.793187767267,0.0013220596445424465,2008,2015
JAM,Jamaica,2008,18.074996948242188,-76.87500762939453,11947.552815198898,0.004663815164464475,2008,2015
JAM,Jamaica,2008,18.074996948242188,-76.82500457763672,28589.824726104736,0.011160248476773018,2008,2015
JAM,Jamaica,2008,18.074996948242188,-76.7750015258789,16741.63724960387,0.0065352213035072505,2008,2015
JAM,Jamaica,2008,18.074996948242188,-76.72500610351562,5527.171629905766,0.0021575721206571795,2008,2015
JAM,Jamaica,2008,18.074996948242188,-76.67500305175781,4888.974880218804,0.00190844732287302,2008,2015
JAM,Jamaica,2008,18.074996948242188,-76.62500762939453,379.8402948379663,0.0001482734543668534,2008,2015
JAM,Jamaica,2008,18.074996948242188,-76.57500457763672,18.035227358341217,7.0401837220918836e-06,2008,2015
JAM,Jamaica,2008,18.074996948242188,-76.5250015258789,1.2353800535202026,4.822396951579024e-07,2008,2015
JAM,Jamaica,2008,18.074996948242188,-76.47500610351562,343.21589839458466,0.00013397685169314858,2008,2015
JAM,Jamaica,2008,18.074996948242188,-76.42500305175781,2127.7310907244682,0.0008305754894173374,2008,2015
JAM,Jamaica,2008,18.074996948242188,-76.37500762939453,1.375702977180481,5.370157810569546e-07,2008,2015
JAM,Jamaica,2008,18.074996948242188,-76.32500457763672,823.782040089516,0.0003215693816306438,2008,2015
JAM,Jamaica,2008,18.125,-78.0250015258789,1086.3566074371836,0.0004240672963032532,2008,2015
JAM,Jamaica,2008,18.125,-77.97500610351562,4059.871194124222,0.0015848005975618556,2008,2015
JAM,Jamaica,2008,18.125,-77.92500305175781,2409.122631788254,0.0009404187482557344,2008,2015
JAM,Jamaica,2008,18.125,-77.87500762939453,3314.623690366745,0.0012938877501307178,2008,2015
JAM,Jamaica,2008,18.125,-77.82500457763672,3483.002028644085,0.0013596154735877088,2008,2015
JAM,Jamaica,2008,18.125,-77.7750015258789,3079.0873334407806,0.0012019443998726974,2008,2015
JAM,Jamaica,2008,18.125,-77.72500610351562,1997.503375232382,0.0007797401423182298,2008,2015
JAM,Jamaica,2008,18.125,-77.67500305175781,910.4529508054353,0.00035540200944716467,2008,2015
JAM,Jamaica,2008,18.125,-77.62500762939453,2313.190209031105,0.0009029708210576692,2008,2015
JAM,Jamaica,2008,18.125,-77.57500457763672,3173.6743209958076,0.001238867126538443,2008,2015
JAM,Jamaica,2008,18.125,-77.5250015258789,4909.338473320067,0.0019163964012975019,2008,2015
JAM,Jamaica,2008,18.125,-77.47500610351562,9300.222560286522,0.0036304103175321956,2008,2015
JAM,Jamaica,2008,18.125,-77.42500305175781,5065.999526381493,0.0019775501962419678,2008,2015
JAM,Jamaica,2008,18.125,-77.37500762939453,4895.9724115135095,0.0019111788607093327,2008,2015
JAM,Jamaica,2008,18.125,-77.32500457763672,5215.0324639081955,0.0020357263001515072,2008,2015
JAM,Jamaica,2008,18.125,-77.2750015258789,5140.837053775787,0.0020067635757960237,2008,2015
JAM,Jamaica,2008,18.125,-77.22500610351562,4181.0271885407665,0.001632094731579563,2008,2015
JAM,Jamaica,2008,18.125,-77.17500305175781,1922.4907034635544,0.0007504583938686724,2008,2015
JAM,Jamaica,2008,18.125,-77.12500762939453,2424.8122565299273,0.0009465433087349221,2008,2015
JAM,Jamaica,2008,18.125,-77.07500457763672,2909.1824957729855,0.0011356207961450043,2008,2015
JAM,Jamaica,2008,18.125,-77.0250015258789,17934.782685279846,0.007000974404781534,2008,2015
JAM,Jamaica,2008,18.125,-76.97500610351562,5008.344045042992,0.001955043954809921,2008,2015
JAM,Jamaica,2008,18.125,-76.92500305175781,2802.927964001894,0.0010941435577320733,2008,2015
JAM,Jamaica,2008,18.125,-76.87500762939453,12743.135047912598,0.004974376543761202,2008,2015
JAM,Jamaica,2008,18.125,-76.82500457763672,15766.188570737839,0.006154447733302572,2008,2015
JAM,Jamaica,2008,18.125,-76.7750015258789,3681.0645376443863,0.0014369306315347307,2008,2015
JAM,Jamaica,2008,18.125,-76.72500610351562,1260.1870017651704,0.0004919232699617558,2008,2015
JAM,Jamaica,2008,18.125,-76.67500305175781,272.4658896923065,0.00010635906514091685,2008,2015
JAM,Jamaica,2008,18.125,-76.62500762939453,203.9064043762364,7.959636551273828e-05,2008,2015
JAM,Jamaica,2008,18.125,-76.57500457763672,187.4562919139862,7.31749430553301e-05,2008,2015
JAM,Jamaica,2008,18.125,-76.5250015258789,1331.6091477871166,0.0005198034302630353,2008,2015
JAM,Jamaica,2008,18.125,-76.47500610351562,2747.9163507227645,0.0010726693696534505,2008,2015
JAM,Jamaica,2008,18.125,-76.42500305175781,1308.2166427373886,0.0005106719937694509,2008,2015
JAM,Jamaica,2008,18.125,-76.37500762939453,903.9423410892487,0.0003528605450323237,2008,2015
JAM,Jamaica,2008,18.17499542236328,-78.0250015258789,3165.5393142700195,0.0012356915667968292,2008,2015
JAM,Jamaica,2008,18.17499542236328,-77.97500610351562,3168.678978919983,0.001236917157998,2008,2015
JAM,Jamaica,2008,18.17499542236328,-77.92500305175781,4011.6288945674896,0.0015659688609107227,2008,2015
JAM,Jamaica,2008,18.17499542236328,-77.87500762939453,3320.21787750721,0.0012960714822490946,2008,2015
JAM,Jamaica,2008,18.17499542236328,-77.82500457763672,702.2933917045781,0.0002741453936883454,2008,2015
JAM,Jamaica,2008,18.17499542236328,-77.7750015258789,2998.3154708744905,0.0011704145089129784,2008,2015
JAM,Jamaica,2008,18.17499542236328,-77.72500610351562,5126.696618974209,0.002001243753010572,2008,2015
JAM,Jamaica,2008,18.17499542236328,-77.67500305175781,2155.636859089449,0.0008414687114595171,2008,2015
JAM,Jamaica,2008,18.17499542236328,-77.62500762939453,4460.6405210494995,0.001741243853622508,2008,2015
JAM,Jamaica,2008,18.17499542236328,-77.57500457763672,3052.722190618515,0.0011916525723487104,2008,2015
JAM,Jamaica,2008,18.17499542236328,-77.5250015258789,6897.860792756081,0.00269263072239327,2008,2015
JAM,Jamaica,2008,18.17499542236328,-77.47500610351562,29441.10595703125,0.011492552369915754,2008,2015
JAM,Jamaica,2008,18.17499542236328,-77.42500305175781,8337.348487138748,0.0032545453372072263,2008,2015
JAM,Jamaica,2008,18.17499542236328,-77.37500762939453,5003.752392292023,0.001953251569368219,2008,2015
JAM,Jamaica,2008,18.17499542236328,-77.32500457763672,3894.0356826783654,0.001520065485271412,2008,2015
JAM,Jamaica,2008,18.17499542236328,-77.2750015258789,5329.977594375633,0.002080595977720408,2008,2015
JAM,Jamaica,2008,18.17499542236328,-77.22500610351562,4641.241324841976,0.00181174270643949,2008,2015
JAM,Jamaica,2008,18.17499542236328,-77.17500305175781,397.94500941072437,0.00015534076293445518,2008,2015
JAM,Jamaica,2008,18.17499542236328,-77.12500762939453,653.2399521470213,0.0002549970225686429,2008,2015
JAM,Jamaica,2008,18.17499542236328,-77.07500457763672,10272.415641784668,0.004009913041346103,2008,2015
JAM,Jamaica,2008,18.17499542236328,-77.0250015258789,13069.73504281044,0.005101867255246558,2008,2015
JAM,Jamaica,2008,18.17499542236328,-76.97500610351562,3122.0337935689495,0.0012187088666303603,2008,2015
JAM,Jamaica,2008,18.17499542236328,-76.92500305175781,2035.6309342384338,0.0007946235155601734,2008,2015
JAM,Jamaica,2008,18.17499542236328,-76.87500762939453,4215.572104811951,0.0016455795938649803,2008,2015
JAM,Jamaica,2008,18.17499542236328,-76.82500457763672,5044.217968195677,0.0019690476047118056,2008,2015
JAM,Jamaica,2008,18.17499542236328,-76.7750015258789,35.20541858691209,1.3742694225053877e-05,2008,2015
JAM,Jamaica,2008,18.17499542236328,-76.72500610351562,911.4114730358124,0.00035577617565363853,2008,2015
JAM,Jamaica,2008,18.17499542236328,-76.67500305175781,2058.2365587353825,0.0008034477874392597,2008,2015
JAM,Jamaica,2008,18.17499542236328,-76.62500762939453,2456.478136777878,0.0009589043181216004,2008,2015
JAM,Jamaica,2008,18.17499542236328,-76.57500457763672,3526.54194688797,0.00137661160108815,2008,2015
JAM,Jamaica,2008,18.17499542236328,-76.5250015258789,4217.786390006542,0.0016464439563858009,2008,2015
JAM,Jamaica,2008,18.17499542236328,-76.47500610351562,10986.265908122063,0.004288569746095386,2008,2015
JAM,Jamaica,2008,18.17499542236328,-76.42500305175781,11099.29676103592,0.004332692171333916,2008,2015
JAM,Jamaica,2008,18.224998474121094,-78.32500457763672,1714.9704136850075,0.000669451321594254,2008,2015
JAM,Jamaica,2008,18.224998474121094,-78.2750015258789,1897.4566927552223,0.0007406861835612731,2008,2015
JAM,Jamaica,2008,18.224998474121094,-78.22500610351562,5722.624983400106,0.0022338687755514533,2008,2015
JAM,Jamaica,2008,18.224998474121094,-78.17500305175781,2569.8585425913334,0.0010031631939068778,2008,2015
JAM,Jamaica,2008,18.224998474121094,-78.12500762939453,31718.7813038826,0.01238165970316468,2008,2015
JAM,Jamaica,2008,18.224998474121094,-78.07500457763672,3287.287734389305,0.0012832169585473123,2008,2015
JAM,Jamaica,2008,18.224998474121094,-78.0250015258789,1794.9849682451777,0.0007006855918006903,2008,2015
JAM,Jamaica,2008,18.224998474121094,-77.97500610351562,4139.638875961304,0.001615938499184077,2008,2015
JAM,Jamaica,2008,18.224998474121094,-77.92500305175781,2809.496814727783,0.001096707756953652,2008,2015
JAM,Jamaica,2008,18.224998474121094,-77.87500762939453,2585.898056864745,0.0010094243363396459,2008,2015
JAM,Jamaica,2008,18.224998474121094,-77.82500457763672,928.4259758293629,0.00036241791203026595,2008,2015
JAM,Jamaica,2008,18.224998474121094,-77.7750015258789,2040.2069007456303,0.000796409777761182,2008,2015
JAM,Jamaica,2008,18.224998474121094,-77.72500610351562,1091.8017982545662,0.0004261928666104382,2008,2015
JAM,Jamaica,2008,18.224998474121094,-77.67500305175781,565.9384661316886,0.000220918245043539,2008,2015
JAM,Jamaica,2008,18.224998474121094,-77.62500762939453,1661.1249838769436,0.0006484323618156045,2008,2015
JAM,Jamaica,2008,18.224998474121094,-77.57500457763672,2647.214574933215,0.0010333596904011154,2008,2015
JAM,Jamaica,2008,18.224998474121094,-77.5250015258789,5374.823352575302,0.0020981018494573758,2008,2015
JAM,Jamaica,2008,18.224998474121094,-77.47500610351562,5510.295352458954,0.0021509843415618633,2008,2015
JAM,Jamaica,2008,18.224998474121094,-77.42500305175781,2999.102029323578,0.0011707215477919299,2008,2015
JAM,Jamaica,2008,18.224998474121094,-77.37500762939453,3109.140193462372,0.001213675754943664,2008,2015
JAM,Jamaica,2008,18.224998474121094,-77.32500457763672,1098.1755421163107,0.0004286809044317903,2008,2015
JAM,Jamaica,2008,18.224998474121094,-77.2750015258789,781.0365877151489,0.0003048833797289105,2008,2015
JAM,Jamaica,2008,18.224998474121094,-77.22500610351562,1482.4800940752618,0.0005786970144186658,2008,2015
JAM,Jamaica,2008,18.224998474121094,-77.17500305175781,1016.902143478438,0.0003969552351756827,2008,2015
JAM,Jamaica,2008,18.224998474121094,-77.12500762939453,319.5615915663611,0.00012474321894870706,2008,2015
JAM,Jamaica,2008,18.224998474121094,-77.07500457763672,1048.8121374848683,0.0004094115361644374,2008,2015
JAM,Jamaica,2008,18.224998474121094,-77.0250015258789,3740.8646018505096,0.0014602740266713207,2008,2015
JAM,Jamaica,2008,18.224998474121094,-76.97500610351562,4075.4677126407623,0.001590888813340886,2008,2015
JAM,Jamaica,2008,18.224998474121094,-76.92500305175781,3030.010111987591,0.0011827867453150216,2008,2015
JAM,Jamaica,2008,18.224998474121094,-76.87500762939453,4209.7218544483185,0.001643295905583049,2008,2015
JAM,Jamaica,2008,18.224998474121094,-76.82500457763672,2207.902637243271,0.0008618710425901432,2008,2015
JAM,Jamaica,2008,18.224998474121094,-76.7750015258789,1918.1124982239983,0.0007487493292338292,2008,2015
JAM,Jamaica,2008,18.224998474121094,-76.72500610351562,2714.0036773085963,0.0010594313080199982,2008,2015
JAM,Jamaica,2008,18.224998474121094,-76.67500305175781,8372.77447748185,0.0032683741332405146,2008,2015
JAM,Jamaica,2008,18.224998474121094,-76.62500762939453,2487.023796320553,0.0009708280411121755,2008,2015
JAM,Jamaica,2008,18.274993896484375,-78.32500457763672,10916.31903886836,0.004261265470937277,2008,2015
JAM,Jamaica,2008,18.274993896484375,-78.2750015258789,2180.13681906553,0.0008510324511334578,2008,2015
JAM,Jamaica,2008,18.274993896484375,-78.22500610351562,2813.137803138108,0.001098129043573964,2008,2015
JAM,Jamaica,2008,18.274993896484375,-78.17500305175781,2633.550939768719,0.0010280259898628077,2008,2015
JAM,Jamaica,2008,18.274993896484375,-78.12500762939453,4552.583830833454,0.0017771346012152671,2008,2015
JAM,Jamaica,2008,18.274993896484375,-78.07500457763672,10955.058003485374,0.004276387510858845,2008,2015
JAM,Jamaica,2008,18.274993896484375,-78.0250015258789,4200.405325174332,0.0016396591298198215,2008,2015
JAM,Jamaica,2008,18.274993896484375,-77.97500610351562,4215.140975415707,0.0016454112993324384,2008,2015
JAM,Jamaica,2008,18.274993896484375,-77.92500305175781,5167.0558769106865,0.0020169982863532687,2008,2015
JAM,Jamaica,2008,18.274993896484375,-77.87500762939453,2348.6299627423396,0.0009168049897229944,2008,2015
JAM,Jamaica,2008,18.274993896484375,-77.82500457763672,869.5739732683285,0.00033944459973370215,2008,2015
JAM,Jamaica,2008,18.274993896484375,-77.7750015258789,23.020932763814926,8.986390517346272e-06,2008,2015
JAM,Jamaica,2008,18.274993896484375,-77.72500610351562,33.618502021093796,1.3123229665333492e-05,2008,2015
JAM,Jamaica,2008,18.274993896484375,-77.67500305175781,43.381960123928415,1.693446738588887e-05,2008,2015
JAM,Jamaica,2008,18.274993896484375,-77.62500762939453,1034.4381461143635,0.00040380054285354267,2008,2015
JAM,Jamaica,2008,18.274993896484375,-77.57500457763672,3706.0839977264404,0.001446697161898083,2008,2015
JAM,Jamaica,2008,18.274993896484375,-77.5250015258789,6309.876140832901,0.0024631065864862767,2008,2015
JAM,Jamaica,2008,18.274993896484375,-77.47500610351562,135.9617919921875,5.307368605847611e-05,2008,2015
JAM,Jamaica,2008,18.274993896484375,-77.42500305175781,432.33637005105976,0.00016876568364934157,2008,2015
JAM,Jamaica,2008,18.274993896484375,-77.37500762939453,2669.0009827019467,0.001041864175001657,2008,2015
JAM,Jamaica,2008,18.274993896484375,-77.32500457763672,2672.558784783304,0.0010432529892262813,2008,2015
JAM,Jamaica,2008,18.274993896484375,-77.2750015258789,1624.0184956789312,0.0006339475710777256,2008,2015
JAM,Jamaica,2008,18.274993896484375,-77.22500610351562,1317.2700949311256,0.0005142060754583965,2008,2015
JAM,Jamaica,2008,18.274993896484375,-77.17500305175781,887.6702960134355,0.0003465086324896242,2008,2015
JAM,Jamaica,2008,18.274993896484375,-77.12500762939453,4618.813044369221,0.0018029876621053372,2008,2015
JAM,Jamaica,2008,18.274993896484375,-77.07500457763672,1276.8472344279437,0.0004984267143857304,2008,2015
JAM,Jamaica,2008,18.274993896484375,-77.0250015258789,2939.758930757642,0.0011475565325558357,2008,2015
JAM,Jamaica,2008,18.274993896484375,-76.97500610351562,4346.392342567444,0.00169664623639003,2008,2015
JAM,Jamaica,2008,18.274993896484375,-76.92500305175781,3868.8436800243962,0.001510231601645357,2008,2015
JAM,Jamaica,2008,18.274993896484375,-76.87500762939453,9501.37095952034,0.0037089300754411976,2008,2015
JAM,Jamaica,2008,18.274993896484375,-76.82500457763672,2956.8238567710177,0.0011542179520073908,2008,2015
JAM,Jamaica,2008,18.274993896484375,-76.7750015258789,6309.091049104945,0.0024628001201527127,2008,2015
JAM,Jamaica,2008,18.324996948242188,-78.32500457763672,1118.3292827047408,0.00043654806538356535,2008,2015
JAM,Jamaica,2008,18.324996948242188,-78.2750015258789,2593.010409206152,0.0010122006954165167,2008,2015
JAM,Jamaica,2008,18.324996948242188,-78.22500610351562,1481.2005683779716,0.0005781975421465908,2008,2015
JAM,Jamaica,2008,18.324996948242188,-78.17500305175781,7862.1792469620705,0.0030690595274936363,2008,2015
JAM,Jamaica,2008,18.324996948242188,-78.12500762939453,3961.720260798931,0.0015464866584373091,2008,2015
JAM,Jamaica,2008,18.324996948242188,-78.07500457763672,3071.3367235064507,0.0011989188922474378,2008,2015
JAM,Jamaica,2008,18.324996948242188,-78.0250015258789,2538.021337911551,0.000990735306767443,2008,2015
JAM,Jamaica,2008,18.324996948242188,-77.97500610351562,4158.628134489059,0.001623351095993946,2008,2015
JAM,Jamaica,2008,18.324996948242188,-77.92500305175781,4591.1148364543915,0.001792175462812329,2008,2015
JAM,Jamaica,2008,18.324996948242188,-77.87500762939453,1229.3441937869102,0.00047988355289260953,2008,2015
JAM,Jamaica,2008,18.324996948242188,-77.82500457763672,2257.8181802630424,0.0008813559421406135,2008,2015
JAM,Jamaica,2008,18.324996948242188,-77.7750015258789,1170.9621360005583,0.00045709368699720635,2008,2015
JAM,Jamaica,2008,18.324996948242188,-77.72500610351562,0.8989480137825012,3.5091097261445786e-07,2008,2015
JAM,Jamaica,2008,18.324996948242188,-77.67500305175781,0.0,0.0,2008,2015
JAM,Jamaica,2008,18.324996948242188,-77.62500762939453,0.4943540096282959,1.9297472565137024e-07,2008,2015
JAM,Jamaica,2008,18.324996948242188,-77.57500457763672,456.64114475250244,0.00017825323131494223,2008,2015
JAM,Jamaica,2008,18.324996948242188,-77.5250015258789,1540.6795887054984,0.0006014156154425817,2008,2015
JAM,Jamaica,2008,18.324996948242188,-77.47500610351562,189.18924698233604,7.385141481922337e-05,2008,2015
JAM,Jamaica,2008,18.324996948242188,-77.42500305175781,2073.5125460773706,0.0008094108815154875,2008,2015
JAM,Jamaica,2008,18.324996948242188,-77.37500762939453,5409.0604157447815,0.0021114665390190254,2008,2015
JAM,Jamaica,2008,18.324996948242188,-77.32500457763672,2802.937780559253,0.0010941473896974793,2008,2015
JAM,Jamaica,2008,18.324996948242188,-77.2750015258789,1113.5294466020296,0.00043467441403847226,2008,2015
JAM,Jamaica,2008,18.324996948242188,-77.22500610351562,492.9337164163766,0.0001924203037440397,2008,2015
JAM,Jamaica,2008,18.324996948242188,-77.17500305175781,4858.612440466881,0.0018965951210760947,2008,2015
JAM,Jamaica,2008,18.324996948242188,-77.12500762939453,3760.2091400625077,0.0014678253095204668,2008,2015
JAM,Jamaica,2008,18.324996948242188,-77.07500457763672,2412.6226264238358,0.0009417849969184904,2008,2015
JAM,Jamaica,2008,18.324996948242188,-77.0250015258789,3147.741034448147,0.0012287438772893148,2008,2015
JAM,Jamaica,2008,18.324996948242188,-76.97500610351562,3964.501080751419,0.001547572171970052,2008,2015
JAM,Jamaica,2008,18.324996948242188,-76.92500305175781,5405.986257791519,0.002110266518838981,2008,2015
JAM,Jamaica,2008,18.324996948242188,-76.87500762939453,7694.861479282379,0.003003745805574266,2008,2015
JAM,Jamaica,2008,18.324996948242188,-76.82500457763672,2938.1663930418235,0.0011469348737388463,2008,2015
JAM,Jamaica,2008,18.375,-78.2750015258789,5332.706449270372,0.002081661206310443,2008,2015
JAM,Jamaica,2008,18.375,-78.22500610351562,4766.426508575678,0.0018606096641582946,2008,2015
JAM,Jamaica,2008,18.375,-78.17500305175781,2358.850486755371,0.0009207946464851819,2008,2015
JAM,Jamaica,2008,18.375,-78.12500762939453,2174.584545493126,0.0008488650802848191,2008,2015
JAM,Jamaica,2008,18.375,-78.07500457763672,1390.4499187171843,0.0005427723582097967,2008,2015
JAM,Jamaica,2008,18.375,-78.0250015258789,1853.3392190635473,0.0007234646030415077,2008,2015
JAM,Jamaica,2008,18.375,-77.97500610351562,2490.2924797534943,0.0009721039957447419,2008,2015
JAM,Jamaica,2008,18.375,-77.92500305175781,4097.872359275818,0.0015996346320325692,2008,2015
JAM,Jamaica,2008,18.375,-77.87500762939453,2337.9651798009872,0.000912641913218798,2008,2015
JAM,Jamaica,2008,18.375,-77.82500457763672,2754.7778052687645,0.0010753477889295059,2008,2015
JAM,Jamaica,2008,18.375,-77.7750015258789,337.52836060523987,0.00013175667946200623,2008,2015
JAM,Jamaica,2008,18.375,-77.72500610351562,2945.083488702774,0.0011496350129335904,2008,2015
JAM,Jamaica,2008,18.375,-77.67500305175781,1151.3191031813622,0.0004494258845814934,2008,2015
JAM,Jamaica,2008,18.375,-77.62500762939453,859.1752522886553,0.0003353853824742196,2008,2015
JAM,Jamaica,2008,18.375,-77.57500457763672,73.88084173202515,2.883993026545851e-05,2008,2015
JAM,Jamaica,2008,18.375,-77.5250015258789,166.2063086926937,6.487985572447492e-05,2008,2015
JAM,Jamaica,2008,18.375,-77.47500610351562,1282.9581188857555,0.0005008121431043528,2008,2015
JAM,Jamaica,2008,18.375,-77.42500305175781,2082.791310250759,0.00081303291539378,2008,2015
JAM,Jamaica,2008,18.375,-77.37500762939453,12942.736834049225,0.005052292569866059,2008,2015
JAM,Jamaica,2008,18.375,-77.32500457763672,2893.3673310875893,0.0011294472302249253,2008,2015
JAM,Jamaica,2008,18.375,-77.2750015258789,4358.765266240057,0.0017014760981990263,2008,2015
JAM,Jamaica,2008,18.375,-77.22500610351562,2490.153722047806,0.0009720498306531967,2008,2015
JAM,Jamaica,2008,18.375,-77.17500305175781,2317.529034614563,0.0009046645135539564,2008,2015
JAM,Jamaica,2008,18.375,-77.12500762939453,5033.2303209305755,0.001964758495742848,2008,2015
JAM,Jamaica,2008,18.375,-77.07500457763672,10580.49174785614,0.004130172816509221,2008,2015
JAM,Jamaica,2008,18.375,-77.0250015258789,6508.1040897369385,0.002540486325117208,2008,2015
JAM,Jamaica,2008,18.375,-76.97500610351562,4823.888867616798,0.0018830405188803557,2008,2015
JAM,Jamaica,2008,18.375,-76.92500305175781,8364.89543914858,0.0032652984926446137,2008,2015
JAM,Jamaica,2008,18.42499542236328,-78.22500610351562,3201.491738215089,0.0012497258600607153,2008,2015
JAM,Jamaica,2008,18.42499542236328,-78.17500305175781,12046.77025771141,0.004702545423298785,2008,2015
JAM,Jamaica,2008,18.42499542236328,-78.12500762939453,2416.657140374195,0.0009433598991293425,2008,2015
JAM,Jamaica,2008,18.42499542236328,-78.07500457763672,7734.557563602924,0.0030192414642156323,2008,2015
JAM,Jamaica,2008,18.42499542236328,-78.0250015258789,6002.714305192492,0.0023432037035141175,2008,2015
JAM,Jamaica,2008,18.42499542236328,-77.97500610351562,4567.470498621464,0.001782945721538564,2008,2015
JAM,Jamaica,2008,18.42499542236328,-77.92500305175781,18430.745000243187,0.007194576944256094,2008,2015
JAM,Jamaica,2008,18.42499542236328,-77.87500762939453,13583.115226865571,0.00530226898810067,2008,2015
JAM,Jamaica,2008,18.42499542236328,-77.82500457763672,3528.4729647636414,0.0013773653881264422,2008,2015
JAM,Jamaica,2008,18.42499542236328,-77.7750015258789,4310.284405201682,0.00168255123731794,2008,2015
JAM,Jamaica,2008,18.42499542236328,-77.72500610351562,6149.492249846458,0.0024004995543611012,2008,2015
JAM,Jamaica,2008,18.42499542236328,-77.67500305175781,580.167842806345,0.00022647278694367743,2008,2015
JAM,Jamaica,2008,18.42499542236328,-77.62500762939453,1281.6299357862163,0.0005002936770572359,2008,2015
JAM,Jamaica,2008,18.42499542236328,-77.57500457763672,1957.319695204515,0.0007640541471042522,2008,2015
JAM,Jamaica,2008,18.42499542236328,-77.5250015258789,3155.03801727305,0.0012315923082341295,2008,2015
JAM,Jamaica,2008,18.42499542236328,-77.47500610351562,3746.668511390686,0.0014625396254717897,2008,2015
JAM,Jamaica,2008,18.42499542236328,-77.42500305175781,3513.807277381429,0.0013716405291307617,2008,2015
JAM,Jamaica,2008,18.42499542236328,-77.37500762939453,4746.679809570322,0.0018529013948839258,2008,2015
JAM,Jamaica,2008,18.42499542236328,-77.32500457763672,5477.047981143002,0.002138005985498464,2008,2015
JAM,Jamaica,2008,18.42499542236328,-77.2750015258789,4053.4628784656525,0.001582299064385196,2008,2015
JAM,Jamaica,2008,18.42499542236328,-77.22500610351562,14631.641464471817,0.005711568921143525,2008,2015
JAM,Jamaica,2008,18.42499542236328,-77.17500305175781,14582.488421499736,0.005692381669097974,2008,2015
JAM,Jamaica,2008,18.474998474121094,-77.92500305175781,49917.11043548584,0.01948551140272914,2008,2015
JAM,Jamaica,2008,18.474998474121094,-77.87500762939453,43568.309019088745,0.017007210048471985,2008,2015
JAM,Jamaica,2008,18.474998474121094,-77.82500457763672,2075.3345350027084,0.0008101221083006637,2008,2015
JAM,Jamaica,2008,18.474998474121094,-77.7750015258789,4907.046035587788,0.0019155015313584633,2008,2015
JAM,Jamaica,2008,18.474998474121094,-77.72500610351562,3820.080317736283,0.001491196464322485,2008,2015
JAM,Jamaica,2008,18.474998474121094,-77.67500305175781,10944.55791664136,0.004272288724688257,2008,2015
JAM,Jamaica,2008,18.474998474121094,-77.62500762939453,8639.499380111694,0.0033724921618331904,2008,2015
JAM,Jamaica,2008,18.474998474121094,-77.57500457763672,4201.228988587856,0.0016399806528946995,2008,2015
JAM,Jamaica,2008,18.474998474121094,-77.5250015258789,5201.913738787174,0.002030605309258709,2008,2015
JAM,Jamaica,2008,18.474998474121094,-77.47500610351562,1052.5714502632618,0.0004108790115725839,2008,2015
JAM,Jamaica,2009,17.724998474121094,-77.22500610351562,37.25282335296532,1.4541913742507582e-05,2009,2015
JAM,Jamaica,2009,17.724998474121094,-77.17500305175781,32.723720908220024,1.2773945273153332e-05,2009,2015
JAM,Jamaica,2009,17.774993896484375,-77.2750015258789,2872.108346313318,0.0011211486290716218,2009,2015
JAM,Jamaica,2009,17.774993896484375,-77.22500610351562,4467.529142856627,0.0017439328778388707,2009,2015
JAM,Jamaica,2009,17.824996948242188,-77.32500457763672,782.8450663687883,0.000305589332680106,2009,2015
JAM,Jamaica,2009,17.824996948242188,-77.2750015258789,6733.9551615715845,0.0026286489530650005,2009,2015
JAM,Jamaica,2009,17.824996948242188,-77.22500610351562,4500.335195705295,0.0017567389619908655,2009,2015
JAM,Jamaica,2009,17.824996948242188,-77.17500305175781,1337.5758312941307,0.0005221325690793268,2009,2015
JAM,Jamaica,2009,17.875,-77.72500610351562,3386.7889660001156,0.0013220579965445706,2009,2015
JAM,Jamaica,2009,17.875,-77.67500305175781,6254.112588763237,0.0024413388735671877,2009,2015
JAM,Jamaica,2009,17.875,-77.62500762939453,6811.496182441711,0.002658917661192585,2009,2015
JAM,Jamaica,2009,17.875,-77.57500457763672,7793.393462181091,0.0030422084902039736,2009,2015
JAM,Jamaica,2009,17.875,-77.5250015258789,3077.5111001729965,0.001201329105616984,2009,2015
JAM,Jamaica,2009,17.875,-77.47500610351562,2019.0539751648903,0.0007881525775945719,2009,2015
JAM,Jamaica,2009,17.875,-77.42500305175781,399.28233566880226,0.0001558627980807929,2009,2015
JAM,Jamaica,2009,17.875,-77.37500762939453,2982.2755010724363,0.0011641531886612524,2009,2015
JAM,Jamaica,2009,17.875,-77.32500457763672,4491.612653493881,0.0017533340534487145,2009,2015
JAM,Jamaica,2009,17.875,-77.2750015258789,2482.307016670704,0.0009689868114646765,2009,2015
JAM,Jamaica,2009,17.875,-77.22500610351562,10273.295089721683,0.004010256340320249,2009,2015
JAM,Jamaica,2009,17.875,-77.17500305175781,563.1533727645874,0.0002198310633519534,2009,2015
JAM,Jamaica,2009,17.875,-77.0250015258789,8.879753857853213,3.4662772652726126e-06,2009,2015
JAM,Jamaica,2009,17.875,-76.97500610351562,3.279618024856661,1.2802230309892036e-06,2009,2015
JAM,Jamaica,2009,17.875,-76.92500305175781,3195.7405979635796,0.0012474808601404112,2009,2015
JAM,Jamaica,2009,17.875,-76.57500457763672,11160.83635520958,0.0043567146047946825,2009,2015
JAM,Jamaica,2009,17.875,-76.5250015258789,1720.2556212246418,0.0006715144412516395,2009,2015
JAM,Jamaica,2009,17.875,-76.47500610351562,3135.06047648248,0.0012237939281701182,2009,2015
JAM,Jamaica,2009,17.875,-76.42500305175781,7664.432469070079,0.002991867617508235,2009,2015
JAM,Jamaica,2009,17.875,-76.37500762939453,10348.328077375889,0.00403954601922517,2009,2015
JAM,Jamaica,2009,17.92499542236328,-77.7750015258789,2946.988478243351,0.0011503786396197336,2009,2015
JAM,Jamaica,2009,17.92499542236328,-77.72500610351562,3677.5523229837418,0.0014355596126952633,2009,2015
JAM,Jamaica,2009,17.92499542236328,-77.67500305175781,4508.124064922333,0.0017597794044086836,2009,2015
JAM,Jamaica,2009,17.92499542236328,-77.62500762939453,8277.670184135437,0.003231249472452205,2009,2015
JAM,Jamaica,2009,17.92499542236328,-77.57500457763672,8711.530037879944,0.003400609859172729,2009,2015
JAM,Jamaica,2009,17.92499542236328,-77.5250015258789,2894.978051662445,0.0011300759868547493,2009,2015
JAM,Jamaica,2009,17.92499542236328,-77.47500610351562,3420.008719444275,0.0013350255717684732,2009,2015
JAM,Jamaica,2009,17.92499542236328,-77.42500305175781,5296.849600315094,0.0020676642214471665,2009,2015
JAM,Jamaica,2009,17.92499542236328,-77.37500762939453,1533.131218135357,0.0005984690534414295,2009,2015
JAM,Jamaica,2009,17.92499542236328,-77.32500457763672,3186.089334487915,0.0012437134184182213,2009,2015
JAM,Jamaica,2009,17.92499542236328,-77.2750015258789,2686.602597236877,0.0010487350947671371,2009,2015
JAM,Jamaica,2009,17.92499542236328,-77.22500610351562,16382.214745163918,0.006394918083878508,2009,2015
JAM,Jamaica,2009,17.92499542236328,-77.17500305175781,21507.020120620902,0.00839542357606431,2009,2015
JAM,Jamaica,2009,17.92499542236328,-77.12500762939453,27331.380294680625,0.010669005431967617,2009,2015
JAM,Jamaica,2009,17.92499542236328,-77.07500457763672,11773.991279602296,0.004596064141790323,2009,2015
JAM,Jamaica,2009,17.92499542236328,-77.0250015258789,657.3043057919134,0.0002565835729238487,2009,2015
JAM,Jamaica,2009,17.92499542236328,-76.97500610351562,1229.8702009916306,0.0004800888836759036,2009,2015
JAM,Jamaica,2009,17.92499542236328,-76.92500305175781,37883.45784521103,0.014788086557448255,2009,2015
JAM,Jamaica,2009,17.92499542236328,-76.62500762939453,2744.2979559898376,0.0010712569026413796,2009,2015
JAM,Jamaica,2009,17.92499542236328,-76.57500457763672,3113.8665415346622,0.0012155207196952779,2009,2015
JAM,Jamaica,2009,17.92499542236328,-76.5250015258789,1550.9894043803215,0.0006054401278620543,2009,2015
JAM,Jamaica,2009,17.92499542236328,-76.47500610351562,6492.041020393548,0.00253421598778953,2009,2015
JAM,Jamaica,2009,17.92499542236328,-76.42500305175781,5403.5474314690455,0.002109314505036474,2009,2015
JAM,Jamaica,2009,17.92499542236328,-76.37500762939453,2983.7575629353523,0.0011647317224160601,2009,2015
JAM,Jamaica,2009,17.92499542236328,-76.32500457763672,2717.966880828201,0.0010609783736794257,2009,2015
JAM,Jamaica,2009,17.92499542236328,-76.2750015258789,5260.613334923983,0.0020535191285860044,2009,2015
JAM,Jamaica,2009,17.92499542236328,-76.22500610351562,1046.057366401007,0.00040833619099925865,2009,2015
JAM,Jamaica,2009,17.974998474121094,-77.82500457763672,1743.0253016352654,0.0006804027535639302,2009,2015
JAM,Jamaica,2009,17.974998474121094,-77.7750015258789,3171.5928962828475,0.0012380546270843585,2009,2015
JAM,Jamaica,2009,17.974998474121094,-77.72500610351562,4074.59511500597,0.001590548188432625,2009,2015
JAM,Jamaica,2009,17.974998474121094,-77.67500305175781,2871.9228999614716,0.001121076238723463,2009,2015
JAM,Jamaica,2009,17.974998474121094,-77.62500762939453,3527.836991786957,0.0013771171313948143,2009,2015
JAM,Jamaica,2009,17.974998474121094,-77.57500457763672,6822.9962792396545,0.0026634068086078466,2009,2015
JAM,Jamaica,2009,17.974998474121094,-77.5250015258789,7615.111698150635,0.002972614891624106,2009,2015
JAM,Jamaica,2009,17.974998474121094,-77.47500610351562,7303.96382522583,0.0028511560296643973,2009,2015
JAM,Jamaica,2009,17.974998474121094,-77.42500305175781,3141.621869325655,0.0012263552161522963,2009,2015
JAM,Jamaica,2009,17.974998474121094,-77.37500762939453,2506.170512288809,0.0009783021025926862,2009,2015
JAM,Jamaica,2009,17.974998474121094,-77.32500457763672,7943.978297472,0.0031009903888263176,2009,2015
JAM,Jamaica,2009,17.974998474121094,-77.2750015258789,23560.999534606934,0.009197209555721973,2009,2015
JAM,Jamaica,2009,17.974998474121094,-77.22500610351562,32934.7033816576,0.012856303834297556,2009,2015
JAM,Jamaica,2009,17.974998474121094,-77.17500305175781,3862.6260957718164,0.001507804521876634,2009,2015
JAM,Jamaica,2009,17.974998474121094,-77.12500762939453,10877.242417395122,0.0042460116241770365,2009,2015
JAM,Jamaica,2009,17.974998474121094,-77.07500457763672,3330.2643093174165,0.0012999931808387502,2009,2015
JAM,Jamaica,2009,17.974998474121094,-77.0250015258789,4189.095424473286,0.0016352442268506523,2009,2015
JAM,Jamaica,2009,17.974998474121094,-76.97500610351562,55943.26543241739,0.021837865352765634,2009,2015
JAM,Jamaica,2009,17.974998474121094,-76.92500305175781,50207.45789241791,0.01959885066923406,2009,2015
JAM,Jamaica,2009,17.974998474121094,-76.87500762939453,131112.0196158886,0.05118054172150276,2009,2015
JAM,Jamaica,2009,17.974998474121094,-76.7750015258789,132005.9269117117,0.0515294850127667,2009,2015
JAM,Jamaica,2009,17.974998474121094,-76.72500610351562,26517.37609457972,0.010351252902132478,2009,2015
JAM,Jamaica,2009,17.974998474121094,-76.67500305175781,2310.01426172274,0.0009017310666537841,2009,2015
JAM,Jamaica,2009,17.974998474121094,-76.62500762939453,1440.882320404289,0.0005624590173446671,2009,2015
JAM,Jamaica,2009,17.974998474121094,-76.57500457763672,1862.6867088079453,0.0007271134644522011,2009,2015
JAM,Jamaica,2009,17.974998474121094,-76.5250015258789,3302.0119148499234,0.0012889646507466038,2009,2015
JAM,Jamaica,2009,17.974998474121094,-76.47500610351562,1404.0370185375468,0.0005480761826132919,2009,2015
JAM,Jamaica,2009,17.974998474121094,-76.42500305175781,1408.0425560475078,0.0005496397736573944,2009,2015
JAM,Jamaica,2009,17.974998474121094,-76.37500762939453,1252.0490500928295,0.0004887465606385828,2009,2015
JAM,Jamaica,2009,17.974998474121094,-76.32500457763672,847.0189888482618,0.0003306400955812913,2009,2015
JAM,Jamaica,2009,17.974998474121094,-76.2750015258789,2402.0535790922672,0.0009376592915140995,2009,2015
JAM,Jamaica,2009,18.024993896484375,-77.82500457763672,1944.3338215351182,0.0007589850157532606,2009,2015
JAM,Jamaica,2009,18.024993896484375,-77.7750015258789,3687.562673717953,0.0014394672267713804,2009,2015
JAM,Jamaica,2009,18.024993896484375,-77.72500610351562,4827.434100151062,0.0018844244264897717,2009,2015
JAM,Jamaica,2009,18.024993896484375,-77.67500305175781,5825.073078632355,0.0022738601434495586,2009,2015
JAM,Jamaica,2009,18.024993896484375,-77.62500762939453,3277.1519998908043,0.0012792603999960952,2009,2015
JAM,Jamaica,2009,18.024993896484375,-77.57500457763672,5741.18874168396,0.002241115275209823,2009,2015
JAM,Jamaica,2009,18.024993896484375,-77.5250015258789,27300.973915100098,0.01065713607793524,2009,2015
JAM,Jamaica,2009,18.024993896484375,-77.47500610351562,16058.532822012901,0.006268566463173862,2009,2015
JAM,Jamaica,2009,18.024993896484375,-77.42500305175781,7152.399000167847,0.0027919915848246477,2009,2015
JAM,Jamaica,2009,18.024993896484375,-77.37500762939453,5199.399606227875,0.0020296238991124723,2009,2015
JAM,Jamaica,2009,18.024993896484375,-77.32500457763672,4047.8562272787094,0.0015801104668345526,2009,2015
JAM,Jamaica,2009,18.024993896484375,-77.2750015258789,1188.449056118744,0.0004639198349530642,2009,2015
JAM,Jamaica,2009,18.024993896484375,-77.22500610351562,2752.3998178243637,0.0010744195240307733,2009,2015
JAM,Jamaica,2009,18.024993896484375,-77.17500305175781,3054.1369990110397,0.0011922048532164269,2009,2015
JAM,Jamaica,2009,18.024993896484375,-77.12500762939453,3552.553558051595,0.0013867654249275173,2009,2015
JAM,Jamaica,2009,18.024993896484375,-77.07500457763672,4456.663898527958,0.0017396915497569227,2009,2015
JAM,Jamaica,2009,18.024993896484375,-77.0250015258789,12908.620754987001,0.005038975107341009,2009,2015
JAM,Jamaica,2009,18.024993896484375,-76.97500610351562,68851.36805057526,0.026876638201582374,2009,2015
JAM,Jamaica,2009,18.024993896484375,-76.92500305175781,21772.016379833854,0.008498866815977968,2009,2015
JAM,Jamaica,2009,18.024993896484375,-76.87500762939453,18716.538140417113,0.007306138399698875,2009,2015
JAM,Jamaica,2009,18.024993896484375,-76.82500457763672,213359.7537841797,0.08328655002212672,2009,2015
JAM,Jamaica,2009,18.024993896484375,-76.7750015258789,80815.8085861206,0.03154704561196225,2009,2015
JAM,Jamaica,2009,18.024993896484375,-76.72500610351562,23586.476266860962,0.00920715458564276,2009,2015
JAM,Jamaica,2009,18.024993896484375,-76.67500305175781,7080.929918766022,0.0027640931029524313,2009,2015
JAM,Jamaica,2009,18.024993896484375,-76.62500762939453,3160.290864646435,0.0012336427958624782,2009,2015
JAM,Jamaica,2009,18.024993896484375,-76.57500457763672,321.131494164482,0.00012535604198092955,2009,2015
JAM,Jamaica,2009,18.024993896484375,-76.5250015258789,12.716045051822269,4.963801764429769e-06,2009,2015
JAM,Jamaica,2009,18.024993896484375,-76.47500610351562,0.0,0.0,2009,2015
JAM,Jamaica,2009,18.024993896484375,-76.42500305175781,282.9625854494288,0.00011045652757578132,2009,2015
JAM,Jamaica,2009,18.024993896484375,-76.37500762939453,196.20182874798775,7.658882771762779e-05,2009,2015
JAM,Jamaica,2009,18.024993896484375,-76.32500457763672,595.8416051864624,0.00023259115543329916,2009,2015
JAM,Jamaica,2009,18.024993896484375,-76.2750015258789,4987.002027511616,0.001946712941208836,2009,2015
JAM,Jamaica,2009,18.074996948242188,-77.97500610351562,3850.3797376155853,0.0015030240658483638,2009,2015
JAM,Jamaica,2009,18.074996948242188,-77.92500305175781,2937.7323222757814,0.0011467654310209582,2009,2015
JAM,Jamaica,2009,18.074996948242188,-77.87500762939453,5138.363800048828,0.002005798123002822,2009,2015
JAM,Jamaica,2009,18.074996948242188,-77.82500457763672,1016.2765542268877,0.00039671103180757584,2009,2015
JAM,Jamaica,2009,18.074996948242188,-77.7750015258789,4980.63054072858,0.001944225784454768,2009,2015
JAM,Jamaica,2009,18.074996948242188,-77.72500610351562,4176.773107588291,0.0016304341197736227,2009,2015
JAM,Jamaica,2009,18.074996948242188,-77.67500305175781,4754.5580460727215,0.0018559767224792462,2009,2015
JAM,Jamaica,2009,18.074996948242188,-77.62500762939453,1733.8478590846062,0.0006768202713267046,2009,2015
JAM,Jamaica,2009,18.074996948242188,-77.57500457763672,3090.1998929977417,0.0012062822692740227,2009,2015
JAM,Jamaica,2009,18.074996948242188,-77.5250015258789,11286.097254276368,0.004405611118550953,2009,2015
JAM,Jamaica,2009,18.074996948242188,-77.47500610351562,10831.245708465576,0.004228056470352717,2009,2015
JAM,Jamaica,2009,18.074996948242188,-77.42500305175781,4006.0844094753265,0.0015638045303526622,2009,2015
JAM,Jamaica,2009,18.074996948242188,-77.37500762939453,3721.6975351572037,0.001452792021135524,2009,2015
JAM,Jamaica,2009,18.074996948242188,-77.32500457763672,3306.8131588101387,0.0012908388516592343,2009,2015
JAM,Jamaica,2009,18.074996948242188,-77.2750015258789,7471.016190588658,0.0029163661498362616,2009,2015
JAM,Jamaica,2009,18.074996948242188,-77.22500610351562,3155.535576224327,0.0012317865340323389,2009,2015
JAM,Jamaica,2009,18.074996948242188,-77.17500305175781,3015.2239071130753,0.0011770148414293224,2009,2015
JAM,Jamaica,2009,18.074996948242188,-77.12500762939453,4788.171778678894,0.0018690980903683667,2009,2015
JAM,Jamaica,2009,18.074996948242188,-77.07500457763672,2939.8488038778305,0.0011475916151896853,2009,2015
JAM,Jamaica,2009,18.074996948242188,-77.0250015258789,1992.6495432257652,0.0007778454132746867,2009,2015
JAM,Jamaica,2009,18.074996948242188,-76.97500610351562,1749.8922638299207,0.0006830833227911695,2009,2015
JAM,Jamaica,2009,18.074996948242188,-76.92500305175781,3386.793187767267,0.0013220596445424465,2009,2015
JAM,Jamaica,2009,18.074996948242188,-76.87500762939453,11947.552815198898,0.004663815164464475,2009,2015
JAM,Jamaica,2009,18.074996948242188,-76.82500457763672,28589.824726104736,0.011160248476773018,2009,2015
JAM,Jamaica,2009,18.074996948242188,-76.7750015258789,16741.63724960387,0.0065352213035072505,2009,2015
JAM,Jamaica,2009,18.074996948242188,-76.72500610351562,5527.171629905766,0.0021575721206571795,2009,2015
JAM,Jamaica,2009,18.074996948242188,-76.67500305175781,4888.974880218804,0.00190844732287302,2009,2015
JAM,Jamaica,2009,18.074996948242188,-76.62500762939453,379.8402948379663,0.0001482734543668534,2009,2015
JAM,Jamaica,2009,18.074996948242188,-76.57500457763672,18.035227358341217,7.0401837220918836e-06,2009,2015
JAM,Jamaica,2009,18.074996948242188,-76.5250015258789,1.2353800535202026,4.822396951579024e-07,2009,2015
JAM,Jamaica,2009,18.074996948242188,-76.47500610351562,343.21589839458466,0.00013397685169314858,2009,2015
JAM,Jamaica,2009,18.074996948242188,-76.42500305175781,2127.7310907244682,0.0008305754894173374,2009,2015
JAM,Jamaica,2009,18.074996948242188,-76.37500762939453,1.375702977180481,5.370157810569546e-07,2009,2015
JAM,Jamaica,2009,18.074996948242188,-76.32500457763672,823.782040089516,0.0003215693816306438,2009,2015
JAM,Jamaica,2009,18.125,-78.0250015258789,1086.3566074371836,0.0004240672963032532,2009,2015
JAM,Jamaica,2009,18.125,-77.97500610351562,4059.871194124222,0.0015848005975618556,2009,2015
JAM,Jamaica,2009,18.125,-77.92500305175781,2409.122631788254,0.0009404187482557344,2009,2015
JAM,Jamaica,2009,18.125,-77.87500762939453,3314.623690366745,0.0012938877501307178,2009,2015
JAM,Jamaica,2009,18.125,-77.82500457763672,3483.002028644085,0.0013596154735877088,2009,2015
JAM,Jamaica,2009,18.125,-77.7750015258789,3079.0873334407806,0.0012019443998726974,2009,2015
JAM,Jamaica,2009,18.125,-77.72500610351562,1997.503375232382,0.0007797401423182298,2009,2015
JAM,Jamaica,2009,18.125,-77.67500305175781,910.4529508054353,0.00035540200944716467,2009,2015
JAM,Jamaica,2009,18.125,-77.62500762939453,2313.190209031105,0.0009029708210576692,2009,2015
JAM,Jamaica,2009,18.125,-77.57500457763672,3173.6743209958076,0.001238867126538443,2009,2015
JAM,Jamaica,2009,18.125,-77.5250015258789,4909.338473320067,0.0019163964012975019,2009,2015
JAM,Jamaica,2009,18.125,-77.47500610351562,9300.222560286522,0.0036304103175321956,2009,2015
JAM,Jamaica,2009,18.125,-77.42500305175781,5065.999526381493,0.0019775501962419678,2009,2015
JAM,Jamaica,2009,18.125,-77.37500762939453,4895.9724115135095,0.0019111788607093327,2009,2015
JAM,Jamaica,2009,18.125,-77.32500457763672,5215.0324639081955,0.0020357263001515072,2009,2015
JAM,Jamaica,2009,18.125,-77.2750015258789,5140.837053775787,0.0020067635757960237,2009,2015
JAM,Jamaica,2009,18.125,-77.22500610351562,4181.0271885407665,0.001632094731579563,2009,2015
JAM,Jamaica,2009,18.125,-77.17500305175781,1922.4907034635544,0.0007504583938686724,2009,2015
JAM,Jamaica,2009,18.125,-77.12500762939453,2424.8122565299273,0.0009465433087349221,2009,2015
JAM,Jamaica,2009,18.125,-77.07500457763672,2909.1824957729855,0.0011356207961450043,2009,2015
JAM,Jamaica,2009,18.125,-77.0250015258789,17934.782685279846,0.007000974404781534,2009,2015
JAM,Jamaica,2009,18.125,-76.97500610351562,5008.344045042992,0.001955043954809921,2009,2015
JAM,Jamaica,2009,18.125,-76.92500305175781,2802.927964001894,0.0010941435577320733,2009,2015
JAM,Jamaica,2009,18.125,-76.87500762939453,12743.135047912598,0.004974376543761202,2009,2015
JAM,Jamaica,2009,18.125,-76.82500457763672,15766.188570737839,0.006154447733302572,2009,2015
JAM,Jamaica,2009,18.125,-76.7750015258789,3681.0645376443863,0.0014369306315347307,2009,2015
JAM,Jamaica,2009,18.125,-76.72500610351562,1260.1870017651704,0.0004919232699617558,2009,2015
JAM,Jamaica,2009,18.125,-76.67500305175781,272.4658896923065,0.00010635906514091685,2009,2015
JAM,Jamaica,2009,18.125,-76.62500762939453,203.9064043762364,7.959636551273828e-05,2009,2015
JAM,Jamaica,2009,18.125,-76.57500457763672,187.4562919139862,7.31749430553301e-05,2009,2015
JAM,Jamaica,2009,18.125,-76.5250015258789,1331.6091477871166,0.0005198034302630353,2009,2015
JAM,Jamaica,2009,18.125,-76.47500610351562,2747.9163507227645,0.0010726693696534505,2009,2015
JAM,Jamaica,2009,18.125,-76.42500305175781,1308.2166427373886,0.0005106719937694509,2009,2015
JAM,Jamaica,2009,18.125,-76.37500762939453,903.9423410892487,0.0003528605450323237,2009,2015
JAM,Jamaica,2009,18.17499542236328,-78.0250015258789,3165.5393142700195,0.0012356915667968292,2009,2015
JAM,Jamaica,2009,18.17499542236328,-77.97500610351562,3168.678978919983,0.001236917157998,2009,2015
JAM,Jamaica,2009,18.17499542236328,-77.92500305175781,4011.6288945674896,0.0015659688609107227,2009,2015
JAM,Jamaica,2009,18.17499542236328,-77.87500762939453,3320.21787750721,0.0012960714822490946,2009,2015
JAM,Jamaica,2009,18.17499542236328,-77.82500457763672,702.2933917045781,0.0002741453936883454,2009,2015
JAM,Jamaica,2009,18.17499542236328,-77.7750015258789,2998.3154708744905,0.0011704145089129784,2009,2015
JAM,Jamaica,2009,18.17499542236328,-77.72500610351562,5126.696618974209,0.002001243753010572,2009,2015
JAM,Jamaica,2009,18.17499542236328,-77.67500305175781,2155.636859089449,0.0008414687114595171,2009,2015
JAM,Jamaica,2009,18.17499542236328,-77.62500762939453,4460.6405210494995,0.001741243853622508,2009,2015
JAM,Jamaica,2009,18.17499542236328,-77.57500457763672,3052.722190618515,0.0011916525723487104,2009,2015
JAM,Jamaica,2009,18.17499542236328,-77.5250015258789,6897.860792756081,0.00269263072239327,2009,2015
JAM,Jamaica,2009,18.17499542236328,-77.47500610351562,29441.10595703125,0.011492552369915754,2009,2015
JAM,Jamaica,2009,18.17499542236328,-77.42500305175781,8337.348487138748,0.0032545453372072263,2009,2015
JAM,Jamaica,2009,18.17499542236328,-77.37500762939453,5003.752392292023,0.001953251569368219,2009,2015
JAM,Jamaica,2009,18.17499542236328,-77.32500457763672,3894.0356826783654,0.001520065485271412,2009,2015
JAM,Jamaica,2009,18.17499542236328,-77.2750015258789,5329.977594375633,0.002080595977720408,2009,2015
JAM,Jamaica,2009,18.17499542236328,-77.22500610351562,4641.241324841976,0.00181174270643949,2009,2015
JAM,Jamaica,2009,18.17499542236328,-77.17500305175781,397.94500941072437,0.00015534076293445518,2009,2015
JAM,Jamaica,2009,18.17499542236328,-77.12500762939453,653.2399521470213,0.0002549970225686429,2009,2015
JAM,Jamaica,2009,18.17499542236328,-77.07500457763672,10272.415641784668,0.004009913041346103,2009,2015
JAM,Jamaica,2009,18.17499542236328,-77.0250015258789,13069.73504281044,0.005101867255246558,2009,2015
JAM,Jamaica,2009,18.17499542236328,-76.97500610351562,3122.0337935689495,0.0012187088666303603,2009,2015
JAM,Jamaica,2009,18.17499542236328,-76.92500305175781,2035.6309342384338,0.0007946235155601734,2009,2015
JAM,Jamaica,2009,18.17499542236328,-76.87500762939453,4215.572104811951,0.0016455795938649803,2009,2015
JAM,Jamaica,2009,18.17499542236328,-76.82500457763672,5044.217968195677,0.0019690476047118056,2009,2015
JAM,Jamaica,2009,18.17499542236328,-76.7750015258789,35.20541858691209,1.3742694225053877e-05,2009,2015
JAM,Jamaica,2009,18.17499542236328,-76.72500610351562,911.4114730358124,0.00035577617565363853,2009,2015
JAM,Jamaica,2009,18.17499542236328,-76.67500305175781,2058.2365587353825,0.0008034477874392597,2009,2015
JAM,Jamaica,2009,18.17499542236328,-76.62500762939453,2456.478136777878,0.0009589043181216004,2009,2015
JAM,Jamaica,2009,18.17499542236328,-76.57500457763672,3526.54194688797,0.00137661160108815,2009,2015
JAM,Jamaica,2009,18.17499542236328,-76.5250015258789,4217.786390006542,0.0016464439563858009,2009,2015
JAM,Jamaica,2009,18.17499542236328,-76.47500610351562,10986.265908122063,0.004288569746095386,2009,2015
JAM,Jamaica,2009,18.17499542236328,-76.42500305175781,11099.29676103592,0.004332692171333916,2009,2015
JAM,Jamaica,2009,18.224998474121094,-78.32500457763672,1714.9704136850075,0.000669451321594254,2009,2015
JAM,Jamaica,2009,18.224998474121094,-78.2750015258789,1897.4566927552223,0.0007406861835612731,2009,2015
JAM,Jamaica,2009,18.224998474121094,-78.22500610351562,5722.624983400106,0.0022338687755514533,2009,2015
JAM,Jamaica,2009,18.224998474121094,-78.17500305175781,2569.8585425913334,0.0010031631939068778,2009,2015
JAM,Jamaica,2009,18.224998474121094,-78.12500762939453,31718.7813038826,0.01238165970316468,2009,2015
JAM,Jamaica,2009,18.224998474121094,-78.07500457763672,3287.287734389305,0.0012832169585473123,2009,2015
JAM,Jamaica,2009,18.224998474121094,-78.0250015258789,1794.9849682451777,0.0007006855918006903,2009,2015
JAM,Jamaica,2009,18.224998474121094,-77.97500610351562,4139.638875961304,0.001615938499184077,2009,2015
JAM,Jamaica,2009,18.224998474121094,-77.92500305175781,2809.496814727783,0.001096707756953652,2009,2015
JAM,Jamaica,2009,18.224998474121094,-77.87500762939453,2585.898056864745,0.0010094243363396459,2009,2015
JAM,Jamaica,2009,18.224998474121094,-77.82500457763672,928.4259758293629,0.00036241791203026595,2009,2015
JAM,Jamaica,2009,18.224998474121094,-77.7750015258789,2040.2069007456303,0.000796409777761182,2009,2015
JAM,Jamaica,2009,18.224998474121094,-77.72500610351562,1091.8017982545662,0.0004261928666104382,2009,2015
JAM,Jamaica,2009,18.224998474121094,-77.67500305175781,565.9384661316886,0.000220918245043539,2009,2015
JAM,Jamaica,2009,18.224998474121094,-77.62500762939453,1661.1249838769436,0.0006484323618156045,2009,2015
JAM,Jamaica,2009,18.224998474121094,-77.57500457763672,2647.214574933215,0.0010333596904011154,2009,2015
JAM,Jamaica,2009,18.224998474121094,-77.5250015258789,5374.823352575302,0.0020981018494573758,2009,2015
JAM,Jamaica,2009,18.224998474121094,-77.47500610351562,5510.295352458954,0.0021509843415618633,2009,2015
JAM,Jamaica,2009,18.224998474121094,-77.42500305175781,2999.102029323578,0.0011707215477919299,2009,2015
JAM,Jamaica,2009,18.224998474121094,-77.37500762939453,3109.140193462372,0.001213675754943664,2009,2015
JAM,Jamaica,2009,18.224998474121094,-77.32500457763672,1098.1755421163107,0.0004286809044317903,2009,2015
JAM,Jamaica,2009,18.224998474121094,-77.2750015258789,781.0365877151489,0.0003048833797289105,2009,2015
JAM,Jamaica,2009,18.224998474121094,-77.22500610351562,1482.4800940752618,0.0005786970144186658,2009,2015
JAM,Jamaica,2009,18.224998474121094,-77.17500305175781,1016.902143478438,0.0003969552351756827,2009,2015
JAM,Jamaica,2009,18.224998474121094,-77.12500762939453,319.5615915663611,0.00012474321894870706,2009,2015
JAM,Jamaica,2009,18.224998474121094,-77.07500457763672,1048.8121374848683,0.0004094115361644374,2009,2015
JAM,Jamaica,2009,18.224998474121094,-77.0250015258789,3740.8646018505096,0.0014602740266713207,2009,2015
JAM,Jamaica,2009,18.224998474121094,-76.97500610351562,4075.4677126407623,0.001590888813340886,2009,2015
JAM,Jamaica,2009,18.224998474121094,-76.92500305175781,3030.010111987591,0.0011827867453150216,2009,2015
JAM,Jamaica,2009,18.224998474121094,-76.87500762939453,4209.7218544483185,0.001643295905583049,2009,2015
JAM,Jamaica,2009,18.224998474121094,-76.82500457763672,2207.902637243271,0.0008618710425901432,2009,2015
JAM,Jamaica,2009,18.224998474121094,-76.7750015258789,1918.1124982239983,0.0007487493292338292,2009,2015
JAM,Jamaica,2009,18.224998474121094,-76.72500610351562,2714.0036773085963,0.0010594313080199982,2009,2015
JAM,Jamaica,2009,18.224998474121094,-76.67500305175781,8372.77447748185,0.0032683741332405146,2009,2015
JAM,Jamaica,2009,18.224998474121094,-76.62500762939453,2487.023796320553,0.0009708280411121755,2009,2015
JAM,Jamaica,2009,18.274993896484375,-78.32500457763672,10916.31903886836,0.004261265470937277,2009,2015
JAM,Jamaica,2009,18.274993896484375,-78.2750015258789,2180.13681906553,0.0008510324511334578,2009,2015
JAM,Jamaica,2009,18.274993896484375,-78.22500610351562,2813.137803138108,0.001098129043573964,2009,2015
JAM,Jamaica,2009,18.274993896484375,-78.17500305175781,2633.550939768719,0.0010280259898628077,2009,2015
JAM,Jamaica,2009,18.274993896484375,-78.12500762939453,4552.583830833454,0.0017771346012152671,2009,2015
JAM,Jamaica,2009,18.274993896484375,-78.07500457763672,10955.058003485374,0.004276387510858845,2009,2015
JAM,Jamaica,2009,18.274993896484375,-78.0250015258789,4200.405325174332,0.0016396591298198215,2009,2015
JAM,Jamaica,2009,18.274993896484375,-77.97500610351562,4215.140975415707,0.0016454112993324384,2009,2015
JAM,Jamaica,2009,18.274993896484375,-77.92500305175781,5167.0558769106865,0.0020169982863532687,2009,2015
JAM,Jamaica,2009,18.274993896484375,-77.87500762939453,2348.6299627423396,0.0009168049897229944,2009,2015
JAM,Jamaica,2009,18.274993896484375,-77.82500457763672,869.5739732683285,0.00033944459973370215,2009,2015
JAM,Jamaica,2009,18.274993896484375,-77.7750015258789,23.020932763814926,8.986390517346272e-06,2009,2015
JAM,Jamaica,2009,18.274993896484375,-77.72500610351562,33.618502021093796,1.3123229665333492e-05,2009,2015
JAM,Jamaica,2009,18.274993896484375,-77.67500305175781,43.381960123928415,1.693446738588887e-05,2009,2015
JAM,Jamaica,2009,18.274993896484375,-77.62500762939453,1034.4381461143635,0.00040380054285354267,2009,2015
JAM,Jamaica,2009,18.274993896484375,-77.57500457763672,3706.0839977264404,0.001446697161898083,2009,2015
JAM,Jamaica,2009,18.274993896484375,-77.5250015258789,6309.876140832901,0.0024631065864862767,2009,2015
JAM,Jamaica,2009,18.274993896484375,-77.47500610351562,135.9617919921875,5.307368605847611e-05,2009,2015
JAM,Jamaica,2009,18.274993896484375,-77.42500305175781,432.33637005105976,0.00016876568364934157,2009,2015
JAM,Jamaica,2009,18.274993896484375,-77.37500762939453,2669.0009827019467,0.001041864175001657,2009,2015
JAM,Jamaica,2009,18.274993896484375,-77.32500457763672,2672.558784783304,0.0010432529892262813,2009,2015
JAM,Jamaica,2009,18.274993896484375,-77.2750015258789,1624.0184956789312,0.0006339475710777256,2009,2015
JAM,Jamaica,2009,18.274993896484375,-77.22500610351562,1317.2700949311256,0.0005142060754583965,2009,2015
JAM,Jamaica,2009,18.274993896484375,-77.17500305175781,887.6702960134355,0.0003465086324896242,2009,2015
JAM,Jamaica,2009,18.274993896484375,-77.12500762939453,4618.813044369221,0.0018029876621053372,2009,2015
JAM,Jamaica,2009,18.274993896484375,-77.07500457763672,1276.8472344279437,0.0004984267143857304,2009,2015
JAM,Jamaica,2009,18.274993896484375,-77.0250015258789,2939.758930757642,0.0011475565325558357,2009,2015
JAM,Jamaica,2009,18.274993896484375,-76.97500610351562,4346.392342567444,0.00169664623639003,2009,2015
JAM,Jamaica,2009,18.274993896484375,-76.92500305175781,3868.8436800243962,0.001510231601645357,2009,2015
JAM,Jamaica,2009,18.274993896484375,-76.87500762939453,9501.37095952034,0.0037089300754411976,2009,2015
JAM,Jamaica,2009,18.274993896484375,-76.82500457763672,2956.8238567710177,0.0011542179520073908,2009,2015
JAM,Jamaica,2009,18.274993896484375,-76.7750015258789,6309.091049104945,0.0024628001201527127,2009,2015
JAM,Jamaica,2009,18.324996948242188,-78.32500457763672,1118.3292827047408,0.00043654806538356535,2009,2015
JAM,Jamaica,2009,18.324996948242188,-78.2750015258789,2593.010409206152,0.0010122006954165167,2009,2015
JAM,Jamaica,2009,18.324996948242188,-78.22500610351562,1481.2005683779716,0.0005781975421465908,2009,2015
JAM,Jamaica,2009,18.324996948242188,-78.17500305175781,7862.1792469620705,0.0030690595274936363,2009,2015
JAM,Jamaica,2009,18.324996948242188,-78.12500762939453,3961.720260798931,0.0015464866584373091,2009,2015
JAM,Jamaica,2009,18.324996948242188,-78.07500457763672,3071.3367235064507,0.0011989188922474378,2009,2015
JAM,Jamaica,2009,18.324996948242188,-78.0250015258789,2538.021337911551,0.000990735306767443,2009,2015
JAM,Jamaica,2009,18.324996948242188,-77.97500610351562,4158.628134489059,0.001623351095993946,2009,2015
JAM,Jamaica,2009,18.324996948242188,-77.92500305175781,4591.1148364543915,0.001792175462812329,2009,2015
JAM,Jamaica,2009,18.324996948242188,-77.87500762939453,1229.3441937869102,0.00047988355289260953,2009,2015
JAM,Jamaica,2009,18.324996948242188,-77.82500457763672,2257.8181802630424,0.0008813559421406135,2009,2015
JAM,Jamaica,2009,18.324996948242188,-77.7750015258789,1170.9621360005583,0.00045709368699720635,2009,2015
JAM,Jamaica,2009,18.324996948242188,-77.72500610351562,0.8989480137825012,3.5091097261445786e-07,2009,2015
JAM,Jamaica,2009,18.324996948242188,-77.67500305175781,0.0,0.0,2009,2015
JAM,Jamaica,2009,18.324996948242188,-77.62500762939453,0.4943540096282959,1.9297472565137024e-07,2009,2015
JAM,Jamaica,2009,18.324996948242188,-77.57500457763672,456.64114475250244,0.00017825323131494223,2009,2015
JAM,Jamaica,2009,18.324996948242188,-77.5250015258789,1540.6795887054984,0.0006014156154425817,2009,2015
JAM,Jamaica,2009,18.324996948242188,-77.47500610351562,189.18924698233604,7.385141481922337e-05,2009,2015
JAM,Jamaica,2009,18.324996948242188,-77.42500305175781,2073.5125460773706,0.0008094108815154875,2009,2015
JAM,Jamaica,2009,18.324996948242188,-77.37500762939453,5409.0604157447815,0.0021114665390190254,2009,2015
JAM,Jamaica,2009,18.324996948242188,-77.32500457763672,2802.937780559253,0.0010941473896974793,2009,2015
JAM,Jamaica,2009,18.324996948242188,-77.2750015258789,1113.5294466020296,0.00043467441403847226,2009,2015
JAM,Jamaica,2009,18.324996948242188,-77.22500610351562,492.9337164163766,0.0001924203037440397,2009,2015
JAM,Jamaica,2009,18.324996948242188,-77.17500305175781,4858.612440466881,0.0018965951210760947,2009,2015
JAM,Jamaica,2009,18.324996948242188,-77.12500762939453,3760.2091400625077,0.0014678253095204668,2009,2015
JAM,Jamaica,2009,18.324996948242188,-77.07500457763672,2412.6226264238358,0.0009417849969184904,2009,2015
JAM,Jamaica,2009,18.324996948242188,-77.0250015258789,3147.741034448147,0.0012287438772893148,2009,2015
JAM,Jamaica,2009,18.324996948242188,-76.97500610351562,3964.501080751419,0.001547572171970052,2009,2015
JAM,Jamaica,2009,18.324996948242188,-76.92500305175781,5405.986257791519,0.002110266518838981,2009,2015
JAM,Jamaica,2009,18.324996948242188,-76.87500762939453,7694.861479282379,0.003003745805574266,2009,2015
JAM,Jamaica,2009,18.324996948242188,-76.82500457763672,2938.1663930418235,0.0011469348737388463,2009,2015
JAM,Jamaica,2009,18.375,-78.2750015258789,5332.706449270372,0.002081661206310443,2009,2015
JAM,Jamaica,2009,18.375,-78.22500610351562,4766.426508575678,0.0018606096641582946,2009,2015
JAM,Jamaica,2009,18.375,-78.17500305175781,2358.850486755371,0.0009207946464851819,2009,2015
JAM,Jamaica,2009,18.375,-78.12500762939453,2174.584545493126,0.0008488650802848191,2009,2015
JAM,Jamaica,2009,18.375,-78.07500457763672,1390.4499187171843,0.0005427723582097967,2009,2015
JAM,Jamaica,2009,18.375,-78.0250015258789,1853.3392190635473,0.0007234646030415077,2009,2015
JAM,Jamaica,2009,18.375,-77.97500610351562,2490.2924797534943,0.0009721039957447419,2009,2015
JAM,Jamaica,2009,18.375,-77.92500305175781,4097.872359275818,0.0015996346320325692,2009,2015
JAM,Jamaica,2009,18.375,-77.87500762939453,2337.9651798009872,0.000912641913218798,2009,2015
JAM,Jamaica,2009,18.375,-77.82500457763672,2754.7778052687645,0.0010753477889295059,2009,2015
JAM,Jamaica,2009,18.375,-77.7750015258789,337.52836060523987,0.00013175667946200623,2009,2015
JAM,Jamaica,2009,18.375,-77.72500610351562,2945.083488702774,0.0011496350129335904,2009,2015
JAM,Jamaica,2009,18.375,-77.67500305175781,1151.3191031813622,0.0004494258845814934,2009,2015
JAM,Jamaica,2009,18.375,-77.62500762939453,859.1752522886553,0.0003353853824742196,2009,2015
JAM,Jamaica,2009,18.375,-77.57500457763672,73.88084173202515,2.883993026545851e-05,2009,2015
JAM,Jamaica,2009,18.375,-77.5250015258789,166.2063086926937,6.487985572447492e-05,2009,2015
JAM,Jamaica,2009,18.375,-77.47500610351562,1282.9581188857555,0.0005008121431043528,2009,2015
JAM,Jamaica,2009,18.375,-77.42500305175781,2082.791310250759,0.00081303291539378,2009,2015
JAM,Jamaica,2009,18.375,-77.37500762939453,12942.736834049225,0.005052292569866059,2009,2015
JAM,Jamaica,2009,18.375,-77.32500457763672,2893.3673310875893,0.0011294472302249253,2009,2015
JAM,Jamaica,2009,18.375,-77.2750015258789,4358.765266240057,0.0017014760981990263,2009,2015
JAM,Jamaica,2009,18.375,-77.22500610351562,2490.153722047806,0.0009720498306531967,2009,2015
JAM,Jamaica,2009,18.375,-77.17500305175781,2317.529034614563,0.0009046645135539564,2009,2015
JAM,Jamaica,2009,18.375,-77.12500762939453,5033.2303209305755,0.001964758495742848,2009,2015
JAM,Jamaica,2009,18.375,-77.07500457763672,10580.49174785614,0.004130172816509221,2009,2015
JAM,Jamaica,2009,18.375,-77.0250015258789,6508.1040897369385,0.002540486325117208,2009,2015
JAM,Jamaica,2009,18.375,-76.97500610351562,4823.888867616798,0.0018830405188803557,2009,2015
JAM,Jamaica,2009,18.375,-76.92500305175781,8364.89543914858,0.0032652984926446137,2009,2015
JAM,Jamaica,2009,18.42499542236328,-78.22500610351562,3201.491738215089,0.0012497258600607153,2009,2015
JAM,Jamaica,2009,18.42499542236328,-78.17500305175781,12046.77025771141,0.004702545423298785,2009,2015
JAM,Jamaica,2009,18.42499542236328,-78.12500762939453,2416.657140374195,0.0009433598991293425,2009,2015
JAM,Jamaica,2009,18.42499542236328,-78.07500457763672,7734.557563602924,0.0030192414642156323,2009,2015
JAM,Jamaica,2009,18.42499542236328,-78.0250015258789,6002.714305192492,0.0023432037035141175,2009,2015
JAM,Jamaica,2009,18.42499542236328,-77.97500610351562,4567.470498621464,0.001782945721538564,2009,2015
JAM,Jamaica,2009,18.42499542236328,-77.92500305175781,18430.745000243187,0.007194576944256094,2009,2015
JAM,Jamaica,2009,18.42499542236328,-77.87500762939453,13583.115226865571,0.00530226898810067,2009,2015
JAM,Jamaica,2009,18.42499542236328,-77.82500457763672,3528.4729647636414,0.0013773653881264422,2009,2015
JAM,Jamaica,2009,18.42499542236328,-77.7750015258789,4310.284405201682,0.00168255123731794,2009,2015
JAM,Jamaica,2009,18.42499542236328,-77.72500610351562,6149.492249846458,0.0024004995543611012,2009,2015
JAM,Jamaica,2009,18.42499542236328,-77.67500305175781,580.167842806345,0.00022647278694367743,2009,2015
JAM,Jamaica,2009,18.42499542236328,-77.62500762939453,1281.6299357862163,0.0005002936770572359,2009,2015
JAM,Jamaica,2009,18.42499542236328,-77.57500457763672,1957.319695204515,0.0007640541471042522,2009,2015
JAM,Jamaica,2009,18.42499542236328,-77.5250015258789,3155.03801727305,0.0012315923082341295,2009,2015
JAM,Jamaica,2009,18.42499542236328,-77.47500610351562,3746.668511390686,0.0014625396254717897,2009,2015
JAM,Jamaica,2009,18.42499542236328,-77.42500305175781,3513.807277381429,0.0013716405291307617,2009,2015
JAM,Jamaica,2009,18.42499542236328,-77.37500762939453,4746.679809570322,0.0018529013948839258,2009,2015
JAM,Jamaica,2009,18.42499542236328,-77.32500457763672,5477.047981143002,0.002138005985498464,2009,2015
JAM,Jamaica,2009,18.42499542236328,-77.2750015258789,4053.4628784656525,0.001582299064385196,2009,2015
JAM,Jamaica,2009,18.42499542236328,-77.22500610351562,14631.641464471817,0.005711568921143525,2009,2015
JAM,Jamaica,2009,18.42499542236328,-77.17500305175781,14582.488421499736,0.005692381669097974,2009,2015
JAM,Jamaica,2009,18.474998474121094,-77.92500305175781,49917.11043548584,0.01948551140272914,2009,2015
JAM,Jamaica,2009,18.474998474121094,-77.87500762939453,43568.309019088745,0.017007210048471985,2009,2015
JAM,Jamaica,2009,18.474998474121094,-77.82500457763672,2075.3345350027084,0.0008101221083006637,2009,2015
JAM,Jamaica,2009,18.474998474121094,-77.7750015258789,4907.046035587788,0.0019155015313584633,2009,2015
JAM,Jamaica,2009,18.474998474121094,-77.72500610351562,3820.080317736283,0.001491196464322485,2009,2015
JAM,Jamaica,2009,18.474998474121094,-77.67500305175781,10944.55791664136,0.004272288724688257,2009,2015
JAM,Jamaica,2009,18.474998474121094,-77.62500762939453,8639.499380111694,0.0033724921618331904,2009,2015
JAM,Jamaica,2009,18.474998474121094,-77.57500457763672,4201.228988587856,0.0016399806528946995,2009,2015
JAM,Jamaica,2009,18.474998474121094,-77.5250015258789,5201.913738787174,0.002030605309258709,2009,2015
JAM,Jamaica,2009,18.474998474121094,-77.47500610351562,1052.5714502632618,0.0004108790115725839,2009,2015
JAM,Jamaica,2010,17.724998474121094,-77.22500610351562,37.25282335296532,1.4541913742507582e-05,2010,2015
JAM,Jamaica,2010,17.724998474121094,-77.17500305175781,32.723720908220024,1.2773945273153332e-05,2010,2015
JAM,Jamaica,2010,17.774993896484375,-77.2750015258789,2872.108346313318,0.0011211486290716218,2010,2015
JAM,Jamaica,2010,17.774993896484375,-77.22500610351562,4467.529142856627,0.0017439328778388707,2010,2015
JAM,Jamaica,2010,17.824996948242188,-77.32500457763672,782.8450663687883,0.000305589332680106,2010,2015
JAM,Jamaica,2010,17.824996948242188,-77.2750015258789,6733.9551615715845,0.0026286489530650005,2010,2015
JAM,Jamaica,2010,17.824996948242188,-77.22500610351562,4500.335195705295,0.0017567389619908655,2010,2015
JAM,Jamaica,2010,17.824996948242188,-77.17500305175781,1337.5758312941307,0.0005221325690793268,2010,2015
JAM,Jamaica,2010,17.875,-77.72500610351562,3386.7889660001156,0.0013220579965445706,2010,2015
JAM,Jamaica,2010,17.875,-77.67500305175781,6254.112588763237,0.0024413388735671877,2010,2015
JAM,Jamaica,2010,17.875,-77.62500762939453,6811.496182441711,0.002658917661192585,2010,2015
JAM,Jamaica,2010,17.875,-77.57500457763672,7793.393462181091,0.0030422084902039736,2010,2015
JAM,Jamaica,2010,17.875,-77.5250015258789,3077.5111001729965,0.001201329105616984,2010,2015
JAM,Jamaica,2010,17.875,-77.47500610351562,2019.0539751648903,0.0007881525775945719,2010,2015
JAM,Jamaica,2010,17.875,-77.42500305175781,399.28233566880226,0.0001558627980807929,2010,2015
JAM,Jamaica,2010,17.875,-77.37500762939453,2982.2755010724363,0.0011641531886612524,2010,2015
JAM,Jamaica,2010,17.875,-77.32500457763672,4491.612653493881,0.0017533340534487145,2010,2015
JAM,Jamaica,2010,17.875,-77.2750015258789,2482.307016670704,0.0009689868114646765,2010,2015
JAM,Jamaica,2010,17.875,-77.22500610351562,10273.295089721683,0.004010256340320249,2010,2015
JAM,Jamaica,2010,17.875,-77.17500305175781,563.1533727645874,0.0002198310633519534,2010,2015
JAM,Jamaica,2010,17.875,-77.0250015258789,8.879753857853213,3.4662772652726126e-06,2010,2015
JAM,Jamaica,2010,17.875,-76.97500610351562,3.279618024856661,1.2802230309892036e-06,2010,2015
JAM,Jamaica,2010,17.875,-76.92500305175781,3195.7405979635796,0.0012474808601404112,2010,2015
JAM,Jamaica,2010,17.875,-76.57500457763672,11160.83635520958,0.0043567146047946825,2010,2015
JAM,Jamaica,2010,17.875,-76.5250015258789,1720.2556212246418,0.0006715144412516395,2010,2015
JAM,Jamaica,2010,17.875,-76.47500610351562,3135.06047648248,0.0012237939281701182,2010,2015
JAM,Jamaica,2010,17.875,-76.42500305175781,7664.432469070079,0.002991867617508235,2010,2015
JAM,Jamaica,2010,17.875,-76.37500762939453,10348.328077375889,0.00403954601922517,2010,2015
JAM,Jamaica,2010,17.92499542236328,-77.7750015258789,2946.988478243351,0.0011503786396197336,2010,2015
JAM,Jamaica,2010,17.92499542236328,-77.72500610351562,3677.5523229837418,0.0014355596126952633,2010,2015
JAM,Jamaica,2010,17.92499542236328,-77.67500305175781,4508.124064922333,0.0017597794044086836,2010,2015
JAM,Jamaica,2010,17.92499542236328,-77.62500762939453,8277.670184135437,0.003231249472452205,2010,2015
JAM,Jamaica,2010,17.92499542236328,-77.57500457763672,8711.530037879944,0.003400609859172729,2010,2015
JAM,Jamaica,2010,17.92499542236328,-77.5250015258789,2894.978051662445,0.0011300759868547493,2010,2015
JAM,Jamaica,2010,17.92499542236328,-77.47500610351562,3420.008719444275,0.0013350255717684732,2010,2015
JAM,Jamaica,2010,17.92499542236328,-77.42500305175781,5296.849600315094,0.0020676642214471665,2010,2015
JAM,Jamaica,2010,17.92499542236328,-77.37500762939453,1533.131218135357,0.0005984690534414295,2010,2015
JAM,Jamaica,2010,17.92499542236328,-77.32500457763672,3186.089334487915,0.0012437134184182213,2010,2015
JAM,Jamaica,2010,17.92499542236328,-77.2750015258789,2686.602597236877,0.0010487350947671371,2010,2015
JAM,Jamaica,2010,17.92499542236328,-77.22500610351562,16382.214745163918,0.006394918083878508,2010,2015
JAM,Jamaica,2010,17.92499542236328,-77.17500305175781,21507.020120620902,0.00839542357606431,2010,2015
JAM,Jamaica,2010,17.92499542236328,-77.12500762939453,27331.380294680625,0.010669005431967617,2010,2015
JAM,Jamaica,2010,17.92499542236328,-77.07500457763672,11773.991279602296,0.004596064141790323,2010,2015
JAM,Jamaica,2010,17.92499542236328,-77.0250015258789,657.3043057919134,0.0002565835729238487,2010,2015
JAM,Jamaica,2010,17.92499542236328,-76.97500610351562,1229.8702009916306,0.0004800888836759036,2010,2015
JAM,Jamaica,2010,17.92499542236328,-76.92500305175781,37883.45784521103,0.014788086557448255,2010,2015
JAM,Jamaica,2010,17.92499542236328,-76.62500762939453,2744.2979559898376,0.0010712569026413796,2010,2015
JAM,Jamaica,2010,17.92499542236328,-76.57500457763672,3113.8665415346622,0.0012155207196952779,2010,2015
JAM,Jamaica,2010,17.92499542236328,-76.5250015258789,1550.9894043803215,0.0006054401278620543,2010,2015
JAM,Jamaica,2010,17.92499542236328,-76.47500610351562,6492.041020393548,0.00253421598778953,2010,2015
JAM,Jamaica,2010,17.92499542236328,-76.42500305175781,5403.5474314690455,0.002109314505036474,2010,2015
JAM,Jamaica,2010,17.92499542236328,-76.37500762939453,2983.7575629353523,0.0011647317224160601,2010,2015
JAM,Jamaica,2010,17.92499542236328,-76.32500457763672,2717.966880828201,0.0010609783736794257,2010,2015
JAM,Jamaica,2010,17.92499542236328,-76.2750015258789,5260.613334923983,0.0020535191285860044,2010,2015
JAM,Jamaica,2010,17.92499542236328,-76.22500610351562,1046.057366401007,0.00040833619099925865,2010,2015
JAM,Jamaica,2010,17.974998474121094,-77.82500457763672,1743.0253016352654,0.0006804027535639302,2010,2015
JAM,Jamaica,2010,17.974998474121094,-77.7750015258789,3171.5928962828475,0.0012380546270843585,2010,2015
JAM,Jamaica,2010,17.974998474121094,-77.72500610351562,4074.59511500597,0.001590548188432625,2010,2015
JAM,Jamaica,2010,17.974998474121094,-77.67500305175781,2871.9228999614716,0.001121076238723463,2010,2015
JAM,Jamaica,2010,17.974998474121094,-77.62500762939453,3527.836991786957,0.0013771171313948143,2010,2015
JAM,Jamaica,2010,17.974998474121094,-77.57500457763672,6822.9962792396545,0.0026634068086078466,2010,2015
JAM,Jamaica,2010,17.974998474121094,-77.5250015258789,7615.111698150635,0.002972614891624106,2010,2015
JAM,Jamaica,2010,17.974998474121094,-77.47500610351562,7303.96382522583,0.0028511560296643973,2010,2015
JAM,Jamaica,2010,17.974998474121094,-77.42500305175781,3141.621869325655,0.0012263552161522963,2010,2015
JAM,Jamaica,2010,17.974998474121094,-77.37500762939453,2506.170512288809,0.0009783021025926862,2010,2015
JAM,Jamaica,2010,17.974998474121094,-77.32500457763672,7943.978297472,0.0031009903888263176,2010,2015
JAM,Jamaica,2010,17.974998474121094,-77.2750015258789,23560.999534606934,0.009197209555721973,2010,2015
JAM,Jamaica,2010,17.974998474121094,-77.22500610351562,32934.7033816576,0.012856303834297556,2010,2015
JAM,Jamaica,2010,17.974998474121094,-77.17500305175781,3862.6260957718164,0.001507804521876634,2010,2015
JAM,Jamaica,2010,17.974998474121094,-77.12500762939453,10877.242417395122,0.0042460116241770365,2010,2015
JAM,Jamaica,2010,17.974998474121094,-77.07500457763672,3330.2643093174165,0.0012999931808387502,2010,2015
JAM,Jamaica,2010,17.974998474121094,-77.0250015258789,4189.095424473286,0.0016352442268506523,2010,2015
JAM,Jamaica,2010,17.974998474121094,-76.97500610351562,55943.26543241739,0.021837865352765634,2010,2015
JAM,Jamaica,2010,17.974998474121094,-76.92500305175781,50207.45789241791,0.01959885066923406,2010,2015
JAM,Jamaica,2010,17.974998474121094,-76.87500762939453,131112.0196158886,0.05118054172150276,2010,2015
JAM,Jamaica,2010,17.974998474121094,-76.7750015258789,132005.9269117117,0.0515294850127667,2010,2015
JAM,Jamaica,2010,17.974998474121094,-76.72500610351562,26517.37609457972,0.010351252902132478,2010,2015
JAM,Jamaica,2010,17.974998474121094,-76.67500305175781,2310.01426172274,0.0009017310666537841,2010,2015
JAM,Jamaica,2010,17.974998474121094,-76.62500762939453,1440.882320404289,0.0005624590173446671,2010,2015
JAM,Jamaica,2010,17.974998474121094,-76.57500457763672,1862.6867088079453,0.0007271134644522011,2010,2015
JAM,Jamaica,2010,17.974998474121094,-76.5250015258789,3302.0119148499234,0.0012889646507466038,2010,2015
JAM,Jamaica,2010,17.974998474121094,-76.47500610351562,1404.0370185375468,0.0005480761826132919,2010,2015
JAM,Jamaica,2010,17.974998474121094,-76.42500305175781,1408.0425560475078,0.0005496397736573944,2010,2015
JAM,Jamaica,2010,17.974998474121094,-76.37500762939453,1252.0490500928295,0.0004887465606385828,2010,2015
JAM,Jamaica,2010,17.974998474121094,-76.32500457763672,847.0189888482618,0.0003306400955812913,2010,2015
JAM,Jamaica,2010,17.974998474121094,-76.2750015258789,2402.0535790922672,0.0009376592915140995,2010,2015
JAM,Jamaica,2010,18.024993896484375,-77.82500457763672,1944.3338215351182,0.0007589850157532606,2010,2015
JAM,Jamaica,2010,18.024993896484375,-77.7750015258789,3687.562673717953,0.0014394672267713804,2010,2015
JAM,Jamaica,2010,18.024993896484375,-77.72500610351562,4827.434100151062,0.0018844244264897717,2010,2015
JAM,Jamaica,2010,18.024993896484375,-77.67500305175781,5825.073078632355,0.0022738601434495586,2010,2015
JAM,Jamaica,2010,18.024993896484375,-77.62500762939453,3277.1519998908043,0.0012792603999960952,2010,2015
JAM,Jamaica,2010,18.024993896484375,-77.57500457763672,5741.18874168396,0.002241115275209823,2010,2015
JAM,Jamaica,2010,18.024993896484375,-77.5250015258789,27300.973915100098,0.01065713607793524,2010,2015
JAM,Jamaica,2010,18.024993896484375,-77.47500610351562,16058.532822012901,0.006268566463173862,2010,2015
JAM,Jamaica,2010,18.024993896484375,-77.42500305175781,7152.399000167847,0.0027919915848246477,2010,2015
JAM,Jamaica,2010,18.024993896484375,-77.37500762939453,5199.399606227875,0.0020296238991124723,2010,2015
JAM,Jamaica,2010,18.024993896484375,-77.32500457763672,4047.8562272787094,0.0015801104668345526,2010,2015
JAM,Jamaica,2010,18.024993896484375,-77.2750015258789,1188.449056118744,0.0004639198349530642,2010,2015
JAM,Jamaica,2010,18.024993896484375,-77.22500610351562,2752.3998178243637,0.0010744195240307733,2010,2015
JAM,Jamaica,2010,18.024993896484375,-77.17500305175781,3054.1369990110397,0.0011922048532164269,2010,2015
JAM,Jamaica,2010,18.024993896484375,-77.12500762939453,3552.553558051595,0.0013867654249275173,2010,2015
JAM,Jamaica,2010,18.024993896484375,-77.07500457763672,4456.663898527958,0.0017396915497569227,2010,2015
JAM,Jamaica,2010,18.024993896484375,-77.0250015258789,12908.620754987001,0.005038975107341009,2010,2015
JAM,Jamaica,2010,18.024993896484375,-76.97500610351562,68851.36805057526,0.026876638201582374,2010,2015
JAM,Jamaica,2010,18.024993896484375,-76.92500305175781,21772.016379833854,0.008498866815977968,2010,2015
JAM,Jamaica,2010,18.024993896484375,-76.87500762939453,18716.538140417113,0.007306138399698875,2010,2015
JAM,Jamaica,2010,18.024993896484375,-76.82500457763672,213359.7537841797,0.08328655002212672,2010,2015
JAM,Jamaica,2010,18.024993896484375,-76.7750015258789,80815.8085861206,0.03154704561196225,2010,2015
JAM,Jamaica,2010,18.024993896484375,-76.72500610351562,23586.476266860962,0.00920715458564276,2010,2015
JAM,Jamaica,2010,18.024993896484375,-76.67500305175781,7080.929918766022,0.0027640931029524313,2010,2015
JAM,Jamaica,2010,18.024993896484375,-76.62500762939453,3160.290864646435,0.0012336427958624782,2010,2015
JAM,Jamaica,2010,18.024993896484375,-76.57500457763672,321.131494164482,0.00012535604198092955,2010,2015
JAM,Jamaica,2010,18.024993896484375,-76.5250015258789,12.716045051822269,4.963801764429769e-06,2010,2015
JAM,Jamaica,2010,18.024993896484375,-76.47500610351562,0.0,0.0,2010,2015
JAM,Jamaica,2010,18.024993896484375,-76.42500305175781,282.9625854494288,0.00011045652757578132,2010,2015
JAM,Jamaica,2010,18.024993896484375,-76.37500762939453,196.20182874798775,7.658882771762779e-05,2010,2015
JAM,Jamaica,2010,18.024993896484375,-76.32500457763672,595.8416051864624,0.00023259115543329916,2010,2015
JAM,Jamaica,2010,18.024993896484375,-76.2750015258789,4987.002027511616,0.001946712941208836,2010,2015
JAM,Jamaica,2010,18.074996948242188,-77.97500610351562,3850.3797376155853,0.0015030240658483638,2010,2015
JAM,Jamaica,2010,18.074996948242188,-77.92500305175781,2937.7323222757814,0.0011467654310209582,2010,2015
JAM,Jamaica,2010,18.074996948242188,-77.87500762939453,5138.363800048828,0.002005798123002822,2010,2015
JAM,Jamaica,2010,18.074996948242188,-77.82500457763672,1016.2765542268877,0.00039671103180757584,2010,2015
JAM,Jamaica,2010,18.074996948242188,-77.7750015258789,4980.63054072858,0.001944225784454768,2010,2015
JAM,Jamaica,2010,18.074996948242188,-77.72500610351562,4176.773107588291,0.0016304341197736227,2010,2015
JAM,Jamaica,2010,18.074996948242188,-77.67500305175781,4754.5580460727215,0.0018559767224792462,2010,2015
JAM,Jamaica,2010,18.074996948242188,-77.62500762939453,1733.8478590846062,0.0006768202713267046,2010,2015
JAM,Jamaica,2010,18.074996948242188,-77.57500457763672,3090.1998929977417,0.0012062822692740227,2010,2015
JAM,Jamaica,2010,18.074996948242188,-77.5250015258789,11286.097254276368,0.004405611118550953,2010,2015
JAM,Jamaica,2010,18.074996948242188,-77.47500610351562,10831.245708465576,0.004228056470352717,2010,2015
JAM,Jamaica,2010,18.074996948242188,-77.42500305175781,4006.0844094753265,0.0015638045303526622,2010,2015
JAM,Jamaica,2010,18.074996948242188,-77.37500762939453,3721.6975351572037,0.001452792021135524,2010,2015
JAM,Jamaica,2010,18.074996948242188,-77.32500457763672,3306.8131588101387,0.0012908388516592343,2010,2015
JAM,Jamaica,2010,18.074996948242188,-77.2750015258789,7471.016190588658,0.0029163661498362616,2010,2015
JAM,Jamaica,2010,18.074996948242188,-77.22500610351562,3155.535576224327,0.0012317865340323389,2010,2015
JAM,Jamaica,2010,18.074996948242188,-77.17500305175781,3015.2239071130753,0.0011770148414293224,2010,2015
JAM,Jamaica,2010,18.074996948242188,-77.12500762939453,4788.171778678894,0.0018690980903683667,2010,2015
JAM,Jamaica,2010,18.074996948242188,-77.07500457763672,2939.8488038778305,0.0011475916151896853,2010,2015
JAM,Jamaica,2010,18.074996948242188,-77.0250015258789,1992.6495432257652,0.0007778454132746867,2010,2015
JAM,Jamaica,2010,18.074996948242188,-76.97500610351562,1749.8922638299207,0.0006830833227911695,2010,2015
JAM,Jamaica,2010,18.074996948242188,-76.92500305175781,3386.793187767267,0.0013220596445424465,2010,2015
JAM,Jamaica,2010,18.074996948242188,-76.87500762939453,11947.552815198898,0.004663815164464475,2010,2015
JAM,Jamaica,2010,18.074996948242188,-76.82500457763672,28589.824726104736,0.011160248476773018,2010,2015
JAM,Jamaica,2010,18.074996948242188,-76.7750015258789,16741.63724960387,0.0065352213035072505,2010,2015
JAM,Jamaica,2010,18.074996948242188,-76.72500610351562,5527.171629905766,0.0021575721206571795,2010,2015
JAM,Jamaica,2010,18.074996948242188,-76.67500305175781,4888.974880218804,0.00190844732287302,2010,2015
JAM,Jamaica,2010,18.074996948242188,-76.62500762939453,379.8402948379663,0.0001482734543668534,2010,2015
JAM,Jamaica,2010,18.074996948242188,-76.57500457763672,18.035227358341217,7.0401837220918836e-06,2010,2015
JAM,Jamaica,2010,18.074996948242188,-76.5250015258789,1.2353800535202026,4.822396951579024e-07,2010,2015
JAM,Jamaica,2010,18.074996948242188,-76.47500610351562,343.21589839458466,0.00013397685169314858,2010,2015
JAM,Jamaica,2010,18.074996948242188,-76.42500305175781,2127.7310907244682,0.0008305754894173374,2010,2015
JAM,Jamaica,2010,18.074996948242188,-76.37500762939453,1.375702977180481,5.370157810569546e-07,2010,2015
JAM,Jamaica,2010,18.074996948242188,-76.32500457763672,823.782040089516,0.0003215693816306438,2010,2015
JAM,Jamaica,2010,18.125,-78.0250015258789,1086.3566074371836,0.0004240672963032532,2010,2015
JAM,Jamaica,2010,18.125,-77.97500610351562,4059.871194124222,0.0015848005975618556,2010,2015
JAM,Jamaica,2010,18.125,-77.92500305175781,2409.122631788254,0.0009404187482557344,2010,2015
JAM,Jamaica,2010,18.125,-77.87500762939453,3314.623690366745,0.0012938877501307178,2010,2015
JAM,Jamaica,2010,18.125,-77.82500457763672,3483.002028644085,0.0013596154735877088,2010,2015
JAM,Jamaica,2010,18.125,-77.7750015258789,3079.0873334407806,0.0012019443998726974,2010,2015
JAM,Jamaica,2010,18.125,-77.72500610351562,1997.503375232382,0.0007797401423182298,2010,2015
JAM,Jamaica,2010,18.125,-77.67500305175781,910.4529508054353,0.00035540200944716467,2010,2015
JAM,Jamaica,2010,18.125,-77.62500762939453,2313.190209031105,0.0009029708210576692,2010,2015
JAM,Jamaica,2010,18.125,-77.57500457763672,3173.6743209958076,0.001238867126538443,2010,2015
JAM,Jamaica,2010,18.125,-77.5250015258789,4909.338473320067,0.0019163964012975019,2010,2015
JAM,Jamaica,2010,18.125,-77.47500610351562,9300.222560286522,0.0036304103175321956,2010,2015
JAM,Jamaica,2010,18.125,-77.42500305175781,5065.999526381493,0.0019775501962419678,2010,2015
JAM,Jamaica,2010,18.125,-77.37500762939453,4895.9724115135095,0.0019111788607093327,2010,2015
JAM,Jamaica,2010,18.125,-77.32500457763672,5215.0324639081955,0.0020357263001515072,2010,2015
JAM,Jamaica,2010,18.125,-77.2750015258789,5140.837053775787,0.0020067635757960237,2010,2015
JAM,Jamaica,2010,18.125,-77.22500610351562,4181.0271885407665,0.001632094731579563,2010,2015
JAM,Jamaica,2010,18.125,-77.17500305175781,1922.4907034635544,0.0007504583938686724,2010,2015
JAM,Jamaica,2010,18.125,-77.12500762939453,2424.8122565299273,0.0009465433087349221,2010,2015
JAM,Jamaica,2010,18.125,-77.07500457763672,2909.1824957729855,0.0011356207961450043,2010,2015
JAM,Jamaica,2010,18.125,-77.0250015258789,17934.782685279846,0.007000974404781534,2010,2015
JAM,Jamaica,2010,18.125,-76.97500610351562,5008.344045042992,0.001955043954809921,2010,2015
JAM,Jamaica,2010,18.125,-76.92500305175781,2802.927964001894,0.0010941435577320733,2010,2015
JAM,Jamaica,2010,18.125,-76.87500762939453,12743.135047912598,0.004974376543761202,2010,2015
JAM,Jamaica,2010,18.125,-76.82500457763672,15766.188570737839,0.006154447733302572,2010,2015
JAM,Jamaica,2010,18.125,-76.7750015258789,3681.0645376443863,0.0014369306315347307,2010,2015
JAM,Jamaica,2010,18.125,-76.72500610351562,1260.1870017651704,0.0004919232699617558,2010,2015
JAM,Jamaica,2010,18.125,-76.67500305175781,272.4658896923065,0.00010635906514091685,2010,2015
JAM,Jamaica,2010,18.125,-76.62500762939453,203.9064043762364,7.959636551273828e-05,2010,2015
JAM,Jamaica,2010,18.125,-76.57500457763672,187.4562919139862,7.31749430553301e-05,2010,2015
JAM,Jamaica,2010,18.125,-76.5250015258789,1331.6091477871166,0.0005198034302630353,2010,2015
JAM,Jamaica,2010,18.125,-76.47500610351562,2747.9163507227645,0.0010726693696534505,2010,2015
JAM,Jamaica,2010,18.125,-76.42500305175781,1308.2166427373886,0.0005106719937694509,2010,2015
JAM,Jamaica,2010,18.125,-76.37500762939453,903.9423410892487,0.0003528605450323237,2010,2015
JAM,Jamaica,2010,18.17499542236328,-78.0250015258789,3165.5393142700195,0.0012356915667968292,2010,2015
JAM,Jamaica,2010,18.17499542236328,-77.97500610351562,3168.678978919983,0.001236917157998,2010,2015
JAM,Jamaica,2010,18.17499542236328,-77.92500305175781,4011.6288945674896,0.0015659688609107227,2010,2015
JAM,Jamaica,2010,18.17499542236328,-77.87500762939453,3320.21787750721,0.0012960714822490946,2010,2015
JAM,Jamaica,2010,18.17499542236328,-77.82500457763672,702.2933917045781,0.0002741453936883454,2010,2015
JAM,Jamaica,2010,18.17499542236328,-77.7750015258789,2998.3154708744905,0.0011704145089129784,2010,2015
JAM,Jamaica,2010,18.17499542236328,-77.72500610351562,5126.696618974209,0.002001243753010572,2010,2015
JAM,Jamaica,2010,18.17499542236328,-77.67500305175781,2155.636859089449,0.0008414687114595171,2010,2015
JAM,Jamaica,2010,18.17499542236328,-77.62500762939453,4460.6405210494995,0.001741243853622508,2010,2015
JAM,Jamaica,2010,18.17499542236328,-77.57500457763672,3052.722190618515,0.0011916525723487104,2010,2015
JAM,Jamaica,2010,18.17499542236328,-77.5250015258789,6897.860792756081,0.00269263072239327,2010,2015
JAM,Jamaica,2010,18.17499542236328,-77.47500610351562,29441.10595703125,0.011492552369915754,2010,2015
JAM,Jamaica,2010,18.17499542236328,-77.42500305175781,8337.348487138748,0.0032545453372072263,2010,2015
JAM,Jamaica,2010,18.17499542236328,-77.37500762939453,5003.752392292023,0.001953251569368219,2010,2015
JAM,Jamaica,2010,18.17499542236328,-77.32500457763672,3894.0356826783654,0.001520065485271412,2010,2015
JAM,Jamaica,2010,18.17499542236328,-77.2750015258789,5329.977594375633,0.002080595977720408,2010,2015
JAM,Jamaica,2010,18.17499542236328,-77.22500610351562,4641.241324841976,0.00181174270643949,2010,2015
JAM,Jamaica,2010,18.17499542236328,-77.17500305175781,397.94500941072437,0.00015534076293445518,2010,2015
JAM,Jamaica,2010,18.17499542236328,-77.12500762939453,653.2399521470213,0.0002549970225686429,2010,2015
JAM,Jamaica,2010,18.17499542236328,-77.07500457763672,10272.415641784668,0.004009913041346103,2010,2015
JAM,Jamaica,2010,18.17499542236328,-77.0250015258789,13069.73504281044,0.005101867255246558,2010,2015
JAM,Jamaica,2010,18.17499542236328,-76.97500610351562,3122.0337935689495,0.0012187088666303603,2010,2015
JAM,Jamaica,2010,18.17499542236328,-76.92500305175781,2035.6309342384338,0.0007946235155601734,2010,2015
JAM,Jamaica,2010,18.17499542236328,-76.87500762939453,4215.572104811951,0.0016455795938649803,2010,2015
JAM,Jamaica,2010,18.17499542236328,-76.82500457763672,5044.217968195677,0.0019690476047118056,2010,2015
JAM,Jamaica,2010,18.17499542236328,-76.7750015258789,35.20541858691209,1.3742694225053877e-05,2010,2015
JAM,Jamaica,2010,18.17499542236328,-76.72500610351562,911.4114730358124,0.00035577617565363853,2010,2015
JAM,Jamaica,2010,18.17499542236328,-76.67500305175781,2058.2365587353825,0.0008034477874392597,2010,2015
JAM,Jamaica,2010,18.17499542236328,-76.62500762939453,2456.478136777878,0.0009589043181216004,2010,2015
JAM,Jamaica,2010,18.17499542236328,-76.57500457763672,3526.54194688797,0.00137661160108815,2010,2015
JAM,Jamaica,2010,18.17499542236328,-76.5250015258789,4217.786390006542,0.0016464439563858009,2010,2015
JAM,Jamaica,2010,18.17499542236328,-76.47500610351562,10986.265908122063,0.004288569746095386,2010,2015
JAM,Jamaica,2010,18.17499542236328,-76.42500305175781,11099.29676103592,0.004332692171333916,2010,2015
JAM,Jamaica,2010,18.224998474121094,-78.32500457763672,1714.9704136850075,0.000669451321594254,2010,2015
JAM,Jamaica,2010,18.224998474121094,-78.2750015258789,1897.4566927552223,0.0007406861835612731,2010,2015
JAM,Jamaica,2010,18.224998474121094,-78.22500610351562,5722.624983400106,0.0022338687755514533,2010,2015
JAM,Jamaica,2010,18.224998474121094,-78.17500305175781,2569.8585425913334,0.0010031631939068778,2010,2015
JAM,Jamaica,2010,18.224998474121094,-78.12500762939453,31718.7813038826,0.01238165970316468,2010,2015
JAM,Jamaica,2010,18.224998474121094,-78.07500457763672,3287.287734389305,0.0012832169585473123,2010,2015
JAM,Jamaica,2010,18.224998474121094,-78.0250015258789,1794.9849682451777,0.0007006855918006903,2010,2015
JAM,Jamaica,2010,18.224998474121094,-77.97500610351562,4139.638875961304,0.001615938499184077,2010,2015
JAM,Jamaica,2010,18.224998474121094,-77.92500305175781,2809.496814727783,0.001096707756953652,2010,2015
JAM,Jamaica,2010,18.224998474121094,-77.87500762939453,2585.898056864745,0.0010094243363396459,2010,2015
JAM,Jamaica,2010,18.224998474121094,-77.82500457763672,928.4259758293629,0.00036241791203026595,2010,2015
JAM,Jamaica,2010,18.224998474121094,-77.7750015258789,2040.2069007456303,0.000796409777761182,2010,2015
JAM,Jamaica,2010,18.224998474121094,-77.72500610351562,1091.8017982545662,0.0004261928666104382,2010,2015
JAM,Jamaica,2010,18.224998474121094,-77.67500305175781,565.9384661316886,0.000220918245043539,2010,2015
JAM,Jamaica,2010,18.224998474121094,-77.62500762939453,1661.1249838769436,0.0006484323618156045,2010,2015
JAM,Jamaica,2010,18.224998474121094,-77.57500457763672,2647.214574933215,0.0010333596904011154,2010,2015
JAM,Jamaica,2010,18.224998474121094,-77.5250015258789,5374.823352575302,0.0020981018494573758,2010,2015
JAM,Jamaica,2010,18.224998474121094,-77.47500610351562,5510.295352458954,0.0021509843415618633,2010,2015
JAM,Jamaica,2010,18.224998474121094,-77.42500305175781,2999.102029323578,0.0011707215477919299,2010,2015
JAM,Jamaica,2010,18.224998474121094,-77.37500762939453,3109.140193462372,0.001213675754943664,2010,2015
JAM,Jamaica,2010,18.224998474121094,-77.32500457763672,1098.1755421163107,0.0004286809044317903,2010,2015
JAM,Jamaica,2010,18.224998474121094,-77.2750015258789,781.0365877151489,0.0003048833797289105,2010,2015
JAM,Jamaica,2010,18.224998474121094,-77.22500610351562,1482.4800940752618,0.0005786970144186658,2010,2015
JAM,Jamaica,2010,18.224998474121094,-77.17500305175781,1016.902143478438,0.0003969552351756827,2010,2015
JAM,Jamaica,2010,18.224998474121094,-77.12500762939453,319.5615915663611,0.00012474321894870706,2010,2015
JAM,Jamaica,2010,18.224998474121094,-77.07500457763672,1048.8121374848683,0.0004094115361644374,2010,2015
JAM,Jamaica,2010,18.224998474121094,-77.0250015258789,3740.8646018505096,0.0014602740266713207,2010,2015
JAM,Jamaica,2010,18.224998474121094,-76.97500610351562,4075.4677126407623,0.001590888813340886,2010,2015
JAM,Jamaica,2010,18.224998474121094,-76.92500305175781,3030.010111987591,0.0011827867453150216,2010,2015
JAM,Jamaica,2010,18.224998474121094,-76.87500762939453,4209.7218544483185,0.001643295905583049,2010,2015
JAM,Jamaica,2010,18.224998474121094,-76.82500457763672,2207.902637243271,0.0008618710425901432,2010,2015
JAM,Jamaica,2010,18.224998474121094,-76.7750015258789,1918.1124982239983,0.0007487493292338292,2010,2015
JAM,Jamaica,2010,18.224998474121094,-76.72500610351562,2714.0036773085963,0.0010594313080199982,2010,2015
JAM,Jamaica,2010,18.224998474121094,-76.67500305175781,8372.77447748185,0.0032683741332405146,2010,2015
JAM,Jamaica,2010,18.224998474121094,-76.62500762939453,2487.023796320553,0.0009708280411121755,2010,2015
JAM,Jamaica,2010,18.274993896484375,-78.32500457763672,10916.31903886836,0.004261265470937277,2010,2015
JAM,Jamaica,2010,18.274993896484375,-78.2750015258789,2180.13681906553,0.0008510324511334578,2010,2015
JAM,Jamaica,2010,18.274993896484375,-78.22500610351562,2813.137803138108,0.001098129043573964,2010,2015
JAM,Jamaica,2010,18.274993896484375,-78.17500305175781,2633.550939768719,0.0010280259898628077,2010,2015
JAM,Jamaica,2010,18.274993896484375,-78.12500762939453,4552.583830833454,0.0017771346012152671,2010,2015
JAM,Jamaica,2010,18.274993896484375,-78.07500457763672,10955.058003485374,0.004276387510858845,2010,2015
JAM,Jamaica,2010,18.274993896484375,-78.0250015258789,4200.405325174332,0.0016396591298198215,2010,2015
JAM,Jamaica,2010,18.274993896484375,-77.97500610351562,4215.140975415707,0.0016454112993324384,2010,2015
JAM,Jamaica,2010,18.274993896484375,-77.92500305175781,5167.0558769106865,0.0020169982863532687,2010,2015
JAM,Jamaica,2010,18.274993896484375,-77.87500762939453,2348.6299627423396,0.0009168049897229944,2010,2015
JAM,Jamaica,2010,18.274993896484375,-77.82500457763672,869.5739732683285,0.00033944459973370215,2010,2015
JAM,Jamaica,2010,18.274993896484375,-77.7750015258789,23.020932763814926,8.986390517346272e-06,2010,2015
JAM,Jamaica,2010,18.274993896484375,-77.72500610351562,33.618502021093796,1.3123229665333492e-05,2010,2015
JAM,Jamaica,2010,18.274993896484375,-77.67500305175781,43.381960123928415,1.693446738588887e-05,2010,2015
JAM,Jamaica,2010,18.274993896484375,-77.62500762939453,1034.4381461143635,0.00040380054285354267,2010,2015
JAM,Jamaica,2010,18.274993896484375,-77.57500457763672,3706.0839977264404,0.001446697161898083,2010,2015
JAM,Jamaica,2010,18.274993896484375,-77.5250015258789,6309.876140832901,0.0024631065864862767,2010,2015
JAM,Jamaica,2010,18.274993896484375,-77.47500610351562,135.9617919921875,5.307368605847611e-05,2010,2015
JAM,Jamaica,2010,18.274993896484375,-77.42500305175781,432.33637005105976,0.00016876568364934157,2010,2015
JAM,Jamaica,2010,18.274993896484375,-77.37500762939453,2669.0009827019467,0.001041864175001657,2010,2015
JAM,Jamaica,2010,18.274993896484375,-77.32500457763672,2672.558784783304,0.0010432529892262813,2010,2015
JAM,Jamaica,2010,18.274993896484375,-77.2750015258789,1624.0184956789312,0.0006339475710777256,2010,2015
JAM,Jamaica,2010,18.274993896484375,-77.22500610351562,1317.2700949311256,0.0005142060754583965,2010,2015
JAM,Jamaica,2010,18.274993896484375,-77.17500305175781,887.6702960134355,0.0003465086324896242,2010,2015
JAM,Jamaica,2010,18.274993896484375,-77.12500762939453,4618.813044369221,0.0018029876621053372,2010,2015
JAM,Jamaica,2010,18.274993896484375,-77.07500457763672,1276.8472344279437,0.0004984267143857304,2010,2015
JAM,Jamaica,2010,18.274993896484375,-77.0250015258789,2939.758930757642,0.0011475565325558357,2010,2015
JAM,Jamaica,2010,18.274993896484375,-76.97500610351562,4346.392342567444,0.00169664623639003,2010,2015
JAM,Jamaica,2010,18.274993896484375,-76.92500305175781,3868.8436800243962,0.001510231601645357,2010,2015
JAM,Jamaica,2010,18.274993896484375,-76.87500762939453,9501.37095952034,0.0037089300754411976,2010,2015
JAM,Jamaica,2010,18.274993896484375,-76.82500457763672,2956.8238567710177,0.0011542179520073908,2010,2015
JAM,Jamaica,2010,18.274993896484375,-76.7750015258789,6309.091049104945,0.0024628001201527127,2010,2015
JAM,Jamaica,2010,18.324996948242188,-78.32500457763672,1118.3292827047408,0.00043654806538356535,2010,2015
JAM,Jamaica,2010,18.324996948242188,-78.2750015258789,2593.010409206152,0.0010122006954165167,2010,2015
JAM,Jamaica,2010,18.324996948242188,-78.22500610351562,1481.2005683779716,0.0005781975421465908,2010,2015
JAM,Jamaica,2010,18.324996948242188,-78.17500305175781,7862.1792469620705,0.0030690595274936363,2010,2015
JAM,Jamaica,2010,18.324996948242188,-78.12500762939453,3961.720260798931,0.0015464866584373091,2010,2015
JAM,Jamaica,2010,18.324996948242188,-78.07500457763672,3071.3367235064507,0.0011989188922474378,2010,2015
JAM,Jamaica,2010,18.324996948242188,-78.0250015258789,2538.021337911551,0.000990735306767443,2010,2015
JAM,Jamaica,2010,18.324996948242188,-77.97500610351562,4158.628134489059,0.001623351095993946,2010,2015
JAM,Jamaica,2010,18.324996948242188,-77.92500305175781,4591.1148364543915,0.001792175462812329,2010,2015
JAM,Jamaica,2010,18.324996948242188,-77.87500762939453,1229.3441937869102,0.00047988355289260953,2010,2015
JAM,Jamaica,2010,18.324996948242188,-77.82500457763672,2257.8181802630424,0.0008813559421406135,2010,2015
JAM,Jamaica,2010,18.324996948242188,-77.7750015258789,1170.9621360005583,0.00045709368699720635,2010,2015
JAM,Jamaica,2010,18.324996948242188,-77.72500610351562,0.8989480137825012,3.5091097261445786e-07,2010,2015
JAM,Jamaica,2010,18.324996948242188,-77.67500305175781,0.0,0.0,2010,2015
JAM,Jamaica,2010,18.324996948242188,-77.62500762939453,0.4943540096282959,1.9297472565137024e-07,2010,2015
JAM,Jamaica,2010,18.324996948242188,-77.57500457763672,456.64114475250244,0.00017825323131494223,2010,2015
JAM,Jamaica,2010,18.324996948242188,-77.5250015258789,1540.6795887054984,0.0006014156154425817,2010,2015
JAM,Jamaica,2010,18.324996948242188,-77.47500610351562,189.18924698233604,7.385141481922337e-05,2010,2015
JAM,Jamaica,2010,18.324996948242188,-77.42500305175781,2073.5125460773706,0.0008094108815154875,2010,2015
JAM,Jamaica,2010,18.324996948242188,-77.37500762939453,5409.0604157447815,0.0021114665390190254,2010,2015
JAM,Jamaica,2010,18.324996948242188,-77.32500457763672,2802.937780559253,0.0010941473896974793,2010,2015
JAM,Jamaica,2010,18.324996948242188,-77.2750015258789,1113.5294466020296,0.00043467441403847226,2010,2015
JAM,Jamaica,2010,18.324996948242188,-77.22500610351562,492.9337164163766,0.0001924203037440397,2010,2015
JAM,Jamaica,2010,18.324996948242188,-77.17500305175781,4858.612440466881,0.0018965951210760947,2010,2015
JAM,Jamaica,2010,18.324996948242188,-77.12500762939453,3760.2091400625077,0.0014678253095204668,2010,2015
JAM,Jamaica,2010,18.324996948242188,-77.07500457763672,2412.6226264238358,0.0009417849969184904,2010,2015
JAM,Jamaica,2010,18.324996948242188,-77.0250015258789,3147.741034448147,0.0012287438772893148,2010,2015
JAM,Jamaica,2010,18.324996948242188,-76.97500610351562,3964.501080751419,0.001547572171970052,2010,2015
JAM,Jamaica,2010,18.324996948242188,-76.92500305175781,5405.986257791519,0.002110266518838981,2010,2015
JAM,Jamaica,2010,18.324996948242188,-76.87500762939453,7694.861479282379,0.003003745805574266,2010,2015
JAM,Jamaica,2010,18.324996948242188,-76.82500457763672,2938.1663930418235,0.0011469348737388463,2010,2015
JAM,Jamaica,2010,18.375,-78.2750015258789,5332.706449270372,0.002081661206310443,2010,2015
JAM,Jamaica,2010,18.375,-78.22500610351562,4766.426508575678,0.0018606096641582946,2010,2015
JAM,Jamaica,2010,18.375,-78.17500305175781,2358.850486755371,0.0009207946464851819,2010,2015
JAM,Jamaica,2010,18.375,-78.12500762939453,2174.584545493126,0.0008488650802848191,2010,2015
JAM,Jamaica,2010,18.375,-78.07500457763672,1390.4499187171843,0.0005427723582097967,2010,2015
JAM,Jamaica,2010,18.375,-78.0250015258789,1853.3392190635473,0.0007234646030415077,2010,2015
JAM,Jamaica,2010,18.375,-77.97500610351562,2490.2924797534943,0.0009721039957447419,2010,2015
JAM,Jamaica,2010,18.375,-77.92500305175781,4097.872359275818,0.0015996346320325692,2010,2015
JAM,Jamaica,2010,18.375,-77.87500762939453,2337.9651798009872,0.000912641913218798,2010,2015
JAM,Jamaica,2010,18.375,-77.82500457763672,2754.7778052687645,0.0010753477889295059,2010,2015
JAM,Jamaica,2010,18.375,-77.7750015258789,337.52836060523987,0.00013175667946200623,2010,2015
JAM,Jamaica,2010,18.375,-77.72500610351562,2945.083488702774,0.0011496350129335904,2010,2015
JAM,Jamaica,2010,18.375,-77.67500305175781,1151.3191031813622,0.0004494258845814934,2010,2015
JAM,Jamaica,2010,18.375,-77.62500762939453,859.1752522886553,0.0003353853824742196,2010,2015
JAM,Jamaica,2010,18.375,-77.57500457763672,73.88084173202515,2.883993026545851e-05,2010,2015
JAM,Jamaica,2010,18.375,-77.5250015258789,166.2063086926937,6.487985572447492e-05,2010,2015
JAM,Jamaica,2010,18.375,-77.47500610351562,1282.9581188857555,0.0005008121431043528,2010,2015
JAM,Jamaica,2010,18.375,-77.42500305175781,2082.791310250759,0.00081303291539378,2010,2015
JAM,Jamaica,2010,18.375,-77.37500762939453,12942.736834049225,0.005052292569866059,2010,2015
JAM,Jamaica,2010,18.375,-77.32500457763672,2893.3673310875893,0.0011294472302249253,2010,2015
JAM,Jamaica,2010,18.375,-77.2750015258789,4358.765266240057,0.0017014760981990263,2010,2015
JAM,Jamaica,2010,18.375,-77.22500610351562,2490.153722047806,0.0009720498306531967,2010,2015
JAM,Jamaica,2010,18.375,-77.17500305175781,2317.529034614563,0.0009046645135539564,2010,2015
JAM,Jamaica,2010,18.375,-77.12500762939453,5033.2303209305755,0.001964758495742848,2010,2015
JAM,Jamaica,2010,18.375,-77.07500457763672,10580.49174785614,0.004130172816509221,2010,2015
JAM,Jamaica,2010,18.375,-77.0250015258789,6508.1040897369385,0.002540486325117208,2010,2015
JAM,Jamaica,2010,18.375,-76.97500610351562,4823.888867616798,0.0018830405188803557,2010,2015
JAM,Jamaica,2010,18.375,-76.92500305175781,8364.89543914858,0.0032652984926446137,2010,2015
JAM,Jamaica,2010,18.42499542236328,-78.22500610351562,3201.491738215089,0.0012497258600607153,2010,2015
JAM,Jamaica,2010,18.42499542236328,-78.17500305175781,12046.77025771141,0.004702545423298785,2010,2015
JAM,Jamaica,2010,18.42499542236328,-78.12500762939453,2416.657140374195,0.0009433598991293425,2010,2015
JAM,Jamaica,2010,18.42499542236328,-78.07500457763672,7734.557563602924,0.0030192414642156323,2010,2015
JAM,Jamaica,2010,18.42499542236328,-78.0250015258789,6002.714305192492,0.0023432037035141175,2010,2015
JAM,Jamaica,2010,18.42499542236328,-77.97500610351562,4567.470498621464,0.001782945721538564,2010,2015
JAM,Jamaica,2010,18.42499542236328,-77.92500305175781,18430.745000243187,0.007194576944256094,2010,2015
JAM,Jamaica,2010,18.42499542236328,-77.87500762939453,13583.115226865571,0.00530226898810067,2010,2015
JAM,Jamaica,2010,18.42499542236328,-77.82500457763672,3528.4729647636414,0.0013773653881264422,2010,2015
JAM,Jamaica,2010,18.42499542236328,-77.7750015258789,4310.284405201682,0.00168255123731794,2010,2015
JAM,Jamaica,2010,18.42499542236328,-77.72500610351562,6149.492249846458,0.0024004995543611012,2010,2015
JAM,Jamaica,2010,18.42499542236328,-77.67500305175781,580.167842806345,0.00022647278694367743,2010,2015
JAM,Jamaica,2010,18.42499542236328,-77.62500762939453,1281.6299357862163,0.0005002936770572359,2010,2015
JAM,Jamaica,2010,18.42499542236328,-77.57500457763672,1957.319695204515,0.0007640541471042522,2010,2015
JAM,Jamaica,2010,18.42499542236328,-77.5250015258789,3155.03801727305,0.0012315923082341295,2010,2015
JAM,Jamaica,2010,18.42499542236328,-77.47500610351562,3746.668511390686,0.0014625396254717897,2010,2015
JAM,Jamaica,2010,18.42499542236328,-77.42500305175781,3513.807277381429,0.0013716405291307617,2010,2015
JAM,Jamaica,2010,18.42499542236328,-77.37500762939453,4746.679809570322,0.0018529013948839258,2010,2015
JAM,Jamaica,2010,18.42499542236328,-77.32500457763672,5477.047981143002,0.002138005985498464,2010,2015
JAM,Jamaica,2010,18.42499542236328,-77.2750015258789,4053.4628784656525,0.001582299064385196,2010,2015
JAM,Jamaica,2010,18.42499542236328,-77.22500610351562,14631.641464471817,0.005711568921143525,2010,2015
JAM,Jamaica,2010,18.42499542236328,-77.17500305175781,14582.488421499736,0.005692381669097974,2010,2015
JAM,Jamaica,2010,18.474998474121094,-77.92500305175781,49917.11043548584,0.01948551140272914,2010,2015
JAM,Jamaica,2010,18.474998474121094,-77.87500762939453,43568.309019088745,0.017007210048471985,2010,2015
JAM,Jamaica,2010,18.474998474121094,-77.82500457763672,2075.3345350027084,0.0008101221083006637,2010,2015
JAM,Jamaica,2010,18.474998474121094,-77.7750015258789,4907.046035587788,0.0019155015313584633,2010,2015
JAM,Jamaica,2010,18.474998474121094,-77.72500610351562,3820.080317736283,0.001491196464322485,2010,2015
JAM,Jamaica,2010,18.474998474121094,-77.67500305175781,10944.55791664136,0.004272288724688257,2010,2015
JAM,Jamaica,2010,18.474998474121094,-77.62500762939453,8639.499380111694,0.0033724921618331904,2010,2015
JAM,Jamaica,2010,18.474998474121094,-77.57500457763672,4201.228988587856,0.0016399806528946995,2010,2015
JAM,Jamaica,2010,18.474998474121094,-77.5250015258789,5201.913738787174,0.002030605309258709,2010,2015
JAM,Jamaica,2010,18.474998474121094,-77.47500610351562,1052.5714502632618,0.0004108790115725839,2010,2015
JAM,Jamaica,2011,17.724998474121094,-77.22500610351562,37.25282335296532,1.4541913742507582e-05,2011,2015
JAM,Jamaica,2011,17.724998474121094,-77.17500305175781,32.723720908220024,1.2773945273153332e-05,2011,2015
JAM,Jamaica,2011,17.774993896484375,-77.2750015258789,2872.108346313318,0.0011211486290716218,2011,2015
JAM,Jamaica,2011,17.774993896484375,-77.22500610351562,4467.529142856627,0.0017439328778388707,2011,2015
JAM,Jamaica,2011,17.824996948242188,-77.32500457763672,782.8450663687883,0.000305589332680106,2011,2015
JAM,Jamaica,2011,17.824996948242188,-77.2750015258789,6733.9551615715845,0.0026286489530650005,2011,2015
JAM,Jamaica,2011,17.824996948242188,-77.22500610351562,4500.335195705295,0.0017567389619908655,2011,2015
JAM,Jamaica,2011,17.824996948242188,-77.17500305175781,1337.5758312941307,0.0005221325690793268,2011,2015
JAM,Jamaica,2011,17.875,-77.72500610351562,3386.7889660001156,0.0013220579965445706,2011,2015
JAM,Jamaica,2011,17.875,-77.67500305175781,6254.112588763237,0.0024413388735671877,2011,2015
JAM,Jamaica,2011,17.875,-77.62500762939453,6811.496182441711,0.002658917661192585,2011,2015
JAM,Jamaica,2011,17.875,-77.57500457763672,7793.393462181091,0.0030422084902039736,2011,2015
JAM,Jamaica,2011,17.875,-77.5250015258789,3077.5111001729965,0.001201329105616984,2011,2015
JAM,Jamaica,2011,17.875,-77.47500610351562,2019.0539751648903,0.0007881525775945719,2011,2015
JAM,Jamaica,2011,17.875,-77.42500305175781,399.28233566880226,0.0001558627980807929,2011,2015
JAM,Jamaica,2011,17.875,-77.37500762939453,2982.2755010724363,0.0011641531886612524,2011,2015
JAM,Jamaica,2011,17.875,-77.32500457763672,4491.612653493881,0.0017533340534487145,2011,2015
JAM,Jamaica,2011,17.875,-77.2750015258789,2482.307016670704,0.0009689868114646765,2011,2015
JAM,Jamaica,2011,17.875,-77.22500610351562,10273.295089721683,0.004010256340320249,2011,2015
JAM,Jamaica,2011,17.875,-77.17500305175781,563.1533727645874,0.0002198310633519534,2011,2015
JAM,Jamaica,2011,17.875,-77.0250015258789,8.879753857853213,3.4662772652726126e-06,2011,2015
JAM,Jamaica,2011,17.875,-76.97500610351562,3.279618024856661,1.2802230309892036e-06,2011,2015
JAM,Jamaica,2011,17.875,-76.92500305175781,3195.7405979635796,0.0012474808601404112,2011,2015
JAM,Jamaica,2011,17.875,-76.57500457763672,11160.83635520958,0.0043567146047946825,2011,2015
JAM,Jamaica,2011,17.875,-76.5250015258789,1720.2556212246418,0.0006715144412516395,2011,2015
JAM,Jamaica,2011,17.875,-76.47500610351562,3135.06047648248,0.0012237939281701182,2011,2015
JAM,Jamaica,2011,17.875,-76.42500305175781,7664.432469070079,0.002991867617508235,2011,2015
JAM,Jamaica,2011,17.875,-76.37500762939453,10348.328077375889,0.00403954601922517,2011,2015
JAM,Jamaica,2011,17.92499542236328,-77.7750015258789,2946.988478243351,0.0011503786396197336,2011,2015
JAM,Jamaica,2011,17.92499542236328,-77.72500610351562,3677.5523229837418,0.0014355596126952633,2011,2015
JAM,Jamaica,2011,17.92499542236328,-77.67500305175781,4508.124064922333,0.0017597794044086836,2011,2015
JAM,Jamaica,2011,17.92499542236328,-77.62500762939453,8277.670184135437,0.003231249472452205,2011,2015
JAM,Jamaica,2011,17.92499542236328,-77.57500457763672,8711.530037879944,0.003400609859172729,2011,2015
JAM,Jamaica,2011,17.92499542236328,-77.5250015258789,2894.978051662445,0.0011300759868547493,2011,2015
JAM,Jamaica,2011,17.92499542236328,-77.47500610351562,3420.008719444275,0.0013350255717684732,2011,2015
JAM,Jamaica,2011,17.92499542236328,-77.42500305175781,5296.849600315094,0.0020676642214471665,2011,2015
JAM,Jamaica,2011,17.92499542236328,-77.37500762939453,1533.131218135357,0.0005984690534414295,2011,2015
JAM,Jamaica,2011,17.92499542236328,-77.32500457763672,3186.089334487915,0.0012437134184182213,2011,2015
JAM,Jamaica,2011,17.92499542236328,-77.2750015258789,2686.602597236877,0.0010487350947671371,2011,2015
JAM,Jamaica,2011,17.92499542236328,-77.22500610351562,16382.214745163918,0.006394918083878508,2011,2015
JAM,Jamaica,2011,17.92499542236328,-77.17500305175781,21507.020120620902,0.00839542357606431,2011,2015
JAM,Jamaica,2011,17.92499542236328,-77.12500762939453,27331.380294680625,0.010669005431967617,2011,2015
JAM,Jamaica,2011,17.92499542236328,-77.07500457763672,11773.991279602296,0.004596064141790323,2011,2015
JAM,Jamaica,2011,17.92499542236328,-77.0250015258789,657.3043057919134,0.0002565835729238487,2011,2015
JAM,Jamaica,2011,17.92499542236328,-76.97500610351562,1229.8702009916306,0.0004800888836759036,2011,2015
JAM,Jamaica,2011,17.92499542236328,-76.92500305175781,37883.45784521103,0.014788086557448255,2011,2015
JAM,Jamaica,2011,17.92499542236328,-76.62500762939453,2744.2979559898376,0.0010712569026413796,2011,2015
JAM,Jamaica,2011,17.92499542236328,-76.57500457763672,3113.8665415346622,0.0012155207196952779,2011,2015
JAM,Jamaica,2011,17.92499542236328,-76.5250015258789,1550.9894043803215,0.0006054401278620543,2011,2015
JAM,Jamaica,2011,17.92499542236328,-76.47500610351562,6492.041020393548,0.00253421598778953,2011,2015
JAM,Jamaica,2011,17.92499542236328,-76.42500305175781,5403.5474314690455,0.002109314505036474,2011,2015
JAM,Jamaica,2011,17.92499542236328,-76.37500762939453,2983.7575629353523,0.0011647317224160601,2011,2015
JAM,Jamaica,2011,17.92499542236328,-76.32500457763672,2717.966880828201,0.0010609783736794257,2011,2015
JAM,Jamaica,2011,17.92499542236328,-76.2750015258789,5260.613334923983,0.0020535191285860044,2011,2015
JAM,Jamaica,2011,17.92499542236328,-76.22500610351562,1046.057366401007,0.00040833619099925865,2011,2015
JAM,Jamaica,2011,17.974998474121094,-77.82500457763672,1743.0253016352654,0.0006804027535639302,2011,2015
JAM,Jamaica,2011,17.974998474121094,-77.7750015258789,3171.5928962828475,0.0012380546270843585,2011,2015
JAM,Jamaica,2011,17.974998474121094,-77.72500610351562,4074.59511500597,0.001590548188432625,2011,2015
JAM,Jamaica,2011,17.974998474121094,-77.67500305175781,2871.9228999614716,0.001121076238723463,2011,2015
JAM,Jamaica,2011,17.974998474121094,-77.62500762939453,3527.836991786957,0.0013771171313948143,2011,2015
JAM,Jamaica,2011,17.974998474121094,-77.57500457763672,6822.9962792396545,0.0026634068086078466,2011,2015
JAM,Jamaica,2011,17.974998474121094,-77.5250015258789,7615.111698150635,0.002972614891624106,2011,2015
JAM,Jamaica,2011,17.974998474121094,-77.47500610351562,7303.96382522583,0.0028511560296643973,2011,2015
JAM,Jamaica,2011,17.974998474121094,-77.42500305175781,3141.621869325655,0.0012263552161522963,2011,2015
JAM,Jamaica,2011,17.974998474121094,-77.37500762939453,2506.170512288809,0.0009783021025926862,2011,2015
JAM,Jamaica,2011,17.974998474121094,-77.32500457763672,7943.978297472,0.0031009903888263176,2011,2015
JAM,Jamaica,2011,17.974998474121094,-77.2750015258789,23560.999534606934,0.009197209555721973,2011,2015
JAM,Jamaica,2011,17.974998474121094,-77.22500610351562,32934.7033816576,0.012856303834297556,2011,2015
JAM,Jamaica,2011,17.974998474121094,-77.17500305175781,3862.6260957718164,0.001507804521876634,2011,2015
JAM,Jamaica,2011,17.974998474121094,-77.12500762939453,10877.242417395122,0.0042460116241770365,2011,2015
JAM,Jamaica,2011,17.974998474121094,-77.07500457763672,3330.2643093174165,0.0012999931808387502,2011,2015
JAM,Jamaica,2011,17.974998474121094,-77.0250015258789,4189.095424473286,0.0016352442268506523,2011,2015
JAM,Jamaica,2011,17.974998474121094,-76.97500610351562,55943.26543241739,0.021837865352765634,2011,2015
JAM,Jamaica,2011,17.974998474121094,-76.92500305175781,50207.45789241791,0.01959885066923406,2011,2015
JAM,Jamaica,2011,17.974998474121094,-76.87500762939453,131112.0196158886,0.05118054172150276,2011,2015
JAM,Jamaica,2011,17.974998474121094,-76.7750015258789,132005.9269117117,0.0515294850127667,2011,2015
JAM,Jamaica,2011,17.974998474121094,-76.72500610351562,26517.37609457972,0.010351252902132478,2011,2015
JAM,Jamaica,2011,17.974998474121094,-76.67500305175781,2310.01426172274,0.0009017310666537841,2011,2015
JAM,Jamaica,2011,17.974998474121094,-76.62500762939453,1440.882320404289,0.0005624590173446671,2011,2015
JAM,Jamaica,2011,17.974998474121094,-76.57500457763672,1862.6867088079453,0.0007271134644522011,2011,2015
JAM,Jamaica,2011,17.974998474121094,-76.5250015258789,3302.0119148499234,0.0012889646507466038,2011,2015
JAM,Jamaica,2011,17.974998474121094,-76.47500610351562,1404.0370185375468,0.0005480761826132919,2011,2015
JAM,Jamaica,2011,17.974998474121094,-76.42500305175781,1408.0425560475078,0.0005496397736573944,2011,2015
JAM,Jamaica,2011,17.974998474121094,-76.37500762939453,1252.0490500928295,0.0004887465606385828,2011,2015
JAM,Jamaica,2011,17.974998474121094,-76.32500457763672,847.0189888482618,0.0003306400955812913,2011,2015
JAM,Jamaica,2011,17.974998474121094,-76.2750015258789,2402.0535790922672,0.0009376592915140995,2011,2015
JAM,Jamaica,2011,18.024993896484375,-77.82500457763672,1944.3338215351182,0.0007589850157532606,2011,2015
JAM,Jamaica,2011,18.024993896484375,-77.7750015258789,3687.562673717953,0.0014394672267713804,2011,2015
JAM,Jamaica,2011,18.024993896484375,-77.72500610351562,4827.434100151062,0.0018844244264897717,2011,2015
JAM,Jamaica,2011,18.024993896484375,-77.67500305175781,5825.073078632355,0.0022738601434495586,2011,2015
JAM,Jamaica,2011,18.024993896484375,-77.62500762939453,3277.1519998908043,0.0012792603999960952,2011,2015
JAM,Jamaica,2011,18.024993896484375,-77.57500457763672,5741.18874168396,0.002241115275209823,2011,2015
JAM,Jamaica,2011,18.024993896484375,-77.5250015258789,27300.973915100098,0.01065713607793524,2011,2015
JAM,Jamaica,2011,18.024993896484375,-77.47500610351562,16058.532822012901,0.006268566463173862,2011,2015
JAM,Jamaica,2011,18.024993896484375,-77.42500305175781,7152.399000167847,0.0027919915848246477,2011,2015
JAM,Jamaica,2011,18.024993896484375,-77.37500762939453,5199.399606227875,0.0020296238991124723,2011,2015
JAM,Jamaica,2011,18.024993896484375,-77.32500457763672,4047.8562272787094,0.0015801104668345526,2011,2015
JAM,Jamaica,2011,18.024993896484375,-77.2750015258789,1188.449056118744,0.0004639198349530642,2011,2015
JAM,Jamaica,2011,18.024993896484375,-77.22500610351562,2752.3998178243637,0.0010744195240307733,2011,2015
JAM,Jamaica,2011,18.024993896484375,-77.17500305175781,3054.1369990110397,0.0011922048532164269,2011,2015
JAM,Jamaica,2011,18.024993896484375,-77.12500762939453,3552.553558051595,0.0013867654249275173,2011,2015
JAM,Jamaica,2011,18.024993896484375,-77.07500457763672,4456.663898527958,0.0017396915497569227,2011,2015
JAM,Jamaica,2011,18.024993896484375,-77.0250015258789,12908.620754987001,0.005038975107341009,2011,2015
JAM,Jamaica,2011,18.024993896484375,-76.97500610351562,68851.36805057526,0.026876638201582374,2011,2015
JAM,Jamaica,2011,18.024993896484375,-76.92500305175781,21772.016379833854,0.008498866815977968,2011,2015
JAM,Jamaica,2011,18.024993896484375,-76.87500762939453,18716.538140417113,0.007306138399698875,2011,2015
JAM,Jamaica,2011,18.024993896484375,-76.82500457763672,213359.7537841797,0.08328655002212672,2011,2015
JAM,Jamaica,2011,18.024993896484375,-76.7750015258789,80815.8085861206,0.03154704561196225,2011,2015
JAM,Jamaica,2011,18.024993896484375,-76.72500610351562,23586.476266860962,0.00920715458564276,2011,2015
JAM,Jamaica,2011,18.024993896484375,-76.67500305175781,7080.929918766022,0.0027640931029524313,2011,2015
JAM,Jamaica,2011,18.024993896484375,-76.62500762939453,3160.290864646435,0.0012336427958624782,2011,2015
JAM,Jamaica,2011,18.024993896484375,-76.57500457763672,321.131494164482,0.00012535604198092955,2011,2015
JAM,Jamaica,2011,18.024993896484375,-76.5250015258789,12.716045051822269,4.963801764429769e-06,2011,2015
JAM,Jamaica,2011,18.024993896484375,-76.47500610351562,0.0,0.0,2011,2015
JAM,Jamaica,2011,18.024993896484375,-76.42500305175781,282.9625854494288,0.00011045652757578132,2011,2015
JAM,Jamaica,2011,18.024993896484375,-76.37500762939453,196.20182874798775,7.658882771762779e-05,2011,2015
JAM,Jamaica,2011,18.024993896484375,-76.32500457763672,595.8416051864624,0.00023259115543329916,2011,2015
JAM,Jamaica,2011,18.024993896484375,-76.2750015258789,4987.002027511616,0.001946712941208836,2011,2015
JAM,Jamaica,2011,18.074996948242188,-77.97500610351562,3850.3797376155853,0.0015030240658483638,2011,2015
JAM,Jamaica,2011,18.074996948242188,-77.92500305175781,2937.7323222757814,0.0011467654310209582,2011,2015
JAM,Jamaica,2011,18.074996948242188,-77.87500762939453,5138.363800048828,0.002005798123002822,2011,2015
JAM,Jamaica,2011,18.074996948242188,-77.82500457763672,1016.2765542268877,0.00039671103180757584,2011,2015
JAM,Jamaica,2011,18.074996948242188,-77.7750015258789,4980.63054072858,0.001944225784454768,2011,2015
JAM,Jamaica,2011,18.074996948242188,-77.72500610351562,4176.773107588291,0.0016304341197736227,2011,2015
JAM,Jamaica,2011,18.074996948242188,-77.67500305175781,4754.5580460727215,0.0018559767224792462,2011,2015
JAM,Jamaica,2011,18.074996948242188,-77.62500762939453,1733.8478590846062,0.0006768202713267046,2011,2015
JAM,Jamaica,2011,18.074996948242188,-77.57500457763672,3090.1998929977417,0.0012062822692740227,2011,2015
JAM,Jamaica,2011,18.074996948242188,-77.5250015258789,11286.097254276368,0.004405611118550953,2011,2015
JAM,Jamaica,2011,18.074996948242188,-77.47500610351562,10831.245708465576,0.004228056470352717,2011,2015
JAM,Jamaica,2011,18.074996948242188,-77.42500305175781,4006.0844094753265,0.0015638045303526622,2011,2015
JAM,Jamaica,2011,18.074996948242188,-77.37500762939453,3721.6975351572037,0.001452792021135524,2011,2015
JAM,Jamaica,2011,18.074996948242188,-77.32500457763672,3306.8131588101387,0.0012908388516592343,2011,2015
JAM,Jamaica,2011,18.074996948242188,-77.2750015258789,7471.016190588658,0.0029163661498362616,2011,2015
JAM,Jamaica,2011,18.074996948242188,-77.22500610351562,3155.535576224327,0.0012317865340323389,2011,2015
JAM,Jamaica,2011,18.074996948242188,-77.17500305175781,3015.2239071130753,0.0011770148414293224,2011,2015
JAM,Jamaica,2011,18.074996948242188,-77.12500762939453,4788.171778678894,0.0018690980903683667,2011,2015
JAM,Jamaica,2011,18.074996948242188,-77.07500457763672,2939.8488038778305,0.0011475916151896853,2011,2015
JAM,Jamaica,2011,18.074996948242188,-77.0250015258789,1992.6495432257652,0.0007778454132746867,2011,2015
JAM,Jamaica,2011,18.074996948242188,-76.97500610351562,1749.8922638299207,0.0006830833227911695,2011,2015
JAM,Jamaica,2011,18.074996948242188,-76.92500305175781,3386.793187767267,0.0013220596445424465,2011,2015
JAM,Jamaica,2011,18.074996948242188,-76.87500762939453,11947.552815198898,0.004663815164464475,2011,2015
JAM,Jamaica,2011,18.074996948242188,-76.82500457763672,28589.824726104736,0.011160248476773018,2011,2015
JAM,Jamaica,2011,18.074996948242188,-76.7750015258789,16741.63724960387,0.0065352213035072505,2011,2015
JAM,Jamaica,2011,18.074996948242188,-76.72500610351562,5527.171629905766,0.0021575721206571795,2011,2015
JAM,Jamaica,2011,18.074996948242188,-76.67500305175781,4888.974880218804,0.00190844732287302,2011,2015
JAM,Jamaica,2011,18.074996948242188,-76.62500762939453,379.8402948379663,0.0001482734543668534,2011,2015
JAM,Jamaica,2011,18.074996948242188,-76.57500457763672,18.035227358341217,7.0401837220918836e-06,2011,2015
JAM,Jamaica,2011,18.074996948242188,-76.5250015258789,1.2353800535202026,4.822396951579024e-07,2011,2015
JAM,Jamaica,2011,18.074996948242188,-76.47500610351562,343.21589839458466,0.00013397685169314858,2011,2015
JAM,Jamaica,2011,18.074996948242188,-76.42500305175781,2127.7310907244682,0.0008305754894173374,2011,2015
JAM,Jamaica,2011,18.074996948242188,-76.37500762939453,1.375702977180481,5.370157810569546e-07,2011,2015
JAM,Jamaica,2011,18.074996948242188,-76.32500457763672,823.782040089516,0.0003215693816306438,2011,2015
JAM,Jamaica,2011,18.125,-78.0250015258789,1086.3566074371836,0.0004240672963032532,2011,2015
JAM,Jamaica,2011,18.125,-77.97500610351562,4059.871194124222,0.0015848005975618556,2011,2015
JAM,Jamaica,2011,18.125,-77.92500305175781,2409.122631788254,0.0009404187482557344,2011,2015
JAM,Jamaica,2011,18.125,-77.87500762939453,3314.623690366745,0.0012938877501307178,2011,2015
JAM,Jamaica,2011,18.125,-77.82500457763672,3483.002028644085,0.0013596154735877088,2011,2015
JAM,Jamaica,2011,18.125,-77.7750015258789,3079.0873334407806,0.0012019443998726974,2011,2015
JAM,Jamaica,2011,18.125,-77.72500610351562,1997.503375232382,0.0007797401423182298,2011,2015
JAM,Jamaica,2011,18.125,-77.67500305175781,910.4529508054353,0.00035540200944716467,2011,2015
JAM,Jamaica,2011,18.125,-77.62500762939453,2313.190209031105,0.0009029708210576692,2011,2015
JAM,Jamaica,2011,18.125,-77.57500457763672,3173.6743209958076,0.001238867126538443,2011,2015
JAM,Jamaica,2011,18.125,-77.5250015258789,4909.338473320067,0.0019163964012975019,2011,2015
JAM,Jamaica,2011,18.125,-77.47500610351562,9300.222560286522,0.0036304103175321956,2011,2015
JAM,Jamaica,2011,18.125,-77.42500305175781,5065.999526381493,0.0019775501962419678,2011,2015
JAM,Jamaica,2011,18.125,-77.37500762939453,4895.9724115135095,0.0019111788607093327,2011,2015
JAM,Jamaica,2011,18.125,-77.32500457763672,5215.0324639081955,0.0020357263001515072,2011,2015
JAM,Jamaica,2011,18.125,-77.2750015258789,5140.837053775787,0.0020067635757960237,2011,2015
JAM,Jamaica,2011,18.125,-77.22500610351562,4181.0271885407665,0.001632094731579563,2011,2015
JAM,Jamaica,2011,18.125,-77.17500305175781,1922.4907034635544,0.0007504583938686724,2011,2015
JAM,Jamaica,2011,18.125,-77.12500762939453,2424.8122565299273,0.0009465433087349221,2011,2015
JAM,Jamaica,2011,18.125,-77.07500457763672,2909.1824957729855,0.0011356207961450043,2011,2015
JAM,Jamaica,2011,18.125,-77.0250015258789,17934.782685279846,0.007000974404781534,2011,2015
JAM,Jamaica,2011,18.125,-76.97500610351562,5008.344045042992,0.001955043954809921,2011,2015
JAM,Jamaica,2011,18.125,-76.92500305175781,2802.927964001894,0.0010941435577320733,2011,2015
JAM,Jamaica,2011,18.125,-76.87500762939453,12743.135047912598,0.004974376543761202,2011,2015
JAM,Jamaica,2011,18.125,-76.82500457763672,15766.188570737839,0.006154447733302572,2011,2015
JAM,Jamaica,2011,18.125,-76.7750015258789,3681.0645376443863,0.0014369306315347307,2011,2015
JAM,Jamaica,2011,18.125,-76.72500610351562,1260.1870017651704,0.0004919232699617558,2011,2015
JAM,Jamaica,2011,18.125,-76.67500305175781,272.4658896923065,0.00010635906514091685,2011,2015
JAM,Jamaica,2011,18.125,-76.62500762939453,203.9064043762364,7.959636551273828e-05,2011,2015
JAM,Jamaica,2011,18.125,-76.57500457763672,187.4562919139862,7.31749430553301e-05,2011,2015
JAM,Jamaica,2011,18.125,-76.5250015258789,1331.6091477871166,0.0005198034302630353,2011,2015
JAM,Jamaica,2011,18.125,-76.47500610351562,2747.9163507227645,0.0010726693696534505,2011,2015
JAM,Jamaica,2011,18.125,-76.42500305175781,1308.2166427373886,0.0005106719937694509,2011,2015
JAM,Jamaica,2011,18.125,-76.37500762939453,903.9423410892487,0.0003528605450323237,2011,2015
JAM,Jamaica,2011,18.17499542236328,-78.0250015258789,3165.5393142700195,0.0012356915667968292,2011,2015
JAM,Jamaica,2011,18.17499542236328,-77.97500610351562,3168.678978919983,0.001236917157998,2011,2015
JAM,Jamaica,2011,18.17499542236328,-77.92500305175781,4011.6288945674896,0.0015659688609107227,2011,2015
JAM,Jamaica,2011,18.17499542236328,-77.87500762939453,3320.21787750721,0.0012960714822490946,2011,2015
JAM,Jamaica,2011,18.17499542236328,-77.82500457763672,702.2933917045781,0.0002741453936883454,2011,2015
JAM,Jamaica,2011,18.17499542236328,-77.7750015258789,2998.3154708744905,0.0011704145089129784,2011,2015
JAM,Jamaica,2011,18.17499542236328,-77.72500610351562,5126.696618974209,0.002001243753010572,2011,2015
JAM,Jamaica,2011,18.17499542236328,-77.67500305175781,2155.636859089449,0.0008414687114595171,2011,2015
JAM,Jamaica,2011,18.17499542236328,-77.62500762939453,4460.6405210494995,0.001741243853622508,2011,2015
JAM,Jamaica,2011,18.17499542236328,-77.57500457763672,3052.722190618515,0.0011916525723487104,2011,2015
JAM,Jamaica,2011,18.17499542236328,-77.5250015258789,6897.860792756081,0.00269263072239327,2011,2015
JAM,Jamaica,2011,18.17499542236328,-77.47500610351562,29441.10595703125,0.011492552369915754,2011,2015
JAM,Jamaica,2011,18.17499542236328,-77.42500305175781,8337.348487138748,0.0032545453372072263,2011,2015
JAM,Jamaica,2011,18.17499542236328,-77.37500762939453,5003.752392292023,0.001953251569368219,2011,2015
JAM,Jamaica,2011,18.17499542236328,-77.32500457763672,3894.0356826783654,0.001520065485271412,2011,2015
JAM,Jamaica,2011,18.17499542236328,-77.2750015258789,5329.977594375633,0.002080595977720408,2011,2015
JAM,Jamaica,2011,18.17499542236328,-77.22500610351562,4641.241324841976,0.00181174270643949,2011,2015
JAM,Jamaica,2011,18.17499542236328,-77.17500305175781,397.94500941072437,0.00015534076293445518,2011,2015
JAM,Jamaica,2011,18.17499542236328,-77.12500762939453,653.2399521470213,0.0002549970225686429,2011,2015
JAM,Jamaica,2011,18.17499542236328,-77.07500457763672,10272.415641784668,0.004009913041346103,2011,2015
JAM,Jamaica,2011,18.17499542236328,-77.0250015258789,13069.73504281044,0.005101867255246558,2011,2015
JAM,Jamaica,2011,18.17499542236328,-76.97500610351562,3122.0337935689495,0.0012187088666303603,2011,2015
JAM,Jamaica,2011,18.17499542236328,-76.92500305175781,2035.6309342384338,0.0007946235155601734,2011,2015
JAM,Jamaica,2011,18.17499542236328,-76.87500762939453,4215.572104811951,0.0016455795938649803,2011,2015
JAM,Jamaica,2011,18.17499542236328,-76.82500457763672,5044.217968195677,0.0019690476047118056,2011,2015
JAM,Jamaica,2011,18.17499542236328,-76.7750015258789,35.20541858691209,1.3742694225053877e-05,2011,2015
JAM,Jamaica,2011,18.17499542236328,-76.72500610351562,911.4114730358124,0.00035577617565363853,2011,2015
JAM,Jamaica,2011,18.17499542236328,-76.67500305175781,2058.2365587353825,0.0008034477874392597,2011,2015
JAM,Jamaica,2011,18.17499542236328,-76.62500762939453,2456.478136777878,0.0009589043181216004,2011,2015
JAM,Jamaica,2011,18.17499542236328,-76.57500457763672,3526.54194688797,0.00137661160108815,2011,2015
JAM,Jamaica,2011,18.17499542236328,-76.5250015258789,4217.786390006542,0.0016464439563858009,2011,2015
JAM,Jamaica,2011,18.17499542236328,-76.47500610351562,10986.265908122063,0.004288569746095386,2011,2015
JAM,Jamaica,2011,18.17499542236328,-76.42500305175781,11099.29676103592,0.004332692171333916,2011,2015
JAM,Jamaica,2011,18.224998474121094,-78.32500457763672,1714.9704136850075,0.000669451321594254,2011,2015
JAM,Jamaica,2011,18.224998474121094,-78.2750015258789,1897.4566927552223,0.0007406861835612731,2011,2015
JAM,Jamaica,2011,18.224998474121094,-78.22500610351562,5722.624983400106,0.0022338687755514533,2011,2015
JAM,Jamaica,2011,18.224998474121094,-78.17500305175781,2569.8585425913334,0.0010031631939068778,2011,2015
JAM,Jamaica,2011,18.224998474121094,-78.12500762939453,31718.7813038826,0.01238165970316468,2011,2015
JAM,Jamaica,2011,18.224998474121094,-78.07500457763672,3287.287734389305,0.0012832169585473123,2011,2015
JAM,Jamaica,2011,18.224998474121094,-78.0250015258789,1794.9849682451777,0.0007006855918006903,2011,2015
JAM,Jamaica,2011,18.224998474121094,-77.97500610351562,4139.638875961304,0.001615938499184077,2011,2015
JAM,Jamaica,2011,18.224998474121094,-77.92500305175781,2809.496814727783,0.001096707756953652,2011,2015
JAM,Jamaica,2011,18.224998474121094,-77.87500762939453,2585.898056864745,0.0010094243363396459,2011,2015
JAM,Jamaica,2011,18.224998474121094,-77.82500457763672,928.4259758293629,0.00036241791203026595,2011,2015
JAM,Jamaica,2011,18.224998474121094,-77.7750015258789,2040.2069007456303,0.000796409777761182,2011,2015
JAM,Jamaica,2011,18.224998474121094,-77.72500610351562,1091.8017982545662,0.0004261928666104382,2011,2015
JAM,Jamaica,2011,18.224998474121094,-77.67500305175781,565.9384661316886,0.000220918245043539,2011,2015
JAM,Jamaica,2011,18.224998474121094,-77.62500762939453,1661.1249838769436,0.0006484323618156045,2011,2015
JAM,Jamaica,2011,18.224998474121094,-77.57500457763672,2647.214574933215,0.0010333596904011154,2011,2015
JAM,Jamaica,2011,18.224998474121094,-77.5250015258789,5374.823352575302,0.0020981018494573758,2011,2015
JAM,Jamaica,2011,18.224998474121094,-77.47500610351562,5510.295352458954,0.0021509843415618633,2011,2015
JAM,Jamaica,2011,18.224998474121094,-77.42500305175781,2999.102029323578,0.0011707215477919299,2011,2015
JAM,Jamaica,2011,18.224998474121094,-77.37500762939453,3109.140193462372,0.001213675754943664,2011,2015
JAM,Jamaica,2011,18.224998474121094,-77.32500457763672,1098.1755421163107,0.0004286809044317903,2011,2015
JAM,Jamaica,2011,18.224998474121094,-77.2750015258789,781.0365877151489,0.0003048833797289105,2011,2015
JAM,Jamaica,2011,18.224998474121094,-77.22500610351562,1482.4800940752618,0.0005786970144186658,2011,2015
JAM,Jamaica,2011,18.224998474121094,-77.17500305175781,1016.902143478438,0.0003969552351756827,2011,2015
JAM,Jamaica,2011,18.224998474121094,-77.12500762939453,319.5615915663611,0.00012474321894870706,2011,2015
JAM,Jamaica,2011,18.224998474121094,-77.07500457763672,1048.8121374848683,0.0004094115361644374,2011,2015
JAM,Jamaica,2011,18.224998474121094,-77.0250015258789,3740.8646018505096,0.0014602740266713207,2011,2015
JAM,Jamaica,2011,18.224998474121094,-76.97500610351562,4075.4677126407623,0.001590888813340886,2011,2015
JAM,Jamaica,2011,18.224998474121094,-76.92500305175781,3030.010111987591,0.0011827867453150216,2011,2015
JAM,Jamaica,2011,18.224998474121094,-76.87500762939453,4209.7218544483185,0.001643295905583049,2011,2015
JAM,Jamaica,2011,18.224998474121094,-76.82500457763672,2207.902637243271,0.0008618710425901432,2011,2015
JAM,Jamaica,2011,18.224998474121094,-76.7750015258789,1918.1124982239983,0.0007487493292338292,2011,2015
JAM,Jamaica,2011,18.224998474121094,-76.72500610351562,2714.0036773085963,0.0010594313080199982,2011,2015
JAM,Jamaica,2011,18.224998474121094,-76.67500305175781,8372.77447748185,0.0032683741332405146,2011,2015
JAM,Jamaica,2011,18.224998474121094,-76.62500762939453,2487.023796320553,0.0009708280411121755,2011,2015
JAM,Jamaica,2011,18.274993896484375,-78.32500457763672,10916.31903886836,0.004261265470937277,2011,2015
JAM,Jamaica,2011,18.274993896484375,-78.2750015258789,2180.13681906553,0.0008510324511334578,2011,2015
JAM,Jamaica,2011,18.274993896484375,-78.22500610351562,2813.137803138108,0.001098129043573964,2011,2015
JAM,Jamaica,2011,18.274993896484375,-78.17500305175781,2633.550939768719,0.0010280259898628077,2011,2015
JAM,Jamaica,2011,18.274993896484375,-78.12500762939453,4552.583830833454,0.0017771346012152671,2011,2015
JAM,Jamaica,2011,18.274993896484375,-78.07500457763672,10955.058003485374,0.004276387510858845,2011,2015
JAM,Jamaica,2011,18.274993896484375,-78.0250015258789,4200.405325174332,0.0016396591298198215,2011,2015
JAM,Jamaica,2011,18.274993896484375,-77.97500610351562,4215.140975415707,0.0016454112993324384,2011,2015
JAM,Jamaica,2011,18.274993896484375,-77.92500305175781,5167.0558769106865,0.0020169982863532687,2011,2015
JAM,Jamaica,2011,18.274993896484375,-77.87500762939453,2348.6299627423396,0.0009168049897229944,2011,2015
JAM,Jamaica,2011,18.274993896484375,-77.82500457763672,869.5739732683285,0.00033944459973370215,2011,2015
JAM,Jamaica,2011,18.274993896484375,-77.7750015258789,23.020932763814926,8.986390517346272e-06,2011,2015
JAM,Jamaica,2011,18.274993896484375,-77.72500610351562,33.618502021093796,1.3123229665333492e-05,2011,2015
JAM,Jamaica,2011,18.274993896484375,-77.67500305175781,43.381960123928415,1.693446738588887e-05,2011,2015
JAM,Jamaica,2011,18.274993896484375,-77.62500762939453,1034.4381461143635,0.00040380054285354267,2011,2015
JAM,Jamaica,2011,18.274993896484375,-77.57500457763672,3706.0839977264404,0.001446697161898083,2011,2015
JAM,Jamaica,2011,18.274993896484375,-77.5250015258789,6309.876140832901,0.0024631065864862767,2011,2015
JAM,Jamaica,2011,18.274993896484375,-77.47500610351562,135.9617919921875,5.307368605847611e-05,2011,2015
JAM,Jamaica,2011,18.274993896484375,-77.42500305175781,432.33637005105976,0.00016876568364934157,2011,2015
JAM,Jamaica,2011,18.274993896484375,-77.37500762939453,2669.0009827019467,0.001041864175001657,2011,2015
JAM,Jamaica,2011,18.274993896484375,-77.32500457763672,2672.558784783304,0.0010432529892262813,2011,2015
JAM,Jamaica,2011,18.274993896484375,-77.2750015258789,1624.0184956789312,0.0006339475710777256,2011,2015
JAM,Jamaica,2011,18.274993896484375,-77.22500610351562,1317.2700949311256,0.0005142060754583965,2011,2015
JAM,Jamaica,2011,18.274993896484375,-77.17500305175781,887.6702960134355,0.0003465086324896242,2011,2015
JAM,Jamaica,2011,18.274993896484375,-77.12500762939453,4618.813044369221,0.0018029876621053372,2011,2015
JAM,Jamaica,2011,18.274993896484375,-77.07500457763672,1276.8472344279437,0.0004984267143857304,2011,2015
JAM,Jamaica,2011,18.274993896484375,-77.0250015258789,2939.758930757642,0.0011475565325558357,2011,2015
JAM,Jamaica,2011,18.274993896484375,-76.97500610351562,4346.392342567444,0.00169664623639003,2011,2015
JAM,Jamaica,2011,18.274993896484375,-76.92500305175781,3868.8436800243962,0.001510231601645357,2011,2015
JAM,Jamaica,2011,18.274993896484375,-76.87500762939453,9501.37095952034,0.0037089300754411976,2011,2015
JAM,Jamaica,2011,18.274993896484375,-76.82500457763672,2956.8238567710177,0.0011542179520073908,2011,2015
JAM,Jamaica,2011,18.274993896484375,-76.7750015258789,6309.091049104945,0.0024628001201527127,2011,2015
JAM,Jamaica,2011,18.324996948242188,-78.32500457763672,1118.3292827047408,0.00043654806538356535,2011,2015
JAM,Jamaica,2011,18.324996948242188,-78.2750015258789,2593.010409206152,0.0010122006954165167,2011,2015
JAM,Jamaica,2011,18.324996948242188,-78.22500610351562,1481.2005683779716,0.0005781975421465908,2011,2015
JAM,Jamaica,2011,18.324996948242188,-78.17500305175781,7862.1792469620705,0.0030690595274936363,2011,2015
JAM,Jamaica,2011,18.324996948242188,-78.12500762939453,3961.720260798931,0.0015464866584373091,2011,2015
JAM,Jamaica,2011,18.324996948242188,-78.07500457763672,3071.3367235064507,0.0011989188922474378,2011,2015
JAM,Jamaica,2011,18.324996948242188,-78.0250015258789,2538.021337911551,0.000990735306767443,2011,2015
JAM,Jamaica,2011,18.324996948242188,-77.97500610351562,4158.628134489059,0.001623351095993946,2011,2015
JAM,Jamaica,2011,18.324996948242188,-77.92500305175781,4591.1148364543915,0.001792175462812329,2011,2015
JAM,Jamaica,2011,18.324996948242188,-77.87500762939453,1229.3441937869102,0.00047988355289260953,2011,2015
JAM,Jamaica,2011,18.324996948242188,-77.82500457763672,2257.8181802630424,0.0008813559421406135,2011,2015
JAM,Jamaica,2011,18.324996948242188,-77.7750015258789,1170.9621360005583,0.00045709368699720635,2011,2015
JAM,Jamaica,2011,18.324996948242188,-77.72500610351562,0.8989480137825012,3.5091097261445786e-07,2011,2015
JAM,Jamaica,2011,18.324996948242188,-77.67500305175781,0.0,0.0,2011,2015
JAM,Jamaica,2011,18.324996948242188,-77.62500762939453,0.4943540096282959,1.9297472565137024e-07,2011,2015
JAM,Jamaica,2011,18.324996948242188,-77.57500457763672,456.64114475250244,0.00017825323131494223,2011,2015
JAM,Jamaica,2011,18.324996948242188,-77.5250015258789,1540.6795887054984,0.0006014156154425817,2011,2015
JAM,Jamaica,2011,18.324996948242188,-77.47500610351562,189.18924698233604,7.385141481922337e-05,2011,2015
JAM,Jamaica,2011,18.324996948242188,-77.42500305175781,2073.5125460773706,0.0008094108815154875,2011,2015
JAM,Jamaica,2011,18.324996948242188,-77.37500762939453,5409.0604157447815,0.0021114665390190254,2011,2015
JAM,Jamaica,2011,18.324996948242188,-77.32500457763672,2802.937780559253,0.0010941473896974793,2011,2015
JAM,Jamaica,2011,18.324996948242188,-77.2750015258789,1113.5294466020296,0.00043467441403847226,2011,2015
JAM,Jamaica,2011,18.324996948242188,-77.22500610351562,492.9337164163766,0.0001924203037440397,2011,2015
JAM,Jamaica,2011,18.324996948242188,-77.17500305175781,4858.612440466881,0.0018965951210760947,2011,2015
JAM,Jamaica,2011,18.324996948242188,-77.12500762939453,3760.2091400625077,0.0014678253095204668,2011,2015
JAM,Jamaica,2011,18.324996948242188,-77.07500457763672,2412.6226264238358,0.0009417849969184904,2011,2015
JAM,Jamaica,2011,18.324996948242188,-77.0250015258789,3147.741034448147,0.0012287438772893148,2011,2015
JAM,Jamaica,2011,18.324996948242188,-76.97500610351562,3964.501080751419,0.001547572171970052,2011,2015
JAM,Jamaica,2011,18.324996948242188,-76.92500305175781,5405.986257791519,0.002110266518838981,2011,2015
JAM,Jamaica,2011,18.324996948242188,-76.87500762939453,7694.861479282379,0.003003745805574266,2011,2015
JAM,Jamaica,2011,18.324996948242188,-76.82500457763672,2938.1663930418235,0.0011469348737388463,2011,2015
JAM,Jamaica,2011,18.375,-78.2750015258789,5332.706449270372,0.002081661206310443,2011,2015
JAM,Jamaica,2011,18.375,-78.22500610351562,4766.426508575678,0.0018606096641582946,2011,2015
JAM,Jamaica,2011,18.375,-78.17500305175781,2358.850486755371,0.0009207946464851819,2011,2015
JAM,Jamaica,2011,18.375,-78.12500762939453,2174.584545493126,0.0008488650802848191,2011,2015
JAM,Jamaica,2011,18.375,-78.07500457763672,1390.4499187171843,0.0005427723582097967,2011,2015
JAM,Jamaica,2011,18.375,-78.0250015258789,1853.3392190635473,0.0007234646030415077,2011,2015
JAM,Jamaica,2011,18.375,-77.97500610351562,2490.2924797534943,0.0009721039957447419,2011,2015
JAM,Jamaica,2011,18.375,-77.92500305175781,4097.872359275818,0.0015996346320325692,2011,2015
JAM,Jamaica,2011,18.375,-77.87500762939453,2337.9651798009872,0.000912641913218798,2011,2015
JAM,Jamaica,2011,18.375,-77.82500457763672,2754.7778052687645,0.0010753477889295059,2011,2015
JAM,Jamaica,2011,18.375,-77.7750015258789,337.52836060523987,0.00013175667946200623,2011,2015
JAM,Jamaica,2011,18.375,-77.72500610351562,2945.083488702774,0.0011496350129335904,2011,2015
JAM,Jamaica,2011,18.375,-77.67500305175781,1151.3191031813622,0.0004494258845814934,2011,2015
JAM,Jamaica,2011,18.375,-77.62500762939453,859.1752522886553,0.0003353853824742196,2011,2015
JAM,Jamaica,2011,18.375,-77.57500457763672,73.88084173202515,2.883993026545851e-05,2011,2015
JAM,Jamaica,2011,18.375,-77.5250015258789,166.2063086926937,6.487985572447492e-05,2011,2015
JAM,Jamaica,2011,18.375,-77.47500610351562,1282.9581188857555,0.0005008121431043528,2011,2015
JAM,Jamaica,2011,18.375,-77.42500305175781,2082.791310250759,0.00081303291539378,2011,2015
JAM,Jamaica,2011,18.375,-77.37500762939453,12942.736834049225,0.005052292569866059,2011,2015
JAM,Jamaica,2011,18.375,-77.32500457763672,2893.3673310875893,0.0011294472302249253,2011,2015
JAM,Jamaica,2011,18.375,-77.2750015258789,4358.765266240057,0.0017014760981990263,2011,2015
JAM,Jamaica,2011,18.375,-77.22500610351562,2490.153722047806,0.0009720498306531967,2011,2015
JAM,Jamaica,2011,18.375,-77.17500305175781,2317.529034614563,0.0009046645135539564,2011,2015
JAM,Jamaica,2011,18.375,-77.12500762939453,5033.2303209305755,0.001964758495742848,2011,2015
JAM,Jamaica,2011,18.375,-77.07500457763672,10580.49174785614,0.004130172816509221,2011,2015
JAM,Jamaica,2011,18.375,-77.0250015258789,6508.1040897369385,0.002540486325117208,2011,2015
JAM,Jamaica,2011,18.375,-76.97500610351562,4823.888867616798,0.0018830405188803557,2011,2015
JAM,Jamaica,2011,18.375,-76.92500305175781,8364.89543914858,0.0032652984926446137,2011,2015
JAM,Jamaica,2011,18.42499542236328,-78.22500610351562,3201.491738215089,0.0012497258600607153,2011,2015
JAM,Jamaica,2011,18.42499542236328,-78.17500305175781,12046.77025771141,0.004702545423298785,2011,2015
JAM,Jamaica,2011,18.42499542236328,-78.12500762939453,2416.657140374195,0.0009433598991293425,2011,2015
JAM,Jamaica,2011,18.42499542236328,-78.07500457763672,7734.557563602924,0.0030192414642156323,2011,2015
JAM,Jamaica,2011,18.42499542236328,-78.0250015258789,6002.714305192492,0.0023432037035141175,2011,2015
JAM,Jamaica,2011,18.42499542236328,-77.97500610351562,4567.470498621464,0.001782945721538564,2011,2015
JAM,Jamaica,2011,18.42499542236328,-77.92500305175781,18430.745000243187,0.007194576944256094,2011,2015
JAM,Jamaica,2011,18.42499542236328,-77.87500762939453,13583.115226865571,0.00530226898810067,2011,2015
JAM,Jamaica,2011,18.42499542236328,-77.82500457763672,3528.4729647636414,0.0013773653881264422,2011,2015
JAM,Jamaica,2011,18.42499542236328,-77.7750015258789,4310.284405201682,0.00168255123731794,2011,2015
JAM,Jamaica,2011,18.42499542236328,-77.72500610351562,6149.492249846458,0.0024004995543611012,2011,2015
JAM,Jamaica,2011,18.42499542236328,-77.67500305175781,580.167842806345,0.00022647278694367743,2011,2015
JAM,Jamaica,2011,18.42499542236328,-77.62500762939453,1281.6299357862163,0.0005002936770572359,2011,2015
JAM,Jamaica,2011,18.42499542236328,-77.57500457763672,1957.319695204515,0.0007640541471042522,2011,2015
JAM,Jamaica,2011,18.42499542236328,-77.5250015258789,3155.03801727305,0.0012315923082341295,2011,2015
JAM,Jamaica,2011,18.42499542236328,-77.47500610351562,3746.668511390686,0.0014625396254717897,2011,2015
JAM,Jamaica,2011,18.42499542236328,-77.42500305175781,3513.807277381429,0.0013716405291307617,2011,2015
JAM,Jamaica,2011,18.42499542236328,-77.37500762939453,4746.679809570322,0.0018529013948839258,2011,2015
JAM,Jamaica,2011,18.42499542236328,-77.32500457763672,5477.047981143002,0.002138005985498464,2011,2015
JAM,Jamaica,2011,18.42499542236328,-77.2750015258789,4053.4628784656525,0.001582299064385196,2011,2015
JAM,Jamaica,2011,18.42499542236328,-77.22500610351562,14631.641464471817,0.005711568921143525,2011,2015
JAM,Jamaica,2011,18.42499542236328,-77.17500305175781,14582.488421499736,0.005692381669097974,2011,2015
JAM,Jamaica,2011,18.474998474121094,-77.92500305175781,49917.11043548584,0.01948551140272914,2011,2015
JAM,Jamaica,2011,18.474998474121094,-77.87500762939453,43568.309019088745,0.017007210048471985,2011,2015
JAM,Jamaica,2011,18.474998474121094,-77.82500457763672,2075.3345350027084,0.0008101221083006637,2011,2015
JAM,Jamaica,2011,18.474998474121094,-77.7750015258789,4907.046035587788,0.0019155015313584633,2011,2015
JAM,Jamaica,2011,18.474998474121094,-77.72500610351562,3820.080317736283,0.001491196464322485,2011,2015
JAM,Jamaica,2011,18.474998474121094,-77.67500305175781,10944.55791664136,0.004272288724688257,2011,2015
JAM,Jamaica,2011,18.474998474121094,-77.62500762939453,8639.499380111694,0.0033724921618331904,2011,2015
JAM,Jamaica,2011,18.474998474121094,-77.57500457763672,4201.228988587856,0.0016399806528946995,2011,2015
JAM,Jamaica,2011,18.474998474121094,-77.5250015258789,5201.913738787174,0.002030605309258709,2011,2015
JAM,Jamaica,2011,18.474998474121094,-77.47500610351562,1052.5714502632618,0.0004108790115725839,2011,2015
JAM,Jamaica,2012,17.724998474121094,-77.22500610351562,37.25282335296532,1.4541913742507582e-05,2012,2015
JAM,Jamaica,2012,17.724998474121094,-77.17500305175781,32.723720908220024,1.2773945273153332e-05,2012,2015
JAM,Jamaica,2012,17.774993896484375,-77.2750015258789,2872.108346313318,0.0011211486290716218,2012,2015
JAM,Jamaica,2012,17.774993896484375,-77.22500610351562,4467.529142856627,0.0017439328778388707,2012,2015
JAM,Jamaica,2012,17.824996948242188,-77.32500457763672,782.8450663687883,0.000305589332680106,2012,2015
JAM,Jamaica,2012,17.824996948242188,-77.2750015258789,6733.9551615715845,0.0026286489530650005,2012,2015
JAM,Jamaica,2012,17.824996948242188,-77.22500610351562,4500.335195705295,0.0017567389619908655,2012,2015
JAM,Jamaica,2012,17.824996948242188,-77.17500305175781,1337.5758312941307,0.0005221325690793268,2012,2015
JAM,Jamaica,2012,17.875,-77.72500610351562,3386.7889660001156,0.0013220579965445706,2012,2015
JAM,Jamaica,2012,17.875,-77.67500305175781,6254.112588763237,0.0024413388735671877,2012,2015
JAM,Jamaica,2012,17.875,-77.62500762939453,6811.496182441711,0.002658917661192585,2012,2015
JAM,Jamaica,2012,17.875,-77.57500457763672,7793.393462181091,0.0030422084902039736,2012,2015
JAM,Jamaica,2012,17.875,-77.5250015258789,3077.5111001729965,0.001201329105616984,2012,2015
JAM,Jamaica,2012,17.875,-77.47500610351562,2019.0539751648903,0.0007881525775945719,2012,2015
JAM,Jamaica,2012,17.875,-77.42500305175781,399.28233566880226,0.0001558627980807929,2012,2015
JAM,Jamaica,2012,17.875,-77.37500762939453,2982.2755010724363,0.0011641531886612524,2012,2015
JAM,Jamaica,2012,17.875,-77.32500457763672,4491.612653493881,0.0017533340534487145,2012,2015
JAM,Jamaica,2012,17.875,-77.2750015258789,2482.307016670704,0.0009689868114646765,2012,2015
JAM,Jamaica,2012,17.875,-77.22500610351562,10273.295089721683,0.004010256340320249,2012,2015
JAM,Jamaica,2012,17.875,-77.17500305175781,563.1533727645874,0.0002198310633519534,2012,2015
JAM,Jamaica,2012,17.875,-77.0250015258789,8.879753857853213,3.4662772652726126e-06,2012,2015
JAM,Jamaica,2012,17.875,-76.97500610351562,3.279618024856661,1.2802230309892036e-06,2012,2015
JAM,Jamaica,2012,17.875,-76.92500305175781,3195.7405979635796,0.0012474808601404112,2012,2015
JAM,Jamaica,2012,17.875,-76.57500457763672,11160.83635520958,0.0043567146047946825,2012,2015
JAM,Jamaica,2012,17.875,-76.5250015258789,1720.2556212246418,0.0006715144412516395,2012,2015
JAM,Jamaica,2012,17.875,-76.47500610351562,3135.06047648248,0.0012237939281701182,2012,2015
JAM,Jamaica,2012,17.875,-76.42500305175781,7664.432469070079,0.002991867617508235,2012,2015
JAM,Jamaica,2012,17.875,-76.37500762939453,10348.328077375889,0.00403954601922517,2012,2015
JAM,Jamaica,2012,17.92499542236328,-77.7750015258789,2946.988478243351,0.0011503786396197336,2012,2015
JAM,Jamaica,2012,17.92499542236328,-77.72500610351562,3677.5523229837418,0.0014355596126952633,2012,2015
JAM,Jamaica,2012,17.92499542236328,-77.67500305175781,4508.124064922333,0.0017597794044086836,2012,2015
JAM,Jamaica,2012,17.92499542236328,-77.62500762939453,8277.670184135437,0.003231249472452205,2012,2015
JAM,Jamaica,2012,17.92499542236328,-77.57500457763672,8711.530037879944,0.003400609859172729,2012,2015
JAM,Jamaica,2012,17.92499542236328,-77.5250015258789,2894.978051662445,0.0011300759868547493,2012,2015
JAM,Jamaica,2012,17.92499542236328,-77.47500610351562,3420.008719444275,0.0013350255717684732,2012,2015
JAM,Jamaica,2012,17.92499542236328,-77.42500305175781,5296.849600315094,0.0020676642214471665,2012,2015
JAM,Jamaica,2012,17.92499542236328,-77.37500762939453,1533.131218135357,0.0005984690534414295,2012,2015
JAM,Jamaica,2012,17.92499542236328,-77.32500457763672,3186.089334487915,0.0012437134184182213,2012,2015
JAM,Jamaica,2012,17.92499542236328,-77.2750015258789,2686.602597236877,0.0010487350947671371,2012,2015
JAM,Jamaica,2012,17.92499542236328,-77.22500610351562,16382.214745163918,0.006394918083878508,2012,2015
JAM,Jamaica,2012,17.92499542236328,-77.17500305175781,21507.020120620902,0.00839542357606431,2012,2015
JAM,Jamaica,2012,17.92499542236328,-77.12500762939453,27331.380294680625,0.010669005431967617,2012,2015
JAM,Jamaica,2012,17.92499542236328,-77.07500457763672,11773.991279602296,0.004596064141790323,2012,2015
JAM,Jamaica,2012,17.92499542236328,-77.0250015258789,657.3043057919134,0.0002565835729238487,2012,2015
JAM,Jamaica,2012,17.92499542236328,-76.97500610351562,1229.8702009916306,0.0004800888836759036,2012,2015
JAM,Jamaica,2012,17.92499542236328,-76.92500305175781,37883.45784521103,0.014788086557448255,2012,2015
JAM,Jamaica,2012,17.92499542236328,-76.62500762939453,2744.2979559898376,0.0010712569026413796,2012,2015
JAM,Jamaica,2012,17.92499542236328,-76.57500457763672,3113.8665415346622,0.0012155207196952779,2012,2015
JAM,Jamaica,2012,17.92499542236328,-76.5250015258789,1550.9894043803215,0.0006054401278620543,2012,2015
JAM,Jamaica,2012,17.92499542236328,-76.47500610351562,6492.041020393548,0.00253421598778953,2012,2015
JAM,Jamaica,2012,17.92499542236328,-76.42500305175781,5403.5474314690455,0.002109314505036474,2012,2015
JAM,Jamaica,2012,17.92499542236328,-76.37500762939453,2983.7575629353523,0.0011647317224160601,2012,2015
JAM,Jamaica,2012,17.92499542236328,-76.32500457763672,2717.966880828201,0.0010609783736794257,2012,2015
JAM,Jamaica,2012,17.92499542236328,-76.2750015258789,5260.613334923983,0.0020535191285860044,2012,2015
JAM,Jamaica,2012,17.92499542236328,-76.22500610351562,1046.057366401007,0.00040833619099925865,2012,2015
JAM,Jamaica,2012,17.974998474121094,-77.82500457763672,1743.0253016352654,0.0006804027535639302,2012,2015
JAM,Jamaica,2012,17.974998474121094,-77.7750015258789,3171.5928962828475,0.0012380546270843585,2012,2015
JAM,Jamaica,2012,17.974998474121094,-77.72500610351562,4074.59511500597,0.001590548188432625,2012,2015
JAM,Jamaica,2012,17.974998474121094,-77.67500305175781,2871.9228999614716,0.001121076238723463,2012,2015
JAM,Jamaica,2012,17.974998474121094,-77.62500762939453,3527.836991786957,0.0013771171313948143,2012,2015
JAM,Jamaica,2012,17.974998474121094,-77.57500457763672,6822.9962792396545,0.0026634068086078466,2012,2015
JAM,Jamaica,2012,17.974998474121094,-77.5250015258789,7615.111698150635,0.002972614891624106,2012,2015
JAM,Jamaica,2012,17.974998474121094,-77.47500610351562,7303.96382522583,0.0028511560296643973,2012,2015
JAM,Jamaica,2012,17.974998474121094,-77.42500305175781,3141.621869325655,0.0012263552161522963,2012,2015
JAM,Jamaica,2012,17.974998474121094,-77.37500762939453,2506.170512288809,0.0009783021025926862,2012,2015
JAM,Jamaica,2012,17.974998474121094,-77.32500457763672,7943.978297472,0.0031009903888263176,2012,2015
JAM,Jamaica,2012,17.974998474121094,-77.2750015258789,23560.999534606934,0.009197209555721973,2012,2015
JAM,Jamaica,2012,17.974998474121094,-77.22500610351562,32934.7033816576,0.012856303834297556,2012,2015
JAM,Jamaica,2012,17.974998474121094,-77.17500305175781,3862.6260957718164,0.001507804521876634,2012,2015
JAM,Jamaica,2012,17.974998474121094,-77.12500762939453,10877.242417395122,0.0042460116241770365,2012,2015
JAM,Jamaica,2012,17.974998474121094,-77.07500457763672,3330.2643093174165,0.0012999931808387502,2012,2015
JAM,Jamaica,2012,17.974998474121094,-77.0250015258789,4189.095424473286,0.0016352442268506523,2012,2015
JAM,Jamaica,2012,17.974998474121094,-76.97500610351562,55943.26543241739,0.021837865352765634,2012,2015
JAM,Jamaica,2012,17.974998474121094,-76.92500305175781,50207.45789241791,0.01959885066923406,2012,2015
JAM,Jamaica,2012,17.974998474121094,-76.87500762939453,131112.0196158886,0.05118054172150276,2012,2015
JAM,Jamaica,2012,17.974998474121094,-76.7750015258789,132005.9269117117,0.0515294850127667,2012,2015
JAM,Jamaica,2012,17.974998474121094,-76.72500610351562,26517.37609457972,0.010351252902132478,2012,2015
JAM,Jamaica,2012,17.974998474121094,-76.67500305175781,2310.01426172274,0.0009017310666537841,2012,2015
JAM,Jamaica,2012,17.974998474121094,-76.62500762939453,1440.882320404289,0.0005624590173446671,2012,2015
JAM,Jamaica,2012,17.974998474121094,-76.57500457763672,1862.6867088079453,0.0007271134644522011,2012,2015
JAM,Jamaica,2012,17.974998474121094,-76.5250015258789,3302.0119148499234,0.0012889646507466038,2012,2015
JAM,Jamaica,2012,17.974998474121094,-76.47500610351562,1404.0370185375468,0.0005480761826132919,2012,2015
JAM,Jamaica,2012,17.974998474121094,-76.42500305175781,1408.0425560475078,0.0005496397736573944,2012,2015
JAM,Jamaica,2012,17.974998474121094,-76.37500762939453,1252.0490500928295,0.0004887465606385828,2012,2015
JAM,Jamaica,2012,17.974998474121094,-76.32500457763672,847.0189888482618,0.0003306400955812913,2012,2015
JAM,Jamaica,2012,17.974998474121094,-76.2750015258789,2402.0535790922672,0.0009376592915140995,2012,2015
JAM,Jamaica,2012,18.024993896484375,-77.82500457763672,1944.3338215351182,0.0007589850157532606,2012,2015
JAM,Jamaica,2012,18.024993896484375,-77.7750015258789,3687.562673717953,0.0014394672267713804,2012,2015
JAM,Jamaica,2012,18.024993896484375,-77.72500610351562,4827.434100151062,0.0018844244264897717,2012,2015
JAM,Jamaica,2012,18.024993896484375,-77.67500305175781,5825.073078632355,0.0022738601434495586,2012,2015
JAM,Jamaica,2012,18.024993896484375,-77.62500762939453,3277.1519998908043,0.0012792603999960952,2012,2015
JAM,Jamaica,2012,18.024993896484375,-77.57500457763672,5741.18874168396,0.002241115275209823,2012,2015
JAM,Jamaica,2012,18.024993896484375,-77.5250015258789,27300.973915100098,0.01065713607793524,2012,2015
JAM,Jamaica,2012,18.024993896484375,-77.47500610351562,16058.532822012901,0.006268566463173862,2012,2015
JAM,Jamaica,2012,18.024993896484375,-77.42500305175781,7152.399000167847,0.0027919915848246477,2012,2015
JAM,Jamaica,2012,18.024993896484375,-77.37500762939453,5199.399606227875,0.0020296238991124723,2012,2015
JAM,Jamaica,2012,18.024993896484375,-77.32500457763672,4047.8562272787094,0.0015801104668345526,2012,2015
JAM,Jamaica,2012,18.024993896484375,-77.2750015258789,1188.449056118744,0.0004639198349530642,2012,2015
JAM,Jamaica,2012,18.024993896484375,-77.22500610351562,2752.3998178243637,0.0010744195240307733,2012,2015
JAM,Jamaica,2012,18.024993896484375,-77.17500305175781,3054.1369990110397,0.0011922048532164269,2012,2015
JAM,Jamaica,2012,18.024993896484375,-77.12500762939453,3552.553558051595,0.0013867654249275173,2012,2015
JAM,Jamaica,2012,18.024993896484375,-77.07500457763672,4456.663898527958,0.0017396915497569227,2012,2015
JAM,Jamaica,2012,18.024993896484375,-77.0250015258789,12908.620754987001,0.005038975107341009,2012,2015
JAM,Jamaica,2012,18.024993896484375,-76.97500610351562,68851.36805057526,0.026876638201582374,2012,2015
JAM,Jamaica,2012,18.024993896484375,-76.92500305175781,21772.016379833854,0.008498866815977968,2012,2015
JAM,Jamaica,2012,18.024993896484375,-76.87500762939453,18716.538140417113,0.007306138399698875,2012,2015
JAM,Jamaica,2012,18.024993896484375,-76.82500457763672,213359.7537841797,0.08328655002212672,2012,2015
JAM,Jamaica,2012,18.024993896484375,-76.7750015258789,80815.8085861206,0.03154704561196225,2012,2015
JAM,Jamaica,2012,18.024993896484375,-76.72500610351562,23586.476266860962,0.00920715458564276,2012,2015
JAM,Jamaica,2012,18.024993896484375,-76.67500305175781,7080.929918766022,0.0027640931029524313,2012,2015
JAM,Jamaica,2012,18.024993896484375,-76.62500762939453,3160.290864646435,0.0012336427958624782,2012,2015
JAM,Jamaica,2012,18.024993896484375,-76.57500457763672,321.131494164482,0.00012535604198092955,2012,2015
JAM,Jamaica,2012,18.024993896484375,-76.5250015258789,12.716045051822269,4.963801764429769e-06,2012,2015
JAM,Jamaica,2012,18.024993896484375,-76.47500610351562,0.0,0.0,2012,2015
JAM,Jamaica,2012,18.024993896484375,-76.42500305175781,282.9625854494288,0.00011045652757578132,2012,2015
JAM,Jamaica,2012,18.024993896484375,-76.37500762939453,196.20182874798775,7.658882771762779e-05,2012,2015
JAM,Jamaica,2012,18.024993896484375,-76.32500457763672,595.8416051864624,0.00023259115543329916,2012,2015
JAM,Jamaica,2012,18.024993896484375,-76.2750015258789,4987.002027511616,0.001946712941208836,2012,2015
JAM,Jamaica,2012,18.074996948242188,-77.97500610351562,3850.3797376155853,0.0015030240658483638,2012,2015
JAM,Jamaica,2012,18.074996948242188,-77.92500305175781,2937.7323222757814,0.0011467654310209582,2012,2015
JAM,Jamaica,2012,18.074996948242188,-77.87500762939453,5138.363800048828,0.002005798123002822,2012,2015
JAM,Jamaica,2012,18.074996948242188,-77.82500457763672,1016.2765542268877,0.00039671103180757584,2012,2015
JAM,Jamaica,2012,18.074996948242188,-77.7750015258789,4980.63054072858,0.001944225784454768,2012,2015
JAM,Jamaica,2012,18.074996948242188,-77.72500610351562,4176.773107588291,0.0016304341197736227,2012,2015
JAM,Jamaica,2012,18.074996948242188,-77.67500305175781,4754.5580460727215,0.0018559767224792462,2012,2015
JAM,Jamaica,2012,18.074996948242188,-77.62500762939453,1733.8478590846062,0.0006768202713267046,2012,2015
JAM,Jamaica,2012,18.074996948242188,-77.57500457763672,3090.1998929977417,0.0012062822692740227,2012,2015
JAM,Jamaica,2012,18.074996948242188,-77.5250015258789,11286.097254276368,0.004405611118550953,2012,2015
JAM,Jamaica,2012,18.074996948242188,-77.47500610351562,10831.245708465576,0.004228056470352717,2012,2015
JAM,Jamaica,2012,18.074996948242188,-77.42500305175781,4006.0844094753265,0.0015638045303526622,2012,2015
JAM,Jamaica,2012,18.074996948242188,-77.37500762939453,3721.6975351572037,0.001452792021135524,2012,2015
JAM,Jamaica,2012,18.074996948242188,-77.32500457763672,3306.8131588101387,0.0012908388516592343,2012,2015
JAM,Jamaica,2012,18.074996948242188,-77.2750015258789,7471.016190588658,0.0029163661498362616,2012,2015
JAM,Jamaica,2012,18.074996948242188,-77.22500610351562,3155.535576224327,0.0012317865340323389,2012,2015
JAM,Jamaica,2012,18.074996948242188,-77.17500305175781,3015.2239071130753,0.0011770148414293224,2012,2015
JAM,Jamaica,2012,18.074996948242188,-77.12500762939453,4788.171778678894,0.0018690980903683667,2012,2015
JAM,Jamaica,2012,18.074996948242188,-77.07500457763672,2939.8488038778305,0.0011475916151896853,2012,2015
JAM,Jamaica,2012,18.074996948242188,-77.0250015258789,1992.6495432257652,0.0007778454132746867,2012,2015
JAM,Jamaica,2012,18.074996948242188,-76.97500610351562,1749.8922638299207,0.0006830833227911695,2012,2015
JAM,Jamaica,2012,18.074996948242188,-76.92500305175781,3386.793187767267,0.0013220596445424465,2012,2015
JAM,Jamaica,2012,18.074996948242188,-76.87500762939453,11947.552815198898,0.004663815164464475,2012,2015
JAM,Jamaica,2012,18.074996948242188,-76.82500457763672,28589.824726104736,0.011160248476773018,2012,2015
JAM,Jamaica,2012,18.074996948242188,-76.7750015258789,16741.63724960387,0.0065352213035072505,2012,2015
JAM,Jamaica,2012,18.074996948242188,-76.72500610351562,5527.171629905766,0.0021575721206571795,2012,2015
JAM,Jamaica,2012,18.074996948242188,-76.67500305175781,4888.974880218804,0.00190844732287302,2012,2015
JAM,Jamaica,2012,18.074996948242188,-76.62500762939453,379.8402948379663,0.0001482734543668534,2012,2015
JAM,Jamaica,2012,18.074996948242188,-76.57500457763672,18.035227358341217,7.0401837220918836e-06,2012,2015
JAM,Jamaica,2012,18.074996948242188,-76.5250015258789,1.2353800535202026,4.822396951579024e-07,2012,2015
JAM,Jamaica,2012,18.074996948242188,-76.47500610351562,343.21589839458466,0.00013397685169314858,2012,2015
JAM,Jamaica,2012,18.074996948242188,-76.42500305175781,2127.7310907244682,0.0008305754894173374,2012,2015
JAM,Jamaica,2012,18.074996948242188,-76.37500762939453,1.375702977180481,5.370157810569546e-07,2012,2015
JAM,Jamaica,2012,18.074996948242188,-76.32500457763672,823.782040089516,0.0003215693816306438,2012,2015
JAM,Jamaica,2012,18.125,-78.0250015258789,1086.3566074371836,0.0004240672963032532,2012,2015
JAM,Jamaica,2012,18.125,-77.97500610351562,4059.871194124222,0.0015848005975618556,2012,2015
JAM,Jamaica,2012,18.125,-77.92500305175781,2409.122631788254,0.0009404187482557344,2012,2015
JAM,Jamaica,2012,18.125,-77.87500762939453,3314.623690366745,0.0012938877501307178,2012,2015
JAM,Jamaica,2012,18.125,-77.82500457763672,3483.002028644085,0.0013596154735877088,2012,2015
JAM,Jamaica,2012,18.125,-77.7750015258789,3079.0873334407806,0.0012019443998726974,2012,2015
JAM,Jamaica,2012,18.125,-77.72500610351562,1997.503375232382,0.0007797401423182298,2012,2015
JAM,Jamaica,2012,18.125,-77.67500305175781,910.4529508054353,0.00035540200944716467,2012,2015
JAM,Jamaica,2012,18.125,-77.62500762939453,2313.190209031105,0.0009029708210576692,2012,2015
JAM,Jamaica,2012,18.125,-77.57500457763672,3173.6743209958076,0.001238867126538443,2012,2015
JAM,Jamaica,2012,18.125,-77.5250015258789,4909.338473320067,0.0019163964012975019,2012,2015
JAM,Jamaica,2012,18.125,-77.47500610351562,9300.222560286522,0.0036304103175321956,2012,2015
JAM,Jamaica,2012,18.125,-77.42500305175781,5065.999526381493,0.0019775501962419678,2012,2015
JAM,Jamaica,2012,18.125,-77.37500762939453,4895.9724115135095,0.0019111788607093327,2012,2015
JAM,Jamaica,2012,18.125,-77.32500457763672,5215.0324639081955,0.0020357263001515072,2012,2015
JAM,Jamaica,2012,18.125,-77.2750015258789,5140.837053775787,0.0020067635757960237,2012,2015
JAM,Jamaica,2012,18.125,-77.22500610351562,4181.0271885407665,0.001632094731579563,2012,2015
JAM,Jamaica,2012,18.125,-77.17500305175781,1922.4907034635544,0.0007504583938686724,2012,2015
JAM,Jamaica,2012,18.125,-77.12500762939453,2424.8122565299273,0.0009465433087349221,2012,2015
JAM,Jamaica,2012,18.125,-77.07500457763672,2909.1824957729855,0.0011356207961450043,2012,2015
JAM,Jamaica,2012,18.125,-77.0250015258789,17934.782685279846,0.007000974404781534,2012,2015
JAM,Jamaica,2012,18.125,-76.97500610351562,5008.344045042992,0.001955043954809921,2012,2015
JAM,Jamaica,2012,18.125,-76.92500305175781,2802.927964001894,0.0010941435577320733,2012,2015
JAM,Jamaica,2012,18.125,-76.87500762939453,12743.135047912598,0.004974376543761202,2012,2015
JAM,Jamaica,2012,18.125,-76.82500457763672,15766.188570737839,0.006154447733302572,2012,2015
JAM,Jamaica,2012,18.125,-76.7750015258789,3681.0645376443863,0.0014369306315347307,2012,2015
JAM,Jamaica,2012,18.125,-76.72500610351562,1260.1870017651704,0.0004919232699617558,2012,2015
JAM,Jamaica,2012,18.125,-76.67500305175781,272.4658896923065,0.00010635906514091685,2012,2015
JAM,Jamaica,2012,18.125,-76.62500762939453,203.9064043762364,7.959636551273828e-05,2012,2015
JAM,Jamaica,2012,18.125,-76.57500457763672,187.4562919139862,7.31749430553301e-05,2012,2015
JAM,Jamaica,2012,18.125,-76.5250015258789,1331.6091477871166,0.0005198034302630353,2012,2015
JAM,Jamaica,2012,18.125,-76.47500610351562,2747.9163507227645,0.0010726693696534505,2012,2015
JAM,Jamaica,2012,18.125,-76.42500305175781,1308.2166427373886,0.0005106719937694509,2012,2015
JAM,Jamaica,2012,18.125,-76.37500762939453,903.9423410892487,0.0003528605450323237,2012,2015
JAM,Jamaica,2012,18.17499542236328,-78.0250015258789,3165.5393142700195,0.0012356915667968292,2012,2015
JAM,Jamaica,2012,18.17499542236328,-77.97500610351562,3168.678978919983,0.001236917157998,2012,2015
JAM,Jamaica,2012,18.17499542236328,-77.92500305175781,4011.6288945674896,0.0015659688609107227,2012,2015
JAM,Jamaica,2012,18.17499542236328,-77.87500762939453,3320.21787750721,0.0012960714822490946,2012,2015
JAM,Jamaica,2012,18.17499542236328,-77.82500457763672,702.2933917045781,0.0002741453936883454,2012,2015
JAM,Jamaica,2012,18.17499542236328,-77.7750015258789,2998.3154708744905,0.0011704145089129784,2012,2015
JAM,Jamaica,2012,18.17499542236328,-77.72500610351562,5126.696618974209,0.002001243753010572,2012,2015
JAM,Jamaica,2012,18.17499542236328,-77.67500305175781,2155.636859089449,0.0008414687114595171,2012,2015
JAM,Jamaica,2012,18.17499542236328,-77.62500762939453,4460.6405210494995,0.001741243853622508,2012,2015
JAM,Jamaica,2012,18.17499542236328,-77.57500457763672,3052.722190618515,0.0011916525723487104,2012,2015
JAM,Jamaica,2012,18.17499542236328,-77.5250015258789,6897.860792756081,0.00269263072239327,2012,2015
JAM,Jamaica,2012,18.17499542236328,-77.47500610351562,29441.10595703125,0.011492552369915754,2012,2015
JAM,Jamaica,2012,18.17499542236328,-77.42500305175781,8337.348487138748,0.0032545453372072263,2012,2015
JAM,Jamaica,2012,18.17499542236328,-77.37500762939453,5003.752392292023,0.001953251569368219,2012,2015
JAM,Jamaica,2012,18.17499542236328,-77.32500457763672,3894.0356826783654,0.001520065485271412,2012,2015
JAM,Jamaica,2012,18.17499542236328,-77.2750015258789,5329.977594375633,0.002080595977720408,2012,2015
JAM,Jamaica,2012,18.17499542236328,-77.22500610351562,4641.241324841976,0.00181174270643949,2012,2015
JAM,Jamaica,2012,18.17499542236328,-77.17500305175781,397.94500941072437,0.00015534076293445518,2012,2015
JAM,Jamaica,2012,18.17499542236328,-77.12500762939453,653.2399521470213,0.0002549970225686429,2012,2015
JAM,Jamaica,2012,18.17499542236328,-77.07500457763672,10272.415641784668,0.004009913041346103,2012,2015
JAM,Jamaica,2012,18.17499542236328,-77.0250015258789,13069.73504281044,0.005101867255246558,2012,2015
JAM,Jamaica,2012,18.17499542236328,-76.97500610351562,3122.0337935689495,0.0012187088666303603,2012,2015
JAM,Jamaica,2012,18.17499542236328,-76.92500305175781,2035.6309342384338,0.0007946235155601734,2012,2015
JAM,Jamaica,2012,18.17499542236328,-76.87500762939453,4215.572104811951,0.0016455795938649803,2012,2015
JAM,Jamaica,2012,18.17499542236328,-76.82500457763672,5044.217968195677,0.0019690476047118056,2012,2015
JAM,Jamaica,2012,18.17499542236328,-76.7750015258789,35.20541858691209,1.3742694225053877e-05,2012,2015
JAM,Jamaica,2012,18.17499542236328,-76.72500610351562,911.4114730358124,0.00035577617565363853,2012,2015
JAM,Jamaica,2012,18.17499542236328,-76.67500305175781,2058.2365587353825,0.0008034477874392597,2012,2015
JAM,Jamaica,2012,18.17499542236328,-76.62500762939453,2456.478136777878,0.0009589043181216004,2012,2015
JAM,Jamaica,2012,18.17499542236328,-76.57500457763672,3526.54194688797,0.00137661160108815,2012,2015
JAM,Jamaica,2012,18.17499542236328,-76.5250015258789,4217.786390006542,0.0016464439563858009,2012,2015
JAM,Jamaica,2012,18.17499542236328,-76.47500610351562,10986.265908122063,0.004288569746095386,2012,2015
JAM,Jamaica,2012,18.17499542236328,-76.42500305175781,11099.29676103592,0.004332692171333916,2012,2015
JAM,Jamaica,2012,18.224998474121094,-78.32500457763672,1714.9704136850075,0.000669451321594254,2012,2015
JAM,Jamaica,2012,18.224998474121094,-78.2750015258789,1897.4566927552223,0.0007406861835612731,2012,2015
JAM,Jamaica,2012,18.224998474121094,-78.22500610351562,5722.624983400106,0.0022338687755514533,2012,2015
JAM,Jamaica,2012,18.224998474121094,-78.17500305175781,2569.8585425913334,0.0010031631939068778,2012,2015
JAM,Jamaica,2012,18.224998474121094,-78.12500762939453,31718.7813038826,0.01238165970316468,2012,2015
JAM,Jamaica,2012,18.224998474121094,-78.07500457763672,3287.287734389305,0.0012832169585473123,2012,2015
JAM,Jamaica,2012,18.224998474121094,-78.0250015258789,1794.9849682451777,0.0007006855918006903,2012,2015
JAM,Jamaica,2012,18.224998474121094,-77.97500610351562,4139.638875961304,0.001615938499184077,2012,2015
JAM,Jamaica,2012,18.224998474121094,-77.92500305175781,2809.496814727783,0.001096707756953652,2012,2015
JAM,Jamaica,2012,18.224998474121094,-77.87500762939453,2585.898056864745,0.0010094243363396459,2012,2015
JAM,Jamaica,2012,18.224998474121094,-77.82500457763672,928.4259758293629,0.00036241791203026595,2012,2015
JAM,Jamaica,2012,18.224998474121094,-77.7750015258789,2040.2069007456303,0.000796409777761182,2012,2015
JAM,Jamaica,2012,18.224998474121094,-77.72500610351562,1091.8017982545662,0.0004261928666104382,2012,2015
JAM,Jamaica,2012,18.224998474121094,-77.67500305175781,565.9384661316886,0.000220918245043539,2012,2015
JAM,Jamaica,2012,18.224998474121094,-77.62500762939453,1661.1249838769436,0.0006484323618156045,2012,2015
JAM,Jamaica,2012,18.224998474121094,-77.57500457763672,2647.214574933215,0.0010333596904011154,2012,2015
JAM,Jamaica,2012,18.224998474121094,-77.5250015258789,5374.823352575302,0.0020981018494573758,2012,2015
JAM,Jamaica,2012,18.224998474121094,-77.47500610351562,5510.295352458954,0.0021509843415618633,2012,2015
JAM,Jamaica,2012,18.224998474121094,-77.42500305175781,2999.102029323578,0.0011707215477919299,2012,2015
JAM,Jamaica,2012,18.224998474121094,-77.37500762939453,3109.140193462372,0.001213675754943664,2012,2015
JAM,Jamaica,2012,18.224998474121094,-77.32500457763672,1098.1755421163107,0.0004286809044317903,2012,2015
JAM,Jamaica,2012,18.224998474121094,-77.2750015258789,781.0365877151489,0.0003048833797289105,2012,2015
JAM,Jamaica,2012,18.224998474121094,-77.22500610351562,1482.4800940752618,0.0005786970144186658,2012,2015
JAM,Jamaica,2012,18.224998474121094,-77.17500305175781,1016.902143478438,0.0003969552351756827,2012,2015
JAM,Jamaica,2012,18.224998474121094,-77.12500762939453,319.5615915663611,0.00012474321894870706,2012,2015
JAM,Jamaica,2012,18.224998474121094,-77.07500457763672,1048.8121374848683,0.0004094115361644374,2012,2015
JAM,Jamaica,2012,18.224998474121094,-77.0250015258789,3740.8646018505096,0.0014602740266713207,2012,2015
JAM,Jamaica,2012,18.224998474121094,-76.97500610351562,4075.4677126407623,0.001590888813340886,2012,2015
JAM,Jamaica,2012,18.224998474121094,-76.92500305175781,3030.010111987591,0.0011827867453150216,2012,2015
JAM,Jamaica,2012,18.224998474121094,-76.87500762939453,4209.7218544483185,0.001643295905583049,2012,2015
JAM,Jamaica,2012,18.224998474121094,-76.82500457763672,2207.902637243271,0.0008618710425901432,2012,2015
JAM,Jamaica,2012,18.224998474121094,-76.7750015258789,1918.1124982239983,0.0007487493292338292,2012,2015
JAM,Jamaica,2012,18.224998474121094,-76.72500610351562,2714.0036773085963,0.0010594313080199982,2012,2015
JAM,Jamaica,2012,18.224998474121094,-76.67500305175781,8372.77447748185,0.0032683741332405146,2012,2015
JAM,Jamaica,2012,18.224998474121094,-76.62500762939453,2487.023796320553,0.0009708280411121755,2012,2015
JAM,Jamaica,2012,18.274993896484375,-78.32500457763672,10916.31903886836,0.004261265470937277,2012,2015
JAM,Jamaica,2012,18.274993896484375,-78.2750015258789,2180.13681906553,0.0008510324511334578,2012,2015
JAM,Jamaica,2012,18.274993896484375,-78.22500610351562,2813.137803138108,0.001098129043573964,2012,2015
JAM,Jamaica,2012,18.274993896484375,-78.17500305175781,2633.550939768719,0.0010280259898628077,2012,2015
JAM,Jamaica,2012,18.274993896484375,-78.12500762939453,4552.583830833454,0.0017771346012152671,2012,2015
JAM,Jamaica,2012,18.274993896484375,-78.07500457763672,10955.058003485374,0.004276387510858845,2012,2015
JAM,Jamaica,2012,18.274993896484375,-78.0250015258789,4200.405325174332,0.0016396591298198215,2012,2015
JAM,Jamaica,2012,18.274993896484375,-77.97500610351562,4215.140975415707,0.0016454112993324384,2012,2015
JAM,Jamaica,2012,18.274993896484375,-77.92500305175781,5167.0558769106865,0.0020169982863532687,2012,2015
JAM,Jamaica,2012,18.274993896484375,-77.87500762939453,2348.6299627423396,0.0009168049897229944,2012,2015
JAM,Jamaica,2012,18.274993896484375,-77.82500457763672,869.5739732683285,0.00033944459973370215,2012,2015
JAM,Jamaica,2012,18.274993896484375,-77.7750015258789,23.020932763814926,8.986390517346272e-06,2012,2015
JAM,Jamaica,2012,18.274993896484375,-77.72500610351562,33.618502021093796,1.3123229665333492e-05,2012,2015
JAM,Jamaica,2012,18.274993896484375,-77.67500305175781,43.381960123928415,1.693446738588887e-05,2012,2015
JAM,Jamaica,2012,18.274993896484375,-77.62500762939453,1034.4381461143635,0.00040380054285354267,2012,2015
JAM,Jamaica,2012,18.274993896484375,-77.57500457763672,3706.0839977264404,0.001446697161898083,2012,2015
JAM,Jamaica,2012,18.274993896484375,-77.5250015258789,6309.876140832901,0.0024631065864862767,2012,2015
JAM,Jamaica,2012,18.274993896484375,-77.47500610351562,135.9617919921875,5.307368605847611e-05,2012,2015
JAM,Jamaica,2012,18.274993896484375,-77.42500305175781,432.33637005105976,0.00016876568364934157,2012,2015
JAM,Jamaica,2012,18.274993896484375,-77.37500762939453,2669.0009827019467,0.001041864175001657,2012,2015
JAM,Jamaica,2012,18.274993896484375,-77.32500457763672,2672.558784783304,0.0010432529892262813,2012,2015
JAM,Jamaica,2012,18.274993896484375,-77.2750015258789,1624.0184956789312,0.0006339475710777256,2012,2015
JAM,Jamaica,2012,18.274993896484375,-77.22500610351562,1317.2700949311256,0.0005142060754583965,2012,2015
JAM,Jamaica,2012,18.274993896484375,-77.17500305175781,887.6702960134355,0.0003465086324896242,2012,2015
JAM,Jamaica,2012,18.274993896484375,-77.12500762939453,4618.813044369221,0.0018029876621053372,2012,2015
JAM,Jamaica,2012,18.274993896484375,-77.07500457763672,1276.8472344279437,0.0004984267143857304,2012,2015
JAM,Jamaica,2012,18.274993896484375,-77.0250015258789,2939.758930757642,0.0011475565325558357,2012,2015
JAM,Jamaica,2012,18.274993896484375,-76.97500610351562,4346.392342567444,0.00169664623639003,2012,2015
JAM,Jamaica,2012,18.274993896484375,-76.92500305175781,3868.8436800243962,0.001510231601645357,2012,2015
JAM,Jamaica,2012,18.274993896484375,-76.87500762939453,9501.37095952034,0.0037089300754411976,2012,2015
JAM,Jamaica,2012,18.274993896484375,-76.82500457763672,2956.8238567710177,0.0011542179520073908,2012,2015
JAM,Jamaica,2012,18.274993896484375,-76.7750015258789,6309.091049104945,0.0024628001201527127,2012,2015
JAM,Jamaica,2012,18.324996948242188,-78.32500457763672,1118.3292827047408,0.00043654806538356535,2012,2015
JAM,Jamaica,2012,18.324996948242188,-78.2750015258789,2593.010409206152,0.0010122006954165167,2012,2015
JAM,Jamaica,2012,18.324996948242188,-78.22500610351562,1481.2005683779716,0.0005781975421465908,2012,2015
JAM,Jamaica,2012,18.324996948242188,-78.17500305175781,7862.1792469620705,0.0030690595274936363,2012,2015
JAM,Jamaica,2012,18.324996948242188,-78.12500762939453,3961.720260798931,0.0015464866584373091,2012,2015
JAM,Jamaica,2012,18.324996948242188,-78.07500457763672,3071.3367235064507,0.0011989188922474378,2012,2015
JAM,Jamaica,2012,18.324996948242188,-78.0250015258789,2538.021337911551,0.000990735306767443,2012,2015
JAM,Jamaica,2012,18.324996948242188,-77.97500610351562,4158.628134489059,0.001623351095993946,2012,2015
JAM,Jamaica,2012,18.324996948242188,-77.92500305175781,4591.1148364543915,0.001792175462812329,2012,2015
JAM,Jamaica,2012,18.324996948242188,-77.87500762939453,1229.3441937869102,0.00047988355289260953,2012,2015
JAM,Jamaica,2012,18.324996948242188,-77.82500457763672,2257.8181802630424,0.0008813559421406135,2012,2015
JAM,Jamaica,2012,18.324996948242188,-77.7750015258789,1170.9621360005583,0.00045709368699720635,2012,2015
JAM,Jamaica,2012,18.324996948242188,-77.72500610351562,0.8989480137825012,3.5091097261445786e-07,2012,2015
JAM,Jamaica,2012,18.324996948242188,-77.67500305175781,0.0,0.0,2012,2015
JAM,Jamaica,2012,18.324996948242188,-77.62500762939453,0.4943540096282959,1.9297472565137024e-07,2012,2015
JAM,Jamaica,2012,18.324996948242188,-77.57500457763672,456.64114475250244,0.00017825323131494223,2012,2015
JAM,Jamaica,2012,18.324996948242188,-77.5250015258789,1540.6795887054984,0.0006014156154425817,2012,2015
JAM,Jamaica,2012,18.324996948242188,-77.47500610351562,189.18924698233604,7.385141481922337e-05,2012,2015
JAM,Jamaica,2012,18.324996948242188,-77.42500305175781,2073.5125460773706,0.0008094108815154875,2012,2015
JAM,Jamaica,2012,18.324996948242188,-77.37500762939453,5409.0604157447815,0.0021114665390190254,2012,2015
JAM,Jamaica,2012,18.324996948242188,-77.32500457763672,2802.937780559253,0.0010941473896974793,2012,2015
JAM,Jamaica,2012,18.324996948242188,-77.2750015258789,1113.5294466020296,0.00043467441403847226,2012,2015
JAM,Jamaica,2012,18.324996948242188,-77.22500610351562,492.9337164163766,0.0001924203037440397,2012,2015
JAM,Jamaica,2012,18.324996948242188,-77.17500305175781,4858.612440466881,0.0018965951210760947,2012,2015
JAM,Jamaica,2012,18.324996948242188,-77.12500762939453,3760.2091400625077,0.0014678253095204668,2012,2015
JAM,Jamaica,2012,18.324996948242188,-77.07500457763672,2412.6226264238358,0.0009417849969184904,2012,2015
JAM,Jamaica,2012,18.324996948242188,-77.0250015258789,3147.741034448147,0.0012287438772893148,2012,2015
JAM,Jamaica,2012,18.324996948242188,-76.97500610351562,3964.501080751419,0.001547572171970052,2012,2015
JAM,Jamaica,2012,18.324996948242188,-76.92500305175781,5405.986257791519,0.002110266518838981,2012,2015
JAM,Jamaica,2012,18.324996948242188,-76.87500762939453,7694.861479282379,0.003003745805574266,2012,2015
JAM,Jamaica,2012,18.324996948242188,-76.82500457763672,2938.1663930418235,0.0011469348737388463,2012,2015
JAM,Jamaica,2012,18.375,-78.2750015258789,5332.706449270372,0.002081661206310443,2012,2015
JAM,Jamaica,2012,18.375,-78.22500610351562,4766.426508575678,0.0018606096641582946,2012,2015
JAM,Jamaica,2012,18.375,-78.17500305175781,2358.850486755371,0.0009207946464851819,2012,2015
JAM,Jamaica,2012,18.375,-78.12500762939453,2174.584545493126,0.0008488650802848191,2012,2015
JAM,Jamaica,2012,18.375,-78.07500457763672,1390.4499187171843,0.0005427723582097967,2012,2015
JAM,Jamaica,2012,18.375,-78.0250015258789,1853.3392190635473,0.0007234646030415077,2012,2015
JAM,Jamaica,2012,18.375,-77.97500610351562,2490.2924797534943,0.0009721039957447419,2012,2015
JAM,Jamaica,2012,18.375,-77.92500305175781,4097.872359275818,0.0015996346320325692,2012,2015
JAM,Jamaica,2012,18.375,-77.87500762939453,2337.9651798009872,0.000912641913218798,2012,2015
JAM,Jamaica,2012,18.375,-77.82500457763672,2754.7778052687645,0.0010753477889295059,2012,2015
JAM,Jamaica,2012,18.375,-77.7750015258789,337.52836060523987,0.00013175667946200623,2012,2015
JAM,Jamaica,2012,18.375,-77.72500610351562,2945.083488702774,0.0011496350129335904,2012,2015
JAM,Jamaica,2012,18.375,-77.67500305175781,1151.3191031813622,0.0004494258845814934,2012,2015
JAM,Jamaica,2012,18.375,-77.62500762939453,859.1752522886553,0.0003353853824742196,2012,2015
JAM,Jamaica,2012,18.375,-77.57500457763672,73.88084173202515,2.883993026545851e-05,2012,2015
JAM,Jamaica,2012,18.375,-77.5250015258789,166.2063086926937,6.487985572447492e-05,2012,2015
JAM,Jamaica,2012,18.375,-77.47500610351562,1282.9581188857555,0.0005008121431043528,2012,2015
JAM,Jamaica,2012,18.375,-77.42500305175781,2082.791310250759,0.00081303291539378,2012,2015
JAM,Jamaica,2012,18.375,-77.37500762939453,12942.736834049225,0.005052292569866059,2012,2015
JAM,Jamaica,2012,18.375,-77.32500457763672,2893.3673310875893,0.0011294472302249253,2012,2015
JAM,Jamaica,2012,18.375,-77.2750015258789,4358.765266240057,0.0017014760981990263,2012,2015
JAM,Jamaica,2012,18.375,-77.22500610351562,2490.153722047806,0.0009720498306531967,2012,2015
JAM,Jamaica,2012,18.375,-77.17500305175781,2317.529034614563,0.0009046645135539564,2012,2015
JAM,Jamaica,2012,18.375,-77.12500762939453,5033.2303209305755,0.001964758495742848,2012,2015
JAM,Jamaica,2012,18.375,-77.07500457763672,10580.49174785614,0.004130172816509221,2012,2015
JAM,Jamaica,2012,18.375,-77.0250015258789,6508.1040897369385,0.002540486325117208,2012,2015
JAM,Jamaica,2012,18.375,-76.97500610351562,4823.888867616798,0.0018830405188803557,2012,2015
JAM,Jamaica,2012,18.375,-76.92500305175781,8364.89543914858,0.0032652984926446137,2012,2015
JAM,Jamaica,2012,18.42499542236328,-78.22500610351562,3201.491738215089,0.0012497258600607153,2012,2015
JAM,Jamaica,2012,18.42499542236328,-78.17500305175781,12046.77025771141,0.004702545423298785,2012,2015
JAM,Jamaica,2012,18.42499542236328,-78.12500762939453,2416.657140374195,0.0009433598991293425,2012,2015
JAM,Jamaica,2012,18.42499542236328,-78.07500457763672,7734.557563602924,0.0030192414642156323,2012,2015
JAM,Jamaica,2012,18.42499542236328,-78.0250015258789,6002.714305192492,0.0023432037035141175,2012,2015
JAM,Jamaica,2012,18.42499542236328,-77.97500610351562,4567.470498621464,0.001782945721538564,2012,2015
JAM,Jamaica,2012,18.42499542236328,-77.92500305175781,18430.745000243187,0.007194576944256094,2012,2015
JAM,Jamaica,2012,18.42499542236328,-77.87500762939453,13583.115226865571,0.00530226898810067,2012,2015
JAM,Jamaica,2012,18.42499542236328,-77.82500457763672,3528.4729647636414,0.0013773653881264422,2012,2015
JAM,Jamaica,2012,18.42499542236328,-77.7750015258789,4310.284405201682,0.00168255123731794,2012,2015
JAM,Jamaica,2012,18.42499542236328,-77.72500610351562,6149.492249846458,0.0024004995543611012,2012,2015
JAM,Jamaica,2012,18.42499542236328,-77.67500305175781,580.167842806345,0.00022647278694367743,2012,2015
JAM,Jamaica,2012,18.42499542236328,-77.62500762939453,1281.6299357862163,0.0005002936770572359,2012,2015
JAM,Jamaica,2012,18.42499542236328,-77.57500457763672,1957.319695204515,0.0007640541471042522,2012,2015
JAM,Jamaica,2012,18.42499542236328,-77.5250015258789,3155.03801727305,0.0012315923082341295,2012,2015
JAM,Jamaica,2012,18.42499542236328,-77.47500610351562,3746.668511390686,0.0014625396254717897,2012,2015
JAM,Jamaica,2012,18.42499542236328,-77.42500305175781,3513.807277381429,0.0013716405291307617,2012,2015
JAM,Jamaica,2012,18.42499542236328,-77.37500762939453,4746.679809570322,0.0018529013948839258,2012,2015
JAM,Jamaica,2012,18.42499542236328,-77.32500457763672,5477.047981143002,0.002138005985498464,2012,2015
JAM,Jamaica,2012,18.42499542236328,-77.2750015258789,4053.4628784656525,0.001582299064385196,2012,2015
JAM,Jamaica,2012,18.42499542236328,-77.22500610351562,14631.641464471817,0.005711568921143525,2012,2015
JAM,Jamaica,2012,18.42499542236328,-77.17500305175781,14582.488421499736,0.005692381669097974,2012,2015
JAM,Jamaica,2012,18.474998474121094,-77.92500305175781,49917.11043548584,0.01948551140272914,2012,2015
JAM,Jamaica,2012,18.474998474121094,-77.87500762939453,43568.309019088745,0.017007210048471985,2012,2015
JAM,Jamaica,2012,18.474998474121094,-77.82500457763672,2075.3345350027084,0.0008101221083006637,2012,2015
JAM,Jamaica,2012,18.474998474121094,-77.7750015258789,4907.046035587788,0.0019155015313584633,2012,2015
JAM,Jamaica,2012,18.474998474121094,-77.72500610351562,3820.080317736283,0.001491196464322485,2012,2015
JAM,Jamaica,2012,18.474998474121094,-77.67500305175781,10944.55791664136,0.004272288724688257,2012,2015
JAM,Jamaica,2012,18.474998474121094,-77.62500762939453,8639.499380111694,0.0033724921618331904,2012,2015
JAM,Jamaica,2012,18.474998474121094,-77.57500457763672,4201.228988587856,0.0016399806528946995,2012,2015
JAM,Jamaica,2012,18.474998474121094,-77.5250015258789,5201.913738787174,0.002030605309258709,2012,2015
JAM,Jamaica,2012,18.474998474121094,-77.47500610351562,1052.5714502632618,0.0004108790115725839,2012,2015
JAM,Jamaica,2013,17.724998474121094,-77.22500610351562,37.25282335296532,1.4541913742507582e-05,2013,2015
JAM,Jamaica,2013,17.724998474121094,-77.17500305175781,32.723720908220024,1.2773945273153332e-05,2013,2015
JAM,Jamaica,2013,17.774993896484375,-77.2750015258789,2872.108346313318,0.0011211486290716218,2013,2015
JAM,Jamaica,2013,17.774993896484375,-77.22500610351562,4467.529142856627,0.0017439328778388707,2013,2015
JAM,Jamaica,2013,17.824996948242188,-77.32500457763672,782.8450663687883,0.000305589332680106,2013,2015
JAM,Jamaica,2013,17.824996948242188,-77.2750015258789,6733.9551615715845,0.0026286489530650005,2013,2015
JAM,Jamaica,2013,17.824996948242188,-77.22500610351562,4500.335195705295,0.0017567389619908655,2013,2015
JAM,Jamaica,2013,17.824996948242188,-77.17500305175781,1337.5758312941307,0.0005221325690793268,2013,2015
JAM,Jamaica,2013,17.875,-77.72500610351562,3386.7889660001156,0.0013220579965445706,2013,2015
JAM,Jamaica,2013,17.875,-77.67500305175781,6254.112588763237,0.0024413388735671877,2013,2015
JAM,Jamaica,2013,17.875,-77.62500762939453,6811.496182441711,0.002658917661192585,2013,2015
JAM,Jamaica,2013,17.875,-77.57500457763672,7793.393462181091,0.0030422084902039736,2013,2015
JAM,Jamaica,2013,17.875,-77.5250015258789,3077.5111001729965,0.001201329105616984,2013,2015
JAM,Jamaica,2013,17.875,-77.47500610351562,2019.0539751648903,0.0007881525775945719,2013,2015
JAM,Jamaica,2013,17.875,-77.42500305175781,399.28233566880226,0.0001558627980807929,2013,2015
JAM,Jamaica,2013,17.875,-77.37500762939453,2982.2755010724363,0.0011641531886612524,2013,2015
JAM,Jamaica,2013,17.875,-77.32500457763672,4491.612653493881,0.0017533340534487145,2013,2015
JAM,Jamaica,2013,17.875,-77.2750015258789,2482.307016670704,0.0009689868114646765,2013,2015
JAM,Jamaica,2013,17.875,-77.22500610351562,10273.295089721683,0.004010256340320249,2013,2015
JAM,Jamaica,2013,17.875,-77.17500305175781,563.1533727645874,0.0002198310633519534,2013,2015
JAM,Jamaica,2013,17.875,-77.0250015258789,8.879753857853213,3.4662772652726126e-06,2013,2015
JAM,Jamaica,2013,17.875,-76.97500610351562,3.279618024856661,1.2802230309892036e-06,2013,2015
JAM,Jamaica,2013,17.875,-76.92500305175781,3195.7405979635796,0.0012474808601404112,2013,2015
JAM,Jamaica,2013,17.875,-76.57500457763672,11160.83635520958,0.0043567146047946825,2013,2015
JAM,Jamaica,2013,17.875,-76.5250015258789,1720.2556212246418,0.0006715144412516395,2013,2015
JAM,Jamaica,2013,17.875,-76.47500610351562,3135.06047648248,0.0012237939281701182,2013,2015
JAM,Jamaica,2013,17.875,-76.42500305175781,7664.432469070079,0.002991867617508235,2013,2015
JAM,Jamaica,2013,17.875,-76.37500762939453,10348.328077375889,0.00403954601922517,2013,2015
JAM,Jamaica,2013,17.92499542236328,-77.7750015258789,2946.988478243351,0.0011503786396197336,2013,2015
JAM,Jamaica,2013,17.92499542236328,-77.72500610351562,3677.5523229837418,0.0014355596126952633,2013,2015
JAM,Jamaica,2013,17.92499542236328,-77.67500305175781,4508.124064922333,0.0017597794044086836,2013,2015
JAM,Jamaica,2013,17.92499542236328,-77.62500762939453,8277.670184135437,0.003231249472452205,2013,2015
JAM,Jamaica,2013,17.92499542236328,-77.57500457763672,8711.530037879944,0.003400609859172729,2013,2015
JAM,Jamaica,2013,17.92499542236328,-77.5250015258789,2894.978051662445,0.0011300759868547493,2013,2015
JAM,Jamaica,2013,17.92499542236328,-77.47500610351562,3420.008719444275,0.0013350255717684732,2013,2015
JAM,Jamaica,2013,17.92499542236328,-77.42500305175781,5296.849600315094,0.0020676642214471665,2013,2015
JAM,Jamaica,2013,17.92499542236328,-77.37500762939453,1533.131218135357,0.0005984690534414295,2013,2015
JAM,Jamaica,2013,17.92499542236328,-77.32500457763672,3186.089334487915,0.0012437134184182213,2013,2015
JAM,Jamaica,2013,17.92499542236328,-77.2750015258789,2686.602597236877,0.0010487350947671371,2013,2015
JAM,Jamaica,2013,17.92499542236328,-77.22500610351562,16382.214745163918,0.006394918083878508,2013,2015
JAM,Jamaica,2013,17.92499542236328,-77.17500305175781,21507.020120620902,0.00839542357606431,2013,2015
JAM,Jamaica,2013,17.92499542236328,-77.12500762939453,27331.380294680625,0.010669005431967617,2013,2015
JAM,Jamaica,2013,17.92499542236328,-77.07500457763672,11773.991279602296,0.004596064141790323,2013,2015
JAM,Jamaica,2013,17.92499542236328,-77.0250015258789,657.3043057919134,0.0002565835729238487,2013,2015
JAM,Jamaica,2013,17.92499542236328,-76.97500610351562,1229.8702009916306,0.0004800888836759036,2013,2015
JAM,Jamaica,2013,17.92499542236328,-76.92500305175781,37883.45784521103,0.014788086557448255,2013,2015
JAM,Jamaica,2013,17.92499542236328,-76.62500762939453,2744.2979559898376,0.0010712569026413796,2013,2015
JAM,Jamaica,2013,17.92499542236328,-76.57500457763672,3113.8665415346622,0.0012155207196952779,2013,2015
JAM,Jamaica,2013,17.92499542236328,-76.5250015258789,1550.9894043803215,0.0006054401278620543,2013,2015
JAM,Jamaica,2013,17.92499542236328,-76.47500610351562,6492.041020393548,0.00253421598778953,2013,2015
JAM,Jamaica,2013,17.92499542236328,-76.42500305175781,5403.5474314690455,0.002109314505036474,2013,2015
JAM,Jamaica,2013,17.92499542236328,-76.37500762939453,2983.7575629353523,0.0011647317224160601,2013,2015
JAM,Jamaica,2013,17.92499542236328,-76.32500457763672,2717.966880828201,0.0010609783736794257,2013,2015
JAM,Jamaica,2013,17.92499542236328,-76.2750015258789,5260.613334923983,0.0020535191285860044,2013,2015
JAM,Jamaica,2013,17.92499542236328,-76.22500610351562,1046.057366401007,0.00040833619099925865,2013,2015
JAM,Jamaica,2013,17.974998474121094,-77.82500457763672,1743.0253016352654,0.0006804027535639302,2013,2015
JAM,Jamaica,2013,17.974998474121094,-77.7750015258789,3171.5928962828475,0.0012380546270843585,2013,2015
JAM,Jamaica,2013,17.974998474121094,-77.72500610351562,4074.59511500597,0.001590548188432625,2013,2015
JAM,Jamaica,2013,17.974998474121094,-77.67500305175781,2871.9228999614716,0.001121076238723463,2013,2015
JAM,Jamaica,2013,17.974998474121094,-77.62500762939453,3527.836991786957,0.0013771171313948143,2013,2015
JAM,Jamaica,2013,17.974998474121094,-77.57500457763672,6822.9962792396545,0.0026634068086078466,2013,2015
JAM,Jamaica,2013,17.974998474121094,-77.5250015258789,7615.111698150635,0.002972614891624106,2013,2015
JAM,Jamaica,2013,17.974998474121094,-77.47500610351562,7303.96382522583,0.0028511560296643973,2013,2015
JAM,Jamaica,2013,17.974998474121094,-77.42500305175781,3141.621869325655,0.0012263552161522963,2013,2015
JAM,Jamaica,2013,17.974998474121094,-77.37500762939453,2506.170512288809,0.0009783021025926862,2013,2015
JAM,Jamaica,2013,17.974998474121094,-77.32500457763672,7943.978297472,0.0031009903888263176,2013,2015
JAM,Jamaica,2013,17.974998474121094,-77.2750015258789,23560.999534606934,0.009197209555721973,2013,2015
JAM,Jamaica,2013,17.974998474121094,-77.22500610351562,32934.7033816576,0.012856303834297556,2013,2015
JAM,Jamaica,2013,17.974998474121094,-77.17500305175781,3862.6260957718164,0.001507804521876634,2013,2015
JAM,Jamaica,2013,17.974998474121094,-77.12500762939453,10877.242417395122,0.0042460116241770365,2013,2015
JAM,Jamaica,2013,17.974998474121094,-77.07500457763672,3330.2643093174165,0.0012999931808387502,2013,2015
JAM,Jamaica,2013,17.974998474121094,-77.0250015258789,4189.095424473286,0.0016352442268506523,2013,2015
JAM,Jamaica,2013,17.974998474121094,-76.97500610351562,55943.26543241739,0.021837865352765634,2013,2015
JAM,Jamaica,2013,17.974998474121094,-76.92500305175781,50207.45789241791,0.01959885066923406,2013,2015
JAM,Jamaica,2013,17.974998474121094,-76.87500762939453,131112.0196158886,0.05118054172150276,2013,2015
JAM,Jamaica,2013,17.974998474121094,-76.7750015258789,132005.9269117117,0.0515294850127667,2013,2015
JAM,Jamaica,2013,17.974998474121094,-76.72500610351562,26517.37609457972,0.010351252902132478,2013,2015
JAM,Jamaica,2013,17.974998474121094,-76.67500305175781,2310.01426172274,0.0009017310666537841,2013,2015
JAM,Jamaica,2013,17.974998474121094,-76.62500762939453,1440.882320404289,0.0005624590173446671,2013,2015
JAM,Jamaica,2013,17.974998474121094,-76.57500457763672,1862.6867088079453,0.0007271134644522011,2013,2015
JAM,Jamaica,2013,17.974998474121094,-76.5250015258789,3302.0119148499234,0.0012889646507466038,2013,2015
JAM,Jamaica,2013,17.974998474121094,-76.47500610351562,1404.0370185375468,0.0005480761826132919,2013,2015
JAM,Jamaica,2013,17.974998474121094,-76.42500305175781,1408.0425560475078,0.0005496397736573944,2013,2015
JAM,Jamaica,2013,17.974998474121094,-76.37500762939453,1252.0490500928295,0.0004887465606385828,2013,2015
JAM,Jamaica,2013,17.974998474121094,-76.32500457763672,847.0189888482618,0.0003306400955812913,2013,2015
JAM,Jamaica,2013,17.974998474121094,-76.2750015258789,2402.0535790922672,0.0009376592915140995,2013,2015
JAM,Jamaica,2013,18.024993896484375,-77.82500457763672,1944.3338215351182,0.0007589850157532606,2013,2015
JAM,Jamaica,2013,18.024993896484375,-77.7750015258789,3687.562673717953,0.0014394672267713804,2013,2015
JAM,Jamaica,2013,18.024993896484375,-77.72500610351562,4827.434100151062,0.0018844244264897717,2013,2015
JAM,Jamaica,2013,18.024993896484375,-77.67500305175781,5825.073078632355,0.0022738601434495586,2013,2015
JAM,Jamaica,2013,18.024993896484375,-77.62500762939453,3277.1519998908043,0.0012792603999960952,2013,2015
JAM,Jamaica,2013,18.024993896484375,-77.57500457763672,5741.18874168396,0.002241115275209823,2013,2015
JAM,Jamaica,2013,18.024993896484375,-77.5250015258789,27300.973915100098,0.01065713607793524,2013,2015
JAM,Jamaica,2013,18.024993896484375,-77.47500610351562,16058.532822012901,0.006268566463173862,2013,2015
JAM,Jamaica,2013,18.024993896484375,-77.42500305175781,7152.399000167847,0.0027919915848246477,2013,2015
JAM,Jamaica,2013,18.024993896484375,-77.37500762939453,5199.399606227875,0.0020296238991124723,2013,2015
JAM,Jamaica,2013,18.024993896484375,-77.32500457763672,4047.8562272787094,0.0015801104668345526,2013,2015
JAM,Jamaica,2013,18.024993896484375,-77.2750015258789,1188.449056118744,0.0004639198349530642,2013,2015
JAM,Jamaica,2013,18.024993896484375,-77.22500610351562,2752.3998178243637,0.0010744195240307733,2013,2015
JAM,Jamaica,2013,18.024993896484375,-77.17500305175781,3054.1369990110397,0.0011922048532164269,2013,2015
JAM,Jamaica,2013,18.024993896484375,-77.12500762939453,3552.553558051595,0.0013867654249275173,2013,2015
JAM,Jamaica,2013,18.024993896484375,-77.07500457763672,4456.663898527958,0.0017396915497569227,2013,2015
JAM,Jamaica,2013,18.024993896484375,-77.0250015258789,12908.620754987001,0.005038975107341009,2013,2015
JAM,Jamaica,2013,18.024993896484375,-76.97500610351562,68851.36805057526,0.026876638201582374,2013,2015
JAM,Jamaica,2013,18.024993896484375,-76.92500305175781,21772.016379833854,0.008498866815977968,2013,2015
JAM,Jamaica,2013,18.024993896484375,-76.87500762939453,18716.538140417113,0.007306138399698875,2013,2015
JAM,Jamaica,2013,18.024993896484375,-76.82500457763672,213359.7537841797,0.08328655002212672,2013,2015
JAM,Jamaica,2013,18.024993896484375,-76.7750015258789,80815.8085861206,0.03154704561196225,2013,2015
JAM,Jamaica,2013,18.024993896484375,-76.72500610351562,23586.476266860962,0.00920715458564276,2013,2015
JAM,Jamaica,2013,18.024993896484375,-76.67500305175781,7080.929918766022,0.0027640931029524313,2013,2015
JAM,Jamaica,2013,18.024993896484375,-76.62500762939453,3160.290864646435,0.0012336427958624782,2013,2015
JAM,Jamaica,2013,18.024993896484375,-76.57500457763672,321.131494164482,0.00012535604198092955,2013,2015
JAM,Jamaica,2013,18.024993896484375,-76.5250015258789,12.716045051822269,4.963801764429769e-06,2013,2015
JAM,Jamaica,2013,18.024993896484375,-76.47500610351562,0.0,0.0,2013,2015
JAM,Jamaica,2013,18.024993896484375,-76.42500305175781,282.9625854494288,0.00011045652757578132,2013,2015
JAM,Jamaica,2013,18.024993896484375,-76.37500762939453,196.20182874798775,7.658882771762779e-05,2013,2015
JAM,Jamaica,2013,18.024993896484375,-76.32500457763672,595.8416051864624,0.00023259115543329916,2013,2015
JAM,Jamaica,2013,18.024993896484375,-76.2750015258789,4987.002027511616,0.001946712941208836,2013,2015
JAM,Jamaica,2013,18.074996948242188,-77.97500610351562,3850.3797376155853,0.0015030240658483638,2013,2015
JAM,Jamaica,2013,18.074996948242188,-77.92500305175781,2937.7323222757814,0.0011467654310209582,2013,2015
JAM,Jamaica,2013,18.074996948242188,-77.87500762939453,5138.363800048828,0.002005798123002822,2013,2015
JAM,Jamaica,2013,18.074996948242188,-77.82500457763672,1016.2765542268877,0.00039671103180757584,2013,2015
JAM,Jamaica,2013,18.074996948242188,-77.7750015258789,4980.63054072858,0.001944225784454768,2013,2015
JAM,Jamaica,2013,18.074996948242188,-77.72500610351562,4176.773107588291,0.0016304341197736227,2013,2015
JAM,Jamaica,2013,18.074996948242188,-77.67500305175781,4754.5580460727215,0.0018559767224792462,2013,2015
JAM,Jamaica,2013,18.074996948242188,-77.62500762939453,1733.8478590846062,0.0006768202713267046,2013,2015
JAM,Jamaica,2013,18.074996948242188,-77.57500457763672,3090.1998929977417,0.0012062822692740227,2013,2015
JAM,Jamaica,2013,18.074996948242188,-77.5250015258789,11286.097254276368,0.004405611118550953,2013,2015
JAM,Jamaica,2013,18.074996948242188,-77.47500610351562,10831.245708465576,0.004228056470352717,2013,2015
JAM,Jamaica,2013,18.074996948242188,-77.42500305175781,4006.0844094753265,0.0015638045303526622,2013,2015
JAM,Jamaica,2013,18.074996948242188,-77.37500762939453,3721.6975351572037,0.001452792021135524,2013,2015
JAM,Jamaica,2013,18.074996948242188,-77.32500457763672,3306.8131588101387,0.0012908388516592343,2013,2015
JAM,Jamaica,2013,18.074996948242188,-77.2750015258789,7471.016190588658,0.0029163661498362616,2013,2015
JAM,Jamaica,2013,18.074996948242188,-77.22500610351562,3155.535576224327,0.0012317865340323389,2013,2015
JAM,Jamaica,2013,18.074996948242188,-77.17500305175781,3015.2239071130753,0.0011770148414293224,2013,2015
JAM,Jamaica,2013,18.074996948242188,-77.12500762939453,4788.171778678894,0.0018690980903683667,2013,2015
JAM,Jamaica,2013,18.074996948242188,-77.07500457763672,2939.8488038778305,0.0011475916151896853,2013,2015
JAM,Jamaica,2013,18.074996948242188,-77.0250015258789,1992.6495432257652,0.0007778454132746867,2013,2015
JAM,Jamaica,2013,18.074996948242188,-76.97500610351562,1749.8922638299207,0.0006830833227911695,2013,2015
JAM,Jamaica,2013,18.074996948242188,-76.92500305175781,3386.793187767267,0.0013220596445424465,2013,2015
JAM,Jamaica,2013,18.074996948242188,-76.87500762939453,11947.552815198898,0.004663815164464475,2013,2015
JAM,Jamaica,2013,18.074996948242188,-76.82500457763672,28589.824726104736,0.011160248476773018,2013,2015
JAM,Jamaica,2013,18.074996948242188,-76.7750015258789,16741.63724960387,0.0065352213035072505,2013,2015
JAM,Jamaica,2013,18.074996948242188,-76.72500610351562,5527.171629905766,0.0021575721206571795,2013,2015
JAM,Jamaica,2013,18.074996948242188,-76.67500305175781,4888.974880218804,0.00190844732287302,2013,2015
JAM,Jamaica,2013,18.074996948242188,-76.62500762939453,379.8402948379663,0.0001482734543668534,2013,2015
JAM,Jamaica,2013,18.074996948242188,-76.57500457763672,18.035227358341217,7.0401837220918836e-06,2013,2015
JAM,Jamaica,2013,18.074996948242188,-76.5250015258789,1.2353800535202026,4.822396951579024e-07,2013,2015
JAM,Jamaica,2013,18.074996948242188,-76.47500610351562,343.21589839458466,0.00013397685169314858,2013,2015
JAM,Jamaica,2013,18.074996948242188,-76.42500305175781,2127.7310907244682,0.0008305754894173374,2013,2015
JAM,Jamaica,2013,18.074996948242188,-76.37500762939453,1.375702977180481,5.370157810569546e-07,2013,2015
JAM,Jamaica,2013,18.074996948242188,-76.32500457763672,823.782040089516,0.0003215693816306438,2013,2015
JAM,Jamaica,2013,18.125,-78.0250015258789,1086.3566074371836,0.0004240672963032532,2013,2015
JAM,Jamaica,2013,18.125,-77.97500610351562,4059.871194124222,0.0015848005975618556,2013,2015
JAM,Jamaica,2013,18.125,-77.92500305175781,2409.122631788254,0.0009404187482557344,2013,2015
JAM,Jamaica,2013,18.125,-77.87500762939453,3314.623690366745,0.0012938877501307178,2013,2015
JAM,Jamaica,2013,18.125,-77.82500457763672,3483.002028644085,0.0013596154735877088,2013,2015
JAM,Jamaica,2013,18.125,-77.7750015258789,3079.0873334407806,0.0012019443998726974,2013,2015
JAM,Jamaica,2013,18.125,-77.72500610351562,1997.503375232382,0.0007797401423182298,2013,2015
JAM,Jamaica,2013,18.125,-77.67500305175781,910.4529508054353,0.00035540200944716467,2013,2015
JAM,Jamaica,2013,18.125,-77.62500762939453,2313.190209031105,0.0009029708210576692,2013,2015
JAM,Jamaica,2013,18.125,-77.57500457763672,3173.6743209958076,0.001238867126538443,2013,2015
JAM,Jamaica,2013,18.125,-77.5250015258789,4909.338473320067,0.0019163964012975019,2013,2015
JAM,Jamaica,2013,18.125,-77.47500610351562,9300.222560286522,0.0036304103175321956,2013,2015
JAM,Jamaica,2013,18.125,-77.42500305175781,5065.999526381493,0.0019775501962419678,2013,2015
JAM,Jamaica,2013,18.125,-77.37500762939453,4895.9724115135095,0.0019111788607093327,2013,2015
JAM,Jamaica,2013,18.125,-77.32500457763672,5215.0324639081955,0.0020357263001515072,2013,2015
JAM,Jamaica,2013,18.125,-77.2750015258789,5140.837053775787,0.0020067635757960237,2013,2015
JAM,Jamaica,2013,18.125,-77.22500610351562,4181.0271885407665,0.001632094731579563,2013,2015
JAM,Jamaica,2013,18.125,-77.17500305175781,1922.4907034635544,0.0007504583938686724,2013,2015
JAM,Jamaica,2013,18.125,-77.12500762939453,2424.8122565299273,0.0009465433087349221,2013,2015
JAM,Jamaica,2013,18.125,-77.07500457763672,2909.1824957729855,0.0011356207961450043,2013,2015
JAM,Jamaica,2013,18.125,-77.0250015258789,17934.782685279846,0.007000974404781534,2013,2015
JAM,Jamaica,2013,18.125,-76.97500610351562,5008.344045042992,0.001955043954809921,2013,2015
JAM,Jamaica,2013,18.125,-76.92500305175781,2802.927964001894,0.0010941435577320733,2013,2015
JAM,Jamaica,2013,18.125,-76.87500762939453,12743.135047912598,0.004974376543761202,2013,2015
JAM,Jamaica,2013,18.125,-76.82500457763672,15766.188570737839,0.006154447733302572,2013,2015
JAM,Jamaica,2013,18.125,-76.7750015258789,3681.0645376443863,0.0014369306315347307,2013,2015
JAM,Jamaica,2013,18.125,-76.72500610351562,1260.1870017651704,0.0004919232699617558,2013,2015
JAM,Jamaica,2013,18.125,-76.67500305175781,272.4658896923065,0.00010635906514091685,2013,2015
JAM,Jamaica,2013,18.125,-76.62500762939453,203.9064043762364,7.959636551273828e-05,2013,2015
JAM,Jamaica,2013,18.125,-76.57500457763672,187.4562919139862,7.31749430553301e-05,2013,2015
JAM,Jamaica,2013,18.125,-76.5250015258789,1331.6091477871166,0.0005198034302630353,2013,2015
JAM,Jamaica,2013,18.125,-76.47500610351562,2747.9163507227645,0.0010726693696534505,2013,2015
JAM,Jamaica,2013,18.125,-76.42500305175781,1308.2166427373886,0.0005106719937694509,2013,2015
JAM,Jamaica,2013,18.125,-76.37500762939453,903.9423410892487,0.0003528605450323237,2013,2015
JAM,Jamaica,2013,18.17499542236328,-78.0250015258789,3165.5393142700195,0.0012356915667968292,2013,2015
JAM,Jamaica,2013,18.17499542236328,-77.97500610351562,3168.678978919983,0.001236917157998,2013,2015
JAM,Jamaica,2013,18.17499542236328,-77.92500305175781,4011.6288945674896,0.0015659688609107227,2013,2015
JAM,Jamaica,2013,18.17499542236328,-77.87500762939453,3320.21787750721,0.0012960714822490946,2013,2015
JAM,Jamaica,2013,18.17499542236328,-77.82500457763672,702.2933917045781,0.0002741453936883454,2013,2015
JAM,Jamaica,2013,18.17499542236328,-77.7750015258789,2998.3154708744905,0.0011704145089129784,2013,2015
JAM,Jamaica,2013,18.17499542236328,-77.72500610351562,5126.696618974209,0.002001243753010572,2013,2015
JAM,Jamaica,2013,18.17499542236328,-77.67500305175781,2155.636859089449,0.0008414687114595171,2013,2015
JAM,Jamaica,2013,18.17499542236328,-77.62500762939453,4460.6405210494995,0.001741243853622508,2013,2015
JAM,Jamaica,2013,18.17499542236328,-77.57500457763672,3052.722190618515,0.0011916525723487104,2013,2015
JAM,Jamaica,2013,18.17499542236328,-77.5250015258789,6897.860792756081,0.00269263072239327,2013,2015
JAM,Jamaica,2013,18.17499542236328,-77.47500610351562,29441.10595703125,0.011492552369915754,2013,2015
JAM,Jamaica,2013,18.17499542236328,-77.42500305175781,8337.348487138748,0.0032545453372072263,2013,2015
JAM,Jamaica,2013,18.17499542236328,-77.37500762939453,5003.752392292023,0.001953251569368219,2013,2015
JAM,Jamaica,2013,18.17499542236328,-77.32500457763672,3894.0356826783654,0.001520065485271412,2013,2015
JAM,Jamaica,2013,18.17499542236328,-77.2750015258789,5329.977594375633,0.002080595977720408,2013,2015
JAM,Jamaica,2013,18.17499542236328,-77.22500610351562,4641.241324841976,0.00181174270643949,2013,2015
JAM,Jamaica,2013,18.17499542236328,-77.17500305175781,397.94500941072437,0.00015534076293445518,2013,2015
JAM,Jamaica,2013,18.17499542236328,-77.12500762939453,653.2399521470213,0.0002549970225686429,2013,2015
JAM,Jamaica,2013,18.17499542236328,-77.07500457763672,10272.415641784668,0.004009913041346103,2013,2015
JAM,Jamaica,2013,18.17499542236328,-77.0250015258789,13069.73504281044,0.005101867255246558,2013,2015
JAM,Jamaica,2013,18.17499542236328,-76.97500610351562,3122.0337935689495,0.0012187088666303603,2013,2015
JAM,Jamaica,2013,18.17499542236328,-76.92500305175781,2035.6309342384338,0.0007946235155601734,2013,2015
JAM,Jamaica,2013,18.17499542236328,-76.87500762939453,4215.572104811951,0.0016455795938649803,2013,2015
JAM,Jamaica,2013,18.17499542236328,-76.82500457763672,5044.217968195677,0.0019690476047118056,2013,2015
JAM,Jamaica,2013,18.17499542236328,-76.7750015258789,35.20541858691209,1.3742694225053877e-05,2013,2015
JAM,Jamaica,2013,18.17499542236328,-76.72500610351562,911.4114730358124,0.00035577617565363853,2013,2015
JAM,Jamaica,2013,18.17499542236328,-76.67500305175781,2058.2365587353825,0.0008034477874392597,2013,2015
JAM,Jamaica,2013,18.17499542236328,-76.62500762939453,2456.478136777878,0.0009589043181216004,2013,2015
JAM,Jamaica,2013,18.17499542236328,-76.57500457763672,3526.54194688797,0.00137661160108815,2013,2015
JAM,Jamaica,2013,18.17499542236328,-76.5250015258789,4217.786390006542,0.0016464439563858009,2013,2015
JAM,Jamaica,2013,18.17499542236328,-76.47500610351562,10986.265908122063,0.004288569746095386,2013,2015
JAM,Jamaica,2013,18.17499542236328,-76.42500305175781,11099.29676103592,0.004332692171333916,2013,2015
JAM,Jamaica,2013,18.224998474121094,-78.32500457763672,1714.9704136850075,0.000669451321594254,2013,2015
JAM,Jamaica,2013,18.224998474121094,-78.2750015258789,1897.4566927552223,0.0007406861835612731,2013,2015
JAM,Jamaica,2013,18.224998474121094,-78.22500610351562,5722.624983400106,0.0022338687755514533,2013,2015
JAM,Jamaica,2013,18.224998474121094,-78.17500305175781,2569.8585425913334,0.0010031631939068778,2013,2015
JAM,Jamaica,2013,18.224998474121094,-78.12500762939453,31718.7813038826,0.01238165970316468,2013,2015
JAM,Jamaica,2013,18.224998474121094,-78.07500457763672,3287.287734389305,0.0012832169585473123,2013,2015
JAM,Jamaica,2013,18.224998474121094,-78.0250015258789,1794.9849682451777,0.0007006855918006903,2013,2015
JAM,Jamaica,2013,18.224998474121094,-77.97500610351562,4139.638875961304,0.001615938499184077,2013,2015
JAM,Jamaica,2013,18.224998474121094,-77.92500305175781,2809.496814727783,0.001096707756953652,2013,2015
JAM,Jamaica,2013,18.224998474121094,-77.87500762939453,2585.898056864745,0.0010094243363396459,2013,2015
JAM,Jamaica,2013,18.224998474121094,-77.82500457763672,928.4259758293629,0.00036241791203026595,2013,2015
JAM,Jamaica,2013,18.224998474121094,-77.7750015258789,2040.2069007456303,0.000796409777761182,2013,2015
JAM,Jamaica,2013,18.224998474121094,-77.72500610351562,1091.8017982545662,0.0004261928666104382,2013,2015
JAM,Jamaica,2013,18.224998474121094,-77.67500305175781,565.9384661316886,0.000220918245043539,2013,2015
JAM,Jamaica,2013,18.224998474121094,-77.62500762939453,1661.1249838769436,0.0006484323618156045,2013,2015
JAM,Jamaica,2013,18.224998474121094,-77.57500457763672,2647.214574933215,0.0010333596904011154,2013,2015
JAM,Jamaica,2013,18.224998474121094,-77.5250015258789,5374.823352575302,0.0020981018494573758,2013,2015
JAM,Jamaica,2013,18.224998474121094,-77.47500610351562,5510.295352458954,0.0021509843415618633,2013,2015
JAM,Jamaica,2013,18.224998474121094,-77.42500305175781,2999.102029323578,0.0011707215477919299,2013,2015
JAM,Jamaica,2013,18.224998474121094,-77.37500762939453,3109.140193462372,0.001213675754943664,2013,2015
JAM,Jamaica,2013,18.224998474121094,-77.32500457763672,1098.1755421163107,0.0004286809044317903,2013,2015
JAM,Jamaica,2013,18.224998474121094,-77.2750015258789,781.0365877151489,0.0003048833797289105,2013,2015
JAM,Jamaica,2013,18.224998474121094,-77.22500610351562,1482.4800940752618,0.0005786970144186658,2013,2015
JAM,Jamaica,2013,18.224998474121094,-77.17500305175781,1016.902143478438,0.0003969552351756827,2013,2015
JAM,Jamaica,2013,18.224998474121094,-77.12500762939453,319.5615915663611,0.00012474321894870706,2013,2015
JAM,Jamaica,2013,18.224998474121094,-77.07500457763672,1048.8121374848683,0.0004094115361644374,2013,2015
JAM,Jamaica,2013,18.224998474121094,-77.0250015258789,3740.8646018505096,0.0014602740266713207,2013,2015
JAM,Jamaica,2013,18.224998474121094,-76.97500610351562,4075.4677126407623,0.001590888813340886,2013,2015
JAM,Jamaica,2013,18.224998474121094,-76.92500305175781,3030.010111987591,0.0011827867453150216,2013,2015
JAM,Jamaica,2013,18.224998474121094,-76.87500762939453,4209.7218544483185,0.001643295905583049,2013,2015
JAM,Jamaica,2013,18.224998474121094,-76.82500457763672,2207.902637243271,0.0008618710425901432,2013,2015
JAM,Jamaica,2013,18.224998474121094,-76.7750015258789,1918.1124982239983,0.0007487493292338292,2013,2015
JAM,Jamaica,2013,18.224998474121094,-76.72500610351562,2714.0036773085963,0.0010594313080199982,2013,2015
JAM,Jamaica,2013,18.224998474121094,-76.67500305175781,8372.77447748185,0.0032683741332405146,2013,2015
JAM,Jamaica,2013,18.224998474121094,-76.62500762939453,2487.023796320553,0.0009708280411121755,2013,2015
JAM,Jamaica,2013,18.274993896484375,-78.32500457763672,10916.31903886836,0.004261265470937277,2013,2015
JAM,Jamaica,2013,18.274993896484375,-78.2750015258789,2180.13681906553,0.0008510324511334578,2013,2015
JAM,Jamaica,2013,18.274993896484375,-78.22500610351562,2813.137803138108,0.001098129043573964,2013,2015
JAM,Jamaica,2013,18.274993896484375,-78.17500305175781,2633.550939768719,0.0010280259898628077,2013,2015
JAM,Jamaica,2013,18.274993896484375,-78.12500762939453,4552.583830833454,0.0017771346012152671,2013,2015
JAM,Jamaica,2013,18.274993896484375,-78.07500457763672,10955.058003485374,0.004276387510858845,2013,2015
JAM,Jamaica,2013,18.274993896484375,-78.0250015258789,4200.405325174332,0.0016396591298198215,2013,2015
JAM,Jamaica,2013,18.274993896484375,-77.97500610351562,4215.140975415707,0.0016454112993324384,2013,2015
JAM,Jamaica,2013,18.274993896484375,-77.92500305175781,5167.0558769106865,0.0020169982863532687,2013,2015
JAM,Jamaica,2013,18.274993896484375,-77.87500762939453,2348.6299627423396,0.0009168049897229944,2013,2015
JAM,Jamaica,2013,18.274993896484375,-77.82500457763672,869.5739732683285,0.00033944459973370215,2013,2015
JAM,Jamaica,2013,18.274993896484375,-77.7750015258789,23.020932763814926,8.986390517346272e-06,2013,2015
JAM,Jamaica,2013,18.274993896484375,-77.72500610351562,33.618502021093796,1.3123229665333492e-05,2013,2015
JAM,Jamaica,2013,18.274993896484375,-77.67500305175781,43.381960123928415,1.693446738588887e-05,2013,2015
JAM,Jamaica,2013,18.274993896484375,-77.62500762939453,1034.4381461143635,0.00040380054285354267,2013,2015
JAM,Jamaica,2013,18.274993896484375,-77.57500457763672,3706.0839977264404,0.001446697161898083,2013,2015
JAM,Jamaica,2013,18.274993896484375,-77.5250015258789,6309.876140832901,0.0024631065864862767,2013,2015
JAM,Jamaica,2013,18.274993896484375,-77.47500610351562,135.9617919921875,5.307368605847611e-05,2013,2015
JAM,Jamaica,2013,18.274993896484375,-77.42500305175781,432.33637005105976,0.00016876568364934157,2013,2015
JAM,Jamaica,2013,18.274993896484375,-77.37500762939453,2669.0009827019467,0.001041864175001657,2013,2015
JAM,Jamaica,2013,18.274993896484375,-77.32500457763672,2672.558784783304,0.0010432529892262813,2013,2015
JAM,Jamaica,2013,18.274993896484375,-77.2750015258789,1624.0184956789312,0.0006339475710777256,2013,2015
JAM,Jamaica,2013,18.274993896484375,-77.22500610351562,1317.2700949311256,0.0005142060754583965,2013,2015
JAM,Jamaica,2013,18.274993896484375,-77.17500305175781,887.6702960134355,0.0003465086324896242,2013,2015
JAM,Jamaica,2013,18.274993896484375,-77.12500762939453,4618.813044369221,0.0018029876621053372,2013,2015
JAM,Jamaica,2013,18.274993896484375,-77.07500457763672,1276.8472344279437,0.0004984267143857304,2013,2015
JAM,Jamaica,2013,18.274993896484375,-77.0250015258789,2939.758930757642,0.0011475565325558357,2013,2015
JAM,Jamaica,2013,18.274993896484375,-76.97500610351562,4346.392342567444,0.00169664623639003,2013,2015
JAM,Jamaica,2013,18.274993896484375,-76.92500305175781,3868.8436800243962,0.001510231601645357,2013,2015
JAM,Jamaica,2013,18.274993896484375,-76.87500762939453,9501.37095952034,0.0037089300754411976,2013,2015
JAM,Jamaica,2013,18.274993896484375,-76.82500457763672,2956.8238567710177,0.0011542179520073908,2013,2015
JAM,Jamaica,2013,18.274993896484375,-76.7750015258789,6309.091049104945,0.0024628001201527127,2013,2015
JAM,Jamaica,2013,18.324996948242188,-78.32500457763672,1118.3292827047408,0.00043654806538356535,2013,2015
JAM,Jamaica,2013,18.324996948242188,-78.2750015258789,2593.010409206152,0.0010122006954165167,2013,2015
JAM,Jamaica,2013,18.324996948242188,-78.22500610351562,1481.2005683779716,0.0005781975421465908,2013,2015
JAM,Jamaica,2013,18.324996948242188,-78.17500305175781,7862.1792469620705,0.0030690595274936363,2013,2015
JAM,Jamaica,2013,18.324996948242188,-78.12500762939453,3961.720260798931,0.0015464866584373091,2013,2015
JAM,Jamaica,2013,18.324996948242188,-78.07500457763672,3071.3367235064507,0.0011989188922474378,2013,2015
JAM,Jamaica,2013,18.324996948242188,-78.0250015258789,2538.021337911551,0.000990735306767443,2013,2015
JAM,Jamaica,2013,18.324996948242188,-77.97500610351562,4158.628134489059,0.001623351095993946,2013,2015
JAM,Jamaica,2013,18.324996948242188,-77.92500305175781,4591.1148364543915,0.001792175462812329,2013,2015
JAM,Jamaica,2013,18.324996948242188,-77.87500762939453,1229.3441937869102,0.00047988355289260953,2013,2015
JAM,Jamaica,2013,18.324996948242188,-77.82500457763672,2257.8181802630424,0.0008813559421406135,2013,2015
JAM,Jamaica,2013,18.324996948242188,-77.7750015258789,1170.9621360005583,0.00045709368699720635,2013,2015
JAM,Jamaica,2013,18.324996948242188,-77.72500610351562,0.8989480137825012,3.5091097261445786e-07,2013,2015
JAM,Jamaica,2013,18.324996948242188,-77.67500305175781,0.0,0.0,2013,2015
JAM,Jamaica,2013,18.324996948242188,-77.62500762939453,0.4943540096282959,1.9297472565137024e-07,2013,2015
JAM,Jamaica,2013,18.324996948242188,-77.57500457763672,456.64114475250244,0.00017825323131494223,2013,2015
JAM,Jamaica,2013,18.324996948242188,-77.5250015258789,1540.6795887054984,0.0006014156154425817,2013,2015
JAM,Jamaica,2013,18.324996948242188,-77.47500610351562,189.18924698233604,7.385141481922337e-05,2013,2015
JAM,Jamaica,2013,18.324996948242188,-77.42500305175781,2073.5125460773706,0.0008094108815154875,2013,2015
JAM,Jamaica,2013,18.324996948242188,-77.37500762939453,5409.0604157447815,0.0021114665390190254,2013,2015
JAM,Jamaica,2013,18.324996948242188,-77.32500457763672,2802.937780559253,0.0010941473896974793,2013,2015
JAM,Jamaica,2013,18.324996948242188,-77.2750015258789,1113.5294466020296,0.00043467441403847226,2013,2015
JAM,Jamaica,2013,18.324996948242188,-77.22500610351562,492.9337164163766,0.0001924203037440397,2013,2015
JAM,Jamaica,2013,18.324996948242188,-77.17500305175781,4858.612440466881,0.0018965951210760947,2013,2015
JAM,Jamaica,2013,18.324996948242188,-77.12500762939453,3760.2091400625077,0.0014678253095204668,2013,2015
JAM,Jamaica,2013,18.324996948242188,-77.07500457763672,2412.6226264238358,0.0009417849969184904,2013,2015
JAM,Jamaica,2013,18.324996948242188,-77.0250015258789,3147.741034448147,0.0012287438772893148,2013,2015
JAM,Jamaica,2013,18.324996948242188,-76.97500610351562,3964.501080751419,0.001547572171970052,2013,2015
JAM,Jamaica,2013,18.324996948242188,-76.92500305175781,5405.986257791519,0.002110266518838981,2013,2015
JAM,Jamaica,2013,18.324996948242188,-76.87500762939453,7694.861479282379,0.003003745805574266,2013,2015
JAM,Jamaica,2013,18.324996948242188,-76.82500457763672,2938.1663930418235,0.0011469348737388463,2013,2015
JAM,Jamaica,2013,18.375,-78.2750015258789,5332.706449270372,0.002081661206310443,2013,2015
JAM,Jamaica,2013,18.375,-78.22500610351562,4766.426508575678,0.0018606096641582946,2013,2015
JAM,Jamaica,2013,18.375,-78.17500305175781,2358.850486755371,0.0009207946464851819,2013,2015
JAM,Jamaica,2013,18.375,-78.12500762939453,2174.584545493126,0.0008488650802848191,2013,2015
JAM,Jamaica,2013,18.375,-78.07500457763672,1390.4499187171843,0.0005427723582097967,2013,2015
JAM,Jamaica,2013,18.375,-78.0250015258789,1853.3392190635473,0.0007234646030415077,2013,2015
JAM,Jamaica,2013,18.375,-77.97500610351562,2490.2924797534943,0.0009721039957447419,2013,2015
JAM,Jamaica,2013,18.375,-77.92500305175781,4097.872359275818,0.0015996346320325692,2013,2015
JAM,Jamaica,2013,18.375,-77.87500762939453,2337.9651798009872,0.000912641913218798,2013,2015
JAM,Jamaica,2013,18.375,-77.82500457763672,2754.7778052687645,0.0010753477889295059,2013,2015
JAM,Jamaica,2013,18.375,-77.7750015258789,337.52836060523987,0.00013175667946200623,2013,2015
JAM,Jamaica,2013,18.375,-77.72500610351562,2945.083488702774,0.0011496350129335904,2013,2015
JAM,Jamaica,2013,18.375,-77.67500305175781,1151.3191031813622,0.0004494258845814934,2013,2015
JAM,Jamaica,2013,18.375,-77.62500762939453,859.1752522886553,0.0003353853824742196,2013,2015
JAM,Jamaica,2013,18.375,-77.57500457763672,73.88084173202515,2.883993026545851e-05,2013,2015
JAM,Jamaica,2013,18.375,-77.5250015258789,166.2063086926937,6.487985572447492e-05,2013,2015
JAM,Jamaica,2013,18.375,-77.47500610351562,1282.9581188857555,0.0005008121431043528,2013,2015
JAM,Jamaica,2013,18.375,-77.42500305175781,2082.791310250759,0.00081303291539378,2013,2015
JAM,Jamaica,2013,18.375,-77.37500762939453,12942.736834049225,0.005052292569866059,2013,2015
JAM,Jamaica,2013,18.375,-77.32500457763672,2893.3673310875893,0.0011294472302249253,2013,2015
JAM,Jamaica,2013,18.375,-77.2750015258789,4358.765266240057,0.0017014760981990263,2013,2015
JAM,Jamaica,2013,18.375,-77.22500610351562,2490.153722047806,0.0009720498306531967,2013,2015
JAM,Jamaica,2013,18.375,-77.17500305175781,2317.529034614563,0.0009046645135539564,2013,2015
JAM,Jamaica,2013,18.375,-77.12500762939453,5033.2303209305755,0.001964758495742848,2013,2015
JAM,Jamaica,2013,18.375,-77.07500457763672,10580.49174785614,0.004130172816509221,2013,2015
JAM,Jamaica,2013,18.375,-77.0250015258789,6508.1040897369385,0.002540486325117208,2013,2015
JAM,Jamaica,2013,18.375,-76.97500610351562,4823.888867616798,0.0018830405188803557,2013,2015
JAM,Jamaica,2013,18.375,-76.92500305175781,8364.89543914858,0.0032652984926446137,2013,2015
JAM,Jamaica,2013,18.42499542236328,-78.22500610351562,3201.491738215089,0.0012497258600607153,2013,2015
JAM,Jamaica,2013,18.42499542236328,-78.17500305175781,12046.77025771141,0.004702545423298785,2013,2015
JAM,Jamaica,2013,18.42499542236328,-78.12500762939453,2416.657140374195,0.0009433598991293425,2013,2015
JAM,Jamaica,2013,18.42499542236328,-78.07500457763672,7734.557563602924,0.0030192414642156323,2013,2015
JAM,Jamaica,2013,18.42499542236328,-78.0250015258789,6002.714305192492,0.0023432037035141175,2013,2015
JAM,Jamaica,2013,18.42499542236328,-77.97500610351562,4567.470498621464,0.001782945721538564,2013,2015
JAM,Jamaica,2013,18.42499542236328,-77.92500305175781,18430.745000243187,0.007194576944256094,2013,2015
JAM,Jamaica,2013,18.42499542236328,-77.87500762939453,13583.115226865571,0.00530226898810067,2013,2015
JAM,Jamaica,2013,18.42499542236328,-77.82500457763672,3528.4729647636414,0.0013773653881264422,2013,2015
JAM,Jamaica,2013,18.42499542236328,-77.7750015258789,4310.284405201682,0.00168255123731794,2013,2015
JAM,Jamaica,2013,18.42499542236328,-77.72500610351562,6149.492249846458,0.0024004995543611012,2013,2015
JAM,Jamaica,2013,18.42499542236328,-77.67500305175781,580.167842806345,0.00022647278694367743,2013,2015
JAM,Jamaica,2013,18.42499542236328,-77.62500762939453,1281.6299357862163,0.0005002936770572359,2013,2015
JAM,Jamaica,2013,18.42499542236328,-77.57500457763672,1957.319695204515,0.0007640541471042522,2013,2015
JAM,Jamaica,2013,18.42499542236328,-77.5250015258789,3155.03801727305,0.0012315923082341295,2013,2015
JAM,Jamaica,2013,18.42499542236328,-77.47500610351562,3746.668511390686,0.0014625396254717897,2013,2015
JAM,Jamaica,2013,18.42499542236328,-77.42500305175781,3513.807277381429,0.0013716405291307617,2013,2015
JAM,Jamaica,2013,18.42499542236328,-77.37500762939453,4746.679809570322,0.0018529013948839258,2013,2015
JAM,Jamaica,2013,18.42499542236328,-77.32500457763672,5477.047981143002,0.002138005985498464,2013,2015
JAM,Jamaica,2013,18.42499542236328,-77.2750015258789,4053.4628784656525,0.001582299064385196,2013,2015
JAM,Jamaica,2013,18.42499542236328,-77.22500610351562,14631.641464471817,0.005711568921143525,2013,2015
JAM,Jamaica,2013,18.42499542236328,-77.17500305175781,14582.488421499736,0.005692381669097974,2013,2015
JAM,Jamaica,2013,18.474998474121094,-77.92500305175781,49917.11043548584,0.01948551140272914,2013,2015
JAM,Jamaica,2013,18.474998474121094,-77.87500762939453,43568.309019088745,0.017007210048471985,2013,2015
JAM,Jamaica,2013,18.474998474121094,-77.82500457763672,2075.3345350027084,0.0008101221083006637,2013,2015
JAM,Jamaica,2013,18.474998474121094,-77.7750015258789,4907.046035587788,0.0019155015313584633,2013,2015
JAM,Jamaica,2013,18.474998474121094,-77.72500610351562,3820.080317736283,0.001491196464322485,2013,2015
JAM,Jamaica,2013,18.474998474121094,-77.67500305175781,10944.55791664136,0.004272288724688257,2013,2015
JAM,Jamaica,2013,18.474998474121094,-77.62500762939453,8639.499380111694,0.0033724921618331904,2013,2015
JAM,Jamaica,2013,18.474998474121094,-77.57500457763672,4201.228988587856,0.0016399806528946995,2013,2015
JAM,Jamaica,2013,18.474998474121094,-77.5250015258789,5201.913738787174,0.002030605309258709,2013,2015
JAM,Jamaica,2013,18.474998474121094,-77.47500610351562,1052.5714502632618,0.0004108790115725839,2013,2015
JAM,Jamaica,2014,17.724998474121094,-77.22500610351562,37.25282335296532,1.4541913742507582e-05,2014,2015
JAM,Jamaica,2014,17.724998474121094,-77.17500305175781,32.723720908220024,1.2773945273153332e-05,2014,2015
JAM,Jamaica,2014,17.774993896484375,-77.2750015258789,2872.108346313318,0.0011211486290716218,2014,2015
JAM,Jamaica,2014,17.774993896484375,-77.22500610351562,4467.529142856627,0.0017439328778388707,2014,2015
JAM,Jamaica,2014,17.824996948242188,-77.32500457763672,782.8450663687883,0.000305589332680106,2014,2015
JAM,Jamaica,2014,17.824996948242188,-77.2750015258789,6733.9551615715845,0.0026286489530650005,2014,2015
JAM,Jamaica,2014,17.824996948242188,-77.22500610351562,4500.335195705295,0.0017567389619908655,2014,2015
JAM,Jamaica,2014,17.824996948242188,-77.17500305175781,1337.5758312941307,0.0005221325690793268,2014,2015
JAM,Jamaica,2014,17.875,-77.72500610351562,3386.7889660001156,0.0013220579965445706,2014,2015
JAM,Jamaica,2014,17.875,-77.67500305175781,6254.112588763237,0.0024413388735671877,2014,2015
JAM,Jamaica,2014,17.875,-77.62500762939453,6811.496182441711,0.002658917661192585,2014,2015
JAM,Jamaica,2014,17.875,-77.57500457763672,7793.393462181091,0.0030422084902039736,2014,2015
JAM,Jamaica,2014,17.875,-77.5250015258789,3077.5111001729965,0.001201329105616984,2014,2015
JAM,Jamaica,2014,17.875,-77.47500610351562,2019.0539751648903,0.0007881525775945719,2014,2015
JAM,Jamaica,2014,17.875,-77.42500305175781,399.28233566880226,0.0001558627980807929,2014,2015
JAM,Jamaica,2014,17.875,-77.37500762939453,2982.2755010724363,0.0011641531886612524,2014,2015
JAM,Jamaica,2014,17.875,-77.32500457763672,4491.612653493881,0.0017533340534487145,2014,2015
JAM,Jamaica,2014,17.875,-77.2750015258789,2482.307016670704,0.0009689868114646765,2014,2015
JAM,Jamaica,2014,17.875,-77.22500610351562,10273.295089721683,0.004010256340320249,2014,2015
JAM,Jamaica,2014,17.875,-77.17500305175781,563.1533727645874,0.0002198310633519534,2014,2015
JAM,Jamaica,2014,17.875,-77.0250015258789,8.879753857853213,3.4662772652726126e-06,2014,2015
JAM,Jamaica,2014,17.875,-76.97500610351562,3.279618024856661,1.2802230309892036e-06,2014,2015
JAM,Jamaica,2014,17.875,-76.92500305175781,3195.7405979635796,0.0012474808601404112,2014,2015
JAM,Jamaica,2014,17.875,-76.57500457763672,11160.83635520958,0.0043567146047946825,2014,2015
JAM,Jamaica,2014,17.875,-76.5250015258789,1720.2556212246418,0.0006715144412516395,2014,2015
JAM,Jamaica,2014,17.875,-76.47500610351562,3135.06047648248,0.0012237939281701182,2014,2015
JAM,Jamaica,2014,17.875,-76.42500305175781,7664.432469070079,0.002991867617508235,2014,2015
JAM,Jamaica,2014,17.875,-76.37500762939453,10348.328077375889,0.00403954601922517,2014,2015
JAM,Jamaica,2014,17.92499542236328,-77.7750015258789,2946.988478243351,0.0011503786396197336,2014,2015
JAM,Jamaica,2014,17.92499542236328,-77.72500610351562,3677.5523229837418,0.0014355596126952633,2014,2015
JAM,Jamaica,2014,17.92499542236328,-77.67500305175781,4508.124064922333,0.0017597794044086836,2014,2015
JAM,Jamaica,2014,17.92499542236328,-77.62500762939453,8277.670184135437,0.003231249472452205,2014,2015
JAM,Jamaica,2014,17.92499542236328,-77.57500457763672,8711.530037879944,0.003400609859172729,2014,2015
JAM,Jamaica,2014,17.92499542236328,-77.5250015258789,2894.978051662445,0.0011300759868547493,2014,2015
JAM,Jamaica,2014,17.92499542236328,-77.47500610351562,3420.008719444275,0.0013350255717684732,2014,2015
JAM,Jamaica,2014,17.92499542236328,-77.42500305175781,5296.849600315094,0.0020676642214471665,2014,2015
JAM,Jamaica,2014,17.92499542236328,-77.37500762939453,1533.131218135357,0.0005984690534414295,2014,2015
JAM,Jamaica,2014,17.92499542236328,-77.32500457763672,3186.089334487915,0.0012437134184182213,2014,2015
JAM,Jamaica,2014,17.92499542236328,-77.2750015258789,2686.602597236877,0.0010487350947671371,2014,2015
JAM,Jamaica,2014,17.92499542236328,-77.22500610351562,16382.214745163918,0.006394918083878508,2014,2015
JAM,Jamaica,2014,17.92499542236328,-77.17500305175781,21507.020120620902,0.00839542357606431,2014,2015
JAM,Jamaica,2014,17.92499542236328,-77.12500762939453,27331.380294680625,0.010669005431967617,2014,2015
JAM,Jamaica,2014,17.92499542236328,-77.07500457763672,11773.991279602296,0.004596064141790323,2014,2015
JAM,Jamaica,2014,17.92499542236328,-77.0250015258789,657.3043057919134,0.0002565835729238487,2014,2015
JAM,Jamaica,2014,17.92499542236328,-76.97500610351562,1229.8702009916306,0.0004800888836759036,2014,2015
JAM,Jamaica,2014,17.92499542236328,-76.92500305175781,37883.45784521103,0.014788086557448255,2014,2015
JAM,Jamaica,2014,17.92499542236328,-76.62500762939453,2744.2979559898376,0.0010712569026413796,2014,2015
JAM,Jamaica,2014,17.92499542236328,-76.57500457763672,3113.8665415346622,0.0012155207196952779,2014,2015
JAM,Jamaica,2014,17.92499542236328,-76.5250015258789,1550.9894043803215,0.0006054401278620543,2014,2015
JAM,Jamaica,2014,17.92499542236328,-76.47500610351562,6492.041020393548,0.00253421598778953,2014,2015
JAM,Jamaica,2014,17.92499542236328,-76.42500305175781,5403.5474314690455,0.002109314505036474,2014,2015
JAM,Jamaica,2014,17.92499542236328,-76.37500762939453,2983.7575629353523,0.0011647317224160601,2014,2015
JAM,Jamaica,2014,17.92499542236328,-76.32500457763672,2717.966880828201,0.0010609783736794257,2014,2015
JAM,Jamaica,2014,17.92499542236328,-76.2750015258789,5260.613334923983,0.0020535191285860044,2014,2015
JAM,Jamaica,2014,17.92499542236328,-76.22500610351562,1046.057366401007,0.00040833619099925865,2014,2015
JAM,Jamaica,2014,17.974998474121094,-77.82500457763672,1743.0253016352654,0.0006804027535639302,2014,2015
JAM,Jamaica,2014,17.974998474121094,-77.7750015258789,3171.5928962828475,0.0012380546270843585,2014,2015
JAM,Jamaica,2014,17.974998474121094,-77.72500610351562,4074.59511500597,0.001590548188432625,2014,2015
JAM,Jamaica,2014,17.974998474121094,-77.67500305175781,2871.9228999614716,0.001121076238723463,2014,2015
JAM,Jamaica,2014,17.974998474121094,-77.62500762939453,3527.836991786957,0.0013771171313948143,2014,2015
JAM,Jamaica,2014,17.974998474121094,-77.57500457763672,6822.9962792396545,0.0026634068086078466,2014,2015
JAM,Jamaica,2014,17.974998474121094,-77.5250015258789,7615.111698150635,0.002972614891624106,2014,2015
JAM,Jamaica,2014,17.974998474121094,-77.47500610351562,7303.96382522583,0.0028511560296643973,2014,2015
JAM,Jamaica,2014,17.974998474121094,-77.42500305175781,3141.621869325655,0.0012263552161522963,2014,2015
JAM,Jamaica,2014,17.974998474121094,-77.37500762939453,2506.170512288809,0.0009783021025926862,2014,2015
JAM,Jamaica,2014,17.974998474121094,-77.32500457763672,7943.978297472,0.0031009903888263176,2014,2015
JAM,Jamaica,2014,17.974998474121094,-77.2750015258789,23560.999534606934,0.009197209555721973,2014,2015
JAM,Jamaica,2014,17.974998474121094,-77.22500610351562,32934.7033816576,0.012856303834297556,2014,2015
JAM,Jamaica,2014,17.974998474121094,-77.17500305175781,3862.6260957718164,0.001507804521876634,2014,2015
JAM,Jamaica,2014,17.974998474121094,-77.12500762939453,10877.242417395122,0.0042460116241770365,2014,2015
JAM,Jamaica,2014,17.974998474121094,-77.07500457763672,3330.2643093174165,0.0012999931808387502,2014,2015
JAM,Jamaica,2014,17.974998474121094,-77.0250015258789,4189.095424473286,0.0016352442268506523,2014,2015
JAM,Jamaica,2014,17.974998474121094,-76.97500610351562,55943.26543241739,0.021837865352765634,2014,2015
JAM,Jamaica,2014,17.974998474121094,-76.92500305175781,50207.45789241791,0.01959885066923406,2014,2015
JAM,Jamaica,2014,17.974998474121094,-76.87500762939453,131112.0196158886,0.05118054172150276,2014,2015
JAM,Jamaica,2014,17.974998474121094,-76.7750015258789,132005.9269117117,0.0515294850127667,2014,2015
JAM,Jamaica,2014,17.974998474121094,-76.72500610351562,26517.37609457972,0.010351252902132478,2014,2015
JAM,Jamaica,2014,17.974998474121094,-76.67500305175781,2310.01426172274,0.0009017310666537841,2014,2015
JAM,Jamaica,2014,17.974998474121094,-76.62500762939453,1440.882320404289,0.0005624590173446671,2014,2015
JAM,Jamaica,2014,17.974998474121094,-76.57500457763672,1862.6867088079453,0.0007271134644522011,2014,2015
JAM,Jamaica,2014,17.974998474121094,-76.5250015258789,3302.0119148499234,0.0012889646507466038,2014,2015
JAM,Jamaica,2014,17.974998474121094,-76.47500610351562,1404.0370185375468,0.0005480761826132919,2014,2015
JAM,Jamaica,2014,17.974998474121094,-76.42500305175781,1408.0425560475078,0.0005496397736573944,2014,2015
JAM,Jamaica,2014,17.974998474121094,-76.37500762939453,1252.0490500928295,0.0004887465606385828,2014,2015
JAM,Jamaica,2014,17.974998474121094,-76.32500457763672,847.0189888482618,0.0003306400955812913,2014,2015
JAM,Jamaica,2014,17.974998474121094,-76.2750015258789,2402.0535790922672,0.0009376592915140995,2014,2015
JAM,Jamaica,2014,18.024993896484375,-77.82500457763672,1944.3338215351182,0.0007589850157532606,2014,2015
JAM,Jamaica,2014,18.024993896484375,-77.7750015258789,3687.562673717953,0.0014394672267713804,2014,2015
JAM,Jamaica,2014,18.024993896484375,-77.72500610351562,4827.434100151062,0.0018844244264897717,2014,2015
JAM,Jamaica,2014,18.024993896484375,-77.67500305175781,5825.073078632355,0.0022738601434495586,2014,2015
JAM,Jamaica,2014,18.024993896484375,-77.62500762939453,3277.1519998908043,0.0012792603999960952,2014,2015
JAM,Jamaica,2014,18.024993896484375,-77.57500457763672,5741.18874168396,0.002241115275209823,2014,2015
JAM,Jamaica,2014,18.024993896484375,-77.5250015258789,27300.973915100098,0.01065713607793524,2014,2015
JAM,Jamaica,2014,18.024993896484375,-77.47500610351562,16058.532822012901,0.006268566463173862,2014,2015
JAM,Jamaica,2014,18.024993896484375,-77.42500305175781,7152.399000167847,0.0027919915848246477,2014,2015
JAM,Jamaica,2014,18.024993896484375,-77.37500762939453,5199.399606227875,0.0020296238991124723,2014,2015
JAM,Jamaica,2014,18.024993896484375,-77.32500457763672,4047.8562272787094,0.0015801104668345526,2014,2015
JAM,Jamaica,2014,18.024993896484375,-77.2750015258789,1188.449056118744,0.0004639198349530642,2014,2015
JAM,Jamaica,2014,18.024993896484375,-77.22500610351562,2752.3998178243637,0.0010744195240307733,2014,2015
JAM,Jamaica,2014,18.024993896484375,-77.17500305175781,3054.1369990110397,0.0011922048532164269,2014,2015
JAM,Jamaica,2014,18.024993896484375,-77.12500762939453,3552.553558051595,0.0013867654249275173,2014,2015
JAM,Jamaica,2014,18.024993896484375,-77.07500457763672,4456.663898527958,0.0017396915497569227,2014,2015
JAM,Jamaica,2014,18.024993896484375,-77.0250015258789,12908.620754987001,0.005038975107341009,2014,2015
JAM,Jamaica,2014,18.024993896484375,-76.97500610351562,68851.36805057526,0.026876638201582374,2014,2015
JAM,Jamaica,2014,18.024993896484375,-76.92500305175781,21772.016379833854,0.008498866815977968,2014,2015
JAM,Jamaica,2014,18.024993896484375,-76.87500762939453,18716.538140417113,0.007306138399698875,2014,2015
JAM,Jamaica,2014,18.024993896484375,-76.82500457763672,213359.7537841797,0.08328655002212672,2014,2015
JAM,Jamaica,2014,18.024993896484375,-76.7750015258789,80815.8085861206,0.03154704561196225,2014,2015
JAM,Jamaica,2014,18.024993896484375,-76.72500610351562,23586.476266860962,0.00920715458564276,2014,2015
JAM,Jamaica,2014,18.024993896484375,-76.67500305175781,7080.929918766022,0.0027640931029524313,2014,2015
JAM,Jamaica,2014,18.024993896484375,-76.62500762939453,3160.290864646435,0.0012336427958624782,2014,2015
JAM,Jamaica,2014,18.024993896484375,-76.57500457763672,321.131494164482,0.00012535604198092955,2014,2015
JAM,Jamaica,2014,18.024993896484375,-76.5250015258789,12.716045051822269,4.963801764429769e-06,2014,2015
JAM,Jamaica,2014,18.024993896484375,-76.47500610351562,0.0,0.0,2014,2015
JAM,Jamaica,2014,18.024993896484375,-76.42500305175781,282.9625854494288,0.00011045652757578132,2014,2015
JAM,Jamaica,2014,18.024993896484375,-76.37500762939453,196.20182874798775,7.658882771762779e-05,2014,2015
JAM,Jamaica,2014,18.024993896484375,-76.32500457763672,595.8416051864624,0.00023259115543329916,2014,2015
JAM,Jamaica,2014,18.024993896484375,-76.2750015258789,4987.002027511616,0.001946712941208836,2014,2015
JAM,Jamaica,2014,18.074996948242188,-77.97500610351562,3850.3797376155853,0.0015030240658483638,2014,2015
JAM,Jamaica,2014,18.074996948242188,-77.92500305175781,2937.7323222757814,0.0011467654310209582,2014,2015
JAM,Jamaica,2014,18.074996948242188,-77.87500762939453,5138.363800048828,0.002005798123002822,2014,2015
JAM,Jamaica,2014,18.074996948242188,-77.82500457763672,1016.2765542268877,0.00039671103180757584,2014,2015
JAM,Jamaica,2014,18.074996948242188,-77.7750015258789,4980.63054072858,0.001944225784454768,2014,2015
JAM,Jamaica,2014,18.074996948242188,-77.72500610351562,4176.773107588291,0.0016304341197736227,2014,2015
JAM,Jamaica,2014,18.074996948242188,-77.67500305175781,4754.5580460727215,0.0018559767224792462,2014,2015
JAM,Jamaica,2014,18.074996948242188,-77.62500762939453,1733.8478590846062,0.0006768202713267046,2014,2015
JAM,Jamaica,2014,18.074996948242188,-77.57500457763672,3090.1998929977417,0.0012062822692740227,2014,2015
JAM,Jamaica,2014,18.074996948242188,-77.5250015258789,11286.097254276368,0.004405611118550953,2014,2015
JAM,Jamaica,2014,18.074996948242188,-77.47500610351562,10831.245708465576,0.004228056470352717,2014,2015
JAM,Jamaica,2014,18.074996948242188,-77.42500305175781,4006.0844094753265,0.0015638045303526622,2014,2015
JAM,Jamaica,2014,18.074996948242188,-77.37500762939453,3721.6975351572037,0.001452792021135524,2014,2015
JAM,Jamaica,2014,18.074996948242188,-77.32500457763672,3306.8131588101387,0.0012908388516592343,2014,2015
JAM,Jamaica,2014,18.074996948242188,-77.2750015258789,7471.016190588658,0.0029163661498362616,2014,2015
JAM,Jamaica,2014,18.074996948242188,-77.22500610351562,3155.535576224327,0.0012317865340323389,2014,2015
JAM,Jamaica,2014,18.074996948242188,-77.17500305175781,3015.2239071130753,0.0011770148414293224,2014,2015
JAM,Jamaica,2014,18.074996948242188,-77.12500762939453,4788.171778678894,0.0018690980903683667,2014,2015
JAM,Jamaica,2014,18.074996948242188,-77.07500457763672,2939.8488038778305,0.0011475916151896853,2014,2015
JAM,Jamaica,2014,18.074996948242188,-77.0250015258789,1992.6495432257652,0.0007778454132746867,2014,2015
JAM,Jamaica,2014,18.074996948242188,-76.97500610351562,1749.8922638299207,0.0006830833227911695,2014,2015
JAM,Jamaica,2014,18.074996948242188,-76.92500305175781,3386.793187767267,0.0013220596445424465,2014,2015
JAM,Jamaica,2014,18.074996948242188,-76.87500762939453,11947.552815198898,0.004663815164464475,2014,2015
JAM,Jamaica,2014,18.074996948242188,-76.82500457763672,28589.824726104736,0.011160248476773018,2014,2015
JAM,Jamaica,2014,18.074996948242188,-76.7750015258789,16741.63724960387,0.0065352213035072505,2014,2015
JAM,Jamaica,2014,18.074996948242188,-76.72500610351562,5527.171629905766,0.0021575721206571795,2014,2015
JAM,Jamaica,2014,18.074996948242188,-76.67500305175781,4888.974880218804,0.00190844732287302,2014,2015
JAM,Jamaica,2014,18.074996948242188,-76.62500762939453,379.8402948379663,0.0001482734543668534,2014,2015
JAM,Jamaica,2014,18.074996948242188,-76.57500457763672,18.035227358341217,7.0401837220918836e-06,2014,2015
JAM,Jamaica,2014,18.074996948242188,-76.5250015258789,1.2353800535202026,4.822396951579024e-07,2014,2015
JAM,Jamaica,2014,18.074996948242188,-76.47500610351562,343.21589839458466,0.00013397685169314858,2014,2015
JAM,Jamaica,2014,18.074996948242188,-76.42500305175781,2127.7310907244682,0.0008305754894173374,2014,2015
JAM,Jamaica,2014,18.074996948242188,-76.37500762939453,1.375702977180481,5.370157810569546e-07,2014,2015
JAM,Jamaica,2014,18.074996948242188,-76.32500457763672,823.782040089516,0.0003215693816306438,2014,2015
JAM,Jamaica,2014,18.125,-78.0250015258789,1086.3566074371836,0.0004240672963032532,2014,2015
JAM,Jamaica,2014,18.125,-77.97500610351562,4059.871194124222,0.0015848005975618556,2014,2015
JAM,Jamaica,2014,18.125,-77.92500305175781,2409.122631788254,0.0009404187482557344,2014,2015
JAM,Jamaica,2014,18.125,-77.87500762939453,3314.623690366745,0.0012938877501307178,2014,2015
JAM,Jamaica,2014,18.125,-77.82500457763672,3483.002028644085,0.0013596154735877088,2014,2015
JAM,Jamaica,2014,18.125,-77.7750015258789,3079.0873334407806,0.0012019443998726974,2014,2015
JAM,Jamaica,2014,18.125,-77.72500610351562,1997.503375232382,0.0007797401423182298,2014,2015
JAM,Jamaica,2014,18.125,-77.67500305175781,910.4529508054353,0.00035540200944716467,2014,2015
JAM,Jamaica,2014,18.125,-77.62500762939453,2313.190209031105,0.0009029708210576692,2014,2015
JAM,Jamaica,2014,18.125,-77.57500457763672,3173.6743209958076,0.001238867126538443,2014,2015
JAM,Jamaica,2014,18.125,-77.5250015258789,4909.338473320067,0.0019163964012975019,2014,2015
JAM,Jamaica,2014,18.125,-77.47500610351562,9300.222560286522,0.0036304103175321956,2014,2015
JAM,Jamaica,2014,18.125,-77.42500305175781,5065.999526381493,0.0019775501962419678,2014,2015
JAM,Jamaica,2014,18.125,-77.37500762939453,4895.9724115135095,0.0019111788607093327,2014,2015
JAM,Jamaica,2014,18.125,-77.32500457763672,5215.0324639081955,0.0020357263001515072,2014,2015
JAM,Jamaica,2014,18.125,-77.2750015258789,5140.837053775787,0.0020067635757960237,2014,2015
JAM,Jamaica,2014,18.125,-77.22500610351562,4181.0271885407665,0.001632094731579563,2014,2015
JAM,Jamaica,2014,18.125,-77.17500305175781,1922.4907034635544,0.0007504583938686724,2014,2015
JAM,Jamaica,2014,18.125,-77.12500762939453,2424.8122565299273,0.0009465433087349221,2014,2015
JAM,Jamaica,2014,18.125,-77.07500457763672,2909.1824957729855,0.0011356207961450043,2014,2015
JAM,Jamaica,2014,18.125,-77.0250015258789,17934.782685279846,0.007000974404781534,2014,2015
JAM,Jamaica,2014,18.125,-76.97500610351562,5008.344045042992,0.001955043954809921,2014,2015
JAM,Jamaica,2014,18.125,-76.92500305175781,2802.927964001894,0.0010941435577320733,2014,2015
JAM,Jamaica,2014,18.125,-76.87500762939453,12743.135047912598,0.004974376543761202,2014,2015
JAM,Jamaica,2014,18.125,-76.82500457763672,15766.188570737839,0.006154447733302572,2014,2015
JAM,Jamaica,2014,18.125,-76.7750015258789,3681.0645376443863,0.0014369306315347307,2014,2015
JAM,Jamaica,2014,18.125,-76.72500610351562,1260.1870017651704,0.0004919232699617558,2014,2015
JAM,Jamaica,2014,18.125,-76.67500305175781,272.4658896923065,0.00010635906514091685,2014,2015
JAM,Jamaica,2014,18.125,-76.62500762939453,203.9064043762364,7.959636551273828e-05,2014,2015
JAM,Jamaica,2014,18.125,-76.57500457763672,187.4562919139862,7.31749430553301e-05,2014,2015
JAM,Jamaica,2014,18.125,-76.5250015258789,1331.6091477871166,0.0005198034302630353,2014,2015
JAM,Jamaica,2014,18.125,-76.47500610351562,2747.9163507227645,0.0010726693696534505,2014,2015
JAM,Jamaica,2014,18.125,-76.42500305175781,1308.2166427373886,0.0005106719937694509,2014,2015
JAM,Jamaica,2014,18.125,-76.37500762939453,903.9423410892487,0.0003528605450323237,2014,2015
JAM,Jamaica,2014,18.17499542236328,-78.0250015258789,3165.5393142700195,0.0012356915667968292,2014,2015
JAM,Jamaica,2014,18.17499542236328,-77.97500610351562,3168.678978919983,0.001236917157998,2014,2015
JAM,Jamaica,2014,18.17499542236328,-77.92500305175781,4011.6288945674896,0.0015659688609107227,2014,2015
JAM,Jamaica,2014,18.17499542236328,-77.87500762939453,3320.21787750721,0.0012960714822490946,2014,2015
JAM,Jamaica,2014,18.17499542236328,-77.82500457763672,702.2933917045781,0.0002741453936883454,2014,2015
JAM,Jamaica,2014,18.17499542236328,-77.7750015258789,2998.3154708744905,0.0011704145089129784,2014,2015
JAM,Jamaica,2014,18.17499542236328,-77.72500610351562,5126.696618974209,0.002001243753010572,2014,2015
JAM,Jamaica,2014,18.17499542236328,-77.67500305175781,2155.636859089449,0.0008414687114595171,2014,2015
JAM,Jamaica,2014,18.17499542236328,-77.62500762939453,4460.6405210494995,0.001741243853622508,2014,2015
JAM,Jamaica,2014,18.17499542236328,-77.57500457763672,3052.722190618515,0.0011916525723487104,2014,2015
JAM,Jamaica,2014,18.17499542236328,-77.5250015258789,6897.860792756081,0.00269263072239327,2014,2015
JAM,Jamaica,2014,18.17499542236328,-77.47500610351562,29441.10595703125,0.011492552369915754,2014,2015
JAM,Jamaica,2014,18.17499542236328,-77.42500305175781,8337.348487138748,0.0032545453372072263,2014,2015
JAM,Jamaica,2014,18.17499542236328,-77.37500762939453,5003.752392292023,0.001953251569368219,2014,2015
JAM,Jamaica,2014,18.17499542236328,-77.32500457763672,3894.0356826783654,0.001520065485271412,2014,2015
JAM,Jamaica,2014,18.17499542236328,-77.2750015258789,5329.977594375633,0.002080595977720408,2014,2015
JAM,Jamaica,2014,18.17499542236328,-77.22500610351562,4641.241324841976,0.00181174270643949,2014,2015
JAM,Jamaica,2014,18.17499542236328,-77.17500305175781,397.94500941072437,0.00015534076293445518,2014,2015
JAM,Jamaica,2014,18.17499542236328,-77.12500762939453,653.2399521470213,0.0002549970225686429,2014,2015
JAM,Jamaica,2014,18.17499542236328,-77.07500457763672,10272.415641784668,0.004009913041346103,2014,2015
JAM,Jamaica,2014,18.17499542236328,-77.0250015258789,13069.73504281044,0.005101867255246558,2014,2015
JAM,Jamaica,2014,18.17499542236328,-76.97500610351562,3122.0337935689495,0.0012187088666303603,2014,2015
JAM,Jamaica,2014,18.17499542236328,-76.92500305175781,2035.6309342384338,0.0007946235155601734,2014,2015
JAM,Jamaica,2014,18.17499542236328,-76.87500762939453,4215.572104811951,0.0016455795938649803,2014,2015
JAM,Jamaica,2014,18.17499542236328,-76.82500457763672,5044.217968195677,0.0019690476047118056,2014,2015
JAM,Jamaica,2014,18.17499542236328,-76.7750015258789,35.20541858691209,1.3742694225053877e-05,2014,2015
JAM,Jamaica,2014,18.17499542236328,-76.72500610351562,911.4114730358124,0.00035577617565363853,2014,2015
JAM,Jamaica,2014,18.17499542236328,-76.67500305175781,2058.2365587353825,0.0008034477874392597,2014,2015
JAM,Jamaica,2014,18.17499542236328,-76.62500762939453,2456.478136777878,0.0009589043181216004,2014,2015
JAM,Jamaica,2014,18.17499542236328,-76.57500457763672,3526.54194688797,0.00137661160108815,2014,2015
JAM,Jamaica,2014,18.17499542236328,-76.5250015258789,4217.786390006542,0.0016464439563858009,2014,2015
JAM,Jamaica,2014,18.17499542236328,-76.47500610351562,10986.265908122063,0.004288569746095386,2014,2015
JAM,Jamaica,2014,18.17499542236328,-76.42500305175781,11099.29676103592,0.004332692171333916,2014,2015
JAM,Jamaica,2014,18.224998474121094,-78.32500457763672,1714.9704136850075,0.000669451321594254,2014,2015
JAM,Jamaica,2014,18.224998474121094,-78.2750015258789,1897.4566927552223,0.0007406861835612731,2014,2015
JAM,Jamaica,2014,18.224998474121094,-78.22500610351562,5722.624983400106,0.0022338687755514533,2014,2015
JAM,Jamaica,2014,18.224998474121094,-78.17500305175781,2569.8585425913334,0.0010031631939068778,2014,2015
JAM,Jamaica,2014,18.224998474121094,-78.12500762939453,31718.7813038826,0.01238165970316468,2014,2015
JAM,Jamaica,2014,18.224998474121094,-78.07500457763672,3287.287734389305,0.0012832169585473123,2014,2015
JAM,Jamaica,2014,18.224998474121094,-78.0250015258789,1794.9849682451777,0.0007006855918006903,2014,2015
JAM,Jamaica,2014,18.224998474121094,-77.97500610351562,4139.638875961304,0.001615938499184077,2014,2015
JAM,Jamaica,2014,18.224998474121094,-77.92500305175781,2809.496814727783,0.001096707756953652,2014,2015
JAM,Jamaica,2014,18.224998474121094,-77.87500762939453,2585.898056864745,0.0010094243363396459,2014,2015
JAM,Jamaica,2014,18.224998474121094,-77.82500457763672,928.4259758293629,0.00036241791203026595,2014,2015
JAM,Jamaica,2014,18.224998474121094,-77.7750015258789,2040.2069007456303,0.000796409777761182,2014,2015
JAM,Jamaica,2014,18.224998474121094,-77.72500610351562,1091.8017982545662,0.0004261928666104382,2014,2015
JAM,Jamaica,2014,18.224998474121094,-77.67500305175781,565.9384661316886,0.000220918245043539,2014,2015
JAM,Jamaica,2014,18.224998474121094,-77.62500762939453,1661.1249838769436,0.0006484323618156045,2014,2015
JAM,Jamaica,2014,18.224998474121094,-77.57500457763672,2647.214574933215,0.0010333596904011154,2014,2015
JAM,Jamaica,2014,18.224998474121094,-77.5250015258789,5374.823352575302,0.0020981018494573758,2014,2015
JAM,Jamaica,2014,18.224998474121094,-77.47500610351562,5510.295352458954,0.0021509843415618633,2014,2015
JAM,Jamaica,2014,18.224998474121094,-77.42500305175781,2999.102029323578,0.0011707215477919299,2014,2015
JAM,Jamaica,2014,18.224998474121094,-77.37500762939453,3109.140193462372,0.001213675754943664,2014,2015
JAM,Jamaica,2014,18.224998474121094,-77.32500457763672,1098.1755421163107,0.0004286809044317903,2014,2015
JAM,Jamaica,2014,18.224998474121094,-77.2750015258789,781.0365877151489,0.0003048833797289105,2014,2015
JAM,Jamaica,2014,18.224998474121094,-77.22500610351562,1482.4800940752618,0.0005786970144186658,2014,2015
JAM,Jamaica,2014,18.224998474121094,-77.17500305175781,1016.902143478438,0.0003969552351756827,2014,2015
JAM,Jamaica,2014,18.224998474121094,-77.12500762939453,319.5615915663611,0.00012474321894870706,2014,2015
JAM,Jamaica,2014,18.224998474121094,-77.07500457763672,1048.8121374848683,0.0004094115361644374,2014,2015
JAM,Jamaica,2014,18.224998474121094,-77.0250015258789,3740.8646018505096,0.0014602740266713207,2014,2015
JAM,Jamaica,2014,18.224998474121094,-76.97500610351562,4075.4677126407623,0.001590888813340886,2014,2015
JAM,Jamaica,2014,18.224998474121094,-76.92500305175781,3030.010111987591,0.0011827867453150216,2014,2015
JAM,Jamaica,2014,18.224998474121094,-76.87500762939453,4209.7218544483185,0.001643295905583049,2014,2015
JAM,Jamaica,2014,18.224998474121094,-76.82500457763672,2207.902637243271,0.0008618710425901432,2014,2015
JAM,Jamaica,2014,18.224998474121094,-76.7750015258789,1918.1124982239983,0.0007487493292338292,2014,2015
JAM,Jamaica,2014,18.224998474121094,-76.72500610351562,2714.0036773085963,0.0010594313080199982,2014,2015
JAM,Jamaica,2014,18.224998474121094,-76.67500305175781,8372.77447748185,0.0032683741332405146,2014,2015
JAM,Jamaica,2014,18.224998474121094,-76.62500762939453,2487.023796320553,0.0009708280411121755,2014,2015
JAM,Jamaica,2014,18.274993896484375,-78.32500457763672,10916.31903886836,0.004261265470937277,2014,2015
JAM,Jamaica,2014,18.274993896484375,-78.2750015258789,2180.13681906553,0.0008510324511334578,2014,2015
JAM,Jamaica,2014,18.274993896484375,-78.22500610351562,2813.137803138108,0.001098129043573964,2014,2015
JAM,Jamaica,2014,18.274993896484375,-78.17500305175781,2633.550939768719,0.0010280259898628077,2014,2015
JAM,Jamaica,2014,18.274993896484375,-78.12500762939453,4552.583830833454,0.0017771346012152671,2014,2015
JAM,Jamaica,2014,18.274993896484375,-78.07500457763672,10955.058003485374,0.004276387510858845,2014,2015
JAM,Jamaica,2014,18.274993896484375,-78.0250015258789,4200.405325174332,0.0016396591298198215,2014,2015
JAM,Jamaica,2014,18.274993896484375,-77.97500610351562,4215.140975415707,0.0016454112993324384,2014,2015
JAM,Jamaica,2014,18.274993896484375,-77.92500305175781,5167.0558769106865,0.0020169982863532687,2014,2015
JAM,Jamaica,2014,18.274993896484375,-77.87500762939453,2348.6299627423396,0.0009168049897229944,2014,2015
JAM,Jamaica,2014,18.274993896484375,-77.82500457763672,869.5739732683285,0.00033944459973370215,2014,2015
JAM,Jamaica,2014,18.274993896484375,-77.7750015258789,23.020932763814926,8.986390517346272e-06,2014,2015
JAM,Jamaica,2014,18.274993896484375,-77.72500610351562,33.618502021093796,1.3123229665333492e-05,2014,2015
JAM,Jamaica,2014,18.274993896484375,-77.67500305175781,43.381960123928415,1.693446738588887e-05,2014,2015
JAM,Jamaica,2014,18.274993896484375,-77.62500762939453,1034.4381461143635,0.00040380054285354267,2014,2015
JAM,Jamaica,2014,18.274993896484375,-77.57500457763672,3706.0839977264404,0.001446697161898083,2014,2015
JAM,Jamaica,2014,18.274993896484375,-77.5250015258789,6309.876140832901,0.0024631065864862767,2014,2015
JAM,Jamaica,2014,18.274993896484375,-77.47500610351562,135.9617919921875,5.307368605847611e-05,2014,2015
JAM,Jamaica,2014,18.274993896484375,-77.42500305175781,432.33637005105976,0.00016876568364934157,2014,2015
JAM,Jamaica,2014,18.274993896484375,-77.37500762939453,2669.0009827019467,0.001041864175001657,2014,2015
JAM,Jamaica,2014,18.274993896484375,-77.32500457763672,2672.558784783304,0.0010432529892262813,2014,2015
JAM,Jamaica,2014,18.274993896484375,-77.2750015258789,1624.0184956789312,0.0006339475710777256,2014,2015
JAM,Jamaica,2014,18.274993896484375,-77.22500610351562,1317.2700949311256,0.0005142060754583965,2014,2015
JAM,Jamaica,2014,18.274993896484375,-77.17500305175781,887.6702960134355,0.0003465086324896242,2014,2015
JAM,Jamaica,2014,18.274993896484375,-77.12500762939453,4618.813044369221,0.0018029876621053372,2014,2015
JAM,Jamaica,2014,18.274993896484375,-77.07500457763672,1276.8472344279437,0.0004984267143857304,2014,2015
JAM,Jamaica,2014,18.274993896484375,-77.0250015258789,2939.758930757642,0.0011475565325558357,2014,2015
JAM,Jamaica,2014,18.274993896484375,-76.97500610351562,4346.392342567444,0.00169664623639003,2014,2015
JAM,Jamaica,2014,18.274993896484375,-76.92500305175781,3868.8436800243962,0.001510231601645357,2014,2015
JAM,Jamaica,2014,18.274993896484375,-76.87500762939453,9501.37095952034,0.0037089300754411976,2014,2015
JAM,Jamaica,2014,18.274993896484375,-76.82500457763672,2956.8238567710177,0.0011542179520073908,2014,2015
JAM,Jamaica,2014,18.274993896484375,-76.7750015258789,6309.091049104945,0.0024628001201527127,2014,2015
JAM,Jamaica,2014,18.324996948242188,-78.32500457763672,1118.3292827047408,0.00043654806538356535,2014,2015
JAM,Jamaica,2014,18.324996948242188,-78.2750015258789,2593.010409206152,0.0010122006954165167,2014,2015
JAM,Jamaica,2014,18.324996948242188,-78.22500610351562,1481.2005683779716,0.0005781975421465908,2014,2015
JAM,Jamaica,2014,18.324996948242188,-78.17500305175781,7862.1792469620705,0.0030690595274936363,2014,2015
JAM,Jamaica,2014,18.324996948242188,-78.12500762939453,3961.720260798931,0.0015464866584373091,2014,2015
JAM,Jamaica,2014,18.324996948242188,-78.07500457763672,3071.3367235064507,0.0011989188922474378,2014,2015
JAM,Jamaica,2014,18.324996948242188,-78.0250015258789,2538.021337911551,0.000990735306767443,2014,2015
JAM,Jamaica,2014,18.324996948242188,-77.97500610351562,4158.628134489059,0.001623351095993946,2014,2015
JAM,Jamaica,2014,18.324996948242188,-77.92500305175781,4591.1148364543915,0.001792175462812329,2014,2015
JAM,Jamaica,2014,18.324996948242188,-77.87500762939453,1229.3441937869102,0.00047988355289260953,2014,2015
JAM,Jamaica,2014,18.324996948242188,-77.82500457763672,2257.8181802630424,0.0008813559421406135,2014,2015
JAM,Jamaica,2014,18.324996948242188,-77.7750015258789,1170.9621360005583,0.00045709368699720635,2014,2015
JAM,Jamaica,2014,18.324996948242188,-77.72500610351562,0.8989480137825012,3.5091097261445786e-07,2014,2015
JAM,Jamaica,2014,18.324996948242188,-77.67500305175781,0.0,0.0,2014,2015
JAM,Jamaica,2014,18.324996948242188,-77.62500762939453,0.4943540096282959,1.9297472565137024e-07,2014,2015
JAM,Jamaica,2014,18.324996948242188,-77.57500457763672,456.64114475250244,0.00017825323131494223,2014,2015
JAM,Jamaica,2014,18.324996948242188,-77.5250015258789,1540.6795887054984,0.0006014156154425817,2014,2015
JAM,Jamaica,2014,18.324996948242188,-77.47500610351562,189.18924698233604,7.385141481922337e-05,2014,2015
JAM,Jamaica,2014,18.324996948242188,-77.42500305175781,2073.5125460773706,0.0008094108815154875,2014,2015
JAM,Jamaica,2014,18.324996948242188,-77.37500762939453,5409.0604157447815,0.0021114665390190254,2014,2015
JAM,Jamaica,2014,18.324996948242188,-77.32500457763672,2802.937780559253,0.0010941473896974793,2014,2015
JAM,Jamaica,2014,18.324996948242188,-77.2750015258789,1113.5294466020296,0.00043467441403847226,2014,2015
JAM,Jamaica,2014,18.324996948242188,-77.22500610351562,492.9337164163766,0.0001924203037440397,2014,2015
JAM,Jamaica,2014,18.324996948242188,-77.17500305175781,4858.612440466881,0.0018965951210760947,2014,2015
JAM,Jamaica,2014,18.324996948242188,-77.12500762939453,3760.2091400625077,0.0014678253095204668,2014,2015
JAM,Jamaica,2014,18.324996948242188,-77.07500457763672,2412.6226264238358,0.0009417849969184904,2014,2015
JAM,Jamaica,2014,18.324996948242188,-77.0250015258789,3147.741034448147,0.0012287438772893148,2014,2015
JAM,Jamaica,2014,18.324996948242188,-76.97500610351562,3964.501080751419,0.001547572171970052,2014,2015
JAM,Jamaica,2014,18.324996948242188,-76.92500305175781,5405.986257791519,0.002110266518838981,2014,2015
JAM,Jamaica,2014,18.324996948242188,-76.87500762939453,7694.861479282379,0.003003745805574266,2014,2015
JAM,Jamaica,2014,18.324996948242188,-76.82500457763672,2938.1663930418235,0.0011469348737388463,2014,2015
JAM,Jamaica,2014,18.375,-78.2750015258789,5332.706449270372,0.002081661206310443,2014,2015
JAM,Jamaica,2014,18.375,-78.22500610351562,4766.426508575678,0.0018606096641582946,2014,2015
JAM,Jamaica,2014,18.375,-78.17500305175781,2358.850486755371,0.0009207946464851819,2014,2015
JAM,Jamaica,2014,18.375,-78.12500762939453,2174.584545493126,0.0008488650802848191,2014,2015
JAM,Jamaica,2014,18.375,-78.07500457763672,1390.4499187171843,0.0005427723582097967,2014,2015
JAM,Jamaica,2014,18.375,-78.0250015258789,1853.3392190635473,0.0007234646030415077,2014,2015
JAM,Jamaica,2014,18.375,-77.97500610351562,2490.2924797534943,0.0009721039957447419,2014,2015
JAM,Jamaica,2014,18.375,-77.92500305175781,4097.872359275818,0.0015996346320325692,2014,2015
JAM,Jamaica,2014,18.375,-77.87500762939453,2337.9651798009872,0.000912641913218798,2014,2015
JAM,Jamaica,2014,18.375,-77.82500457763672,2754.7778052687645,0.0010753477889295059,2014,2015
JAM,Jamaica,2014,18.375,-77.7750015258789,337.52836060523987,0.00013175667946200623,2014,2015
JAM,Jamaica,2014,18.375,-77.72500610351562,2945.083488702774,0.0011496350129335904,2014,2015
JAM,Jamaica,2014,18.375,-77.67500305175781,1151.3191031813622,0.0004494258845814934,2014,2015
JAM,Jamaica,2014,18.375,-77.62500762939453,859.1752522886553,0.0003353853824742196,2014,2015
JAM,Jamaica,2014,18.375,-77.57500457763672,73.88084173202515,2.883993026545851e-05,2014,2015
JAM,Jamaica,2014,18.375,-77.5250015258789,166.2063086926937,6.487985572447492e-05,2014,2015
JAM,Jamaica,2014,18.375,-77.47500610351562,1282.9581188857555,0.0005008121431043528,2014,2015
JAM,Jamaica,2014,18.375,-77.42500305175781,2082.791310250759,0.00081303291539378,2014,2015
JAM,Jamaica,2014,18.375,-77.37500762939453,12942.736834049225,0.005052292569866059,2014,2015
JAM,Jamaica,2014,18.375,-77.32500457763672,2893.3673310875893,0.0011294472302249253,2014,2015
JAM,Jamaica,2014,18.375,-77.2750015258789,4358.765266240057,0.0017014760981990263,2014,2015
JAM,Jamaica,2014,18.375,-77.22500610351562,2490.153722047806,0.0009720498306531967,2014,2015
JAM,Jamaica,2014,18.375,-77.17500305175781,2317.529034614563,0.0009046645135539564,2014,2015
JAM,Jamaica,2014,18.375,-77.12500762939453,5033.2303209305755,0.001964758495742848,2014,2015
JAM,Jamaica,2014,18.375,-77.07500457763672,10580.49174785614,0.004130172816509221,2014,2015
JAM,Jamaica,2014,18.375,-77.0250015258789,6508.1040897369385,0.002540486325117208,2014,2015
JAM,Jamaica,2014,18.375,-76.97500610351562,4823.888867616798,0.0018830405188803557,2014,2015
JAM,Jamaica,2014,18.375,-76.92500305175781,8364.89543914858,0.0032652984926446137,2014,2015
JAM,Jamaica,2014,18.42499542236328,-78.22500610351562,3201.491738215089,0.0012497258600607153,2014,2015
JAM,Jamaica,2014,18.42499542236328,-78.17500305175781,12046.77025771141,0.004702545423298785,2014,2015
JAM,Jamaica,2014,18.42499542236328,-78.12500762939453,2416.657140374195,0.0009433598991293425,2014,2015
JAM,Jamaica,2014,18.42499542236328,-78.07500457763672,7734.557563602924,0.0030192414642156323,2014,2015
JAM,Jamaica,2014,18.42499542236328,-78.0250015258789,6002.714305192492,0.0023432037035141175,2014,2015
JAM,Jamaica,2014,18.42499542236328,-77.97500610351562,4567.470498621464,0.001782945721538564,2014,2015
JAM,Jamaica,2014,18.42499542236328,-77.92500305175781,18430.745000243187,0.007194576944256094,2014,2015
JAM,Jamaica,2014,18.42499542236328,-77.87500762939453,13583.115226865571,0.00530226898810067,2014,2015
JAM,Jamaica,2014,18.42499542236328,-77.82500457763672,3528.4729647636414,0.0013773653881264422,2014,2015
JAM,Jamaica,2014,18.42499542236328,-77.7750015258789,4310.284405201682,0.00168255123731794,2014,2015
JAM,Jamaica,2014,18.42499542236328,-77.72500610351562,6149.492249846458,0.0024004995543611012,2014,2015
JAM,Jamaica,2014,18.42499542236328,-77.67500305175781,580.167842806345,0.00022647278694367743,2014,2015
JAM,Jamaica,2014,18.42499542236328,-77.62500762939453,1281.6299357862163,0.0005002936770572359,2014,2015
JAM,Jamaica,2014,18.42499542236328,-77.57500457763672,1957.319695204515,0.0007640541471042522,2014,2015
JAM,Jamaica,2014,18.42499542236328,-77.5250015258789,3155.03801727305,0.0012315923082341295,2014,2015
JAM,Jamaica,2014,18.42499542236328,-77.47500610351562,3746.668511390686,0.0014625396254717897,2014,2015
JAM,Jamaica,2014,18.42499542236328,-77.42500305175781,3513.807277381429,0.0013716405291307617,2014,2015
JAM,Jamaica,2014,18.42499542236328,-77.37500762939453,4746.679809570322,0.0018529013948839258,2014,2015
JAM,Jamaica,2014,18.42499542236328,-77.32500457763672,5477.047981143002,0.002138005985498464,2014,2015
JAM,Jamaica,2014,18.42499542236328,-77.2750015258789,4053.4628784656525,0.001582299064385196,2014,2015
JAM,Jamaica,2014,18.42499542236328,-77.22500610351562,14631.641464471817,0.005711568921143525,2014,2015
JAM,Jamaica,2014,18.42499542236328,-77.17500305175781,14582.488421499736,0.005692381669097974,2014,2015
JAM,Jamaica,2014,18.474998474121094,-77.92500305175781,49917.11043548584,0.01948551140272914,2014,2015
JAM,Jamaica,2014,18.474998474121094,-77.87500762939453,43568.309019088745,0.017007210048471985,2014,2015
JAM,Jamaica,2014,18.474998474121094,-77.82500457763672,2075.3345350027084,0.0008101221083006637,2014,2015
JAM,Jamaica,2014,18.474998474121094,-77.7750015258789,4907.046035587788,0.0019155015313584633,2014,2015
JAM,Jamaica,2014,18.474998474121094,-77.72500610351562,3820.080317736283,0.001491196464322485,2014,2015
JAM,Jamaica,2014,18.474998474121094,-77.67500305175781,10944.55791664136,0.004272288724688257,2014,2015
JAM,Jamaica,2014,18.474998474121094,-77.62500762939453,8639.499380111694,0.0033724921618331904,2014,2015
JAM,Jamaica,2014,18.474998474121094,-77.57500457763672,4201.228988587856,0.0016399806528946995,2014,2015
JAM,Jamaica,2014,18.474998474121094,-77.5250015258789,5201.913738787174,0.002030605309258709,2014,2015
JAM,Jamaica,2014,18.474998474121094,-77.47500610351562,1052.5714502632618,0.0004108790115725839,2014,2015
JAM,Jamaica,2015,17.724998474121094,-77.22500610351562,37.25282335296532,1.4541913742507582e-05,2015,2015
JAM,Jamaica,2015,17.724998474121094,-77.17500305175781,32.723720908220024,1.2773945273153332e-05,2015,2015
JAM,Jamaica,2015,17.774993896484375,-77.2750015258789,2872.108346313318,0.0011211486290716218,2015,2015
JAM,Jamaica,2015,17.774993896484375,-77.22500610351562,4467.529142856627,0.0017439328778388707,2015,2015
JAM,Jamaica,2015,17.824996948242188,-77.32500457763672,782.8450663687883,0.000305589332680106,2015,2015
JAM,Jamaica,2015,17.824996948242188,-77.2750015258789,6733.9551615715845,0.0026286489530650005,2015,2015
JAM,Jamaica,2015,17.824996948242188,-77.22500610351562,4500.335195705295,0.0017567389619908655,2015,2015
JAM,Jamaica,2015,17.824996948242188,-77.17500305175781,1337.5758312941307,0.0005221325690793268,2015,2015
JAM,Jamaica,2015,17.875,-77.72500610351562,3386.7889660001156,0.0013220579965445706,2015,2015
JAM,Jamaica,2015,17.875,-77.67500305175781,6254.112588763237,0.0024413388735671877,2015,2015
JAM,Jamaica,2015,17.875,-77.62500762939453,6811.496182441711,0.002658917661192585,2015,2015
JAM,Jamaica,2015,17.875,-77.57500457763672,7793.393462181091,0.0030422084902039736,2015,2015
JAM,Jamaica,2015,17.875,-77.5250015258789,3077.5111001729965,0.001201329105616984,2015,2015
JAM,Jamaica,2015,17.875,-77.47500610351562,2019.0539751648903,0.0007881525775945719,2015,2015
JAM,Jamaica,2015,17.875,-77.42500305175781,399.28233566880226,0.0001558627980807929,2015,2015
JAM,Jamaica,2015,17.875,-77.37500762939453,2982.2755010724363,0.0011641531886612524,2015,2015
JAM,Jamaica,2015,17.875,-77.32500457763672,4491.612653493881,0.0017533340534487145,2015,2015
JAM,Jamaica,2015,17.875,-77.2750015258789,2482.307016670704,0.0009689868114646765,2015,2015
JAM,Jamaica,2015,17.875,-77.22500610351562,10273.295089721683,0.004010256340320249,2015,2015
JAM,Jamaica,2015,17.875,-77.17500305175781,563.1533727645874,0.0002198310633519534,2015,2015
JAM,Jamaica,2015,17.875,-77.0250015258789,8.879753857853213,3.4662772652726126e-06,2015,2015
JAM,Jamaica,2015,17.875,-76.97500610351562,3.279618024856661,1.2802230309892036e-06,2015,2015
JAM,Jamaica,2015,17.875,-76.92500305175781,3195.7405979635796,0.0012474808601404112,2015,2015
JAM,Jamaica,2015,17.875,-76.57500457763672,11160.83635520958,0.0043567146047946825,2015,2015
JAM,Jamaica,2015,17.875,-76.5250015258789,1720.2556212246418,0.0006715144412516395,2015,2015
JAM,Jamaica,2015,17.875,-76.47500610351562,3135.06047648248,0.0012237939281701182,2015,2015
JAM,Jamaica,2015,17.875,-76.42500305175781,7664.432469070079,0.002991867617508235,2015,2015
JAM,Jamaica,2015,17.875,-76.37500762939453,10348.328077375889,0.00403954601922517,2015,2015
JAM,Jamaica,2015,17.92499542236328,-77.7750015258789,2946.988478243351,0.0011503786396197336,2015,2015
JAM,Jamaica,2015,17.92499542236328,-77.72500610351562,3677.5523229837418,0.0014355596126952633,2015,2015
JAM,Jamaica,2015,17.92499542236328,-77.67500305175781,4508.124064922333,0.0017597794044086836,2015,2015
JAM,Jamaica,2015,17.92499542236328,-77.62500762939453,8277.670184135437,0.003231249472452205,2015,2015
JAM,Jamaica,2015,17.92499542236328,-77.57500457763672,8711.530037879944,0.003400609859172729,2015,2015
JAM,Jamaica,2015,17.92499542236328,-77.5250015258789,2894.978051662445,0.0011300759868547493,2015,2015
JAM,Jamaica,2015,17.92499542236328,-77.47500610351562,3420.008719444275,0.0013350255717684732,2015,2015
JAM,Jamaica,2015,17.92499542236328,-77.42500305175781,5296.849600315094,0.0020676642214471665,2015,2015
JAM,Jamaica,2015,17.92499542236328,-77.37500762939453,1533.131218135357,0.0005984690534414295,2015,2015
JAM,Jamaica,2015,17.92499542236328,-77.32500457763672,3186.089334487915,0.0012437134184182213,2015,2015
JAM,Jamaica,2015,17.92499542236328,-77.2750015258789,2686.602597236877,0.0010487350947671371,2015,2015
JAM,Jamaica,2015,17.92499542236328,-77.22500610351562,16382.214745163918,0.006394918083878508,2015,2015
JAM,Jamaica,2015,17.92499542236328,-77.17500305175781,21507.020120620902,0.00839542357606431,2015,2015
JAM,Jamaica,2015,17.92499542236328,-77.12500762939453,27331.380294680625,0.010669005431967617,2015,2015
JAM,Jamaica,2015,17.92499542236328,-77.07500457763672,11773.991279602296,0.004596064141790323,2015,2015
JAM,Jamaica,2015,17.92499542236328,-77.0250015258789,657.3043057919134,0.0002565835729238487,2015,2015
JAM,Jamaica,2015,17.92499542236328,-76.97500610351562,1229.8702009916306,0.0004800888836759036,2015,2015
JAM,Jamaica,2015,17.92499542236328,-76.92500305175781,37883.45784521103,0.014788086557448255,2015,2015
JAM,Jamaica,2015,17.92499542236328,-76.62500762939453,2744.2979559898376,0.0010712569026413796,2015,2015
JAM,Jamaica,2015,17.92499542236328,-76.57500457763672,3113.8665415346622,0.0012155207196952779,2015,2015
JAM,Jamaica,2015,17.92499542236328,-76.5250015258789,1550.9894043803215,0.0006054401278620543,2015,2015
JAM,Jamaica,2015,17.92499542236328,-76.47500610351562,6492.041020393548,0.00253421598778953,2015,2015
JAM,Jamaica,2015,17.92499542236328,-76.42500305175781,5403.5474314690455,0.002109314505036474,2015,2015
JAM,Jamaica,2015,17.92499542236328,-76.37500762939453,2983.7575629353523,0.0011647317224160601,2015,2015
JAM,Jamaica,2015,17.92499542236328,-76.32500457763672,2717.966880828201,0.0010609783736794257,2015,2015
JAM,Jamaica,2015,17.92499542236328,-76.2750015258789,5260.613334923983,0.0020535191285860044,2015,2015
JAM,Jamaica,2015,17.92499542236328,-76.22500610351562,1046.057366401007,0.00040833619099925865,2015,2015
JAM,Jamaica,2015,17.974998474121094,-77.82500457763672,1743.0253016352654,0.0006804027535639302,2015,2015
JAM,Jamaica,2015,17.974998474121094,-77.7750015258789,3171.5928962828475,0.0012380546270843585,2015,2015
JAM,Jamaica,2015,17.974998474121094,-77.72500610351562,4074.59511500597,0.001590548188432625,2015,2015
JAM,Jamaica,2015,17.974998474121094,-77.67500305175781,2871.9228999614716,0.001121076238723463,2015,2015
JAM,Jamaica,2015,17.974998474121094,-77.62500762939453,3527.836991786957,0.0013771171313948143,2015,2015
JAM,Jamaica,2015,17.974998474121094,-77.57500457763672,6822.9962792396545,0.0026634068086078466,2015,2015
JAM,Jamaica,2015,17.974998474121094,-77.5250015258789,7615.111698150635,0.002972614891624106,2015,2015
JAM,Jamaica,2015,17.974998474121094,-77.47500610351562,7303.96382522583,0.0028511560296643973,2015,2015
JAM,Jamaica,2015,17.974998474121094,-77.42500305175781,3141.621869325655,0.0012263552161522963,2015,2015
JAM,Jamaica,2015,17.974998474121094,-77.37500762939453,2506.170512288809,0.0009783021025926862,2015,2015
JAM,Jamaica,2015,17.974998474121094,-77.32500457763672,7943.978297472,0.0031009903888263176,2015,2015
JAM,Jamaica,2015,17.974998474121094,-77.2750015258789,23560.999534606934,0.009197209555721973,2015,2015
JAM,Jamaica,2015,17.974998474121094,-77.22500610351562,32934.7033816576,0.012856303834297556,2015,2015
JAM,Jamaica,2015,17.974998474121094,-77.17500305175781,3862.6260957718164,0.001507804521876634,2015,2015
JAM,Jamaica,2015,17.974998474121094,-77.12500762939453,10877.242417395122,0.0042460116241770365,2015,2015
JAM,Jamaica,2015,17.974998474121094,-77.07500457763672,3330.2643093174165,0.0012999931808387502,2015,2015
JAM,Jamaica,2015,17.974998474121094,-77.0250015258789,4189.095424473286,0.0016352442268506523,2015,2015
JAM,Jamaica,2015,17.974998474121094,-76.97500610351562,55943.26543241739,0.021837865352765634,2015,2015
JAM,Jamaica,2015,17.974998474121094,-76.92500305175781,50207.45789241791,0.01959885066923406,2015,2015
JAM,Jamaica,2015,17.974998474121094,-76.87500762939453,131112.0196158886,0.05118054172150276,2015,2015
JAM,Jamaica,2015,17.974998474121094,-76.7750015258789,132005.9269117117,0.0515294850127667,2015,2015
JAM,Jamaica,2015,17.974998474121094,-76.72500610351562,26517.37609457972,0.010351252902132478,2015,2015
JAM,Jamaica,2015,17.974998474121094,-76.67500305175781,2310.01426172274,0.0009017310666537841,2015,2015
JAM,Jamaica,2015,17.974998474121094,-76.62500762939453,1440.882320404289,0.0005624590173446671,2015,2015
JAM,Jamaica,2015,17.974998474121094,-76.57500457763672,1862.6867088079453,0.0007271134644522011,2015,2015
JAM,Jamaica,2015,17.974998474121094,-76.5250015258789,3302.0119148499234,0.0012889646507466038,2015,2015
JAM,Jamaica,2015,17.974998474121094,-76.47500610351562,1404.0370185375468,0.0005480761826132919,2015,2015
JAM,Jamaica,2015,17.974998474121094,-76.42500305175781,1408.0425560475078,0.0005496397736573944,2015,2015
JAM,Jamaica,2015,17.974998474121094,-76.37500762939453,1252.0490500928295,0.0004887465606385828,2015,2015
JAM,Jamaica,2015,17.974998474121094,-76.32500457763672,847.0189888482618,0.0003306400955812913,2015,2015
JAM,Jamaica,2015,17.974998474121094,-76.2750015258789,2402.0535790922672,0.0009376592915140995,2015,2015
JAM,Jamaica,2015,18.024993896484375,-77.82500457763672,1944.3338215351182,0.0007589850157532606,2015,2015
JAM,Jamaica,2015,18.024993896484375,-77.7750015258789,3687.562673717953,0.0014394672267713804,2015,2015
JAM,Jamaica,2015,18.024993896484375,-77.72500610351562,4827.434100151062,0.0018844244264897717,2015,2015
JAM,Jamaica,2015,18.024993896484375,-77.67500305175781,5825.073078632355,0.0022738601434495586,2015,2015
JAM,Jamaica,2015,18.024993896484375,-77.62500762939453,3277.1519998908043,0.0012792603999960952,2015,2015
JAM,Jamaica,2015,18.024993896484375,-77.57500457763672,5741.18874168396,0.002241115275209823,2015,2015
JAM,Jamaica,2015,18.024993896484375,-77.5250015258789,27300.973915100098,0.01065713607793524,2015,2015
JAM,Jamaica,2015,18.024993896484375,-77.47500610351562,16058.532822012901,0.006268566463173862,2015,2015
JAM,Jamaica,2015,18.024993896484375,-77.42500305175781,7152.399000167847,0.0027919915848246477,2015,2015
JAM,Jamaica,2015,18.024993896484375,-77.37500762939453,5199.399606227875,0.0020296238991124723,2015,2015
JAM,Jamaica,2015,18.024993896484375,-77.32500457763672,4047.8562272787094,0.0015801104668345526,2015,2015
JAM,Jamaica,2015,18.024993896484375,-77.2750015258789,1188.449056118744,0.0004639198349530642,2015,2015
JAM,Jamaica,2015,18.024993896484375,-77.22500610351562,2752.3998178243637,0.0010744195240307733,2015,2015
JAM,Jamaica,2015,18.024993896484375,-77.17500305175781,3054.1369990110397,0.0011922048532164269,2015,2015
JAM,Jamaica,2015,18.024993896484375,-77.12500762939453,3552.553558051595,0.0013867654249275173,2015,2015
JAM,Jamaica,2015,18.024993896484375,-77.07500457763672,4456.663898527958,0.0017396915497569227,2015,2015
JAM,Jamaica,2015,18.024993896484375,-77.0250015258789,12908.620754987001,0.005038975107341009,2015,2015
JAM,Jamaica,2015,18.024993896484375,-76.97500610351562,68851.36805057526,0.026876638201582374,2015,2015
JAM,Jamaica,2015,18.024993896484375,-76.92500305175781,21772.016379833854,0.008498866815977968,2015,2015
JAM,Jamaica,2015,18.024993896484375,-76.87500762939453,18716.538140417113,0.007306138399698875,2015,2015
JAM,Jamaica,2015,18.024993896484375,-76.82500457763672,213359.7537841797,0.08328655002212672,2015,2015
JAM,Jamaica,2015,18.024993896484375,-76.7750015258789,80815.8085861206,0.03154704561196225,2015,2015
JAM,Jamaica,2015,18.024993896484375,-76.72500610351562,23586.476266860962,0.00920715458564276,2015,2015
JAM,Jamaica,2015,18.024993896484375,-76.67500305175781,7080.929918766022,0.0027640931029524313,2015,2015
JAM,Jamaica,2015,18.024993896484375,-76.62500762939453,3160.290864646435,0.0012336427958624782,2015,2015
JAM,Jamaica,2015,18.024993896484375,-76.57500457763672,321.131494164482,0.00012535604198092955,2015,2015
JAM,Jamaica,2015,18.024993896484375,-76.5250015258789,12.716045051822269,4.963801764429769e-06,2015,2015
JAM,Jamaica,2015,18.024993896484375,-76.47500610351562,0.0,0.0,2015,2015
JAM,Jamaica,2015,18.024993896484375,-76.42500305175781,282.9625854494288,0.00011045652757578132,2015,2015
JAM,Jamaica,2015,18.024993896484375,-76.37500762939453,196.20182874798775,7.658882771762779e-05,2015,2015
JAM,Jamaica,2015,18.024993896484375,-76.32500457763672,595.8416051864624,0.00023259115543329916,2015,2015
JAM,Jamaica,2015,18.024993896484375,-76.2750015258789,4987.002027511616,0.001946712941208836,2015,2015
JAM,Jamaica,2015,18.074996948242188,-77.97500610351562,3850.3797376155853,0.0015030240658483638,2015,2015
JAM,Jamaica,2015,18.074996948242188,-77.92500305175781,2937.7323222757814,0.0011467654310209582,2015,2015
JAM,Jamaica,2015,18.074996948242188,-77.87500762939453,5138.363800048828,0.002005798123002822,2015,2015
JAM,Jamaica,2015,18.074996948242188,-77.82500457763672,1016.2765542268877,0.00039671103180757584,2015,2015
JAM,Jamaica,2015,18.074996948242188,-77.7750015258789,4980.63054072858,0.001944225784454768,2015,2015
JAM,Jamaica,2015,18.074996948242188,-77.72500610351562,4176.773107588291,0.0016304341197736227,2015,2015
JAM,Jamaica,2015,18.074996948242188,-77.67500305175781,4754.5580460727215,0.0018559767224792462,2015,2015
JAM,Jamaica,2015,18.074996948242188,-77.62500762939453,1733.8478590846062,0.0006768202713267046,2015,2015
JAM,Jamaica,2015,18.074996948242188,-77.57500457763672,3090.1998929977417,0.0012062822692740227,2015,2015
JAM,Jamaica,2015,18.074996948242188,-77.5250015258789,11286.097254276368,0.004405611118550953,2015,2015
JAM,Jamaica,2015,18.074996948242188,-77.47500610351562,10831.245708465576,0.004228056470352717,2015,2015
JAM,Jamaica,2015,18.074996948242188,-77.42500305175781,4006.0844094753265,0.0015638045303526622,2015,2015
JAM,Jamaica,2015,18.074996948242188,-77.37500762939453,3721.6975351572037,0.001452792021135524,2015,2015
JAM,Jamaica,2015,18.074996948242188,-77.32500457763672,3306.8131588101387,0.0012908388516592343,2015,2015
JAM,Jamaica,2015,18.074996948242188,-77.2750015258789,7471.016190588658,0.0029163661498362616,2015,2015
JAM,Jamaica,2015,18.074996948242188,-77.22500610351562,3155.535576224327,0.0012317865340323389,2015,2015
JAM,Jamaica,2015,18.074996948242188,-77.17500305175781,3015.2239071130753,0.0011770148414293224,2015,2015
JAM,Jamaica,2015,18.074996948242188,-77.12500762939453,4788.171778678894,0.0018690980903683667,2015,2015
JAM,Jamaica,2015,18.074996948242188,-77.07500457763672,2939.8488038778305,0.0011475916151896853,2015,2015
JAM,Jamaica,2015,18.074996948242188,-77.0250015258789,1992.6495432257652,0.0007778454132746867,2015,2015
JAM,Jamaica,2015,18.074996948242188,-76.97500610351562,1749.8922638299207,0.0006830833227911695,2015,2015
JAM,Jamaica,2015,18.074996948242188,-76.92500305175781,3386.793187767267,0.0013220596445424465,2015,2015
JAM,Jamaica,2015,18.074996948242188,-76.87500762939453,11947.552815198898,0.004663815164464475,2015,2015
JAM,Jamaica,2015,18.074996948242188,-76.82500457763672,28589.824726104736,0.011160248476773018,2015,2015
JAM,Jamaica,2015,18.074996948242188,-76.7750015258789,16741.63724960387,0.0065352213035072505,2015,2015
JAM,Jamaica,2015,18.074996948242188,-76.72500610351562,5527.171629905766,0.0021575721206571795,2015,2015
JAM,Jamaica,2015,18.074996948242188,-76.67500305175781,4888.974880218804,0.00190844732287302,2015,2015
JAM,Jamaica,2015,18.074996948242188,-76.62500762939453,379.8402948379663,0.0001482734543668534,2015,2015
JAM,Jamaica,2015,18.074996948242188,-76.57500457763672,18.035227358341217,7.0401837220918836e-06,2015,2015
JAM,Jamaica,2015,18.074996948242188,-76.5250015258789,1.2353800535202026,4.822396951579024e-07,2015,2015
JAM,Jamaica,2015,18.074996948242188,-76.47500610351562,343.21589839458466,0.00013397685169314858,2015,2015
JAM,Jamaica,2015,18.074996948242188,-76.42500305175781,2127.7310907244682,0.0008305754894173374,2015,2015
JAM,Jamaica,2015,18.074996948242188,-76.37500762939453,1.375702977180481,5.370157810569546e-07,2015,2015
JAM,Jamaica,2015,18.074996948242188,-76.32500457763672,823.782040089516,0.0003215693816306438,2015,2015
JAM,Jamaica,2015,18.125,-78.0250015258789,1086.3566074371836,0.0004240672963032532,2015,2015
JAM,Jamaica,2015,18.125,-77.97500610351562,4059.871194124222,0.0015848005975618556,2015,2015
JAM,Jamaica,2015,18.125,-77.92500305175781,2409.122631788254,0.0009404187482557344,2015,2015
JAM,Jamaica,2015,18.125,-77.87500762939453,3314.623690366745,0.0012938877501307178,2015,2015
JAM,Jamaica,2015,18.125,-77.82500457763672,3483.002028644085,0.0013596154735877088,2015,2015
JAM,Jamaica,2015,18.125,-77.7750015258789,3079.0873334407806,0.0012019443998726974,2015,2015
JAM,Jamaica,2015,18.125,-77.72500610351562,1997.503375232382,0.0007797401423182298,2015,2015
JAM,Jamaica,2015,18.125,-77.67500305175781,910.4529508054353,0.00035540200944716467,2015,2015
JAM,Jamaica,2015,18.125,-77.62500762939453,2313.190209031105,0.0009029708210576692,2015,2015
JAM,Jamaica,2015,18.125,-77.57500457763672,3173.6743209958076,0.001238867126538443,2015,2015
JAM,Jamaica,2015,18.125,-77.5250015258789,4909.338473320067,0.0019163964012975019,2015,2015
JAM,Jamaica,2015,18.125,-77.47500610351562,9300.222560286522,0.0036304103175321956,2015,2015
JAM,Jamaica,2015,18.125,-77.42500305175781,5065.999526381493,0.0019775501962419678,2015,2015
JAM,Jamaica,2015,18.125,-77.37500762939453,4895.9724115135095,0.0019111788607093327,2015,2015
JAM,Jamaica,2015,18.125,-77.32500457763672,5215.0324639081955,0.0020357263001515072,2015,2015
JAM,Jamaica,2015,18.125,-77.2750015258789,5140.837053775787,0.0020067635757960237,2015,2015
JAM,Jamaica,2015,18.125,-77.22500610351562,4181.0271885407665,0.001632094731579563,2015,2015
JAM,Jamaica,2015,18.125,-77.17500305175781,1922.4907034635544,0.0007504583938686724,2015,2015
JAM,Jamaica,2015,18.125,-77.12500762939453,2424.8122565299273,0.0009465433087349221,2015,2015
JAM,Jamaica,2015,18.125,-77.07500457763672,2909.1824957729855,0.0011356207961450043,2015,2015
JAM,Jamaica,2015,18.125,-77.0250015258789,17934.782685279846,0.007000974404781534,2015,2015
JAM,Jamaica,2015,18.125,-76.97500610351562,5008.344045042992,0.001955043954809921,2015,2015
JAM,Jamaica,2015,18.125,-76.92500305175781,2802.927964001894,0.0010941435577320733,2015,2015
JAM,Jamaica,2015,18.125,-76.87500762939453,12743.135047912598,0.004974376543761202,2015,2015
JAM,Jamaica,2015,18.125,-76.82500457763672,15766.188570737839,0.006154447733302572,2015,2015
JAM,Jamaica,2015,18.125,-76.7750015258789,3681.0645376443863,0.0014369306315347307,2015,2015
JAM,Jamaica,2015,18.125,-76.72500610351562,1260.1870017651704,0.0004919232699617558,2015,2015
JAM,Jamaica,2015,18.125,-76.67500305175781,272.4658896923065,0.00010635906514091685,2015,2015
JAM,Jamaica,2015,18.125,-76.62500762939453,203.9064043762364,7.959636551273828e-05,2015,2015
JAM,Jamaica,2015,18.125,-76.57500457763672,187.4562919139862,7.31749430553301e-05,2015,2015
JAM,Jamaica,2015,18.125,-76.5250015258789,1331.6091477871166,0.0005198034302630353,2015,2015
JAM,Jamaica,2015,18.125,-76.47500610351562,2747.9163507227645,0.0010726693696534505,2015,2015
JAM,Jamaica,2015,18.125,-76.42500305175781,1308.2166427373886,0.0005106719937694509,2015,2015
JAM,Jamaica,2015,18.125,-76.37500762939453,903.9423410892487,0.0003528605450323237,2015,2015
JAM,Jamaica,2015,18.17499542236328,-78.0250015258789,3165.5393142700195,0.0012356915667968292,2015,2015
JAM,Jamaica,2015,18.17499542236328,-77.97500610351562,3168.678978919983,0.001236917157998,2015,2015
JAM,Jamaica,2015,18.17499542236328,-77.92500305175781,4011.6288945674896,0.0015659688609107227,2015,2015
JAM,Jamaica,2015,18.17499542236328,-77.87500762939453,3320.21787750721,0.0012960714822490946,2015,2015
JAM,Jamaica,2015,18.17499542236328,-77.82500457763672,702.2933917045781,0.0002741453936883454,2015,2015
JAM,Jamaica,2015,18.17499542236328,-77.7750015258789,2998.3154708744905,0.0011704145089129784,2015,2015
JAM,Jamaica,2015,18.17499542236328,-77.72500610351562,5126.696618974209,0.002001243753010572,2015,2015
JAM,Jamaica,2015,18.17499542236328,-77.67500305175781,2155.636859089449,0.0008414687114595171,2015,2015
JAM,Jamaica,2015,18.17499542236328,-77.62500762939453,4460.6405210494995,0.001741243853622508,2015,2015
JAM,Jamaica,2015,18.17499542236328,-77.57500457763672,3052.722190618515,0.0011916525723487104,2015,2015
JAM,Jamaica,2015,18.17499542236328,-77.5250015258789,6897.860792756081,0.00269263072239327,2015,2015
JAM,Jamaica,2015,18.17499542236328,-77.47500610351562,29441.10595703125,0.011492552369915754,2015,2015
JAM,Jamaica,2015,18.17499542236328,-77.42500305175781,8337.348487138748,0.0032545453372072263,2015,2015
JAM,Jamaica,2015,18.17499542236328,-77.37500762939453,5003.752392292023,0.001953251569368219,2015,2015
JAM,Jamaica,2015,18.17499542236328,-77.32500457763672,3894.0356826783654,0.001520065485271412,2015,2015
JAM,Jamaica,2015,18.17499542236328,-77.2750015258789,5329.977594375633,0.002080595977720408,2015,2015
JAM,Jamaica,2015,18.17499542236328,-77.22500610351562,4641.241324841976,0.00181174270643949,2015,2015
JAM,Jamaica,2015,18.17499542236328,-77.17500305175781,397.94500941072437,0.00015534076293445518,2015,2015
JAM,Jamaica,2015,18.17499542236328,-77.12500762939453,653.2399521470213,0.0002549970225686429,2015,2015
JAM,Jamaica,2015,18.17499542236328,-77.07500457763672,10272.415641784668,0.004009913041346103,2015,2015
JAM,Jamaica,2015,18.17499542236328,-77.0250015258789,13069.73504281044,0.005101867255246558,2015,2015
JAM,Jamaica,2015,18.17499542236328,-76.97500610351562,3122.0337935689495,0.0012187088666303603,2015,2015
JAM,Jamaica,2015,18.17499542236328,-76.92500305175781,2035.6309342384338,0.0007946235155601734,2015,2015
JAM,Jamaica,2015,18.17499542236328,-76.87500762939453,4215.572104811951,0.0016455795938649803,2015,2015
JAM,Jamaica,2015,18.17499542236328,-76.82500457763672,5044.217968195677,0.0019690476047118056,2015,2015
JAM,Jamaica,2015,18.17499542236328,-76.7750015258789,35.20541858691209,1.3742694225053877e-05,2015,2015
JAM,Jamaica,2015,18.17499542236328,-76.72500610351562,911.4114730358124,0.00035577617565363853,2015,2015
JAM,Jamaica,2015,18.17499542236328,-76.67500305175781,2058.2365587353825,0.0008034477874392597,2015,2015
JAM,Jamaica,2015,18.17499542236328,-76.62500762939453,2456.478136777878,0.0009589043181216004,2015,2015
JAM,Jamaica,2015,18.17499542236328,-76.57500457763672,3526.54194688797,0.00137661160108815,2015,2015
JAM,Jamaica,2015,18.17499542236328,-76.5250015258789,4217.786390006542,0.0016464439563858009,2015,2015
JAM,Jamaica,2015,18.17499542236328,-76.47500610351562,10986.265908122063,0.004288569746095386,2015,2015
JAM,Jamaica,2015,18.17499542236328,-76.42500305175781,11099.29676103592,0.004332692171333916,2015,2015
JAM,Jamaica,2015,18.224998474121094,-78.32500457763672,1714.9704136850075,0.000669451321594254,2015,2015
JAM,Jamaica,2015,18.224998474121094,-78.2750015258789,1897.4566927552223,0.0007406861835612731,2015,2015
JAM,Jamaica,2015,18.224998474121094,-78.22500610351562,5722.624983400106,0.0022338687755514533,2015,2015
JAM,Jamaica,2015,18.224998474121094,-78.17500305175781,2569.8585425913334,0.0010031631939068778,2015,2015
JAM,Jamaica,2015,18.224998474121094,-78.12500762939453,31718.7813038826,0.01238165970316468,2015,2015
JAM,Jamaica,2015,18.224998474121094,-78.07500457763672,3287.287734389305,0.0012832169585473123,2015,2015
JAM,Jamaica,2015,18.224998474121094,-78.0250015258789,1794.9849682451777,0.0007006855918006903,2015,2015
JAM,Jamaica,2015,18.224998474121094,-77.97500610351562,4139.638875961304,0.001615938499184077,2015,2015
JAM,Jamaica,2015,18.224998474121094,-77.92500305175781,2809.496814727783,0.001096707756953652,2015,2015
JAM,Jamaica,2015,18.224998474121094,-77.87500762939453,2585.898056864745,0.0010094243363396459,2015,2015
JAM,Jamaica,2015,18.224998474121094,-77.82500457763672,928.4259758293629,0.00036241791203026595,2015,2015
JAM,Jamaica,2015,18.224998474121094,-77.7750015258789,2040.2069007456303,0.000796409777761182,2015,2015
JAM,Jamaica,2015,18.224998474121094,-77.72500610351562,1091.8017982545662,0.0004261928666104382,2015,2015
JAM,Jamaica,2015,18.224998474121094,-77.67500305175781,565.9384661316886,0.000220918245043539,2015,2015
JAM,Jamaica,2015,18.224998474121094,-77.62500762939453,1661.1249838769436,0.0006484323618156045,2015,2015
JAM,Jamaica,2015,18.224998474121094,-77.57500457763672,2647.214574933215,0.0010333596904011154,2015,2015
JAM,Jamaica,2015,18.224998474121094,-77.5250015258789,5374.823352575302,0.0020981018494573758,2015,2015
JAM,Jamaica,2015,18.224998474121094,-77.47500610351562,5510.295352458954,0.0021509843415618633,2015,2015
JAM,Jamaica,2015,18.224998474121094,-77.42500305175781,2999.102029323578,0.0011707215477919299,2015,2015
JAM,Jamaica,2015,18.224998474121094,-77.37500762939453,3109.140193462372,0.001213675754943664,2015,2015
JAM,Jamaica,2015,18.224998474121094,-77.32500457763672,1098.1755421163107,0.0004286809044317903,2015,2015
JAM,Jamaica,2015,18.224998474121094,-77.2750015258789,781.0365877151489,0.0003048833797289105,2015,2015
JAM,Jamaica,2015,18.224998474121094,-77.22500610351562,1482.4800940752618,0.0005786970144186658,2015,2015
JAM,Jamaica,2015,18.224998474121094,-77.17500305175781,1016.902143478438,0.0003969552351756827,2015,2015
JAM,Jamaica,2015,18.224998474121094,-77.12500762939453,319.5615915663611,0.00012474321894870706,2015,2015
JAM,Jamaica,2015,18.224998474121094,-77.07500457763672,1048.8121374848683,0.0004094115361644374,2015,2015
JAM,Jamaica,2015,18.224998474121094,-77.0250015258789,3740.8646018505096,0.0014602740266713207,2015,2015
JAM,Jamaica,2015,18.224998474121094,-76.97500610351562,4075.4677126407623,0.001590888813340886,2015,2015
JAM,Jamaica,2015,18.224998474121094,-76.92500305175781,3030.010111987591,0.0011827867453150216,2015,2015
JAM,Jamaica,2015,18.224998474121094,-76.87500762939453,4209.7218544483185,0.001643295905583049,2015,2015
JAM,Jamaica,2015,18.224998474121094,-76.82500457763672,2207.902637243271,0.0008618710425901432,2015,2015
JAM,Jamaica,2015,18.224998474121094,-76.7750015258789,1918.1124982239983,0.0007487493292338292,2015,2015
JAM,Jamaica,2015,18.224998474121094,-76.72500610351562,2714.0036773085963,0.0010594313080199982,2015,2015
JAM,Jamaica,2015,18.224998474121094,-76.67500305175781,8372.77447748185,0.0032683741332405146,2015,2015
JAM,Jamaica,2015,18.224998474121094,-76.62500762939453,2487.023796320553,0.0009708280411121755,2015,2015
JAM,Jamaica,2015,18.274993896484375,-78.32500457763672,10916.31903886836,0.004261265470937277,2015,2015
JAM,Jamaica,2015,18.274993896484375,-78.2750015258789,2180.13681906553,0.0008510324511334578,2015,2015
JAM,Jamaica,2015,18.274993896484375,-78.22500610351562,2813.137803138108,0.001098129043573964,2015,2015
JAM,Jamaica,2015,18.274993896484375,-78.17500305175781,2633.550939768719,0.0010280259898628077,2015,2015
JAM,Jamaica,2015,18.274993896484375,-78.12500762939453,4552.583830833454,0.0017771346012152671,2015,2015
JAM,Jamaica,2015,18.274993896484375,-78.07500457763672,10955.058003485374,0.004276387510858845,2015,2015
JAM,Jamaica,2015,18.274993896484375,-78.0250015258789,4200.405325174332,0.0016396591298198215,2015,2015
JAM,Jamaica,2015,18.274993896484375,-77.97500610351562,4215.140975415707,0.0016454112993324384,2015,2015
JAM,Jamaica,2015,18.274993896484375,-77.92500305175781,5167.0558769106865,0.0020169982863532687,2015,2015
JAM,Jamaica,2015,18.274993896484375,-77.87500762939453,2348.6299627423396,0.0009168049897229944,2015,2015
JAM,Jamaica,2015,18.274993896484375,-77.82500457763672,869.5739732683285,0.00033944459973370215,2015,2015
JAM,Jamaica,2015,18.274993896484375,-77.7750015258789,23.020932763814926,8.986390517346272e-06,2015,2015
JAM,Jamaica,2015,18.274993896484375,-77.72500610351562,33.618502021093796,1.3123229665333492e-05,2015,2015
JAM,Jamaica,2015,18.274993896484375,-77.67500305175781,43.381960123928415,1.693446738588887e-05,2015,2015
JAM,Jamaica,2015,18.274993896484375,-77.62500762939453,1034.4381461143635,0.00040380054285354267,2015,2015
JAM,Jamaica,2015,18.274993896484375,-77.57500457763672,3706.0839977264404,0.001446697161898083,2015,2015
JAM,Jamaica,2015,18.274993896484375,-77.5250015258789,6309.876140832901,0.0024631065864862767,2015,2015
JAM,Jamaica,2015,18.274993896484375,-77.47500610351562,135.9617919921875,5.307368605847611e-05,2015,2015
JAM,Jamaica,2015,18.274993896484375,-77.42500305175781,432.33637005105976,0.00016876568364934157,2015,2015
JAM,Jamaica,2015,18.274993896484375,-77.37500762939453,2669.0009827019467,0.001041864175001657,2015,2015
JAM,Jamaica,2015,18.274993896484375,-77.32500457763672,2672.558784783304,0.0010432529892262813,2015,2015
JAM,Jamaica,2015,18.274993896484375,-77.2750015258789,1624.0184956789312,0.0006339475710777256,2015,2015
JAM,Jamaica,2015,18.274993896484375,-77.22500610351562,1317.2700949311256,0.0005142060754583965,2015,2015
JAM,Jamaica,2015,18.274993896484375,-77.17500305175781,887.6702960134355,0.0003465086324896242,2015,2015
JAM,Jamaica,2015,18.274993896484375,-77.12500762939453,4618.813044369221,0.0018029876621053372,2015,2015
JAM,Jamaica,2015,18.274993896484375,-77.07500457763672,1276.8472344279437,0.0004984267143857304,2015,2015
JAM,Jamaica,2015,18.274993896484375,-77.0250015258789,2939.758930757642,0.0011475565325558357,2015,2015
JAM,Jamaica,2015,18.274993896484375,-76.97500610351562,4346.392342567444,0.00169664623639003,2015,2015
JAM,Jamaica,2015,18.274993896484375,-76.92500305175781,3868.8436800243962,0.001510231601645357,2015,2015
JAM,Jamaica,2015,18.274993896484375,-76.87500762939453,9501.37095952034,0.0037089300754411976,2015,2015
JAM,Jamaica,2015,18.274993896484375,-76.82500457763672,2956.8238567710177,0.0011542179520073908,2015,2015
JAM,Jamaica,2015,18.274993896484375,-76.7750015258789,6309.091049104945,0.0024628001201527127,2015,2015
JAM,Jamaica,2015,18.324996948242188,-78.32500457763672,1118.3292827047408,0.00043654806538356535,2015,2015
JAM,Jamaica,2015,18.324996948242188,-78.2750015258789,2593.010409206152,0.0010122006954165167,2015,2015
JAM,Jamaica,2015,18.324996948242188,-78.22500610351562,1481.2005683779716,0.0005781975421465908,2015,2015
JAM,Jamaica,2015,18.324996948242188,-78.17500305175781,7862.1792469620705,0.0030690595274936363,2015,2015
JAM,Jamaica,2015,18.324996948242188,-78.12500762939453,3961.720260798931,0.0015464866584373091,2015,2015
JAM,Jamaica,2015,18.324996948242188,-78.07500457763672,3071.3367235064507,0.0011989188922474378,2015,2015
JAM,Jamaica,2015,18.324996948242188,-78.0250015258789,2538.021337911551,0.000990735306767443,2015,2015
JAM,Jamaica,2015,18.324996948242188,-77.97500610351562,4158.628134489059,0.001623351095993946,2015,2015
JAM,Jamaica,2015,18.324996948242188,-77.92500305175781,4591.1148364543915,0.001792175462812329,2015,2015
JAM,Jamaica,2015,18.324996948242188,-77.87500762939453,1229.3441937869102,0.00047988355289260953,2015,2015
JAM,Jamaica,2015,18.324996948242188,-77.82500457763672,2257.8181802630424,0.0008813559421406135,2015,2015
JAM,Jamaica,2015,18.324996948242188,-77.7750015258789,1170.9621360005583,0.00045709368699720635,2015,2015
JAM,Jamaica,2015,18.324996948242188,-77.72500610351562,0.8989480137825012,3.5091097261445786e-07,2015,2015
JAM,Jamaica,2015,18.324996948242188,-77.67500305175781,0.0,0.0,2015,2015
JAM,Jamaica,2015,18.324996948242188,-77.62500762939453,0.4943540096282959,1.9297472565137024e-07,2015,2015
JAM,Jamaica,2015,18.324996948242188,-77.57500457763672,456.64114475250244,0.00017825323131494223,2015,2015
JAM,Jamaica,2015,18.324996948242188,-77.5250015258789,1540.6795887054984,0.0006014156154425817,2015,2015
JAM,Jamaica,2015,18.324996948242188,-77.47500610351562,189.18924698233604,7.385141481922337e-05,2015,2015
JAM,Jamaica,2015,18.324996948242188,-77.42500305175781,2073.5125460773706,0.0008094108815154875,2015,2015
JAM,Jamaica,2015,18.324996948242188,-77.37500762939453,5409.0604157447815,0.0021114665390190254,2015,2015
JAM,Jamaica,2015,18.324996948242188,-77.32500457763672,2802.937780559253,0.0010941473896974793,2015,2015
JAM,Jamaica,2015,18.324996948242188,-77.2750015258789,1113.5294466020296,0.00043467441403847226,2015,2015
JAM,Jamaica,2015,18.324996948242188,-77.22500610351562,492.9337164163766,0.0001924203037440397,2015,2015
JAM,Jamaica,2015,18.324996948242188,-77.17500305175781,4858.612440466881,0.0018965951210760947,2015,2015
JAM,Jamaica,2015,18.324996948242188,-77.12500762939453,3760.2091400625077,0.0014678253095204668,2015,2015
JAM,Jamaica,2015,18.324996948242188,-77.07500457763672,2412.6226264238358,0.0009417849969184904,2015,2015
JAM,Jamaica,2015,18.324996948242188,-77.0250015258789,3147.741034448147,0.0012287438772893148,2015,2015
JAM,Jamaica,2015,18.324996948242188,-76.97500610351562,3964.501080751419,0.001547572171970052,2015,2015
JAM,Jamaica,2015,18.324996948242188,-76.92500305175781,5405.986257791519,0.002110266518838981,2015,2015
JAM,Jamaica,2015,18.324996948242188,-76.87500762939453,7694.861479282379,0.003003745805574266,2015,2015
JAM,Jamaica,2015,18.324996948242188,-76.82500457763672,2938.1663930418235,0.0011469348737388463,2015,2015
JAM,Jamaica,2015,18.375,-78.2750015258789,5332.706449270372,0.002081661206310443,2015,2015
JAM,Jamaica,2015,18.375,-78.22500610351562,4766.426508575678,0.0018606096641582946,2015,2015
JAM,Jamaica,2015,18.375,-78.17500305175781,2358.850486755371,0.0009207946464851819,2015,2015
JAM,Jamaica,2015,18.375,-78.12500762939453,2174.584545493126,0.0008488650802848191,2015,2015
JAM,Jamaica,2015,18.375,-78.07500457763672,1390.4499187171843,0.0005427723582097967,2015,2015
JAM,Jamaica,2015,18.375,-78.0250015258789,1853.3392190635473,0.0007234646030415077,2015,2015
JAM,Jamaica,2015,18.375,-77.97500610351562,2490.2924797534943,0.0009721039957447419,2015,2015
JAM,Jamaica,2015,18.375,-77.92500305175781,4097.872359275818,0.0015996346320325692,2015,2015
JAM,Jamaica,2015,18.375,-77.87500762939453,2337.9651798009872,0.000912641913218798,2015,2015
JAM,Jamaica,2015,18.375,-77.82500457763672,2754.7778052687645,0.0010753477889295059,2015,2015
JAM,Jamaica,2015,18.375,-77.7750015258789,337.52836060523987,0.00013175667946200623,2015,2015
JAM,Jamaica,2015,18.375,-77.72500610351562,2945.083488702774,0.0011496350129335904,2015,2015
JAM,Jamaica,2015,18.375,-77.67500305175781,1151.3191031813622,0.0004494258845814934,2015,2015
JAM,Jamaica,2015,18.375,-77.62500762939453,859.1752522886553,0.0003353853824742196,2015,2015
JAM,Jamaica,2015,18.375,-77.57500457763672,73.88084173202515,2.883993026545851e-05,2015,2015
JAM,Jamaica,2015,18.375,-77.5250015258789,166.2063086926937,6.487985572447492e-05,2015,2015
JAM,Jamaica,2015,18.375,-77.47500610351562,1282.9581188857555,0.0005008121431043528,2015,2015
JAM,Jamaica,2015,18.375,-77.42500305175781,2082.791310250759,0.00081303291539378,2015,2015
JAM,Jamaica,2015,18.375,-77.37500762939453,12942.736834049225,0.005052292569866059,2015,2015
JAM,Jamaica,2015,18.375,-77.32500457763672,2893.3673310875893,0.0011294472302249253,2015,2015
JAM,Jamaica,2015,18.375,-77.2750015258789,4358.765266240057,0.0017014760981990263,2015,2015
JAM,Jamaica,2015,18.375,-77.22500610351562,2490.153722047806,0.0009720498306531967,2015,2015
JAM,Jamaica,2015,18.375,-77.17500305175781,2317.529034614563,0.0009046645135539564,2015,2015
JAM,Jamaica,2015,18.375,-77.12500762939453,5033.2303209305755,0.001964758495742848,2015,2015
JAM,Jamaica,2015,18.375,-77.07500457763672,10580.49174785614,0.004130172816509221,2015,2015
JAM,Jamaica,2015,18.375,-77.0250015258789,6508.1040897369385,0.002540486325117208,2015,2015
JAM,Jamaica,2015,18.375,-76.97500610351562,4823.888867616798,0.0018830405188803557,2015,2015
JAM,Jamaica,2015,18.375,-76.92500305175781,8364.89543914858,0.0032652984926446137,2015,2015
JAM,Jamaica,2015,18.42499542236328,-78.22500610351562,3201.491738215089,0.0012497258600607153,2015,2015
JAM,Jamaica,2015,18.42499542236328,-78.17500305175781,12046.77025771141,0.004702545423298785,2015,2015
JAM,Jamaica,2015,18.42499542236328,-78.12500762939453,2416.657140374195,0.0009433598991293425,2015,2015
JAM,Jamaica,2015,18.42499542236328,-78.07500457763672,7734.557563602924,0.0030192414642156323,2015,2015
JAM,Jamaica,2015,18.42499542236328,-78.0250015258789,6002.714305192492,0.0023432037035141175,2015,2015
JAM,Jamaica,2015,18.42499542236328,-77.97500610351562,4567.470498621464,0.001782945721538564,2015,2015
JAM,Jamaica,2015,18.42499542236328,-77.92500305175781,18430.745000243187,0.007194576944256094,2015,2015
JAM,Jamaica,2015,18.42499542236328,-77.87500762939453,13583.115226865571,0.00530226898810067,2015,2015
JAM,Jamaica,2015,18.42499542236328,-77.82500457763672,3528.4729647636414,0.0013773653881264422,2015,2015
JAM,Jamaica,2015,18.42499542236328,-77.7750015258789,4310.284405201682,0.00168255123731794,2015,2015
JAM,Jamaica,2015,18.42499542236328,-77.72500610351562,6149.492249846458,0.0024004995543611012,2015,2015
JAM,Jamaica,2015,18.42499542236328,-77.67500305175781,580.167842806345,0.00022647278694367743,2015,2015
JAM,Jamaica,2015,18.42499542236328,-77.62500762939453,1281.6299357862163,0.0005002936770572359,2015,2015
JAM,Jamaica,2015,18.42499542236328,-77.57500457763672,1957.319695204515,0.0007640541471042522,2015,2015
JAM,Jamaica,2015,18.42499542236328,-77.5250015258789,3155.03801727305,0.0012315923082341295,2015,2015
JAM,Jamaica,2015,18.42499542236328,-77.47500610351562,3746.668511390686,0.0014625396254717897,2015,2015
JAM,Jamaica,2015,18.42499542236328,-77.42500305175781,3513.807277381429,0.0013716405291307617,2015,2015
JAM,Jamaica,2015,18.42499542236328,-77.37500762939453,4746.679809570322,0.0018529013948839258,2015,2015
JAM,Jamaica,2015,18.42499542236328,-77.32500457763672,5477.047981143002,0.002138005985498464,2015,2015
JAM,Jamaica,2015,18.42499542236328,-77.2750015258789,4053.4628784656525,0.001582299064385196,2015,2015
JAM,Jamaica,2015,18.42499542236328,-77.22500610351562,14631.641464471817,0.005711568921143525,2015,2015
JAM,Jamaica,2015,18.42499542236328,-77.17500305175781,14582.488421499736,0.005692381669097974,2015,2015
JAM,Jamaica,2015,18.474998474121094,-77.92500305175781,49917.11043548584,0.01948551140272914,2015,2015
JAM,Jamaica,2015,18.474998474121094,-77.87500762939453,43568.309019088745,0.017007210048471985,2015,2015
JAM,Jamaica,2015,18.474998474121094,-77.82500457763672,2075.3345350027084,0.0008101221083006637,2015,2015
JAM,Jamaica,2015,18.474998474121094,-77.7750015258789,4907.046035587788,0.0019155015313584633,2015,2015
JAM,Jamaica,2015,18.474998474121094,-77.72500610351562,3820.080317736283,0.001491196464322485,2015,2015
JAM,Jamaica,2015,18.474998474121094,-77.67500305175781,10944.55791664136,0.004272288724688257,2015,2015
JAM,Jamaica,2015,18.474998474121094,-77.62500762939453,8639.499380111694,0.0033724921618331904,2015,2015
JAM,Jamaica,2015,18.474998474121094,-77.57500457763672,4201.228988587856,0.0016399806528946995,2015,2015
JAM,Jamaica,2015,18.474998474121094,-77.5250015258789,5201.913738787174,0.002030605309258709,2015,2015
JAM,Jamaica,2015,18.474998474121094,-77.47500610351562,1052.5714502632618,0.0004108790115725839,2015,2015
JAM,Jamaica,2016,17.724998474121094,-77.22500610351562,37.352277994308395,1.453847561060881e-05,2016,2016
JAM,Jamaica,2016,17.724998474121094,-77.17500305175781,32.82289934163843,1.2775523935128978e-05,2016,2016
JAM,Jamaica,2016,17.774993896484375,-77.2750015258789,2880.8926295117344,0.0011213181492523998,2016,2016
JAM,Jamaica,2016,17.774993896484375,-77.22500610351562,4482.089509189158,0.0017445455140337478,2016,2016
JAM,Jamaica,2016,17.824996948242188,-77.32500457763672,785.0404796602426,0.000305558120675269,2016,2016
JAM,Jamaica,2016,17.824996948242188,-77.2750015258789,6753.453176379287,0.0026286191783842453,2016,2016
JAM,Jamaica,2016,17.824996948242188,-77.22500610351562,4513.359847276472,0.0017567167408512171,2016,2016
JAM,Jamaica,2016,17.824996948242188,-77.17500305175781,1341.9385744930025,0.0005223173065689459,2016,2016
JAM,Jamaica,2016,17.875,-77.72500610351562,3396.987481424876,0.0013221956544595332,2016,2016
JAM,Jamaica,2016,17.875,-77.67500305175781,6272.753935039043,0.002441518563066267,2016,2016
JAM,Jamaica,2016,17.875,-77.62500762939453,6832.240474045277,0.0026592852385832325,2016,2016
JAM,Jamaica,2016,17.875,-77.57500457763672,7815.997087478638,0.003042188833736261,2016,2016
JAM,Jamaica,2016,17.875,-77.5250015258789,3086.3665637373924,0.0012012939349812049,2016,2016
JAM,Jamaica,2016,17.875,-77.47500610351562,2024.998209476471,0.0007881818368477071,2016,2016
JAM,Jamaica,2016,17.875,-77.42500305175781,400.43919265270233,0.0001558613222144121,2016,2016
JAM,Jamaica,2016,17.875,-77.37500762939453,2991.0191476345362,0.0011641822470740532,2016,2016
JAM,Jamaica,2016,17.875,-77.32500457763672,4504.382973432541,0.0017532227086677079,2016,2016
JAM,Jamaica,2016,17.875,-77.2750015258789,2489.3263966739178,0.0009689104131855926,2016,2016
JAM,Jamaica,2016,17.875,-77.22500610351562,10303.801438808445,0.004010506827388112,2016,2016
JAM,Jamaica,2016,17.875,-77.17500305175781,565.0954961776733,0.00021994982715902508,2016,2016
JAM,Jamaica,2016,17.875,-77.0250015258789,8.901817768814364,3.4648184119242246e-06,2016,2016
JAM,Jamaica,2016,17.875,-76.97500610351562,3.2878370285341236,1.2797114665478638e-06,2016,2016
JAM,Jamaica,2016,17.875,-76.92500305175781,3207.410219431171,0.0012484072659644204,2016,2016
JAM,Jamaica,2016,17.875,-76.57500457763672,11193.917824745407,0.004356963216728534,2016,2016
JAM,Jamaica,2016,17.875,-76.5250015258789,1725.3187149465084,0.0006715388031112555,2016,2016
JAM,Jamaica,2016,17.875,-76.47500610351562,3143.8889905518004,0.0012236831557787084,2016,2016
JAM,Jamaica,2016,17.875,-76.42500305175781,7686.602206885936,0.002991824989369894,2016,2016
JAM,Jamaica,2016,17.875,-76.37500762939453,10379.921161293983,0.00404013459812303,2016,2016
JAM,Jamaica,2016,17.92499542236328,-77.7750015258789,2955.7009306550026,0.001150435480779227,2016,2016
JAM,Jamaica,2016,17.92499542236328,-77.72500610351562,3687.908960402012,0.0014354298413371265,2016,2016
JAM,Jamaica,2016,17.92499542236328,-77.67500305175781,4521.586013317108,0.0017599185780823718,2016,2016
JAM,Jamaica,2016,17.92499542236328,-77.62500762939453,8302.444814682007,0.00323152690888284,2016,2016
JAM,Jamaica,2016,17.92499542236328,-77.57500457763672,8738.5332736969,0.00340126385040009,2016,2016
JAM,Jamaica,2016,17.92499542236328,-77.5250015258789,2902.9829139709473,0.0011299162610433492,2016,2016
JAM,Jamaica,2016,17.92499542236328,-77.47500610351562,3429.6899909973145,0.0013349243195732658,2016,2016
JAM,Jamaica,2016,17.92499542236328,-77.42500305175781,5312.103866100311,0.0020676086344743995,2016,2016
JAM,Jamaica,2016,17.92499542236328,-77.37500762939453,1537.4843547344208,0.0005984287972049528,2016,2016
JAM,Jamaica,2016,17.92499542236328,-77.32500457763672,3195.266804099083,0.0012436807336853998,2016,2016
JAM,Jamaica,2016,17.92499542236328,-77.2750015258789,2694.482790231949,0.0010487626038487266,2016,2016
JAM,Jamaica,2016,17.92499542236328,-77.22500610351562,16429.439017653465,0.006394763888042816,2016,2016
JAM,Jamaica,2016,17.92499542236328,-77.17500305175781,21564.082126617606,0.0083933001920463,2016,2016
JAM,Jamaica,2016,17.92499542236328,-77.12500762939453,27411.38270640376,0.010669221271881735,2016,2016
JAM,Jamaica,2016,17.92499542236328,-77.07500457763672,11808.416560232887,0.004596142066275434,2016,2016
JAM,Jamaica,2016,17.92499542236328,-77.0250015258789,659.2444620133033,0.0002565950471312559,2016,2016
JAM,Jamaica,2016,17.92499542236328,-76.97500610351562,1234.584642291069,0.0004805323711157833,2016,2016
JAM,Jamaica,2016,17.92499542236328,-76.92500305175781,37989.387768507004,0.014786455263011224,2016,2016
JAM,Jamaica,2016,17.92499542236328,-76.62500762939453,2752.8727086782455,0.0010714894748943499,2016,2016
JAM,Jamaica,2016,17.92499542236328,-76.57500457763672,3122.9868774563074,0.0012155475111067739,2016,2016
JAM,Jamaica,2016,17.92499542236328,-76.5250015258789,1555.1418785452843,0.0006053015635542261,2016,2016
JAM,Jamaica,2016,17.92499542236328,-76.47500610351562,6510.77752602118,0.0025341635196274334,2016,2016
JAM,Jamaica,2016,17.92499542236328,-76.42500305175781,5419.4624931813105,0.002109395397296292,2016,2016
JAM,Jamaica,2016,17.92499542236328,-76.37500762939453,2991.9780995845795,0.0011645554960507173,2016,2016
JAM,Jamaica,2016,17.92499542236328,-76.32500457763672,2725.1814413965335,0.0010607113152848245,2016,2016
JAM,Jamaica,2016,17.92499542236328,-76.2750015258789,5275.680440381169,0.002053431692266129,2016,2016
JAM,Jamaica,2016,17.92499542236328,-76.22500610351562,1049.1560063958666,0.00040835873552435713,2016,2016
JAM,Jamaica,2016,17.974998474121094,-77.82500457763672,1748.0288434028625,0.0006803781742662573,2016,2016
JAM,Jamaica,2016,17.974998474121094,-77.7750015258789,3180.788960457023,0.0012380455813469971,2016,2016
JAM,Jamaica,2016,17.974998474121094,-77.72500610351562,4086.419049322605,0.0015905403063330343,2016,2016
JAM,Jamaica,2016,17.974998474121094,-77.67500305175781,2880.2570407390594,0.0011210707616132493,2016,2016
JAM,Jamaica,2016,17.974998474121094,-77.62500762939453,3537.4270000457764,0.0013768583584731068,2016,2016
JAM,Jamaica,2016,17.974998474121094,-77.57500457763672,6843.749806404114,0.0026637649693193027,2016,2016
JAM,Jamaica,2016,17.974998474121094,-77.5250015258789,7637.466972351074,0.002972700281393168,2016,2016
JAM,Jamaica,2016,17.974998474121094,-77.47500610351562,7325.938453674316,0.0028514453000642844,2016,2016
JAM,Jamaica,2016,17.974998474121094,-77.42500305175781,3150.234084725397,0.0012261528310393152,2016,2016
JAM,Jamaica,2016,17.974998474121094,-77.37500762939453,2513.776219666004,0.0009784269185861016,2016,2016
JAM,Jamaica,2016,17.974998474121094,-77.32500457763672,7967.739914894104,0.0031012510787699035,2016,2016
JAM,Jamaica,2016,17.974998474121094,-77.2750015258789,23631.732458114624,0.009198083341291364,2016,2016
JAM,Jamaica,2016,17.974998474121094,-77.22500610351562,33030.58140039444,0.012856359180209487,2016,2016
JAM,Jamaica,2016,17.974998474121094,-77.17500305175781,3873.958210468319,0.001507845036064292,2016,2016
JAM,Jamaica,2016,17.974998474121094,-77.12500762939453,10908.427997632069,0.004245843169667504,2016,2016
JAM,Jamaica,2016,17.974998474121094,-77.07500457763672,3340.7555688327034,0.0013003087352766185,2016,2016
JAM,Jamaica,2016,17.974998474121094,-77.0250015258789,4201.999732255936,0.001635527306594164,2016,2016
JAM,Jamaica,2016,17.974998474121094,-76.97500610351562,56100.62968784571,0.02183582047073065,2016,2016
JAM,Jamaica,2016,17.974998474121094,-76.92500305175781,50355.18930196762,0.019599546020882548,2016,2016
JAM,Jamaica,2016,17.974998474121094,-76.87500762939453,131491.13018536568,0.051179759089997716,2016,2016
JAM,Jamaica,2016,17.974998474121094,-76.7750015258789,132391.71261286736,0.05153028913423146,2016,2016
JAM,Jamaica,2016,17.974998474121094,-76.72500610351562,26594.274197340033,0.010351181442234555,2016,2016
JAM,Jamaica,2016,17.974998474121094,-76.67500305175781,2316.4528733493653,0.0009016235531189324,2016,2016
JAM,Jamaica,2016,17.974998474121094,-76.62500762939453,1444.7936505081636,0.0005623511704821882,2016,2016
JAM,Jamaica,2016,17.974998474121094,-76.57500457763672,1868.0483902692795,0.0007270928955258175,2016,2016
JAM,Jamaica,2016,17.974998474121094,-76.5250015258789,3311.4501272446387,0.0012889022971511815,2016,2016
JAM,Jamaica,2016,17.974998474121094,-76.47500610351562,1408.045906901385,0.0005480479953384,2016,2016
JAM,Jamaica,2016,17.974998474121094,-76.42500305175781,1412.0319441557613,0.0005495994644459752,2016,2016
JAM,Jamaica,2016,17.974998474121094,-76.37500762939453,1255.5393947364223,0.0004886885043882851,2016,2016
JAM,Jamaica,2016,17.974998474121094,-76.32500457763672,849.2654916053345,0.0003305561614881227,2016,2016
JAM,Jamaica,2016,17.974998474121094,-76.2750015258789,2408.5506494047672,0.0009374703968155016,2016,2016
JAM,Jamaica,2016,18.024993896484375,-77.82500457763672,1949.6125254035073,0.000758839772905828,2016,2016
JAM,Jamaica,2016,18.024993896484375,-77.7750015258789,3698.749263107993,0.0014396491683759363,2016,2016
JAM,Jamaica,2016,18.024993896484375,-77.72500610351562,4841.423799037933,0.0018844077417088014,2016,2016
JAM,Jamaica,2016,18.024993896484375,-77.67500305175781,5842.2209168076515,0.0022739439432245354,2016,2016
JAM,Jamaica,2016,18.024993896484375,-77.62500762939453,3286.807042658329,0.0012793105693244926,2016,2016
JAM,Jamaica,2016,18.024993896484375,-77.57500457763672,5758.349590301514,0.002241299047108034,2016,2016
JAM,Jamaica,2016,18.024993896484375,-77.5250015258789,27381.544815063477,0.010657607590499604,2016,2016
JAM,Jamaica,2016,18.024993896484375,-77.47500610351562,16105.646777272224,0.006268735548073715,2016,2016
JAM,Jamaica,2016,18.024993896484375,-77.42500305175781,7172.9336396455765,0.002791891857101541,2016,2016
JAM,Jamaica,2016,18.024993896484375,-77.37500762939453,5214.72607088089,0.0020297066703417665,2016,2016
JAM,Jamaica,2016,18.024993896484375,-77.32500457763672,4060.110267996788,0.001580300246122824,2016,2016
JAM,Jamaica,2016,18.024993896484375,-77.2750015258789,1191.9044322073635,0.0004639201261155677,2016,2016
JAM,Jamaica,2016,18.024993896484375,-77.22500610351562,2760.869668856263,0.001074602099257577,2016,2016
JAM,Jamaica,2016,18.024993896484375,-77.17500305175781,3062.9930987358093,0.001192196376034125,2016,2016
JAM,Jamaica,2016,18.024993896484375,-77.12500762939453,3563.001153469095,0.0013868124824455066,2016,2016
JAM,Jamaica,2016,18.024993896484375,-77.07500457763672,4470.389636636117,0.001739991620110985,2016,2016
JAM,Jamaica,2016,18.024993896484375,-77.0250015258789,12950.978897303343,0.005040856968901457,2016,2016
JAM,Jamaica,2016,18.024993896484375,-76.97500610351562,69048.73173999786,0.026875557696866424,2016,2016
JAM,Jamaica,2016,18.024993896484375,-76.92500305175781,21837.377896309532,0.008499673995613355,2016,2016
JAM,Jamaica,2016,18.024993896484375,-76.87500762939453,18774.1558256755,0.007307388497776316,2016,2016
JAM,Jamaica,2016,18.024993896484375,-76.82500457763672,213979.65405273438,0.08328643254599419,2016,2016
JAM,Jamaica,2016,18.024993896484375,-76.7750015258789,81051.67180633545,0.031547413358163405,2016,2016
JAM,Jamaica,2016,18.024993896484375,-76.72500610351562,23655.415685653687,0.009207301467854076,2016,2016
JAM,Jamaica,2016,18.024993896484375,-76.67500305175781,7100.1153082847595,0.002763549073439035,2016,2016
JAM,Jamaica,2016,18.024993896484375,-76.62500762939453,3169.437298476696,0.0012336272200126224,2016,2016
JAM,Jamaica,2016,18.024993896484375,-76.57500457763672,322.03484600783906,0.0001253443164875926,2016,2016
JAM,Jamaica,2016,18.024993896484375,-76.5250015258789,12.725458294162356,4.953078499568085e-06,2016,2016
JAM,Jamaica,2016,18.024993896484375,-76.47500610351562,0.0,0.0,2016,2016
JAM,Jamaica,2016,18.024993896484375,-76.42500305175781,283.7904682757571,0.00011045861251565527,2016,2016
JAM,Jamaica,2016,18.024993896484375,-76.37500762939453,196.71428647637367,7.656630357674191e-05,2016,2016
JAM,Jamaica,2016,18.024993896484375,-76.32500457763672,597.6848549842834,0.00023263445105927224,2016,2016
JAM,Jamaica,2016,18.024993896484375,-76.2750015258789,5001.654941320438,0.0019467738590976567,2016,2016
JAM,Jamaica,2016,18.074996948242188,-77.97500610351562,3861.449762582779,0.0015029764236455742,2016,2016
JAM,Jamaica,2016,18.074996948242188,-77.92500305175781,2946.3286336661813,0.0011467875396494215,2016,2016
JAM,Jamaica,2016,18.074996948242188,-77.87500762939453,5153.735978126526,0.00200596774400016,2016,2016
JAM,Jamaica,2016,18.074996948242188,-77.82500457763672,1019.149603426469,0.0003966794650445443,2016,2016
JAM,Jamaica,2016,18.074996948242188,-77.7750015258789,4995.077779293071,0.0019442138570079186,2016,2016
JAM,Jamaica,2016,18.074996948242188,-77.72500610351562,4188.920371592045,0.0016304364801111497,2016,2016
JAM,Jamaica,2016,18.074996948242188,-77.67500305175781,4768.546127200127,0.0018560418611932048,2016,2016
JAM,Jamaica,2016,18.074996948242188,-77.62500762939453,1738.6600095629692,0.0006767315810838578,2016,2016
JAM,Jamaica,2016,18.074996948242188,-77.57500457763672,3098.828462123871,0.001206144429127273,2016,2016
JAM,Jamaica,2016,18.074996948242188,-77.5250015258789,11318.97081780443,0.004405637085826939,2016,2016
JAM,Jamaica,2016,18.074996948242188,-77.47500610351562,10862.874663352966,0.004228112630194127,2016,2016
JAM,Jamaica,2016,18.074996948242188,-77.42500305175781,4017.7704236507416,0.0015638204802976778,2016,2016
JAM,Jamaica,2016,18.074996948242188,-77.37500762939453,3732.3746893405914,0.0014527370565966613,2016,2016
JAM,Jamaica,2016,18.074996948242188,-77.32500457763672,3316.4206387400627,0.0012908369491731943,2016,2016
JAM,Jamaica,2016,18.074996948242188,-77.2750015258789,7493.080624520962,0.002916501369060356,2016,2016
JAM,Jamaica,2016,18.074996948242188,-77.22500610351562,3164.9729696512222,0.001231889587417449,2016,2016
JAM,Jamaica,2016,18.074996948242188,-77.17500305175781,3023.79090821743,0.0011769378664776063,2016,2016
JAM,Jamaica,2016,18.074996948242188,-77.12500762939453,4801.596343040466,0.0018689058626068092,2016,2016
JAM,Jamaica,2016,18.074996948242188,-77.07500457763672,2948.243134856224,0.0011475327131797257,2016,2016
JAM,Jamaica,2016,18.074996948242188,-77.0250015258789,1998.5494767427444,0.0007778873039188351,2016,2016
JAM,Jamaica,2016,18.074996948242188,-76.97500610351562,1754.9883089067685,0.0006830869787870104,2016,2016
JAM,Jamaica,2016,18.074996948242188,-76.92500305175781,3396.5258168280125,0.0013220159626216538,2016,2016
JAM,Jamaica,2016,18.074996948242188,-76.87500762939453,11984.316219329834,0.0046646067768905414,2016,2016
JAM,Jamaica,2016,18.074996948242188,-76.82500457763672,28673.473371505737,0.011160459700653285,2016,2016
JAM,Jamaica,2016,18.074996948242188,-76.7750015258789,16789.71611298621,0.006534993080071057,2016,2016
JAM,Jamaica,2016,18.074996948242188,-76.72500610351562,5542.379475116795,0.0021572378754517335,2016,2016
JAM,Jamaica,2016,18.074996948242188,-76.67500305175781,4903.237100124657,0.001908467082089527,2016,2016
JAM,Jamaica,2016,18.074996948242188,-76.62500762939453,380.90855252744234,0.00014825949040206756,2016,2016
JAM,Jamaica,2016,18.074996948242188,-76.57500457763672,18.071891844272614,7.0340491376604305e-06,2016,2016
JAM,Jamaica,2016,18.074996948242188,-76.5250015258789,1.2369760274887085,4.814631602734553e-07,2016,2016
JAM,Jamaica,2016,18.074996948242188,-76.47500610351562,344.13487017154694,0.00013394621922420457,2016,2016
JAM,Jamaica,2016,18.074996948242188,-76.42500305175781,2133.5748735666275,0.000830442691272611,2016,2016
JAM,Jamaica,2016,18.074996948242188,-76.37500762939453,1.375702977180481,5.35459288031321e-07,2016,2016
JAM,Jamaica,2016,18.074996948242188,-76.32500457763672,826.0362613500637,0.00032151474244613193,2016,2016
JAM,Jamaica,2016,18.125,-78.0250015258789,1089.4603176117444,0.00042404621904821915,2016,2016
JAM,Jamaica,2016,18.125,-77.97500610351562,4071.701363325119,0.0015848118011277655,2016,2016
JAM,Jamaica,2016,18.125,-77.92500305175781,2415.8664865493774,0.0009403179104240239,2016,2016
JAM,Jamaica,2016,18.125,-77.87500762939453,3323.966735124588,0.0012937740856514151,2016,2016
JAM,Jamaica,2016,18.125,-77.82500457763672,3493.292223274708,0.0013596799583829272,2016,2016
JAM,Jamaica,2016,18.125,-77.7750015258789,3087.831086754799,0.001201863965333115,2016,2016
JAM,Jamaica,2016,18.125,-77.72500610351562,2003.1940454842288,0.0007796950905652119,2016,2016
JAM,Jamaica,2016,18.125,-77.67500305175781,912.8380371928312,0.0003553002454679263,2016,2016
JAM,Jamaica,2016,18.125,-77.62500762939453,2319.1178102493286,0.0009026608156957914,2016,2016
JAM,Jamaica,2016,18.125,-77.57500457763672,3182.3588088154793,0.0012386566070540569,2016,2016
JAM,Jamaica,2016,18.125,-77.5250015258789,4923.475379943908,0.0019163443456287866,2016,2016
JAM,Jamaica,2016,18.125,-77.47500610351562,9328.138017892838,0.0036307533127214525,2016,2016
JAM,Jamaica,2016,18.125,-77.42500305175781,5080.814440488815,0.0019775847897772476,2016,2016
JAM,Jamaica,2016,18.125,-77.37500762939453,4909.955839395704,0.001911082189715387,2016,2016
JAM,Jamaica,2016,18.125,-77.32500457763672,5229.8990260362625,0.0020356123781141507,2016,2016
JAM,Jamaica,2016,18.125,-77.2750015258789,5155.826406478882,0.0020067813929460446,2016,2016
JAM,Jamaica,2016,18.125,-77.22500610351562,4192.967626811338,0.0016320117768388238,2016,2016
JAM,Jamaica,2016,18.125,-77.17500305175781,1927.8082428574562,0.0007503529804791147,2016,2016
JAM,Jamaica,2016,18.125,-77.12500762939453,2431.6742111593485,0.0009464706869357082,2016,2016
JAM,Jamaica,2016,18.125,-77.07500457763672,2917.992482841162,0.001135758374634885,2016,2016
JAM,Jamaica,2016,18.125,-77.0250015258789,17987.669360160828,0.007001267561893869,2016,2016
JAM,Jamaica,2016,18.125,-76.97500610351562,5023.431366086006,0.0019552498085535024,2016,2016
JAM,Jamaica,2016,18.125,-76.92500305175781,2810.2568657696247,0.0010938248775285743,2016,2016
JAM,Jamaica,2016,18.125,-76.87500762939453,12779.811798095703,0.004974234293370179,2016,2016
JAM,Jamaica,2016,18.125,-76.82500457763672,15813.802624821663,0.0061551422327437155,2016,2016
JAM,Jamaica,2016,18.125,-76.7750015258789,3691.5823163986206,0.0014368596067874135,2016,2016
JAM,Jamaica,2016,18.125,-76.72500610351562,1263.4922913912922,0.0004917839780851807,2016,2016
JAM,Jamaica,2016,18.125,-76.67500305175781,273.2265405654907,0.0001063468577950638,2016,2016
JAM,Jamaica,2016,18.125,-76.62500762939453,204.44796896001515,7.957645343120987e-05,2016,2016
JAM,Jamaica,2016,18.125,-76.57500457763672,187.90340113639832,7.31368784251455e-05,2016,2016
JAM,Jamaica,2016,18.125,-76.5250015258789,1335.1620405912624,0.0005196797037734772,2016,2016
JAM,Jamaica,2016,18.125,-76.47500610351562,2755.3486943249454,0.0010724531927415518,2016,2016
JAM,Jamaica,2016,18.125,-76.42500305175781,1312.0967023968697,0.0005107020757733665,2016,2016
JAM,Jamaica,2016,18.125,-76.37500762939453,906.8805485367775,0.00035298143633024227,2016,2016
JAM,Jamaica,2016,18.17499542236328,-78.0250015258789,3174.676851272583,0.0012356665898884064,2016,2016
JAM,Jamaica,2016,18.17499542236328,-77.97500610351562,3177.3946857452393,0.001236724441572858,2016,2016
JAM,Jamaica,2016,18.17499542236328,-77.92500305175781,4023.1611981391907,0.0015659187095792909,2016,2016
JAM,Jamaica,2016,18.17499542236328,-77.87500762939453,3329.715691626072,0.001296011728664674,2016,2016
JAM,Jamaica,2016,18.17499542236328,-77.82500457763672,704.178881227989,0.0002740846888052958,2016,2016
JAM,Jamaica,2016,18.17499542236328,-77.7750015258789,3006.7778529526613,0.0011703159440056632,2016,2016
JAM,Jamaica,2016,18.17499542236328,-77.72500610351562,5141.849537372589,0.0020013412328935445,2016,2016
JAM,Jamaica,2016,18.17499542236328,-77.67500305175781,2161.900444627122,0.000841467738368328,2016,2016
JAM,Jamaica,2016,18.17499542236328,-77.62500762939453,4473.02547121048,0.0017410175553077304,2016,2016
JAM,Jamaica,2016,18.17499542236328,-77.57500457763672,3061.097593307495,0.001191458596147085,2016,2016
JAM,Jamaica,2016,18.17499542236328,-77.5250015258789,6918.2692947387695,0.0026927698874084625,2016,2016
JAM,Jamaica,2016,18.17499542236328,-77.47500610351562,29526.818063735962,0.011492603592849687,2016,2016
JAM,Jamaica,2016,18.17499542236328,-77.42500305175781,8361.828887224197,0.0032546407304935277,2016,2016
JAM,Jamaica,2016,18.17499542236328,-77.37500762939453,5018.06894493103,0.0019531626151248365,2016,2016
JAM,Jamaica,2016,18.17499542236328,-77.32500457763672,3905.264697075033,0.0015200303328232988,2016,2016
JAM,Jamaica,2016,18.17499542236328,-77.2750015258789,5345.669041633629,0.0020806730715599046,2016,2016
JAM,Jamaica,2016,18.17499542236328,-77.22500610351562,4654.779978275299,0.0018117611246419153,2016,2016
JAM,Jamaica,2016,18.17499542236328,-77.17500305175781,398.87450525198994,0.00015525230528599476,2016,2016
JAM,Jamaica,2016,18.17499542236328,-77.12500762939453,654.9347859621191,0.00025491760940793114,2016,2016
JAM,Jamaica,2016,18.17499542236328,-77.07500457763672,10302.562801361084,0.0040100247175601225,2016,2016
JAM,Jamaica,2016,18.17499542236328,-77.0250015258789,13109.39137506485,0.0051025152148778535,2016,2016
JAM,Jamaica,2016,18.17499542236328,-76.97500610351562,3131.257436156612,0.0012187666271127324,2016,2016
JAM,Jamaica,2016,18.17499542236328,-76.92500305175781,2041.0784130096436,0.0007944406692251134,2016,2016
JAM,Jamaica,2016,18.17499542236328,-76.87500762939453,4227.861973882004,0.0016455935619688312,2016,2016
JAM,Jamaica,2016,18.17499542236328,-76.82500457763672,5058.42541334033,0.0019688703995814714,2016,2016
JAM,Jamaica,2016,18.17499542236328,-76.7750015258789,35.26258641499514,1.3725113435906381e-05,2016,2016
JAM,Jamaica,2016,18.17499542236328,-76.72500610351562,913.9148169159889,0.0003557193560706454,2016,2016
JAM,Jamaica,2016,18.17499542236328,-76.67500305175781,2063.618567228329,0.0008032138819972409,2016,2016
JAM,Jamaica,2016,18.17499542236328,-76.62500762939453,2463.3837144374847,0.000958812848238533,2016,2016
JAM,Jamaica,2016,18.17499542236328,-76.57500457763672,3536.1861429810524,0.0013763753847124572,2016,2016
JAM,Jamaica,2016,18.17499542236328,-76.5250015258789,4229.84127753973,0.001646363958300702,2016,2016
JAM,Jamaica,2016,18.17499542236328,-76.47500610351562,11018.332733035088,0.004288620943900997,2016,2016
JAM,Jamaica,2016,18.17499542236328,-76.42500305175781,11132.707893371582,0.004333138723493048,2016,2016
JAM,Jamaica,2016,18.224998474121094,-78.32500457763672,1720.2571907045085,0.000669568726567168,2016,2016
JAM,Jamaica,2016,18.224998474121094,-78.2750015258789,1903.1395917534828,0.000740751301500489,2016,2016
JAM,Jamaica,2016,18.224998474121094,-78.22500610351562,5739.772112488747,0.0022340682107952208,2016,2016
JAM,Jamaica,2016,18.224998474121094,-78.17500305175781,2577.6771108210087,0.0010032988031789172,2016,2016
JAM,Jamaica,2016,18.224998474121094,-78.12500762939453,31810.50916337967,0.01238147541371677,2016,2016
JAM,Jamaica,2016,18.224998474121094,-78.07500457763672,3296.919189810753,0.0012832464793316092,2016,2016
JAM,Jamaica,2016,18.224998474121094,-78.0250015258789,1800.189106881767,0.0007006803019851218,2016,2016
JAM,Jamaica,2016,18.224998474121094,-77.97500610351562,4151.830180883408,0.0016160000156713499,2016,2016
JAM,Jamaica,2016,18.224998474121094,-77.92500305175781,2817.377815723419,0.0010965965359865507,2016,2016
JAM,Jamaica,2016,18.224998474121094,-77.87500762939453,2592.9467573762004,0.0010092421457525375,2016,2016
JAM,Jamaica,2016,18.224998474121094,-77.82500457763672,930.9396704435349,0.0003623458707325391,2016,2016
JAM,Jamaica,2016,18.224998474121094,-77.7750015258789,2045.8921203017235,0.0007963142889832759,2016,2016
JAM,Jamaica,2016,18.224998474121094,-77.72500610351562,1094.6698924306206,0.00042607392071764385,2016,2016
JAM,Jamaica,2016,18.224998474121094,-77.67500305175781,567.3664054274574,0.00022083372395233236,2016,2016
JAM,Jamaica,2016,18.224998474121094,-77.62500762939453,1665.4904515445232,0.0006482520908944697,2016,2016
JAM,Jamaica,2016,18.224998474121094,-77.57500457763672,2654.425158500834,0.0010331711343798417,2016,2016
JAM,Jamaica,2016,18.224998474121094,-77.5250015258789,5389.998130172491,0.002097927102831062,2016,2016
JAM,Jamaica,2016,18.224998474121094,-77.47500610351562,5526.456305980682,0.002151040164935544,2016,2016
JAM,Jamaica,2016,18.224998474121094,-77.42500305175781,3007.856020092964,0.0011707355946271284,2016,2016
JAM,Jamaica,2016,18.224998474121094,-77.37500762939453,3117.941638827324,0.0012135837733457636,2016,2016
JAM,Jamaica,2016,18.224998474121094,-77.32500457763672,1101.3130835296183,0.00042865962303502615,2016,2016
JAM,Jamaica,2016,18.224998474121094,-77.2750015258789,783.2112790346146,0.00030484614833755356,2016,2016
JAM,Jamaica,2016,18.224998474121094,-77.22500610351562,1486.5830644369714,0.0005786166945093488,2016,2016
JAM,Jamaica,2016,18.224998474121094,-77.17500305175781,1019.5882268548457,0.0003968501886619009,2016,2016
JAM,Jamaica,2016,18.224998474121094,-77.12500762939453,320.3927842386153,0.00012470518344765832,2016,2016
JAM,Jamaica,2016,18.224998474121094,-77.07500457763672,1051.5154635313352,0.00040927709745193524,2016,2016
JAM,Jamaica,2016,18.224998474121094,-77.0250015258789,3751.521511077881,0.0014601894963351607,2016,2016
JAM,Jamaica,2016,18.224998474121094,-76.97500610351562,4086.851035118103,0.001590708446411477,2016,2016
JAM,Jamaica,2016,18.224998474121094,-76.92500305175781,3038.456901103258,0.0011826462513827643,2016,2016
JAM,Jamaica,2016,18.224998474121094,-76.87500762939453,4221.692572116852,0.0016431922707515088,2016,2016
JAM,Jamaica,2016,18.224998474121094,-76.82500457763672,2214.1588725447655,0.0008618080742333906,2016,2016
JAM,Jamaica,2016,18.224998474121094,-76.7750015258789,1923.4430119397425,0.0007486539193604989,2016,2016
JAM,Jamaica,2016,18.224998474121094,-76.72500610351562,2721.460382580794,0.0010592629826597965,2016,2016
JAM,Jamaica,2016,18.224998474121094,-76.67500305175781,8396.888087749488,0.0032682866808648025,2016,2016
JAM,Jamaica,2016,18.224998474121094,-76.62500762939453,2494.184296489355,0.0009708012338203146,2016,2016
JAM,Jamaica,2016,18.274993896484375,-78.32500457763672,10948.983271718434,0.00426162833445119,2016,2016
JAM,Jamaica,2016,18.274993896484375,-78.2750015258789,2186.4118866631593,0.0008510082274993011,2016,2016
JAM,Jamaica,2016,18.274993896484375,-78.22500610351562,2821.3683639772867,0.001098149760892155,2016,2016
JAM,Jamaica,2016,18.274993896484375,-78.17500305175781,2641.270516395736,0.0010280510064069133,2016,2016
JAM,Jamaica,2016,18.274993896484375,-78.12500762939453,4566.006812512894,0.0017772083055204169,2016,2016
JAM,Jamaica,2016,18.274993896484375,-78.07500457763672,10986.865608573133,0.004276373122721368,2016,2016
JAM,Jamaica,2016,18.274993896484375,-78.0250015258789,4212.904350221157,0.001639771666800375,2016,2016
JAM,Jamaica,2016,18.274993896484375,-77.97500610351562,4227.42010229826,0.0016454215740851399,2016,2016
JAM,Jamaica,2016,18.274993896484375,-77.92500305175781,5181.911806046963,0.0020169345071810404,2016,2016
JAM,Jamaica,2016,18.274993896484375,-77.87500762939453,2355.298715710651,0.0009167433627281123,2016,2016
JAM,Jamaica,2016,18.274993896484375,-77.82500457763672,871.9378458262071,0.00033938082993071315,2016,2016
JAM,Jamaica,2016,18.274993896484375,-77.7750015258789,23.08201465010643,8.98411890930512e-06,2016,2016
JAM,Jamaica,2016,18.274993896484375,-77.72500610351562,33.69677257563657,1.3115658068345209e-05,2016,2016
JAM,Jamaica,2016,18.274993896484375,-77.67500305175781,43.496328324230646,1.6929899391657416e-05,2016,2016
JAM,Jamaica,2016,18.274993896484375,-77.62500762939453,1037.320965051665,0.000403752230401445,2016,2016
JAM,Jamaica,2016,18.274993896484375,-77.57500457763672,3716.612343788147,0.001446601942791417,2016,2016
JAM,Jamaica,2016,18.274993896484375,-77.5250015258789,6328.415872097015,0.002463183632984623,2016,2016
JAM,Jamaica,2016,18.274993896484375,-77.47500610351562,136.3496551513672,5.3070823049537485e-05,2016,2016
JAM,Jamaica,2016,18.274993896484375,-77.42500305175781,433.46926563993486,0.00016871748350702942,2016,2016
JAM,Jamaica,2016,18.274993896484375,-77.37500762939453,2676.699326843192,0.001041840818548537,2016,2016
JAM,Jamaica,2016,18.274993896484375,-77.32500457763672,2680.0807169978034,0.0010431569433187655,2016,2016
JAM,Jamaica,2016,18.274993896484375,-77.2750015258789,1628.5995514393148,0.0006338931955276408,2016,2016
JAM,Jamaica,2016,18.274993896484375,-77.22500610351562,1320.966444671154,0.0005141544095706978,2016,2016
JAM,Jamaica,2016,18.274993896484375,-77.17500305175781,889.9873184860555,0.00034640615294018374,2016,2016
JAM,Jamaica,2016,18.274993896484375,-77.12500762939453,4632.154616355896,0.0018029547468221593,2016,2016
JAM,Jamaica,2016,18.274993896484375,-77.07500457763672,1280.4400285482554,0.0004983804770550445,2016,2016
JAM,Jamaica,2016,18.274993896484375,-77.0250015258789,2948.1100606173277,0.0011474809172336553,2016,2016
JAM,Jamaica,2016,18.274993896484375,-76.97500610351562,4358.8322167396545,0.00169657057819771,2016,2016
JAM,Jamaica,2016,18.274993896484375,-76.92500305175781,3879.69194638754,0.001510076754832073,2016,2016
JAM,Jamaica,2016,18.274993896484375,-76.87500762939453,9528.885162830353,0.0037088893094341067,2016,2016
JAM,Jamaica,2016,18.274993896484375,-76.82500457763672,2965.054874479796,0.001154076278381464,2016,2016
JAM,Jamaica,2016,18.274993896484375,-76.7750015258789,6327.105519056337,0.002462673609587225,2016,2016
JAM,Jamaica,2016,18.324996948242188,-78.32500457763672,1121.534786105156,0.00043653043428097573,2016,2016
JAM,Jamaica,2016,18.324996948242188,-78.2750015258789,2600.726941347122,0.0010122703951922244,2016,2016
JAM,Jamaica,2016,18.324996948242188,-78.22500610351562,1485.3375154733658,0.0005781318945399344,2016,2016
JAM,Jamaica,2016,18.324996948242188,-78.17500305175781,7884.977178931236,0.003069037674852564,2016,2016
JAM,Jamaica,2016,18.324996948242188,-78.12500762939453,3973.4618646502495,0.0015465744396554433,2016,2016
JAM,Jamaica,2016,18.324996948242188,-78.07500457763672,3080.269036769867,0.001198920619299738,2016,2016
JAM,Jamaica,2016,18.324996948242188,-78.0250015258789,2545.1278139651467,0.0009906297724292124,2016,2016
JAM,Jamaica,2016,18.324996948242188,-77.97500610351562,4170.808156609535,0.0016233867361620004,2016,2016
JAM,Jamaica,2016,18.324996948242188,-77.92500305175781,4604.360134601593,0.0017921364134622496,2016,2016
JAM,Jamaica,2016,18.324996948242188,-77.87500762939453,1232.7918134038962,0.00047983455560225214,2016,2016
JAM,Jamaica,2016,18.324996948242188,-77.82500457763672,2264.411918312311,0.0008813678633408072,2016,2016
JAM,Jamaica,2016,18.324996948242188,-77.7750015258789,1174.308222592041,0.0004570712248418487,2016,2016
JAM,Jamaica,2016,18.324996948242188,-77.72500610351562,0.9009429812431335,3.506703811036201e-07,2016,2016
JAM,Jamaica,2016,18.324996948242188,-77.67500305175781,0.0,0.0,2016,2016
JAM,Jamaica,2016,18.324996948242188,-77.62500762939453,0.49481797218322754,1.9259599163866102e-07,2016,2016
JAM,Jamaica,2016,18.324996948242188,-77.57500457763672,457.90906143188477,0.00017823008606111367,2016,2016
JAM,Jamaica,2016,18.324996948242188,-77.5250015258789,1545.0633294882364,0.0006013787307974517,2016,2016
JAM,Jamaica,2016,18.324996948242188,-77.47500610351562,189.67664659023285,7.38270715583762e-05,2016,2016
JAM,Jamaica,2016,18.324996948242188,-77.42500305175781,2079.388666704297,0.0008093520138306773,2016,2016
JAM,Jamaica,2016,18.324996948242188,-77.37500762939453,5425.253427028656,0.0021116493789815616,2016,2016
JAM,Jamaica,2016,18.324996948242188,-77.32500457763672,2810.796612501335,0.00109403496095899,2016,2016
JAM,Jamaica,2016,18.324996948242188,-77.2750015258789,1116.4607795478532,0.00043455549929594876,2016,2016
JAM,Jamaica,2016,18.324996948242188,-77.22500610351562,494.2571640014826,0.0001923777105455033,2016,2016
JAM,Jamaica,2016,18.324996948242188,-77.17500305175781,4873.253585278988,0.0018967967202612468,2016,2016
JAM,Jamaica,2016,18.324996948242188,-77.12500762939453,3771.2831861974564,0.0014678812529609413,2016,2016
JAM,Jamaica,2016,18.324996948242188,-77.07500457763672,2419.5218665003777,0.0009417406791310147,2016,2016
JAM,Jamaica,2016,18.324996948242188,-77.0250015258789,3156.7320389151573,0.0012286820033837991,2016,2016
JAM,Jamaica,2016,18.324996948242188,-76.97500610351562,3975.743234872818,0.0015474624081307433,2016,2016
JAM,Jamaica,2016,18.324996948242188,-76.92500305175781,5421.429867506027,0.0021101611504222777,2016,2016
JAM,Jamaica,2016,18.324996948242188,-76.87500762939453,7716.857735872269,0.0030036012261584746,2016,2016
JAM,Jamaica,2016,18.324996948242188,-76.82500457763672,2946.7318193914643,0.001146944469993388,2016,2016
JAM,Jamaica,2016,18.375,-78.2750015258789,5348.468191146974,0.002081762573167716,2016,2016
JAM,Jamaica,2016,18.375,-78.22500610351562,4780.583333462477,0.001860727054146944,2016,2016
JAM,Jamaica,2016,18.375,-78.17500305175781,2365.474380403757,0.0009207039954098727,2016,2016
JAM,Jamaica,2016,18.375,-78.12500762939453,2180.639927685261,0.0008487616313254773,2016,2016
JAM,Jamaica,2016,18.375,-78.07500457763672,1394.1313742101577,0.0005426320982358122,2016,2016
JAM,Jamaica,2016,18.375,-78.0250015258789,1858.3953572511941,0.0007233356846503999,2016,2016
JAM,Jamaica,2016,18.375,-77.97500610351562,2497.520884990692,0.0009720999206248175,2016,2016
JAM,Jamaica,2016,18.375,-77.92500305175781,4109.878467917442,0.0015996713206484685,2016,2016
JAM,Jamaica,2016,18.375,-77.87500762939453,2344.623762011528,0.0009125883938123551,2016,2016
JAM,Jamaica,2016,18.375,-77.82500457763672,2762.5619589686394,0.0010752607824717202,2016,2016
JAM,Jamaica,2016,18.375,-77.7750015258789,338.41532295942307,0.00013172002306931785,2016,2016
JAM,Jamaica,2016,18.375,-77.72500610351562,2953.371313214302,0.0011495287332349718,2016,2016
JAM,Jamaica,2016,18.375,-77.67500305175781,1154.5431310534477,0.00044937813845715547,2016,2016
JAM,Jamaica,2016,18.375,-77.62500762939453,861.5254084766665,0.00033532803918857006,2016,2016
JAM,Jamaica,2016,18.375,-77.57500457763672,74.06831526756287,2.8829309826844615e-05,2016,2016
JAM,Jamaica,2016,18.375,-77.5250015258789,166.6076445877552,6.484801750911013e-05,2016,2016
JAM,Jamaica,2016,18.375,-77.47500610351562,1286.3857748806477,0.000500694715775733,2016,2016
JAM,Jamaica,2016,18.375,-77.42500305175781,2088.807593882084,0.0008130181046397364,2016,2016
JAM,Jamaica,2016,18.375,-77.37500762939453,12980.540409564972,0.005052363076376185,2016,2016
JAM,Jamaica,2016,18.375,-77.32500457763672,2901.9264090657234,0.0011295050419257513,2016,2016
JAM,Jamaica,2016,18.375,-77.2750015258789,4371.651994228778,0.0017015603681748421,2016,2016
JAM,Jamaica,2016,18.375,-77.22500610351562,2497.086743235588,0.0009719309413909649,2016,2016
JAM,Jamaica,2016,18.375,-77.17500305175781,2323.971632003784,0.0009045500490433839,2016,2016
JAM,Jamaica,2016,18.375,-77.12500762939453,5047.411633968448,0.001964583550923857,2016,2016
JAM,Jamaica,2016,18.375,-77.07500457763672,10612.00452709198,0.004130467464937641,2016,2016
JAM,Jamaica,2016,18.375,-77.0250015258789,6528.426745891571,0.002541033053867649,2016,2016
JAM,Jamaica,2016,18.375,-76.97500610351562,4837.888180732872,0.0018830315873413384,2016,2016
JAM,Jamaica,2016,18.375,-76.92500305175781,8389.27505874697,0.003265323492475253,2016,2016
JAM,Jamaica,2016,18.42499542236328,-78.22500610351562,3211.3419533371925,0.0012499375988000458,2016,2016
JAM,Jamaica,2016,18.42499542236328,-78.17500305175781,12081.441000699997,0.004702410261469205,2016,2016
JAM,Jamaica,2016,18.42499542236328,-78.12500762939453,2423.3584064245338,0.0009432339599993187,2016,2016
JAM,Jamaica,2016,18.42499542236328,-78.07500457763672,7756.840601682663,0.0030191635947913924,2016,2016
JAM,Jamaica,2016,18.42499542236328,-78.0250015258789,6020.2316955032575,0.0023432303563553736,2016,2016
JAM,Jamaica,2016,18.42499542236328,-77.97500610351562,4581.226961314678,0.0017831323822843105,2016,2016
JAM,Jamaica,2016,18.42499542236328,-77.92500305175781,18482.971769094467,0.00719405210888334,2016,2016
JAM,Jamaica,2016,18.42499542236328,-77.87500762939453,13622.48458907084,0.0053022244047412305,2016,2016
JAM,Jamaica,2016,18.42499542236328,-77.82500457763672,3538.3027215003967,0.0013771992119817368,2016,2016
JAM,Jamaica,2016,18.42499542236328,-77.7750015258789,4322.728814601906,0.001682518197469562,2016,2016
JAM,Jamaica,2016,18.42499542236328,-77.72500610351562,6167.5420080423355,0.0024005673516081633,2016,2016
JAM,Jamaica,2016,18.42499542236328,-77.67500305175781,581.7336630830848,0.00022642583335592752,2016,2016
JAM,Jamaica,2016,18.42499542236328,-77.62500762939453,1285.1722472683477,0.0005002223793469639,2016,2016
JAM,Jamaica,2016,18.42499542236328,-77.57500457763672,1962.9257478416152,0.0007640216244583501,2016,2016
JAM,Jamaica,2016,18.42499542236328,-77.5250015258789,3164.0746930838645,0.0012315399548738033,2016,2016
JAM,Jamaica,2016,18.42499542236328,-77.47500610351562,3757.5639283657074,0.0014625413618996,2016,2016
JAM,Jamaica,2016,18.42499542236328,-77.42500305175781,3524.325660347947,0.0013717589771798907,2016,2016
JAM,Jamaica,2016,18.42499542236328,-77.37500762939453,4760.999834537515,0.001853104648318461,2016,2016
JAM,Jamaica,2016,18.42499542236328,-77.32500457763672,5493.235941052441,0.002138109937082818,2016,2016
JAM,Jamaica,2016,18.42499542236328,-77.2750015258789,4065.2542555332184,0.001582302419520416,2016,2016
JAM,Jamaica,2016,18.42499542236328,-77.22500610351562,14675.112011790276,0.005711934305556287,2016,2016
JAM,Jamaica,2016,18.42499542236328,-77.17500305175781,14625.319898962982,0.005692553923507015,2016,2016
JAM,Jamaica,2016,18.474998474121094,-77.92500305175781,50061.382274627686,0.019485188703723524,2016,2016
JAM,Jamaica,2016,18.474998474121094,-77.87500762939453,43692.676578998566,0.017006323226197415,2016,2016
JAM,Jamaica,2016,18.474998474121094,-77.82500457763672,2081.4671871066093,0.0008101610278934817,2016,2016
JAM,Jamaica,2016,18.474998474121094,-77.7750015258789,4921.3016557097435,0.0019154982757647906,2016,2016
JAM,Jamaica,2016,18.474998474121094,-77.72500610351562,3831.5680539614123,0.0014913456874409107,2016,2016
JAM,Jamaica,2016,18.474998474121094,-77.67500305175781,10976.679845690855,0.004272408559562408,2016,2016
JAM,Jamaica,2016,18.474998474121094,-77.62500762939453,8664.415239095688,0.0033724151885187407,2016,2016
JAM,Jamaica,2016,18.474998474121094,-77.57500457763672,4214.717477858067,0.001640477383113906,2016,2016
JAM,Jamaica,2016,18.474998474121094,-77.5250015258789,5217.314668715,0.0020307142197737616,2016,2016
JAM,Jamaica,2016,18.474998474121094,-77.47500610351562,1055.5999652147293,0.0004108668914697075,2016,2016
JAM,Jamaica,2017,17.724998474121094,-77.22500610351562,37.44029045120349,1.453851798582901e-05,2017,2017
JAM,Jamaica,2017,17.724998474121094,-77.17500305175781,32.915731489713636,1.2781576972636374e-05,2017,2017
JAM,Jamaica,2017,17.774993896484375,-77.2750015258789,2887.9796186962076,0.0011214374440776482,2017,2017
JAM,Jamaica,2017,17.774993896484375,-77.22500610351562,4493.762415766745,0.0017449823417052892,2017,2017
JAM,Jamaica,2017,17.824996948242188,-77.32500457763672,786.823976695746,0.0003055332744221514,2017,2017
JAM,Jamaica,2017,17.824996948242188,-77.2750015258789,6769.305022955024,0.0026286030808457786,2017,2017
JAM,Jamaica,2017,17.824996948242188,-77.22500610351562,4523.816776291002,0.0017566528136959906,2017,2017
JAM,Jamaica,2017,17.824996948242188,-77.17500305175781,1345.4022807777642,0.000522435991322128,2017,2017
JAM,Jamaica,2017,17.875,-77.72500610351562,3405.3860414607916,0.0013223526210886362,2017,2017
JAM,Jamaica,2017,17.875,-77.67500305175781,6287.950684785843,0.0024416873646829914,2017,2017
JAM,Jamaica,2017,17.875,-77.62500762939453,6848.647247672081,0.0026594126271175422,2017,2017
JAM,Jamaica,2017,17.875,-77.57500457763672,7834.230387687683,0.0030421264905775964,2017,2017
JAM,Jamaica,2017,17.875,-77.5250015258789,3093.593273639679,0.0012012797151845919,2017,2017
JAM,Jamaica,2017,17.875,-77.47500610351562,2029.8190737068653,0.000788203316679063,2017,2017
JAM,Jamaica,2017,17.875,-77.42500305175781,401.36306500434875,0.00015585413652221316,2017,2017
JAM,Jamaica,2017,17.875,-77.37500762939453,2997.963746279508,0.0011641456121435328,2017,2017
JAM,Jamaica,2017,17.875,-77.32500457763672,4514.96547627449,0.0017532157467572142,2017,2017
JAM,Jamaica,2017,17.875,-77.2750015258789,2495.1500974595547,0.0009688969858964512,2017,2017
JAM,Jamaica,2017,17.875,-77.22500610351562,10328.548800468448,0.004010700523245977,2017,2017
JAM,Jamaica,2017,17.875,-77.17500305175781,566.5094299316406,0.00021998246907131434,2017,2017
JAM,Jamaica,2017,17.875,-77.0250015258789,8.916917890312472,3.4625471534583466e-06,2017,2017
JAM,Jamaica,2017,17.875,-76.97500610351562,3.293627023727664,1.2789552416930545e-06,2017,2017
JAM,Jamaica,2017,17.875,-76.92500305175781,3217.209551096211,0.0012492814120593887,2017,2017
JAM,Jamaica,2017,17.875,-76.57500457763672,11220.862384796374,0.00435719668923216,2017,2017
JAM,Jamaica,2017,17.875,-76.5250015258789,1729.353631913662,0.0006715289485855823,2017,2017
JAM,Jamaica,2017,17.875,-76.47500610351562,3150.837132603498,0.0012235081985402009,2017,2017
JAM,Jamaica,2017,17.875,-76.42500305175781,7704.888672411563,0.0029919015368927242,2017,2017
JAM,Jamaica,2017,17.875,-76.37500762939453,10404.846287369728,0.004040327760968225,2017,2017
JAM,Jamaica,2017,17.92499542236328,-77.7750015258789,2962.642274916172,0.0011504298572572,2017,2017
JAM,Jamaica,2017,17.92499542236328,-77.72500610351562,3696.291362941265,0.0014353146787422593,2017,2017
JAM,Jamaica,2017,17.92499542236328,-77.67500305175781,4532.327585220337,0.001759957663824073,2017,2017
JAM,Jamaica,2017,17.92499542236328,-77.62500762939453,8322.466206550598,0.003231714368992046,2017,2017
JAM,Jamaica,2017,17.92499542236328,-77.57500457763672,8759.894783973694,0.0034015731805488044,2017,2017
JAM,Jamaica,2017,17.92499542236328,-77.5250015258789,2909.3977313041687,0.001129754356463229,2017,2017
JAM,Jamaica,2017,17.92499542236328,-77.47500610351562,3437.4754490852356,0.0013348133265019828,2017,2017
JAM,Jamaica,2017,17.92499542236328,-77.42500305175781,5324.5791935920715,0.0020675985533258846,2017,2017
JAM,Jamaica,2017,17.92499542236328,-77.37500762939453,1540.9695568680763,0.0005983771319119493,2017,2017
JAM,Jamaica,2017,17.92499542236328,-77.32500457763672,3202.992135643959,0.0012437606175416762,2017,2017
JAM,Jamaica,2017,17.92499542236328,-77.2750015258789,2701.0048782827917,0.001048832889101265,2017,2017
JAM,Jamaica,2017,17.92499542236328,-77.22500610351562,16468.222852945328,0.006394810276758681,2017,2017
JAM,Jamaica,2017,17.92499542236328,-77.17500305175781,21612.612655639823,0.00839243910845983,2017,2017
JAM,Jamaica,2017,17.92499542236328,-77.12500762939453,27476.44490802291,0.010669436152012823,2017,2017
JAM,Jamaica,2017,17.92499542236328,-77.07500457763672,11836.851779937992,0.0045963928277348316,2017,2017
JAM,Jamaica,2017,17.92499542236328,-77.0250015258789,660.8322312832466,0.0002566091545857164,2017,2017
JAM,Jamaica,2017,17.92499542236328,-76.97500610351562,1238.2202798724174,0.00048081592296420647,2017,2017
JAM,Jamaica,2017,17.92499542236328,-76.92500305175781,38076.18866252899,0.014785444958646208,2017,2017
JAM,Jamaica,2017,17.92499542236328,-76.62500762939453,2759.627301931381,0.0010715966858110876,2017,2017
JAM,Jamaica,2017,17.92499542236328,-76.57500457763672,3130.371059715748,0.0012155609747021368,2017,2017
JAM,Jamaica,2017,17.92499542236328,-76.5250015258789,1558.5350523591042,0.0006051980264362357,2017,2017
JAM,Jamaica,2017,17.92499542236328,-76.47500610351562,6525.955578088937,0.0025341075457313233,2017,2017
JAM,Jamaica,2017,17.92499542236328,-76.42500305175781,5432.288607120596,0.0021094234223895596,2017,2017
JAM,Jamaica,2017,17.92499542236328,-76.37500762939453,2998.8066385388374,0.0011644729174107914,2017,2017
JAM,Jamaica,2017,17.92499542236328,-76.32500457763672,2731.233112067043,0.0010605708781835066,2017,2017
JAM,Jamaica,2017,17.92499542236328,-76.2750015258789,5287.97916457057,0.0020533863190243247,2017,2017
JAM,Jamaica,2017,17.92499542236328,-76.22500610351562,1051.6502180994057,0.00040836850960240736,2017,2017
JAM,Jamaica,2017,17.974998474121094,-77.82500457763672,1752.2194420695305,0.0006804080194529656,2017,2017
JAM,Jamaica,2017,17.974998474121094,-77.7750015258789,3188.3295233847466,0.0012380669477148453,2017,2017
JAM,Jamaica,2017,17.974998474121094,-77.72500610351562,4096.083624362946,0.00159055885321921,2017,2017
JAM,Jamaica,2017,17.974998474121094,-77.67500305175781,2887.0636625289917,0.0011210817672105402,2017,2017
JAM,Jamaica,2017,17.974998474121094,-77.62500762939453,3545.7741646766663,0.0013768670286900112,2017,2017
JAM,Jamaica,2017,17.974998474121094,-77.57500457763672,6860.0860867500305,0.002663854466795269,2017,2017
JAM,Jamaica,2017,17.974998474121094,-77.5250015258789,7655.4155530929565,0.002972690525803853,2017,2017
JAM,Jamaica,2017,17.974998474121094,-77.47500610351562,7343.559076309204,0.0028515928809384377,2017,2017
JAM,Jamaica,2017,17.974998474121094,-77.42500305175781,3157.7097119093114,0.0012261769042751852,2017,2017
JAM,Jamaica,2017,17.974998474121094,-77.37500762939453,2519.7871010899544,0.0009784638326297674,2017,2017
JAM,Jamaica,2017,17.974998474121094,-77.32500457763672,7986.868417024612,0.0031013976850072624,2017,2017
JAM,Jamaica,2017,17.974998474121094,-77.2750015258789,23688.732645988464,0.009198621631529775,2017,2017
JAM,Jamaica,2017,17.974998474121094,-77.22500610351562,33108.19148814678,0.012856311519699242,2017,2017
JAM,Jamaica,2017,17.974998474121094,-77.17500305175781,3882.8400030136377,0.0015077537737983968,2017,2017
JAM,Jamaica,2017,17.974998474121094,-77.12500762939453,10933.898952483432,0.004245765314857691,2017,2017
JAM,Jamaica,2017,17.974998474121094,-77.07500457763672,3349.2047355478494,0.0013005367399445728,2017,2017
JAM,Jamaica,2017,17.974998474121094,-77.0250015258789,4212.799220442772,0.001635880931984728,2017,2017
JAM,Jamaica,2017,17.974998474121094,-76.97500610351562,56226.298826515675,0.02183335243703,2017,2017
JAM,Jamaica,2017,17.974998474121094,-76.92500305175781,50476.681290626526,0.019600706350426916,2017,2017
JAM,Jamaica,2017,17.974998474121094,-76.87500762939453,131796.75380778313,0.05117827486423094,2017,2017
JAM,Jamaica,2017,17.974998474121094,-76.7750015258789,132704.4189425707,0.051530732223086566,2017,2017
JAM,Jamaica,2017,17.974998474121094,-76.72500610351562,26657.08412075045,0.010351268440195278,2017,2017
JAM,Jamaica,2017,17.974998474121094,-76.67500305175781,2321.7350336315003,0.0009015578174740328,2017,2017
JAM,Jamaica,2017,17.974998474121094,-76.62500762939453,1448.2073639633643,0.0005623564495481792,2017,2017
JAM,Jamaica,2017,17.974998474121094,-76.57500457763672,1872.5390717983246,0.0007271295881101374,2017,2017
JAM,Jamaica,2017,17.974998474121094,-76.5250015258789,3319.2866617447607,0.0012889191897374112,2017,2017
JAM,Jamaica,2017,17.974998474121094,-76.47500610351562,1411.3208492994563,0.0005480329694038489,2017,2017
JAM,Jamaica,2017,17.974998474121094,-76.42500305175781,1415.329675674507,0.000549589645210937,2017,2017
JAM,Jamaica,2017,17.974998474121094,-76.37500762939453,1258.3205872775447,0.0004886211156378852,2017,2017
JAM,Jamaica,2017,17.974998474121094,-76.32500457763672,851.0318018203311,0.0003304659501347336,2017,2017
JAM,Jamaica,2017,17.974998474121094,-76.2750015258789,2413.9204102757008,0.0009373545151016563,2017,2017
JAM,Jamaica,2017,18.024993896484375,-77.82500457763672,1954.1207915544587,0.0007588087574139987,2017,2017
JAM,Jamaica,2017,18.024993896484375,-77.7750015258789,3707.8414196970243,0.0014397997055905366,2017,2017
JAM,Jamaica,2017,18.024993896484375,-77.72500610351562,4852.984859466553,0.0018844727648752097,2017,2017
JAM,Jamaica,2017,18.024993896484375,-77.67500305175781,5855.914130151272,0.002273922340843856,2017,2017
JAM,Jamaica,2017,18.024993896484375,-77.62500762939453,3294.5503503084183,0.001279313780580956,2017,2017
JAM,Jamaica,2017,18.024993896484375,-77.57500457763672,5772.090534210205,0.0022413726238801382,2017,2017
JAM,Jamaica,2017,18.024993896484375,-77.5250015258789,27447.58081817627,0.010658227876534114,2017,2017
JAM,Jamaica,2017,18.024993896484375,-77.47500610351562,16143.459812521935,0.006268700857001863,2017,2017
JAM,Jamaica,2017,18.024993896484375,-77.42500305175781,7189.639685750008,0.0027918241184356676,2017,2017
JAM,Jamaica,2017,18.024993896484375,-77.37500762939453,5227.392990589142,0.0020298599742896444,2017,2017
JAM,Jamaica,2017,18.024993896484375,-77.32500457763672,4069.8221594691277,0.0015803612085136863,2017,2017
JAM,Jamaica,2017,18.024993896484375,-77.2750015258789,1194.6525735557254,0.00046389805522725405,2017,2017
JAM,Jamaica,2017,18.024993896484375,-77.22500610351562,2767.479412615299,0.0010746457554371273,2017,2017
JAM,Jamaica,2017,18.024993896484375,-77.17500305175781,3069.954534649849,0.0011921005066949067,2017,2017
JAM,Jamaica,2017,18.024993896484375,-77.12500762939453,3571.266225397596,0.0013867659044417928,2017,2017
JAM,Jamaica,2017,18.024993896484375,-77.07500457763672,4481.437201619487,0.0017401963118588422,2017,2017
JAM,Jamaica,2017,18.024993896484375,-77.0250015258789,12984.865543097258,0.005042180468336155,2017,2017
JAM,Jamaica,2017,18.024993896484375,-76.97500610351562,69210.55860233307,0.02687529767859875,2017,2017
JAM,Jamaica,2017,18.024993896484375,-76.92500305175781,21890.750843763984,0.008500443533688827,2017,2017
JAM,Jamaica,2017,18.024993896484375,-76.87500762939453,18820.43229776718,0.007308201676981649,2017,2017
JAM,Jamaica,2017,18.024993896484375,-76.82500457763672,214483.34692382812,0.08328647986791043,2017,2017
JAM,Jamaica,2017,18.024993896484375,-76.7750015258789,81242.84376525879,0.031547579654610934,2017,2017
JAM,Jamaica,2017,18.024993896484375,-76.72500610351562,23712.292583465576,0.009207770240438203,2017,2017
JAM,Jamaica,2017,18.024993896484375,-76.67500305175781,7115.928987979889,0.002763201362245366,2017,2017
JAM,Jamaica,2017,18.024993896484375,-76.62500762939453,3176.9741421341896,0.0012336575157217272,2017,2017
JAM,Jamaica,2017,18.024993896484375,-76.57500457763672,322.7876517772826,0.00012534235243403903,2017,2017
JAM,Jamaica,2017,18.024993896484375,-76.5250015258789,12.732670933017337,4.9442502485010625e-06,2017,2017
JAM,Jamaica,2017,18.024993896484375,-76.47500610351562,0.0,0.0,2017,2017
JAM,Jamaica,2017,18.024993896484375,-76.42500305175781,284.478492498608,0.00011046644216510319,2017,2017
JAM,Jamaica,2017,18.024993896484375,-76.37500762939453,197.13413575291634,7.654957116318272e-05,2017,2017
JAM,Jamaica,2017,18.024993896484375,-76.32500457763672,599.3739085197449,0.00023274414392185458,2017,2017
JAM,Jamaica,2017,18.024993896484375,-76.2750015258789,5013.445773005505,0.001946781679934217,2017,2017
JAM,Jamaica,2017,18.074996948242188,-77.97500610351562,3870.4771959781647,0.0015029531461784051,2017,2017
JAM,Jamaica,2017,18.074996948242188,-77.92500305175781,2953.1671364904882,0.0011467505463127628,2017,2017
JAM,Jamaica,2017,18.074996948242188,-77.87500762939453,5166.167375087738,0.002006085326672508,2017,2017
JAM,Jamaica,2017,18.074996948242188,-77.82500457763672,1021.6339907646304,0.00039671284519077253,2017,2017
JAM,Jamaica,2017,18.074996948242188,-77.7750015258789,5006.862828731548,0.001944225442988049,2017,2017
JAM,Jamaica,2017,18.074996948242188,-77.72500610351562,4199.0236941576,0.0016305317283795303,2017,2017
JAM,Jamaica,2017,18.074996948242188,-77.67500305175781,4779.71693828702,0.0018560219441947118,2017,2017
JAM,Jamaica,2017,18.074996948242188,-77.62500762939453,1742.5785223841667,0.0006766643336386615,2017,2017
JAM,Jamaica,2017,18.074996948242188,-77.57500457763672,3106.059206366539,0.001206120387758855,2017,2017
JAM,Jamaica,2017,18.074996948242188,-77.5250015258789,11345.455082655046,0.004405577541968387,2017,2017
JAM,Jamaica,2017,18.074996948242188,-77.47500610351562,10888.168454170227,0.0042280076088085355,2017,2017
JAM,Jamaica,2017,18.074996948242188,-77.42500305175781,4027.4243388175964,0.0015638976215416353,2017,2017
JAM,Jamaica,2017,18.074996948242188,-77.37500762939453,3741.2076675891876,0.0014527562235356118,2017,2017
JAM,Jamaica,2017,18.074996948242188,-77.32500457763672,3324.2071516513824,0.0012908298755292256,2017,2017
JAM,Jamaica,2017,18.074996948242188,-77.2750015258789,7510.673484206383,0.0029164854283953235,2017,2017
JAM,Jamaica,2017,18.074996948242188,-77.22500610351562,3172.4238439798355,0.0012318905798683801,2017,2017
JAM,Jamaica,2017,18.074996948242188,-77.17500305175781,3030.7661073207855,0.0011768831659987257,2017,2017
JAM,Jamaica,2017,18.074996948242188,-77.12500762939453,4812.5287981033325,0.001868763186539231,2017,2017
JAM,Jamaica,2017,18.074996948242188,-77.07500457763672,2954.8966948390007,0.0011474221547552819,2017,2017
JAM,Jamaica,2017,18.074996948242188,-77.0250015258789,2003.1632247567177,0.0007778525278705642,2017,2017
JAM,Jamaica,2017,18.074996948242188,-76.97500610351562,1759.0291418435327,0.0006830523083046095,2017,2017
JAM,Jamaica,2017,18.074996948242188,-76.92500305175781,3404.161109149456,0.001321876965044702,2017,2017
JAM,Jamaica,2017,18.074996948242188,-76.87500762939453,12013.727804422379,0.004665075929074008,2017,2017
JAM,Jamaica,2017,18.074996948242188,-76.82500457763672,28741.23960494995,0.011160571242794787,2017,2017
JAM,Jamaica,2017,18.074996948242188,-76.7750015258789,16828.95704378188,0.00653488772964105,2017,2017
JAM,Jamaica,2017,18.074996948242188,-76.72500610351562,5554.581809282368,0.0021569113531119664,2017,2017
JAM,Jamaica,2017,18.074996948242188,-76.67500305175781,4914.337265014947,0.0019082966466023486,2017,2017
JAM,Jamaica,2017,18.074996948242188,-76.62500762939453,381.7203505039362,0.0001482266327124618,2017,2017
JAM,Jamaica,2017,18.074996948242188,-76.57500457763672,18.10556185245514,7.030608829771976e-06,2017,2017
JAM,Jamaica,2017,18.074996948242188,-76.5250015258789,1.2382090091705322,4.808115464142359e-07,2017,2017
JAM,Jamaica,2017,18.074996948242188,-76.47500610351562,344.91459250450134,0.00013393451135848195,2017,2017
JAM,Jamaica,2017,18.074996948242188,-76.42500305175781,2138.2796533107758,0.0008303198726224533,2017,2017
JAM,Jamaica,2017,18.074996948242188,-76.37500762939453,1.375702977180481,5.342021185162583e-07,2017,2017
JAM,Jamaica,2017,18.074996948242188,-76.32500457763672,827.8723042310756,0.00032147283688196683,2017,2017
JAM,Jamaica,2017,18.125,-78.0250015258789,1092.1378631592297,0.00042409035227008866,2017,2017
JAM,Jamaica,2017,18.125,-77.97500610351562,4081.198230743408,0.0015847786746934628,2017,2017
JAM,Jamaica,2017,18.125,-77.92500305175781,2421.3725023269653,0.0009402482526505295,2017,2017
JAM,Jamaica,2017,18.125,-77.87500762939453,3331.356207370758,0.001293605940402261,2017,2017
JAM,Jamaica,2017,18.125,-77.82500457763672,3501.5857254862785,0.001359708122864415,2017,2017
JAM,Jamaica,2017,18.125,-77.7750015258789,3094.9667254686356,0.0012018130431550034,2017,2017
JAM,Jamaica,2017,18.125,-77.72500610351562,2007.92731368558,0.0007797024812695269,2017,2017
JAM,Jamaica,2017,18.125,-77.67500305175781,914.8370115757085,0.00035524228542591264,2017,2017
JAM,Jamaica,2017,18.125,-77.62500762939453,2324.1884129047394,0.000902510494343261,2017,2017
JAM,Jamaica,2017,18.125,-77.57500457763672,3189.772533416748,0.0012386272859774806,2017,2017
JAM,Jamaica,2017,18.125,-77.5250015258789,4934.901356697143,0.0019162819323247844,2017,2017
JAM,Jamaica,2017,18.125,-77.47500610351562,9350.373758077621,0.0036308633137664506,2017,2017
JAM,Jamaica,2017,18.125,-77.42500305175781,5092.636388063431,0.0019775323543401503,2017,2017
JAM,Jamaica,2017,18.125,-77.37500762939453,4921.5171744825275,0.0019110846923592877,2017,2017
JAM,Jamaica,2017,18.125,-77.32500457763672,5241.811516284943,0.002035458862349307,2017,2017
JAM,Jamaica,2017,18.125,-77.2750015258789,5167.644045829773,0.002006658735796302,2017,2017
JAM,Jamaica,2017,18.125,-77.22500610351562,4202.574211837128,0.0016319104373724558,2017,2017
JAM,Jamaica,2017,18.125,-77.17500305175781,1932.107598245144,0.0007502607679888068,2017,2017
JAM,Jamaica,2017,18.125,-77.12500762939453,2437.243223801255,0.000946411045909379,2017,2017
JAM,Jamaica,2017,18.125,-77.07500457763672,2924.95236572638,0.0011357944092936162,2017,2017
JAM,Jamaica,2017,18.125,-77.0250015258789,18030.102276802063,0.007001306963130074,2017,2017
JAM,Jamaica,2017,18.125,-76.97500610351562,5035.204550504684,0.001955230876620706,2017,2017
JAM,Jamaica,2017,18.125,-76.92500305175781,2816.2923052608967,0.0010936003925170205,2017,2017
JAM,Jamaica,2017,18.125,-76.87500762939453,12809.597248077393,0.004974121667809141,2017,2017
JAM,Jamaica,2017,18.125,-76.82500457763672,15852.290262937546,0.006155636196377086,2017,2017
JAM,Jamaica,2017,18.125,-76.7750015258789,3700.018116593361,0.001436761822296617,2017,2017
JAM,Jamaica,2017,18.125,-76.72500610351562,1266.328433275619,0.0004917306591715415,2017,2017
JAM,Jamaica,2017,18.125,-76.67500305175781,273.85017931461334,0.00010633933950317491,2017,2017
JAM,Jamaica,2017,18.125,-76.62500762939453,204.9095103742763,7.956884324726364e-05,2017,2017
JAM,Jamaica,2017,18.125,-76.57500457763672,188.2574179172516,7.310263417755383e-05,2017,2017
JAM,Jamaica,2017,18.125,-76.5250015258789,1338.0734847784267,0.0005195901311226803,2017,2017
JAM,Jamaica,2017,18.125,-76.47500610351562,2761.5973389153232,0.0010723616750186666,2017,2017
JAM,Jamaica,2017,18.125,-76.42500305175781,1315.4330205321312,0.0005107985647997298,2017,2017
JAM,Jamaica,2017,18.125,-76.37500762939453,909.2473326325417,0.0003530717454308729,2017,2017
JAM,Jamaica,2017,18.17499542236328,-78.0250015258789,3182.001070022583,0.0012356095326702637,2017,2017
JAM,Jamaica,2017,18.17499542236328,-77.97500610351562,3184.4299116134644,0.001236552681260411,2017,2017
JAM,Jamaica,2017,18.17499542236328,-77.92500305175781,4032.60977935791,0.001565911190871661,2017,2017
JAM,Jamaica,2017,18.17499542236328,-77.87500762939453,3337.340057015419,0.0012959295416520105,2017,2017
JAM,Jamaica,2017,18.17499542236328,-77.82500457763672,705.7124474048803,0.0002740366857674701,2017,2017
JAM,Jamaica,2017,18.17499542236328,-77.7750015258789,3013.860714136972,0.0011703185971906735,2017,2017
JAM,Jamaica,2017,18.17499542236328,-77.72500610351562,5154.0517699718475,0.002001380690550196,2017,2017
JAM,Jamaica,2017,18.17499542236328,-77.67500305175781,2167.138020813779,0.0008415259260458606,2017,2017
JAM,Jamaica,2017,18.17499542236328,-77.62500762939453,4483.30745267868,0.0017409225529839622,2017,2017
JAM,Jamaica,2017,18.17499542236328,-77.57500457763672,3068.0658898353577,0.0011913671230519536,2017,2017
JAM,Jamaica,2017,18.17499542236328,-77.5250015258789,6934.334962248802,0.0026926862039120887,2017,2017
JAM,Jamaica,2017,18.17499542236328,-77.47500610351562,29596.178037643433,0.011492554184986176,2017,2017
JAM,Jamaica,2017,18.17499542236328,-77.42500305175781,8381.313079357147,0.0032545653220267946,2017,2017
JAM,Jamaica,2017,18.17499542236328,-77.37500762939453,5029.832625389099,0.0019531448930727616,2017,2017
JAM,Jamaica,2017,18.17499542236328,-77.32500457763672,3914.4520611764433,0.0015200291186376154,2017,2017
JAM,Jamaica,2017,18.17499542236328,-77.2750015258789,5358.255351066612,0.0020806754129131604,2017,2017
JAM,Jamaica,2017,18.17499542236328,-77.22500610351562,4665.849023103714,0.0018118056543916469,2017,2017
JAM,Jamaica,2017,18.17499542236328,-77.17500305175781,399.6903774443734,0.00015520461169528724,2017,2017
JAM,Jamaica,2017,18.17499542236328,-77.12500762939453,656.2772708535338,0.000254840408314412,2017,2017
JAM,Jamaica,2017,18.17499542236328,-77.07500457763672,10326.77191066742,0.004010010535427513,2017,2017
JAM,Jamaica,2017,18.17499542236328,-77.0250015258789,13141.005669355392,0.00510281156939217,2017,2017
JAM,Jamaica,2017,18.17499542236328,-76.97500610351562,3138.641621590001,0.0012187725339906112,2017,2017
JAM,Jamaica,2017,18.17499542236328,-76.92500305175781,2045.6305109262466,0.0007943430891441132,2017,2017
JAM,Jamaica,2017,18.17499542236328,-76.87500762939453,4238.110441208169,0.001645709585392762,2017,2017
JAM,Jamaica,2017,18.17499542236328,-76.82500457763672,5070.220808953047,0.001968828113637642,2017,2017
JAM,Jamaica,2017,18.17499542236328,-76.7750015258789,35.321810901346176,1.3715886733051925e-05,2017,2017
JAM,Jamaica,2017,18.17499542236328,-76.72500610351562,916.035683631897,0.0003557077442949008,2017,2017
JAM,Jamaica,2017,18.17499542236328,-76.67500305175781,2068.150022804749,0.000803087688198557,2017,2017
JAM,Jamaica,2017,18.17499542236328,-76.62500762939453,2469.138981938362,0.0009587965548827228,2017,2017
JAM,Jamaica,2017,18.17499542236328,-76.57500457763672,3544.1084728240967,0.001376220220380952,2017,2017
JAM,Jamaica,2017,18.17499542236328,-76.5250015258789,4239.695301711559,0.0016463250059104957,2017,2017
JAM,Jamaica,2017,18.17499542236328,-76.47500610351562,11044.176425457,0.004288587392489475,2017,2017
JAM,Jamaica,2017,18.17499542236328,-76.42500305175781,11159.967678546906,0.004333550537683108,2017,2017
JAM,Jamaica,2017,18.224998474121094,-78.32500457763672,1724.2859530450544,0.0006695611075381503,2017,2017
JAM,Jamaica,2017,18.224998474121094,-78.2750015258789,1907.636428117752,0.0007407583164120741,2017,2017
JAM,Jamaica,2017,18.224998474121094,-78.22500610351562,5753.785708218813,0.0022342646383731834,2017,2017
JAM,Jamaica,2017,18.224998474121094,-78.17500305175781,2583.7950085401535,0.0010033188778894413,2017,2017
JAM,Jamaica,2017,18.224998474121094,-78.12500762939453,31884.90923690796,0.012381296214073871,2017,2017
JAM,Jamaica,2017,18.224998474121094,-78.07500457763672,3304.548275411129,0.0012831960959202608,2017,2017
JAM,Jamaica,2017,18.224998474121094,-78.0250015258789,1804.4088545443115,0.0007006738000543033,2017,2017
JAM,Jamaica,2017,18.224998474121094,-77.97500610351562,4161.611527085304,0.0016160041310421562,2017,2017
JAM,Jamaica,2017,18.224998474121094,-77.92500305175781,2823.8671634197235,0.0010965418016315074,2017,2017
JAM,Jamaica,2017,18.224998474121094,-77.87500762939453,2598.756192505366,0.0010091284867238337,2017,2017
JAM,Jamaica,2017,18.224998474121094,-77.82500457763672,933.0907396376133,0.000362330428988322,2017,2017
JAM,Jamaica,2017,18.224998474121094,-77.7750015258789,2050.6061912477016,0.0007962752060420708,2017,2017
JAM,Jamaica,2017,18.224998474121094,-77.72500610351562,1097.142905861455,0.00042603387093592216,2017,2017
JAM,Jamaica,2017,18.224998474121094,-77.67500305175781,568.5642959475532,0.0002207803984188377,2017,2017
JAM,Jamaica,2017,18.224998474121094,-77.62500762939453,1669.1873600780964,0.000648165656936932,2017,2017
JAM,Jamaica,2017,18.224998474121094,-77.57500457763672,2660.39357274787,0.00103306302757423,2017,2017
JAM,Jamaica,2017,18.224998474121094,-77.5250015258789,5402.477138608694,0.0020978472683073914,2017,2017
JAM,Jamaica,2017,18.224998474121094,-77.47500610351562,5539.177035808563,0.0021509294931018677,2017,2017
JAM,Jamaica,2017,18.224998474121094,-77.42500305175781,3014.763858795166,0.0011706692991937488,2017,2017
JAM,Jamaica,2017,18.224998474121094,-77.37500762939453,3125.1829873919487,0.0012135463834187267,2017,2017
JAM,Jamaica,2017,18.224998474121094,-77.32500457763672,1103.9476524592908,0.000428676236409304,2017,2017
JAM,Jamaica,2017,18.224998474121094,-77.2750015258789,785.0245164036751,0.0003048345222088064,2017,2017
JAM,Jamaica,2017,18.224998474121094,-77.22500610351562,1489.8904411793344,0.0005785424929924443,2017,2017
JAM,Jamaica,2017,18.224998474121094,-77.17500305175781,1021.9332819581477,0.0003968290635840466,2017,2017
JAM,Jamaica,2017,18.224998474121094,-77.12500762939453,321.0900400884548,0.00012468314926618055,2017,2017
JAM,Jamaica,2017,18.224998474121094,-77.07500457763672,1053.7069485786758,0.0004091671629436212,2017,2017
JAM,Jamaica,2017,18.224998474121094,-77.0250015258789,3760.1778230667114,0.0014601225645356477,2017,2017
JAM,Jamaica,2017,18.224998474121094,-76.97500610351562,4096.312372684479,0.001590647678961392,2017,2017
JAM,Jamaica,2017,18.224998474121094,-76.92500305175781,3045.5058512687683,0.001182606786993962,2017,2017
JAM,Jamaica,2017,18.224998474121094,-76.87500762939453,4231.621976137161,0.001643190035864742,2017,2017
JAM,Jamaica,2017,18.224998474121094,-76.82500457763672,2219.365480005741,0.0008618064806480241,2017,2017
JAM,Jamaica,2017,18.224998474121094,-76.7750015258789,1927.8451830150868,0.0007486056205597017,2017,2017
JAM,Jamaica,2017,18.224998474121094,-76.72500610351562,2727.612290024794,0.0010591648691555232,2017,2017
JAM,Jamaica,2017,18.224998474121094,-76.67500305175781,8416.381686449058,0.003268182886655686,2017,2017
JAM,Jamaica,2017,18.224998474121094,-76.62500762939453,2500.039779186843,0.0009707957084993064,2017,2017
JAM,Jamaica,2017,18.274993896484375,-78.32500457763672,10975.382377267293,0.004261873830845833,2017,2017
JAM,Jamaica,2017,18.274993896484375,-78.2750015258789,2191.599965096436,0.0008510247951154066,2017,2017
JAM,Jamaica,2017,18.274993896484375,-78.22500610351562,2827.9476305254448,0.0010981262964015047,2017,2017
JAM,Jamaica,2017,18.274993896484375,-78.17500305175781,2647.443429321218,0.0010280343301240103,2017,2017
JAM,Jamaica,2017,18.274993896484375,-78.12500762939453,4577.244042217751,0.001777399267776577,2017,2017
JAM,Jamaica,2017,18.274993896484375,-78.07500457763672,11012.591920972043,0.004276322747076894,2017,2017
JAM,Jamaica,2017,18.274993896484375,-78.0250015258789,4222.965784907341,0.0016398287320295718,2017,2017
JAM,Jamaica,2017,18.274993896484375,-77.97500610351562,4237.355432868004,0.0016454164065151237,2017,2017
JAM,Jamaica,2017,18.274993896484375,-77.92500305175781,5194.034292370547,0.0020169063879742024,2017,2017
JAM,Jamaica,2017,18.274993896484375,-77.87500762939453,2360.8548901090508,0.0009167485312785417,2017,2017
JAM,Jamaica,2017,18.274993896484375,-77.82500457763672,873.8555200100527,0.00033932867618215114,2017,2017
JAM,Jamaica,2017,18.274993896484375,-77.7750015258789,23.13006317615509,8.981683513865013e-06,2017,2017
JAM,Jamaica,2017,18.274993896484375,-77.72500610351562,33.76486498143281,1.3111305785980345e-05,2017,2017
JAM,Jamaica,2017,18.274993896484375,-77.67500305175781,43.5981510283075,1.6929689786996924e-05,2017,2017
JAM,Jamaica,2017,18.274993896484375,-77.62500762939453,1039.7139260769031,0.00040373350292479,2017,2017
JAM,Jamaica,2017,18.274993896484375,-77.57500457763672,3725.1574091911316,0.0014465237139160226,2017,2017
JAM,Jamaica,2017,18.274993896484375,-77.5250015258789,6343.423184514046,0.002463228007805632,2017,2017
JAM,Jamaica,2017,18.274993896484375,-77.47500610351562,136.67022705078125,5.307070351643727e-05,2017,2017
JAM,Jamaica,2017,18.274993896484375,-77.42500305175781,434.4240814448934,0.0001686921293998885,2017,2017
JAM,Jamaica,2017,18.274993896484375,-77.37500762939453,2682.8100218774575,0.001041767606115726,2017,2017
JAM,Jamaica,2017,18.274993896484375,-77.32500457763672,2686.412813067855,0.0010431666135456777,2017,2017
JAM,Jamaica,2017,18.274993896484375,-77.2750015258789,1632.2577002048788,0.0006338254229855668,2017,2017
JAM,Jamaica,2017,18.274993896484375,-77.22500610351562,1324.0572139024734,0.0005141474434787401,2017,2017
JAM,Jamaica,2017,18.274993896484375,-77.17500305175781,891.9340139330236,0.0003463487742072551,2017,2017
JAM,Jamaica,2017,18.274993896484375,-77.12500762939453,4642.924764990807,0.0018029038874750503,2017,2017
JAM,Jamaica,2017,18.274993896484375,-77.07500457763672,1283.4570912122874,0.0004983819243856808,2017,2017
JAM,Jamaica,2017,18.274993896484375,-77.0250015258789,2954.979176968336,0.0011474541835645245,2017,2017
JAM,Jamaica,2017,18.274993896484375,-76.97500610351562,4369.194433689117,0.0016966110864060184,2017,2017
JAM,Jamaica,2017,18.274993896484375,-76.92500305175781,3888.4971079828847,0.0015099504961355356,2017,2017
JAM,Jamaica,2017,18.274993896484375,-76.87500762939453,9551.26857805252,0.003708873204134998,2017,2017
JAM,Jamaica,2017,18.274993896484375,-76.82500457763672,2971.8364816308276,0.00115400007901765,2017,2017
JAM,Jamaica,2017,18.274993896484375,-76.7750015258789,6341.771230280417,0.0024625865339802967,2017,2017
JAM,Jamaica,2017,18.324996948242188,-78.32500457763672,1124.1836190968752,0.00043653410720506056,2017,2017
JAM,Jamaica,2017,18.324996948242188,-78.2750015258789,2607.048644542694,0.001012348546227604,2017,2017
JAM,Jamaica,2017,18.324996948242188,-78.22500610351562,1488.6969715356827,0.0005780790542832178,2017,2017
JAM,Jamaica,2017,18.324996948242188,-78.17500305175781,7903.743838489056,0.0030691194049635023,2017,2017
JAM,Jamaica,2017,18.324996948242188,-78.12500762939453,3983.0584394335747,0.001546669805774748,2017,2017
JAM,Jamaica,2017,18.324996948242188,-78.07500457763672,3087.5665518045425,0.0011989394661443256,2017,2017
JAM,Jamaica,2017,18.324996948242188,-78.0250015258789,2551.095415949886,0.000990621230267757,2017,2017
JAM,Jamaica,2017,18.324996948242188,-77.97500610351562,4180.406342506409,0.001623302385375845,2017,2017
JAM,Jamaica,2017,18.324996948242188,-77.92500305175781,4615.144433259964,0.0017921164483912766,2017,2017
JAM,Jamaica,2017,18.324996948242188,-77.87500762939453,1235.553224146895,0.0004797802729420665,2017,2017
JAM,Jamaica,2017,18.324996948242188,-77.82500457763672,2269.5610300302505,0.000881298020324807,2017,2017
JAM,Jamaica,2017,18.324996948242188,-77.7750015258789,1176.9705053867551,0.00045703189412104483,2017,2017
JAM,Jamaica,2017,18.324996948242188,-77.72500610351562,0.902538001537323,3.504664309521338e-07,2017,2017
JAM,Jamaica,2017,18.324996948242188,-77.67500305175781,0.0,0.0,2017,2017
JAM,Jamaica,2017,18.324996948242188,-77.62500762939453,0.4951769709587097,1.9228321179383692e-07,2017,2017
JAM,Jamaica,2017,18.324996948242188,-77.57500457763672,458.9085330963135,0.00017819973835317028,2017,2017
JAM,Jamaica,2017,18.324996948242188,-77.5250015258789,1548.7498518528528,0.0006013983146327044,2017,2017
JAM,Jamaica,2017,18.324996948242188,-77.47500610351562,190.09545096755028,7.38163646598305e-05,2017,2017
JAM,Jamaica,2017,18.324996948242188,-77.42500305175781,2084.4630738049746,0.0008094222433665954,2017,2017
JAM,Jamaica,2017,18.324996948242188,-77.37500762939453,5438.100336074829,0.0021116801870917456,2017,2017
JAM,Jamaica,2017,18.324996948242188,-77.32500457763672,2817.2667308451655,0.0010939787737665253,2017,2017
JAM,Jamaica,2017,18.324996948242188,-77.2750015258789,1118.9736042024326,0.00043451099535586136,2017,2017
JAM,Jamaica,2017,18.324996948242188,-77.22500610351562,495.3622511625467,0.00019235515833974882,2017,2017
JAM,Jamaica,2017,18.324996948242188,-77.17500305175781,4884.827490866184,0.0018968376440933084,2017,2017
JAM,Jamaica,2017,18.324996948242188,-77.12500762939453,3780.105358243164,0.0014678606676615754,2017,2017
JAM,Jamaica,2017,18.324996948242188,-77.07500457763672,2425.14555811882,0.0009417133758862295,2017,2017
JAM,Jamaica,2017,18.324996948242188,-77.0250015258789,3164.0563812851906,0.001228641392818392,2017,2017
JAM,Jamaica,2017,18.324996948242188,-76.97500610351562,3985.226893186569,0.0015475118426155263,2017,2017
JAM,Jamaica,2017,18.324996948242188,-76.92500305175781,5434.0612325668335,0.0021101117543074394,2017,2017
JAM,Jamaica,2017,18.324996948242188,-76.87500762939453,7734.544078588486,0.0030034170900811318,2017,2017
JAM,Jamaica,2017,18.324996948242188,-76.82500457763672,2953.646569252228,0.0011469367158575378,2017,2017
JAM,Jamaica,2017,18.375,-78.2750015258789,5361.420908212785,0.0020819046370711513,2017,2017
JAM,Jamaica,2017,18.375,-78.22500610351562,4791.973005846143,0.0018607811235839872,2017,2017
JAM,Jamaica,2017,18.375,-78.17500305175781,2370.844681560993,0.0009206276882227976,2017,2017
JAM,Jamaica,2017,18.375,-78.12500762939453,2185.5987067222595,0.0008486944338452589,2017,2017
JAM,Jamaica,2017,18.375,-78.07500457763672,1397.2249855101493,0.0005425593748682048,2017,2017
JAM,Jamaica,2017,18.375,-78.0250015258789,1862.5992001593384,0.0007232698156335169,2017,2017
JAM,Jamaica,2017,18.375,-77.97500610351562,2503.4459793567657,0.0009721183772563315,2017,2017
JAM,Jamaica,2017,18.375,-77.92500305175781,4119.565014362335,0.0015996769611912442,2017,2017
JAM,Jamaica,2017,18.375,-77.87500762939453,2350.0401446819305,0.0009125490347199006,2017,2017
JAM,Jamaica,2017,18.375,-77.82500457763672,2768.9996561408043,0.0010752360844001785,2017,2017
JAM,Jamaica,2017,18.375,-77.7750015258789,339.15955543518066,0.00013169976080144554,2017,2017
JAM,Jamaica,2017,18.375,-77.72500610351562,2960.2643275260925,0.0011495064715012833,2017,2017
JAM,Jamaica,2017,18.375,-77.67500305175781,1157.2543013691902,0.0004493758534422144,2017,2017
JAM,Jamaica,2017,18.375,-77.62500762939453,863.6118333340445,0.00033535092864906394,2017,2017
JAM,Jamaica,2017,18.375,-77.57500457763672,74.23372626304626,2.8825854485210436e-05,2017,2017
JAM,Jamaica,2017,18.375,-77.5250015258789,166.96496087312698,6.483451536843422e-05,2017,2017
JAM,Jamaica,2017,18.375,-77.47500610351562,1289.2493525445461,0.0005006311295746047,2017,2017
JAM,Jamaica,2017,18.375,-77.42500305175781,2093.7733159661293,0.0008130375230954956,2017,2017
JAM,Jamaica,2017,18.375,-77.37500762939453,13011.41909980774,0.005052491535829774,2017,2017
JAM,Jamaica,2017,18.375,-77.32500457763672,2908.965475320816,0.0011295865062325625,2017,2017
JAM,Jamaica,2017,18.375,-77.2750015258789,4382.056479692874,0.0017016055745605345,2017,2017
JAM,Jamaica,2017,18.375,-77.22500610351562,2502.8144940137863,0.0009718731638537096,2017,2017
JAM,Jamaica,2017,18.375,-77.17500305175781,2329.263150513172,0.0009044810763848112,2017,2017
JAM,Jamaica,2017,18.375,-77.12500762939453,5058.892891883945,0.001964429346318629,2017,2017
JAM,Jamaica,2017,18.375,-77.07500457763672,10637.22334587574,0.004130562585641576,2017,2017
JAM,Jamaica,2017,18.375,-77.0250015258789,6544.803931713104,0.0025414265895973252,2017,2017
JAM,Jamaica,2017,18.375,-76.97500610351562,4849.271300077583,0.001883030744812936,2017,2017
JAM,Jamaica,2017,18.375,-76.92500305175781,8408.57933235232,0.003265153138114737,2017,2017
JAM,Jamaica,2017,18.42499542236328,-78.22500610351562,3219.2786934673786,0.0012500848850884685,2017,2017
JAM,Jamaica,2017,18.42499542236328,-78.17500305175781,12109.635622262955,0.004702318095677232,2017,2017
JAM,Jamaica,2017,18.42499542236328,-78.12500762939453,2428.8205918669814,0.0009431404359758356,2017,2017
JAM,Jamaica,2017,18.42499542236328,-78.07500457763672,7774.9468562603,0.0030191059777147544,2017,2017
JAM,Jamaica,2017,18.42499542236328,-78.0250015258789,6034.272049963736,0.0023431808800768285,2017,2017
JAM,Jamaica,2017,18.42499542236328,-77.97500610351562,4592.2531285882,0.0017832274776947675,2017,2017
JAM,Jamaica,2017,18.42499542236328,-77.92500305175781,18527.030694127083,0.007194270282748688,2017,2017
JAM,Jamaica,2017,18.42499542236328,-77.87500762939453,13655.280199856326,0.005302510594726555,2017,2017
JAM,Jamaica,2017,18.42499542236328,-77.82500457763672,3546.388901233673,0.001377105738336301,2017,2017
JAM,Jamaica,2017,18.42499542236328,-77.7750015258789,4332.820299535998,0.0016824865698162417,2017,2017
JAM,Jamaica,2017,18.42499542236328,-77.72500610351562,6182.064208388329,0.002400570364173402,2017,2017
JAM,Jamaica,2017,18.42499542236328,-77.67500305175781,582.9602422127825,0.00022637051861229193,2017,2017
JAM,Jamaica,2017,18.42499542236328,-77.62500762939453,1288.0606633947184,0.0005001695471889965,2017,2017
JAM,Jamaica,2017,18.42499542236328,-77.57500457763672,1967.6716748476215,0.0007640707294261625,2017,2017
JAM,Jamaica,2017,18.42499542236328,-77.5250015258789,3171.3531789780677,0.001231474827688111,2017,2017
JAM,Jamaica,2017,18.42499542236328,-77.47500610351562,3766.376465320587,0.0014625295723555561,2017,2017
JAM,Jamaica,2017,18.42499542236328,-77.42500305175781,3532.7027257084933,0.0013717912307127725,2017,2017
JAM,Jamaica,2017,18.42499542236328,-77.37500762939453,4771.950971603403,0.0018530063253267368,2017,2017
JAM,Jamaica,2017,18.42499542236328,-77.32500457763672,5506.147919893269,0.0021381038875842935,2017,2017
JAM,Jamaica,2017,18.42499542236328,-77.2750015258789,4074.812246978283,0.0015822989198970227,2017,2017
JAM,Jamaica,2017,18.42499542236328,-77.22500610351562,14710.575667262077,0.005712294598759279,2017,2017
JAM,Jamaica,2017,18.42499542236328,-77.17500305175781,14660.842557668693,0.005692982630299607,2017,2017
JAM,Jamaica,2017,18.474998474121094,-77.92500305175781,50177.31830596924,0.01948446007978423,2017,2017
JAM,Jamaica,2017,18.474998474121094,-77.87500762939453,43794.38272070885,0.01700588892848288,2017,2017
JAM,Jamaica,2017,18.474998474121094,-77.82500457763672,2086.2586522102356,0.000810119488196303,2017,2017
JAM,Jamaica,2017,18.474998474121094,-77.7750015258789,4932.591514348984,0.0019153849925810367,2017,2017
JAM,Jamaica,2017,18.474998474121094,-77.72500610351562,3840.5278920537403,0.0014913234689370976,2017,2017
JAM,Jamaica,2017,18.474998474121094,-77.67500305175781,11002.81835711015,0.004272527553923225,2017,2017
JAM,Jamaica,2017,18.474998474121094,-77.62500762939453,8684.497520446777,0.003372295510459759,2017,2017
JAM,Jamaica,2017,18.474998474121094,-77.57500457763672,4225.901972830296,0.0016409688893417403,2017,2017
JAM,Jamaica,2017,18.474998474121094,-77.5250015258789,5229.4384325146675,0.0020306542441487947,2017,2017
JAM,Jamaica,2017,18.474998474121094,-77.47500610351562,1058.0255060195923,0.0004108441110727878,2017,2017
JAM,Jamaica,2018,17.724998474121094,-77.22500610351562,37.518596887743385,1.4542667974275838e-05,2018,2018
JAM,Jamaica,2018,17.724998474121094,-77.17500305175781,32.99425971513562,1.2788979436781438e-05,2018,2018
JAM,Jamaica,2018,17.774993896484375,-77.2750015258789,2893.636399265876,0.0011216089321972975,2018,2018
JAM,Jamaica,2018,17.774993896484375,-77.22500610351562,4502.867149874597,0.001745366493550624,2018,2018
JAM,Jamaica,2018,17.824996948242188,-77.32500457763672,788.2460066082177,0.0003055338127502566,2018,2018
JAM,Jamaica,2018,17.824996948242188,-77.2750015258789,6781.450371384703,0.002628573276078315,2018,2018
JAM,Jamaica,2018,17.824996948242188,-77.22500610351562,4531.97340701893,0.0017566484355403629,2018,2018
JAM,Jamaica,2018,17.824996948242188,-77.17500305175781,1348.3273177147628,0.0005226281931821756,2018,2018
JAM,Jamaica,2018,17.875,-77.72500610351562,3411.798317747307,0.0013224548422918437,2018,2018
JAM,Jamaica,2018,17.875,-77.67500305175781,6299.438614785671,0.002441739611778701,2018,2018
JAM,Jamaica,2018,17.875,-77.62500762939453,6860.916172921658,0.002659375194671362,2018,2018
JAM,Jamaica,2018,17.875,-77.57500457763672,7848.268577575684,0.003042085087513252,2018,2018
JAM,Jamaica,2018,17.875,-77.5250015258789,3098.997493624687,0.0012012094092361857,2018,2018
JAM,Jamaica,2018,17.875,-77.47500610351562,2033.3856925070286,0.0007881652151931326,2018,2018
JAM,Jamaica,2018,17.875,-77.42500305175781,402.09165954589844,0.00015585565519673854,2018,2018
JAM,Jamaica,2018,17.875,-77.37500762939453,3003.1801419258422,0.0011640694293989886,2018,2018
JAM,Jamaica,2018,17.875,-77.32500457763672,4523.0650334358215,0.0017531954407602655,2018,2018
JAM,Jamaica,2018,17.875,-77.2750015258789,2499.7493328750134,0.0009689334778613401,2018,2018
JAM,Jamaica,2018,17.875,-77.22500610351562,10347.325469970707,0.0040107501669581335,2018,2018
JAM,Jamaica,2018,17.875,-77.17500305175781,567.5898642539978,0.00022000478765523071,2018,2018
JAM,Jamaica,2018,17.875,-77.0250015258789,8.930420070888797,3.4615402689584967e-06,2018,2018
JAM,Jamaica,2018,17.875,-76.97500610351562,3.2992000580142204,1.2788103768370474e-06,2018,2018
JAM,Jamaica,2018,17.875,-76.92500305175781,3225.8419616224865,0.0012503758796131273,2018,2018
JAM,Jamaica,2018,17.875,-76.57500457763672,11241.512434005968,0.004357347993198769,2018,2018
JAM,Jamaica,2018,17.875,-76.5250015258789,1732.4577398896217,0.0006715218526444864,2018,2018
JAM,Jamaica,2018,17.875,-76.47500610351562,3156.135146439644,0.0012233566637351622,2018,2018
JAM,Jamaica,2018,17.875,-76.42500305175781,7718.840771973254,0.0029919172838198753,2018,2018
JAM,Jamaica,2018,17.875,-76.37500762939453,10423.880882918835,0.004040423983264998,2018,2018
JAM,Jamaica,2018,17.92499542236328,-77.7750015258789,2967.9316140413284,0.0011504066679918863,2018,2018
JAM,Jamaica,2018,17.92499542236328,-77.72500610351562,3702.676903605461,0.0014352029471215299,2018,2018
JAM,Jamaica,2018,17.92499542236328,-77.67500305175781,4540.392572402954,0.0017599118072268553,2018,2018
JAM,Jamaica,2018,17.92499542236328,-77.62500762939453,8338.259974479675,0.0032320117581919796,2018,2018
JAM,Jamaica,2018,17.92499542236328,-77.57500457763672,8776.310887336731,0.0034018056606816994,2018,2018
JAM,Jamaica,2018,17.92499542236328,-77.5250015258789,2914.430781364441,0.0011296690895505818,2018,2018
JAM,Jamaica,2018,17.92499542236328,-77.47500610351562,3443.4176902770996,0.0013347108986052378,2018,2018
JAM,Jamaica,2018,17.92499542236328,-77.42500305175781,5333.954380512238,0.0020675060897883484,2018,2018
JAM,Jamaica,2018,17.92499542236328,-77.37500762939453,1543.6595630049706,0.0005983413654104602,2018,2018
JAM,Jamaica,2018,17.92499542236328,-77.32500457763672,3209.0401536226273,0.0012438632929127088,2018,2018
JAM,Jamaica,2018,17.92499542236328,-77.2750015258789,2705.9930152895517,0.0010488760568474547,2018,2018
JAM,Jamaica,2018,17.92499542236328,-77.22500610351562,16498.309161543846,0.006394946831065149,2018,2018
JAM,Jamaica,2018,17.92499542236328,-77.17500305175781,21648.485389709647,0.008391218256654922,2018,2018
JAM,Jamaica,2018,17.92499542236328,-77.12500762939453,27525.359435796767,0.010669166662737347,2018,2018
JAM,Jamaica,2018,17.92499542236328,-77.07500457763672,11859.105929866433,0.0045967348012993965,2018,2018
JAM,Jamaica,2018,17.92499542236328,-77.0250015258789,662.0776634216897,0.00025662941663661716,2018,2018
JAM,Jamaica,2018,17.92499542236328,-76.97500610351562,1240.9218032956123,0.0004809964994523319,2018,2018
JAM,Jamaica,2018,17.92499542236328,-76.92500305175781,38145.37854719162,0.014785616227191422,2018,2018
JAM,Jamaica,2018,17.92499542236328,-76.62500762939453,2765.12740111351,0.0010717972695322897,2018,2018
JAM,Jamaica,2018,17.92499542236328,-76.57500457763672,3135.9871193766594,0.00121554704151527,2018,2018
JAM,Jamaica,2018,17.92499542236328,-76.5250015258789,1561.0853752493858,0.0006050958238037427,2018,2018
JAM,Jamaica,2018,17.92499542236328,-76.47500610351562,6537.477422952828,0.002534006371181375,2018,2018
JAM,Jamaica,2018,17.92499542236328,-76.42500305175781,5442.212076425634,0.002109468099509532,2018,2018
JAM,Jamaica,2018,17.92499542236328,-76.37500762939453,3004.152858674526,0.0011644464663322048,2018,2018
JAM,Jamaica,2018,17.92499542236328,-76.32500457763672,2735.768134087383,0.0010604172578115275,2018,2018
JAM,Jamaica,2018,17.92499542236328,-76.2750015258789,5297.508548796177,0.002053379238742217,2018,2018
JAM,Jamaica,2018,17.92499542236328,-76.22500610351562,1053.5948743522667,0.00040838628595168275,2018,2018
JAM,Jamaica,2018,17.974998474121094,-77.82500457763672,1755.6427180171013,0.0006805086343172555,2018,2018
JAM,Jamaica,2018,17.974998474121094,-77.7750015258789,3194.100123286423,0.0012380723540523057,2018,2018
JAM,Jamaica,2018,17.974998474121094,-77.72500610351562,4103.438457489014,0.0015905430370620282,2018,2018
JAM,Jamaica,2018,17.974998474121094,-77.67500305175781,2892.3253277540207,0.0011211007448110662,2018,2018
JAM,Jamaica,2018,17.974998474121094,-77.62500762939453,3552.516240477562,0.0013769988337534334,2018,2018
JAM,Jamaica,2018,17.974998474121094,-77.57500457763672,6872.738428592682,0.002663957645860705,2018,2018
JAM,Jamaica,2018,17.974998474121094,-77.5250015258789,7669.312200546265,0.0029727194025222885,2018,2018
JAM,Jamaica,2018,17.974998474121094,-77.47500610351562,7357.069952011108,0.0028516904802101247,2018,2018
JAM,Jamaica,2018,17.974998474121094,-77.42500305175781,3163.6195132732564,0.0012262576960468067,2018,2018
JAM,Jamaica,2018,17.974998474121094,-77.37500762939453,2524.3523591160774,0.0009784699123622548,2018,2018
JAM,Jamaica,2018,17.974998474121094,-77.32500457763672,8001.255086898804,0.0031013845334996347,2018,2018
JAM,Jamaica,2018,17.974998474121094,-77.2750015258789,23731.756514549255,0.009198719676806267,2018,2018
JAM,Jamaica,2018,17.974998474121094,-77.22500610351562,33167.16567707062,0.0128559999067291,2018,2018
JAM,Jamaica,2018,17.974998474121094,-77.17500305175781,3889.7485828399927,0.001507714222706752,2018,2018
JAM,Jamaica,2018,17.974998474121094,-77.12500762939453,10954.054911861196,0.004245925934592278,2018,2018
JAM,Jamaica,2018,17.974998474121094,-77.07500457763672,3355.4528383916117,0.0013006146439344,2018,2018
JAM,Jamaica,2018,17.974998474121094,-77.0250015258789,4221.649937212467,0.0016363632553796175,2018,2018
JAM,Jamaica,2018,17.974998474121094,-76.97500610351562,56324.614979207516,0.02183211106940745,2018,2018
JAM,Jamaica,2018,17.974998474121094,-76.92500305175781,50570.85126829147,0.01960188173805353,2018,2018
JAM,Jamaica,2018,17.974998474121094,-76.87500762939453,132026.39629983902,0.05117504929551221,2018,2018
JAM,Jamaica,2018,17.974998474121094,-76.7750015258789,132946.13819658756,0.05153155252686877,2018,2018
JAM,Jamaica,2018,17.974998474121094,-76.72500610351562,26705.25027859213,0.010351282302307375,2018,2018
JAM,Jamaica,2018,17.974998474121094,-76.67500305175781,2325.7789794208375,0.0009015004367158703,2018,2018
JAM,Jamaica,2018,17.974998474121094,-76.62500762939453,1450.814898014306,0.0005623536353740208,2018,2018
JAM,Jamaica,2018,17.974998474121094,-76.57500457763672,1875.9563165903091,0.000727143659664167,2018,2018
JAM,Jamaica,2018,17.974998474121094,-76.5250015258789,3325.424421549487,0.0012889752615439878,2018,2018
JAM,Jamaica,2018,17.974998474121094,-76.47500610351562,1413.7762767672793,0.0005479970118405742,2018,2018
JAM,Jamaica,2018,17.974998474121094,-76.42500305175781,1417.820972323486,0.0005495647854091578,2018,2018
JAM,Jamaica,2018,17.974998474121094,-76.37500762939453,1260.505749344958,0.0004885874769580713,2018,2018
JAM,Jamaica,2018,17.974998474121094,-76.32500457763672,852.2979078298149,0.00033036111467132337,2018,2018
JAM,Jamaica,2018,17.974998474121094,-76.2750015258789,2418.139068484548,0.0009373003391841546,2018,2018
JAM,Jamaica,2018,18.024993896484375,-77.82500457763672,1957.7432408332902,0.0007588452738652962,2018,2018
JAM,Jamaica,2018,18.024993896484375,-77.7750015258789,3715.001136407473,0.0014399799707989767,2018,2018
JAM,Jamaica,2018,18.024993896484375,-77.72500610351562,4862.0638563632965,0.0018845955392302357,2018,2018
JAM,Jamaica,2018,18.024993896484375,-77.67500305175781,5866.622037529945,0.002273974601919051,2018,2018
JAM,Jamaica,2018,18.024993896484375,-77.62500762939453,3300.5416674017906,0.0012793304010781717,2018,2018
JAM,Jamaica,2018,18.024993896484375,-77.57500457763672,5782.596097946167,0.0022414051179308944,2018,2018
JAM,Jamaica,2018,18.024993896484375,-77.5250015258789,27497.325485229492,0.010658300359918854,2018,2018
JAM,Jamaica,2018,18.024993896484375,-77.47500610351562,16172.68405866623,0.006268730550392202,2018,2018
JAM,Jamaica,2018,18.024993896484375,-77.42500305175781,7202.605814576149,0.0027918182874580723,2018,2018
JAM,Jamaica,2018,18.024993896484375,-77.37500762939453,5237.053071975708,0.0020299459549961017,2018,2018
JAM,Jamaica,2018,18.024993896484375,-77.32500457763672,4077.416808247566,0.0015804567268997986,2018,2018
JAM,Jamaica,2018,18.024993896484375,-77.2750015258789,1196.8734711110767,0.0004639228260498605,2018,2018
JAM,Jamaica,2018,18.024993896484375,-77.22500610351562,2772.7360752671957,0.0010747464848846807,2018,2018
JAM,Jamaica,2018,18.024993896484375,-77.17500305175781,3075.2575900554657,0.0011920075316611397,2018,2018
JAM,Jamaica,2018,18.024993896484375,-77.12500762939453,3578.034633576879,0.0013868900756671644,2018,2018
JAM,Jamaica,2018,18.024993896484375,-77.07500457763672,4489.726757049899,0.0017402731162456861,2018,2018
JAM,Jamaica,2018,18.024993896484375,-77.0250015258789,13010.546637117863,0.005043047331262189,2018,2018
JAM,Jamaica,2018,18.024993896484375,-76.97500610351562,69334.02743339539,0.02687471877746565,2018,2018
JAM,Jamaica,2018,18.024993896484375,-76.92500305175781,21931.34120512072,0.008500856637333814,2018,2018
JAM,Jamaica,2018,18.024993896484375,-76.87500762939453,18856.54512435295,0.007309027992328753,2018,2018
JAM,Jamaica,2018,18.024993896484375,-76.82500457763672,214870.0701904297,0.08328627261137185,2018,2018
JAM,Jamaica,2018,18.024993896484375,-76.7750015258789,81390.19046020508,0.0315478353246335,2018,2018
JAM,Jamaica,2018,18.024993896484375,-76.72500610351562,23755.94153404236,0.009208094086768663,2018,2018
JAM,Jamaica,2018,18.024993896484375,-76.67500305175781,7128.439206600189,0.0027630704012351465,2018,2018
JAM,Jamaica,2018,18.024993896484375,-76.62500762939453,3182.7661066651344,0.001233679150302403,2018,2018
JAM,Jamaica,2018,18.024993896484375,-76.57500457763672,323.3436304927024,0.00012533195401527526,2018,2018
JAM,Jamaica,2018,18.024993896484375,-76.5250015258789,12.738230973491275,4.937494442593002e-06,2018,2018
JAM,Jamaica,2018,18.024993896484375,-76.47500610351562,0.0,0.0,2018,2018
JAM,Jamaica,2018,18.024993896484375,-76.42500305175781,284.9885476233677,0.00011046505382272601,2018,2018
JAM,Jamaica,2018,18.024993896484375,-76.37500762939453,197.46560588479042,7.654008894079507e-05,2018,2018
JAM,Jamaica,2018,18.024993896484375,-76.32500457763672,600.6346076726913,0.0002328133351942296,2018,2018
JAM,Jamaica,2018,18.024993896484375,-76.2750015258789,5022.5169780254555,0.0019467891356685701,2018,2018
JAM,Jamaica,2018,18.074996948242188,-77.97500610351562,3877.4710763692856,0.0015029553107279877,2018,2018
JAM,Jamaica,2018,18.074996948242188,-77.92500305175781,2958.4029428960325,0.0011467132382744394,2018,2018
JAM,Jamaica,2018,18.074996948242188,-77.87500762939453,5175.568228960037,0.0020061136762970157,2018,2018
JAM,Jamaica,2018,18.074996948242188,-77.82500457763672,1023.5707810521251,0.0003967485794191317,2018,2018
JAM,Jamaica,2018,18.074996948242188,-77.7750015258789,5015.950734496128,0.001944243979202006,2018,2018
JAM,Jamaica,2018,18.074996948242188,-77.72500610351562,4206.697991013527,0.0016305676977847795,2018,2018
JAM,Jamaica,2018,18.074996948242188,-77.67500305175781,4788.320482820272,0.0018560117038605942,2018,2018
JAM,Jamaica,2018,18.074996948242188,-77.62500762939453,1745.5583963394165,0.0006765998276435104,2018,2018
JAM,Jamaica,2018,18.074996948242188,-77.57500457763672,3111.727793574333,0.0012061438295167353,2018,2018
JAM,Jamaica,2018,18.074996948242188,-77.5250015258789,11365.903058528993,0.004405563323771062,2018,2018
JAM,Jamaica,2018,18.074996948242188,-77.47500610351562,10907.702489852905,0.004227959167735645,2018,2018
JAM,Jamaica,2018,18.074996948242188,-77.42500305175781,4034.9665007591248,0.0015640024674546116,2018,2018
JAM,Jamaica,2018,18.074996948242188,-77.37500762939453,3748.0918959379196,0.0014528063547468557,2018,2018
JAM,Jamaica,2018,18.074996948242188,-77.32500457763672,3330.3614863157272,0.0012908889283550827,2018,2018
JAM,Jamaica,2018,18.074996948242188,-77.2750015258789,7524.442514658158,0.0029165661367775183,2018,2018
JAM,Jamaica,2018,18.074996948242188,-77.22500610351562,3178.3394849300385,0.0012319633374660696,2018,2018
JAM,Jamaica,2018,18.074996948242188,-77.17500305175781,3036.2076721191406,0.0011768713048808624,2018,2018
JAM,Jamaica,2018,18.074996948242188,-77.12500762939453,4820.997908592224,0.0018686778745779428,2018,2018
JAM,Jamaica,2018,18.074996948242188,-77.07500457763672,2960.1626809835434,0.0011473953343241645,2018,2018
JAM,Jamaica,2018,18.074996948242188,-77.0250015258789,2007.0782070755959,0.0007779681114205124,2018,2018
JAM,Jamaica,2018,18.074996948242188,-76.97500610351562,1762.2599262597316,0.0006830735453313093,2018,2018
JAM,Jamaica,2018,18.074996948242188,-76.92500305175781,3409.9992621541023,0.001321757506295044,2018,2018
JAM,Jamaica,2018,18.074996948242188,-76.87500762939453,12035.837149620056,0.004665237988059169,2018,2018
JAM,Jamaica,2018,18.074996948242188,-76.82500457763672,28793.409965515137,0.011160678589035505,2018,2018
JAM,Jamaica,2018,18.074996948242188,-76.7750015258789,16858.87684978545,0.006534707286074672,2018,2018
JAM,Jamaica,2018,18.074996948242188,-76.72500610351562,5564.118059158391,0.0021567203524726335,2018,2018
JAM,Jamaica,2018,18.074996948242188,-76.67500305175781,4922.892293691933,0.001908173387040248,2018,2018
JAM,Jamaica,2018,18.074996948242188,-76.62500762939453,382.38422560693306,0.0001482168122715391,2018,2018
JAM,Jamaica,2018,18.074996948242188,-76.57500457763672,18.13511961698532,7.029394624023121e-06,2018,2018
JAM,Jamaica,2018,18.074996948242188,-76.5250015258789,1.2391389608383179,4.80305447865716e-07,2018,2018
JAM,Jamaica,2018,18.074996948242188,-76.47500610351562,345.50794184207916,0.00013392311273575924,2018,2018
JAM,Jamaica,2018,18.074996948242188,-76.42500305175781,2141.9512895941734,0.0008302465711828373,2018,2018
JAM,Jamaica,2018,18.074996948242188,-76.37500762939453,1.375702977180481,5.332393343018169e-07,2018,2018
JAM,Jamaica,2018,18.074996948242188,-76.32500457763672,829.3119463027996,0.0003214514742720028,2018,2018
JAM,Jamaica,2018,18.125,-78.0250015258789,1094.2423725128676,0.0004241417544065203,2018,2018
JAM,Jamaica,2018,18.125,-77.97500610351562,4088.329548597336,0.001584686638803781,2018,2018
JAM,Jamaica,2018,18.125,-77.92500305175781,2425.661996603012,0.0009402163183224072,2018,2018
JAM,Jamaica,2018,18.125,-77.87500762939453,3336.914260149002,0.0012934288638023748,2018,2018
JAM,Jamaica,2018,18.125,-77.82500457763672,3507.6516466140747,0.0013596087673202568,2018,2018
JAM,Jamaica,2018,18.125,-77.7750015258789,3100.2880415916443,0.0012017096414448818,2018,2018
JAM,Jamaica,2018,18.125,-77.72500610351562,2011.5900793971261,0.0007797169684289624,2018,2018
JAM,Jamaica,2018,18.125,-77.67500305175781,916.3463464975454,0.000355187074464075,2018,2018
JAM,Jamaica,2018,18.125,-77.62500762939453,2328.1012102365494,0.000902400561840847,2018,2018
JAM,Jamaica,2018,18.125,-77.57500457763672,3195.4720096588135,0.0012386041140238155,2018,2018
JAM,Jamaica,2018,18.125,-77.5250015258789,4943.988910675109,0.001916350694338939,2018,2018
JAM,Jamaica,2018,18.125,-77.47500610351562,9367.592396974564,0.0036309936204478774,2018,2018
JAM,Jamaica,2018,18.125,-77.42500305175781,5102.1840208768845,0.0019776690578614817,2018,2018
JAM,Jamaica,2018,18.125,-77.37500762939453,4930.7124396564395,0.0019112045714582701,2018,2018
JAM,Jamaica,2018,18.125,-77.32500457763672,5250.828131556511,0.0020352853369140574,2018,2018
JAM,Jamaica,2018,18.125,-77.2750015258789,5176.7724323272705,0.002006580440280636,2018,2018
JAM,Jamaica,2018,18.125,-77.22500610351562,4210.112605334597,0.0016318912441444717,2018,2018
JAM,Jamaica,2018,18.125,-77.17500305175781,1935.3740169405937,0.0007501746885316534,2018,2018
JAM,Jamaica,2018,18.125,-77.12500762939453,2441.5912048965693,0.0009463906746822518,2018,2018
JAM,Jamaica,2018,18.125,-77.07500457763672,2930.5170983375597,0.0011359043431601176,2018,2018
JAM,Jamaica,2018,18.125,-77.0250015258789,18062.459743499756,0.007001230766554915,2018,2018
JAM,Jamaica,2018,18.125,-76.97500610351562,5044.018618106842,0.0019551234348840116,2018,2018
JAM,Jamaica,2018,18.125,-76.92500305175781,2820.868699580431,0.0010934032799725217,2018,2018
JAM,Jamaica,2018,18.125,-76.87500762939453,12832.261806488037,0.004973941945886048,2018,2018
JAM,Jamaica,2018,18.125,-76.82500457763672,15881.123192310333,0.006155717985279694,2018,2018
JAM,Jamaica,2018,18.125,-76.7750015258789,3706.731635093689,0.001436774610740363,2018,2018
JAM,Jamaica,2018,18.125,-76.72500610351562,1268.430976868072,0.000491659392276069,2018,2018
JAM,Jamaica,2018,18.125,-76.67500305175781,274.3131046295166,0.00010632712128216763,2018,2018
JAM,Jamaica,2018,18.125,-76.62500762939453,205.25706791898477,7.956015511588383e-05,2018,2018
JAM,Jamaica,2018,18.125,-76.57500457763672,188.5329440832138,7.307767974954777e-05,2018,2018
JAM,Jamaica,2018,18.125,-76.5250015258789,1340.3323495388256,0.0005195292455324158,2018,2018
JAM,Jamaica,2018,18.125,-76.47500610351562,2766.2155104880085,0.001072219034061501,2018,2018
JAM,Jamaica,2018,18.125,-76.42500305175781,1317.945532977581,0.0005108518410648316,2018,2018
JAM,Jamaica,2018,18.125,-76.37500762939453,911.0596951842308,0.0003531379036228696,2018,2018
JAM,Jamaica,2018,18.17499542236328,-78.0250015258789,3187.628932952881,0.0012355640413693816,2018,2018
JAM,Jamaica,2018,18.17499542236328,-77.97500610351562,3189.7762746810913,0.0012363963773406362,2018,2018
JAM,Jamaica,2018,18.17499542236328,-77.92500305175781,4039.808231115341,0.0015658791814799815,2018,2018
JAM,Jamaica,2018,18.17499542236328,-77.87500762939453,3342.999667286873,0.0012957876421905734,2018,2018
JAM,Jamaica,2018,18.17499542236328,-77.82500457763672,706.9048489332388,0.000274004983134113,2018,2018
JAM,Jamaica,2018,18.17499542236328,-77.7750015258789,3019.215449584881,0.0011702849111732269,2018,2018
JAM,Jamaica,2018,18.17499542236328,-77.72500610351562,5163.47512793541,0.0020014262421291884,2018,2018
JAM,Jamaica,2018,18.17499542236328,-77.67500305175781,2171.081044435816,0.0008415376211680368,2018,2018
JAM,Jamaica,2018,18.17499542236328,-77.62500762939453,4491.098371505737,0.0017408047708190075,2018,2018
JAM,Jamaica,2018,18.17499542236328,-77.57500457763672,3073.546526670456,0.0011913443025226517,2018,2018
JAM,Jamaica,2018,18.17499542236328,-77.5250015258789,6946.910656929016,0.002692707710604194,2018,2018
JAM,Jamaica,2018,18.17499542236328,-77.47500610351562,29649.44101715088,0.011492486715998685,2018,2018
JAM,Jamaica,2018,18.17499542236328,-77.42500305175781,8396.903543233871,0.0032547427241652166,2018,2018
JAM,Jamaica,2018,18.17499542236328,-77.37500762939453,5038.989805221558,0.001953174205377528,2018,2018
JAM,Jamaica,2018,18.17499542236328,-77.32500457763672,3921.485013008261,0.0015200156519954548,2018,2018
JAM,Jamaica,2018,18.17499542236328,-77.2750015258789,5368.060149550461,0.0020807259038611997,2018,2018
JAM,Jamaica,2018,18.17499542236328,-77.22500610351562,4674.5900102853775,0.0018119283788476381,2018,2018
JAM,Jamaica,2018,18.17499542236328,-77.17500305175781,400.31020826135807,0.00015516514284573212,2018,2018
JAM,Jamaica,2018,18.17499542236328,-77.12500762939453,657.3031260967398,0.0002547787474536708,2018,2018
JAM,Jamaica,2018,18.17499542236328,-77.07500457763672,10345.425726890564,0.00401001380325739,2018,2018
JAM,Jamaica,2018,18.17499542236328,-77.0250015258789,13164.87832736969,0.005102868185862812,2018,2018
JAM,Jamaica,2018,18.17499542236328,-76.97500610351562,3144.4179254773685,0.0012188149252862156,2018,2018
JAM,Jamaica,2018,18.17499542236328,-76.92500305175781,2048.981530070305,0.0007942103529721938,2018,2018
JAM,Jamaica,2018,18.17499542236328,-76.87500762939453,4246.0224183800665,0.0016458103277845419,2018,2018
JAM,Jamaica,2018,18.17499542236328,-76.82500457763672,5079.699569195509,0.001968953808824738,2018,2018
JAM,Jamaica,2018,18.17499542236328,-76.7750015258789,35.36060678977011,1.370620456439676e-05,2018,2018
JAM,Jamaica,2018,18.17499542236328,-76.72500610351562,917.6016738414764,0.00035567365472762914,2018,2018
JAM,Jamaica,2018,18.17499542236328,-76.67500305175781,2071.5416505932926,0.0008029549321793292,2018,2018
JAM,Jamaica,2018,18.17499542236328,-76.62500762939453,2473.3600496053696,0.0009587046682441309,2018,2018
JAM,Jamaica,2018,18.17499542236328,-76.57500457763672,3550.161873996258,0.0013760862524506247,2018,2018
JAM,Jamaica,2018,18.17499542236328,-76.5250015258789,4247.399520516396,0.0016463441094500776,2018,2018
JAM,Jamaica,2018,18.17499542236328,-76.47500610351562,11064.158086419106,0.004288603274453899,2018,2018
JAM,Jamaica,2018,18.17499542236328,-76.42500305175781,11181.004440307617,0.0043338943532671495,2018,2018
JAM,Jamaica,2018,18.224998474121094,-78.32500457763672,1727.4646844865524,0.0006695864831763462,2018,2018
JAM,Jamaica,2018,18.224998474121094,-78.2750015258789,1911.301888525486,0.0007408440365346592,2018,2018
JAM,Jamaica,2018,18.224998474121094,-78.22500610351562,5764.789428770542,0.002234503034723367,2018,2018
JAM,Jamaica,2018,18.224998474121094,-78.17500305175781,2588.8433680832386,0.0010034674178271208,2018,2018
JAM,Jamaica,2018,18.224998474121094,-78.12500762939453,31942.708085536957,0.01238138513753786,2018,2018
JAM,Jamaica,2018,18.224998474121094,-78.07500457763672,3310.3479041457176,0.0012831314186234379,2018,2018
JAM,Jamaica,2018,18.224998474121094,-78.0250015258789,1807.7295536996423,0.0007006981301938807,2018,2018
JAM,Jamaica,2018,18.224998474121094,-77.97500610351562,4169.087107121944,0.0016159892582367642,2018,2018
JAM,Jamaica,2018,18.224998474121094,-77.92500305175781,2828.760990381241,0.0010964624286132882,2018,2018
JAM,Jamaica,2018,18.224998474121094,-77.87500762939453,2603.1409620642726,0.0010090093404826854,2018,2018
JAM,Jamaica,2018,18.224998474121094,-77.82500457763672,934.7186359763145,0.000362308399033233,2018,2018
JAM,Jamaica,2018,18.224998474121094,-77.7750015258789,2054.352329850197,0.0007962921407903518,2018,2018
JAM,Jamaica,2018,18.224998474121094,-77.72500610351562,1099.10354340108,0.0004260260038203512,2018,2018
JAM,Jamaica,2018,18.224998474121094,-77.67500305175781,569.5136162638679,0.00022075045751138481,2018,2018
JAM,Jamaica,2018,18.224998474121094,-77.62500762939453,1672.0223461091518,0.0006480963533308085,2018,2018
JAM,Jamaica,2018,18.224998474121094,-77.57500457763672,2665.2067537905414,0.0010330668020219933,2018,2018
JAM,Jamaica,2018,18.224998474121094,-77.5250015258789,5412.115343153477,0.0020978022368335664,2018,2018
JAM,Jamaica,2018,18.224998474121094,-77.47500610351562,5548.971426963806,0.0021508493321998503,2018,2018
JAM,Jamaica,2018,18.224998474121094,-77.42500305175781,3020.1848546266556,0.0011706606644482573,2018,2018
JAM,Jamaica,2018,18.224998474121094,-77.37500762939453,3130.7633179426193,0.001213522232057547,2018,2018
JAM,Jamaica,2018,18.224998474121094,-77.32500457763672,1106.1104390622647,0.00042874196245376936,2018,2018
JAM,Jamaica,2018,18.224998474121094,-77.2750015258789,786.4690483212471,0.00030484504194017354,2018,2018
JAM,Jamaica,2018,18.224998474121094,-77.22500610351562,1492.4669083357446,0.0005784984650535036,2018,2018
JAM,Jamaica,2018,18.224998474121094,-77.17500305175781,1023.7741677761525,0.00039682741460603265,2018,2018
JAM,Jamaica,2018,18.224998474121094,-77.12500762939453,321.6212373383451,0.0001246643333193327,2018,2018
JAM,Jamaica,2018,18.224998474121094,-77.07500457763672,1055.3934814933143,0.0004090834481229302,2018,2018
JAM,Jamaica,2018,18.224998474121094,-77.0250015258789,3766.7608976364136,0.001460042688608826,2018,2018
JAM,Jamaica,2018,18.224998474121094,-76.97500610351562,4103.72305816412,0.0015906533517717094,2018,2018
JAM,Jamaica,2018,18.224998474121094,-76.92500305175781,3050.9354834258556,0.0011825799850445204,2018,2018
JAM,Jamaica,2018,18.224998474121094,-76.87500762939453,4239.112910032272,0.0016431321176673538,2018,2018
JAM,Jamaica,2018,18.224998474121094,-76.82500457763672,2223.2487921714783,0.0008617584795480941,2018,2018
JAM,Jamaica,2018,18.224998474121094,-76.7750015258789,1931.1296708586005,0.0007485295279723973,2018,2018
JAM,Jamaica,2018,18.224998474121094,-76.72500610351562,2732.5009277463328,0.0010591508485914944,2018,2018
JAM,Jamaica,2018,18.224998474121094,-76.67500305175781,8431.456679582603,0.003268135943290467,2018,2018
JAM,Jamaica,2018,18.224998474121094,-76.62500762939453,2504.4758433109514,0.0009707655312334972,2018,2018
JAM,Jamaica,2018,18.274993896484375,-78.32500457763672,10995.3547705416,0.004261934265979794,2018,2018
JAM,Jamaica,2018,18.274993896484375,-78.2750015258789,2195.5750259170163,0.0008510317885835971,2018,2018
JAM,Jamaica,2018,18.274993896484375,-78.22500610351562,2833.1760116823675,0.0010981737449792426,2018,2018
JAM,Jamaica,2018,18.274993896484375,-78.17500305175781,2652.095161289144,0.001027984588075338,2018,2018
JAM,Jamaica,2018,18.274993896484375,-78.12500762939453,4585.850025534649,0.0017775316731783563,2018,2018
JAM,Jamaica,2018,18.274993896484375,-78.07500457763672,11032.14567780512,0.004276194872537299,2018,2018
JAM,Jamaica,2018,18.274993896484375,-78.0250015258789,4230.33866083622,0.0016397311111434815,2018,2018
JAM,Jamaica,2018,18.274993896484375,-77.97500610351562,4244.824181497097,0.001645345876483346,2018,2018
JAM,Jamaica,2018,18.274993896484375,-77.92500305175781,5203.19316031388,0.0020168214382555215,2018,2018
JAM,Jamaica,2018,18.274993896484375,-77.87500762939453,2365.0374455290257,0.0009167174993234876,2018,2018
JAM,Jamaica,2018,18.274993896484375,-77.82500457763672,875.3133387566195,0.0003392821777711735,2018,2018
JAM,Jamaica,2018,18.274993896484375,-77.7750015258789,23.165481716394424,8.979224624888266e-06,2018,2018
JAM,Jamaica,2018,18.274993896484375,-77.72500610351562,33.81418293740371,1.310679172655122e-05,2018,2018
JAM,Jamaica,2018,18.274993896484375,-77.67500305175781,43.669737577589636,1.692692549283765e-05,2018,2018
JAM,Jamaica,2018,18.274993896484375,-77.62500762939453,1041.472435951247,0.0004036874802572131,2018,2018
JAM,Jamaica,2018,18.274993896484375,-77.57500457763672,3731.774676322937,0.0014464816004434355,2018,2018
JAM,Jamaica,2018,18.274993896484375,-77.5250015258789,6354.944293141365,0.0024632542929761076,2018,2018
JAM,Jamaica,2018,18.274993896484375,-77.47500610351562,136.93235778808594,5.307666009486133e-05,2018,2018
JAM,Jamaica,2018,18.274993896484375,-77.42500305175781,435.15489792839116,0.00016867137161037665,2018,2018
JAM,Jamaica,2018,18.274993896484375,-77.37500762939453,2687.4677966536783,0.0010416954550627334,2018,2018
JAM,Jamaica,2018,18.274993896484375,-77.32500457763672,2691.3707887832543,0.0010432083026464653,2018,2018
JAM,Jamaica,2018,18.274993896484375,-77.2750015258789,1635.2559337020216,0.0006338452412798443,2018,2018
JAM,Jamaica,2018,18.274993896484375,-77.22500610351562,1326.452328979969,0.0005141491794529853,2018,2018
JAM,Jamaica,2018,18.274993896484375,-77.17500305175781,893.4133550823539,0.00034629796592928867,2018,2018
JAM,Jamaica,2018,18.274993896484375,-77.12500762939453,4651.003024458885,0.001802785774063804,2018,2018
JAM,Jamaica,2018,18.274993896484375,-77.07500457763672,1285.792192816749,0.0004983888123534438,2018,2018
JAM,Jamaica,2018,18.274993896484375,-77.0250015258789,2960.0274599939585,0.0011473429210113594,2018,2018
JAM,Jamaica,2018,18.274993896484375,-76.97500610351562,4376.995188236237,0.0016965769785574484,2018,2018
JAM,Jamaica,2018,18.274993896484375,-76.92500305175781,3895.186411738645,0.0015098219918328372,2018,2018
JAM,Jamaica,2018,18.274993896484375,-76.87500762939453,9568.196515798569,0.003708750235468913,2018,2018
JAM,Jamaica,2018,18.274993896484375,-76.82500457763672,2976.9736939072864,0.0011539114889658941,2018,2018
JAM,Jamaica,2018,18.274993896484375,-76.7750015258789,6353.157775849121,0.0024625618169784274,2018,2018
JAM,Jamaica,2018,18.324996948242188,-78.32500457763672,1126.3075673803687,0.0004365706169219215,2018,2018
JAM,Jamaica,2018,18.324996948242188,-78.2750015258789,2611.8859866879648,0.0010123990192041402,2018,2018
JAM,Jamaica,2018,18.324996948242188,-78.22500610351562,1491.3116487264633,0.0005780506722703103,2018,2018
JAM,Jamaica,2018,18.324996948242188,-78.17500305175781,7918.136546254158,0.00306916676846119,2018,2018
JAM,Jamaica,2018,18.324996948242188,-78.12500762939453,3990.3920536637306,0.00154672486546473,2018,2018
JAM,Jamaica,2018,18.324996948242188,-78.07500457763672,3093.00604814291,0.0011988870515374647,2018,2018
JAM,Jamaica,2018,18.324996948242188,-78.0250015258789,2555.579156652158,0.0009905738017967638,2018,2018
JAM,Jamaica,2018,18.324996948242188,-77.97500610351562,4187.986086845398,0.0016233147343997743,2018,2018
JAM,Jamaica,2018,18.324996948242188,-77.92500305175781,4623.424574136734,0.0017920960287228442,2018,2018
JAM,Jamaica,2018,18.324996948242188,-77.87500762939453,1237.7480247622061,0.00047976630399557455,2018,2018
JAM,Jamaica,2018,18.324996948242188,-77.82500457763672,2273.5015273690224,0.0008812370555983576,2018,2018
JAM,Jamaica,2018,18.324996948242188,-77.7750015258789,1179.015811324284,0.00045700097825651344,2018,2018
JAM,Jamaica,2018,18.324996948242188,-77.72500610351562,0.9036380052566528,3.5026116564816e-07,2018,2018
JAM,Jamaica,2018,18.324996948242188,-77.67500305175781,0.0,0.0,2018,2018
JAM,Jamaica,2018,18.324996948242188,-77.62500762939453,0.4954429864883423,1.9203977361523745e-07,2018,2018
JAM,Jamaica,2018,18.324996948242188,-77.57500457763672,459.68960189819336,0.00017818132356160594,2018,2018
JAM,Jamaica,2018,18.324996948242188,-77.5250015258789,1551.5703639688084,0.0006014076888172734,2018,2018
JAM,Jamaica,2018,18.324996948242188,-77.47500610351562,190.4399106502533,7.38168433623416e-05,2018,2018
JAM,Jamaica,2018,18.324996948242188,-77.42500305175781,2088.3412310034037,0.0008094666554386606,2018,2018
JAM,Jamaica,2018,18.324996948242188,-77.37500762939453,5447.573774814606,0.0021115463595170244,2018,2018
JAM,Jamaica,2018,18.324996948242188,-77.32500457763672,2822.2517122628215,0.0010939393526381493,2018,2018
JAM,Jamaica,2018,18.324996948242188,-77.2750015258789,1120.964122414751,0.0004344994321650315,2018,2018
JAM,Jamaica,2018,18.324996948242188,-77.22500610351562,496.1857334971606,0.0001923276714588175,2018,2018
JAM,Jamaica,2018,18.324996948242188,-77.17500305175781,4893.798056960106,0.0018968961043097157,2018,2018
JAM,Jamaica,2018,18.324996948242188,-77.12500762939453,3786.5718835594025,0.0014677216695521457,2018,2018
JAM,Jamaica,2018,18.324996948242188,-77.07500457763672,2429.608291924,0.0009417459507538457,2018,2018
JAM,Jamaica,2018,18.324996948242188,-77.0250015258789,3169.7059294581413,0.0012286168655539947,2018,2018
JAM,Jamaica,2018,18.324996948242188,-76.97500610351562,3992.5485162734985,0.00154756073680146,2018,2018
JAM,Jamaica,2018,18.324996948242188,-76.92500305175781,5443.876443862915,0.0021101132287263836,2018,2018
JAM,Jamaica,2018,18.324996948242188,-76.87500762939453,7748.0042815208435,0.003003221417542791,2018,2018
JAM,Jamaica,2018,18.324996948242188,-76.82500457763672,2958.8569710256807,0.001146889225141971,2018,2018
JAM,Jamaica,2018,18.375,-78.2750015258789,5371.402533292894,0.0020820214527633683,2018,2018
JAM,Jamaica,2018,18.375,-78.22500610351562,4800.82350102067,0.0018608580269496144,2018,2018
JAM,Jamaica,2018,18.375,-78.17500305175781,2375.016096562147,0.0009205853467603211,2018,2018
JAM,Jamaica,2018,18.375,-78.12500762939453,2189.224560916424,0.0008485702705193103,2018,2018
JAM,Jamaica,2018,18.375,-78.07500457763672,1399.6080753505616,0.0005425052433287486,2018,2018
JAM,Jamaica,2018,18.375,-78.0250015258789,1865.7301104665073,0.000723179856840199,2018,2018
JAM,Jamaica,2018,18.375,-77.97500610351562,2508.0566143989563,0.0009721534819924382,2018,2018
JAM,Jamaica,2018,18.375,-77.92500305175781,4126.591133236885,0.0015995172979365695,2018,2018
JAM,Jamaica,2018,18.375,-77.87500762939453,2354.181414961815,0.000912509568826249,2018,2018
JAM,Jamaica,2018,18.375,-77.82500457763672,2774.071334838867,0.0010752640478593409,2018,2018
JAM,Jamaica,2018,18.375,-77.7750015258789,339.72836619615555,0.00013168287838205035,2018,2018
JAM,Jamaica,2018,18.375,-77.72500610351562,2965.388437271118,0.0011494209015070755,2018,2018
JAM,Jamaica,2018,18.375,-77.67500305175781,1159.2167971134186,0.00044932663769553565,2018,2018
JAM,Jamaica,2018,18.375,-77.62500762939453,865.2379916311064,0.00033537684974384053,2018,2018
JAM,Jamaica,2018,18.375,-77.57500457763672,74.35477185249329,2.8820820847569765e-05,2018,2018
JAM,Jamaica,2018,18.375,-77.5250015258789,167.22969982028008,6.482028118483893e-05,2018,2018
JAM,Jamaica,2018,18.375,-77.47500610351562,1291.4740727841854,0.0005005911786648319,2018,2018
JAM,Jamaica,2018,18.375,-77.42500305175781,2097.526627779007,0.000813027027803311,2018,2018
JAM,Jamaica,2018,18.375,-77.37500762939453,13035.221330165863,0.005052611544695806,2018,2018
JAM,Jamaica,2018,18.375,-77.32500457763672,2914.501306116581,0.0011296964258088488,2018,2018
JAM,Jamaica,2018,18.375,-77.2750015258789,4390.027135312972,0.001701628320961386,2018,2018
JAM,Jamaica,2018,18.375,-77.22500610351562,2507.2565799951553,0.0009718433788524597,2018,2018
JAM,Jamaica,2018,18.375,-77.17500305175781,2333.406270503998,0.0009044568682182912,2018,2018
JAM,Jamaica,2018,18.375,-77.12500762939453,5067.86629724512,0.0019643670875905002,2018,2018
JAM,Jamaica,2018,18.375,-77.07500457763672,10656.389549911022,0.004130547192171924,2018,2018
JAM,Jamaica,2018,18.375,-77.0250015258789,6557.480641365051,0.0025417598637934853,2018,2018
JAM,Jamaica,2018,18.375,-76.97500610351562,4858.271532535698,0.001883125588036679,2018,2018
JAM,Jamaica,2018,18.375,-76.92500305175781,8423.80368518893,0.0032651695488698767,2018,2018
JAM,Jamaica,2018,18.42499542236328,-78.22500610351562,3225.4297745376825,0.0012502161108473731,2018,2018
JAM,Jamaica,2018,18.42499542236328,-78.17500305175781,12131.243120908737,0.0047022185118075896,2018,2018
JAM,Jamaica,2018,18.42499542236328,-78.12500762939453,2432.898045897495,0.0009430210997125539,2018,2018
JAM,Jamaica,2018,18.42499542236328,-78.07500457763672,7788.87743216753,0.0030190643516667883,2018,2018
JAM,Jamaica,2018,18.42499542236328,-78.0250015258789,6045.1653097870585,0.0023431801624373373,2018,2018
JAM,Jamaica,2018,18.42499542236328,-77.97500610351562,4600.327140510082,0.0017831431803715244,2018,2018
JAM,Jamaica,2018,18.42499542236328,-77.92500305175781,18561.543204903603,0.00719468163286435,2018,2018
JAM,Jamaica,2018,18.42499542236328,-77.87500762939453,13681.092111558482,0.005302958975229579,2018,2018
JAM,Jamaica,2018,18.42499542236328,-77.82500457763672,3552.565398454666,0.0013770178879878297,2018,2018
JAM,Jamaica,2018,18.42499542236328,-77.7750015258789,4340.672903805979,0.0016824980159534657,2018,2018
JAM,Jamaica,2018,18.42499542236328,-77.72500610351562,6193.046086728573,0.0024005005639777515,2018,2018
JAM,Jamaica,2018,18.42499542236328,-77.67500305175781,583.9084848175164,0.00022633008498347296,2018,2018
JAM,Jamaica,2018,18.42499542236328,-77.62500762939453,1290.2526740954213,0.0005001177495638434,2018,2018
JAM,Jamaica,2018,18.42499542236328,-77.57500457763672,1971.3781078458019,0.0007641303154256095,2018,2018
JAM,Jamaica,2018,18.42499542236328,-77.5250015258789,3176.892292738062,0.001231402388035955,2018,2018
JAM,Jamaica,2018,18.42499542236328,-77.47500610351562,3773.073294401169,0.0014624894509583453,2018,2018
JAM,Jamaica,2018,18.42499542236328,-77.42500305175781,3539.393171072015,0.001371912171218071,2018,2018
JAM,Jamaica,2018,18.42499542236328,-77.37500762939453,4780.259497642526,0.001852887167211842,2018,2018
JAM,Jamaica,2018,18.42499542236328,-77.32500457763672,5516.303950786595,0.0021381870180673633,2018,2018
JAM,Jamaica,2018,18.42499542236328,-77.2750015258789,4082.5506487488747,0.001582446666397451,2018,2018
JAM,Jamaica,2018,18.42499542236328,-77.22500610351562,14738.32830375433,0.005712756680604713,2018,2018
JAM,Jamaica,2018,18.42499542236328,-77.17500305175781,14687.445785641678,0.0056930339929780575,2018,2018
JAM,Jamaica,2018,18.474998474121094,-77.92500305175781,50263.745277404785,0.01948284369215488,2018,2018
JAM,Jamaica,2018,18.474998474121094,-77.87500762939453,43875.17640542984,0.017006556100326614,2018,2018
JAM,Jamaica,2018,18.474998474121094,-77.82500457763672,2089.881785750389,0.0008100637933393299,2018,2018
JAM,Jamaica,2018,18.474998474121094,-77.7750015258789,4941.715933263302,0.001915469660436956,2018,2018
JAM,Jamaica,2018,18.474998474121094,-77.72500610351562,3847.481997013705,0.0014913311760294725,2018,2018
JAM,Jamaica,2018,18.474998474121094,-77.67500305175781,11022.87102293981,0.004272599902643148,2018,2018
JAM,Jamaica,2018,18.474998474121094,-77.62500762939453,8699.96549153328,0.00337221324959404,2018,2018
JAM,Jamaica,2018,18.474998474121094,-77.57500457763672,4234.958751142025,0.0016415219147689348,2018,2018
JAM,Jamaica,2018,18.474998474121094,-77.5250015258789,5238.9016315341,0.0020306624793365187,2018,2018
JAM,Jamaica,2018,18.474998474121094,-77.47500610351562,1059.918648838997,0.00041083745844568283,2018,2018
JAM,Jamaica,2019,17.724998474121094,-77.22500610351562,37.57063400419429,1.4544356119720986e-05,2019,2019
JAM,Jamaica,2019,17.724998474121094,-77.17500305175781,33.048871636446094,1.2793889993492172e-05,2019,2019
JAM,Jamaica,2019,17.774993896484375,-77.2750015258789,2897.5492466358437,0.0011217002117344156,2019,2019
JAM,Jamaica,2019,17.774993896484375,-77.22500610351562,4509.372688591509,0.0017456698295827734,2019,2019
JAM,Jamaica,2019,17.824996948242188,-77.32500457763672,789.2039537431893,0.0003055168926095665,2019,2019
JAM,Jamaica,2019,17.824996948242188,-77.2750015258789,6789.728392362678,0.0026284418752070835,2019,2019
JAM,Jamaica,2019,17.824996948242188,-77.22500610351562,4537.678407682106,0.0017566275488119047,2019,2019
JAM,Jamaica,2019,17.824996948242188,-77.17500305175781,1350.4482999444726,0.0005227859874143055,2019,2019
JAM,Jamaica,2019,17.875,-77.72500610351562,3416.3456853178795,0.0013225368587016229,2019,2019
JAM,Jamaica,2019,17.875,-77.67500305175781,6307.5956607759,0.0024417984945180825,2019,2019
JAM,Jamaica,2019,17.875,-77.62500762939453,6869.570939898491,0.0026593505483143024,2019,2019
JAM,Jamaica,2019,17.875,-77.57500457763672,7858.118428230286,0.0030420373752107622,2019,2019
JAM,Jamaica,2019,17.875,-77.5250015258789,3102.8285260796547,0.001201167993510395,2019,2019
JAM,Jamaica,2019,17.875,-77.47500610351562,2035.9310956001282,0.0007881503113925691,2019,2019
JAM,Jamaica,2019,17.875,-77.42500305175781,402.59507313370705,0.00015585273634317851,2019,2019
JAM,Jamaica,2019,17.875,-77.37500762939453,3006.8685723841495,0.0011640199448609218,2019,2019
JAM,Jamaica,2019,17.875,-77.32500457763672,4528.552477836609,0.0017530947158663208,2019,2019
JAM,Jamaica,2019,17.875,-77.2750015258789,2502.911854684353,0.0009689280555323236,2019,2019
JAM,Jamaica,2019,17.875,-77.22500610351562,10360.65886640549,0.004010821647862627,2019,2019
JAM,Jamaica,2019,17.875,-77.17500305175781,568.3786943866871,0.00022003094600690431,2019,2019
JAM,Jamaica,2019,17.875,-77.0250015258789,8.938675016166965,3.460342794829371e-06,2019,2019
JAM,Jamaica,2019,17.875,-76.97500610351562,3.3024060726474325,1.2784285185911778e-06,2019,2019
JAM,Jamaica,2019,17.875,-76.92500305175781,3231.9068806173905,0.0012511368483222368,2019,2019
JAM,Jamaica,2019,17.875,-76.57500457763672,11256.014598846667,0.004357432051748926,2019,2019
JAM,Jamaica,2019,17.875,-76.5250015258789,1734.610103547573,0.0006715028304298917,2019,2019
JAM,Jamaica,2019,17.875,-76.47500610351562,3159.7978984719243,0.0012232219955774794,2019,2019
JAM,Jamaica,2019,17.875,-76.42500305175781,7728.708499610545,0.002991940161331884,2019,2019
JAM,Jamaica,2019,17.875,-76.37500762939453,10437.19968611002,0.004040452155012274,2019,2019
JAM,Jamaica,2019,17.92499542236328,-77.7750015258789,2971.6129540205,0.0011503717783528814,2019,2019
JAM,Jamaica,2019,17.92499542236328,-77.72500610351562,3707.220660805702,0.001435140474316353,2019,2019
JAM,Jamaica,2019,17.92499542236328,-77.67500305175781,4546.160649299622,0.0017599111969602138,2019,2019
JAM,Jamaica,2019,17.92499542236328,-77.62500762939453,8349.220983505249,0.0032321531569786885,2019,2019
JAM,Jamaica,2019,17.92499542236328,-77.57500457763672,8787.719012260437,0.003401904657240811,2019,2019
JAM,Jamaica,2019,17.92499542236328,-77.5250015258789,2918.056377887726,0.0011296389390896137,2019,2019
JAM,Jamaica,2019,17.92499542236328,-77.47500610351562,3447.6463165283203,0.0013346539692897987,2019,2019
JAM,Jamaica,2019,17.92499542236328,-77.42500305175781,5340.706161022186,0.002067495915241221,2019,2019
JAM,Jamaica,2019,17.92499542236328,-77.37500762939453,1545.5975227952003,0.0005983322183698681,2019,2019
JAM,Jamaica,2019,17.92499542236328,-77.32500457763672,3213.264040708542,0.0012439198260412987,2019,2019
JAM,Jamaica,2019,17.92499542236328,-77.2750015258789,2709.462757468469,0.0010488881085515694,2019,2019
JAM,Jamaica,2019,17.92499542236328,-77.22500610351562,16519.705991268158,0.006395113984588855,2019,2019
JAM,Jamaica,2019,17.92499542236328,-77.17500305175781,21673.65095329302,0.008390310843411174,2019,2019
JAM,Jamaica,2019,17.92499542236328,-77.12500762939453,27560.28769147399,0.010669147582178443,2019,2019
JAM,Jamaica,2019,17.92499542236328,-77.07500457763672,11874.720623818925,0.004596945730427036,2019,2019
JAM,Jamaica,2019,17.92499542236328,-77.0250015258789,662.9385570288293,0.00025663699095002877,2019,2019
JAM,Jamaica,2019,17.92499542236328,-76.97500610351562,1242.7916340827942,0.00048110990372673024,2019,2019
JAM,Jamaica,2019,17.92499542236328,-76.92500305175781,38193.9258916378,0.014785645078978353,2019,2019
JAM,Jamaica,2019,17.92499542236328,-76.62500762939453,2768.8358677625656,0.0010718726464211301,2019,2019
JAM,Jamaica,2019,17.92499542236328,-76.57500457763672,3139.962428227067,0.0012155432818509255,2019,2019
JAM,Jamaica,2019,17.92499542236328,-76.5250015258789,1562.9578667283058,0.0006050527603893543,2019,2019
JAM,Jamaica,2019,17.92499542236328,-76.47500610351562,6545.6181710960245,0.00253394184653656,2019,2019
JAM,Jamaica,2019,17.92499542236328,-76.42500305175781,5449.240285635076,0.0021095116810474573,2019,2019
JAM,Jamaica,2019,17.92499542236328,-76.37500762939453,3007.9298483729362,0.0011644307863686934,2019,2019
JAM,Jamaica,2019,17.92499542236328,-76.32500457763672,2739.059377521335,0.0010603455617832851,2019,2019
JAM,Jamaica,2019,17.92499542236328,-76.2750015258789,5304.211609005928,0.0020533681323325033,2019,2019
JAM,Jamaica,2019,17.92499542236328,-76.22500610351562,1054.9522330463433,0.00040839345338191475,2019,2019
JAM,Jamaica,2019,17.974998474121094,-77.82500457763672,1757.9646337628365,0.0006805438438027736,2019,2019
JAM,Jamaica,2019,17.974998474121094,-77.7750015258789,3198.127751648602,0.0012380602608714848,2019,2019
JAM,Jamaica,2019,17.974998474121094,-77.72500610351562,4108.695171356201,0.0015905594181059432,2019,2019
JAM,Jamaica,2019,17.974998474121094,-77.67500305175781,2896.067893385887,0.0011211267497799522,2019,2019
JAM,Jamaica,2019,17.974998474121094,-77.62500762939453,3557.1932587623596,0.0013770618173846831,2019,2019
JAM,Jamaica,2019,17.974998474121094,-77.57500457763672,6881.63764333725,0.002664021814494819,2019,2019
JAM,Jamaica,2019,17.974998474121094,-77.5250015258789,7678.969491004944,0.0029726851800579196,2019,2019
JAM,Jamaica,2019,17.974998474121094,-77.47500610351562,7366.522163391113,0.0028517304684349174,2019,2019
JAM,Jamaica,2019,17.974998474121094,-77.42500305175781,3167.8317221403295,0.0012263320520227148,2019,2019
JAM,Jamaica,2019,17.974998474121094,-77.37500762939453,2527.606149762869,0.0009784877191171147,2019,2019
JAM,Jamaica,2019,17.974998474121094,-77.32500457763672,8011.395791292191,0.0031013741581145384,2019,2019
JAM,Jamaica,2019,17.974998474121094,-77.2750015258789,23762.022800445557,0.009198762035690632,2019,2019
JAM,Jamaica,2019,17.974998474121094,-77.22500610351562,33208.51899051666,0.012855692729397942,2019,2019
JAM,Jamaica,2019,17.974998474121094,-77.17500305175781,3894.498100876835,0.0015076393781485369,2019,2019
JAM,Jamaica,2019,17.974998474121094,-77.12500762939453,10967.89144651778,0.004245893722815214,2019,2019
JAM,Jamaica,2019,17.974998474121094,-77.07500457763672,3359.917909533332,0.0013006925196903992,2019,2019
JAM,Jamaica,2019,17.974998474121094,-77.0250015258789,4228.015161216259,0.0016367506115931875,2019,2019
JAM,Jamaica,2019,17.974998474121094,-76.97500610351562,56393.73449605703,0.02183116093649315,2019,2019
JAM,Jamaica,2019,17.974998474121094,-76.92500305175781,50637.80698108673,0.019602924394951614,2019,2019
JAM,Jamaica,2019,17.974998474121094,-76.87500762939453,132188.84978795052,0.051172990750106104,2019,2019
JAM,Jamaica,2019,17.974998474121094,-76.7750015258789,133115.86256575584,0.051531856239744295,2019,2019
JAM,Jamaica,2019,17.974998474121094,-76.72500610351562,26739.092059612296,0.010351246060675707,2019,2019
JAM,Jamaica,2019,17.974998474121094,-76.67500305175781,2328.743158698258,0.0009015038129963477,2019,2019
JAM,Jamaica,2019,17.974998474121094,-76.62500762939453,1452.7239634993068,0.0005623789757294936,2019,2019
JAM,Jamaica,2019,17.974998474121094,-76.57500457763672,1878.4469960927963,0.0007271850153006133,2019,2019
JAM,Jamaica,2019,17.974998474121094,-76.5250015258789,3329.739115119624,0.0012890096949297678,2019,2019
JAM,Jamaica,2019,17.974998474121094,-76.47500610351562,1415.5369957089679,0.0005479831445999231,2019,2019
JAM,Jamaica,2019,17.974998474121094,-76.42500305175781,1419.6500978470533,0.0005495754100444301,2019,2019
JAM,Jamaica,2019,17.974998474121094,-76.37500762939453,1262.1359456778896,0.0004885984799561999,2019,2019
JAM,Jamaica,2019,17.974998474121094,-76.32500457763672,853.2060413365899,0.0003302934016847148,2019,2019
JAM,Jamaica,2019,17.974998474121094,-76.2750015258789,2421.1745389702355,0.0009372858791484097,2019,2019
JAM,Jamaica,2019,18.024993896484375,-77.82500457763672,1960.2981677055436,0.0007588712676172308,2019,2019
JAM,Jamaica,2019,18.024993896484375,-77.7750015258789,3719.941206678965,0.001440064856193894,2019,2019
JAM,Jamaica,2019,18.024993896484375,-77.72500610351562,4868.459911942482,0.0018846797928928226,2019,2019
JAM,Jamaica,2019,18.024993896484375,-77.67500305175781,5874.116961240768,0.0022739900786247374,2019,2019
JAM,Jamaica,2019,18.024993896484375,-77.62500762939453,3304.664967596531,0.0012793029827424362,2019,2019
JAM,Jamaica,2019,18.024993896484375,-77.57500457763672,5789.9593715667725,0.0022414109649941476,2019,2019
JAM,Jamaica,2019,18.024993896484375,-77.5250015258789,27532.506156921387,0.010658392785439046,2019,2019
JAM,Jamaica,2019,18.024993896484375,-77.47500610351562,16192.992310166359,0.006268636477539093,2019,2019
JAM,Jamaica,2019,18.024993896484375,-77.42500305175781,7211.751125454903,0.002791815453625431,2019,2019
JAM,Jamaica,2019,18.024993896484375,-77.37500762939453,5243.917554616928,0.0020300270782838137,2019,2019
JAM,Jamaica,2019,18.024993896484375,-77.32500457763672,4082.7787688970566,0.0015805266519123855,2019,2019
JAM,Jamaica,2019,18.024993896484375,-77.2750015258789,1198.4244275852282,0.0004639344562411818,2019,2019
JAM,Jamaica,2019,18.024993896484375,-77.22500610351562,2776.4264023154974,0.0010748110966390468,2019,2019
JAM,Jamaica,2019,18.024993896484375,-77.17500305175781,3078.9602103233337,0.0011919280833108726,2019,2019
JAM,Jamaica,2019,18.024993896484375,-77.12500762939453,3582.6306755542846,0.0013869091584901385,2019,2019
JAM,Jamaica,2019,18.024993896484375,-77.07500457763672,4495.332704604011,0.0017402346663910487,2019,2019
JAM,Jamaica,2019,18.024993896484375,-77.0250015258789,13028.10140156746,0.0050434428742160585,2019,2019
JAM,Jamaica,2019,18.024993896484375,-76.97500610351562,69420.30710315704,0.02687401198329512,2019,2019
JAM,Jamaica,2019,18.024993896484375,-76.92500305175781,21960.09362483088,0.008501198624071617,2019,2019
JAM,Jamaica,2019,18.024993896484375,-76.87500762939453,18881.520879031203,0.0073094205361538276,2019,2019
JAM,Jamaica,2019,18.024993896484375,-76.82500457763672,215142.96838378906,0.08328621626343528,2019,2019
JAM,Jamaica,2019,18.024993896484375,-76.7750015258789,81493.92346954346,0.03154795429861543,2019,2019
JAM,Jamaica,2019,18.024993896484375,-76.72500610351562,23786.940442085266,0.009208408161269216,2019,2019
JAM,Jamaica,2019,18.024993896484375,-76.67500305175781,7137.306725978851,0.0027629965133600743,2019,2019
JAM,Jamaica,2019,18.024993896484375,-76.62500762939453,3186.9270076155663,0.0012337242251792438,2019,2019
JAM,Jamaica,2019,18.024993896484375,-76.57500457763672,323.7472531199607,0.00012532914247953583,2019,2019
JAM,Jamaica,2019,18.024993896484375,-76.5250015258789,12.742268830546939,4.9327912758673645e-06,2019,2019
JAM,Jamaica,2019,18.024993896484375,-76.47500610351562,0.0,0.0,2019,2019
JAM,Jamaica,2019,18.024993896484375,-76.42500305175781,285.35387831947367,0.00011046628667375235,2019,2019
JAM,Jamaica,2019,18.024993896484375,-76.37500762939453,197.69980469346046,7.653361303245432e-05,2019,2019
JAM,Jamaica,2019,18.024993896484375,-76.32500457763672,601.5339846611023,0.0002328660328183215,2019,2019
JAM,Jamaica,2019,18.024993896484375,-76.2750015258789,5028.8399225473595,0.0019467661550357015,2019,2019
JAM,Jamaica,2019,18.074996948242188,-77.97500610351562,3882.3226709365845,0.0015029260217292136,2019,2019
JAM,Jamaica,2019,18.074996948242188,-77.92500305175781,2962.191457212115,0.001146724525427986,2019,2019
JAM,Jamaica,2019,18.074996948242188,-77.87500762939453,5182.2286920547485,0.0020061460656390787,2019,2019
JAM,Jamaica,2019,18.074996948242188,-77.82500457763672,1024.9592665434009,0.000396782566382857,2019,2019
JAM,Jamaica,2019,18.074996948242188,-77.7750015258789,5022.312428355228,0.0019442392293498273,2019,2019
JAM,Jamaica,2019,18.074996948242188,-77.72500610351562,4212.150581002235,0.001630609110113684,2019,2019
JAM,Jamaica,2019,18.074996948242188,-77.67500305175781,4794.312852889299,0.0018559759591491845,2019,2019
JAM,Jamaica,2019,18.074996948242188,-77.62500762939453,1747.6029028892517,0.0006765326071591412,2019,2019
JAM,Jamaica,2019,18.074996948242188,-77.57500457763672,3115.8917486667633,0.0012062250325094409,2019,2019
JAM,Jamaica,2019,18.074996948242188,-77.5250015258789,11380.448017120454,0.0044056027573155685,2019,2019
JAM,Jamaica,2019,18.074996948242188,-77.47500610351562,10921.317489624023,0.004227863997394777,2019,2019
JAM,Jamaica,2019,18.074996948242188,-77.42500305175781,4040.299689769745,0.001564082136911748,2019,2019
JAM,Jamaica,2019,18.074996948242188,-77.37500762939453,3752.9814628362656,0.0014528554109602824,2019,2019
JAM,Jamaica,2019,18.074996948242188,-77.32500457763672,3334.7630537748337,0.0012909545637045893,2019,2019
JAM,Jamaica,2019,18.074996948242188,-77.2750015258789,7534.037450790589,0.0029165790412634565,2019,2019
JAM,Jamaica,2019,18.074996948242188,-77.22500610351562,3182.5925669670105,0.0012320462750981952,2019,2019
JAM,Jamaica,2019,18.074996948242188,-77.17500305175781,3040.1066468954086,0.001176887079133173,2019,2019
JAM,Jamaica,2019,18.074996948242188,-77.12500762939453,4826.923512458801,0.0018686002083440443,2019,2019
JAM,Jamaica,2019,18.074996948242188,-77.07500457763672,2963.8829674124718,0.0011473793434098008,2019,2019
JAM,Jamaica,2019,18.074996948242188,-77.0250015258789,2009.8398596048355,0.0007780498635833346,2019,2019
JAM,Jamaica,2019,18.074996948242188,-76.97500610351562,1764.5109634997602,0.000683078061110906,2019,2019
JAM,Jamaica,2019,18.074996948242188,-76.92500305175781,3414.0801097750664,0.0013216598083567411,2019,2019
JAM,Jamaica,2019,18.074996948242188,-76.87500762939453,12050.996052265167,0.004665185531921798,2019,2019
JAM,Jamaica,2019,18.074996948242188,-76.82500457763672,28829.837198257446,0.011160616002333753,2019,2019
JAM,Jamaica,2019,18.074996948242188,-76.7750015258789,16880.066844359044,0.006534616995860242,2019,2019
JAM,Jamaica,2019,18.074996948242188,-76.72500610351562,5571.060479641026,0.002156670754381121,2019,2019
JAM,Jamaica,2019,18.074996948242188,-76.67500305175781,4928.920431852639,0.00190808528912849,2019,2019
JAM,Jamaica,2019,18.074996948242188,-76.62500762939453,382.822490930572,0.00014819836785589802,2019,2019
JAM,Jamaica,2019,18.074996948242188,-76.57500457763672,18.156164407730103,7.028620301822684e-06,2019,2019
JAM,Jamaica,2019,18.074996948242188,-76.5250015258789,1.239778995513916,4.7994365009894e-07,2019,2019
JAM,Jamaica,2019,18.074996948242188,-76.47500610351562,345.93023788928986,0.00013391662679634165,2019,2019
JAM,Jamaica,2019,18.074996948242188,-76.42500305175781,2144.547749340534,0.000830198025901633,2019,2019
JAM,Jamaica,2019,18.074996948242188,-76.37500762939453,1.375702977180481,5.325625863231263e-07,2019,2019
JAM,Jamaica,2019,18.074996948242188,-76.32500457763672,830.2586052121204,0.0003214099827093636,2019,2019
JAM,Jamaica,2019,18.125,-78.0250015258789,1095.7564535141496,0.00042418959655067605,2019,2019
JAM,Jamaica,2019,18.125,-77.97500610351562,4093.4849982261658,0.001584671250910757,2019,2019
JAM,Jamaica,2019,18.125,-77.92500305175781,2428.7621710300446,0.0009402232057522396,2019,2019
JAM,Jamaica,2019,18.125,-77.87500762939453,3340.9175424575806,0.0012933370913757133,2019,2019
JAM,Jamaica,2019,18.125,-77.82500457763672,3511.993593633175,0.0013595641082414834,2019,2019
JAM,Jamaica,2019,18.125,-77.7750015258789,3104.1057455539703,0.001201662431130889,2019,2019
JAM,Jamaica,2019,18.125,-77.72500610351562,2014.1160635949811,0.0007797052690701386,2019,2019
JAM,Jamaica,2019,18.125,-77.67500305175781,917.422200798998,0.00035515278233178574,2019,2019
JAM,Jamaica,2019,18.125,-77.62500762939453,2330.918135404587,0.0009023457906900275,2019,2019
JAM,Jamaica,2019,18.125,-77.57500457763672,3199.560924112797,0.001238615071064411,2019,2019
JAM,Jamaica,2019,18.125,-77.5250015258789,4950.347495079101,0.0019163801408504664,2019,2019
JAM,Jamaica,2019,18.125,-77.47500610351562,9379.607407450676,0.00363103668630947,2019,2019
JAM,Jamaica,2019,18.125,-77.42500305175781,5109.050750494003,0.0019778173969759736,2019,2019
JAM,Jamaica,2019,18.125,-77.37500762939453,4937.296166658583,0.00191132770632508,2019,2019
JAM,Jamaica,2019,18.125,-77.32500457763672,5257.2019572258,0.0020351697405652006,2019,2019
JAM,Jamaica,2019,18.125,-77.2750015258789,5183.25981426239,0.0020065452340052347,2019,2019
JAM,Jamaica,2019,18.125,-77.22500610351562,4215.423377038318,0.001631876075985239,2019,2019
JAM,Jamaica,2019,18.125,-77.17500305175781,1937.7408376336098,0.0007501388666244855,2019,2019
JAM,Jamaica,2019,18.125,-77.12500762939453,2444.699434056878,0.0009463928442260021,2019,2019
JAM,Jamaica,2019,18.125,-77.07500457763672,2934.427231967597,0.0011359764294735942,2019,2019
JAM,Jamaica,2019,18.125,-77.0250015258789,18085.24393081665,0.007001165543611935,2019,2019
JAM,Jamaica,2019,18.125,-76.97500610351562,5050.184356331825,0.001955029019221076,2019,2019
JAM,Jamaica,2019,18.125,-76.92500305175781,2824.2045800983906,0.0010933070004438153,2019,2019
JAM,Jamaica,2019,18.125,-76.87500762939453,12848.411418914795,0.0049738812293804915,2019,2019
JAM,Jamaica,2019,18.125,-76.82500457763672,15901.465549945831,0.006155780542805532,2019,2019
JAM,Jamaica,2019,18.125,-76.7750015258789,3711.5648834705353,0.0014368222112147414,2019,2019
JAM,Jamaica,2019,18.125,-76.72500610351562,1269.9439148906856,0.0004916211035507351,2019,2019
JAM,Jamaica,2019,18.125,-76.67500305175781,274.65560019016266,0.00010632476574644643,2019,2019
JAM,Jamaica,2019,18.125,-76.62500762939453,205.52266466638332,7.956200114291844e-05,2019,2019
JAM,Jamaica,2019,18.125,-76.57500457763672,188.73726618289948,7.306403219387277e-05,2019,2019
JAM,Jamaica,2019,18.125,-76.5250015258789,1341.9456248283611,0.0005194944290433392,2019,2019
JAM,Jamaica,2019,18.125,-76.47500610351562,2769.49124658153,0.001072126356883809,2019,2019
JAM,Jamaica,2019,18.125,-76.42500305175781,1319.8064069151878,0.0005109238877661984,2019,2019
JAM,Jamaica,2019,18.125,-76.37500762939453,912.3544843792915,0.0003531909662944588,2019,2019
JAM,Jamaica,2019,18.17499542236328,-78.0250015258789,3191.612672805786,0.0012355381414196971,2019,2019
JAM,Jamaica,2019,18.17499542236328,-77.97500610351562,3193.5824394226074,0.0012363006781164318,2019,2019
JAM,Jamaica,2019,18.17499542236328,-77.92500305175781,4044.8639266490936,0.001565849045784795,2019,2019
JAM,Jamaica,2019,18.17499542236328,-77.87500762939453,3347.0996206998825,0.0012957302995261527,2019,2019
JAM,Jamaica,2019,18.17499542236328,-77.82500457763672,707.761087477226,0.0002739887035922946,2019,2019
JAM,Jamaica,2019,18.17499542236328,-77.7750015258789,3023.034326700028,0.0011702780369572065,2019,2019
JAM,Jamaica,2019,18.17499542236328,-77.72500610351562,5170.109325826168,0.0020014544126221476,2019,2019
JAM,Jamaica,2019,18.17499542236328,-77.67500305175781,2173.8792466226387,0.0008415528447196474,2019,2019
JAM,Jamaica,2019,18.17499542236328,-77.62500762939453,4496.679334640503,0.0017407559742510668,2019,2019
JAM,Jamaica,2019,18.17499542236328,-77.57500457763672,3077.464235305786,0.0011913489609729586,2019,2019
JAM,Jamaica,2019,18.17499542236328,-77.5250015258789,6955.681691765785,0.002692685770731764,2019,2019
JAM,Jamaica,2019,18.17499542236328,-77.47500610351562,29686.935178756714,0.011492416052779623,2019,2019
JAM,Jamaica,2019,18.17499542236328,-77.42500305175781,8407.781444072723,0.003254823101620377,2019,2019
JAM,Jamaica,2019,18.17499542236328,-77.37500762939453,5045.562110900879,0.0019532396540585684,2019,2019
JAM,Jamaica,2019,18.17499542236328,-77.32500457763672,3926.4863586427214,0.0015200226829536819,2019,2019
JAM,Jamaica,2019,18.17499542236328,-77.2750015258789,5375.048409223579,0.002080790497593415,2019,2019
JAM,Jamaica,2019,18.17499542236328,-77.22500610351562,4680.873366177082,0.0018120612279632093,2019,2019
JAM,Jamaica,2019,18.17499542236328,-77.17500305175781,400.79496052895746,0.00015515587616306674,2019,2019
JAM,Jamaica,2019,18.17499542236328,-77.12500762939453,658.0320347547674,0.0002547375764430675,2019,2019
JAM,Jamaica,2019,18.17499542236328,-77.07500457763672,10358.573366165161,0.00401001430832772,2019,2019
JAM,Jamaica,2019,18.17499542236328,-77.0250015258789,13181.746213436127,0.005102921904022049,2019,2019
JAM,Jamaica,2019,18.17499542236328,-76.97500610351562,3148.5523934367734,0.0012188686319914645,2019,2019
JAM,Jamaica,2019,18.17499542236328,-76.92500305175781,2051.4608030319214,0.0007941621768111261,2019,2019
JAM,Jamaica,2019,18.17499542236328,-76.87500762939453,4251.781598687455,0.0016459510826376622,2019,2019
JAM,Jamaica,2019,18.17499542236328,-76.82500457763672,5086.303422421217,0.0019690114438950168,2019,2019
JAM,Jamaica,2019,18.17499542236328,-76.7750015258789,35.38841289299964,1.3699573969660783e-05,2019,2019
JAM,Jamaica,2019,18.17499542236328,-76.72500610351562,918.7135949134827,0.0003556527072436166,2019,2019
JAM,Jamaica,2019,18.17499542236328,-76.67500305175781,2073.959521472466,0.0008028718880499645,2019,2019
JAM,Jamaica,2019,18.17499542236328,-76.62500762939453,2476.415396332741,0.00095867073791202,2019,2019
JAM,Jamaica,2019,18.17499542236328,-76.57500457763672,3554.48402684927,0.001376013018640683,2019,2019
JAM,Jamaica,2019,18.17499542236328,-76.5250015258789,4252.855639576912,0.0016463668656979552,2019,2019
JAM,Jamaica,2019,18.17499542236328,-76.47500610351562,11078.296373128891,0.004288633714102675,2019,2019
JAM,Jamaica,2019,18.17499542236328,-76.42500305175781,11195.732403755188,0.004334095588675369,2019,2019
JAM,Jamaica,2019,18.224998474121094,-78.32500457763672,1729.620053291484,0.0006695710805432178,2019,2019
JAM,Jamaica,2019,18.224998474121094,-78.2750015258789,1913.7501499652863,0.0007408515837703782,2019,2019
JAM,Jamaica,2019,18.224998474121094,-78.22500610351562,5772.451665997505,0.0022346333762898896,2019,2019
JAM,Jamaica,2019,18.224998474121094,-78.17500305175781,2592.299602776766,0.001003531869799893,2019,2019
JAM,Jamaica,2019,18.224998474121094,-78.12500762939453,31983.330508232117,0.01238139736355084,2019,2019
JAM,Jamaica,2019,18.224998474121094,-78.07500457763672,3314.436849296093,0.001283085876780965,2019,2019
JAM,Jamaica,2019,18.224998474121094,-78.0250015258789,1810.1283130647244,0.0007007374643894499,2019,2019
JAM,Jamaica,2019,18.224998474121094,-77.97500610351562,4174.373245418072,0.0016159847356107427,2019,2019
JAM,Jamaica,2019,18.224998474121094,-77.92500305175781,2832.236985206604,0.0010964165077355654,2019,2019
JAM,Jamaica,2019,18.224998474121094,-77.87500762939453,2606.199840009219,0.0010089129341821132,2019,2019
JAM,Jamaica,2019,18.224998474121094,-77.82500457763672,935.9029906392097,0.00036230707173716956,2019,2019
JAM,Jamaica,2019,18.224998474121094,-77.7750015258789,2057.0065652430058,0.0007963090540915121,2019,2019
JAM,Jamaica,2019,18.224998474121094,-77.72500610351562,1100.5357592109026,0.00042603976293463503,2019,2019
JAM,Jamaica,2019,18.224998474121094,-77.67500305175781,570.1913159474803,0.00022073264865816962,2019,2019
JAM,Jamaica,2019,18.224998474121094,-77.62500762939453,1674.016915589571,0.0006480459756961657,2019,2019
JAM,Jamaica,2019,18.224998474121094,-77.57500457763672,2668.5201022626597,0.00103303837448177,2019,2019
JAM,Jamaica,2019,18.224998474121094,-77.5250015258789,5418.907089650631,0.002097769084300279,2019,2019
JAM,Jamaica,2019,18.224998474121094,-77.47500610351562,5555.71438908577,0.002150729970787844,2019,2019
JAM,Jamaica,2019,18.224998474121094,-77.42500305175781,3023.812548160553,0.0011705793023034507,2019,2019
JAM,Jamaica,2019,18.224998474121094,-77.37500762939453,3134.7017035484314,0.0012135067483932964,2019,2019
JAM,Jamaica,2019,18.224998474121094,-77.32500457763672,1107.618603587297,0.0004287816759654171,2019,2019
JAM,Jamaica,2019,18.224998474121094,-77.2750015258789,787.4860768318176,0.00030485186753796277,2019,2019
JAM,Jamaica,2019,18.224998474121094,-77.22500610351562,1494.3030658960931,0.0005784750914439554,2019,2019
JAM,Jamaica,2019,18.224998474121094,-77.17500305175781,1025.1094684571317,0.0003968407125968102,2019,2019
JAM,Jamaica,2019,18.224998474121094,-77.12500762939453,321.9960551269467,0.00012465121813991215,2019,2019
JAM,Jamaica,2019,18.224998474121094,-77.07500457763672,1056.5720974806154,0.00040902053583133775,2019,2019
JAM,Jamaica,2019,18.224998474121094,-77.0250015258789,3771.5111289024353,0.0014600286213462396,2019,2019
JAM,Jamaica,2019,18.224998474121094,-76.97500610351562,4109.007001042366,0.0015906801337160065,2019,2019
JAM,Jamaica,2019,18.224998474121094,-76.92500305175781,3054.812551409006,0.001182580033696689,2019,2019
JAM,Jamaica,2019,18.224998474121094,-76.87500762939453,4244.371031761169,0.001643082301546215,2019,2019
JAM,Jamaica,2019,18.224998474121094,-76.82500457763672,2225.9965282678604,0.0008617285038303049,2019,2019
JAM,Jamaica,2019,18.224998474121094,-76.7750015258789,1933.501662731388,0.0007484977958503056,2019,2019
JAM,Jamaica,2019,18.224998474121094,-76.72500610351562,2736.028020620383,0.0010591720619086622,2019,2019
JAM,Jamaica,2019,18.224998474121094,-76.67500305175781,8442.120475530632,0.0032681164387057815,2019,2019
JAM,Jamaica,2019,18.224998474121094,-76.62500762939453,2507.628442049622,0.0009707539423752924,2019,2019
JAM,Jamaica,2019,18.274993896484375,-78.32500457763672,11009.670608759336,0.004262067285762193,2019,2019
JAM,Jamaica,2019,18.274993896484375,-78.2750015258789,2198.3081562230227,0.0008510097721913741,2019,2019
JAM,Jamaica,2019,18.274993896484375,-78.22500610351562,2836.8376914866935,0.0010981975346549511,2019,2019
JAM,Jamaica,2019,18.274993896484375,-78.17500305175781,2655.3852358760123,0.0010279536007116222,2019,2019
JAM,Jamaica,2019,18.274993896484375,-78.12500762939453,4591.957159161587,0.0017776399568315104,2019,2019
JAM,Jamaica,2019,18.274993896484375,-78.07500457763672,11045.94865036028,0.004276111253088145,2019,2019
JAM,Jamaica,2019,18.274993896484375,-78.0250015258789,4235.603298544884,0.0016396881337968465,2019,2019
JAM,Jamaica,2019,18.274993896484375,-77.97500610351562,4250.133734762669,0.0016453131610163168,2019,2019
JAM,Jamaica,2019,18.274993896484375,-77.92500305175781,5209.631993870484,0.0020167544407977134,2019,2019
JAM,Jamaica,2019,18.274993896484375,-77.87500762939453,2367.932065266196,0.0009166746353200521,2019,2019
JAM,Jamaica,2019,18.274993896484375,-77.82500457763672,876.3596640229808,0.0003392566396693313,2019,2019
JAM,Jamaica,2019,18.274993896484375,-77.7750015258789,23.189166575670242,8.976997746655719e-06,2019,2019
JAM,Jamaica,2019,18.274993896484375,-77.72500610351562,33.84689515854943,1.3102821120288946e-05,2019,2019
JAM,Jamaica,2019,18.274993896484375,-77.67500305175781,43.72568550721042,1.692710167001158e-05,2019,2019
JAM,Jamaica,2019,18.274993896484375,-77.62500762939453,1042.823023915305,0.00040369798997736593,2019,2019
JAM,Jamaica,2019,18.274993896484375,-77.57500457763672,3736.367712020874,0.0014464238903126303,2019,2019
JAM,Jamaica,2019,18.274993896484375,-77.5250015258789,6363.044268727303,0.0024632637777575925,2019,2019
JAM,Jamaica,2019,18.274993896484375,-77.47500610351562,137.11294555664062,5.3079208314053654e-05,2019,2019
JAM,Jamaica,2019,18.274993896484375,-77.42500305175781,435.6694726945503,0.00016865650871510988,2019,2019
JAM,Jamaica,2019,18.274993896484375,-77.37500762939453,2690.735433072021,0.001041638380608169,2019,2019
JAM,Jamaica,2019,18.274993896484375,-77.32500457763672,2694.93456941885,0.0010432639516436944,2019,2019
JAM,Jamaica,2019,18.274993896484375,-77.2750015258789,1637.3248253464994,0.0006338417217244973,2019,2019
JAM,Jamaica,2019,18.274993896484375,-77.22500610351562,1328.1779897809029,0.0005141646976623295,2019,2019
JAM,Jamaica,2019,18.274993896484375,-77.17500305175781,894.4850040675013,0.00034627332723359,2019,2019
JAM,Jamaica,2019,18.274993896484375,-77.12500762939453,4656.742550969124,0.0018027196988901427,2019,2019
JAM,Jamaica,2019,18.274993896484375,-77.07500457763672,1287.4549776911883,0.0004983999919074469,2019,2019
JAM,Jamaica,2019,18.274993896484375,-77.0250015258789,2963.583110615611,0.0011472632627485596,2019,2019
JAM,Jamaica,2019,18.274993896484375,-76.97500610351562,4382.591066360474,0.0016965900865324362,2019,2019
JAM,Jamaica,2019,18.274993896484375,-76.92500305175781,3899.906027555715,0.0015097328964926294,2019,2019
JAM,Jamaica,2019,18.274993896484375,-76.87500762939453,9580.116641283035,0.00370865788646874,2019,2019
JAM,Jamaica,2019,18.274993896484375,-76.82500457763672,2980.711765468146,0.0011538941132154226,2019,2019
JAM,Jamaica,2019,18.274993896484375,-76.7750015258789,6361.114664614218,0.0024625167887824357,2019,2019
JAM,Jamaica,2019,18.324996948242188,-78.32500457763672,1127.756228569895,0.0004365773599328369,2019,2019
JAM,Jamaica,2019,18.324996948242188,-78.2750015258789,2615.2298713260097,0.0010124086428579097,2019,2019
JAM,Jamaica,2019,18.324996948242188,-78.22500610351562,1493.1614074707031,0.0005780331322610442,2019,2019
JAM,Jamaica,2019,18.324996948242188,-78.17500305175781,7928.212748527527,0.0030691723114021252,2019,2019
JAM,Jamaica,2019,18.324996948242188,-78.12500762939453,3995.5278546214104,0.0015467500494506176,2019,2019
JAM,Jamaica,2019,18.324996948242188,-78.07500457763672,3096.9059482216835,0.0011988752432335833,2019,2019
JAM,Jamaica,2019,18.324996948242188,-78.0250015258789,2558.7960353047306,0.0009905619578058611,2019,2019
JAM,Jamaica,2019,18.324996948242188,-77.97500610351562,4193.307593345642,0.0016233146065711991,2019,2019
JAM,Jamaica,2019,18.324996948242188,-77.92500305175781,4629.249366521835,0.0017920765283377935,2019,2019
JAM,Jamaica,2019,18.324996948242188,-77.87500762939453,1239.3247074788146,0.00047976778596625847,2019,2019
JAM,Jamaica,2019,18.324996948242188,-77.82500457763672,2276.3070531487465,0.0008812047306716194,2019,2019
JAM,Jamaica,2019,18.324996948242188,-77.7750015258789,1180.4617672862269,0.00045698074531319794,2019,2019
JAM,Jamaica,2019,18.324996948242188,-77.72500610351562,0.9044560194015503,3.5013330994980977e-07,2019,2019
JAM,Jamaica,2019,18.324996948242188,-77.67500305175781,0.0,0.0,2019,2019
JAM,Jamaica,2019,18.324996948242188,-77.62500762939453,0.4956269860267639,1.9186728087986176e-07,2019,2019
JAM,Jamaica,2019,18.324996948242188,-77.57500457763672,460.2493772506714,0.00017817188940347055,2019,2019
JAM,Jamaica,2019,18.324996948242188,-77.5250015258789,1553.5759407581875,0.0006014208261403067,2019,2019
JAM,Jamaica,2019,18.324996948242188,-77.47500610351562,190.6789765059948,7.381570772900706e-05,2019,2019
JAM,Jamaica,2019,18.324996948242188,-77.42500305175781,2091.156760945916,0.0008095292890177006,2019,2019
JAM,Jamaica,2019,18.324996948242188,-77.37500762939453,5454.236183166504,0.002111445694533272,2019,2019
JAM,Jamaica,2019,18.324996948242188,-77.32500457763672,2825.8236125709536,0.0010939337608239493,2019,2019
JAM,Jamaica,2019,18.324996948242188,-77.2750015258789,1122.3745522500706,0.00043449400363632464,2019,2019
JAM,Jamaica,2019,18.324996948242188,-77.22500610351562,496.79820734264246,0.00019232068445860479,2019,2019
JAM,Jamaica,2019,18.324996948242188,-77.17500305175781,4900.05760705471,0.001896911902955786,2019,2019
JAM,Jamaica,2019,18.324996948242188,-77.12500762939453,3791.0049502851334,0.0014675750758535696,2019,2019
JAM,Jamaica,2019,18.324996948242188,-77.07500457763672,2432.655194044113,0.0009417302740943006,2019,2019
JAM,Jamaica,2019,18.324996948242188,-77.0250015258789,3173.6617960333824,0.0012285889921343825,2019,2019
JAM,Jamaica,2019,18.324996948242188,-76.97500610351562,3997.828018426895,0.0015476404896150537,2019,2019
JAM,Jamaica,2019,18.324996948242188,-76.92500305175781,5450.832728505135,0.0021101281480519762,2019,2019
JAM,Jamaica,2019,18.324996948242188,-76.87500762939453,7757.635049343109,0.0030031382167221197,2019,2019
JAM,Jamaica,2019,18.324996948242188,-76.82500457763672,2962.5112898351904,0.0011468483391376028,2019,2019
JAM,Jamaica,2019,18.375,-78.2750015258789,5378.393750906114,0.002082085547359344,2019,2019
JAM,Jamaica,2019,18.375,-78.22500610351562,4807.085729345679,0.0018609205992591716,2019,2019
JAM,Jamaica,2019,18.375,-78.17500305175781,2377.938465088606,0.0009205483160909754,2019,2019
JAM,Jamaica,2019,18.375,-78.12500762939453,2191.8614290356636,0.000848514113054795,2019,2019
JAM,Jamaica,2019,18.375,-78.07500457763672,1401.274137496987,0.0005424617022655462,2019,2019
JAM,Jamaica,2019,18.375,-78.0250015258789,1868.0022677183422,0.0007231416486373077,2019,2019
JAM,Jamaica,2019,18.375,-77.97500610351562,2511.380428791046,0.0009722064127093743,2019,2019
JAM,Jamaica,2019,18.375,-77.92500305175781,4131.5865483284,0.0015994211354439381,2019,2019
JAM,Jamaica,2019,18.375,-77.87500762939453,2357.108257293701,0.0009124845192388099,2019,2019
JAM,Jamaica,2019,18.375,-77.82500457763672,2777.673912227154,0.0010752940330839304,2019,2019
JAM,Jamaica,2019,18.375,-77.7750015258789,340.1432113647461,0.00013167635119604596,2019,2019
JAM,Jamaica,2019,18.375,-77.72500610351562,2969.0077662467957,0.001149363257210138,2019,2019
JAM,Jamaica,2019,18.375,-77.67500305175781,1160.611604809761,0.0004492963439251401,2019,2019
JAM,Jamaica,2019,18.375,-77.62500762939453,866.4238170088092,0.0003354102713246011,2019,2019
JAM,Jamaica,2019,18.375,-77.57500457763672,74.4439868927002,2.8818780545955084e-05,2019,2019
JAM,Jamaica,2019,18.375,-77.5250015258789,167.42437636852264,6.481337932051256e-05,2019,2019
JAM,Jamaica,2019,18.375,-77.47500610351562,1293.050076186657,0.0005005659682663745,2019,2019
JAM,Jamaica,2019,18.375,-77.42500305175781,2100.1589443683624,0.0008130142172075335,2019,2019
JAM,Jamaica,2019,18.375,-77.37500762939453,13051.867643356323,0.005052643269507925,2019,2019
JAM,Jamaica,2019,18.375,-77.32500457763672,2918.3957162201405,0.0011297703038558073,2019,2019
JAM,Jamaica,2019,18.375,-77.2750015258789,4395.629592776714,0.001701637565141741,2019,2019
JAM,Jamaica,2019,18.375,-77.22500610351562,2510.3769241571426,0.0009718179356673938,2019,2019
JAM,Jamaica,2019,18.375,-77.17500305175781,2336.323186457157,0.000904438195820723,2019,2019
JAM,Jamaica,2019,18.375,-77.12500762939453,5074.089886188602,0.0019642833357553344,2019,2019
JAM,Jamaica,2019,18.375,-77.07500457763672,10669.808821201324,0.004130499879442224,2019,2019
JAM,Jamaica,2019,18.375,-77.0250015258789,6566.4587388038635,0.002542009653921608,2019,2019
JAM,Jamaica,2019,18.375,-76.97500610351562,4864.741826057579,0.001883240446269401,2019,2019
JAM,Jamaica,2019,18.375,-76.92500305175781,8434.583552361171,0.0032651987425441633,2019,2019
JAM,Jamaica,2019,18.42499542236328,-78.22500610351562,3229.641409724951,0.001250259838489642,2019,2019
JAM,Jamaica,2019,18.42499542236328,-78.17500305175781,12146.478066921234,0.004702148560654058,2019,2019
JAM,Jamaica,2019,18.42499542236328,-78.12500762939453,2435.912833273422,0.0009429913724578618,2019,2019
JAM,Jamaica,2019,18.42499542236328,-78.07500457763672,7798.77035844326,0.003019062531030486,2019,2019
JAM,Jamaica,2019,18.42499542236328,-78.0250015258789,6053.016326725745,0.0023432456594838507,2019,2019
JAM,Jamaica,2019,18.42499542236328,-77.97500610351562,4606.196358323097,0.0017831522402665338,2019,2019
JAM,Jamaica,2019,18.42499542236328,-77.92500305175781,18586.338528633118,0.007195149448155506,2019,2019
JAM,Jamaica,2019,18.42499542236328,-77.87500762939453,13699.313954413698,0.005303282897132171,2019,2019
JAM,Jamaica,2019,18.42499542236328,-77.82500457763672,3556.92488861084,0.001376957925843881,2019,2019
JAM,Jamaica,2019,18.42499542236328,-77.7750015258789,4346.1960376501165,0.0016825008311184388,2019,2019
JAM,Jamaica,2019,18.42499542236328,-77.72500610351562,6200.742970824242,0.002400433646247661,2019,2019
JAM,Jamaica,2019,18.42499542236328,-77.67500305175781,584.5682523856287,0.0002262982529927592,2019,2019
JAM,Jamaica,2019,18.42499542236328,-77.62500762939453,1291.853020109325,0.0005001025635263307,2019,2019
JAM,Jamaica,2019,18.42499542236328,-77.57500457763672,1973.9728032350727,0.0007641649969944529,2019,2019
JAM,Jamaica,2019,18.42499542236328,-77.5250015258789,3180.7425163985313,0.0012313300829172368,2019,2019
JAM,Jamaica,2019,18.42499542236328,-77.47500610351562,3777.8182500600815,0.001462470236150951,2019,2019
JAM,Jamaica,2019,18.42499542236328,-77.42500305175781,3544.0141856670466,0.0013719599302990228,2019,2019
JAM,Jamaica,2019,18.42499542236328,-77.37500762939453,4786.103249549875,0.0018527978548202313,2019,2019
JAM,Jamaica,2019,18.42499542236328,-77.32500457763672,5523.453091502194,0.0021382409667192025,2019,2019
JAM,Jamaica,2019,18.42499542236328,-77.2750015258789,4088.111759543419,0.0015825911609950688,2019,2019
JAM,Jamaica,2019,18.42499542236328,-77.22500610351562,14758.188399076462,0.005713194718357433,2019,2019
JAM,Jamaica,2019,18.42499542236328,-77.17500305175781,14706.51869344712,0.005693192325020382,2019,2019
JAM,Jamaica,2019,18.474998474121094,-77.92500305175781,50325.34101104736,0.019481962466466742,2019,2019
JAM,Jamaica,2019,18.474998474121094,-77.87500762939453,43930.98754644394,0.017006578262564794,2019,2019
JAM,Jamaica,2019,18.474998474121094,-77.82500457763672,2092.4344650506973,0.0008100239142484991,2019,2019
JAM,Jamaica,2019,18.474998474121094,-77.7750015258789,4948.114174723625,0.0019155155771442528,2019,2019
JAM,Jamaica,2019,18.474998474121094,-77.72500610351562,3852.3412585264623,0.001491319607554346,2019,2019
JAM,Jamaica,2019,18.474998474121094,-77.67500305175781,11036.938876867422,0.004272623386627772,2019,2019
JAM,Jamaica,2019,18.474998474121094,-77.62500762939453,8710.970482110977,0.0033721937411558107,2019,2019
JAM,Jamaica,2019,18.474998474121094,-77.57500457763672,4241.50578224659,0.0016419731052173148,2019,2019
JAM,Jamaica,2019,18.474998474121094,-77.5250015258789,5245.461699843407,0.0020306248482887582,2019,2019
JAM,Jamaica,2019,18.474998474121094,-77.47500610351562,1061.2245197296143,0.0004108215830535166,2019,2019
JAM,Jamaica,2020,17.724998474121094,-77.22500610351562,37.611638985574245,1.4545998292531457e-05,2020,2020
JAM,Jamaica,2020,17.724998474121094,-77.17500305175781,33.0927448869306,1.279835241439751e-05,2020,2020
JAM,Jamaica,2020,17.774993896484375,-77.2750015258789,2900.5359585549772,0.0011217589086386002,2020,2020
JAM,Jamaica,2020,17.774993896484375,-77.22500610351562,4514.474705815344,0.00174593671357031,2020,2020
JAM,Jamaica,2020,17.824996948242188,-77.32500457763672,789.9031533004937,0.00030548867927773896,2020,2020
JAM,Jamaica,2020,17.824996948242188,-77.2750015258789,6796.114768147552,0.002628342621581525,2020,2020
JAM,Jamaica,2020,17.824996948242188,-77.22500610351562,4542.1069238539785,0.0017566232512285862,2020,2020
JAM,Jamaica,2020,17.824996948242188,-77.17500305175781,1352.2008444369558,0.0005229527801722105,2020,2020
JAM,Jamaica,2020,17.875,-77.72500610351562,3419.8473889280576,0.0013225984195781833,2020,2020
JAM,Jamaica,2020,17.875,-77.67500305175781,6313.99100792408,0.002441885142403623,2020,2020
JAM,Jamaica,2020,17.875,-77.62500762939453,6876.398874223232,0.002659391852654443,2020,2020
JAM,Jamaica,2020,17.875,-77.57500457763672,7865.694390296936,0.0030419939214751195,2020,2020
JAM,Jamaica,2020,17.875,-77.5250015258789,3105.7549726963043,0.0012011257086453654,2020,2020
JAM,Jamaica,2020,17.875,-77.47500610351562,2037.8736809790134,0.00078813122436076,2020,2020
JAM,Jamaica,2020,17.875,-77.42500305175781,402.97753646969795,0.0001558483149236062,2020,2020
JAM,Jamaica,2020,17.875,-77.37500762939453,3009.717689126761,0.00116398406312022,2020,2020
JAM,Jamaica,2020,17.875,-77.32500457763672,4532.75923204422,0.0017530081067474853,2020,2020
JAM,Jamaica,2020,17.875,-77.2750015258789,2505.3098421394825,0.0009689083929578394,2020,2020
JAM,Jamaica,2020,17.875,-77.22500610351562,10371.089473724369,0.004010935280814175,2020,2020
JAM,Jamaica,2020,17.875,-77.17500305175781,568.9925933121704,0.00022005330036152664,2020,2020
JAM,Jamaica,2020,17.875,-77.0250015258789,8.944876998665134,3.459359098905283e-06,2020,2020
JAM,Jamaica,2020,17.875,-76.97500610351562,3.304691076309568,1.2780626436348582e-06,2020,2020
JAM,Jamaica,2020,17.875,-76.92500305175781,3236.6520512106526,0.001251749098955406,2020,2020
JAM,Jamaica,2020,17.875,-76.57500457763672,11267.205348015063,0.004357500874042969,2020,2020
JAM,Jamaica,2020,17.875,-76.5250015258789,1736.3614594638348,0.0006715238023598388,2020,2020
JAM,Jamaica,2020,17.875,-76.47500610351562,3162.6025153404207,0.0012231110376695296,2020,2020
JAM,Jamaica,2020,17.875,-76.42500305175781,7736.279642164828,0.002991943810495376,2020,2020
JAM,Jamaica,2020,17.875,-76.37500762939453,10447.706016480923,0.004040566111327675,2020,2020
JAM,Jamaica,2020,17.92499542236328,-77.7750015258789,2974.424087405205,0.001150334547060153,2020,2020
JAM,Jamaica,2020,17.92499542236328,-77.72500610351562,3710.664480507374,0.0014350695862607673,2020,2020
JAM,Jamaica,2020,17.92499542236328,-77.67500305175781,4550.552800178528,0.0017598896258378645,2020,2020
JAM,Jamaica,2020,17.92499542236328,-77.62500762939453,8357.543271064758,0.003232212512655799,2020,2020
JAM,Jamaica,2020,17.92499542236328,-77.57500457763672,8796.785024642944,0.003402085721318877,2020,2020
JAM,Jamaica,2020,17.92499542236328,-77.5250015258789,2920.732894420624,0.0011295699108320632,2020,2020
JAM,Jamaica,2020,17.92499542236328,-77.47500610351562,3450.793514728546,0.0013345665843589583,2020,2020
JAM,Jamaica,2020,17.92499542236328,-77.42500305175781,5345.892547130585,0.0020674808639007487,2020,2020
JAM,Jamaica,2020,17.92499542236328,-77.37500762939453,1547.0434074401855,0.0005983065713176713,2020,2020
JAM,Jamaica,2020,17.92499542236328,-77.32500457763672,3216.374851465225,0.0012439070553532266,2020,2020
JAM,Jamaica,2020,17.92499542236328,-77.2750015258789,2712.172703981645,0.001048910937816317,2020,2020
JAM,Jamaica,2020,17.92499542236328,-77.22500610351562,16536.301257371902,0.006395281257133576,2020,2020
JAM,Jamaica,2020,17.92499542236328,-77.17500305175781,21692.49644374865,0.008389398195397333,2020,2020
JAM,Jamaica,2020,17.92499542236328,-77.12500762939453,27587.655544281035,0.010669303472682237,2020,2020
JAM,Jamaica,2020,17.92499542236328,-77.07500457763672,11887.079875328112,0.004597232352358436,2020,2020
JAM,Jamaica,2020,17.92499542236328,-77.0250015258789,663.6205271483058,0.00025664989123421204,2020,2020
JAM,Jamaica,2020,17.92499542236328,-76.97500610351562,1244.4345547556877,0.0004812750360489776,2020,2020
JAM,Jamaica,2020,17.92499542236328,-76.92500305175781,38229.371812820435,0.014784901485604485,2020,2020
JAM,Jamaica,2020,17.92499542236328,-76.62500762939453,2771.765834927559,0.0010719581009914804,2020,2020
JAM,Jamaica,2020,17.92499542236328,-76.57500457763672,3143.0064286142588,0.0012155324090389512,2020,2020
JAM,Jamaica,2020,17.92499542236328,-76.5250015258789,1564.249099433422,0.0006049607340477622,2020,2020
JAM,Jamaica,2020,17.92499542236328,-76.47500610351562,6551.841045525625,0.002533871727783686,2020,2020
JAM,Jamaica,2020,17.92499542236328,-76.42500305175781,5454.743704319082,0.0021095781717902357,2020,2020
JAM,Jamaica,2020,17.92499542236328,-76.37500762939453,3010.681105017662,0.0011643566564525506,2020,2020
JAM,Jamaica,2020,17.92499542236328,-76.32500457763672,2741.5941420496097,0.0010602894419028998,2020,2020
JAM,Jamaica,2020,17.92499542236328,-76.2750015258789,5309.433955162764,0.0020533807972507568,2020,2020
JAM,Jamaica,2020,17.92499542236328,-76.22500610351562,1056.0228218734765,0.0004084083166313873,2020,2020
JAM,Jamaica,2020,17.974998474121094,-77.82500457763672,1759.670884013176,0.0006805385344704137,2020,2020
JAM,Jamaica,2020,17.974998474121094,-77.7750015258789,3201.2836003305288,0.0012380706355864185,2020,2020
JAM,Jamaica,2020,17.974998474121094,-77.72500610351562,4112.71902602911,0.0015905609418729694,2020,2020
JAM,Jamaica,2020,17.974998474121094,-77.67500305175781,2898.934127688408,0.001121139413458957,2020,2020
JAM,Jamaica,2020,17.974998474121094,-77.62500762939453,3560.6283181905746,0.001377044309518236,2020,2020
JAM,Jamaica,2020,17.974998474121094,-77.57500457763672,6888.673634052277,0.0026641390171048673,2020,2020
JAM,Jamaica,2020,17.974998474121094,-77.5250015258789,7686.571513175964,0.002972719592170983,2020,2020
JAM,Jamaica,2020,17.974998474121094,-77.47500610351562,7373.868370056152,0.0028517841714190556,2020,2020
JAM,Jamaica,2020,17.974998474121094,-77.42500305175781,3170.9866489172155,0.0012263535337686542,2020,2020
JAM,Jamaica,2020,17.974998474121094,-77.37500762939453,2530.185670465231,0.0009785289191064188,2020,2020
JAM,Jamaica,2020,17.974998474121094,-77.32500457763672,8019.300848007202,0.003101399981190632,2020,2020
JAM,Jamaica,2020,17.974998474121094,-77.2750015258789,23785.79355430603,0.009198963984529981,2020,2020
JAM,Jamaica,2020,17.974998474121094,-77.22500610351562,33240.365435004234,0.012855443471797193,2020,2020
JAM,Jamaica,2020,17.974998474121094,-77.17500305175781,3898.220953464535,0.001507605540794269,2020,2020
JAM,Jamaica,2020,17.974998474121094,-77.12500762939453,10978.317539848387,0.004245775842173517,2020,2020
JAM,Jamaica,2020,17.974998474121094,-77.07500457763672,3363.4715291416155,0.001300795510098272,2020,2020
JAM,Jamaica,2020,17.974998474121094,-77.0250015258789,4233.072531342506,0.0016371066902106128,2020,2020
JAM,Jamaica,2020,17.974998474121094,-76.97500610351562,56447.38979750872,0.021830573135282454,2020,2020
JAM,Jamaica,2020,17.974998474121094,-76.92500305175781,50689.77181196213,0.01960386077587341,2020,2020
JAM,Jamaica,2020,17.974998474121094,-76.87500762939453,132315.96249580383,0.05117213225610336,2020,2020
JAM,Jamaica,2020,17.974998474121094,-76.7750015258789,133246.54892480373,0.05153202905859255,2020,2020
JAM,Jamaica,2020,17.974998474121094,-76.72500610351562,26764.843024611495,0.010351087361154176,2020,2020
JAM,Jamaica,2020,17.974998474121094,-76.67500305175781,2331.0100626947255,0.0009014993578141046,2020,2020
JAM,Jamaica,2020,17.974998474121094,-76.62500762939453,1454.181671619653,0.0005623930432950012,2020,2020
JAM,Jamaica,2020,17.974998474121094,-76.57500457763672,1880.2728177309036,0.0007271803604915265,2020,2020
JAM,Jamaica,2020,17.974998474121094,-76.5250015258789,3332.855630160022,0.0012889550578786444,2020,2020
JAM,Jamaica,2020,17.974998474121094,-76.47500610351562,1416.8915556073443,0.0005479713914214578,2020,2020
JAM,Jamaica,2020,17.974998474121094,-76.42500305175781,1421.030662298271,0.0005495721575800907,2020,2020
JAM,Jamaica,2020,17.974998474121094,-76.37500762939453,1263.4229586125743,0.0004886186482267428,2020,2020
JAM,Jamaica,2020,17.974998474121094,-76.32500457763672,853.9171494250835,0.00033024557643618335,2020,2020
JAM,Jamaica,2020,17.974998474121094,-76.2750015258789,2423.5614117386376,0.0009372928462521005,2020,2020
JAM,Jamaica,2020,18.024993896484375,-77.82500457763672,1962.1937351226886,0.000758862615151063,2020,2020
JAM,Jamaica,2020,18.024993896484375,-77.7750015258789,3723.6801486911563,0.0014401032910469392,2020,2020
JAM,Jamaica,2020,18.024993896484375,-77.72500610351562,4873.338747024536,0.0018847244896808368,2020,2020
JAM,Jamaica,2020,18.024993896484375,-77.67500305175781,5879.84679287672,0.0022739833656899465,2020,2020
JAM,Jamaica,2020,18.024993896484375,-77.62500762939453,3307.95776617527,0.001279326009616515,2020,2020
JAM,Jamaica,2020,18.024993896484375,-77.57500457763672,5795.737964630127,0.0022414549541381126,2020,2020
JAM,Jamaica,2020,18.024993896484375,-77.5250015258789,27559.914894104004,0.010658574999768211,2020,2020
JAM,Jamaica,2020,18.024993896484375,-77.47500610351562,16208.601365804672,0.006268545964767616,2020,2020
JAM,Jamaica,2020,18.024993896484375,-77.42500305175781,7218.784371495247,0.0027918066846859967,2020,2020
JAM,Jamaica,2020,18.024993896484375,-77.37500762939453,5249.282947063446,0.0020301178795820453,2020,2020
JAM,Jamaica,2020,18.024993896484375,-77.32500457763672,4086.871026277542,0.0015805644362594845,2020,2020
JAM,Jamaica,2020,18.024993896484375,-77.2750015258789,1199.529898796248,0.00046390852221098064,2020,2020
JAM,Jamaica,2020,18.024993896484375,-77.22500610351562,2779.282055094838,0.0010748649385733647,2020,2020
JAM,Jamaica,2020,18.024993896484375,-77.17500305175781,3081.8888219594955,0.0011918956671680434,2020,2020
JAM,Jamaica,2020,18.024993896484375,-77.12500762939453,3586.14824771882,0.0013869139366165326,2020,2020
JAM,Jamaica,2020,18.024993896484375,-77.07500457763672,4499.914664209229,0.0017403057348080453,2020,2020
JAM,Jamaica,2020,18.024993896484375,-77.0250015258789,13042.43976739049,0.005044058480399399,2020,2020
JAM,Jamaica,2020,18.024993896484375,-76.97500610351562,69486.48614883423,0.026873338576460907,2020,2020
JAM,Jamaica,2020,18.024993896484375,-76.92500305175781,21982.02165103022,0.00850136973623813,2020,2020
JAM,Jamaica,2020,18.024993896484375,-76.87500762939453,18901.065656305334,0.007309834832486088,2020,2020
JAM,Jamaica,2020,18.024993896484375,-76.82500457763672,215353.47888183594,0.08328622257879698,2020,2020
JAM,Jamaica,2020,18.024993896484375,-76.7750015258789,81573.85284423828,0.031548030242516324,2020,2020
JAM,Jamaica,2020,18.024993896484375,-76.72500610351562,23810.809670448303,0.009208638765861123,2020,2020
JAM,Jamaica,2020,18.024993896484375,-76.67500305175781,7144.124967098236,0.0027629327616618803,2020,2020
JAM,Jamaica,2020,18.024993896484375,-76.62500762939453,3190.0721853375435,0.001233734711182609,2020,2020
JAM,Jamaica,2020,18.024993896484375,-76.57500457763672,324.06810671092603,0.0001253307288387252,2020,2020
JAM,Jamaica,2020,18.024993896484375,-76.5250015258789,12.74525508285483,4.9291246984528e-06,2020,2020
JAM,Jamaica,2020,18.024993896484375,-76.47500610351562,0.0,0.0,2020,2020
JAM,Jamaica,2020,18.024993896484375,-76.42500305175781,285.6364535691456,0.00011046759667918516,2020,2020
JAM,Jamaica,2020,18.024993896484375,-76.37500762939453,197.86249843239784,7.652172683720458e-05,2020,2020
JAM,Jamaica,2020,18.024993896484375,-76.32500457763672,602.1670727729797,0.00023288326296373165,2020,2020
JAM,Jamaica,2020,18.024993896484375,-76.2750015258789,5033.794012904186,0.0019467792707662413,2020,2020
JAM,Jamaica,2020,18.074996948242188,-77.97500610351562,3885.986280322075,0.0015028738795468512,2020,2020
JAM,Jamaica,2020,18.074996948242188,-77.92500305175781,2965.116109728957,0.0011467347617001597,2020,2020
JAM,Jamaica,2020,18.074996948242188,-77.87500762939453,5187.6617603302,0.002006286382173774,2020,2020
JAM,Jamaica,2020,18.074996948242188,-77.82500457763672,1026.0113722682124,0.0003968016303372325,2020,2020
JAM,Jamaica,2020,18.074996948242188,-77.7750015258789,5027.280926704418,0.0019442603871627567,2020,2020
JAM,Jamaica,2020,18.074996948242188,-77.72500610351562,4216.339557945728,0.0016306353475884032,2020,2020
JAM,Jamaica,2020,18.074996948242188,-77.67500305175781,4799.052782595158,0.001855994991554918,2020,2020
JAM,Jamaica,2020,18.074996948242188,-77.62500762939453,1749.2215277552605,0.0006764973301415094,2020,2020
JAM,Jamaica,2020,18.074996948242188,-77.57500457763672,3118.91444003582,0.0012062150265962433,2020,2020
JAM,Jamaica,2020,18.074996948242188,-77.5250015258789,11391.602840423677,0.0044056106018021055,2020,2020
JAM,Jamaica,2020,18.074996948242188,-77.47500610351562,10931.85928440094,0.0042278084862528735,2020,2020
JAM,Jamaica,2020,18.074996948242188,-77.42500305175781,4044.3650736808777,0.0015641256016176162,2020,2020
JAM,Jamaica,2020,18.074996948242188,-77.37500762939453,3756.6043968200684,0.0014528364786979672,2020,2020
JAM,Jamaica,2020,18.074996948242188,-77.32500457763672,3338.087725698948,0.0012909785286666301,2020,2020
JAM,Jamaica,2020,18.074996948242188,-77.2750015258789,7541.402539313023,0.002916576661341811,2020,2020
JAM,Jamaica,2020,18.074996948242188,-77.22500610351562,3185.9038857221603,0.0012321226548956874,2020,2020
JAM,Jamaica,2020,18.074996948242188,-77.17500305175781,3043.1279760599136,0.001176905222362151,2020,2020
JAM,Jamaica,2020,18.074996948242188,-77.12500762939453,4831.586349487305,0.0018685770863858461,2020,2020
JAM,Jamaica,2020,18.074996948242188,-77.07500457763672,2966.730220913887,0.0011473590061939706,2020,2020
JAM,Jamaica,2020,18.074996948242188,-77.0250015258789,2011.9624861478806,0.000778110278559497,2020,2020
JAM,Jamaica,2020,18.074996948242188,-76.97500610351562,1763.8194301726578,0.0006821429512674444,2020,2020
JAM,Jamaica,2020,18.074996948242188,-76.92500305175781,3416.2430908977985,0.0013212044863594255,2020,2020
JAM,Jamaica,2020,18.074996948242188,-76.87500762939453,12062.870138168335,0.004665217819944634,2020,2020
JAM,Jamaica,2020,18.074996948242188,-76.82500457763672,28858.0521068573,0.011160619106046678,2020,2020
JAM,Jamaica,2020,18.074996948242188,-76.7750015258789,16896.47939385474,0.006534577249001837,2020,2020
JAM,Jamaica,2020,18.074996948242188,-76.72500610351562,5576.383401155537,0.00215662134433493,2020,2020
JAM,Jamaica,2020,18.074996948242188,-76.67500305175781,4933.380101800263,0.001907944999810267,2020,2020
JAM,Jamaica,2020,18.074996948242188,-76.62500762939453,383.1456838846354,0.00014817850574696547,2020,2020
JAM,Jamaica,2020,18.074996948242188,-76.57500457763672,18.16740584373474,7.026097812011019e-06,2020,2020
JAM,Jamaica,2020,18.074996948242188,-76.5250015258789,1.2402540445327759,4.796582574079907e-07,2020,2020
JAM,Jamaica,2020,18.074996948242188,-76.47500610351562,346.23664832115173,0.00013390423366615203,2020,2020
JAM,Jamaica,2020,18.074996948242188,-76.42500305175781,2146.499741911888,0.0008301414780872738,2020,2020
JAM,Jamaica,2020,18.074996948242188,-76.37500762939453,1.375702977180481,5.320420406239895e-07,2020,2020
JAM,Jamaica,2020,18.074996948242188,-76.32500457763672,830.9903489054722,0.00032137882108581467,2020,2020
JAM,Jamaica,2020,18.125,-78.0250015258789,1096.9347324371843,0.00042423066836224765,2020,2020
JAM,Jamaica,2020,18.125,-77.97500610351562,4097.5859615802765,0.001584708351143862,2020,2020
JAM,Jamaica,2020,18.125,-77.92500305175781,2431.1039283275604,0.0009402098537631514,2020,2020
JAM,Jamaica,2020,18.125,-77.87500762939453,3344.0295429229736,0.001293276478597192,2020,2020
JAM,Jamaica,2020,18.125,-77.82500457763672,3515.5038343667984,0.0013595927790251412,2020,2020
JAM,Jamaica,2020,18.125,-77.7750015258789,3107.031139612198,0.0012016192559163763,2020,2020
JAM,Jamaica,2020,18.125,-77.72500610351562,2016.0087554158413,0.0007796751405929078,2020,2020
JAM,Jamaica,2020,18.125,-77.67500305175781,918.2391946911908,0.0003551216091177632,2020,2020
JAM,Jamaica,2020,18.125,-77.62500762939453,2333.031521677971,0.000902281140786391,2020,2020
JAM,Jamaica,2020,18.125,-77.57500457763672,3202.628347635269,0.0012385907057701757,2020,2020
JAM,Jamaica,2020,18.125,-77.5250015258789,4955.1910037994985,0.0019163801904001037,2020,2020
JAM,Jamaica,2020,18.125,-77.47500610351562,9389.025432229042,0.0036311299265134353,2020,2020
JAM,Jamaica,2020,18.125,-77.42500305175781,5114.144115567207,0.0019778540254874943,2020,2020
JAM,Jamaica,2020,18.125,-77.37500762939453,4942.2056246997745,0.0019113581996731135,2020,2020
JAM,Jamaica,2020,18.125,-77.32500457763672,5262.418613910675,0.0020351979928843224,2020,2020
JAM,Jamaica,2020,18.125,-77.2750015258789,5188.422427177429,0.0020065805639472726,2020,2020
JAM,Jamaica,2020,18.125,-77.22500610351562,4219.439708710987,0.0016318343059149826,2020,2020
JAM,Jamaica,2020,18.125,-77.17500305175781,1939.6155064702034,0.0007501306671614155,2020,2020
JAM,Jamaica,2020,18.125,-77.12500762939453,2447.1036106720567,0.0009463976019799562,2020,2020
JAM,Jamaica,2020,18.125,-77.07500457763672,2937.47735519722,0.0011360456961058488,2020,2020
JAM,Jamaica,2020,18.125,-77.0250015258789,18103.086513519287,0.007001222829353401,2020,2020
JAM,Jamaica,2020,18.125,-76.97500610351562,5055.140994429588,0.0019550350438512242,2020,2020
JAM,Jamaica,2020,18.125,-76.92500305175781,2826.848473623395,0.0010932608676357382,2020,2020
JAM,Jamaica,2020,18.125,-76.87500762939453,12861.071128845215,0.004973915620961389,2020,2020
JAM,Jamaica,2020,18.125,-76.82500457763672,15917.402673602104,0.006155927217119034,2020,2020
JAM,Jamaica,2020,18.125,-76.7750015258789,3715.3461896181107,0.0014368801995328193,2020,2020
JAM,Jamaica,2020,18.125,-76.72500610351562,1271.0785291794928,0.000491579378452763,2020,2020
JAM,Jamaica,2020,18.125,-76.67500305175781,274.8916344642639,0.00010631212447513911,2020,2020
JAM,Jamaica,2020,18.125,-76.62500762939453,205.7227621080567,7.956162047355565e-05,2020,2020
JAM,Jamaica,2020,18.125,-76.57500457763672,188.89153915143106,7.305228062579749e-05,2020,2020
JAM,Jamaica,2020,18.125,-76.5250015258789,1343.1799387932049,0.0005194640176074785,2020,2020
JAM,Jamaica,2020,18.125,-76.47500610351562,2772.0182229284997,0.0010720557100170308,2020,2020
JAM,Jamaica,2020,18.125,-76.42500305175781,1321.1787412166595,0.0005109552317365723,2020,2020
JAM,Jamaica,2020,18.125,-76.37500762939453,913.3262670040131,0.0003532215739244969,2020,2020
JAM,Jamaica,2020,18.17499542236328,-78.0250015258789,3194.65620803833,0.0012355075450227971,2020,2020
JAM,Jamaica,2020,18.17499542236328,-77.97500610351562,3196.4464378356934,0.0012361999019707534,2020,2020
JAM,Jamaica,2020,18.17499542236328,-77.92500305175781,4048.7959411144257,0.001565839203892368,2020,2020
JAM,Jamaica,2020,18.17499542236328,-77.87500762939453,3350.1935027837753,0.001295660340402439,2020,2020
JAM,Jamaica,2020,18.17499542236328,-77.82500457763672,708.412825167198,0.0002739729515441141,2020,2020
JAM,Jamaica,2020,18.17499542236328,-77.7750015258789,3026.062363827834,0.0011703052343508857,2020,2020
JAM,Jamaica,2020,18.17499542236328,-77.72500610351562,5175.141329884529,0.002001444206592052,2020,2020
JAM,Jamaica,2020,18.17499542236328,-77.67500305175781,2176.057740092592,0.0008415727956970189,2020,2020
JAM,Jamaica,2020,18.17499542236328,-77.62500762939453,4501.004492759705,0.0017407272172177974,2020,2020
JAM,Jamaica,2020,18.17499542236328,-77.57500457763672,3080.3356671333313,0.0011912949970547817,2020,2020
JAM,Jamaica,2020,18.17499542236328,-77.5250015258789,6962.496636629105,0.002692689468464989,2020,2020
JAM,Jamaica,2020,18.17499542236328,-77.47500610351562,29715.879161834717,0.011492376806948111,2020,2020
JAM,Jamaica,2020,18.17499542236328,-77.42500305175781,8416.335881233215,0.003254950080871102,2020,2020
JAM,Jamaica,2020,18.17499542236328,-77.37500762939453,5050.563537597656,0.0019532647493079058,2020,2020
JAM,Jamaica,2020,18.17499542236328,-77.32500457763672,3930.497572899008,0.0015200882632664964,2020,2020
JAM,Jamaica,2020,18.17499542236328,-77.2750015258789,5380.485382914566,0.0020808593643814274,2020,2020
JAM,Jamaica,2020,18.17499542236328,-77.22500610351562,4685.650325655937,0.001812137505162489,2020,2020
JAM,Jamaica,2020,18.17499542236328,-77.17500305175781,401.1414345208287,0.00015513821729070564,2020,2020
JAM,Jamaica,2020,18.17499542236328,-77.12500762939453,658.6225937605047,0.0002547169807712295,2020,2020
JAM,Jamaica,2020,18.17499542236328,-77.07500457763672,10368.759474754333,0.0040100341724883,2020,2020
JAM,Jamaica,2020,18.17499542236328,-77.0250015258789,13195.018220424652,0.005103066967590379,2020,2020
JAM,Jamaica,2020,18.17499542236328,-76.97500610351562,3151.828160167082,0.0012189441426290176,2020,2020
JAM,Jamaica,2020,18.17499542236328,-76.92500305175781,2053.369388997555,0.0007941240645681681,2020,2020
JAM,Jamaica,2020,18.17499542236328,-76.87500762939453,4256.140341282174,0.0016460279798178948,2020,2020
JAM,Jamaica,2020,18.17499542236328,-76.82500457763672,5091.331587523222,0.001969031464096234,2020,2020
JAM,Jamaica,2020,18.17499542236328,-76.7750015258789,35.40779131669044,1.369367796581348e-05,2020,2020
JAM,Jamaica,2020,18.17499542236328,-76.72500610351562,919.5353709459305,0.00035562289483933186,2020,2020
JAM,Jamaica,2020,18.17499542236328,-76.67500305175781,2075.730075061333,0.0008027718797146524,2020,2020
JAM,Jamaica,2020,18.17499542236328,-76.62500762939453,2478.7743104696274,0.0009586459899152821,2020,2020
JAM,Jamaica,2020,18.17499542236328,-76.57500457763672,3557.756962954998,0.0013759338360190628,2020,2020
JAM,Jamaica,2020,18.17499542236328,-76.5250015258789,4257.09247815609,0.0016463962110812957,2020,2020
JAM,Jamaica,2020,18.17499542236328,-76.47500610351562,11089.295147418976,0.004288695537612744,2020,2020
JAM,Jamaica,2020,18.17499542236328,-76.42500305175781,11207.164880752563,0.004334280707152128,2020,2020
JAM,Jamaica,2020,18.224998474121094,-78.32500457763672,1731.3731184007372,0.0006695946016511377,2020,2020
JAM,Jamaica,2020,18.224998474121094,-78.2750015258789,1915.7217388153076,0.000740889945063568,2020,2020
JAM,Jamaica,2020,18.224998474121094,-78.22500610351562,5778.4899252951145,0.0022347844139148365,2020,2020
JAM,Jamaica,2020,18.224998474121094,-78.17500305175781,2595.037484049797,0.0010036098354161407,2020,2020
JAM,Jamaica,2020,18.224998474121094,-78.12500762939453,32014.303813934326,0.012381274019796936,2020,2020
JAM,Jamaica,2020,18.224998474121094,-78.07500457763672,3317.533644080162,0.0012830294032311212,2020,2020
JAM,Jamaica,2020,18.224998474121094,-78.0250015258789,1812.0152502657475,0.0007007822963130066,2020,2020
JAM,Jamaica,2020,18.224998474121094,-77.97500610351562,4178.430230200291,0.0016159742205668541,2020,2020
JAM,Jamaica,2020,18.224998474121094,-77.92500305175781,2834.878915786743,0.0010963665764308571,2020,2020
JAM,Jamaica,2020,18.224998474121094,-77.87500762939453,2608.5434643626277,0.0010088331644671493,2020,2020
JAM,Jamaica,2020,18.224998474121094,-77.82500457763672,936.7803122103214,0.00036229223690876003,2020,2020
JAM,Jamaica,2020,18.224998474121094,-77.7750015258789,2058.980540782213,0.0007962941323046493,2020,2020
JAM,Jamaica,2020,18.224998474121094,-77.72500610351562,1101.5594501498524,0.0004260192406703492,2020,2020
JAM,Jamaica,2020,18.224998474121094,-77.67500305175781,570.6775760267643,0.0002207049538483324,2020,2020
JAM,Jamaica,2020,18.224998474121094,-77.62500762939453,1675.583870470524,0.0006480185595795399,2020,2020
JAM,Jamaica,2020,18.224998474121094,-77.57500457763672,2671.0780772568423,0.0010330179220825312,2020,2020
JAM,Jamaica,2020,18.224998474121094,-77.5250015258789,5424.105484336615,0.002097729087103389,2020,2020
JAM,Jamaica,2020,18.224998474121094,-77.47500610351562,5560.94265961647,0.0021506497619705233,2020,2020
JAM,Jamaica,2020,18.224998474121094,-77.42500305175781,3026.6386193037033,0.0011705280965125498,2020,2020
JAM,Jamaica,2020,18.224998474121094,-77.37500762939453,3137.6739454865456,0.0012134701141599533,2020,2020
JAM,Jamaica,2020,18.224998474121094,-77.32500457763672,1108.7248539926086,0.0004287904028657006,2020,2020
JAM,Jamaica,2020,18.224998474121094,-77.2750015258789,788.2373734116554,0.0003048444523290525,2020,2020
JAM,Jamaica,2020,18.224998474121094,-77.22500610351562,1495.672435760557,0.0005784392619822776,2020,2020
JAM,Jamaica,2020,18.224998474121094,-77.17500305175781,1026.0859527301682,0.0003968304737299036,2020,2020
JAM,Jamaica,2020,18.224998474121094,-77.12500762939453,322.2656299479426,0.00012463363547550484,2020,2020
JAM,Jamaica,2020,18.224998474121094,-77.07500457763672,1057.538369894346,0.0004089944426157475,2020,2020
JAM,Jamaica,2020,18.224998474121094,-77.0250015258789,3775.1602227687836,0.0014600127948555814,2020,2020
JAM,Jamaica,2020,18.224998474121094,-76.97500610351562,4113.062607228756,0.0015906938191332588,2020,2020
JAM,Jamaica,2020,18.224998474121094,-76.92500305175781,3057.7675114274025,0.0011825669446960442,2020,2020
JAM,Jamaica,2020,18.224998474121094,-76.87500762939453,4248.430057287216,0.0016430460896144766,2020,2020
JAM,Jamaica,2020,18.224998474121094,-76.82500457763672,2228.1455374360085,0.0008617173315815002,2020,2020
JAM,Jamaica,2020,18.224998474121094,-76.7750015258789,1935.2750999333648,0.0007484520499095068,2020,2020
JAM,Jamaica,2020,18.224998474121094,-76.72500610351562,2738.4814100861918,0.0010590856178993155,2020,2020
JAM,Jamaica,2020,18.224998474121094,-76.67500305175781,8450.316611051567,0.0032680918543020947,2020,2020
JAM,Jamaica,2020,18.224998474121094,-76.62500762939453,2510.169991016984,0.0009707880163717699,2020,2020
JAM,Jamaica,2020,18.274993896484375,-78.32500457763672,11020.885921955518,0.004262238820925484,2020,2020
JAM,Jamaica,2020,18.274993896484375,-78.2750015258789,2200.4912507841236,0.0008510222590648843,2020,2020
JAM,Jamaica,2020,18.274993896484375,-78.22500610351562,2839.583440423824,0.0010981860134238687,2020,2020
JAM,Jamaica,2020,18.274993896484375,-78.17500305175781,2657.8737223746066,0.0010279112442362229,2020,2020
JAM,Jamaica,2020,18.274993896484375,-78.12500762939453,4596.60740160944,0.0017777008718203703,2020,2020
JAM,Jamaica,2020,18.274993896484375,-78.07500457763672,11056.589217245752,0.004276046782671811,2020,2020
JAM,Jamaica,2020,18.274993896484375,-78.0250015258789,4239.786248624325,0.0016397031662683387,2020,2020
JAM,Jamaica,2020,18.274993896484375,-77.97500610351562,4254.2621811032295,0.0016453016165034297,2020,2020
JAM,Jamaica,2020,18.274993896484375,-77.92500305175781,5214.5665698680095,0.002016691600456018,2020,2020
JAM,Jamaica,2020,18.274993896484375,-77.87500762939453,2370.216079579445,0.0009166619689111859,2020,2020
JAM,Jamaica,2020,18.274993896484375,-77.82500457763672,877.16519987589,0.0003392365726087197,2020,2020
JAM,Jamaica,2020,18.274993896484375,-77.7750015258789,23.207281947135925,8.975229282265782e-06,2020,2020
JAM,Jamaica,2020,18.274993896484375,-77.72500610351562,33.87173134114381,1.3099619148273063e-05,2020,2020
JAM,Jamaica,2020,18.274993896484375,-77.67500305175781,43.76589554563399,1.6926107424408545e-05,2020,2020
JAM,Jamaica,2020,18.274993896484375,-77.62500762939453,1043.8854177594326,0.0004037142733968885,2020,2020
JAM,Jamaica,2020,18.274993896484375,-77.57500457763672,3739.9810671806335,0.00144640753991537,2020,2020
JAM,Jamaica,2020,18.274993896484375,-77.5250015258789,6369.338997364044,0.002463290531309902,2020,2020
JAM,Jamaica,2020,18.274993896484375,-77.47500610351562,137.2449188232422,5.307836639682718e-05,2020,2020
JAM,Jamaica,2020,18.274993896484375,-77.42500305175781,436.0581061841591,0.0001686419586881621,2020,2020
JAM,Jamaica,2020,18.274993896484375,-77.37500762939453,2693.23786163347,0.0010415880401204323,2020,2020
JAM,Jamaica,2020,18.274993896484375,-77.32500457763672,2697.5297912661463,0.0010432479093202968,2020,2020
JAM,Jamaica,2020,18.274993896484375,-77.2750015258789,1638.8181853890715,0.0006337997271424937,2020,2020
JAM,Jamaica,2020,18.274993896484375,-77.22500610351562,1329.457995712757,0.0005141571666963825,2020,2020
JAM,Jamaica,2020,18.274993896484375,-77.17500305175781,895.2845762968867,0.0003462440954285213,2020,2020
JAM,Jamaica,2020,18.274993896484375,-77.12500762939453,4661.222259938717,0.0018026901475945612,2020,2020
JAM,Jamaica,2020,18.274993896484375,-77.07500457763672,1288.6924601793437,0.0004983914243289575,2020,2020
JAM,Jamaica,2020,18.274993896484375,-77.0250015258789,2966.2249291837215,0.0011471635886891117,2020,2020
JAM,Jamaica,2020,18.274993896484375,-76.97500610351562,4387.014636039734,0.0016966425586935955,2020,2020
JAM,Jamaica,2020,18.274993896484375,-76.92500305175781,3903.564485907804,0.0015096721089070196,2020,2020
JAM,Jamaica,2020,18.274993896484375,-76.87500762939453,9589.464359045029,0.00370864806626641,2020,2020
JAM,Jamaica,2020,18.274993896484375,-76.82500457763672,2983.5127419829623,0.0011538495109791721,2020,2020
JAM,Jamaica,2020,18.274993896484375,-76.7750015258789,6367.221501380222,0.0024624716068015356,2020,2020
JAM,Jamaica,2020,18.324996948242188,-78.32500457763672,1128.8097134530544,0.0004365580604125955,2020,2020
JAM,Jamaica,2020,18.324996948242188,-78.2750015258789,2617.7887847454986,0.0010124087176238393,2020,2020
JAM,Jamaica,2020,18.324996948242188,-78.22500610351562,1494.5423039197922,0.0005780021925997813,2020,2020
JAM,Jamaica,2020,18.324996948242188,-78.17500305175781,7935.935891032219,0.00306915925585877,2020,2020
JAM,Jamaica,2020,18.324996948242188,-78.12500762939453,3999.507550418377,0.0015467773159703517,2020,2020
JAM,Jamaica,2020,18.324996948242188,-78.07500457763672,3100.019921720028,0.0011989077238949404,2020,2020
JAM,Jamaica,2020,18.324996948242188,-78.0250015258789,2561.364290997451,0.000990586999351183,2020,2020
JAM,Jamaica,2020,18.324996948242188,-77.97500610351562,4197.443011045456,0.0016233272603483995,2020,2020
JAM,Jamaica,2020,18.324996948242188,-77.92500305175781,4633.846186637878,0.0017921026718495413,2020,2020
JAM,Jamaica,2020,18.324996948242188,-77.87500762939453,1240.5333076720772,0.00047976626017673477,2020,2020
JAM,Jamaica,2020,18.324996948242188,-77.82500457763672,2278.5675114393234,0.0008812176237128692,2020,2020
JAM,Jamaica,2020,18.324996948242188,-77.7750015258789,1181.5512309374071,0.00045695541729372366,2020,2020
JAM,Jamaica,2020,18.324996948242188,-77.72500610351562,0.9050329923629761,3.500142167866097e-07,2020,2020
JAM,Jamaica,2020,18.324996948242188,-77.67500305175781,0.0,0.0,2020,2020
JAM,Jamaica,2020,18.324996948242188,-77.62500762939453,0.4957810044288635,1.9173930832043143e-07,2020,2020
JAM,Jamaica,2020,18.324996948242188,-77.57500457763672,460.6594705581665,0.0001781563381151131,2020,2020
JAM,Jamaica,2020,18.324996948242188,-77.5250015258789,1555.1249114574978,0.0006014320278733401,2020,2020
JAM,Jamaica,2020,18.324996948242188,-77.47500610351562,190.84823197126389,7.38090158062881e-05,2020,2020
JAM,Jamaica,2020,18.324996948242188,-77.42500305175781,2093.2434262782335,0.000809545027170291,2020,2020
JAM,Jamaica,2020,18.324996948242188,-77.37500762939453,5459.592241764069,0.0021114533045762094,2020,2020
JAM,Jamaica,2020,18.324996948242188,-77.32500457763672,2828.522133827401,0.001093908142232814,2020,2020
JAM,Jamaica,2020,18.324996948242188,-77.2750015258789,1123.4025270940494,0.00043446687466087503,2020,2020
JAM,Jamaica,2020,18.324996948242188,-77.22500610351562,497.27754539253107,0.0001923180834785829,2020,2020
JAM,Jamaica,2020,18.324996948242188,-77.17500305175781,4904.947021722794,0.0018969487352120424,2020,2020
JAM,Jamaica,2020,18.324996948242188,-77.12500762939453,3794.532756567177,0.0014675049661927973,2020,2020
JAM,Jamaica,2020,18.324996948242188,-77.07500457763672,2435.093409359455,0.0009417527534038793,2020,2020
JAM,Jamaica,2020,18.324996948242188,-77.0250015258789,3176.807052910328,0.0012286045281105422,2020,2020
JAM,Jamaica,2020,18.324996948242188,-76.97500610351562,4001.887409210205,0.0015476977071805214,2020,2020
JAM,Jamaica,2020,18.324996948242188,-76.92500305175781,5456.0244797468185,0.002110073501366065,2020,2020
JAM,Jamaica,2020,18.324996948242188,-76.87500762939453,7765.088999271393,0.0030030855972024576,2020,2020
JAM,Jamaica,2020,18.324996948242188,-76.82500457763672,2965.309783935761,0.0011468096636389601,2020,2020
JAM,Jamaica,2020,18.375,-78.2750015258789,5383.890321970111,0.0020821761971232047,2020,2020
JAM,Jamaica,2020,18.375,-78.22500610351562,4811.620193421841,0.0018608553364204152,2020,2020
JAM,Jamaica,2020,18.375,-78.17500305175781,2380.1520306169987,0.0009205046179082787,2020,2020
JAM,Jamaica,2020,18.375,-78.12500762939453,2193.9455345869064,0.0008484907560728282,2020,2020
JAM,Jamaica,2020,18.375,-78.07500457763672,1402.5314979851632,0.0005424177548534525,2020,2020
JAM,Jamaica,2020,18.375,-78.0250015258789,1869.7177098989757,0.0007230982575935487,2020,2020
JAM,Jamaica,2020,18.375,-77.97500610351562,2513.98250412941,0.0009722624750957003,2020,2020
JAM,Jamaica,2020,18.375,-77.92500305175781,4135.550601243973,0.0015993908696040789,2020,2020
JAM,Jamaica,2020,18.375,-77.87500762939453,2359.4863929748535,0.0009125123490796852,2020,2020
JAM,Jamaica,2020,18.375,-77.82500457763672,2780.555602014065,0.0010753574725817772,2020,2020
JAM,Jamaica,2020,18.375,-77.7750015258789,340.4666509628296,0.00013167273368407852,2020,2020
JAM,Jamaica,2020,18.375,-77.72500610351562,2971.6874635219574,0.0011492761798257902,2020,2020
JAM,Jamaica,2020,18.375,-77.67500305175781,1161.6928957104683,0.0004492753661687418,2020,2020
JAM,Jamaica,2020,18.375,-77.62500762939453,867.3037165106098,0.0003354227233837973,2020,2020
JAM,Jamaica,2020,18.375,-77.57500457763672,74.51565098762512,2.8818327551442015e-05,2020,2020
JAM,Jamaica,2020,18.375,-77.5250015258789,167.56458309292793,6.480425222876688e-05,2020,2020
JAM,Jamaica,2020,18.375,-77.47500610351562,1294.2765635550022,0.0005005510313112217,2020,2020
JAM,Jamaica,2020,18.375,-77.42500305175781,2102.241618990898,0.0008130250056919526,2020,2020
JAM,Jamaica,2020,18.375,-77.37500762939453,13064.792155265808,0.005052703086288366,2020,2020
JAM,Jamaica,2020,18.375,-77.32500457763672,2921.494453817606,0.0011298644377919866,2020,2020
JAM,Jamaica,2020,18.375,-77.2750015258789,4399.939015567718,0.0017016409583277671,2020,2020
JAM,Jamaica,2020,18.375,-77.22500610351562,2512.8285987377167,0.0009718162114839563,2020,2020
JAM,Jamaica,2020,18.375,-77.17500305175781,2338.6486496329308,0.0009044535197585788,2020,2020
JAM,Jamaica,2020,18.375,-77.12500762939453,5078.835831165408,0.00196419883101916,2020,2020
JAM,Jamaica,2020,18.375,-77.07500457763672,10680.344667077065,0.004130537234778217,2020,2020
JAM,Jamaica,2020,18.375,-77.0250015258789,6573.354692935944,0.00254219195755662,2020,2020
JAM,Jamaica,2020,18.375,-76.97500610351562,4869.829676628257,0.0018833673849821498,2020,2020
JAM,Jamaica,2020,18.375,-76.92500305175781,8442.75401306216,0.003265167080471228,2020,2020
JAM,Jamaica,2020,18.42499542236328,-78.22500610351562,3232.9007044285536,0.0012502982958168343,2020,2020
JAM,Jamaica,2020,18.42499542236328,-78.17500305175781,12158.170674324036,0.004702074534344393,2020,2020
JAM,Jamaica,2020,18.42499542236328,-78.12500762939453,2438.300838887703,0.0009429932009275621,2020,2020
JAM,Jamaica,2020,18.42499542236328,-78.07500457763672,7806.368896484375,0.003019050264804585,2020,2020
JAM,Jamaica,2020,18.42499542236328,-78.0250015258789,6059.190702677035,0.002343343177601676,2020,2020
JAM,Jamaica,2020,18.42499542236328,-77.97500610351562,4610.931097269058,0.0017832404456923695,2020,2020
JAM,Jamaica,2020,18.42499542236328,-77.92500305175781,18605.546902894974,0.007195545335977657,2020,2020
JAM,Jamaica,2020,18.42499542236328,-77.87500762939453,13713.11653211789,0.005303437314656184,2020,2020
JAM,Jamaica,2020,18.42499542236328,-77.82500457763672,3560.42578458786,0.0013769659812794587,2020,2020
JAM,Jamaica,2020,18.42499542236328,-77.7750015258789,4350.417757153519,0.0016824890106922697,2020,2020
JAM,Jamaica,2020,18.42499542236328,-77.72500610351562,6206.707713603973,0.0024003941928442073,2020,2020
JAM,Jamaica,2020,18.42499542236328,-77.67500305175781,585.0741406688823,0.00022627270921211448,2020,2020
JAM,Jamaica,2020,18.42499542236328,-77.62500762939453,1293.0228338913016,0.0005000661614666909,2020,2020
JAM,Jamaica,2020,18.42499542236328,-77.57500457763672,1975.9106706679054,0.0007641675294382605,2020,2020
JAM,Jamaica,2020,18.42499542236328,-77.5250015258789,3183.7151945830406,0.00123127619623472,2020,2020
JAM,Jamaica,2020,18.42499542236328,-77.47500610351562,3781.5236872434616,0.001462473813462581,2020,2020
JAM,Jamaica,2020,18.42499542236328,-77.42500305175781,3547.554731607446,0.0013719882052578394,2020,2020
JAM,Jamaica,2020,18.42499542236328,-77.37500762939453,4790.780895710001,0.0018527959059592687,2020,2020
JAM,Jamaica,2020,18.42499542236328,-77.32500457763672,5528.955839157109,0.002138279116916639,2020,2020
JAM,Jamaica,2020,18.42499542236328,-77.2750015258789,4092.3388546705246,0.0015826790748291752,2020,2020
JAM,Jamaica,2020,18.42499542236328,-77.22500610351562,14773.307463169098,0.0057134576139242655,2020,2020
JAM,Jamaica,2020,18.42499542236328,-77.17500305175781,14721.255006790168,0.005693326745873012,2020,2020
JAM,Jamaica,2020,18.474998474121094,-77.92500305175781,50373.34952926636,0.019481487007860353,2020,2020
JAM,Jamaica,2020,18.474998474121094,-77.87500762939453,43972.54697728157,0.01700602820034303,2020,2020
JAM,Jamaica,2020,18.474998474121094,-77.82500457763672,2094.439219713211,0.0008100074906452296,2020,2020
JAM,Jamaica,2020,18.474998474121094,-77.7750015258789,4952.910086333752,0.001915498063950499,2020,2020
JAM,Jamaica,2020,18.474998474121094,-77.72500610351562,3856.096979678291,0.0014913144333792384,2020,2020
JAM,Jamaica,2020,18.474998474121094,-77.67500305175781,11047.867372989782,0.004272673679688883,2020,2020
JAM,Jamaica,2020,18.474998474121094,-77.62500762939453,8719.269669055939,0.0033721072821860858,2020,2020
JAM,Jamaica,2020,18.474998474121094,-77.57500457763672,4246.696656048298,0.0016423757106535585,2020,2020
JAM,Jamaica,2020,18.474998474121094,-77.5250015258789,5250.49755692482,0.0020305876201582645,2020,2020
JAM,Jamaica,2020,18.474998474121094,-77.47500610351562,1062.2328043878078,0.0004108099773270236,2020,2020
JAM,Jamaica,2021,17.724998474121094,-77.22500610351562,37.78490458242595,1.4550360703903748e-05,2021,2021
JAM,Jamaica,2021,17.724998474121094,-77.17500305175781,33.29473167663414,1.2821267137989236e-05,2021,2021
JAM,Jamaica,2021,17.774993896484375,-77.2750015258789,2914.280178061138,0.0011222425529889717,2021,2021
JAM,Jamaica,2021,17.774993896484375,-77.22500610351562,4536.193993032008,0.0017468155484557126,2021,2021
JAM,Jamaica,2021,17.824996948242188,-77.32500457763672,793.0277391674218,0.00030538226258890937,2021,2021
JAM,Jamaica,2021,17.824996948242188,-77.2750015258789,6824.37236523637,0.0026279563383660304,2021,2021
JAM,Jamaica,2021,17.824996948242188,-77.22500610351562,4561.524394676089,0.0017565698798419976,2021,2021
JAM,Jamaica,2021,17.824996948242188,-77.17500305175781,1359.5674442947634,0.0005235476160226754,2021,2021
JAM,Jamaica,2021,17.875,-77.72500610351562,3434.777865970973,0.0013226778640829816,2021,2021
JAM,Jamaica,2021,17.875,-77.67500305175781,6341.320750921965,0.0024419409095975102,2021,2021
JAM,Jamaica,2021,17.875,-77.62500762939453,6905.582685291767,0.002659229130046841,2021,2021
JAM,Jamaica,2021,17.875,-77.57500457763672,7898.993565559387,0.003041775726229045,2021,2021
JAM,Jamaica,2021,17.875,-77.5250015258789,3118.4150790572176,0.0012008516291418362,2021,2021
JAM,Jamaica,2021,17.875,-77.47500610351562,2046.3878153264523,0.0007880311246550653,2021,2021
JAM,Jamaica,2021,17.875,-77.42500305175781,404.63377887010574,0.00015581797812140084,2021,2021
JAM,Jamaica,2021,17.875,-77.37500762939453,3022.1782009601916,0.0011637923509775975,2021,2021
JAM,Jamaica,2021,17.875,-77.32500457763672,4551.41508936882,0.0017526769485163203,2021,2021
JAM,Jamaica,2021,17.875,-77.2750015258789,2516.525099426508,0.0009690734519973746,2021,2021
JAM,Jamaica,2021,17.875,-77.22500610351562,10416.272796630863,0.004011139582227006,2021,2021
JAM,Jamaica,2021,17.875,-77.17500305175781,571.509169055149,0.0002200790142846729,2021,2021
JAM,Jamaica,2021,17.875,-77.0250015258789,8.971966177227298,3.454960269043507e-06,2021,2021
JAM,Jamaica,2021,17.875,-76.97500610351562,3.315226078064435,1.2766403881104793e-06,2021,2021
JAM,Jamaica,2021,17.875,-76.92500305175781,3259.206593990576,0.0012550681833178715,2021,2021
JAM,Jamaica,2021,17.875,-76.57500457763672,11317.019207000965,0.004358002577342978,2021,2021
JAM,Jamaica,2021,17.875,-76.5250015258789,1743.7864754199982,0.0006715042022297711,2021,2021
JAM,Jamaica,2021,17.875,-76.47500610351562,3174.911039054965,0.0012226073171703003,2021,2021
JAM,Jamaica,2021,17.875,-76.42500305175781,7769.872542381408,0.0029920532912392117,2021,2021
JAM,Jamaica,2021,17.875,-76.37500762939453,10493.334641754627,0.004040814862751087,2021,2021
JAM,Jamaica,2021,17.92499542236328,-77.7750015258789,2986.7968161702156,0.0011501675471945224,2021,2021
JAM,Jamaica,2021,17.92499542236328,-77.72500610351562,3725.6648005247116,0.0014346937569000911,2021,2021
JAM,Jamaica,2021,17.92499542236328,-77.67500305175781,4569.402082443237,0.0017596034510469927,2021,2021
JAM,Jamaica,2021,17.92499542236328,-77.62500762939453,8393.879663467407,0.0032323484248103257,2021,2021
JAM,Jamaica,2021,17.92499542236328,-77.57500457763672,8835.634709358215,0.0034024612074550218,2021,2021
JAM,Jamaica,2021,17.92499542236328,-77.5250015258789,2932.723614692688,0.0011293448246123719,2021,2021
JAM,Jamaica,2021,17.92499542236328,-77.47500610351562,3464.686508655548,0.0013341952026612864,2021,2021
JAM,Jamaica,2021,17.92499542236328,-77.42500305175781,5368.771221637726,0.002067427685073471,2021,2021
JAM,Jamaica,2021,17.92499542236328,-77.37500762939453,1553.4250790178776,0.000598199081775982,2021,2021
JAM,Jamaica,2021,17.92499542236328,-77.32500457763672,3230.7453216314316,0.0012441082038368008,2021,2021
JAM,Jamaica,2021,17.92499542236328,-77.2750015258789,2723.9684320690712,0.001048956552111727,2021,2021
JAM,Jamaica,2021,17.92499542236328,-77.22500610351562,16609.253291249275,0.006395957038424819,2021,2021
JAM,Jamaica,2021,17.92499542236328,-77.17500305175781,21780.65426731127,0.008387380607646145,2021,2021
JAM,Jamaica,2021,17.92499542236328,-77.12500762939453,27704.436916947394,0.01066853429153877,2021,2021
JAM,Jamaica,2021,17.92499542236328,-77.07500457763672,11941.349560471252,0.004598422182520797,2021,2021
JAM,Jamaica,2021,17.92499542236328,-77.0250015258789,666.4561108351346,0.0002566415586631465,2021,2021
JAM,Jamaica,2021,17.92499542236328,-76.97500610351562,1251.1778577207588,0.00048180852474725923,2021,2021
JAM,Jamaica,2021,17.92499542236328,-76.92500305175781,38390.79155302048,0.014783678058158658,2021,2021
JAM,Jamaica,2021,17.92499542236328,-76.62500762939453,2784.251565337181,0.001072170619822261,2021,2021
JAM,Jamaica,2021,17.92499542236328,-76.57500457763672,3156.482186689973,0.0012155106617140275,2021,2021
JAM,Jamaica,2021,17.92499542236328,-76.5250015258789,1569.9293277859688,0.0006045546032567582,2021,2021
JAM,Jamaica,2021,17.92499542236328,-76.47500610351562,6579.6213827861375,0.0025337066607066076,2021,2021
JAM,Jamaica,2021,17.92499542236328,-76.42500305175781,5479.950676918113,0.0021102411100396303,2021,2021
JAM,Jamaica,2021,17.92499542236328,-76.37500762939453,3023.0669904351234,0.0011641346095486594,2021,2021
JAM,Jamaica,2021,17.92499542236328,-76.32500457763672,2752.574234873115,0.001059972187948933,2021,2021
JAM,Jamaica,2021,17.92499542236328,-76.2750015258789,5332.3016584813595,0.002053383841255331,2021,2021
JAM,Jamaica,2021,17.92499542236328,-76.22500610351562,1060.874135017445,0.0004085256135098237,2021,2021
JAM,Jamaica,2021,17.974998474121094,-77.82500457763672,1767.6196784377098,0.000680681986439351,2021,2021
JAM,Jamaica,2021,17.974998474121094,-77.7750015258789,3214.6909468175745,0.0012379259216000493,2021,2021
JAM,Jamaica,2021,17.974998474121094,-77.72500610351562,4130.329346477985,0.0015905235829317317,2021,2021
JAM,Jamaica,2021,17.974998474121094,-77.67500305175781,2911.415209889412,0.001121139299698683,2021,2021
JAM,Jamaica,2021,17.974998474121094,-77.62500762939453,3575.8707830905914,0.0013770104834066065,2021,2021
JAM,Jamaica,2021,17.974998474121094,-77.57500457763672,6917.908916950226,0.002663975764151982,2021,2021
JAM,Jamaica,2021,17.974998474121094,-77.5250015258789,7719.661436080933,0.002972717799563688,2021,2021
JAM,Jamaica,2021,17.974998474121094,-77.47500610351562,7406.670976638794,0.0028521901938414326,2021,2021
JAM,Jamaica,2021,17.974998474121094,-77.42500305175781,3185.355954766291,0.0012266294866795585,2021,2021
JAM,Jamaica,2021,17.974998474121094,-77.37500762939453,2541.2293540239334,0.0009785866641990747,2021,2021
JAM,Jamaica,2021,17.974998474121094,-77.32500457763672,8053.390395641327,0.0031012314690464144,2021,2021
JAM,Jamaica,2021,17.974998474121094,-77.2750015258789,23889.75764274597,0.009199562488572984,2021,2021
JAM,Jamaica,2021,17.974998474121094,-77.22500610351562,33378.91701889038,0.012853685563001737,2021,2021
JAM,Jamaica,2021,17.974998474121094,-77.17500305175781,3914.8615623712813,0.0015075503952666877,2021,2021
JAM,Jamaica,2021,17.974998474121094,-77.12500762939453,11026.894837624393,0.004246280336144435,2021,2021
JAM,Jamaica,2021,17.974998474121094,-77.07500457763672,3378.2101874505997,0.001300894558401783,2021,2021
JAM,Jamaica,2021,17.974998474121094,-77.0250015258789,4255.666390478611,0.0016387888682334807,2021,2021
JAM,Jamaica,2021,17.974998474121094,-76.97500610351562,56683.26567488909,0.02182781644044287,2021,2021
JAM,Jamaica,2021,17.974998474121094,-76.92500305175781,50922.36637878418,0.01960938652342838,2021,2021
JAM,Jamaica,2021,17.974998474121094,-76.87500762939453,132859.15684580803,0.05116193030753747,2021,2021
JAM,Jamaica,2021,17.974998474121094,-76.7750015258789,133824.63651525974,0.05153372104243699,2021,2021
JAM,Jamaica,2021,17.974998474121094,-76.72500610351562,26879.86028277876,0.010351003055513239,2021,2021
JAM,Jamaica,2021,17.974998474121094,-76.67500305175781,2340.996547953402,0.0009014802222144069,2021,2021
JAM,Jamaica,2021,17.974998474121094,-76.62500762939453,1460.4488315584658,0.0005623954201714197,2021,2021
JAM,Jamaica,2021,17.974998474121094,-76.57500457763672,1888.0916458368301,0.0007270738087752323,2021,2021
JAM,Jamaica,2021,17.974998474121094,-76.5250015258789,3346.4125421053654,0.0012886497951975072,2021,2021
JAM,Jamaica,2021,17.974998474121094,-76.47500610351562,1422.695868134524,0.0005478573594953282,2021,2021
JAM,Jamaica,2021,17.974998474121094,-76.42500305175781,1427.2678552866669,0.0005496179584152533,2021,2021
JAM,Jamaica,2021,17.974998474121094,-76.37500762939453,1268.7459546328914,0.0004885737170847188,2021,2021
JAM,Jamaica,2021,17.974998474121094,-76.32500457763672,856.9661831861087,0.0003300039318401519,2021,2021
JAM,Jamaica,2021,17.974998474121094,-76.2750015258789,2433.830568075422,0.0009372291143525943,2021,2021
JAM,Jamaica,2021,18.024993896484375,-77.82500457763672,1971.0646525621494,0.0007590253828200254,2021,2021
JAM,Jamaica,2021,18.024993896484375,-77.7750015258789,3741.010188460568,0.0014406030196619161,2021,2021
JAM,Jamaica,2021,18.024993896484375,-77.72500610351562,4895.231546521187,0.001885075151523348,2021,2021
JAM,Jamaica,2021,18.024993896484375,-77.67500305175781,5905.432127356529,0.0022740871920958637,2021,2021
JAM,Jamaica,2021,18.024993896484375,-77.62500762939453,3322.3995193839073,0.001279402765304232,2021,2021
JAM,Jamaica,2021,18.024993896484375,-77.57500457763672,5820.899145126343,0.0022415348965053655,2021,2021
JAM,Jamaica,2021,18.024993896484375,-77.5250015258789,27679.291763305664,0.010658851296186905,2021,2021
JAM,Jamaica,2021,18.024993896484375,-77.47500610351562,16279.752182722092,0.006269071446562386,2021,2021
JAM,Jamaica,2021,18.024993896484375,-77.42500305175781,7249.972468614578,0.0027918481117662442,2021,2021
JAM,Jamaica,2021,18.024993896484375,-77.37500762939453,5272.668147563934,0.0020304199326924314,2021,2021
JAM,Jamaica,2021,18.024993896484375,-77.32500457763672,4105.089653432369,0.0015808041819717954,2021,2021
JAM,Jamaica,2021,18.024993896484375,-77.2750015258789,1204.6725714346571,0.0004639000849197888,2021,2021
JAM,Jamaica,2021,18.024993896484375,-77.22500610351562,2791.70042899251,0.0010750390577399167,2021,2021
JAM,Jamaica,2021,18.024993896484375,-77.17500305175781,3094.3732789754868,0.0011915935175486941,2021,2021
JAM,Jamaica,2021,18.024993896484375,-77.12500762939453,3601.0397462248893,0.001386702647412166,2021,2021
JAM,Jamaica,2021,18.024993896484375,-77.07500457763672,4518.674953461035,0.0017400692473134788,2021,2021
JAM,Jamaica,2021,18.024993896484375,-77.0250015258789,13104.011685788631,0.005046144718467163,2021,2021
JAM,Jamaica,2021,18.024993896484375,-76.97500610351562,69779.72937965393,0.026871054552483578,2021,2021
JAM,Jamaica,2021,18.024993896484375,-76.92500305175781,22079.50012779299,0.008502461355180967,2021,2021
JAM,Jamaica,2021,18.024993896484375,-76.87500762939453,18988.255967796824,0.007312072811161721,2021,2021
JAM,Jamaica,2021,18.024993896484375,-76.82500457763672,216280.70556640625,0.08328623068032545,2021,2021
JAM,Jamaica,2021,18.024993896484375,-76.7750015258789,81926.92199707031,0.03154874359461526,2021,2021
JAM,Jamaica,2021,18.024993896484375,-76.72500610351562,23915.326124191284,0.009209408500672043,2021,2021
JAM,Jamaica,2021,18.024993896484375,-76.67500305175781,7174.03689622879,0.002762606540808712,2021,2021
JAM,Jamaica,2021,18.024993896484375,-76.62500762939453,3203.6472142338753,0.0012336731573179603,2021,2021
JAM,Jamaica,2021,18.024993896484375,-76.57500457763672,325.44504016639326,0.00012532366499398042,2021,2021
JAM,Jamaica,2021,18.024993896484375,-76.5250015258789,12.75820675493201,4.91298078613074e-06,2021,2021
JAM,Jamaica,2021,18.024993896484375,-76.47500610351562,0.0,0.0,2021,2021
JAM,Jamaica,2021,18.024993896484375,-76.42500305175781,286.86525118372015,0.00011046720705708586,2021,2021
JAM,Jamaica,2021,18.024993896484375,-76.37500762939453,198.5850775539875,7.64719281616802e-05,2021,2021
JAM,Jamaica,2021,18.024993896484375,-76.32500457763672,605.2620849609375,0.00023307672082026584,2021,2021
JAM,Jamaica,2021,18.024993896484375,-76.2750015258789,5055.370178937931,0.0019467419703242408,2021,2021
JAM,Jamaica,2021,18.074996948242188,-77.97500610351562,3902.497477352619,0.0015027891844396808,2021,2021
JAM,Jamaica,2021,18.074996948242188,-77.92500305175781,2978.0439571143634,0.001146796961563553,2021,2021
JAM,Jamaica,2021,18.074996948242188,-77.87500762939453,5211.563317060471,0.0020068894425561714,2021,2021
JAM,Jamaica,2021,18.074996948242188,-77.82500457763672,1030.6646546125537,0.00039689242715071024,2021,2021
JAM,Jamaica,2021,18.074996948242188,-77.7750015258789,5049.3590738773455,0.0019444271901804988,2021,2021
JAM,Jamaica,2021,18.074996948242188,-77.72500610351562,4234.912139296532,0.0016307967389909703,2021,2021
JAM,Jamaica,2021,18.074996948242188,-77.67500305175781,4819.902706116438,0.001856067223320039,2021,2021
JAM,Jamaica,2021,18.074996948242188,-77.62500762939453,1756.2761542201042,0.0006763137772075511,2021,2021
JAM,Jamaica,2021,18.074996948242188,-77.57500457763672,3132.4319998025894,0.0012062493204965485,2021,2021
JAM,Jamaica,2021,18.074996948242188,-77.5250015258789,11440.64805889139,0.004405610065261628,2021,2021
JAM,Jamaica,2021,18.074996948242188,-77.47500610351562,10978.457531929016,0.004227627906631068,2021,2021
JAM,Jamaica,2021,18.074996948242188,-77.42500305175781,4062.570110797882,0.0015644305880952462,2021,2021
JAM,Jamaica,2021,18.074996948242188,-77.37500762939453,3772.9874807596207,0.0014529169620266613,2021,2021
JAM,Jamaica,2021,18.074996948242188,-77.32500457763672,3353.098957121372,0.0012912246263734513,2021,2021
JAM,Jamaica,2021,18.074996948242188,-77.2750015258789,7573.517989039606,0.0029164403021751622,2021,2021
JAM,Jamaica,2021,18.074996948242188,-77.22500610351562,3200.512481689453,0.0012324660220946304,2021,2021
JAM,Jamaica,2021,18.074996948242188,-77.17500305175781,3055.8267377614975,0.0011767498627942422,2021,2021
JAM,Jamaica,2021,18.074996948242188,-77.12500762939453,4850.908387184143,0.0018680070137837455,2021,2021
JAM,Jamaica,2021,18.074996948242188,-77.07500457763672,2979.0160341858864,0.0011471712928521711,2021,2021
JAM,Jamaica,2021,18.074996948242188,-77.0250015258789,2020.7763211727142,0.0007781685490518934,2021,2021
JAM,Jamaica,2021,18.074996948242188,-76.97500610351562,1771.251610517717,0.0006820805852290053,2021,2021
JAM,Jamaica,2021,18.074996948242188,-76.92500305175781,3430.202422052622,0.0013209159340178344,2021,2021
JAM,Jamaica,2021,18.074996948242188,-76.87500762939453,12115.037791252136,0.0046653067343230045,2021,2021
JAM,Jamaica,2021,18.074996948242188,-76.82500457763672,28982.659519195557,0.011160757313619488,2021,2021
JAM,Jamaica,2021,18.074996948242188,-76.7750015258789,16968.425007954243,0.0065342683055949445,2021,2021
JAM,Jamaica,2021,18.074996948242188,-76.72500610351562,5600.336872816151,0.0021565999031461767,2021,2021
JAM,Jamaica,2021,18.074996948242188,-76.67500305175781,4952.455885887444,0.001907111326763788,2021,2021
JAM,Jamaica,2021,18.074996948242188,-76.62500762939453,384.60856902600807,0.0001481065910046922,2021,2021
JAM,Jamaica,2021,18.074996948242188,-76.57500457763672,18.22358614206314,7.017610726189534e-06,2021,2021
JAM,Jamaica,2021,18.074996948242188,-76.5250015258789,1.2424869537353516,4.784617970201901e-07,2021,2021
JAM,Jamaica,2021,18.074996948242188,-76.47500610351562,347.6378353834152,0.00013386975447082745,2021,2021
JAM,Jamaica,2021,18.074996948242188,-76.42500305175781,2155.0764164328575,0.0008298853616308669,2021,2021
JAM,Jamaica,2021,18.074996948242188,-76.37500762939453,1.375702977180481,5.297611509311661e-07,2021,2021
JAM,Jamaica,2021,18.074996948242188,-76.32500457763672,834.3782010377926,0.0003213056622146623,2021,2021
JAM,Jamaica,2021,18.125,-78.0250015258789,1102.2468223572284,0.0004244575718073622,2021,2021
JAM,Jamaica,2021,18.125,-77.97500610351562,4115.376594781876,0.0015847655180881459,2021,2021
JAM,Jamaica,2021,18.125,-77.92500305175781,2441.686571598053,0.0009402543353028302,2021,2021
JAM,Jamaica,2021,18.125,-77.87500762939453,3357.635102033615,0.0012929714230216823,2021,2021
JAM,Jamaica,2021,18.125,-77.82500457763672,3530.4585037231445,0.0013595229430122312,2021,2021
JAM,Jamaica,2021,18.125,-77.7750015258789,3119.728507041931,0.0012013574091920278,2021,2021
JAM,Jamaica,2021,18.125,-77.72500610351562,2024.6544503571238,0.0007796619543975758,2021,2021
JAM,Jamaica,2021,18.125,-77.67500305175781,921.7718470692731,0.0003549595535514361,2021,2021
JAM,Jamaica,2021,18.125,-77.62500762939453,2342.355050444603,0.0009020033597340744,2021,2021
JAM,Jamaica,2021,18.125,-77.57500457763672,3216.1262890696526,0.0012384786488791597,2021,2021
JAM,Jamaica,2021,18.125,-77.5250015258789,4976.624366760314,0.0019164182210977018,2021,2021
JAM,Jamaica,2021,18.125,-77.47500610351562,9431.028368353844,0.003631737755720616,2021,2021
JAM,Jamaica,2021,18.125,-77.42500305175781,5136.901157140732,0.0019781382423144215,2021,2021
JAM,Jamaica,2021,18.125,-77.37500762939453,4964.416681528273,0.0019117172373199493,2021,2021
JAM,Jamaica,2021,18.125,-77.32500457763672,5283.927659034729,0.0020347557899629562,2021,2021
JAM,Jamaica,2021,18.125,-77.2750015258789,5210.390293121338,0.002006437729851923,2021,2021
JAM,Jamaica,2021,18.125,-77.22500610351562,4237.123142720543,0.0016316481609461786,2021,2021
JAM,Jamaica,2021,18.125,-77.17500305175781,1947.4874423742294,0.0007499461773432027,2021,2021
JAM,Jamaica,2021,18.125,-77.12500762939453,2457.740372635424,0.0009464363965874602,2021,2021
JAM,Jamaica,2021,18.125,-77.07500457763672,2951.448852375298,0.0011365556133005887,2021,2021
JAM,Jamaica,2021,18.125,-77.0250015258789,18179.65330696106,0.007000692896052212,2021,2021
JAM,Jamaica,2021,18.125,-76.97500610351562,5075.626487731934,0.001954542349939847,2021,2021
JAM,Jamaica,2021,18.125,-76.92500305175781,2837.9513726979494,0.0010928495543191005,2021,2021
JAM,Jamaica,2021,18.125,-76.87500762939453,12916.076690673828,0.004973773966230869,2021,2021
JAM,Jamaica,2021,18.125,-76.82500457763672,15986.359686374664,0.006156090702086473,2021,2021
JAM,Jamaica,2021,18.125,-76.7750015258789,3731.9399889707565,0.0014371102313198094,2021,2021
JAM,Jamaica,2021,18.125,-76.72500610351562,1276.0353408459816,0.000491380742797306,2021,2021
JAM,Jamaica,2021,18.125,-76.67500305175781,276.0080670118332,0.00010628627957624354,2021,2021
JAM,Jamaica,2021,18.125,-76.62500762939453,206.63523757478544,7.9571915665188e-05,2021,2021
JAM,Jamaica,2021,18.125,-76.57500457763672,189.5485183079727,7.299209413788683e-05,2021,2021
JAM,Jamaica,2021,18.125,-76.5250015258789,1348.5497529506908,0.0005193048798042784,2021,2021
JAM,Jamaica,2021,18.125,-76.47500610351562,2782.8480772976636,0.001071630159089482,2021,2021
JAM,Jamaica,2021,18.125,-76.42500305175781,1327.3325070738792,0.0005111344587310277,2021,2021
JAM,Jamaica,2021,18.125,-76.37500762939453,917.7338668704033,0.0003534045921440146,2021,2021
JAM,Jamaica,2021,18.17499542236328,-78.0250015258789,3208.0365715026855,0.0012353634283991052,2021,2021
JAM,Jamaica,2021,18.17499542236328,-77.97500610351562,3209.1522493362427,0.001235793058037899,2021,2021
JAM,Jamaica,2021,18.17499542236328,-77.92500305175781,4066.0773780345917,0.001565781180453308,2021,2021
JAM,Jamaica,2021,18.17499542236328,-77.87500762939453,3364.146116733551,0.0012954787103492398,2021,2021
JAM,Jamaica,2021,18.17499542236328,-77.82500457763672,711.293114900608,0.00027390756976585737,2021,2021
JAM,Jamaica,2021,18.17499542236328,-77.7750015258789,3039.0232733772136,0.0011702791181789378,2021,2021
JAM,Jamaica,2021,18.17499542236328,-77.72500610351562,5197.918770730495,0.0020016351466161306,2021,2021
JAM,Jamaica,2021,18.17499542236328,-77.67500305175781,2185.549887061435,0.0008416202063908521,2021,2021
JAM,Jamaica,2021,18.17499542236328,-77.62500762939453,4519.797629356384,0.0017405015717936233,2021,2021
JAM,Jamaica,2021,18.17499542236328,-77.57500457763672,3093.314199447632,0.001191185683009618,2021,2021
JAM,Jamaica,2021,18.17499542236328,-77.5250015258789,6992.318135857582,0.0026926295608669095,2021,2021
JAM,Jamaica,2021,18.17499542236328,-77.47500610351562,29843.088550567627,0.011492094732753717,2021,2021
JAM,Jamaica,2021,18.17499542236328,-77.42500305175781,8453.35237455368,0.003255250411937397,2021,2021
JAM,Jamaica,2021,18.17499542236328,-77.37500762939453,5072.8980848789215,0.001953491685763356,2021,2021
JAM,Jamaica,2021,18.17499542236328,-77.32500457763672,3947.515200615073,0.0015201247876065042,2021,2021
JAM,Jamaica,2021,18.17499542236328,-77.2750015258789,5404.6417583227385,0.0020812408534055756,2021,2021
JAM,Jamaica,2021,18.17499542236328,-77.22500610351562,4706.968164265156,0.0018125779426661306,2021,2021
JAM,Jamaica,2021,18.17499542236328,-77.17500305175781,402.661682665695,0.00015505855550450952,2021,2021
JAM,Jamaica,2021,18.17499542236328,-77.12500762939453,661.0980545878554,0.0002545782571428357,2021,2021
JAM,Jamaica,2021,18.17499542236328,-77.07500457763672,10413.99691772461,0.004010263177764156,2021,2021
JAM,Jamaica,2021,18.17499542236328,-77.0250015258789,13253.177736520767,0.005103586172055982,2021,2021
JAM,Jamaica,2021,18.17499542236328,-76.97500610351562,3165.9421678784943,0.0012191535487364059,2021,2021
JAM,Jamaica,2021,18.17499542236328,-76.92500305175781,2061.588731110096,0.0007938847535083335,2021,2021
JAM,Jamaica,2021,18.17499542236328,-76.87500762939453,4275.67390829353,0.001646493442433524,2021,2021
JAM,Jamaica,2021,18.17499542236328,-76.82500457763672,5113.74483320117,0.0019692211133810382,2021,2021
JAM,Jamaica,2021,18.17499542236328,-76.7750015258789,35.49519991892817,1.3668632163697276e-05,2021,2021
JAM,Jamaica,2021,18.17499542236328,-76.72500610351562,923.1479943990707,0.0003554894858154329,2021,2021
JAM,Jamaica,2021,18.17499542236328,-76.67500305175781,2083.531710267079,0.0008023346428273829,2021,2021
JAM,Jamaica,2021,18.17499542236328,-76.62500762939453,2488.85295522213,0.0009584173531114875,2021,2021
JAM,Jamaica,2021,18.17499542236328,-76.57500457763672,3571.8540453910828,0.0013754637021449702,2021,2021
JAM,Jamaica,2021,18.17499542236328,-76.5250015258789,4275.818022966385,0.0016465489386825137,2021,2021
JAM,Jamaica,2021,18.17499542236328,-76.47500610351562,11137.756653785706,0.004288971443380609,2021,2021
JAM,Jamaica,2021,18.17499542236328,-76.42500305175781,11257.774403095245,0.004335188353615622,2021,2021
JAM,Jamaica,2021,18.224998474121094,-78.32500457763672,1738.9839863778798,0.0006696548407291504,2021,2021
JAM,Jamaica,2021,18.224998474121094,-78.2750015258789,1924.1738865971565,0.0007409685009511134,2021,2021
JAM,Jamaica,2021,18.224998474121094,-78.22500610351562,5804.686480820179,0.00223529165952401,2021,2021
JAM,Jamaica,2021,18.224998474121094,-78.17500305175781,2607.1264303922653,0.0010039625713526919,2021,2021
JAM,Jamaica,2021,18.224998474121094,-78.12500762939453,32153.231748580933,0.012381693824778345,2021,2021
JAM,Jamaica,2021,18.224998474121094,-78.07500457763672,3331.519015133381,0.0012829145368452475,2021,2021
JAM,Jamaica,2021,18.224998474121094,-78.0250015258789,1820.3402215839928,0.0007009838219940959,2021,2021
JAM,Jamaica,2021,18.224998474121094,-77.97500610351562,4196.353953421116,0.0016159486000641775,2021,2021
JAM,Jamaica,2021,18.224998474121094,-77.92500305175781,2846.2470273971558,0.0010960440778856528,2021,2021
JAM,Jamaica,2021,18.224998474121094,-77.87500762939453,2618.742900550372,0.0010084358876882636,2021,2021
JAM,Jamaica,2021,18.224998474121094,-77.82500457763672,940.7829975187778,0.0003622804426602876,2021,2021
JAM,Jamaica,2021,18.224998474121094,-77.7750015258789,2068.025132268667,0.0007963633083578752,2021,2021
JAM,Jamaica,2021,18.224998474121094,-77.72500610351562,1106.264332086165,0.0004260046503651484,2021,2021
JAM,Jamaica,2021,18.224998474121094,-77.67500305175781,572.8979419292897,0.0002206138084432889,2021,2021
JAM,Jamaica,2021,18.224998474121094,-77.62500762939453,1682.4208617508416,0.0006478732886792331,2021,2021
JAM,Jamaica,2021,18.224998474121094,-77.57500457763672,2682.4536659123146,0.0010329698815406446,2021,2021
JAM,Jamaica,2021,18.224998474121094,-77.5250015258789,5446.815831184387,0.0020974814124137655,2021,2021
JAM,Jamaica,2021,18.224998474121094,-77.47500610351562,5584.545642375946,0.0021505189535870155,2021,2021
JAM,Jamaica,2021,18.224998474121094,-77.42500305175781,3039.2385238409042,0.0011703620076799963,2021,2021
JAM,Jamaica,2021,18.224998474121094,-77.37500762939453,3150.914488732815,0.0012133666305337895,2021,2021
JAM,Jamaica,2021,18.224998474121094,-77.32500457763672,1113.6608861686268,0.00042885294470531215,2021,2021
JAM,Jamaica,2021,18.224998474121094,-77.2750015258789,791.6502925157547,0.00030485182997690103,2021,2021
JAM,Jamaica,2021,18.224998474121094,-77.22500610351562,1501.6162486076944,0.0005782483321724974,2021,2021
JAM,Jamaica,2021,18.224998474121094,-77.17500305175781,1030.3832900158768,0.00039678407815747606,2021,2021
JAM,Jamaica,2021,18.224998474121094,-77.12500762939453,323.4376068122828,0.00012455063460752974,2021,2021
JAM,Jamaica,2021,18.224998474121094,-77.07500457763672,1061.6688404682484,0.000408831641832254,2021,2021
JAM,Jamaica,2021,18.224998474121094,-77.0250015258789,3791.020943403244,0.0014598613592430865,2021,2021
JAM,Jamaica,2021,18.224998474121094,-76.97500610351562,4131.515278935432,0.0015909802664993368,2021,2021
JAM,Jamaica,2021,18.224998474121094,-76.92500305175781,3070.6298875808716,0.0011824503183546357,2021,2021
JAM,Jamaica,2021,18.224998474121094,-76.87500762939453,4266.682272434235,0.0016430309076854077,2021,2021
JAM,Jamaica,2021,18.224998474121094,-76.82500457763672,2237.572209060192,0.0008616531681807992,2021,2021
JAM,Jamaica,2021,18.224998474121094,-76.7750015258789,1942.8280503752026,0.0007481519202186722,2021,2021
JAM,Jamaica,2021,18.224998474121094,-76.72500610351562,2749.7094351053606,0.0010588689995083124,2021,2021
JAM,Jamaica,2021,18.224998474121094,-76.67500305175781,8486.558826327331,0.003268037683900712,2021,2021
JAM,Jamaica,2021,18.224998474121094,-76.62500762939453,2520.7831254011417,0.0009707131495036197,2021,2021
JAM,Jamaica,2021,18.274993896484375,-78.32500457763672,11069.427501917296,0.004262658982961175,2021,2021
JAM,Jamaica,2021,18.274993896484375,-78.2750015258789,2209.693594009605,0.0008509175606837251,2021,2021
JAM,Jamaica,2021,18.274993896484375,-78.22500610351562,2852.111395598273,0.0010983023520183986,2021,2021
JAM,Jamaica,2021,18.274993896484375,-78.17500305175781,2668.68350407498,0.0010276672130835292,2021,2021
JAM,Jamaica,2021,18.274993896484375,-78.12500762939453,4617.472109496613,0.0017781144474462885,2021,2021
JAM,Jamaica,2021,18.274993896484375,-78.07500457763672,11103.335345268424,0.004275716349571011,2021,2021
JAM,Jamaica,2021,18.274993896484375,-78.0250015258789,4257.461486458778,0.0016394801309030102,2021,2021
JAM,Jamaica,2021,18.274993896484375,-77.97500610351562,4271.965823471546,0.001645065518444386,2021,2021
JAM,Jamaica,2021,18.274993896484375,-77.92500305175781,5235.879117423203,0.002016253067262701,2021,2021
JAM,Jamaica,2021,18.274993896484375,-77.87500762939453,2380.1133589723727,0.0009165434787239173,2021,2021
JAM,Jamaica,2021,18.274993896484375,-77.82500457763672,880.6484099627128,0.0003391235775208639,2021,2021
JAM,Jamaica,2021,18.274993896484375,-77.7750015258789,23.284645169973373,8.966543381006743e-06,2021,2021
JAM,Jamaica,2021,18.274993896484375,-77.72500610351562,33.985911131164045,1.3087429259759291e-05,2021,2021
JAM,Jamaica,2021,18.274993896484375,-77.67500305175781,43.93157440439116,1.6917344662862613e-05,2021,2021
JAM,Jamaica,2021,18.274993896484375,-77.62500762939453,1048.2919251322887,0.0004036804062953427,2021,2021
JAM,Jamaica,2021,18.274993896484375,-77.57500457763672,3755.2749996185303,0.0014460961696384801,2021,2021
JAM,Jamaica,2021,18.274993896484375,-77.5250015258789,6396.735558509827,0.0024632802631740663,2021,2021
JAM,Jamaica,2021,18.274993896484375,-77.47500610351562,137.92828369140625,5.31139697495426e-05,2021,2021
JAM,Jamaica,2021,18.274993896484375,-77.42500305175781,437.7717964054691,0.00016857889715720238,2021,2021
JAM,Jamaica,2021,18.274993896484375,-77.37500762939453,2704.323971003463,0.0010413917852425967,2021,2021
JAM,Jamaica,2021,18.274993896484375,-77.32500457763672,2709.299255371515,0.0010433076874516844,2021,2021
JAM,Jamaica,2021,18.274993896484375,-77.2750015258789,1645.664988160163,0.0006337191913051138,2021,2021
JAM,Jamaica,2021,18.274993896484375,-77.22500610351562,1335.1471111774445,0.0005141437374290072,2021,2021
JAM,Jamaica,2021,18.274993896484375,-77.17500305175781,898.8012042344421,0.0003461139274332538,2021,2021
JAM,Jamaica,2021,18.274993896484375,-77.12500762939453,4680.747150957584,0.001802480651013197,2021,2021
JAM,Jamaica,2021,18.274993896484375,-77.07500457763672,1294.262529671207,0.0004983997408589961,2021,2021
JAM,Jamaica,2021,18.274993896484375,-77.0250015258789,2977.916306167841,0.001146747805231504,2021,2021
JAM,Jamaica,2021,18.274993896484375,-76.97500610351562,4406.018287181854,0.0016966869720854028,2021,2021
JAM,Jamaica,2021,18.274993896484375,-76.92500305175781,3919.0453134777654,0.0015091614907125398,2021,2021
JAM,Jamaica,2021,18.274993896484375,-76.87500762939453,9629.924380779266,0.0037083294199140478,2021,2021
JAM,Jamaica,2021,18.274993896484375,-76.82500457763672,2996.188429206635,0.0011537841067381174,2021,2021
JAM,Jamaica,2021,18.274993896484375,-76.7750015258789,6394.473944902437,0.0024624093520490007,2021,2021
JAM,Jamaica,2021,18.324996948242188,-78.32500457763672,1133.6768047176301,0.00043656075389330765,2021,2021
JAM,Jamaica,2021,18.324996948242188,-78.2750015258789,2629.149395911256,0.0010124432621368097,2021,2021
JAM,Jamaica,2021,18.324996948242188,-78.22500610351562,1500.6227050423622,0.000577865734481425,2021,2021
JAM,Jamaica,2021,18.324996948242188,-78.17500305175781,7970.268230617046,0.003069222456533115,2021,2021
JAM,Jamaica,2021,18.324996948242188,-78.12500762939453,4016.98341357708,0.0015468758821831179,2021,2021
JAM,Jamaica,2021,18.324996948242188,-78.07500457763672,3113.2576637864113,0.0011988655912433853,2021,2021
JAM,Jamaica,2021,18.324996948242188,-78.0250015258789,2572.480367675489,0.0009906209283058113,2021,2021
JAM,Jamaica,2021,18.324996948242188,-77.97500610351562,4215.484631061554,0.0016233155171771017,2021,2021
JAM,Jamaica,2021,18.324996948242188,-77.92500305175781,4653.586395978928,0.0017920214799157102,2021,2021
JAM,Jamaica,2021,18.324996948242188,-77.87500762939453,1245.9862026875564,0.000479809301665498,2021,2021
JAM,Jamaica,2021,18.324996948242188,-77.82500457763672,2287.8614569604397,0.0008810187509330438,2021,2021
JAM,Jamaica,2021,18.324996948242188,-77.7750015258789,1186.351315766738,0.000456844863225762,2021,2021
JAM,Jamaica,2021,18.324996948242188,-77.72500610351562,0.9078059792518616,3.495815218604181e-07,2021,2021
JAM,Jamaica,2021,18.324996948242188,-77.67500305175781,0.0,0.0,2021,2021
JAM,Jamaica,2021,18.324996948242188,-77.62500762939453,0.49631398916244507,1.9112255660070527e-07,2021,2021
JAM,Jamaica,2021,18.324996948242188,-77.57500457763672,462.3928875923157,0.0001780600844633878,2021,2021
JAM,Jamaica,2021,18.324996948242188,-77.5250015258789,1561.803521365125,0.0006014254855379229,2021,2021
JAM,Jamaica,2021,18.324996948242188,-77.47500610351562,191.61012506484985,7.378598583282893e-05,2021,2021
JAM,Jamaica,2021,18.324996948242188,-77.42500305175781,2102.344850793481,0.0008095792814908269,2021,2021
JAM,Jamaica,2021,18.324996948242188,-77.37500762939453,5482.3684911727905,0.002111172171528587,2021,2021
JAM,Jamaica,2021,18.324996948242188,-77.32500457763672,2840.4632472397816,0.001093816836915961,2021,2021
JAM,Jamaica,2021,18.324996948242188,-77.2750015258789,1128.1206467153265,0.0004344211665645891,2021,2021
JAM,Jamaica,2021,18.324996948242188,-77.22500610351562,499.36444646121856,0.00019229723877866833,2021,2021
JAM,Jamaica,2021,18.324996948242188,-77.17500305175781,4926.081316351891,0.0018969549030704229,2021,2021
JAM,Jamaica,2021,18.324996948242188,-77.12500762939453,3809.86814987677,0.001467119116156367,2021,2021
JAM,Jamaica,2021,18.324996948242188,-77.07500457763672,2445.724636375904,0.0009418093292802608,2021,2021
JAM,Jamaica,2021,18.324996948242188,-77.0250015258789,3190.2236335873604,0.0012285039517184423,2021,2021
JAM,Jamaica,2021,18.324996948242188,-76.97500610351562,4019.344298839569,0.0015477850212302952,2021,2021
JAM,Jamaica,2021,18.324996948242188,-76.92500305175781,5479.293919324875,0.0021099882032245346,2021,2021
JAM,Jamaica,2021,18.324996948242188,-76.87500762939453,7797.625956535339,0.0030027406858791432,2021,2021
JAM,Jamaica,2021,18.324996948242188,-76.82500457763672,2977.4999279978038,0.0011465874646767182,2021,2021
JAM,Jamaica,2021,18.375,-78.2750015258789,5408.6688275338465,0.002082791613166617,2021,2021
JAM,Jamaica,2021,18.375,-78.22500610351562,4832.544803723693,0.0018609354923357314,2021,2021
JAM,Jamaica,2021,18.375,-78.17500305175781,2390.0393457114697,0.0009203658170093288,2021,2021
JAM,Jamaica,2021,18.375,-78.12500762939453,2202.627464413643,0.0008481965075134705,2021,2021
JAM,Jamaica,2021,18.375,-78.07500457763672,1407.9040369987877,0.0005421612625784578,2021,2021
JAM,Jamaica,2021,18.375,-78.0250015258789,1877.07057753208,0.0007228297721434432,2021,2021
JAM,Jamaica,2021,18.375,-77.97500610351562,2525.128109931946,0.0009723863333550747,2021,2021
JAM,Jamaica,2021,18.375,-77.92500305175781,4152.190235614777,0.0015989418607006876,2021,2021
JAM,Jamaica,2021,18.375,-77.87500762939453,2369.7394864559174,0.0009125486668095068,2021,2021
JAM,Jamaica,2021,18.375,-77.82500457763672,2793.1613318920135,0.0010756016280143708,2021,2021
JAM,Jamaica,2021,18.375,-77.7750015258789,341.85581690073013,0.000131643191893802,2021,2021
JAM,Jamaica,2021,18.375,-77.72500610351562,2983.4529732465744,0.0011488798869181802,2021,2021
JAM,Jamaica,2021,18.375,-77.67500305175781,1166.2183501124382,0.0004490919810748933,2021,2021
JAM,Jamaica,2021,18.375,-77.62500762939453,871.1252282560627,0.0003354563529926584,2021,2021
JAM,Jamaica,2021,18.375,-77.57500457763672,74.819406747818,2.881175347308356e-05,2021,2021
JAM,Jamaica,2021,18.375,-77.5250015258789,168.14249062538147,6.474897621919513e-05,2021,2021
JAM,Jamaica,2021,18.375,-77.47500610351562,1299.464209586382,0.0005004028243620109,2021,2021
JAM,Jamaica,2021,18.375,-77.42500305175781,2110.820272564888,0.0008128430304735105,2021,2021
JAM,Jamaica,2021,18.375,-77.37500762939453,13121.451826095581,0.005052860636768326,2021,2021
JAM,Jamaica,2021,18.375,-77.32500457763672,2934.6064772307873,0.0011300698847756298,2021,2021
JAM,Jamaica,2021,18.375,-77.2750015258789,4419.2804246549,0.0017017940085082852,2021,2021
JAM,Jamaica,2021,18.375,-77.22500610351562,2523.132393360138,0.0009716178149135575,2021,2021
JAM,Jamaica,2021,18.375,-77.17500305175781,2348.544101178646,0.0009043866639025061,2021,2021
JAM,Jamaica,2021,18.375,-77.12500762939453,5099.65260314951,0.0019637944216203975,2021,2021
JAM,Jamaica,2021,18.375,-77.07500457763672,10727.07797306776,0.0041308256705147785,2021,2021
JAM,Jamaica,2021,18.375,-77.0250015258789,6603.88413476944,0.002543049857333088,2021,2021
JAM,Jamaica,2021,18.375,-76.97500610351562,4892.755175352241,0.00188412154070593,2021,2021
JAM,Jamaica,2021,18.375,-76.92500305175781,8479.94231700961,0.003265489772287926,2021,2021
JAM,Jamaica,2021,18.42499542236328,-78.22500610351562,3247.561782106757,0.001250583953038315,2021,2021
JAM,Jamaica,2021,18.42499542236328,-78.17500305175781,12209.253200292587,0.004701587577176899,2021,2021
JAM,Jamaica,2021,18.42499542236328,-78.12500762939453,2448.534480929386,0.000942891355349319,2021,2021
JAM,Jamaica,2021,18.42499542236328,-78.07500457763672,7839.787062168121,0.003018976251415484,2021,2021
JAM,Jamaica,2021,18.42499542236328,-78.0250015258789,6086.053338468338,0.0023436415234220067,2021,2021
JAM,Jamaica,2021,18.42499542236328,-77.97500610351562,4630.991998374462,0.0017833207398009583,2021,2021
JAM,Jamaica,2021,18.42499542236328,-77.92500305175781,18691.28399837017,0.007197713669015939,2021,2021
JAM,Jamaica,2021,18.42499542236328,-77.87500762939453,13775.18056801038,0.005304601089800821,2021,2021
JAM,Jamaica,2021,18.42499542236328,-77.82500457763672,3575.5535559654236,0.0013768883243288673,2021,2021
JAM,Jamaica,2021,18.42499542236328,-77.7750015258789,4369.257978349932,0.0016825311667710199,2021,2021
JAM,Jamaica,2021,18.42499542236328,-77.72500610351562,6232.753097772598,0.0024001332477400204,2021,2021
JAM,Jamaica,2021,18.42499542236328,-77.67500305175781,587.1607024083298,0.00022610616873629174,2021,2021
JAM,Jamaica,2021,18.42499542236328,-77.62500762939453,1298.056479089051,0.000499860729926775,2021,2021
JAM,Jamaica,2021,18.42499542236328,-77.57500457763672,1984.662438303251,0.0007642616720073072,2021,2021
JAM,Jamaica,2021,18.42499542236328,-77.5250015258789,3196.750688910586,0.0012310174160327452,2021,2021
JAM,Jamaica,2021,18.42499542236328,-77.47500610351562,3797.4508306980133,0.001462337405708157,2021,2021
JAM,Jamaica,2021,18.42499542236328,-77.42500305175781,3563.8992211222735,0.0013724004269104158,2021,2021
JAM,Jamaica,2021,18.42499542236328,-77.37500762939453,4810.61254787446,0.0018524897323905,2021,2021
JAM,Jamaica,2021,18.42499542236328,-77.32500457763672,5553.153185486798,0.00213843022195816,2021,2021
JAM,Jamaica,2021,18.42499542236328,-77.2750015258789,4111.072081685066,0.001583107919136781,2021,2021
JAM,Jamaica,2021,18.42499542236328,-77.22500610351562,14840.451340019703,0.00571481977769638,2021,2021
JAM,Jamaica,2021,18.42499542236328,-77.17500305175781,14786.485569477089,0.005694038425044127,2021,2021
JAM,Jamaica,2021,18.474998474121094,-77.92500305175781,50575.65470504761,0.01947587341895259,2021,2021
JAM,Jamaica,2021,18.474998474121094,-77.87500762939453,44167.073561906815,0.01700803161113433,2021,2021
JAM,Jamaica,2021,18.474998474121094,-77.82500457763672,2102.8495830893517,0.0008097736458023156,2021,2021
JAM,Jamaica,2021,18.474998474121094,-77.7750015258789,4974.696589589119,0.001915675865029647,2021,2021
JAM,Jamaica,2021,18.474998474121094,-77.72500610351562,3872.6766666180088,0.0014913056685365274,2021,2021
JAM,Jamaica,2021,18.474998474121094,-77.67500305175781,11095.55105102075,0.0042727187427123794,2021,2021
JAM,Jamaica,2021,18.474998474121094,-77.62500762939453,8759.074328899384,0.003372979032930166,2021,2021
JAM,Jamaica,2021,18.474998474121094,-77.57500457763672,4269.86463201046,0.0016442563833147716,2021,2021
JAM,Jamaica,2021,18.474998474121094,-77.5250015258789,5272.5786871910095,0.002030385482937717,2021,2021
JAM,Jamaica,2021,18.474998474121094,-77.47500610351562,1066.7130173742771,0.00041077407345271535,2021,2021
JAM,Jamaica,2022,17.724998474121094,-77.22500610351562,37.81056644767523,1.455146633610059e-05,2022,2022
JAM,Jamaica,2022,17.724998474121094,-77.17500305175781,33.3279789090713,1.2826334242221852e-05,2022,2022
JAM,Jamaica,2022,17.774993896484375,-77.2750015258789,2916.310816029819,0.0011223476041754236,2022,2022
JAM,Jamaica,2022,17.774993896484375,-77.22500610351562,4539.2888133079105,0.001746953684179712,2022,2022
JAM,Jamaica,2022,17.824996948242188,-77.32500457763672,793.4772908093629,0.00030537120097502956,2022,2022
JAM,Jamaica,2022,17.824996948242188,-77.2750015258789,6828.423636078922,0.0026279314489123544,2022,2022
JAM,Jamaica,2022,17.824996948242188,-77.22500610351562,4564.249124035239,0.0017565597058665327,2022,2022
JAM,Jamaica,2022,17.824996948242188,-77.17500305175781,1360.6542791426905,0.0005236503125499577,2022,2022
JAM,Jamaica,2022,17.875,-77.72500610351562,3436.845982357161,0.0013226765244007,2022,2022
JAM,Jamaica,2022,17.875,-77.67500305175781,6345.17523598671,0.0024419524095438856,2022,2022
JAM,Jamaica,2022,17.875,-77.62500762939453,6909.7779722213745,0.002659240815443823,2022,2022
JAM,Jamaica,2022,17.875,-77.57500457763672,7903.6695737838745,0.003041741834091192,2022,2022
JAM,Jamaica,2022,17.875,-77.5250015258789,3120.1631489396104,0.0012008005510250148,2022,2022
JAM,Jamaica,2022,17.875,-77.47500610351562,2047.5914267003536,0.0007880193426076095,2022,2022
JAM,Jamaica,2022,17.875,-77.42500305175781,404.8649249970913,0.00015581301419845018,2022,2022
JAM,Jamaica,2022,17.875,-77.37500762939453,3023.932748168739,0.0011637661035441864,2022,2022
JAM,Jamaica,2022,17.875,-77.32500457763672,4554.042079925537,0.0017526315060878025,2022,2022
JAM,Jamaica,2022,17.875,-77.2750015258789,2518.080908536911,0.0009690880887187914,2022,2022
JAM,Jamaica,2022,17.875,-77.22500610351562,10422.69571399689,0.004011193696966441,2022,2022
JAM,Jamaica,2022,17.875,-77.17500305175781,571.8770865611732,0.00022008795305931866,2022,2022
JAM,Jamaica,2022,17.875,-77.0250015258789,8.976237982513705,3.4545217672983746e-06,2022,2022
JAM,Jamaica,2022,17.875,-76.97500610351562,3.3168809414219957,1.2765077568131327e-06,2022,2022
JAM,Jamaica,2022,17.875,-76.92500305175781,3262.401470899832,0.0012555412319553547,2022,2022
JAM,Jamaica,2022,17.875,-76.57500457763672,11323.992979049915,0.00435805961418004,2022,2022
JAM,Jamaica,2022,17.875,-76.5250015258789,1744.82646343112,0.0006714996872657662,2022,2022
JAM,Jamaica,2022,17.875,-76.47500610351562,3176.6392209237565,0.0012225354716432968,2022,2022
JAM,Jamaica,2022,17.875,-76.42500305175781,7774.547316908958,0.002992048895035205,2022,2022
JAM,Jamaica,2022,17.875,-76.37500762939453,10499.766524970531,0.004040854540924727,2022,2022
JAM,Jamaica,2022,17.92499542236328,-77.7750015258789,2988.4719910621643,0.0011501189656732676,2022,2022
JAM,Jamaica,2022,17.92499542236328,-77.72500610351562,3727.752790570259,0.0014346325468663629,2022,2022
JAM,Jamaica,2022,17.92499542236328,-77.67500305175781,4572.058310985565,0.0017595650858884702,2022,2022
JAM,Jamaica,2022,17.92499542236328,-77.62500762939453,8399.021335601807,0.0032323788745755445,2022,2022
JAM,Jamaica,2022,17.92499542236328,-77.57500457763672,8841.037878990173,0.0034024897577334674,2022,2022
JAM,Jamaica,2022,17.92499542236328,-77.5250015258789,2934.4218764305115,0.0011293176792230024,2022,2022
JAM,Jamaica,2022,17.92499542236328,-77.47500610351562,3466.7394127845764,0.0013341810663159096,2022,2022
JAM,Jamaica,2022,17.92499542236328,-77.42500305175781,5371.972676277161,0.0020674136068677055,2022,2022
JAM,Jamaica,2022,17.92499542236328,-77.37500762939453,1554.3125833570957,0.0005981800686270584,2022,2022
JAM,Jamaica,2022,17.92499542236328,-77.32500457763672,3232.7472873926163,0.0012441287646592892,2022,2022
JAM,Jamaica,2022,17.92499542236328,-77.2750015258789,2725.673153639086,0.001048980347683496,2022,2022
JAM,Jamaica,2022,17.92499542236328,-77.22500610351562,16619.664513111115,0.006396108585532484,2022,2022
JAM,Jamaica,2022,17.92499542236328,-77.17500305175781,21792.86657238024,0.008387024953301667,2022,2022
JAM,Jamaica,2022,17.92499542236328,-77.12500762939453,27721.07477092746,0.010668506828320212,2022,2022
JAM,Jamaica,2022,17.92499542236328,-77.07500457763672,11948.944829386659,0.004598573488111121,2022,2022
JAM,Jamaica,2022,17.92499542236328,-77.0250015258789,666.8756969225952,0.00025664834372586906,2022,2022
JAM,Jamaica,2022,17.92499542236328,-76.97500610351562,1252.1629075938836,0.00048189720781838567,2022,2022
JAM,Jamaica,2022,17.92499542236328,-76.92500305175781,38413.08189415932,0.014783345518567397,2022,2022
JAM,Jamaica,2022,17.92499542236328,-76.62500762939453,2785.9514118433,0.00107217854669147,2022,2022
JAM,Jamaica,2022,17.92499542236328,-76.57500457763672,3158.394959256053,0.001215514133842077,2022,2022
JAM,Jamaica,2022,17.92499542236328,-76.5250015258789,1570.7331225275993,0.0006044995434566902,2022,2022
JAM,Jamaica,2022,17.92499542236328,-76.47500610351562,6583.499893899019,0.0025336720943434474,2022,2022
JAM,Jamaica,2022,17.92499542236328,-76.42500305175781,5483.4249606133335,0.0021103062243545048,2022,2022
JAM,Jamaica,2022,17.92499542236328,-76.37500762939453,3024.8093225359917,0.0011641034548085165,2022,2022
JAM,Jamaica,2022,17.92499542236328,-76.32500457763672,2754.1463908255687,0.0010599383256067383,2022,2022
JAM,Jamaica,2022,17.92499542236328,-76.2750015258789,5335.509543955326,0.0020533807030437383,2022,2022
JAM,Jamaica,2022,17.92499542236328,-76.22500610351562,1061.538251876881,0.0004085349569688675,2022,2022
JAM,Jamaica,2022,17.974998474121094,-77.82500457763672,1768.7139835357666,0.0006806928434999295,2022,2022
JAM,Jamaica,2022,17.974998474121094,-77.7750015258789,3216.534203887162,0.0012378891295255366,2022,2022
JAM,Jamaica,2022,17.974998474121094,-77.72500610351562,4132.796648085117,0.0015905144235747763,2022,2022
JAM,Jamaica,2022,17.974998474121094,-77.67500305175781,2913.194267511368,0.0011211481947216186,2022,2022
JAM,Jamaica,2022,17.974998474121094,-77.62500762939453,3578.015098810196,0.001377005719616703,2022,2022
JAM,Jamaica,2022,17.974998474121094,-77.57500457763672,6922.073432445526,0.002663972746021647,2022,2022
JAM,Jamaica,2022,17.974998474121094,-77.5250015258789,7724.274412155151,0.0029727012747831952,2022,2022
JAM,Jamaica,2022,17.974998474121094,-77.47500610351562,7411.2776527404785,0.002852243893795949,2022,2022
JAM,Jamaica,2022,17.974998474121094,-77.42500305175781,3187.3806433677846,0.001226669327911026,2022,2022
JAM,Jamaica,2022,17.974998474121094,-77.37500762939453,2542.7524125874043,0.000978582962622586,2022,2022
JAM,Jamaica,2022,17.974998474121094,-77.32500457763672,8058.166169166565,0.003101200134190042,2022,2022
JAM,Jamaica,2022,17.974998474121094,-77.2750015258789,23904.357566833496,0.00919963616258587,2022,2022
JAM,Jamaica,2022,17.974998474121094,-77.22500610351562,33398.46892976761,0.012853462456886736,2022,2022
JAM,Jamaica,2022,17.974998474121094,-77.17500305175781,3917.2767744064604,0.0015075712021095382,2022,2022
JAM,Jamaica,2022,17.974998474121094,-77.12500762939453,11033.601085792296,0.004246301757686076,2022,2022
JAM,Jamaica,2022,17.974998474121094,-77.07500457763672,3380.3384180819517,0.001300929483916034,2022,2022
JAM,Jamaica,2022,17.974998474121094,-77.0250015258789,4258.846772670746,0.0016390250468447916,2022,2022
JAM,Jamaica,2022,17.974998474121094,-76.97500610351562,56715.99739390612,0.02182725635538679,2022,2022
JAM,Jamaica,2022,17.974998474121094,-76.92500305175781,50955.34765338898,0.0196102596624331,2022,2022
JAM,Jamaica,2022,17.974998474121094,-76.87500762939453,132935.94208931923,0.0511606428548886,2022,2022
JAM,Jamaica,2022,17.974998474121094,-76.7750015258789,133906.00974202156,0.051533975182812664,2022,2022
JAM,Jamaica,2022,17.974998474121094,-76.72500610351562,26896.02323806288,0.010350984221970439,2022,2022
JAM,Jamaica,2022,17.974998474121094,-76.67500305175781,2342.3922434748984,0.0009014739814606464,2022,2022
JAM,Jamaica,2022,17.974998474121094,-76.62500762939453,1461.3497974874972,0.0005624031687764939,2022,2022
JAM,Jamaica,2022,17.974998474121094,-76.57500457763672,1889.207377076149,0.0007270649485635181,2022,2022
JAM,Jamaica,2022,17.974998474121094,-76.5250015258789,3348.420331717182,0.0012886457494236548,2022,2022
JAM,Jamaica,2022,17.974998474121094,-76.47500610351562,1423.5268518924972,0.0005478469383026803,2022,2022
JAM,Jamaica,2022,17.974998474121094,-76.42500305175781,1428.1450539828033,0.000549624261907271,2022,2022
JAM,Jamaica,2022,17.974998474121094,-76.37500762939453,1269.4864525796306,0.0004885642061039277,2022,2022
JAM,Jamaica,2022,17.974998474121094,-76.32500457763672,857.4028105741093,0.0003299730553313171,2022,2022
JAM,Jamaica,2022,17.974998474121094,-76.2750015258789,2435.2885358336007,0.0009372252911607244,2022,2022
JAM,Jamaica,2022,18.024993896484375,-77.82500457763672,1972.2972320914348,0.0007590422327388191,2022,2022
JAM,Jamaica,2022,18.024993896484375,-77.7750015258789,3743.370568305472,0.0014406430774748674,2022,2022
JAM,Jamaica,2022,18.024993896484375,-77.72500610351562,4898.329412341118,0.0018851311218902847,2022,2022
JAM,Jamaica,2022,18.024993896484375,-77.67500305175781,5909.040681779385,0.0022741052207867246,2022,2022
JAM,Jamaica,2022,18.024993896484375,-77.62500762939453,3324.4028455018997,0.0012794025754917571,2022,2022
JAM,Jamaica,2022,18.024993896484375,-77.57500457763672,5824.454347610474,0.002241552013845051,2022,2022
JAM,Jamaica,2022,18.024993896484375,-77.5250015258789,27696.16999053955,0.010658922177587087,2022,2022
JAM,Jamaica,2022,18.024993896484375,-77.47500610351562,16289.872415781021,0.006269187487726345,2022,2022
JAM,Jamaica,2022,18.024993896484375,-77.42500305175781,7254.375284910202,0.002791859727727019,2022,2022
JAM,Jamaica,2022,18.024993896484375,-77.37500762939453,5275.880162477493,0.0020304322254424316,2022,2022
JAM,Jamaica,2022,18.024993896484375,-77.32500457763672,4107.562304496765,0.0015808029398352334,2022,2022
JAM,Jamaica,2022,18.024993896484375,-77.2750015258789,1205.3761243466465,0.00046389122786728485,2022,2022
JAM,Jamaica,2022,18.024993896484375,-77.22500610351562,2793.465736180544,0.0010750704482921315,2022,2022
JAM,Jamaica,2022,18.024993896484375,-77.17500305175781,3096.1620450019836,0.001191563681842932,2022,2022
JAM,Jamaica,2022,18.024993896484375,-77.12500762939453,3603.1626999378295,0.001386683820360019,2022,2022
JAM,Jamaica,2022,18.024993896484375,-77.07500457763672,4521.289143077378,0.0017400264778448648,2022,2022
JAM,Jamaica,2022,18.024993896484375,-77.0250015258789,13112.692985415459,0.005046444115481566,2022,2022
JAM,Jamaica,2022,18.024993896484375,-76.97500610351562,69821.11068820953,0.026870783412743675,2022,2022
JAM,Jamaica,2022,18.024993896484375,-76.92500305175781,22093.515876293815,0.008502730393232717,2022,2022
JAM,Jamaica,2022,18.024993896484375,-76.87500762939453,19000.59853071072,0.0073124154399543265,2022,2022
JAM,Jamaica,2022,18.024993896484375,-76.82500457763672,216411.34765625,0.08328630687212846,2022,2022
JAM,Jamaica,2022,18.024993896484375,-76.7750015258789,81976.5156173706,0.03154881345159896,2022,2022
JAM,Jamaica,2022,18.024993896484375,-76.72500610351562,23930.171255111694,0.00920957060819939,2022,2022
JAM,Jamaica,2022,18.024993896484375,-76.67500305175781,7178.253773212433,0.0027625642233484733,2022,2022
JAM,Jamaica,2022,18.024993896484375,-76.62500762939453,3205.620147049427,0.0012336888345925218,2022,2022
JAM,Jamaica,2022,18.024993896484375,-76.57500457763672,325.64281988145444,0.0001253242407160288,2022,2022
JAM,Jamaica,2022,18.024993896484375,-76.5250015258789,12.760021060714328,4.910717673851072e-06,2022,2022
JAM,Jamaica,2022,18.024993896484375,-76.47500610351562,0.0,0.0,2022,2022
JAM,Jamaica,2022,18.024993896484375,-76.42500305175781,287.044127762528,0.00011046946275962493,2022,2022
JAM,Jamaica,2022,18.024993896484375,-76.37500762939453,198.68582502007484,7.646460674533889e-05,2022,2022
JAM,Jamaica,2022,18.024993896484375,-76.32500457763672,605.7084633111954,0.00023310802089044084,2022,2022
JAM,Jamaica,2022,18.024993896484375,-76.2750015258789,5058.401533842106,0.001946735173514141,2022,2022
JAM,Jamaica,2022,18.074996948242188,-77.97500610351562,3904.8275638222694,0.0015027801004216653,2022,2022
JAM,Jamaica,2022,18.074996948242188,-77.92500305175781,2979.8596677185546,0.0011468044971269266,2022,2022
JAM,Jamaica,2022,18.074996948242188,-77.87500762939453,5214.902559518814,0.002006964882313964,2022,2022
JAM,Jamaica,2022,18.074996948242188,-77.82500457763672,1031.352885305894,0.0003969180628895781,2022,2022
JAM,Jamaica,2022,18.074996948242188,-77.7750015258789,5052.457330703746,0.0019444475359569919,2022,2022
JAM,Jamaica,2022,18.074996948242188,-77.72500610351562,4237.477827191353,0.0016308011687071375,2022,2022
JAM,Jamaica,2022,18.074996948242188,-77.67500305175781,4822.852195411921,0.0018560835755434802,2022,2022
JAM,Jamaica,2022,18.074996948242188,-77.62500762939453,1757.273636162281,0.0006762900046821364,2022,2022
JAM,Jamaica,2022,18.074996948242188,-77.57500457763672,3134.386798620224,0.0012062745488766566,2022,2022
JAM,Jamaica,2022,18.074996948242188,-77.5250015258789,11447.516664743516,0.004405597932775953,2022,2022
JAM,Jamaica,2022,18.074996948242188,-77.47500610351562,10985.06993484497,0.00422762445460363,2022,2022
JAM,Jamaica,2022,18.074996948242188,-77.42500305175781,4065.1852099895477,0.001564494036740727,2022,2022
JAM,Jamaica,2022,18.074996948242188,-77.37500762939453,3775.280172944069,0.0014529235477592625,2022,2022
JAM,Jamaica,2022,18.074996948242188,-77.32500457763672,3355.2095540761948,0.0012912585941886809,2022,2022
JAM,Jamaica,2022,18.074996948242188,-77.2750015258789,7577.98710751552,0.0029164023353899352,2022,2022
JAM,Jamaica,2022,18.074996948242188,-77.22500610351562,3202.553508043289,0.0012325086329067168,2022,2022
JAM,Jamaica,2022,18.074996948242188,-77.17500305175781,3057.5694060325623,0.0011767112334522957,2022,2022
JAM,Jamaica,2022,18.074996948242188,-77.12500762939453,4853.633846282959,0.0018679299507370225,2022,2022
JAM,Jamaica,2022,18.074996948242188,-77.07500457763672,2980.692654967308,0.001147125073808194,2022,2022
JAM,Jamaica,2022,18.074996948242188,-77.0250015258789,2022.0465430617332,0.0007781883469561322,2022,2022
JAM,Jamaica,2022,18.074996948242188,-76.97500610351562,1772.3082121612795,0.0006820760890252453,2022,2022
JAM,Jamaica,2022,18.074996948242188,-76.92500305175781,3432.1004015505314,0.001320850178861855,2022,2022
JAM,Jamaica,2022,18.074996948242188,-76.87500762939453,12122.25898885727,0.004665273762506539,2022,2022
JAM,Jamaica,2022,18.074996948242188,-76.82500457763672,29000.117616653442,0.011160748829977828,2022,2022
JAM,Jamaica,2022,18.074996948242188,-76.7750015258789,16978.570202007893,0.006534234102827863,2022,2022
JAM,Jamaica,2022,18.074996948242188,-76.72500610351562,5603.719894409245,0.002156601951818865,2022,2022
JAM,Jamaica,2022,18.074996948242188,-76.67500305175781,4955.200375795663,0.0019070180172203412,2022,2022
JAM,Jamaica,2022,18.074996948242188,-76.62500762939453,384.8226811885981,0.0001480997196493509,2022,2022
JAM,Jamaica,2022,18.074996948242188,-76.57500457763672,18.232404708862305,7.016774628709222e-06,2022,2022
JAM,Jamaica,2022,18.074996948242188,-76.5250015258789,1.2427940368652344,4.782915806135174e-07,2022,2022
JAM,Jamaica,2022,18.074996948242188,-76.47500610351562,347.8355003595352,0.00013386513478942305,2022,2022
JAM,Jamaica,2022,18.074996948242188,-76.42500305175781,2156.2888919711113,0.0008298517628887435,2022,2022
JAM,Jamaica,2022,18.074996948242188,-76.37500762939453,1.375702977180481,5.294418317857801e-07,2022,2022
JAM,Jamaica,2022,18.074996948242188,-76.32500457763672,834.8563686312717,0.0003212960155047895,2022,2022
JAM,Jamaica,2022,18.125,-78.0250015258789,1102.9779777527365,0.0004244831120142099,2022,2022
JAM,Jamaica,2022,18.125,-77.97500610351562,4117.871161937714,0.00158477032266255,2022,2022
JAM,Jamaica,2022,18.125,-77.92500305175781,2443.1830434799194,0.0009402635070101079,2022,2022
JAM,Jamaica,2022,18.125,-77.87500762939453,3359.5560047626495,0.0012929313337635558,2022,2022
JAM,Jamaica,2022,18.125,-77.82500457763672,3532.5545374155045,0.0013595101385951772,2022,2022
JAM,Jamaica,2022,18.125,-77.7750015258789,3121.504371523857,0.0012013167230138925,2022,2022
JAM,Jamaica,2022,18.125,-77.72500610351562,2025.8815728427617,0.0007796642652509244,2022,2022
JAM,Jamaica,2022,18.125,-77.67500305175781,922.2818975448705,0.00035494189178814366,2022,2022
JAM,Jamaica,2022,18.125,-77.62500762939453,2343.6528111696243,0.0009019591132663168,2022,2022
JAM,Jamaica,2022,18.125,-77.57500457763672,3218.0936949253082,0.0012384893025320543,2022,2022
JAM,Jamaica,2022,18.125,-77.5250015258789,4979.609073638976,0.0019164117496698815,2022,2022
JAM,Jamaica,2022,18.125,-77.47500610351562,9436.790943980217,0.003631766425191709,2022,2022
JAM,Jamaica,2022,18.125,-77.42500305175781,5140.147327423096,0.0019781951931638793,2022,2022
JAM,Jamaica,2022,18.125,-77.37500762939453,4967.526636243048,0.0019117618013209671,2022,2022
JAM,Jamaica,2022,18.125,-77.32500457763672,5286.915974497795,0.0020346793780823473,2022,2022
JAM,Jamaica,2022,18.125,-77.2750015258789,5213.355892658234,0.0020063696447158697,2022,2022
JAM,Jamaica,2022,18.125,-77.22500610351562,4239.584064723336,0.0016316117581116868,2022,2022
JAM,Jamaica,2022,18.125,-77.17500305175781,1948.601846396923,0.0007499230197872816,2022,2022
JAM,Jamaica,2022,18.125,-77.12500762939453,2459.2385671511292,0.0009464425049506279,2022,2022
JAM,Jamaica,2022,18.125,-77.07500457763672,2953.3612368853383,0.0011366065270763418,2022,2022
JAM,Jamaica,2022,18.125,-77.0250015258789,18190.49769973755,0.007000646638842436,2022,2022
JAM,Jamaica,2022,18.125,-76.97500610351562,5078.547096014023,0.0019544882303262397,2022,2022
JAM,Jamaica,2022,18.125,-76.92500305175781,2839.4307620078325,0.0010927601733823227,2022,2022
JAM,Jamaica,2022,18.125,-76.87500762939453,12923.736728668213,0.004973723951057206,2022,2022
JAM,Jamaica,2022,18.125,-76.82500457763672,15996.042924404144,0.0061561066652467055,2022,2022
JAM,Jamaica,2022,18.125,-76.7750015258789,3734.2681453227997,0.0014371399931771857,2022,2022
JAM,Jamaica,2022,18.125,-76.72500610351562,1276.7698457841072,0.0004913672334315979,2022,2022
JAM,Jamaica,2022,18.125,-76.67500305175781,276.1581686735153,0.00010627998129710441,2022,2022
JAM,Jamaica,2022,18.125,-76.62500762939453,206.75934934636908,7.957171749466707e-05,2022,2022
JAM,Jamaica,2022,18.125,-76.57500457763672,189.64626487111673,7.298571532532399e-05,2022,2022
JAM,Jamaica,2022,18.125,-76.5250015258789,1349.3163462877499,0.0005192868881487932,2022,2022
JAM,Jamaica,2022,18.125,-76.47500610351562,2784.3681131605863,0.0010715692112689664,2022,2022
JAM,Jamaica,2022,18.125,-76.42500305175781,1328.1902323961258,0.0005111564641962185,2022,2022
JAM,Jamaica,2022,18.125,-76.37500762939453,918.3219462633133,0.0003534178972231344,2022,2022
JAM,Jamaica,2022,18.17499542236328,-78.0250015258789,3209.93239402771,0.0012353484108071303,2022,2022
JAM,Jamaica,2022,18.17499542236328,-77.97500610351562,3210.9741353988647,0.0012357493268979872,2022,2022
JAM,Jamaica,2022,18.17499542236328,-77.92500305175781,4068.544043302536,0.0015657866899452264,2022,2022
JAM,Jamaica,2022,18.17499542236328,-77.87500762939453,3366.0888943076134,0.0012954455283716308,2022,2022
JAM,Jamaica,2022,18.17499542236328,-77.82500457763672,711.7123631239127,0.0002739038175298476,2022,2022
JAM,Jamaica,2022,18.17499542236328,-77.7750015258789,3040.8779619410634,0.001170287500363439,2022,2022
JAM,Jamaica,2022,18.17499542236328,-77.72500610351562,5201.141301989555,0.002001668836935841,2022,2022
JAM,Jamaica,2022,18.17499542236328,-77.67500305175781,2186.8669517043413,0.0008416197856568533,2022,2022
JAM,Jamaica,2022,18.17499542236328,-77.62500762939453,4522.491954803467,0.001740489382159326,2022,2022
JAM,Jamaica,2022,18.17499542236328,-77.57500457763672,3095.1262402534485,0.0011911650504722556,2022,2022
JAM,Jamaica,2022,18.17499542236328,-77.5250015258789,6996.36019551754,0.0026925621440026643,2022,2022
JAM,Jamaica,2022,18.17499542236328,-77.47500610351562,29860.951433181763,0.011492042314287926,2022,2022
JAM,Jamaica,2022,18.17499542236328,-77.42500305175781,8458.550379991531,0.003255288737263163,2022,2022
JAM,Jamaica,2022,18.17499542236328,-77.37500762939453,5076.0692846775055,0.0019535346400566937,2022,2022
JAM,Jamaica,2022,18.17499542236328,-77.32500457763672,3949.8888764382846,0.0015201220298132776,2022,2022
JAM,Jamaica,2022,18.17499542236328,-77.2750015258789,5408.051136493706,0.0020812984689214365,2022,2022
JAM,Jamaica,2022,18.17499542236328,-77.22500610351562,4709.999733746052,0.001812652097225124,2022,2022
JAM,Jamaica,2022,18.17499542236328,-77.17500305175781,402.87434130941773,0.00015504693438950424,2022,2022
JAM,Jamaica,2022,18.17499542236328,-77.12500762939453,661.4278789162779,0.0002545517409036439,2022,2022
JAM,Jamaica,2022,18.17499542236328,-77.07500457763672,10420.333093643188,0.004010284438159396,2022,2022
JAM,Jamaica,2022,18.17499542236328,-77.0250015258789,13261.354511976242,0.005103656778566531,2022,2022
JAM,Jamaica,2022,18.17499542236328,-76.97500610351562,3167.9195753339386,0.0012191796999322711,2022,2022
JAM,Jamaica,2022,18.17499542236328,-76.92500305175781,2062.6920659542084,0.0007938308515163733,2022,2022
JAM,Jamaica,2022,18.17499542236328,-76.87500762939453,4278.410590827748,0.0016465542183982296,2022,2022
JAM,Jamaica,2022,18.17499542236328,-76.82500457763672,5116.90321084857,0.0019692496519666935,2022,2022
JAM,Jamaica,2022,18.17499542236328,-76.7750015258789,35.50696611422542,1.366492149286442e-05,2022,2022
JAM,Jamaica,2022,18.17499542236328,-76.72500610351562,923.7042378783226,0.00035548928209263296,2022,2022
JAM,Jamaica,2022,18.17499542236328,-76.67500305175781,2084.62649536134,0.0008022723571881053,2022,2022
JAM,Jamaica,2022,18.17499542236328,-76.62500762939453,2490.261070370674,0.0009583815726153636,2022,2022
JAM,Jamaica,2022,18.17499542236328,-76.57500457763672,3573.844383239746,0.0013754006120258173,2022,2022
JAM,Jamaica,2022,18.17499542236328,-76.5250015258789,4278.51018935442,0.0016465925490751845,2022,2022
JAM,Jamaica,2022,18.17499542236328,-76.47500610351562,11144.604801297188,0.00428902174262962,2022,2022
JAM,Jamaica,2022,18.17499542236328,-76.42500305175781,11264.895677089691,0.004335315908363873,2022,2022
JAM,Jamaica,2022,18.224998474121094,-78.32500457763672,1740.0735068322865,0.0006696705031396679,2022,2022
JAM,Jamaica,2022,18.224998474121094,-78.2750015258789,1925.382678091526,0.0007409870799775512,2022,2022
JAM,Jamaica,2022,18.224998474121094,-78.22500610351562,5808.377405822277,0.002235364773102648,2022,2022
JAM,Jamaica,2022,18.224998474121094,-78.17500305175781,2608.805756121874,0.001004003713886888,2022,2022
JAM,Jamaica,2022,18.224998474121094,-78.12500762939453,32172.659639835358,0.012381707487502372,2022,2022
JAM,Jamaica,2022,18.224998474121094,-78.07500457763672,3333.4523426890373,0.0012828852911992697,2022,2022
JAM,Jamaica,2022,18.224998474121094,-78.0250015258789,1821.5275145770615,0.0007010182284713905,2022,2022
JAM,Jamaica,2022,18.224998474121094,-77.97500610351562,4198.917908489704,0.0016159613127719901,2022,2022
JAM,Jamaica,2022,18.224998474121094,-77.92500305175781,2847.8577151298523,0.0010960033018564933,2022,2022
JAM,Jamaica,2022,18.224998474121094,-77.87500762939453,2620.170118749148,0.0010083773098347529,2022,2022
JAM,Jamaica,2022,18.224998474121094,-77.82500457763672,941.339842826128,0.0003622763772309693,2022,2022
JAM,Jamaica,2022,18.224998474121094,-77.7750015258789,2069.3220341801643,0.000796382407034139,2022,2022
JAM,Jamaica,2022,18.224998474121094,-77.72500610351562,1106.9583008292511,0.0004260149467021366,2022,2022
JAM,Jamaica,2022,18.224998474121094,-77.67500305175781,573.2159469211489,0.00022060321594182233,2022,2022
JAM,Jamaica,2022,18.224998474121094,-77.62500762939453,1683.3912742435937,0.0006478562412319333,2022,2022
JAM,Jamaica,2022,18.224998474121094,-77.57500457763672,2684.067230463191,0.0010329682313002556,2022,2022
JAM,Jamaica,2022,18.224998474121094,-77.5250015258789,5450.003140509129,0.0020974437751550045,2022,2022
JAM,Jamaica,2022,18.224998474121094,-77.47500610351562,5587.888642072678,0.0021505092651157268,2022,2022
JAM,Jamaica,2022,18.224998474121094,-77.42500305175781,3041.06833088398,0.0011703607642027448,2022,2022
JAM,Jamaica,2022,18.224998474121094,-77.37500762939453,3152.8040494918823,0.0012133624618925415,2022,2022
JAM,Jamaica,2022,18.224998474121094,-77.32500457763672,1114.3658306600132,0.0004288657482397217,2022,2022
JAM,Jamaica,2022,18.224998474121094,-77.2750015258789,792.1527794003487,0.00030486146031280694,2022,2022
JAM,Jamaica,2022,18.224998474121094,-77.22500610351562,1502.4979873896234,0.0005782391256638597,2022,2022
JAM,Jamaica,2022,18.224998474121094,-77.17500305175781,1031.007179806259,0.0003967850174895018,2022,2022
JAM,Jamaica,2022,18.224998474121094,-77.12500762939453,323.60414862708717,0.00012453965431821973,2022,2022
JAM,Jamaica,2022,18.224998474121094,-77.07500457763672,1062.2405662539807,0.00040880524395411715,2022,2022
JAM,Jamaica,2022,18.224998474121094,-77.0250015258789,3793.2084169387817,0.0014598232655753257,2022,2022
JAM,Jamaica,2022,18.224998474121094,-76.97500610351562,4134.082999646664,0.001591009478349217,2022,2022
JAM,Jamaica,2022,18.224998474121094,-76.92500305175781,3072.4137196838856,0.0011824240949794742,2022,2022
JAM,Jamaica,2022,18.224998474121094,-76.87500762939453,4269.214377403259,0.0016430150386757773,2022,2022
JAM,Jamaica,2022,18.224998474121094,-76.82500457763672,2238.857286095619,0.0008616283618770546,2022,2022
JAM,Jamaica,2022,18.224998474121094,-76.7750015258789,1943.9271255733763,0.0007481239448438093,2022,2022
JAM,Jamaica,2022,18.224998474121094,-76.72500610351562,2751.323071181811,0.0010588517658269728,2022,2022
JAM,Jamaica,2022,18.224998474121094,-76.67500305175781,8491.623392939575,0.0032680169473843436,2022,2022
JAM,Jamaica,2022,18.224998474121094,-76.62500762939453,2522.2716257578163,0.0009707008939817993,2022,2022
JAM,Jamaica,2022,18.274993896484375,-78.32500457763672,11076.288532138282,0.004262730100258974,2022,2022
JAM,Jamaica,2022,18.274993896484375,-78.2750015258789,2211.0021485695515,0.0008509082607497955,2022,2022
JAM,Jamaica,2022,18.274993896484375,-78.22500610351562,2853.834744990687,0.00109830357283842,2022,2022
JAM,Jamaica,2022,18.274993896484375,-78.17500305175781,2670.2109325231804,0.0010276356094445086,2022,2022
JAM,Jamaica,2022,18.274993896484375,-78.12500762939453,4620.306076347847,0.0017781333275050802,2022,2022
JAM,Jamaica,2022,18.274993896484375,-78.07500457763672,11109.91966670769,0.004275673104517026,2022,2022
JAM,Jamaica,2022,18.274993896484375,-78.0250015258789,4259.924664318562,0.0016394398754363934,2022,2022
JAM,Jamaica,2022,18.274993896484375,-77.97500610351562,4274.52147269249,0.001645057484100407,2022,2022
JAM,Jamaica,2022,18.274993896484375,-77.92500305175781,5238.918692124076,0.002016207535306545,2022,2022
JAM,Jamaica,2022,18.274993896484375,-77.87500762939453,2381.5014848231917,0.0009165252452309916,2022,2022
JAM,Jamaica,2022,18.274993896484375,-77.82500457763672,881.1240389049641,0.00033910221386918433,2022,2022
JAM,Jamaica,2022,18.274993896484375,-77.7750015258789,23.295552968978882,8.965336588597622e-06,2022,2022
JAM,Jamaica,2022,18.274993896484375,-77.72500610351562,33.9997739198413,1.3084875792968207e-05,2022,2022
JAM,Jamaica,2022,18.274993896484375,-77.67500305175781,43.954990238102795,1.6916159181019334e-05,2022,2022
JAM,Jamaica,2022,18.274993896484375,-77.62500762939453,1048.924234211459,0.0004036804289713729,2022,2022
JAM,Jamaica,2022,18.274993896484375,-77.57500457763672,3757.481876850128,0.0014460738406328344,2022,2022
JAM,Jamaica,2022,18.274993896484375,-77.5250015258789,6400.640177488327,0.002463298194728339,2022,2022
JAM,Jamaica,2022,18.274993896484375,-77.47500610351562,138.02748107910156,5.312013103952849e-05,2022,2022
JAM,Jamaica,2022,18.274993896484375,-77.42500305175781,438.0174847246754,0.0001685718380446654,2022,2022
JAM,Jamaica,2022,18.274993896484375,-77.37500762939453,2705.9084713460707,0.0010413738731963036,2022,2022
JAM,Jamaica,2022,18.274993896484375,-77.32500457763672,2710.986112237398,0.0010433280126720824,2022,2022
JAM,Jamaica,2022,18.274993896484375,-77.2750015258789,1646.678859710723,0.0006337274006886072,2022,2022
JAM,Jamaica,2022,18.274993896484375,-77.22500610351562,1335.9375278949738,0.000514138025178737,2022,2022
JAM,Jamaica,2022,18.274993896484375,-77.17500305175781,899.3036761880726,0.00034609868085662713,2022,2022
JAM,Jamaica,2022,18.274993896484375,-77.12500762939453,4683.4946002960205,0.001802451547660078,2022,2022
JAM,Jamaica,2022,18.274993896484375,-77.07500457763672,1295.072050988689,0.000498410870910011,2022,2022
JAM,Jamaica,2022,18.274993896484375,-77.0250015258789,2979.589984923601,0.0011467007092051662,2022,2022
JAM,Jamaica,2022,18.274993896484375,-76.97500610351562,4408.715925693512,0.0016967024672042206,2022,2022
JAM,Jamaica,2022,18.274993896484375,-76.92500305175781,3921.2879761459935,0.0015091149205079626,2022,2022
JAM,Jamaica,2022,18.274993896484375,-76.87500762939453,9635.58273935318,0.0037082718148230913,2022,2022
JAM,Jamaica,2022,18.274993896484375,-76.82500457763672,2997.8987812996165,0.0011537468833080799,2022,2022
JAM,Jamaica,2022,18.274993896484375,-76.7750015258789,6398.308657974022,0.002462400905136782,2022,2022
JAM,Jamaica,2022,18.324996948242188,-78.32500457763672,1134.3501648642123,0.00043655675617064536,2022,2022
JAM,Jamaica,2022,18.324996948242188,-78.2750015258789,2630.747796256328,0.0010124481485610877,2022,2022
JAM,Jamaica,2022,18.324996948242188,-78.22500610351562,1501.4837512373924,0.0005778487950073098,2022,2022
JAM,Jamaica,2022,18.324996948242188,-78.17500305175781,7975.129009485245,0.0030692431299113496,2022,2022
JAM,Jamaica,2022,18.324996948242188,-78.12500762939453,4019.448249042034,0.0015468920828407688,2022,2022
JAM,Jamaica,2022,18.324996948242188,-78.07500457763672,3115.132160305977,0.0011988643657567795,2022,2022
JAM,Jamaica,2022,18.324996948242188,-78.0250015258789,2574.042675301498,0.000990625078023369,2022,2022
JAM,Jamaica,2022,18.324996948242188,-77.97500610351562,4218.065481185913,0.0016233302914910078,2022,2022
JAM,Jamaica,2022,18.324996948242188,-77.92500305175781,4656.358835935593,0.001792008298624347,2022,2022
JAM,Jamaica,2022,18.324996948242188,-77.87500762939453,1246.7606273596834,0.00047981813029187117,2022,2022
JAM,Jamaica,2022,18.324996948242188,-77.82500457763672,2289.1396046876907,0.0008809796050621088,2022,2022
JAM,Jamaica,2022,18.324996948242188,-77.7750015258789,1187.0378260018092,0.0004568336998771778,2022,2022
JAM,Jamaica,2022,18.324996948242188,-77.72500610351562,0.9081770181655884,3.495136029063461e-07,2022,2022
JAM,Jamaica,2022,18.324996948242188,-77.67500305175781,0.0,0.0,2022,2022
JAM,Jamaica,2022,18.324996948242188,-77.62500762939453,0.496396005153656,1.9103891946089484e-07,2022,2022
JAM,Jamaica,2022,18.324996948242188,-77.57500457763672,462.640615940094,0.00017804809557353353,2022,2022
JAM,Jamaica,2022,18.324996948242188,-77.5250015258789,1562.755846351583,0.0006014294739857734,2022,2022
JAM,Jamaica,2022,18.324996948242188,-77.47500610351562,191.71578282117844,7.3782173130947e-05,2022,2022
JAM,Jamaica,2022,18.324996948242188,-77.42500305175781,2103.6517942100763,0.000809594278591075,2022,2022
JAM,Jamaica,2022,18.324996948242188,-77.37500762939453,5485.54465675354,0.0021111219933292874,2022,2022
JAM,Jamaica,2022,18.324996948242188,-77.32500457763672,2842.1848593356144,0.0010938200928259265,2022,2022
JAM,Jamaica,2022,18.324996948242188,-77.2750015258789,1128.7996617557242,0.0004344206347971833,2022,2022
JAM,Jamaica,2022,18.324996948242188,-77.22500610351562,499.6382496953189,0.0001922867032614021,2022,2022
JAM,Jamaica,2022,18.324996948242188,-77.17500305175781,4929.003991425037,0.0018969362903087851,2022,2022
JAM,Jamaica,2022,18.324996948242188,-77.12500762939453,3811.9094901086655,0.0014670204081269219,2022,2022
JAM,Jamaica,2022,18.324996948242188,-77.07500457763672,2447.22157818079,0.000941817744549189,2022,2022
JAM,Jamaica,2022,18.324996948242188,-77.0250015258789,3192.113100707531,0.001228490622859401,2022,2022
JAM,Jamaica,2022,18.324996948242188,-76.97500610351562,4021.825570344925,0.001547806999335262,2022,2022
JAM,Jamaica,2022,18.324996948242188,-76.92500305175781,5482.6534613370895,0.00211000931143303,2022,2022
JAM,Jamaica,2022,18.324996948242188,-76.87500762939453,7802.209185600281,0.0030026946162944315,2022,2022
JAM,Jamaica,2022,18.324996948242188,-76.82500457763672,2979.210924387193,0.0011465548270575786,2022,2022
JAM,Jamaica,2022,18.375,-78.2750015258789,5412.088263273364,0.0020828521646194384,2022,2022
JAM,Jamaica,2022,18.375,-78.22500610351562,4835.530714794993,0.0018609629271461518,2022,2022
JAM,Jamaica,2022,18.375,-78.17500305175781,2391.420461565256,0.0009203425817512063,2022,2022
JAM,Jamaica,2022,18.375,-78.12500762939453,2203.837208509445,0.0008481508203335273,2022,2022
JAM,Jamaica,2022,18.375,-78.07500457763672,1408.6657433510215,0.0005421276132310054,2022,2022
JAM,Jamaica,2022,18.375,-78.0250015258789,1878.0881686806952,0.0007227857006745863,2022,2022
JAM,Jamaica,2022,18.375,-77.97500610351562,2526.733309030533,0.0009724179810303396,2022,2022
JAM,Jamaica,2022,18.375,-77.92500305175781,4154.518800854683,0.0015988742341904514,2022,2022
JAM,Jamaica,2022,18.375,-77.87500762939453,2371.139184951782,0.0009125372949856002,2022,2022
JAM,Jamaica,2022,18.375,-77.82500457763672,2794.8822360634804,0.0010756155908884521,2022,2022
JAM,Jamaica,2022,18.375,-77.7750015258789,342.0460352897644,0.00013163704846378218,2022,2022
JAM,Jamaica,2022,18.375,-77.72500610351562,2985.0698075294495,0.0011488096290566355,2022,2022
JAM,Jamaica,2022,18.375,-77.67500305175781,1166.8688305616379,0.0004490716247285083,2022,2022
JAM,Jamaica,2022,18.375,-77.62500762939453,871.7046839297573,0.00033547715770878054,2022,2022
JAM,Jamaica,2022,18.375,-77.57500457763672,74.86318945884705,2.8811236740689263e-05,2022,2022
JAM,Jamaica,2022,18.375,-77.5250015258789,168.22731199860573,6.474259175006128e-05,2022,2022
JAM,Jamaica,2022,18.375,-77.47500610351562,1300.1784445345402,0.0005003760758979914,2022,2022
JAM,Jamaica,2022,18.375,-77.42500305175781,2112.0460454821587,0.0008128248216978944,2022,2022
JAM,Jamaica,2022,18.375,-77.37500762939453,13129.406497478485,0.005052876341470026,2022,2022
JAM,Jamaica,2022,18.375,-77.32500457763672,2936.5005733966827,0.0011301176695899294,2022,2022
JAM,Jamaica,2022,18.375,-77.2750015258789,4421.959345698773,0.0017017992218547517,2022,2022
JAM,Jamaica,2022,18.375,-77.22500610351562,2524.589959025383,0.0009715931088219431,2022,2022
JAM,Jamaica,2022,18.375,-77.17500305175781,2349.939448297024,0.000904378537176647,2022,2022
JAM,Jamaica,2022,18.375,-77.12500762939453,5102.49906635294,0.001963706190352106,2022,2022
JAM,Jamaica,2022,18.375,-77.07500457763672,10733.703329205513,0.004130885552131902,2022,2022
JAM,Jamaica,2022,18.375,-77.0250015258789,6608.222874164581,0.0025431867789636915,2022,2022
JAM,Jamaica,2022,18.375,-76.97500610351562,4895.945439815666,0.0018842136456605036,2022,2022
JAM,Jamaica,2022,18.375,-76.92500305175781,8485.076335907623,0.0032654973003927333,2022,2022
JAM,Jamaica,2022,18.42499542236328,-78.22500610351562,3249.5961356312037,0.0012506130750248893,2022,2022
JAM,Jamaica,2022,18.42499542236328,-78.17500305175781,12216.317315340042,0.0047014722831856225,2022,2022
JAM,Jamaica,2022,18.42499542236328,-78.12500762939453,2449.983910977852,0.0009428808334283566,2022,2022
JAM,Jamaica,2022,18.42499542236328,-78.07500457763672,7844.525005817413,0.003018979937865221,2022,2022
JAM,Jamaica,2022,18.42499542236328,-78.0250015258789,6089.883539140488,0.0023437029284713216,2022,2022
JAM,Jamaica,2022,18.42499542236328,-77.97500610351562,4633.774837851524,0.0017833168052474979,2022,2022
JAM,Jamaica,2022,18.42499542236328,-77.92500305175781,18703.297066926956,0.007197998422480925,2022,2022
JAM,Jamaica,2022,18.42499542236328,-77.87500762939453,13784.000102371743,0.005304797899392537,2022,2022
JAM,Jamaica,2022,18.42499542236328,-77.82500457763672,3577.580051422119,0.0013768382908258391,2022,2022
JAM,Jamaica,2022,18.42499542236328,-77.7750015258789,4371.922963768252,0.0016825426278481571,2022,2022
JAM,Jamaica,2022,18.42499542236328,-77.72500610351562,6236.388298273087,0.0024000855556278533,2022,2022
JAM,Jamaica,2022,18.42499542236328,-77.67500305175781,587.4590817699598,0.00022608471269643538,2022,2022
JAM,Jamaica,2022,18.42499542236328,-77.62500762939453,1298.7642047480638,0.000499831803103968,2022,2022
JAM,Jamaica,2022,18.42499542236328,-77.57500457763672,1985.9242693185995,0.000764286623185767,2022,2022
JAM,Jamaica,2022,18.42499542236328,-77.5250015258789,3198.578473329646,0.0012309788334550092,2022,2022
JAM,Jamaica,2022,18.42499542236328,-77.47500610351562,3799.676351547241,0.0014623124621561106,2022,2022
JAM,Jamaica,2022,18.42499542236328,-77.42500305175781,3566.206115007409,0.0013724610103881963,2022,2022
JAM,Jamaica,2022,18.42499542236328,-77.37500762939453,4813.37267255784,0.0018524353636637577,2022,2022
JAM,Jamaica,2022,18.42499542236328,-77.32500457763672,5556.5701655149505,0.0021384562915651084,2022,2022
JAM,Jamaica,2022,18.42499542236328,-77.2750015258789,4113.644946753979,0.0015831438559429799,2022,2022
JAM,Jamaica,2022,18.42499542236328,-77.22500610351562,14849.84457206726,0.005714990112242787,2022,2022
JAM,Jamaica,2022,18.42499542236328,-77.17500305175781,14795.66620135308,0.005694139466202263,2022,2022
JAM,Jamaica,2022,18.474998474121094,-77.92500305175781,50603.905937194824,0.019475006668818795,2022,2022
JAM,Jamaica,2022,18.474998474121094,-77.87500762939453,44194.3567712307,0.017008279833420032,2022,2022
JAM,Jamaica,2022,18.474998474121094,-77.82500457763672,2104.017469584942,0.0008097350094345195,2022,2022
JAM,Jamaica,2022,18.474998474121094,-77.7750015258789,4977.77943110466,0.0019157076083610746,2022,2022
JAM,Jamaica,2022,18.474998474121094,-77.72500610351562,3874.948363662382,0.001491281035051198,2022,2022
JAM,Jamaica,2022,18.474998474121094,-77.67500305175781,11102.222287893423,0.004272710754062768,2022,2022
JAM,Jamaica,2022,18.474998474121094,-77.62500762939453,8764.661094427109,0.0033730960111212063,2022,2022
JAM,Jamaica,2022,18.474998474121094,-77.57500457763672,4273.1184339523315,0.0016445175220497483,2022,2022
JAM,Jamaica,2022,18.474998474121094,-77.5250015258789,5275.706874012947,0.0020303655350567755,2022,2022
JAM,Jamaica,2022,18.474998474121094,-77.47500610351562,1067.3320803046227,0.0004107647225408828,2022,2022
JAM,Jamaica,2023,17.724998474121094,-77.22500610351562,37.83012792095542,1.4552789036316543e-05,2023,2023
JAM,Jamaica,2023,17.724998474121094,-77.17500305175781,33.349578023012505,1.2829176111515042e-05,2023,2023
JAM,Jamaica,2023,17.774993896484375,-77.2750015258789,2917.6894385506503,0.0011223995584005446,2023,2023
JAM,Jamaica,2023,17.774993896484375,-77.22500610351562,4541.381674394041,0.0017470141676217024,2023,2023
JAM,Jamaica,2023,17.824996948242188,-77.32500457763672,793.8073155286012,0.00030536799723517136,2023,2023
JAM,Jamaica,2023,17.824996948242188,-77.2750015258789,6831.1945085526395,0.002627877250553582,2023,2023
JAM,Jamaica,2023,17.824996948242188,-77.22500610351562,4566.196535687894,0.0017565601422514859,2023,2023
JAM,Jamaica,2023,17.824996948242188,-77.17500305175781,1361.4093495310076,0.0005237175802627663,2023,2023
JAM,Jamaica,2023,17.875,-77.72500610351562,3438.3278462244198,0.0013226828068979178,2023,2023
JAM,Jamaica,2023,17.875,-77.67500305175781,6347.931858450174,0.0024419720003580965,2023,2023
JAM,Jamaica,2023,17.875,-77.62500762939453,6912.754750788212,0.0026592524814670277,2023,2023
JAM,Jamaica,2023,17.875,-77.57500457763672,7906.981844902039,0.0030417195242711252,2023,2023
JAM,Jamaica,2023,17.875,-77.5250015258789,3121.4257809519777,0.0012007744456383666,2023,2023
JAM,Jamaica,2023,17.875,-77.47500610351562,2048.4232316613197,0.0007880034455538812,2023,2023
JAM,Jamaica,2023,17.875,-77.42500305175781,405.01640698313713,0.00015580487434216578,2023,2023
JAM,Jamaica,2023,17.875,-77.37500762939453,3025.154238492283,0.0011637399568694125,2023,2023
JAM,Jamaica,2023,17.875,-77.32500457763672,4555.922626256943,0.0017526078945393118,2023,2023
JAM,Jamaica,2023,17.875,-77.2750015258789,2519.1476072371006,0.0009690853743890075,2023,2023
JAM,Jamaica,2023,17.875,-77.22500610351562,10427.264714241031,0.004011241620151117,2023,2023
JAM,Jamaica,2023,17.875,-77.17500305175781,572.1384453251958,0.00022009468516154618,2023,2023
JAM,Jamaica,2023,17.875,-77.0250015258789,8.97826406359891,3.4538287341481763e-06,2023,2023
JAM,Jamaica,2023,17.875,-76.97500610351562,3.317718029053231,1.2762856805475006e-06,2023,2023
JAM,Jamaica,2023,17.875,-76.92500305175781,3264.6503593924162,0.0012558711949598115,2023,2023
JAM,Jamaica,2023,17.875,-76.57500457763672,11328.917490005726,0.004358096451229929,2023,2023
JAM,Jamaica,2023,17.875,-76.5250015258789,1745.5584355592728,0.0006714950506203649,2023,2023
JAM,Jamaica,2023,17.875,-76.47500610351562,3177.844230026578,0.001222477935218269,2023,2023
JAM,Jamaica,2023,17.875,-76.42500305175781,7777.84665566695,0.002992042791217784,2023,2023
JAM,Jamaica,2023,17.875,-76.37500762939453,10504.395054221153,0.004040912721670399,2023,2023
JAM,Jamaica,2023,17.92499542236328,-77.7750015258789,2989.693828999996,0.0011500987696241324,2023,2023
JAM,Jamaica,2023,17.92499542236328,-77.72500610351562,3729.2116820812225,0.0014345822724811067,2023,2023
JAM,Jamaica,2023,17.92499542236328,-77.67500305175781,4573.907338142395,0.0017595263939558293,2023,2023
JAM,Jamaica,2023,17.92499542236328,-77.62500762939453,8402.64849948883,0.0032323964437785176,2023,2023
JAM,Jamaica,2023,17.92499542236328,-77.57500457763672,8844.939675331116,0.0034025404672961257,2023,2023
JAM,Jamaica,2023,17.92499542236328,-77.5250015258789,2935.5982303619385,0.0011292888522900484,2023,2023
JAM,Jamaica,2023,17.92499542236328,-77.47500610351562,3468.1122488975525,0.0013341405035142357,2023,2023
JAM,Jamaica,2023,17.92499542236328,-77.42500305175781,5374.201381206512,0.002067389756196313,2023,2023
JAM,Jamaica,2023,17.92499542236328,-77.37500762939453,1554.8897458016872,0.0005981471300510561,2023,2023
JAM,Jamaica,2023,17.92499542236328,-77.32500457763672,3234.0719443559647,0.0012441080514668734,2023,2023
JAM,Jamaica,2023,17.92499542236328,-77.2750015258789,2726.8408354523262,0.001048982427362319,2023,2023
JAM,Jamaica,2023,17.92499542236328,-77.22500610351562,16627.12870979309,0.006396253718699818,2023,2023
JAM,Jamaica,2023,17.92499542236328,-77.17500305175781,21801.938737869437,0.008386940052062563,2023,2023
JAM,Jamaica,2023,17.92499542236328,-77.12500762939453,27732.97882592681,0.010668538870543517,2023,2023
JAM,Jamaica,2023,17.92499542236328,-77.07500457763672,11954.385237085633,0.004598706268656214,2023,2023
JAM,Jamaica,2023,17.92499542236328,-77.0250015258789,667.1429423646197,0.0002566417570034639,2023,2023
JAM,Jamaica,2023,17.92499542236328,-76.97500610351562,1252.782589808572,0.0004819301900313,2023,2023
JAM,Jamaica,2023,17.92499542236328,-76.92500305175781,38428.993535757065,0.014783165337753385,2023,2023
JAM,Jamaica,2023,17.92499542236328,-76.62500762939453,2787.1221219301224,0.0010721719034006271,2023,2023
JAM,Jamaica,2023,17.92499542236328,-76.57500457763672,3159.740774720907,0.0012155137566555558,2023,2023
JAM,Jamaica,2023,17.92499542236328,-76.5250015258789,1571.276634156704,0.0006044509662339661,2023,2023
JAM,Jamaica,2023,17.92499542236328,-76.47500610351562,6586.219475792897,0.0025336383418624367,2023,2023
JAM,Jamaica,2023,17.92499542236328,-76.42500305175781,5485.92356181153,0.002110367917106032,2023,2023
JAM,Jamaica,2023,17.92499542236328,-76.37500762939453,3026.06816726923,0.0011640915341284933,2023,2023
JAM,Jamaica,2023,17.92499542236328,-76.32500457763672,2755.269465476333,0.0010599185747683048,2023,2023
JAM,Jamaica,2023,17.92499542236328,-76.2750015258789,5337.775863856077,0.0020533773037233216,2023,2023
JAM,Jamaica,2023,17.92499542236328,-76.22500610351562,1062.01074218755,0.0004085425858894913,2023,2023
JAM,Jamaica,2023,17.974998474121094,-77.82500457763672,1769.4649955034256,0.0006806916127937271,2023,2023
JAM,Jamaica,2023,17.974998474121094,-77.7750015258789,3217.828141868291,0.0012378592586728167,2023,2023
JAM,Jamaica,2023,17.974998474121094,-77.72500610351562,4134.5514842271805,0.0015905115530000036,2023,2023
JAM,Jamaica,2023,17.974998474121094,-77.67500305175781,2914.4357768297195,0.001121147914400842,2023,2023
JAM,Jamaica,2023,17.974998474121094,-77.62500762939453,3579.4931555986404,0.001376987380513473,2023,2023
JAM,Jamaica,2023,17.974998474121094,-77.57500457763672,6925.079405784607,0.002663993625998251,2023,2023
JAM,Jamaica,2023,17.974998474121094,-77.5250015258789,7727.541019439697,0.0029726908262209285,2023,2023
JAM,Jamaica,2023,17.974998474121094,-77.47500610351562,7414.446765899658,0.0028522472837150294,2023,2023
JAM,Jamaica,2023,17.974998474121094,-77.42500305175781,3188.7932565212423,0.0012266898922347195,2023,2023
JAM,Jamaica,2023,17.974998474121094,-77.37500762939453,2543.8408223092556,0.0009785845532002534,2023,2023
JAM,Jamaica,2023,17.974998474121094,-77.32500457763672,8061.561886548996,0.0031011845818573326,2023,2023
JAM,Jamaica,2023,17.974998474121094,-77.2750015258789,23914.691381454468,0.009199690238164405,2023,2023
JAM,Jamaica,2023,17.974998474121094,-77.22500610351562,33412.184975385666,0.012853260242871856,2023,2023
JAM,Jamaica,2023,17.974998474121094,-77.17500305175781,3919.0062910318647,0.0015075939448196212,2023,2023
JAM,Jamaica,2023,17.974998474121094,-77.12500762939453,11038.340658234432,0.004246315086375848,2023,2023
JAM,Jamaica,2023,17.974998474121094,-77.07500457763672,3381.8154363786703,0.0013009431717547998,2023,2023
JAM,Jamaica,2023,17.974998474121094,-77.0250015258789,4261.285489857197,0.0016392645799925276,2023,2023
JAM,Jamaica,2023,17.974998474121094,-76.97500610351562,56739.41753619909,0.02182696223425646,2023,2023
JAM,Jamaica,2023,17.974998474121094,-76.92500305175781,50979.04193687439,0.019611015964075284,2023,2023
JAM,Jamaica,2023,17.974998474121094,-76.87500762939453,132989.86337423325,0.051159579203582495,2023,2023
JAM,Jamaica,2023,17.974998474121094,-76.7750015258789,133963.65029799938,0.051534183162033356,2023,2023
JAM,Jamaica,2023,17.974998474121094,-76.72500610351562,26907.35934531691,0.010350933121213402,2023,2023
JAM,Jamaica,2023,17.974998474121094,-76.67500305175781,2343.381508091641,0.0009014702987555131,2023,2023
JAM,Jamaica,2023,17.974998474121094,-76.62500762939453,1461.9568669798373,0.0005623969844830103,2023,2023
JAM,Jamaica,2023,17.974998474121094,-76.57500457763672,1889.9924312829971,0.0007270570480270742,2023,2023
JAM,Jamaica,2023,17.974998474121094,-76.5250015258789,3349.8417148596536,0.0012886432708677496,2023,2023
JAM,Jamaica,2023,17.974998474121094,-76.47500610351562,1424.1675251126549,0.0005478598853443706,2023,2023
JAM,Jamaica,2023,17.974998474121094,-76.42500305175781,1428.784126758644,0.0005496358357180826,2023,2023
JAM,Jamaica,2023,17.974998474121094,-76.37500762939453,1270.0253039599788,0.0004885632519649852,2023,2023
JAM,Jamaica,2023,17.974998474121094,-76.32500457763672,857.6970502143454,0.00032994559930965014,2023,2023
JAM,Jamaica,2023,17.974998474121094,-76.2750015258789,2436.340481043104,0.0009372304824171159,2023,2023
JAM,Jamaica,2023,18.024993896484375,-77.82500457763672,1973.1747424602588,0.000759056269088269,2023,2023
JAM,Jamaica,2023,18.024993896484375,-77.7750015258789,3745.0156377109083,0.0014406618615509263,2023,2023
JAM,Jamaica,2023,18.024993896484375,-77.72500610351562,4900.501236438751,0.0018851630852296732,2023,2023
JAM,Jamaica,2023,18.024993896484375,-77.67500305175781,5911.592573702335,0.0022741175967869393,2023,2023
JAM,Jamaica,2023,18.024993896484375,-77.62500762939453,3325.811238884926,0.0012793990397080455,2023,2023
JAM,Jamaica,2023,18.024993896484375,-77.57500457763672,5827.0398597717285,0.0022415911984926705,2023,2023
JAM,Jamaica,2023,18.024993896484375,-77.5250015258789,27708.135192871094,0.010658981827767693,2023,2023
JAM,Jamaica,2023,18.024993896484375,-77.47500610351562,16297.004769086838,0.006269259063144494,2023,2023
JAM,Jamaica,2023,18.024993896484375,-77.42500305175781,7257.469449520111,0.002791860023763597,2023,2023
JAM,Jamaica,2023,18.024993896484375,-77.37500762939453,5278.120037078857,0.002030428434407048,2023,2023
JAM,Jamaica,2023,18.024993896484375,-77.32500457763672,4109.278676092625,0.001580789411803284,2023,2023
JAM,Jamaica,2023,18.024993896484375,-77.2750015258789,1205.8613217100678,0.000463880150195835,2023,2023
JAM,Jamaica,2023,18.024993896484375,-77.22500610351562,2794.671932578087,0.001075076223519595,2023,2023
JAM,Jamaica,2023,18.024993896484375,-77.17500305175781,3097.36716735363,0.0011915193902778728,2023,2023
JAM,Jamaica,2023,18.024993896484375,-77.12500762939453,3604.6157767772766,0.001386651746619131,2023,2023
JAM,Jamaica,2023,18.024993896484375,-77.07500457763672,4523.10854385961,0.0017399847170669414,2023,2023
JAM,Jamaica,2023,18.024993896484375,-77.0250015258789,13118.978202044964,0.005046710985099252,2023,2023
JAM,Jamaica,2023,18.024993896484375,-76.97500610351562,69850.3755531311,0.026870587951914243,2023,2023
JAM,Jamaica,2023,18.024993896484375,-76.92500305175781,22103.14376545016,0.008502809954279628,2023,2023
JAM,Jamaica,2023,18.024993896484375,-76.87500762939453,19009.292098403952,0.007312642934113691,2023,2023
JAM,Jamaica,2023,18.024993896484375,-76.82500457763672,216503.6602783203,0.08328631878285142,2023,2023
JAM,Jamaica,2023,18.024993896484375,-76.7750015258789,82011.62397003174,0.03154887196404305,2023,2023
JAM,Jamaica,2023,18.024993896484375,-76.72500610351562,23940.625421524048,0.009209666747225663,2023,2023
JAM,Jamaica,2023,18.024993896484375,-76.67500305175781,7181.2740483284,0.00276254858179868,2023,2023
JAM,Jamaica,2023,18.024993896484375,-76.62500762939453,3206.932198345661,0.0012336677220285903,2023,2023
JAM,Jamaica,2023,18.024993896484375,-76.57500457763672,325.7813763022575,0.00012532412396790726,2023,2023
JAM,Jamaica,2023,18.024993896484375,-76.5250015258789,12.76116976142844,4.909066439921247e-06,2023,2023
JAM,Jamaica,2023,18.024993896484375,-76.47500610351562,0.0,0.0,2023,2023
JAM,Jamaica,2023,18.024993896484375,-76.42500305175781,287.17159283182195,0.00011047141094623478,2023,2023
JAM,Jamaica,2023,18.024993896484375,-76.37500762939453,198.75719419121742,7.645946962058108e-05,2023,2023
JAM,Jamaica,2023,18.024993896484375,-76.32500457763672,605.9915714263916,0.0002331175700801463,2023,2023
JAM,Jamaica,2023,18.024993896484375,-76.2750015258789,5060.536036014576,0.0019467265216939228,2023,2023
JAM,Jamaica,2023,18.074996948242188,-77.97500610351562,3906.4842675328255,0.0015027768750314862,2023,2023
JAM,Jamaica,2023,18.074996948242188,-77.92500305175781,2981.137201547767,0.0011468071393543424,2023,2023
JAM,Jamaica,2023,18.074996948242188,-77.87500762939453,5217.289729595184,0.0020070277566807166,2023,2023
JAM,Jamaica,2023,18.074996948242188,-77.82500457763672,1031.8331433534747,0.00039693363150338623,2023,2023
JAM,Jamaica,2023,18.074996948242188,-77.7750015258789,5054.643865585338,0.0019444598755593422,2023,2023
JAM,Jamaica,2023,18.074996948242188,-77.72500610351562,4239.314904093742,0.001630812763485644,2023,2023
JAM,Jamaica,2023,18.074996948242188,-77.67500305175781,4824.933314740658,0.0018560930269765508,2023,2023
JAM,Jamaica,2023,18.074996948242188,-77.62500762939453,1757.968318104744,0.0006762689811507364,2023,2023
JAM,Jamaica,2023,18.074996948242188,-77.57500457763672,3135.733893275261,0.0012062786020235563,2023,2023
JAM,Jamaica,2023,18.074996948242188,-77.5250015258789,11452.372224569413,0.004405587982619771,2023,2023
JAM,Jamaica,2023,18.074996948242188,-77.47500610351562,10989.810586929321,0.004227646159559202,2023,2023
JAM,Jamaica,2023,18.074996948242188,-77.42500305175781,4066.991847515106,0.0015645221843545863,2023,2023
JAM,Jamaica,2023,18.074996948242188,-77.37500762939453,3776.8995893001556,0.0014529272290403506,2023,2023
JAM,Jamaica,2023,18.074996948242188,-77.32500457763672,3356.667967557907,0.001291269247064125,2023,2023
JAM,Jamaica,2023,18.074996948242188,-77.2750015258789,7581.151793539709,0.00291637667560099,2023,2023
JAM,Jamaica,2023,18.074996948242188,-77.22500610351562,3203.9896624088287,0.0012325357643251965,2023,2023
JAM,Jamaica,2023,18.074996948242188,-77.17500305175781,3058.805787920952,0.0011766852976994476,2023,2023
JAM,Jamaica,2023,18.074996948242188,-77.12500762939453,4855.520464897156,0.001867859530763684,2023,2023
JAM,Jamaica,2023,18.074996948242188,-77.07500457763672,2981.857823908329,0.001147084353991576,2023,2023
JAM,Jamaica,2023,18.074996948242188,-77.0250015258789,2022.9008907079697,0.0007781853121237454,2023,2023
JAM,Jamaica,2023,18.074996948242188,-76.97500610351562,1773.0274708869226,0.0006820620536447712,2023,2023
JAM,Jamaica,2023,18.074996948242188,-76.92500305175781,3433.4006978571415,0.0013207873929863008,2023,2023
JAM,Jamaica,2023,18.074996948242188,-76.87500762939453,12127.46594452858,0.004665288306838494,2023,2023
JAM,Jamaica,2023,18.074996948242188,-76.82500457763672,29012.48907470703,0.01116075086515295,2023,2023
JAM,Jamaica,2023,18.074996948242188,-76.7750015258789,16985.754728689793,0.006534212776275375,2023,2023
JAM,Jamaica,2023,18.074996948242188,-76.72500610351562,5606.126156330174,0.0021566083898663354,2023,2023
JAM,Jamaica,2023,18.074996948242188,-76.67500305175781,4957.056174040139,0.001906919080281943,2023,2023
JAM,Jamaica,2023,18.074996948242188,-76.62500762939453,384.97083616258186,0.0001480935876165798,2023,2023
JAM,Jamaica,2023,18.074996948242188,-76.57500457763672,18.238469004631042,7.016116686794708e-06,2023,2023
JAM,Jamaica,2023,18.074996948242188,-76.5250015258789,1.2429759502410889,4.781576953392658e-07,2023,2023
JAM,Jamaica,2023,18.074996948242188,-76.47500610351562,347.96810388565063,0.00013385908759800622,2023,2023
JAM,Jamaica,2023,18.074996948242188,-76.42500305175781,2157.134314596653,0.0008298232738973921,2023,2023
JAM,Jamaica,2023,18.074996948242188,-76.37500762939453,1.375702977180481,5.292161645705191e-07,2023,2023
JAM,Jamaica,2023,18.074996948242188,-76.32500457763672,835.193977981953,0.0003212889417495367,2023,2023
JAM,Jamaica,2023,18.125,-78.0250015258789,1103.5073413849386,0.0004245058217290842,2023,2023
JAM,Jamaica,2023,18.125,-77.97500610351562,4119.616480350494,0.0015847662390764525,2023,2023
JAM,Jamaica,2023,18.125,-77.92500305175781,2444.2321882247925,0.0009402663259646573,2023,2023
JAM,Jamaica,2023,18.125,-77.87500762939453,3360.9489703178406,0.0012929160966375492,2023,2023
JAM,Jamaica,2023,18.125,-77.82500457763672,3534.0826040506363,0.0013595184949183278,2023,2023
JAM,Jamaica,2023,18.125,-77.7750015258789,3122.744879961014,0.0012012818869464328,2023,2023
JAM,Jamaica,2023,18.125,-77.72500610351562,2026.7270596625058,0.0007796571926769651,2023,2023
JAM,Jamaica,2023,18.125,-77.67500305175781,922.6376010775663,0.00035492743755744346,2023,2023
JAM,Jamaica,2023,18.125,-77.62500762939453,2344.5819903612137,0.0009019321096499259,2023,2023
JAM,Jamaica,2023,18.125,-77.57500457763672,3219.4601771831512,0.0012384870827628278,2023,2023
JAM,Jamaica,2023,18.125,-77.5250015258789,4981.718636512816,0.001916406428943065,2023,2023
JAM,Jamaica,2023,18.125,-77.47500610351562,9440.884601473808,0.0036317932154110418,2023,2023
JAM,Jamaica,2023,18.125,-77.42500305175781,5142.41063284874,0.001978222680989251,2023,2023
JAM,Jamaica,2023,18.125,-77.37500762939453,4969.720265388671,0.0019117908018398745,2023,2023
JAM,Jamaica,2023,18.125,-77.32500457763672,5289.078528761864,0.0020346440325660665,2023,2023
JAM,Jamaica,2023,18.125,-77.2750015258789,5215.512767791748,0.0020063441811373024,2023,2023
JAM,Jamaica,2023,18.125,-77.22500610351562,4241.323998452508,0.0016315856375932404,2023,2023
JAM,Jamaica,2023,18.125,-77.17500305175781,1949.3952244520187,0.0007499085783989251,2023,2023
JAM,Jamaica,2023,18.125,-77.12500762939453,2460.286430694163,0.0009464421973305377,2023,2023
JAM,Jamaica,2023,18.125,-77.07500457763672,2954.702580139189,0.001136638062754397,2023,2023
JAM,Jamaica,2023,18.125,-77.0250015258789,18198.14975833893,0.007000606364265046,2023,2023
JAM,Jamaica,2023,18.125,-76.97500610351562,5080.638813257217,0.0019544598150327,2023,2023
JAM,Jamaica,2023,18.125,-76.92500305175781,2840.44282181561,0.001092683726631138,2023,2023
JAM,Jamaica,2023,18.125,-76.87500762939453,12929.109405517578,0.004973670773704361,2023,2023
JAM,Jamaica,2023,18.125,-76.82500457763672,16002.880736589432,0.006156113133413856,2023,2023
JAM,Jamaica,2023,18.125,-76.7750015258789,3735.915509581566,0.0014371611531962922,2023,2023
JAM,Jamaica,2023,18.125,-76.72500610351562,1277.282981276909,0.0004913551919528073,2023,2023
JAM,Jamaica,2023,18.125,-76.67500305175781,276.26010823249817,0.0001062738958392606,2023,2023
JAM,Jamaica,2023,18.125,-76.62500762939453,206.841705799311,7.956948268054397e-05,2023,2023
JAM,Jamaica,2023,18.125,-76.57500457763672,189.71278661629185,7.298019628395973e-05,2023,2023
JAM,Jamaica,2023,18.125,-76.5250015258789,1349.844860553764,0.0005192688623321718,2023,2023
JAM,Jamaica,2023,18.125,-76.47500610351562,2785.4648988251447,0.0010715343898748141,2023,2023
JAM,Jamaica,2023,18.125,-76.42500305175781,1328.7839572429657,0.0005111669895751799,2023,2023
JAM,Jamaica,2023,18.125,-76.37500762939453,918.7355288267136,0.00035342635793144333,2023,2023
JAM,Jamaica,2023,18.17499542236328,-78.0250015258789,3211.2600536346436,0.0012353325951987755,2023,2023
JAM,Jamaica,2023,18.17499542236328,-77.97500610351562,3212.222065925598,0.0012357026695995245,2023,2023
JAM,Jamaica,2023,18.17499542236328,-77.92500305175781,4070.252802848816,0.001565776634118211,2023,2023
JAM,Jamaica,2023,18.17499542236328,-77.87500762939453,3367.4933356642723,0.0012954336342060765,2023,2023
JAM,Jamaica,2023,18.17499542236328,-77.82500457763672,712.0118648410033,0.0002739022844975819,2023,2023
JAM,Jamaica,2023,18.17499542236328,-77.7750015258789,3042.200153690297,0.00117029731264484,2023,2023
JAM,Jamaica,2023,18.17499542236328,-77.72500610351562,5203.413793683052,0.002001689853292374,2023,2023
JAM,Jamaica,2023,18.17499542236328,-77.67500305175781,2187.821590513307,0.0008416282948438564,2023,2023
JAM,Jamaica,2023,18.17499542236328,-77.62500762939453,4524.386085510254,0.0017404761717658463,2023,2023
JAM,Jamaica,2023,18.17499542236328,-77.57500457763672,3096.415725708008,0.0011911533822755197,2023,2023
JAM,Jamaica,2023,18.17499542236328,-77.5250015258789,6999.315016746521,0.002692551160552935,2023,2023
JAM,Jamaica,2023,18.17499542236328,-77.47500610351562,29873.640329360962,0.011492025254801417,2023,2023
JAM,Jamaica,2023,18.17499542236328,-77.42500305175781,8462.241997003555,0.0032553213357873452,2023,2023
JAM,Jamaica,2023,18.17499542236328,-77.37500762939453,5078.323562145233,0.001953569166154399,2023,2023
JAM,Jamaica,2023,18.17499542236328,-77.32500457763672,3951.5564017297274,0.0015201155755971993,2023,2023
JAM,Jamaica,2023,18.17499542236328,-77.2750015258789,5410.455493927025,0.002081336271397711,2023,2023
JAM,Jamaica,2023,18.17499542236328,-77.22500610351562,4712.1096778512,0.0018126911492617056,2023,2023
JAM,Jamaica,2023,18.17499542236328,-77.17500305175781,403.0115177038805,0.00015503361787739362,2023,2023
JAM,Jamaica,2023,18.17499542236328,-77.12500762939453,661.65680444242,0.00025453130662452976,2023,2023
JAM,Jamaica,2023,18.17499542236328,-77.07500457763672,10424.773253440857,0.004010283185553884,2023,2023
JAM,Jamaica,2023,18.17499542236328,-77.0250015258789,13267.242225885391,0.005103746347631821,2023,2023
JAM,Jamaica,2023,18.17499542236328,-76.97500610351562,3169.292365432129,0.0012191881371618044,2023,2023
JAM,Jamaica,2023,18.17499542236328,-76.92500305175781,2063.4495291113853,0.0007937838790021809,2023,2023
JAM,Jamaica,2023,18.17499542236328,-76.87500762939453,4280.279595852181,0.0016465713810177847,2023,2023
JAM,Jamaica,2023,18.17499542236328,-76.82500457763672,5119.1767046153545,0.0019692848720351853,2023,2023
JAM,Jamaica,2023,18.17499542236328,-76.7750015258789,35.51557469386104,1.366240862582441e-05,2023,2023
JAM,Jamaica,2023,18.17499542236328,-76.72500610351562,924.0740305185318,0.00035548001445233536,2023,2023
JAM,Jamaica,2023,18.17499542236328,-76.67500305175781,2085.373730778706,0.0008022178521127354,2023,2023
JAM,Jamaica,2023,18.17499542236328,-76.62500762939453,2491.2698508501053,0.0009583611413556575,2023,2023
JAM,Jamaica,2023,18.17499542236328,-76.57500457763672,3575.2325881123543,0.0013753483921407012,2023,2023
JAM,Jamaica,2023,18.17499542236328,-76.5250015258789,4280.381688833237,0.0016466106549430143,2023,2023
JAM,Jamaica,2023,18.17499542236328,-76.47500610351562,11149.42915546894,0.004289049477017961,2023,2023
JAM,Jamaica,2023,18.17499542236328,-76.42500305175781,11270.01713180542,0.00433543820146552,2023,2023
JAM,Jamaica,2023,18.224998474121094,-78.32500457763672,1740.8418745996205,0.0006696806471172585,2023,2023
JAM,Jamaica,2023,18.224998474121094,-78.2750015258789,1926.213797032833,0.0007409909658680614,2023,2023
JAM,Jamaica,2023,18.224998474121094,-78.22500610351562,5810.961766988039,0.002235406152201623,2023,2023
JAM,Jamaica,2023,18.224998474121094,-78.17500305175781,2610.0469735860825,0.001004053252498635,2023,2023
JAM,Jamaica,2023,18.224998474121094,-78.12500762939453,32186.45456981659,0.012381736698333047,2023,2023
JAM,Jamaica,2023,18.224998474121094,-78.07500457763672,3334.8764386177063,0.0012828863115343233,2023,2023
JAM,Jamaica,2023,18.224998474121094,-78.0250015258789,1822.3680198194093,0.0007010427613243978,2023,2023
JAM,Jamaica,2023,18.224998474121094,-77.97500610351562,4200.73290169239,0.0016159707375025779,2023,2023
JAM,Jamaica,2023,18.224998474121094,-77.92500305175781,2848.967715024948,0.0010959631491245497,2023,2023
JAM,Jamaica,2023,18.224998474121094,-77.87500762939453,2621.165201365954,0.0010083302991868266,2023,2023
JAM,Jamaica,2023,18.224998474121094,-77.82500457763672,941.7365604937077,0.0003622745744155854,2023,2023
JAM,Jamaica,2023,18.224998474121094,-77.7750015258789,2070.233561128378,0.000796393613417174,2023,2023
JAM,Jamaica,2023,18.224998474121094,-77.72500610351562,1107.4585438373879,0.00042602580114470804,2023,2023
JAM,Jamaica,2023,18.224998474121094,-77.67500305175781,573.437936410775,0.00022059458354049228,2023,2023
JAM,Jamaica,2023,18.224998474121094,-77.62500762939453,1684.0884250998502,0.0006478482869576753,2023,2023
JAM,Jamaica,2023,18.224998474121094,-77.57500457763672,2685.211750030681,0.0010329682256873514,2023,2023
JAM,Jamaica,2023,18.224998474121094,-77.5250015258789,5452.289166212082,0.002097429175144981,2023,2023
JAM,Jamaica,2023,18.224998474121094,-77.47500610351562,5590.188601493835,0.002150477406810381,2023,2023
JAM,Jamaica,2023,18.224998474121094,-77.42500305175781,3042.312554836273,0.0011703405519954508,2023,2023
JAM,Jamaica,2023,18.224998474121094,-77.37500762939453,3154.117585539818,0.0012133505843280746,2023,2023
JAM,Jamaica,2023,18.224998474121094,-77.32500457763672,1114.833789706377,0.0004288629683212671,2023,2023
JAM,Jamaica,2023,18.224998474121094,-77.2750015258789,792.4820066094398,0.0003048581670503831,2023,2023
JAM,Jamaica,2023,18.224998474121094,-77.22500610351562,1503.0802884102457,0.0005782166633849355,2023,2023
JAM,Jamaica,2023,18.224998474121094,-77.17500305175781,1031.4327770522968,0.00039677961546805943,2023,2023
JAM,Jamaica,2023,18.224998474121094,-77.12500762939453,323.71918034629516,0.00012453082232321362,2023,2023
JAM,Jamaica,2023,18.224998474121094,-77.07500457763672,1062.6343970301953,0.0004087824983046821,2023,2023
JAM,Jamaica,2023,18.224998474121094,-77.0250015258789,3794.7132110595703,0.001459779912171086,2023,2023
JAM,Jamaica,2023,18.224998474121094,-76.97500610351562,4135.903085947037,0.001591031497704692,2023,2023
JAM,Jamaica,2023,18.224998474121094,-76.92500305175781,3073.6464243531227,0.0011823943096174966,2023,2023
JAM,Jamaica,2023,18.224998474121094,-76.87500762939453,4270.981179475784,0.0016429943935917766,2023,2023
JAM,Jamaica,2023,18.224998474121094,-76.82500457763672,2239.749913394451,0.0008616044876148148,2023,2023
JAM,Jamaica,2023,18.224998474121094,-76.7750015258789,1944.672032237271,0.0007480916239328229,2023,2023
JAM,Jamaica,2023,18.224998474121094,-76.72500610351562,2752.458591342009,0.0010588372657552893,2023,2023
JAM,Jamaica,2023,18.224998474121094,-76.67500305175781,8495.26358079911,0.003268024336518029,2023,2023
JAM,Jamaica,2023,18.224998474121094,-76.62500762939453,2523.346830368641,0.0009707007643363377,2023,2023
JAM,Jamaica,2023,18.274993896484375,-78.32500457763672,11081.16669034999,0.004262789738852373,2023,2023
JAM,Jamaica,2023,18.274993896484375,-78.2750015258789,2211.938097328869,0.0008509056210192552,2023,2023
JAM,Jamaica,2023,18.274993896484375,-78.22500610351562,2855.0419965394544,0.0010982998511735757,2023,2023
JAM,Jamaica,2023,18.274993896484375,-78.17500305175781,2671.254017800261,0.0010275988562525157,2023,2023
JAM,Jamaica,2023,18.274993896484375,-78.12500762939453,4622.402856528778,0.0017781820286858643,2023,2023
JAM,Jamaica,2023,18.274993896484375,-78.07500457763672,11114.592253685172,0.004275648145587167,2023,2023
JAM,Jamaica,2023,18.274993896484375,-78.0250015258789,4261.7098762393,0.0016394278362601654,2023,2023
JAM,Jamaica,2023,18.274993896484375,-77.97500610351562,4276.305372536182,0.0016450425457565933,2023,2023
JAM,Jamaica,2023,18.274993896484375,-77.92500305175781,5241.053508814424,0.0020161693928497986,2023,2023
JAM,Jamaica,2023,18.274993896484375,-77.87500762939453,2382.477659965178,0.0009165101117726986,2023,2023
JAM,Jamaica,2023,18.274993896484375,-77.82500457763672,881.4549289644352,0.00033908496564018074,2023,2023
JAM,Jamaica,2023,18.274993896484375,-77.7750015258789,23.301969051361084,8.963983427277574e-06,2023,2023
JAM,Jamaica,2023,18.274993896484375,-77.72500610351562,34.00942844178347,1.3083012523592828e-05,2023,2023
JAM,Jamaica,2023,18.274993896484375,-77.67500305175781,43.97009390607728,1.691475910045005e-05,2023,2023
JAM,Jamaica,2023,18.274993896484375,-77.62500762939453,1049.3665893674038,0.00040367853444036553,2023,2023
JAM,Jamaica,2023,18.274993896484375,-77.57500457763672,3759.037829399109,0.0014460560277533656,2023,2023
JAM,Jamaica,2023,18.274993896484375,-77.5250015258789,6403.406238436699,0.002463312318068658,2023,2023
JAM,Jamaica,2023,18.274993896484375,-77.47500610351562,138.09750366210938,5.3124426156734835e-05,2023,2023
JAM,Jamaica,2023,18.274993896484375,-77.42500305175781,438.18609654918794,0.00016856484955724978,2023,2023
JAM,Jamaica,2023,18.274993896484375,-77.37500762939453,2706.9638918043875,0.001041336009454359,2023,2023
JAM,Jamaica,2023,18.274993896484375,-77.32500457763672,2712.1113354567933,0.001043316168276616,2023,2023
JAM,Jamaica,2023,18.274993896484375,-77.2750015258789,1647.3438489437399,0.0006337130964516836,2023,2023
JAM,Jamaica,2023,18.274993896484375,-77.22500610351562,1336.4973133206367,0.0005141342236272265,2023,2023
JAM,Jamaica,2023,18.274993896484375,-77.17500305175781,899.6506868899673,0.00034608465189552305,2023,2023
JAM,Jamaica,2023,18.274993896484375,-77.12500762939453,4685.442716956139,0.0018024326944936857,2023,2023
JAM,Jamaica,2023,18.274993896484375,-77.07500457763672,1295.6310946941524,0.0004984134875084945,2023,2023
JAM,Jamaica,2023,18.274993896484375,-77.0250015258789,2980.749380916357,0.0011466579494852352,2023,2023
JAM,Jamaica,2023,18.274993896484375,-76.97500610351562,4410.567154884338,0.0016966914166838903,2023,2023
JAM,Jamaica,2023,18.274993896484375,-76.92500305175781,3922.8376824858296,0.0015090678344047055,2023,2023
JAM,Jamaica,2023,18.274993896484375,-76.87500762939453,9639.638689756393,0.003708251490226435,2023,2023
JAM,Jamaica,2023,18.274993896484375,-76.82500457763672,2999.095891684319,0.001153715628521281,2023,2023
JAM,Jamaica,2023,18.274993896484375,-76.7750015258789,6401.012878388184,0.0024623916216346734,2023,2023
JAM,Jamaica,2023,18.324996948242188,-78.32500457763672,1134.8437456589527,0.0004365605544413107,2023,2023
JAM,Jamaica,2023,18.324996948242188,-78.2750015258789,2631.896990946494,0.0010124586878106786,2023,2023
JAM,Jamaica,2023,18.324996948242188,-78.22500610351562,1502.0696950554848,0.0005778279004411763,2023,2023
JAM,Jamaica,2023,18.324996948242188,-78.17500305175781,7978.56859177351,0.003069258073101663,2023,2023
JAM,Jamaica,2023,18.324996948242188,-78.12500762939453,4021.1888766884804,0.0015469023398468119,2023,2023
JAM,Jamaica,2023,18.324996948242188,-78.07500457763672,3116.441317796707,0.001198856983426515,2023,2023
JAM,Jamaica,2023,18.324996948242188,-78.0250015258789,2575.162894800371,0.000990633772650313,2023,2023
JAM,Jamaica,2023,18.324996948242188,-77.97500610351562,4219.878181815147,0.001623335693371874,2023,2023
JAM,Jamaica,2023,18.324996948242188,-77.92500305175781,4658.339212656021,0.0017920063067995004,2023,2023
JAM,Jamaica,2023,18.324996948242188,-77.87500762939453,1247.2911008601736,0.0004798176811778198,2023,2023
JAM,Jamaica,2023,18.324996948242188,-77.82500457763672,2290.0562414824963,0.0008809567187620829,2023,2023
JAM,Jamaica,2023,18.324996948242188,-77.7750015258789,1187.5125780107242,0.0004568216121783075,2023,2023
JAM,Jamaica,2023,18.324996948242188,-77.72500610351562,0.9083960056304932,3.494488694036462e-07,2023,2023
JAM,Jamaica,2023,18.324996948242188,-77.67500305175781,0.0,0.0,2023,2023
JAM,Jamaica,2023,18.324996948242188,-77.62500762939453,0.4964500069618225,1.909782656164705e-07,2023,2023
JAM,Jamaica,2023,18.324996948242188,-77.57500457763672,462.81157636642456,0.00017803797144166724,2023,2023
JAM,Jamaica,2023,18.324996948242188,-77.5250015258789,1563.4245306553435,0.0006014303577394511,2023,2023
JAM,Jamaica,2023,18.324996948242188,-77.47500610351562,191.78943809866905,7.377905879344251e-05,2023,2023
JAM,Jamaica,2023,18.324996948242188,-77.42500305175781,2104.5259313732386,0.0008095854702031585,2023,2023
JAM,Jamaica,2023,18.324996948242188,-77.37500762939453,5487.75784444809,0.002111073543275169,2023,2023
JAM,Jamaica,2023,18.324996948242188,-77.32500457763672,2843.3609836699497,0.0010938063079221334,2023,2023
JAM,Jamaica,2023,18.324996948242188,-77.2750015258789,1129.2625069619849,0.00043441351995366604,2023,2023
JAM,Jamaica,2023,18.324996948242188,-77.22500610351562,499.8394862413585,0.0001922821569752605,2023,2023
JAM,Jamaica,2023,18.324996948242188,-77.17500305175781,4931.142152428627,0.0018969502720774648,2023,2023
JAM,Jamaica,2023,18.324996948242188,-77.12500762939453,3813.4429534675446,0.0014669850157471916,2023,2023
JAM,Jamaica,2023,18.324996948242188,-77.07500457763672,2448.279343366623,0.0009418232172101579,2023,2023
JAM,Jamaica,2023,18.324996948242188,-77.0250015258789,3193.455624639988,0.0012284834484125767,2023,2023
JAM,Jamaica,2023,18.324996948242188,-76.97500610351562,4023.5649914741516,0.0015478164022384115,2023,2023
JAM,Jamaica,2023,18.324996948242188,-76.92500305175781,5485.047431111336,0.0021100308803062937,2023,2023
JAM,Jamaica,2023,18.324996948242188,-76.87500762939453,7805.44680929184,0.0030026602338527175,2023,2023
JAM,Jamaica,2023,18.324996948242188,-76.82500457763672,2980.4073972704173,0.0011465263925456543,2023,2023
JAM,Jamaica,2023,18.375,-78.2750015258789,5414.530827522402,0.0020829040025507773,2023,2023
JAM,Jamaica,2023,18.375,-78.22500610351562,4837.633132979274,0.0018609784922335628,2023,2023
JAM,Jamaica,2023,18.375,-78.17500305175781,2392.3832299411297,0.0009203206637868419,2023,2023
JAM,Jamaica,2023,18.375,-78.12500762939453,2204.6749279499054,0.0008481115683021208,2023,2023
JAM,Jamaica,2023,18.375,-78.07500457763672,1409.1990886330993,0.0005421017103060617,2023,2023
JAM,Jamaica,2023,18.375,-78.0250015258789,1878.798785925028,0.0007227509891159799,2023,2023
JAM,Jamaica,2023,18.375,-77.97500610351562,2527.8525228500366,0.0009724340493064884,2023,2023
JAM,Jamaica,2023,18.375,-77.92500305175781,4156.1954135894775,0.0015988377087715246,2023,2023
JAM,Jamaica,2023,18.375,-77.87500762939453,2372.144187927246,0.0009125349510517273,2023,2023
JAM,Jamaica,2023,18.375,-77.82500457763672,2796.1119105815887,0.0010756301655032354,2023,2023
JAM,Jamaica,2023,18.375,-77.7750015258789,342.18503350019455,0.00013163441092026512,2023,2023
JAM,Jamaica,2023,18.375,-77.72500610351562,2986.197276830673,0.0011487536886299326,2023,2023
JAM,Jamaica,2023,18.375,-77.67500305175781,1167.3081741929054,0.0004490492243349561,2023,2023
JAM,Jamaica,2023,18.375,-77.62500762939453,872.0989956260482,0.00033548585214006576,2023,2023
JAM,Jamaica,2023,18.375,-77.57500457763672,74.89648246765137,2.8811763766470068e-05,2023,2023
JAM,Jamaica,2023,18.375,-77.5250015258789,168.28080707788467,6.473557502587714e-05,2023,2023
JAM,Jamaica,2023,18.375,-77.47500610351562,1300.6774760186672,0.00050035476888523,2023,2023
JAM,Jamaica,2023,18.375,-77.42500305175781,2112.8863441944122,0.0008128016190963707,2023,2023
JAM,Jamaica,2023,18.375,-77.37500762939453,13135.011172771454,0.005052878673484963,2023,2023
JAM,Jamaica,2023,18.375,-77.32500457763672,2937.8170214891434,0.001130142394188118,2023,2023
JAM,Jamaica,2023,18.375,-77.2750015258789,4423.858864844262,0.0017018045754705283,2023,2023
JAM,Jamaica,2023,18.375,-77.22500610351562,2525.6280351877213,0.0009715783160208065,2023,2023
JAM,Jamaica,2023,18.375,-77.17500305175781,2350.9298134446144,0.0009043740398058485,2023,2023
JAM,Jamaica,2023,18.375,-77.12500762939453,5104.54918479929,0.001963657843481316,2023,2023
JAM,Jamaica,2023,18.375,-77.07500457763672,10738.553406476974,0.0041309905852343455,2023,2023
JAM,Jamaica,2023,18.375,-77.0250015258789,6611.38553237915,0.002543319417039898,2023,2023
JAM,Jamaica,2023,18.375,-76.97500610351562,4898.222916364815,0.0018842866432714944,2023,2023
JAM,Jamaica,2023,18.375,-76.92500305175781,8488.656344414398,0.0032654826132275157,2023,2023
JAM,Jamaica,2023,18.42499542236328,-78.22500610351562,3251.0458850860596,0.00125063771954191,2023,2023
JAM,Jamaica,2023,18.42499542236328,-78.17500305175781,12221.296878576279,0.004701383923304023,2023,2023
JAM,Jamaica,2023,18.42499542236328,-78.12500762939453,2451.016794264328,0.0009428762811991249,2023,2023
JAM,Jamaica,2023,18.42499542236328,-78.07500457763672,7847.871313869953,0.0030189804235804807,2023,2023
JAM,Jamaica,2023,18.42499542236328,-78.0250015258789,6092.546588123108,0.002343728400182647,2023,2023
JAM,Jamaica,2023,18.42499542236328,-77.97500610351562,4635.72989076376,0.0017833087762904904,2023,2023
JAM,Jamaica,2023,18.42499542236328,-77.92500305175781,18711.796677589417,0.00719820007239696,2023,2023
JAM,Jamaica,2023,18.42499542236328,-77.87500762939453,13790.146311403088,0.005304901174775606,2023,2023
JAM,Jamaica,2023,18.42499542236328,-77.82500457763672,3578.9826889038086,0.0013767910101989058,2023,2023
JAM,Jamaica,2023,18.42499542236328,-77.7750015258789,4373.81479513646,0.0016825532319250326,2023,2023
JAM,Jamaica,2023,18.42499542236328,-77.72500610351562,6238.952623486519,0.002400049017198245,2023,2023
JAM,Jamaica,2023,18.42499542236328,-77.67500305175781,587.655010617028,0.0002260637186718765,2023,2023
JAM,Jamaica,2023,18.42499542236328,-77.62500762939453,1299.2341635824139,0.0004997995441859592,2023,2023
JAM,Jamaica,2023,18.42499542236328,-77.57500457763672,1986.7966743707846,0.0007642964602336744,2023,2023
JAM,Jamaica,2023,18.42499542236328,-77.5250015258789,3199.869273662669,0.0012309507010048776,2023,2023
JAM,Jamaica,2023,18.42499542236328,-77.47500610351562,3801.2509536743164,0.0014622949020554697,2023,2023
JAM,Jamaica,2023,18.42499542236328,-77.42500305175781,3567.8096511960116,0.0013724928787996115,2023,2023
JAM,Jamaica,2023,18.42499542236328,-77.37500762939453,4815.405464172372,0.0018524277790138814,2023,2023
JAM,Jamaica,2023,18.42499542236328,-77.32500457763672,5558.955730080609,0.0021384625019275636,2023,2023
JAM,Jamaica,2023,18.42499542236328,-77.2750015258789,4115.473362803459,0.0015831724322635163,2023,2023
JAM,Jamaica,2023,18.42499542236328,-77.22500610351562,14856.651073515415,0.005715172555345013,2023,2023
JAM,Jamaica,2023,18.42499542236328,-77.17500305175781,14802.278294980533,0.0056942560102836316,2023,2023
JAM,Jamaica,2023,18.474998474121094,-77.92500305175781,50624.192962646484,0.019474509889539082,2023,2023
JAM,Jamaica,2023,18.474998474121094,-77.87500762939453,44213.782121896744,0.01700850298635144,2023,2023
JAM,Jamaica,2023,18.474998474121094,-77.82500457763672,2104.8284251093864,0.000809701835855851,2023,2023
JAM,Jamaica,2023,18.474998474121094,-77.7750015258789,4979.952390789986,0.0019157269757452233,2023,2023
JAM,Jamaica,2023,18.474998474121094,-77.72500610351562,3876.5743968492943,0.001491270912401108,2023,2023
JAM,Jamaica,2023,18.474998474121094,-77.67500305175781,11106.935854077467,0.004272702821994778,2023,2023
JAM,Jamaica,2023,18.474998474121094,-77.62500762939453,8768.753102302551,0.00337323242141795,2023,2023
JAM,Jamaica,2023,18.474998474121094,-77.57500457763672,4275.426640152931,0.0016447045081210993,2023,2023
JAM,Jamaica,2023,18.474998474121094,-77.5250015258789,5277.924683570862,0.0020303532842940136,2023,2023
JAM,Jamaica,2023,18.474998474121094,-77.47500610351562,1067.7670939266682,0.0004107569842297046,2023,2023
JAM,Jamaica,2024,17.724998474121094,-77.22500610351562,37.83134477213025,1.4552888691651026e-05,2024,2024
JAM,Jamaica,2024,17.724998474121094,-77.17500305175781,33.35101294523083,1.2829403291614126e-05,2024,2024
JAM,Jamaica,2024,17.774993896484375,-77.2750015258789,2917.771748645032,0.0011224028049078554,2024,2024
JAM,Jamaica,2024,17.774993896484375,-77.22500610351562,4541.507013231545,0.001747018152645743,2024,2024
JAM,Jamaica,2024,17.824996948242188,-77.32500457763672,793.8265467288194,0.0003053676638936911,2024,2024
JAM,Jamaica,2024,17.824996948242188,-77.2750015258789,6831.359913945286,0.002627874347027988,2024,2024
JAM,Jamaica,2024,17.824996948242188,-77.22500610351562,4566.312336534262,0.0017565602165390357,2024,2024
JAM,Jamaica,2024,17.824996948242188,-77.17500305175781,1361.4554000497587,0.0005237220356535504,2024,2024
JAM,Jamaica,2024,17.875,-77.72500610351562,3438.414806516608,0.0013226827715578282,2024,2024
JAM,Jamaica,2024,17.875,-77.67500305175781,6348.095412880182,0.0024419730914689275,2024,2024
JAM,Jamaica,2024,17.875,-77.62500762939453,6912.930833518505,0.0026592528909358216,2024,2024
JAM,Jamaica,2024,17.875,-77.57500457763672,7907.17910194397,0.003041718395913635,2024,2024
JAM,Jamaica,2024,17.875,-77.5250015258789,3121.5007477998743,0.0012007728831014818,2024,2024
JAM,Jamaica,2024,17.875,-77.47500610351562,2048.4724818468094,0.0007880024407218052,2024,2024
JAM,Jamaica,2024,17.875,-77.42500305175781,405.0253964960575,0.00015580438781655938,2024,2024
JAM,Jamaica,2024,17.875,-77.37500762939453,3025.227695494923,0.0011637387511498312,2024,2024
JAM,Jamaica,2024,17.875,-77.32500457763672,4556.0339431762695,0.001752606344019599,2024,2024
JAM,Jamaica,2024,17.875,-77.2750015258789,2519.2109484374523,0.0009690852055147407,2024,2024
JAM,Jamaica,2024,17.875,-77.22500610351562,10427.537557125095,0.00401124502210782,2024,2024
JAM,Jamaica,2024,17.875,-77.17500305175781,572.1542898798361,0.00022009520796114783,2024,2024
JAM,Jamaica,2024,17.875,-77.0250015258789,8.978407830002109,3.4537965955290376e-06,2024,2024
JAM,Jamaica,2024,17.875,-76.97500610351562,3.317775011093637,1.2762752878918651e-06,2024,2024
JAM,Jamaica,2024,17.875,-76.92500305175781,3264.7880353930113,0.0012558923603453274,2024,2024
JAM,Jamaica,2024,17.875,-76.57500457763672,11329.208826065296,0.0043580981855992,2024,2024
JAM,Jamaica,2024,17.875,-76.5250015258789,1745.6024809479713,0.0006714949933215196,2024,2024
JAM,Jamaica,2024,17.875,-76.47500610351562,3177.9151051944245,0.0012224742492231197,2024,2024
JAM,Jamaica,2024,17.875,-76.42500305175781,7778.041765213135,0.0029920420944577965,2024,2024
JAM,Jamaica,2024,17.875,-76.37500762939453,10504.671492993832,0.004040916755687685,2024,2024
JAM,Jamaica,2024,17.92499542236328,-77.7750015258789,2989.765560269356,0.0011500972454139278,2024,2024
JAM,Jamaica,2024,17.92499542236328,-77.72500610351562,3729.2975449562073,0.0014345789819709628,2024,2024
JAM,Jamaica,2024,17.92499542236328,-77.67500305175781,4574.016561508179,0.0017595238629326856,2024,2024
JAM,Jamaica,2024,17.92499542236328,-77.62500762939453,8402.86374092102,0.003232397406153536,2024,2024
JAM,Jamaica,2024,17.92499542236328,-77.57500457763672,8845.173777580261,0.0034025443773879277,2024,2024
JAM,Jamaica,2024,17.92499542236328,-77.5250015258789,2935.667501449585,0.001129286908557531,2024,2024
JAM,Jamaica,2024,17.92499542236328,-77.47500610351562,3468.192132472992,0.0013341374558358638,2024,2024
JAM,Jamaica,2024,17.92499542236328,-77.42500305175781,5374.333273410797,0.002067388151039278,2024,2024
JAM,Jamaica,2024,17.92499542236328,-77.37500762939453,1554.9236684143543,0.0005981450357302111,2024,2024
JAM,Jamaica,2024,17.92499542236328,-77.32500457763672,3234.150631070137,0.0012441068227812397,2024,2024
JAM,Jamaica,2024,17.92499542236328,-77.2750015258789,2726.911052823313,0.0010489828808043185,2024,2024
JAM,Jamaica,2024,17.92499542236328,-77.22500610351562,16627.568010807037,0.006396260770840857,2024,2024
JAM,Jamaica,2024,17.92499542236328,-77.17500305175781,21802.471036911185,0.00838693247925079,2024,2024
JAM,Jamaica,2024,17.92499542236328,-77.12500762939453,27733.689727306395,0.01066854223769505,2024,2024
JAM,Jamaica,2024,17.92499542236328,-77.07500457763672,11954.708771843463,0.004598714297513079,2024,2024
JAM,Jamaica,2024,17.92499542236328,-77.0250015258789,667.1596156843599,0.00025664167332935267,2024,2024
JAM,Jamaica,2024,17.92499542236328,-76.97500610351562,1252.8221164559945,0.0004819331937852261,2024,2024
JAM,Jamaica,2024,17.92499542236328,-76.92500305175781,38429.93640232086,0.014783153764658299,2024,2024
JAM,Jamaica,2024,17.92499542236328,-76.62500762939453,2787.193270087242,0.001072172127795458,2024,2024
JAM,Jamaica,2024,17.92499542236328,-76.57500457763672,3159.8205327540636,0.0012155136640196675,2024,2024
JAM,Jamaica,2024,17.92499542236328,-76.5250015258789,1571.3081778883934,0.0006044477972122361,2024,2024
JAM,Jamaica,2024,17.92499542236328,-76.47500610351562,6586.381972028119,0.0025336367051438788,2024,2024
JAM,Jamaica,2024,17.92499542236328,-76.42500305175781,5486.074568033301,0.0021103725765916114,2024,2024
JAM,Jamaica,2024,17.92499542236328,-76.37500762939453,3026.140977859497,0.0011640900708471814,2024,2024
JAM,Jamaica,2024,17.92499542236328,-76.32500457763672,2755.335819870292,0.0010599172653315515,2024,2024
JAM,Jamaica,2024,17.92499542236328,-76.2750015258789,5337.910551965237,0.0020533771288502194,2024,2024
JAM,Jamaica,2024,17.92499542236328,-76.22500610351562,1062.0388841331505,0.0004085430681909302,2024,2024
JAM,Jamaica,2024,17.974998474121094,-77.82500457763672,1769.5106102228165,0.0006806919263477741,2024,2024
JAM,Jamaica,2024,17.974998474121094,-77.7750015258789,3217.9051666857576,0.001237857548895945,2024,2024
JAM,Jamaica,2024,17.974998474121094,-77.72500610351562,4134.656076967716,0.0015905115197146474,2024,2024
JAM,Jamaica,2024,17.974998474121094,-77.67500305175781,2914.509328842163,0.0011211478235546267,2024,2024
JAM,Jamaica,2024,17.974998474121094,-77.62500762939453,3579.5789798498154,0.0013769855333058193,2024,2024
JAM,Jamaica,2024,17.974998474121094,-77.57500457763672,6925.260652542114,0.0026639959019210133,2024,2024
JAM,Jamaica,2024,17.974998474121094,-77.5250015258789,7727.734353065491,0.0029726899362472058,2024,2024
JAM,Jamaica,2024,17.974998474121094,-77.47500610351562,7414.633449554443,0.002852246884975913,2024,2024
JAM,Jamaica,2024,17.974998474121094,-77.42500305175781,3188.877106905001,0.00122669109088425,2024,2024
JAM,Jamaica,2024,17.974998474121094,-77.37500762939453,2543.905727982521,0.0009785847456486932,2024,2024
JAM,Jamaica,2024,17.974998474121094,-77.32500457763672,8061.764344453812,0.0031011839486495478,2024,2024
JAM,Jamaica,2024,17.974998474121094,-77.2750015258789,23915.308877944946,0.009199694862118133,2024,2024
JAM,Jamaica,2024,17.974998474121094,-77.22500610351562,33413.006303071976,0.012853250776859972,2024,2024
JAM,Jamaica,2024,17.974998474121094,-77.17500305175781,3919.110051751164,0.0015075956907427118,2024,2024
JAM,Jamaica,2024,17.974998474121094,-77.12500762939453,11038.620146856643,0.004246315093323486,2024,2024
JAM,Jamaica,2024,17.974998474121094,-77.07500457763672,3381.904342368794,0.0013009444352758328,2024,2024
JAM,Jamaica,2024,17.974998474121094,-77.0250015258789,4261.4302328825,0.0016392787573351558,2024,2024
JAM,Jamaica,2024,17.974998474121094,-76.97500610351562,56740.78564423323,0.021826935910712532,2024,2024
JAM,Jamaica,2024,17.974998474121094,-76.92500305175781,50980.431752204895,0.019611054093131384,2024,2024
JAM,Jamaica,2024,17.974998474121094,-76.87500762939453,132993.08145928383,0.0511595218963096,2024,2024
JAM,Jamaica,2024,17.974998474121094,-76.7750015258789,133967.07174527645,0.05153419459970348,2024,2024
JAM,Jamaica,2024,17.974998474121094,-76.72500610351562,26908.035448908828,0.010350931143411218,2024,2024
JAM,Jamaica,2024,17.974998474121094,-76.67500305175781,2343.4417487068004,0.0009014706490006102,2024,2024
JAM,Jamaica,2024,17.974998474121094,-76.62500762939453,1461.9925434591769,0.0005623964699414815,2024,2024
JAM,Jamaica,2024,17.974998474121094,-76.57500457763672,1890.038666009903,0.0007270564262262648,2024,2024
JAM,Jamaica,2024,17.974998474121094,-76.5250015258789,3349.9261848932993,0.0012886431393766768,2024,2024
JAM,Jamaica,2024,17.974998474121094,-76.47500610351562,1424.2064488530418,0.0005478609879963518,2024,2024
JAM,Jamaica,2024,17.974998474121094,-76.42500305175781,1428.8228098154755,0.0005496368008217068,2024,2024
JAM,Jamaica,2024,17.974998474121094,-76.37500762939453,1270.0568596125972,0.0004885630215192908,2024,2024
JAM,Jamaica,2024,17.974998474121094,-76.32500457763672,857.7139809136938,0.00032994375877183537,2024,2024
JAM,Jamaica,2024,17.974998474121094,-76.2750015258789,2436.402094245199,0.0009372304553068969,2024,2024
JAM,Jamaica,2024,18.024993896484375,-77.82500457763672,1973.2274094820102,0.0007590573115090883,2024,2024
JAM,Jamaica,2024,18.024993896484375,-77.7750015258789,3745.113745957831,0.0014406631276466663,2024,2024
JAM,Jamaica,2024,18.024993896484375,-77.72500610351562,4900.629949331284,0.0018851648705897615,2024,2024
JAM,Jamaica,2024,18.024993896484375,-77.67500305175781,5911.74395185709,0.0022741182536100725,2024,2024
JAM,Jamaica,2024,18.024993896484375,-77.62500762939453,3325.896043896675,0.0012793992711167736,2024,2024
JAM,Jamaica,2024,18.024993896484375,-77.57500457763672,5827.194978713989,0.002241594117802683,2024,2024
JAM,Jamaica,2024,18.024993896484375,-77.5250015258789,27708.85245513916,0.010658987883774217,2024,2024
JAM,Jamaica,2024,18.024993896484375,-77.47500610351562,16297.423318743706,0.006269261347884142,2024,2024
JAM,Jamaica,2024,18.024993896484375,-77.42500305175781,7257.652785420418,0.002791859866072823,2024,2024
JAM,Jamaica,2024,18.024993896484375,-77.37500762939453,5278.253254890442,0.002030428274951327,2024,2024
JAM,Jamaica,2024,18.024993896484375,-77.32500457763672,4109.381066262722,0.001580788777377953,2024,2024
JAM,Jamaica,2024,18.024993896484375,-77.2750015258789,1205.889980740863,0.0004638794303983394,2024,2024
JAM,Jamaica,2024,18.024993896484375,-77.22500610351562,2794.743444263935,0.001075076514225753,2024,2024
JAM,Jamaica,2024,18.024993896484375,-77.17500305175781,3097.438586831093,0.0011915166974604883,2024,2024
JAM,Jamaica,2024,18.024993896484375,-77.12500762939453,3604.7018957138152,0.0013866497680926262,2024,2024
JAM,Jamaica,2024,18.024993896484375,-77.07500457763672,4523.218839849306,0.0017399830934056231,2024,2024
JAM,Jamaica,2024,18.024993896484375,-77.0250015258789,13119.355134993792,0.005046728212697742,2024,2024
JAM,Jamaica,2024,18.024993896484375,-76.97500610351562,69852.12791728973,0.02687058175114523,2024,2024
JAM,Jamaica,2024,18.024993896484375,-76.92500305175781,22103.718922615688,0.008502815934508835,2024,2024
JAM,Jamaica,2024,18.024993896484375,-76.87500762939453,19009.80417913296,0.007312654782306504,2024,2024
JAM,Jamaica,2024,18.024993896484375,-76.82500457763672,216509.14611816406,0.08328632046152423,2024,2024
JAM,Jamaica,2024,18.024993896484375,-76.7750015258789,82013.70844268799,0.031548875075548925,2024,2024
JAM,Jamaica,2024,18.024993896484375,-76.72500610351562,23941.246483802795,0.009209672490279406,2024,2024
JAM,Jamaica,2024,18.024993896484375,-76.67500305175781,7181.452889919281,0.002762547437338849,2024,2024
JAM,Jamaica,2024,18.024993896484375,-76.62500762939453,3207.00853651762,0.0012336658542335913,2024,2024
JAM,Jamaica,2024,18.024993896484375,-76.57500457763672,325.7894703149948,0.0001253240646602342,2024,2024
JAM,Jamaica,2024,18.024993896484375,-76.5250015258789,12.76123842597922,4.908968568246806e-06,2024,2024
JAM,Jamaica,2024,18.024993896484375,-76.47500610351562,0.0,0.0,2024,2024
JAM,Jamaica,2024,18.024993896484375,-76.42500305175781,287.1790901424604,0.00011047149813431045,2024,2024
JAM,Jamaica,2024,18.024993896484375,-76.37500762939453,198.76127496361732,7.645910363955823e-05,2024,2024
JAM,Jamaica,2024,18.024993896484375,-76.32500457763672,606.0078175067902,0.00023311791763066332,2024,2024
JAM,Jamaica,2024,18.024993896484375,-76.2750015258789,5060.663538336773,0.0019467262827401965,2024,2024
JAM,Jamaica,2024,18.074996948242188,-77.97500610351562,3906.5823026895523,0.0015027765404125105,2024,2024
JAM,Jamaica,2024,18.074996948242188,-77.92500305175781,2981.212698519374,0.001146807147063148,2024,2024
JAM,Jamaica,2024,18.074996948242188,-77.87500762939453,5217.432327032089,0.0020070317978084476,2024,2024
JAM,Jamaica,2024,18.074996948242188,-77.82500457763672,1031.8617727756625,0.00039693459523639207,2024,2024
JAM,Jamaica,2024,18.074996948242188,-77.7750015258789,5054.775343179714,0.0019444612231915195,2024,2024
JAM,Jamaica,2024,18.074996948242188,-77.72500610351562,4239.425064086914,0.0016308138514733092,2024,2024
JAM,Jamaica,2024,18.074996948242188,-77.67500305175781,4825.057657927275,0.0018560938673885812,2024,2024
JAM,Jamaica,2024,18.074996948242188,-77.62500762939453,1758.0099912285805,0.0006762678904295082,2024,2024
JAM,Jamaica,2024,18.074996948242188,-77.57500457763672,3135.813155412674,0.0012062785524387255,2024,2024
JAM,Jamaica,2024,18.074996948242188,-77.5250015258789,11452.661090374086,0.004405587564368036,2024,2024
JAM,Jamaica,2024,18.074996948242188,-77.47500610351562,10990.088620185852,0.004227646079310634,2024,2024
JAM,Jamaica,2024,18.074996948242188,-77.42500305175781,4067.0987861156464,0.0015645237114566672,2024,2024
JAM,Jamaica,2024,18.074996948242188,-77.37500762939453,3776.9952849149704,0.0014529272565206573,2024,2024
JAM,Jamaica,2024,18.074996948242188,-77.32500457763672,3356.754452288151,0.0012912698240994285,2024,2024
JAM,Jamaica,2024,18.074996948242188,-77.2750015258789,7581.33991080541,0.002916375204742954,2024,2024
JAM,Jamaica,2024,18.074996948242188,-77.22500610351562,3204.0749254226685,0.0012325373583795165,2024,2024
JAM,Jamaica,2024,18.074996948242188,-77.17500305175781,3058.8779096603394,0.0011766832505893617,2024,2024
JAM,Jamaica,2024,18.074996948242188,-77.12500762939453,4855.631046295166,0.0018678547794186583,2024,2024
JAM,Jamaica,2024,18.074996948242188,-77.07500457763672,2981.9262761473656,0.001147081644727864,2024,2024
JAM,Jamaica,2024,18.074996948242188,-77.0250015258789,2022.951335310936,0.0007781850153287356,2024,2024
JAM,Jamaica,2024,18.074996948242188,-76.97500610351562,1773.0696713330515,0.0006820610191065964,2024,2024
JAM,Jamaica,2024,18.074996948242188,-76.92500305175781,3433.477259904146,0.0013207834056565152,2024,2024
JAM,Jamaica,2024,18.074996948242188,-76.87500762939453,12127.777860164642,0.004665290180381485,2024,2024
JAM,Jamaica,2024,18.074996948242188,-76.82500457763672,29013.223443984985,0.011160750798299954,2024,2024
JAM,Jamaica,2024,18.074996948242188,-76.7750015258789,16986.179602041844,0.00653421078562914,2024,2024
JAM,Jamaica,2024,18.074996948242188,-76.72500610351562,5606.266353845662,0.0021566077207852328,2024,2024
JAM,Jamaica,2024,18.074996948242188,-76.67500305175781,4957.164804339707,0.0019069125895009413,2024,2024
JAM,Jamaica,2024,18.074996948242188,-76.62500762939453,384.97920572759193,0.00014809305784131637,2024,2024
JAM,Jamaica,2024,18.074996948242188,-76.57500457763672,18.238814115524292,7.01607181266458e-06,2024,2024
JAM,Jamaica,2024,18.074996948242188,-76.5250015258789,1.242987036705017,4.781498542885311e-07,2024,2024
JAM,Jamaica,2024,18.074996948242188,-76.47500610351562,347.9757424592972,0.00013385863700873202,2024,2024
JAM,Jamaica,2024,18.074996948242188,-76.42500305175781,2157.184304535389,0.000829821494857541,2024,2024
JAM,Jamaica,2024,18.074996948242188,-76.37500762939453,1.375702977180481,5.292027661260727e-07,2024,2024
JAM,Jamaica,2024,18.074996948242188,-76.32500457763672,835.2137039603275,0.00032128839565942274,2024,2024
JAM,Jamaica,2024,18.125,-78.0250015258789,1103.5391006470236,0.00042450729138319515,2024,2024
JAM,Jamaica,2024,18.125,-77.97500610351562,4119.720252752304,0.001584766035681918,2024,2024
JAM,Jamaica,2024,18.125,-77.92500305175781,2444.2941377162933,0.0009402663513575475,2024,2024
JAM,Jamaica,2024,18.125,-77.87500762939453,3361.0305314064026,0.0012929147379617148,2024,2024
JAM,Jamaica,2024,18.125,-77.82500457763672,3534.174656867981,0.0013595194859724667,2024,2024
JAM,Jamaica,2024,18.125,-77.7750015258789,3122.8179780244827,0.001201279592682002,2024,2024
JAM,Jamaica,2024,18.125,-77.72500610351562,2026.7780987920014,0.0007796570873188978,2024,2024
JAM,Jamaica,2024,18.125,-77.67500305175781,922.6592154204942,0.00035492676623624116,2024,2024
JAM,Jamaica,2024,18.125,-77.62500762939453,2344.635702610016,0.000901929936883743,2024,2024
JAM,Jamaica,2024,18.125,-77.57500457763672,3219.5406781435013,0.001238486694286938,2024,2024
JAM,Jamaica,2024,18.125,-77.5250015258789,4981.84467792517,0.0019164063956391213,2024,2024
JAM,Jamaica,2024,18.125,-77.47500610351562,9441.132260799408,0.0036317965365002475,2024,2024
JAM,Jamaica,2024,18.125,-77.42500305175781,5142.54519367218,0.001978224359881302,2024,2024
JAM,Jamaica,2024,18.125,-77.37500762939453,4969.84840321559,0.001911791691836903,2024,2024
JAM,Jamaica,2024,18.125,-77.32500457763672,5289.2052854299545,0.0020346412809216174,2024,2024
JAM,Jamaica,2024,18.125,-77.2750015258789,5215.6394872665405,0.0020063421316676546,2024,2024
JAM,Jamaica,2024,18.125,-77.22500610351562,4241.427150489175,0.001631584010206462,2024,2024
JAM,Jamaica,2024,18.125,-77.17500305175781,1949.4422769546509,0.0007499076926342704,2024,2024
JAM,Jamaica,2024,18.125,-77.12500762939453,2460.348237492144,0.0009464420114745711,2024,2024
JAM,Jamaica,2024,18.125,-77.07500457763672,2954.7822891922287,0.0011366399482144285,2024,2024
JAM,Jamaica,2024,18.125,-77.0250015258789,18198.605040550232,0.00700060426330792,2024,2024
JAM,Jamaica,2024,18.125,-76.97500610351562,5080.763492107391,0.001954458294163344,2024,2024
JAM,Jamaica,2024,18.125,-76.92500305175781,2840.501000121236,0.0010926784424998932,2024,2024
JAM,Jamaica,2024,18.125,-76.87500762939453,12929.428844451904,0.0049736677338138285,2024,2024
JAM,Jamaica,2024,18.125,-76.82500457763672,16003.293254852295,0.006156115962583611,2024,2024
JAM,Jamaica,2024,18.125,-76.7750015258789,3736.01345038414,0.001437162443509141,2024,2024
JAM,Jamaica,2024,18.125,-76.72500610351562,1277.3133727912102,0.0004913544430036164,2024,2024
JAM,Jamaica,2024,18.125,-76.67500305175781,276.2661284208298,0.0001062735210814795,2024,2024
JAM,Jamaica,2024,18.125,-76.62500762939453,206.84633374234994,7.956924844622741e-05,2024,2024
JAM,Jamaica,2024,18.125,-76.57500457763672,189.71677853632718,7.297988420997682e-05,2024,2024
JAM,Jamaica,2024,18.125,-76.5250015258789,1349.8751497268902,0.0005192673673094763,2024,2024
JAM,Jamaica,2024,18.125,-76.47500610351562,2785.5289264921903,0.0010715318913135316,2024,2024
JAM,Jamaica,2024,18.125,-76.42500305175781,1328.8181589841843,0.0005111672047510077,2024,2024
JAM,Jamaica,2024,18.125,-76.37500762939453,918.7603351473808,0.00035342695249770094,2024,2024
JAM,Jamaica,2024,18.17499542236328,-78.0250015258789,3211.338794708252,0.0012353316095968742,2024,2024
JAM,Jamaica,2024,18.17499542236328,-77.97500610351562,3212.2949447631836,0.0012356994195546155,2024,2024
JAM,Jamaica,2024,18.17499542236328,-77.92500305175781,4070.354521751404,0.001565776121557392,2024,2024
JAM,Jamaica,2024,18.17499542236328,-77.87500762939453,3367.5752098560333,0.0012954323322363515,2024,2024
JAM,Jamaica,2024,18.17499542236328,-77.82500457763672,712.0293309092712,0.0002739020687825763,2024,2024
JAM,Jamaica,2024,18.17499542236328,-77.7750015258789,3042.2785425931215,0.0011702978381030724,2024,2024
JAM,Jamaica,2024,18.17499542236328,-77.72500610351562,5203.55025011301,0.002001691667251917,2024,2024
JAM,Jamaica,2024,18.17499542236328,-77.67500305175781,2187.8779906335653,0.000841628682786327,2024,2024
JAM,Jamaica,2024,18.17499542236328,-77.62500762939453,4524.497936248779,0.0017404751337398894,2024,2024
JAM,Jamaica,2024,18.17499542236328,-77.57500457763672,3096.4915566444397,0.0011911523957160747,2024,2024
JAM,Jamaica,2024,18.17499542236328,-77.5250015258789,6999.493541836739,0.0026925516665038296,2024,2024
JAM,Jamaica,2024,18.17499542236328,-77.47500610351562,29874.395959854126,0.011492024979623407,2024,2024
JAM,Jamaica,2024,18.17499542236328,-77.42500305175781,8462.46029138565,0.0032553228921636725,2024,2024
JAM,Jamaica,2024,18.17499542236328,-77.37500762939453,5078.456214189529,0.0019535707349469956,2024,2024
JAM,Jamaica,2024,18.17499542236328,-77.32500457763672,3951.6548209191806,0.0015201149497341745,2024,2024
JAM,Jamaica,2024,18.17499542236328,-77.2750015258789,5410.5990436077345,0.002081338797524936,2024,2024
JAM,Jamaica,2024,18.17499542236328,-77.22500610351562,4712.236750900745,0.001812694138620342,2024,2024
JAM,Jamaica,2024,18.17499542236328,-77.17500305175781,403.0196163061754,0.00015503280816431354,2024,2024
JAM,Jamaica,2024,18.17499542236328,-77.12500762939453,661.6702306270743,0.00025453002728014477,2024,2024
JAM,Jamaica,2024,18.17499542236328,-77.07500457763672,10425.036576271057,0.004010282949619834,2024,2024
JAM,Jamaica,2024,18.17499542236328,-77.0250015258789,13267.596372842789,0.005103753365964784,2024,2024
JAM,Jamaica,2024,18.17499542236328,-76.97500610351562,3169.3734022382355,0.0012191884434155993,2024,2024
JAM,Jamaica,2024,18.17499542236328,-76.92500305175781,2063.493260383606,0.0007937806048189212,2024,2024
JAM,Jamaica,2024,18.17499542236328,-76.87500762939453,4280.389371454999,0.0016465719221696882,2024,2024
JAM,Jamaica,2024,18.17499542236328,-76.82500457763672,5119.311523169279,0.0019692868763537194,2024,2024
JAM,Jamaica,2024,18.17499542236328,-76.7750015258789,35.51605069655422,1.3662245835224757e-05,2024,2024
JAM,Jamaica,2024,18.17499542236328,-76.72500610351562,924.0955698490143,0.00035547930028561,2024,2024
JAM,Jamaica,2024,18.17499542236328,-76.67500305175781,2085.417153716099,0.0008022142457924889,2024,2024
JAM,Jamaica,2024,18.17499542236328,-76.62500762939453,2491.3288395404816,0.0009583595696773113,2024,2024
JAM,Jamaica,2024,18.17499542236328,-76.57500457763672,3575.3134214282036,0.0013753446665248112,2024,2024
JAM,Jamaica,2024,18.17499542236328,-76.5250015258789,4280.494508564472,0.0016466123661100435,2024,2024
JAM,Jamaica,2024,18.17499542236328,-76.47500610351562,11149.716336011887,0.00428905136094974,2024,2024
JAM,Jamaica,2024,18.17499542236328,-76.42500305175781,11270.322362422943,0.004335445854417375,2024,2024
JAM,Jamaica,2024,18.224998474121094,-78.32500457763672,1740.8869919778554,0.0006696810481254884,2024,2024
JAM,Jamaica,2024,18.224998474121094,-78.2750015258789,1926.263384103775,0.0007409912808681468,2024,2024
JAM,Jamaica,2024,18.224998474121094,-78.22500610351562,5811.117070913315,0.00223540929926062,2024,2024
JAM,Jamaica,2024,18.224998474121094,-78.17500305175781,2610.1211619377136,0.0010040563709853949,2024,2024
JAM,Jamaica,2024,18.224998474121094,-78.12500762939453,32187.26895427704,0.01238173649922443,2024,2024
JAM,Jamaica,2024,18.224998474121094,-78.07500457763672,3334.961195230484,0.0012828864360359302,2024,2024
JAM,Jamaica,2024,18.224998474121094,-78.0250015258789,1822.4180547000474,0.0007010442599767933,2024,2024
JAM,Jamaica,2024,18.224998474121094,-77.97500610351562,4200.840584039688,0.0016159712481576014,2024,2024
JAM,Jamaica,2024,18.224998474121094,-77.92500305175781,2849.033485174179,0.0010959607023821837,2024,2024
JAM,Jamaica,2024,18.224998474121094,-77.87500762939453,2621.2235341072146,0.0010083272100837465,2024,2024
JAM,Jamaica,2024,18.224998474121094,-77.82500457763672,941.7597938776016,0.0003622743398926026,2024,2024
JAM,Jamaica,2024,18.224998474121094,-77.7750015258789,2070.287395834923,0.0007963941597315093,2024,2024
JAM,Jamaica,2024,18.224998474121094,-77.72500610351562,1107.4878483715847,0.00042602628803671306,2024,2024
JAM,Jamaica,2024,18.224998474121094,-77.67500305175781,573.4510181657985,0.00022059403089547892,2024,2024
JAM,Jamaica,2024,18.224998474121094,-77.62500762939453,1684.1294906735425,0.0006478476820669179,2024,2024
JAM,Jamaica,2024,18.224998474121094,-77.57500457763672,2685.278391659423,0.001032967709059706,2024,2024
JAM,Jamaica,2024,18.224998474121094,-77.5250015258789,5452.424509048462,0.002097428136846646,2024,2024
JAM,Jamaica,2024,18.224998474121094,-77.47500610351562,5590.327797651291,0.0021504765077501316,2024,2024
JAM,Jamaica,2024,18.224998474121094,-77.42500305175781,3042.38807284832,0.0011703399719902464,2024,2024
JAM,Jamaica,2024,18.224998474121094,-77.37500762939453,3154.1953120827675,0.0012133497649886276,2024,2024
JAM,Jamaica,2024,18.224998474121094,-77.32500457763672,1114.861908674387,0.00042886292732190336,2024,2024
JAM,Jamaica,2024,18.224998474121094,-77.2750015258789,792.5019300580025,0.00030485811290929934,2024,2024
JAM,Jamaica,2024,18.224998474121094,-77.22500610351562,1503.1156022549264,0.0005782156088306611,2024,2024
JAM,Jamaica,2024,18.224998474121094,-77.17500305175781,1031.4579569746447,0.00039677925615342957,2024,2024
JAM,Jamaica,2024,18.224998474121094,-77.12500762939453,323.7258580334633,0.00012453023827058984,2024,2024
JAM,Jamaica,2024,18.224998474121094,-77.07500457763672,1062.6578773859349,0.0004087811813207413,2024,2024
JAM,Jamaica,2024,18.224998474121094,-77.0250015258789,3794.8025987148285,0.001459777339624696,2024,2024
JAM,Jamaica,2024,18.224998474121094,-76.97500610351562,4136.010355889797,0.0015910324811166067,2024,2024
JAM,Jamaica,2024,18.224998474121094,-76.92500305175781,3073.718590170145,0.001182392134925048,2024,2024
JAM,Jamaica,2024,18.224998474121094,-76.87500762939453,4271.086738586426,0.0016429934033120829,2024,2024
JAM,Jamaica,2024,18.224998474121094,-76.82500457763672,2239.8035063147545,0.0008616032899412281,2024,2024
JAM,Jamaica,2024,18.224998474121094,-76.7750015258789,1944.7159108521735,0.0007480895632439556,2024,2024
JAM,Jamaica,2024,18.224998474121094,-76.72500610351562,2752.5257014036547,0.0010588362743833932,2024,2024
JAM,Jamaica,2024,18.224998474121094,-76.67500305175781,8495.480809092529,0.0032680251611848597,2024,2024
JAM,Jamaica,2024,18.224998474121094,-76.62500762939453,2523.4111602312355,0.000970700934881076,2024,2024
JAM,Jamaica,2024,18.274993896484375,-78.32500457763672,11081.457925320083,0.004262793847264987,2024,2024
JAM,Jamaica,2024,18.274993896484375,-78.2750015258789,2211.993668288914,0.0008509054551230208,2024,2024
JAM,Jamaica,2024,18.274993896484375,-78.22500610351562,2855.1142515548277,0.0010982998398574844,2024,2024
JAM,Jamaica,2024,18.274993896484375,-78.17500305175781,2671.3163409234776,0.0010275968143296545,2024,2024
JAM,Jamaica,2024,18.274993896484375,-78.12500762939453,4622.5281650424195,0.001778185212951821,2024,2024
JAM,Jamaica,2024,18.274993896484375,-78.07500457763672,11114.871041417297,0.004275647140277245,2024,2024
JAM,Jamaica,2024,18.274993896484375,-78.0250015258789,4261.8170283436775,0.0016394275490666385,2024,2024
JAM,Jamaica,2024,18.274993896484375,-77.97500610351562,4276.410748302937,0.0016450414330943795,2024,2024
JAM,Jamaica,2024,18.274993896484375,-77.92500305175781,5241.180096085183,0.0020161670437740973,2024,2024
JAM,Jamaica,2024,18.274993896484375,-77.87500762939453,2382.536035362177,0.0009165093637384039,2024,2024
JAM,Jamaica,2024,18.274993896484375,-77.82500457763672,881.4746457338921,0.0003390839654562858,2024,2024
JAM,Jamaica,2024,18.274993896484375,-77.7750015258789,23.302342981100082,8.96390032395694e-06,2024,2024
JAM,Jamaica,2024,18.274993896484375,-77.72500610351562,34.00999772574572,1.3082900285128092e-05,2024,2024
JAM,Jamaica,2024,18.274993896484375,-77.67500305175781,43.970981389435664,1.6914672255968114e-05,2024,2024
JAM,Jamaica,2024,18.274993896484375,-77.62500762939453,1049.3929954171322,0.0004036784721264838,2024,2024
JAM,Jamaica,2024,18.274993896484375,-77.57500457763672,3759.130832672119,0.0014460551935106462,2024,2024
JAM,Jamaica,2024,18.274993896484375,-77.5250015258789,6403.571748614311,0.0024633136212286358,2024,2024
JAM,Jamaica,2024,18.274993896484375,-77.47500610351562,138.10153198242188,5.312463078413326e-05,2024,2024
JAM,Jamaica,2024,18.274993896484375,-77.42500305175781,438.1960288883794,0.00016856440266521875,2024,2024
JAM,Jamaica,2024,18.274993896484375,-77.37500762939453,2707.028195768764,0.0010413343817269073,2024,2024
JAM,Jamaica,2024,18.274993896484375,-77.32500457763672,2712.179284185593,0.001043315892477384,2024,2024
JAM,Jamaica,2024,18.274993896484375,-77.2750015258789,1647.3837270140943,0.0006337123926224991,2024,2024
JAM,Jamaica,2024,18.274993896484375,-77.22500610351562,1336.5306866765022,0.0005141340450183477,2024,2024
JAM,Jamaica,2024,18.274993896484375,-77.17500305175781,899.6711271108002,0.00034608375279276255,2024,2024
JAM,Jamaica,2024,18.274993896484375,-77.12500762939453,4685.559197485447,0.001802431868860785,2024,2024
JAM,Jamaica,2024,18.274993896484375,-77.07500457763672,1295.6639460921435,0.0004984135061240265,2024,2024
JAM,Jamaica,2024,18.274993896484375,-77.0250015258789,2980.8191338032484,0.0011466557513477372,2024,2024
JAM,Jamaica,2024,18.274993896484375,-76.97500610351562,4410.676311016083,0.001696690450623509,2024,2024
JAM,Jamaica,2024,18.274993896484375,-76.92500305175781,3922.928322673093,0.001509064495831616,2024,2024
JAM,Jamaica,2024,18.274993896484375,-76.87500762939453,9639.880990982056,0.0037082508144376737,2024,2024
JAM,Jamaica,2024,18.274993896484375,-76.82500457763672,2999.1665218472735,0.0011537135891696675,2024,2024
JAM,Jamaica,2024,18.274993896484375,-76.7750015258789,6401.173336297291,0.002462391004607511,2024,2024
JAM,Jamaica,2024,18.324996948242188,-78.32500457763672,1134.872021392046,0.0004365603788621935,2024,2024
JAM,Jamaica,2024,18.324996948242188,-78.2750015258789,2631.963916289853,0.0010124587995726,2024,2024
JAM,Jamaica,2024,18.324996948242188,-78.22500610351562,1502.104133784771,0.0005778265190917171,2024,2024
JAM,Jamaica,2024,18.324996948242188,-78.17500305175781,7978.772636592388,0.003069258858645159,2024,2024
JAM,Jamaica,2024,18.324996948242188,-78.12500762939453,4021.2950377464294,0.0015469040139361957,2024,2024
JAM,Jamaica,2024,18.324996948242188,-78.07500457763672,3116.519130587578,0.0011988565642068816,2024,2024
JAM,Jamaica,2024,18.324996948242188,-78.0250015258789,2575.230509400433,0.0009906347021070479,2024,2024
JAM,Jamaica,2024,18.324996948242188,-77.97500610351562,4219.986540555954,0.0016233362777581793,2024,2024
JAM,Jamaica,2024,18.324996948242188,-77.92500305175781,4658.457330703735,0.0017920063750543698,2024,2024
JAM,Jamaica,2024,18.324996948242188,-77.87500762939453,1247.3224316244673,0.0004798175856387417,2024,2024
JAM,Jamaica,2024,18.324996948242188,-77.82500457763672,2290.111794024706,0.0008809557849614376,2024,2024
JAM,Jamaica,2024,18.324996948242188,-77.7750015258789,1187.5404727758628,0.00045682077708929995,2024,2024
JAM,Jamaica,2024,18.324996948242188,-77.72500610351562,0.9084089994430542,3.494450206572564e-07,2024,2024
JAM,Jamaica,2024,18.324996948242188,-77.67500305175781,0.0,0.0,2024,2024
JAM,Jamaica,2024,18.324996948242188,-77.62500762939453,0.4964529871940613,1.909745769490922e-07,2024,2024
JAM,Jamaica,2024,18.324996948242188,-77.57500457763672,462.82158851623535,0.00017803731541501377,2024,2024
JAM,Jamaica,2024,18.324996948242188,-77.5250015258789,1563.464449972112,0.0006014304870959611,2024,2024
JAM,Jamaica,2024,18.324996948242188,-77.47500610351562,191.79375290870667,7.377885070293949e-05,2024,2024
JAM,Jamaica,2024,18.324996948242188,-77.42500305175781,2104.5781474858522,0.0008095850598947161,2024,2024
JAM,Jamaica,2024,18.324996948242188,-77.37500762939453,5487.89155626297,0.002111071532116975,2024,2024
JAM,Jamaica,2024,18.324996948242188,-77.32500457763672,2843.431550800992,0.0010938057610793573,2024,2024
JAM,Jamaica,2024,18.324996948242188,-77.2750015258789,1129.2900822164252,0.00043441312927337583,2024,2024
JAM,Jamaica,2024,18.324996948242188,-77.22500610351562,499.85126632453796,0.00019228182040625369,2024,2024
JAM,Jamaica,2024,18.324996948242188,-77.17500305175781,4931.270445466042,0.0018969515975060774,2024,2024
JAM,Jamaica,2024,18.324996948242188,-77.12500762939453,3813.5353196861115,0.0014669834065733833,2024,2024
JAM,Jamaica,2024,18.324996948242188,-77.07500457763672,2448.342108607292,0.0009418235169872278,2024,2024
JAM,Jamaica,2024,18.324996948242188,-77.0250015258789,3193.535034954548,0.0012284828936564504,2024,2024
JAM,Jamaica,2024,18.324996948242188,-76.97500610351562,4023.6667110919952,0.0015478163446613884,2024,2024
JAM,Jamaica,2024,18.324996948242188,-76.92500305175781,5485.189866304398,0.00211003225123803,2024,2024
JAM,Jamaica,2024,18.324996948242188,-76.87500762939453,7805.63977766037,0.003002658444621254,2024,2024
JAM,Jamaica,2024,18.324996948242188,-76.82500457763672,2980.478440046525,0.0011465246939309469,2024,2024
JAM,Jamaica,2024,18.375,-78.2750015258789,5414.673476219302,0.002082906142398213,2024,2024
JAM,Jamaica,2024,18.375,-78.22500610351562,4837.760244160891,0.0018609802737446697,2024,2024
JAM,Jamaica,2024,18.375,-78.17500305175781,2392.4409452080727,0.0009203195653412386,2024,2024
JAM,Jamaica,2024,18.375,-78.12500762939453,2204.7242604494095,0.0008481090733454304,2024,2024
JAM,Jamaica,2024,18.375,-78.07500457763672,1409.2302044332416,0.0005420999551974101,2024,2024
JAM,Jamaica,2024,18.375,-78.0250015258789,1878.8409638863232,0.000722748915785167,2024,2024
JAM,Jamaica,2024,18.375,-77.97500610351562,2527.919043779373,0.0009724350188240634,2024,2024
JAM,Jamaica,2024,18.375,-77.92500305175781,4156.296581864357,0.0015988361473716572,2024,2024
JAM,Jamaica,2024,18.375,-77.87500762939453,2372.2044274806976,0.0009125350207587773,2024,2024
JAM,Jamaica,2024,18.375,-77.82500457763672,2796.185672402382,0.0010756313077625202,2024,2024
JAM,Jamaica,2024,18.375,-77.7750015258789,342.19354581832886,0.0001316343527646456,2024,2024
JAM,Jamaica,2024,18.375,-77.72500610351562,2986.2641236782074,0.0011487503195438912,2024,2024
JAM,Jamaica,2024,18.375,-77.67500305175781,1167.334487915039,0.0004490479778310145,2024,2024
JAM,Jamaica,2024,18.375,-77.62500762939453,872.1224306524555,0.00033548637340873077,2024,2024
JAM,Jamaica,2024,18.375,-77.57500457763672,74.89849019050598,2.8811806650820608e-05,2024,2024
JAM,Jamaica,2024,18.375,-77.5250015258789,168.2838789820671,6.473511777539153e-05,2024,2024
JAM,Jamaica,2024,18.375,-77.47500610351562,1300.70717638731,0.0005003535262204306,2024,2024
JAM,Jamaica,2024,18.375,-77.42500305175781,2112.9366551041603,0.0008128003944732311,2024,2024
JAM,Jamaica,2024,18.375,-77.37500762939453,13135.345893859863,0.005052879506955841,2024,2024
JAM,Jamaica,2024,18.375,-77.32500457763672,2937.8956845104694,0.001130144041716952,2024,2024
JAM,Jamaica,2024,18.375,-77.2750015258789,4423.97236704868,0.0017018051517964606,2024,2024
JAM,Jamaica,2024,18.375,-77.22500610351562,2525.689626932144,0.0009715774110540928,2024,2024
JAM,Jamaica,2024,18.375,-77.17500305175781,2350.988516628742,0.0009043737251194018,2024,2024
JAM,Jamaica,2024,18.375,-77.12500762939453,5104.66762399683,0.0019636536894830953,2024,2024
JAM,Jamaica,2024,18.375,-77.07500457763672,10738.840357661247,0.004130996382597106,2024,2024
JAM,Jamaica,2024,18.375,-77.0250015258789,6611.572948932648,0.0025433271215203972,2024,2024
JAM,Jamaica,2024,18.375,-76.97500610351562,4898.357307434228,0.0018842906350910486,2024,2024
JAM,Jamaica,2024,18.375,-76.92500305175781,8488.869707108184,0.0032654820152330883,2024,2024
JAM,Jamaica,2024,18.42499542236328,-78.22500610351562,3251.1313041597605,0.0012506389153322992,2024,2024
JAM,Jamaica,2024,18.42499542236328,-78.17500305175781,12221.592751026154,0.0047013787115333765,2024,2024
JAM,Jamaica,2024,18.42499542236328,-78.12500762939453,2451.078406810772,0.0009428761108990293,2024,2024
JAM,Jamaica,2024,18.42499542236328,-78.07500457763672,7848.069386899471,0.003018980184813312,2024,2024
JAM,Jamaica,2024,18.42499542236328,-78.0250015258789,6092.705397188927,0.0023437301531409236,2024,2024
JAM,Jamaica,2024,18.42499542236328,-77.97500610351562,4635.847377002239,0.001783308821702165,2024,2024
JAM,Jamaica,2024,18.42499542236328,-77.92500305175781,18712.292830586433,0.007198208690950794,2024,2024
JAM,Jamaica,2024,18.42499542236328,-77.87500762939453,13790.511342641912,0.005304907287310207,2024,2024
JAM,Jamaica,2024,18.42499542236328,-77.82500457763672,3579.0661039352417,0.0013767882411888624,2024,2024
JAM,Jamaica,2024,18.42499542236328,-77.7750015258789,4373.928688734778,0.0016825544462080217,2024,2024
JAM,Jamaica,2024,18.42499542236328,-77.72500610351562,6239.10512638092,0.0024000469184119392,2024,2024
JAM,Jamaica,2024,18.42499542236328,-77.67500305175781,587.666848316886,0.00022606254900114773,2024,2024
JAM,Jamaica,2024,18.42499542236328,-77.62500762939453,1299.2618685663635,0.0004997975479973433,2024,2024
JAM,Jamaica,2024,18.42499542236328,-77.57500457763672,1986.8487805128286,0.0007642971542276907,2024,2024
JAM,Jamaica,2024,18.42499542236328,-77.5250015258789,3199.945720076663,0.0012309489436364684,2024,2024
JAM,Jamaica,2024,18.42499542236328,-77.47500610351562,3801.3446271419525,0.0014622939144937894,2024,2024
JAM,Jamaica,2024,18.42499542236328,-77.42500305175781,3567.905384421357,0.001372494957146685,2024,2024
JAM,Jamaica,2024,18.42499542236328,-77.37500762939453,4815.5275650024505,0.0018524278496355397,2024,2024
JAM,Jamaica,2024,18.42499542236328,-77.32500457763672,5559.0989987850235,0.002138463473674495,2024,2024
JAM,Jamaica,2024,18.42499542236328,-77.2750015258789,4115.5802238583565,0.0015831734573573371,2024,2024
JAM,Jamaica,2024,18.42499542236328,-77.22500610351562,14857.04860651493,0.0057151807835375025,2024,2024
JAM,Jamaica,2024,18.42499542236328,-77.17500305175781,14802.66526263953,0.005694260703776512,2024,2024
JAM,Jamaica,2024,18.474998474121094,-77.92500305175781,50625.41778564453,0.019474488005659374,2024,2024
JAM,Jamaica,2024,18.474998474121094,-77.87500762939453,44214.92025399208,0.017008510187578534,2024,2024
JAM,Jamaica,2024,18.474998474121094,-77.82500457763672,2104.876440644264,0.000809699806731182,2024,2024
JAM,Jamaica,2024,18.474998474121094,-77.7750015258789,4980.080320358276,0.001915727685975536,2024,2024
JAM,Jamaica,2024,18.474998474121094,-77.72500610351562,3876.670943856855,0.0014912702966263008,2024,2024
JAM,Jamaica,2024,18.474998474121094,-77.67500305175781,11107.216213345655,0.004272702495788626,2024,2024
JAM,Jamaica,2024,18.474998474121094,-77.62500762939453,8768.993091106415,0.0033732393379454976,2024,2024
JAM,Jamaica,2024,18.474998474121094,-77.57500457763672,4275.56361913681,0.0016447155610817311,2024,2024
JAM,Jamaica,2024,18.474998474121094,-77.5250015258789,5278.056731879711,0.002030352676858853,2024,2024
JAM,Jamaica,2024,18.474998474121094,-77.47500610351562,1067.7929111421108,0.00041075651619534376,2024,2024
