iso3,country,year,lat,lon,pop_count,pop_share,rainfall_year,population_weight_year
TTO,Trinidad and Tobago,2007,10.074996948242188,-61.87500762939453,1316.3905193827227,0.0010077426450800237,2007,2015
TTO,Trinidad and Tobago,2007,10.074996948242188,-61.62500762939453,4031.380955696106,0.0030861620832117855,2007,2015
TTO,Trinidad and Tobago,2007,10.074996948242188,-61.57500457763672,2907.2335841061886,0.0022255882420715496,2007,2015
TTO,Trinidad and Tobago,2007,10.074996948242188,-61.525001525878906,66.27553719290562,5.07362246776105e-05,2007,2015
TTO,Trinidad and Tobago,2007,10.074996948242188,-61.475006103515625,320.58669388308033,0.00024542024430766,2007,2015
TTO,Trinidad and Tobago,2007,10.074996948242188,-61.37500762939453,185.69169107079506,0.0001421534363653832,2007,2015
TTO,Trinidad and Tobago,2007,10.074996948242188,-61.32500457763672,676.592350423647,0.0005179549342064223,2007,2015
TTO,Trinidad and Tobago,2007,10.124996185302734,-61.775001525878906,1473.9452751877334,0.0011283562806403366,2007,2015
TTO,Trinidad and Tobago,2007,10.124996185302734,-61.725006103515625,2479.3675408363342,0.0018980419312800729,2007,2015
TTO,Trinidad and Tobago,2007,10.124996185302734,-61.67500305175781,1652.9436380865689,0.0012653857419108808,2007,2015
TTO,Trinidad and Tobago,2007,10.124996185302734,-61.62500762939453,1125.7217997312546,0.0008617791205434812,2007,2015
TTO,Trinidad and Tobago,2007,10.124996185302734,-61.57500457763672,4819.468286931526,0.003689470296116302,2007,2015
TTO,Trinidad and Tobago,2007,10.124996185302734,-61.525001525878906,9338.179912686348,0.007148700926421452,2007,2015
TTO,Trinidad and Tobago,2007,10.124996185302734,-61.475006103515625,6493.076336860657,0.004970675362720445,2007,2015
TTO,Trinidad and Tobago,2007,10.124996185302734,-61.42500305175781,9334.966004371643,0.007146240568025962,2007,2015
TTO,Trinidad and Tobago,2007,10.124996185302734,-61.37500762939453,1381.5868020057678,0.0010576526629148078,2007,2015
TTO,Trinidad and Tobago,2007,10.124996185302734,-61.32500457763672,939.3252602815821,0.0007190860982731164,2007,2015
TTO,Trinidad and Tobago,2007,10.124996185302734,-61.275001525878906,3086.576643587272,0.002362881580542993,2007,2015
TTO,Trinidad and Tobago,2007,10.124996185302734,-61.225006103515625,137.29183292388916,0.00010510166460594203,2007,2015
TTO,Trinidad and Tobago,2007,10.124996185302734,-61.17500305175781,54.55355703850771,4.176264190529786e-05,2007,2015
TTO,Trinidad and Tobago,2007,10.124996185302734,-61.12500762939453,97.48702788420779,7.462970440343858e-05,2007,2015
TTO,Trinidad and Tobago,2007,10.124996185302734,-61.07500457763672,785.0877358913422,0.000601011918528568,2007,2015
TTO,Trinidad and Tobago,2007,10.174999237060547,-61.67500305175781,19873.568764686584,0.015213906860629928,2007,2015
TTO,Trinidad and Tobago,2007,10.174999237060547,-61.62500762939453,4342.745760440826,0.0033245226512181583,2007,2015
TTO,Trinidad and Tobago,2007,10.174999237060547,-61.57500457763672,5849.311902999878,0.004477851338363664,2007,2015
TTO,Trinidad and Tobago,2007,10.174999237060547,-61.525001525878906,15497.961241960526,0.0118642273894866,2007,2015
TTO,Trinidad and Tobago,2007,10.174999237060547,-61.475006103515625,19867.963174819946,0.01520961558697195,2007,2015
TTO,Trinidad and Tobago,2007,10.174999237060547,-61.42500305175781,16199.779398918152,0.012401493554385227,2007,2015
TTO,Trinidad and Tobago,2007,10.174999237060547,-61.37500762939453,11309.748452782631,0.00865800509285137,2007,2015
TTO,Trinidad and Tobago,2007,10.174999237060547,-61.32500457763672,4869.460225105286,0.0037277408604101904,2007,2015
TTO,Trinidad and Tobago,2007,10.174999237060547,-61.275001525878906,273.92285323143005,0.0002096974542119537,2007,2015
TTO,Trinidad and Tobago,2007,10.174999237060547,-61.225006103515625,22.1129889190197,1.6928260737039945e-05,2007,2015
TTO,Trinidad and Tobago,2007,10.174999237060547,-61.17500305175781,8.592225075063606,6.577646600134841e-06,2007,2015
TTO,Trinidad and Tobago,2007,10.174999237060547,-61.12500762939453,4.104928016662598,3.142464911791095e-06,2007,2015
TTO,Trinidad and Tobago,2007,10.174999237060547,-61.07500457763672,69.68931519986793,5.334959026160558e-05,2007,2015
TTO,Trinidad and Tobago,2007,10.174999237060547,-61.025001525878906,2443.053310632852,0.0018702421273005805,2007,2015
TTO,Trinidad and Tobago,2007,10.224998474121094,-61.62500762939453,10402.217509746552,0.007963258648265916,2007,2015
TTO,Trinidad and Tobago,2007,10.224998474121094,-61.57500457763672,9163.9048910141,0.007015287346844987,2007,2015
TTO,Trinidad and Tobago,2007,10.224998474121094,-61.525001525878906,7783.3720952274625,0.005958441562283949,2007,2015
TTO,Trinidad and Tobago,2007,10.224998474121094,-61.475006103515625,20364.81988143921,0.015589976645777685,2007,2015
TTO,Trinidad and Tobago,2007,10.224998474121094,-61.42500305175781,11793.057258486748,0.00902799476315006,2007,2015
TTO,Trinidad and Tobago,2007,10.224998474121094,-61.37500762939453,9997.13134765625,0.007653151127390106,2007,2015
TTO,Trinidad and Tobago,2007,10.224998474121094,-61.32500457763672,8022.865767002106,0.006141782282777194,2007,2015
TTO,Trinidad and Tobago,2007,10.224998474121094,-61.275001525878906,543.1880847215652,0.00041582933727747005,2007,2015
TTO,Trinidad and Tobago,2007,10.224998474121094,-61.225006103515625,48.01432240009308,3.67566307602123e-05,2007,2015
TTO,Trinidad and Tobago,2007,10.224998474121094,-61.17500305175781,105.31629526647247,8.062328040134372e-05,2007,2015
TTO,Trinidad and Tobago,2007,10.224998474121094,-61.12500762939453,9.850708783057847,7.541059570686259e-06,2007,2015
TTO,Trinidad and Tobago,2007,10.224998474121094,-61.07500457763672,40.72507613899177,3.1176459679030084e-05,2007,2015
TTO,Trinidad and Tobago,2007,10.224998474121094,-61.025001525878906,1416.2644315958023,0.0010841995923051482,2007,2015
TTO,Trinidad and Tobago,2007,10.27499771118164,-61.42500305175781,34698.90502738953,0.02656321647627706,2007,2015
TTO,Trinidad and Tobago,2007,10.27499771118164,-61.37500762939453,22527.689435958862,0.01724572838034407,2007,2015
TTO,Trinidad and Tobago,2007,10.27499771118164,-61.32500457763672,12947.685933828354,0.009911903100563195,2007,2015
TTO,Trinidad and Tobago,2007,10.27499771118164,-61.275001525878906,3607.5648212434835,0.002761716118224777,2007,2015
TTO,Trinidad and Tobago,2007,10.27499771118164,-61.225006103515625,2367.8870882987976,0.0018126997744802996,2007,2015
TTO,Trinidad and Tobago,2007,10.27499771118164,-61.17500305175781,1298.9188529253006,0.0009943674778249338,2007,2015
TTO,Trinidad and Tobago,2007,10.27499771118164,-61.12500762939453,46.873285532021356,3.588312742314511e-05,2007,2015
TTO,Trinidad and Tobago,2007,10.27499771118164,-61.07500457763672,112.51601064206919,8.613491248133573e-05,2007,2015
TTO,Trinidad and Tobago,2007,10.27499771118164,-61.025001525878906,5959.307465851355,0.004562056760556306,2007,2015
TTO,Trinidad and Tobago,2007,10.324996948242188,-61.42500305175781,28266.104011535645,0.021638683964428022,2007,2015
TTO,Trinidad and Tobago,2007,10.324996948242188,-61.37500762939453,11410.561076879501,0.008735180656613769,2007,2015
TTO,Trinidad and Tobago,2007,10.324996948242188,-61.32500457763672,4742.715265393347,0.0036307131934147133,2007,2015
TTO,Trinidad and Tobago,2007,10.324996948242188,-61.275001525878906,3099.711507678268,0.0023729367750213257,2007,2015
TTO,Trinidad and Tobago,2007,10.324996948242188,-61.225006103515625,4248.120446383973,0.003252083688102641,2007,2015
TTO,Trinidad and Tobago,2007,10.324996948242188,-61.17500305175781,8676.40120625496,0.006642086350991718,2007,2015
TTO,Trinidad and Tobago,2007,10.324996948242188,-61.12500762939453,2334.857635259652,0.0017874145814611164,2007,2015
TTO,Trinidad and Tobago,2007,10.324996948242188,-61.07500457763672,1061.6189053058758,0.0008127061293343009,2007,2015
TTO,Trinidad and Tobago,2007,10.324996948242188,-61.025001525878906,2577.311398744583,0.001973021354927156,2007,2015
TTO,Trinidad and Tobago,2007,10.324996948242188,-60.975006103515625,746.4206466674805,0.0005714109192823324,2007,2015
TTO,Trinidad and Tobago,2007,10.374996185302734,-61.475006103515625,11106.767411589622,0.008502616058715166,2007,2015
TTO,Trinidad and Tobago,2007,10.374996185302734,-61.42500305175781,11040.14974117279,0.008451617919176445,2007,2015
TTO,Trinidad and Tobago,2007,10.374996185302734,-61.37500762939453,3485.5280680656433,0.002668292746790833,2007,2015
TTO,Trinidad and Tobago,2007,10.374996185302734,-61.32500457763672,2236.5144369602203,0.0017121294488802693,2007,2015
TTO,Trinidad and Tobago,2007,10.374996185302734,-61.275001525878906,1258.7909245194955,0.0009636481554674543,2007,2015
TTO,Trinidad and Tobago,2007,10.374996185302734,-61.225006103515625,35.65965339541435,2.729870270729584e-05,2007,2015
TTO,Trinidad and Tobago,2007,10.374996185302734,-61.17500305175781,1326.1545557977706,0.001015217353943904,2007,2015
TTO,Trinidad and Tobago,2007,10.374996185302734,-61.12500762939453,232.86657583713531,0.0001782674484733323,2007,2015
TTO,Trinidad and Tobago,2007,10.374996185302734,-61.07500457763672,1.928596019744873,1.4764072101794357e-06,2007,2015
TTO,Trinidad and Tobago,2007,10.374996185302734,-61.025001525878906,702.8208656311035,0.0005380337732002478,2007,2015
TTO,Trinidad and Tobago,2007,10.424999237060547,-61.475006103515625,20246.283831119537,0.015499233183919194,2007,2015
TTO,Trinidad and Tobago,2007,10.424999237060547,-61.42500305175781,21377.982135772705,0.016365587526472908,2007,2015
TTO,Trinidad and Tobago,2007,10.424999237060547,-61.37500762939453,5993.288871258497,0.004588070706163107,2007,2015
TTO,Trinidad and Tobago,2007,10.424999237060547,-61.32500457763672,2072.6694180965424,0.0015867003985629716,2007,2015
TTO,Trinidad and Tobago,2007,10.424999237060547,-61.275001525878906,727.994063377407,0.0005573047300390116,2007,2015
TTO,Trinidad and Tobago,2007,10.424999237060547,-61.225006103515625,2.1559770107269287,1.6504752529974759e-06,2007,2015
TTO,Trinidad and Tobago,2007,10.424999237060547,-61.17500305175781,331.39038604548506,0.00025369084574094694,2007,2015
TTO,Trinidad and Tobago,2007,10.424999237060547,-61.12500762939453,2849.979640782144,0.002181758360712567,2007,2015
TTO,Trinidad and Tobago,2007,10.424999237060547,-61.07500457763672,239.48500049162965,0.00018333408232504866,2007,2015
TTO,Trinidad and Tobago,2007,10.474998474121094,-61.42500305175781,28558.493215560913,0.02186251805128808,2007,2015
TTO,Trinidad and Tobago,2007,10.474998474121094,-61.37500762939453,10146.786581516266,0.007767717404645644,2007,2015
TTO,Trinidad and Tobago,2007,10.474998474121094,-61.32500457763672,5028.437490941526,0.0038494434767861636,2007,2015
TTO,Trinidad and Tobago,2007,10.474998474121094,-61.275001525878906,978.394487440592,0.000748994948070147,2007,2015
TTO,Trinidad and Tobago,2007,10.474998474121094,-61.225006103515625,750.5424882769585,0.0005745663321366304,2007,2015
TTO,Trinidad and Tobago,2007,10.474998474121094,-61.17500305175781,1055.3502749204636,0.0008079072751397367,2007,2015
TTO,Trinidad and Tobago,2007,10.474998474121094,-61.12500762939453,417.1077086929215,0.0003193104321645949,2007,2015
TTO,Trinidad and Tobago,2007,10.474998474121094,-61.07500457763672,1293.938172698021,0.0009905545941915192,2007,2015
TTO,Trinidad and Tobago,2007,10.52499771118164,-61.42500305175781,31036.8824634552,0.023759811065356608,2007,2015
TTO,Trinidad and Tobago,2007,10.52499771118164,-61.37500762939453,49939.94245147705,0.03823075976329169,2007,2015
TTO,Trinidad and Tobago,2007,10.52499771118164,-61.32500457763672,5499.169695615768,0.004209805322361605,2007,2015
TTO,Trinidad and Tobago,2007,10.52499771118164,-61.275001525878906,2738.4871969223022,0.002096407024139254,2007,2015
TTO,Trinidad and Tobago,2007,10.52499771118164,-61.225006103515625,823.5519693346814,0.0006304576246320595,2007,2015
TTO,Trinidad and Tobago,2007,10.52499771118164,-61.17500305175781,2906.644977092743,0.002225137642967478,2007,2015
TTO,Trinidad and Tobago,2007,10.52499771118164,-61.12500762939453,1768.613944530698,0.0013539353773396466,2007,2015
TTO,Trinidad and Tobago,2007,10.52499771118164,-61.07500457763672,2478.869239807129,0.0018976604645421834,2007,2015
TTO,Trinidad and Tobago,2007,10.52499771118164,-61.025001525878906,1042.3909348249435,0.0007979864503737889,2007,2015
TTO,Trinidad and Tobago,2007,10.574996948242188,-61.42500305175781,16908.30484783653,0.012943894384143806,2007,2015
TTO,Trinidad and Tobago,2007,10.574996948242188,-61.37500762939453,26199.22194266467,0.02005641398262262,2007,2015
TTO,Trinidad and Tobago,2007,10.574996948242188,-61.32500457763672,15680.508340835571,0.012003973531352075,2007,2015
TTO,Trinidad and Tobago,2007,10.574996948242188,-61.275001525878906,13953.582549571991,0.010681951882669185,2007,2015
TTO,Trinidad and Tobago,2007,10.574996948242188,-61.225006103515625,2672.280939102173,0.0020457238352267473,2007,2015
TTO,Trinidad and Tobago,2007,10.574996948242188,-61.17500305175781,4653.318835616112,0.003562277122751833,2007,2015
TTO,Trinidad and Tobago,2007,10.574996948242188,-61.12500762939453,24717.613686561584,0.01892219142404794,2007,2015
TTO,Trinidad and Tobago,2007,10.574996948242188,-61.07500457763672,3580.5552192926407,0.002741039330211092,2007,2015
TTO,Trinidad and Tobago,2007,10.574996948242188,-61.025001525878906,714.4044940473984,0.0005469014429137421,2007,2015
TTO,Trinidad and Tobago,2007,10.624996185302734,-61.475006103515625,29214.68886351589,0.0223648586016213,2007,2015
TTO,Trinidad and Tobago,2007,10.624996185302734,-61.42500305175781,47074.37535953522,0.0360370686675507,2007,2015
TTO,Trinidad and Tobago,2007,10.624996185302734,-61.37500762939453,44533.134994506836,0.03409166094124872,2007,2015
TTO,Trinidad and Tobago,2007,10.624996185302734,-61.32500457763672,47626.65752029419,0.03645985983576326,2007,2015
TTO,Trinidad and Tobago,2007,10.624996185302734,-61.275001525878906,61748.409606933594,0.04727055133757348,2007,2015
TTO,Trinidad and Tobago,2007,10.624996185302734,-61.225006103515625,10454.164166927338,0.008003025617823687,2007,2015
TTO,Trinidad and Tobago,2007,10.624996185302734,-61.17500305175781,5657.001993775368,0.0043306314262300805,2007,2015
TTO,Trinidad and Tobago,2007,10.624996185302734,-61.12500762939453,5357.23506963253,0.004101149438480078,2007,2015
TTO,Trinidad and Tobago,2007,10.624996185302734,-61.07500457763672,2829.995667695999,0.0021664599355108397,2007,2015
TTO,Trinidad and Tobago,2007,10.674999237060547,-61.525001525878906,67531.63975524907,0.05169781479849754,2007,2015
TTO,Trinidad and Tobago,2007,10.674999237060547,-61.475006103515625,65203.30487823486,0.049915393614930664,2007,2015
TTO,Trinidad and Tobago,2007,10.674999237060547,-61.42500305175781,36981.51876115799,0.028310636537341054,2007,2015
TTO,Trinidad and Tobago,2007,10.674999237060547,-61.37500762939453,11226.039963841742,0.008593923338372845,2007,2015
TTO,Trinidad and Tobago,2007,10.674999237060547,-61.32500457763672,2033.334975719452,0.001556588517308749,2007,2015
TTO,Trinidad and Tobago,2007,10.674999237060547,-61.275001525878906,3450.9431210776097,0.002641816769150082,2007,2015
TTO,Trinidad and Tobago,2007,10.674999237060547,-61.225006103515625,2934.6827890872955,0.002246601561467055,2007,2015
TTO,Trinidad and Tobago,2007,10.674999237060547,-61.17500305175781,5685.081978917122,0.004352127629738009,2007,2015
TTO,Trinidad and Tobago,2007,10.674999237060547,-61.12500762939453,660.6320811510247,0.0005057367939690377,2007,2015
TTO,Trinidad and Tobago,2007,10.674999237060547,-61.07500457763672,2162.6526412966396,0.0016555856799633673,2007,2015
TTO,Trinidad and Tobago,2007,10.724998474121094,-61.62500762939453,978.1933457852123,0.0007488409671497108,2007,2015
TTO,Trinidad and Tobago,2007,10.724998474121094,-61.57500457763672,33262.726905345924,0.025463772262569913,2007,2015
TTO,Trinidad and Tobago,2007,10.724998474121094,-61.525001525878906,21071.671877385284,0.01613109638918697,2007,2015
TTO,Trinidad and Tobago,2007,10.724998474121094,-61.475006103515625,15894.747921466827,0.012167981368302628,2007,2015
TTO,Trinidad and Tobago,2007,10.724998474121094,-61.42500305175781,2432.139272095283,0.001861887051886096,2007,2015
TTO,Trinidad and Tobago,2007,10.724998474121094,-61.37500762939453,761.69478881402,0.0005831038053837149,2007,2015
TTO,Trinidad and Tobago,2007,10.724998474121094,-61.32500457763672,592.3097292781093,0.00045343366159249535,2007,2015
TTO,Trinidad and Tobago,2007,10.724998474121094,-61.275001525878906,651.6293747127056,0.0004988449096342243,2007,2015
TTO,Trinidad and Tobago,2007,10.724998474121094,-61.225006103515625,84.4541950225991,6.46526183735255e-05,2007,2015
TTO,Trinidad and Tobago,2007,10.724998474121094,-61.17500305175781,86.32691979408264,6.608625420342092e-05,2007,2015
TTO,Trinidad and Tobago,2007,10.724998474121094,-61.12500762939453,53.10813444852829,4.065612073043608e-05,2007,2015
TTO,Trinidad and Tobago,2007,10.724998474121094,-61.07500457763672,0.0,0.0,2007,2015
TTO,Trinidad and Tobago,2007,10.724998474121094,-61.025001525878906,442.51565015341475,0.00033876109346641156,2007,2015
TTO,Trinidad and Tobago,2007,10.77499771118164,-61.37500762939453,1124.0914140343666,0.0008605310036887252,2007,2015
TTO,Trinidad and Tobago,2007,10.77499771118164,-61.32500457763672,769.7396734654903,0.000589262443887005,2007,2015
TTO,Trinidad and Tobago,2007,10.77499771118164,-61.275001525878906,158.0992380981292,0.00012103045565905058,2007,2015
TTO,Trinidad and Tobago,2007,10.77499771118164,-61.225006103515625,6.852275848388672,5.245655059496469e-06,2007,2015
TTO,Trinidad and Tobago,2007,10.77499771118164,-61.17500305175781,0.0,0.0,2007,2015
TTO,Trinidad and Tobago,2007,10.77499771118164,-61.12500762939453,0.0,0.0,2007,2015
TTO,Trinidad and Tobago,2007,10.77499771118164,-61.07500457763672,0.0,0.0,2007,2015
TTO,Trinidad and Tobago,2007,10.77499771118164,-61.025001525878906,0.0,0.0,2007,2015
TTO,Trinidad and Tobago,2007,10.77499771118164,-60.975006103515625,772.9247063998332,0.0005917006971763304,2007,2015
TTO,Trinidad and Tobago,2007,10.824996948242188,-61.07500457763672,193.78130722049718,0.00014834631838355942,2007,2015
TTO,Trinidad and Tobago,2007,10.824996948242188,-61.025001525878906,471.85905826108393,0.0003612244911183115,2007,2015
TTO,Trinidad and Tobago,2007,10.824996948242188,-60.975006103515625,440.33164036273956,0.00033708915814712067,2007,2015
TTO,Trinidad and Tobago,2007,10.824996948242188,-60.92500305175781,1700.7900636196136,0.0013020138417903183,2007,2015
TTO,Trinidad and Tobago,2007,11.174999237060547,-60.82500457763672,7322.832440540213,0.00560588246758886,2007,2015
TTO,Trinidad and Tobago,2007,11.174999237060547,-60.775001525878906,15465.972702026367,0.011839739051587743,2007,2015
TTO,Trinidad and Tobago,2007,11.224998474121094,-60.775001525878906,5011.633757054848,0.0038365796351032843,2007,2015
TTO,Trinidad and Tobago,2007,11.224998474121094,-60.725006103515625,9497.901493072584,0.007270973341426585,2007,2015
TTO,Trinidad and Tobago,2007,11.224998474121094,-60.67500305175781,827.7235083580017,0.0006336510825820503,2007,2015
TTO,Trinidad and Tobago,2007,11.224998474121094,-60.62500762939453,4191.92837330699,0.003209066705283832,2007,2015
TTO,Trinidad and Tobago,2007,11.27499771118164,-60.67500305175781,1001.0290480852127,0.0007663224900710801,2007,2015
TTO,Trinidad and Tobago,2007,11.27499771118164,-60.62500762939453,402.89156717062446,0.000308427482272773,2007,2015
TTO,Trinidad and Tobago,2007,11.27499771118164,-60.57500457763672,2935.5462069525934,0.0022472625378191125,2007,2015
TTO,Trinidad and Tobago,2007,11.324996948242188,-60.525001525878906,734.0978908538818,0.000561977421885151,2007,2015
TTO,Trinidad and Tobago,2008,10.074996948242188,-61.87500762939453,1316.3905193827227,0.0010077426450800237,2008,2015
TTO,Trinidad and Tobago,2008,10.074996948242188,-61.62500762939453,4031.380955696106,0.0030861620832117855,2008,2015
TTO,Trinidad and Tobago,2008,10.074996948242188,-61.57500457763672,2907.2335841061886,0.0022255882420715496,2008,2015
TTO,Trinidad and Tobago,2008,10.074996948242188,-61.525001525878906,66.27553719290562,5.07362246776105e-05,2008,2015
TTO,Trinidad and Tobago,2008,10.074996948242188,-61.475006103515625,320.58669388308033,0.00024542024430766,2008,2015
TTO,Trinidad and Tobago,2008,10.074996948242188,-61.37500762939453,185.69169107079506,0.0001421534363653832,2008,2015
TTO,Trinidad and Tobago,2008,10.074996948242188,-61.32500457763672,676.592350423647,0.0005179549342064223,2008,2015
TTO,Trinidad and Tobago,2008,10.124996185302734,-61.775001525878906,1473.9452751877334,0.0011283562806403366,2008,2015
TTO,Trinidad and Tobago,2008,10.124996185302734,-61.725006103515625,2479.3675408363342,0.0018980419312800729,2008,2015
TTO,Trinidad and Tobago,2008,10.124996185302734,-61.67500305175781,1652.9436380865689,0.0012653857419108808,2008,2015
TTO,Trinidad and Tobago,2008,10.124996185302734,-61.62500762939453,1125.7217997312546,0.0008617791205434812,2008,2015
TTO,Trinidad and Tobago,2008,10.124996185302734,-61.57500457763672,4819.468286931526,0.003689470296116302,2008,2015
TTO,Trinidad and Tobago,2008,10.124996185302734,-61.525001525878906,9338.179912686348,0.007148700926421452,2008,2015
TTO,Trinidad and Tobago,2008,10.124996185302734,-61.475006103515625,6493.076336860657,0.004970675362720445,2008,2015
TTO,Trinidad and Tobago,2008,10.124996185302734,-61.42500305175781,9334.966004371643,0.007146240568025962,2008,2015
TTO,Trinidad and Tobago,2008,10.124996185302734,-61.37500762939453,1381.5868020057678,0.0010576526629148078,2008,2015
TTO,Trinidad and Tobago,2008,10.124996185302734,-61.32500457763672,939.3252602815821,0.0007190860982731164,2008,2015
TTO,Trinidad and Tobago,2008,10.124996185302734,-61.275001525878906,3086.576643587272,0.002362881580542993,2008,2015
TTO,Trinidad and Tobago,2008,10.124996185302734,-61.225006103515625,137.29183292388916,0.00010510166460594203,2008,2015
TTO,Trinidad and Tobago,2008,10.124996185302734,-61.17500305175781,54.55355703850771,4.176264190529786e-05,2008,2015
TTO,Trinidad and Tobago,2008,10.124996185302734,-61.12500762939453,97.48702788420779,7.462970440343858e-05,2008,2015
TTO,Trinidad and Tobago,2008,10.124996185302734,-61.07500457763672,785.0877358913422,0.000601011918528568,2008,2015
TTO,Trinidad and Tobago,2008,10.174999237060547,-61.67500305175781,19873.568764686584,0.015213906860629928,2008,2015
TTO,Trinidad and Tobago,2008,10.174999237060547,-61.62500762939453,4342.745760440826,0.0033245226512181583,2008,2015
TTO,Trinidad and Tobago,2008,10.174999237060547,-61.57500457763672,5849.311902999878,0.004477851338363664,2008,2015
TTO,Trinidad and Tobago,2008,10.174999237060547,-61.525001525878906,15497.961241960526,0.0118642273894866,2008,2015
TTO,Trinidad and Tobago,2008,10.174999237060547,-61.475006103515625,19867.963174819946,0.01520961558697195,2008,2015
TTO,Trinidad and Tobago,2008,10.174999237060547,-61.42500305175781,16199.779398918152,0.012401493554385227,2008,2015
TTO,Trinidad and Tobago,2008,10.174999237060547,-61.37500762939453,11309.748452782631,0.00865800509285137,2008,2015
TTO,Trinidad and Tobago,2008,10.174999237060547,-61.32500457763672,4869.460225105286,0.0037277408604101904,2008,2015
TTO,Trinidad and Tobago,2008,10.174999237060547,-61.275001525878906,273.92285323143005,0.0002096974542119537,2008,2015
TTO,Trinidad and Tobago,2008,10.174999237060547,-61.225006103515625,22.1129889190197,1.6928260737039945e-05,2008,2015
TTO,Trinidad and Tobago,2008,10.174999237060547,-61.17500305175781,8.592225075063606,6.577646600134841e-06,2008,2015
TTO,Trinidad and Tobago,2008,10.174999237060547,-61.12500762939453,4.104928016662598,3.142464911791095e-06,2008,2015
TTO,Trinidad and Tobago,2008,10.174999237060547,-61.07500457763672,69.68931519986793,5.334959026160558e-05,2008,2015
TTO,Trinidad and Tobago,2008,10.174999237060547,-61.025001525878906,2443.053310632852,0.0018702421273005805,2008,2015
TTO,Trinidad and Tobago,2008,10.224998474121094,-61.62500762939453,10402.217509746552,0.007963258648265916,2008,2015
TTO,Trinidad and Tobago,2008,10.224998474121094,-61.57500457763672,9163.9048910141,0.007015287346844987,2008,2015
TTO,Trinidad and Tobago,2008,10.224998474121094,-61.525001525878906,7783.3720952274625,0.005958441562283949,2008,2015
TTO,Trinidad and Tobago,2008,10.224998474121094,-61.475006103515625,20364.81988143921,0.015589976645777685,2008,2015
TTO,Trinidad and Tobago,2008,10.224998474121094,-61.42500305175781,11793.057258486748,0.00902799476315006,2008,2015
TTO,Trinidad and Tobago,2008,10.224998474121094,-61.37500762939453,9997.13134765625,0.007653151127390106,2008,2015
TTO,Trinidad and Tobago,2008,10.224998474121094,-61.32500457763672,8022.865767002106,0.006141782282777194,2008,2015
TTO,Trinidad and Tobago,2008,10.224998474121094,-61.275001525878906,543.1880847215652,0.00041582933727747005,2008,2015
TTO,Trinidad and Tobago,2008,10.224998474121094,-61.225006103515625,48.01432240009308,3.67566307602123e-05,2008,2015
TTO,Trinidad and Tobago,2008,10.224998474121094,-61.17500305175781,105.31629526647247,8.062328040134372e-05,2008,2015
TTO,Trinidad and Tobago,2008,10.224998474121094,-61.12500762939453,9.850708783057847,7.541059570686259e-06,2008,2015
TTO,Trinidad and Tobago,2008,10.224998474121094,-61.07500457763672,40.72507613899177,3.1176459679030084e-05,2008,2015
TTO,Trinidad and Tobago,2008,10.224998474121094,-61.025001525878906,1416.2644315958023,0.0010841995923051482,2008,2015
TTO,Trinidad and Tobago,2008,10.27499771118164,-61.42500305175781,34698.90502738953,0.02656321647627706,2008,2015
TTO,Trinidad and Tobago,2008,10.27499771118164,-61.37500762939453,22527.689435958862,0.01724572838034407,2008,2015
TTO,Trinidad and Tobago,2008,10.27499771118164,-61.32500457763672,12947.685933828354,0.009911903100563195,2008,2015
TTO,Trinidad and Tobago,2008,10.27499771118164,-61.275001525878906,3607.5648212434835,0.002761716118224777,2008,2015
TTO,Trinidad and Tobago,2008,10.27499771118164,-61.225006103515625,2367.8870882987976,0.0018126997744802996,2008,2015
TTO,Trinidad and Tobago,2008,10.27499771118164,-61.17500305175781,1298.9188529253006,0.0009943674778249338,2008,2015
TTO,Trinidad and Tobago,2008,10.27499771118164,-61.12500762939453,46.873285532021356,3.588312742314511e-05,2008,2015
TTO,Trinidad and Tobago,2008,10.27499771118164,-61.07500457763672,112.51601064206919,8.613491248133573e-05,2008,2015
TTO,Trinidad and Tobago,2008,10.27499771118164,-61.025001525878906,5959.307465851355,0.004562056760556306,2008,2015
TTO,Trinidad and Tobago,2008,10.324996948242188,-61.42500305175781,28266.104011535645,0.021638683964428022,2008,2015
TTO,Trinidad and Tobago,2008,10.324996948242188,-61.37500762939453,11410.561076879501,0.008735180656613769,2008,2015
TTO,Trinidad and Tobago,2008,10.324996948242188,-61.32500457763672,4742.715265393347,0.0036307131934147133,2008,2015
TTO,Trinidad and Tobago,2008,10.324996948242188,-61.275001525878906,3099.711507678268,0.0023729367750213257,2008,2015
TTO,Trinidad and Tobago,2008,10.324996948242188,-61.225006103515625,4248.120446383973,0.003252083688102641,2008,2015
TTO,Trinidad and Tobago,2008,10.324996948242188,-61.17500305175781,8676.40120625496,0.006642086350991718,2008,2015
TTO,Trinidad and Tobago,2008,10.324996948242188,-61.12500762939453,2334.857635259652,0.0017874145814611164,2008,2015
TTO,Trinidad and Tobago,2008,10.324996948242188,-61.07500457763672,1061.6189053058758,0.0008127061293343009,2008,2015
TTO,Trinidad and Tobago,2008,10.324996948242188,-61.025001525878906,2577.311398744583,0.001973021354927156,2008,2015
TTO,Trinidad and Tobago,2008,10.324996948242188,-60.975006103515625,746.4206466674805,0.0005714109192823324,2008,2015
TTO,Trinidad and Tobago,2008,10.374996185302734,-61.475006103515625,11106.767411589622,0.008502616058715166,2008,2015
TTO,Trinidad and Tobago,2008,10.374996185302734,-61.42500305175781,11040.14974117279,0.008451617919176445,2008,2015
TTO,Trinidad and Tobago,2008,10.374996185302734,-61.37500762939453,3485.5280680656433,0.002668292746790833,2008,2015
TTO,Trinidad and Tobago,2008,10.374996185302734,-61.32500457763672,2236.5144369602203,0.0017121294488802693,2008,2015
TTO,Trinidad and Tobago,2008,10.374996185302734,-61.275001525878906,1258.7909245194955,0.0009636481554674543,2008,2015
TTO,Trinidad and Tobago,2008,10.374996185302734,-61.225006103515625,35.65965339541435,2.729870270729584e-05,2008,2015
TTO,Trinidad and Tobago,2008,10.374996185302734,-61.17500305175781,1326.1545557977706,0.001015217353943904,2008,2015
TTO,Trinidad and Tobago,2008,10.374996185302734,-61.12500762939453,232.86657583713531,0.0001782674484733323,2008,2015
TTO,Trinidad and Tobago,2008,10.374996185302734,-61.07500457763672,1.928596019744873,1.4764072101794357e-06,2008,2015
TTO,Trinidad and Tobago,2008,10.374996185302734,-61.025001525878906,702.8208656311035,0.0005380337732002478,2008,2015
TTO,Trinidad and Tobago,2008,10.424999237060547,-61.475006103515625,20246.283831119537,0.015499233183919194,2008,2015
TTO,Trinidad and Tobago,2008,10.424999237060547,-61.42500305175781,21377.982135772705,0.016365587526472908,2008,2015
TTO,Trinidad and Tobago,2008,10.424999237060547,-61.37500762939453,5993.288871258497,0.004588070706163107,2008,2015
TTO,Trinidad and Tobago,2008,10.424999237060547,-61.32500457763672,2072.6694180965424,0.0015867003985629716,2008,2015
TTO,Trinidad and Tobago,2008,10.424999237060547,-61.275001525878906,727.994063377407,0.0005573047300390116,2008,2015
TTO,Trinidad and Tobago,2008,10.424999237060547,-61.225006103515625,2.1559770107269287,1.6504752529974759e-06,2008,2015
TTO,Trinidad and Tobago,2008,10.424999237060547,-61.17500305175781,331.39038604548506,0.00025369084574094694,2008,2015
TTO,Trinidad and Tobago,2008,10.424999237060547,-61.12500762939453,2849.979640782144,0.002181758360712567,2008,2015
TTO,Trinidad and Tobago,2008,10.424999237060547,-61.07500457763672,239.48500049162965,0.00018333408232504866,2008,2015
TTO,Trinidad and Tobago,2008,10.474998474121094,-61.42500305175781,28558.493215560913,0.02186251805128808,2008,2015
TTO,Trinidad and Tobago,2008,10.474998474121094,-61.37500762939453,10146.786581516266,0.007767717404645644,2008,2015
TTO,Trinidad and Tobago,2008,10.474998474121094,-61.32500457763672,5028.437490941526,0.0038494434767861636,2008,2015
TTO,Trinidad and Tobago,2008,10.474998474121094,-61.275001525878906,978.394487440592,0.000748994948070147,2008,2015
TTO,Trinidad and Tobago,2008,10.474998474121094,-61.225006103515625,750.5424882769585,0.0005745663321366304,2008,2015
TTO,Trinidad and Tobago,2008,10.474998474121094,-61.17500305175781,1055.3502749204636,0.0008079072751397367,2008,2015
TTO,Trinidad and Tobago,2008,10.474998474121094,-61.12500762939453,417.1077086929215,0.0003193104321645949,2008,2015
TTO,Trinidad and Tobago,2008,10.474998474121094,-61.07500457763672,1293.938172698021,0.0009905545941915192,2008,2015
TTO,Trinidad and Tobago,2008,10.52499771118164,-61.42500305175781,31036.8824634552,0.023759811065356608,2008,2015
TTO,Trinidad and Tobago,2008,10.52499771118164,-61.37500762939453,49939.94245147705,0.03823075976329169,2008,2015
TTO,Trinidad and Tobago,2008,10.52499771118164,-61.32500457763672,5499.169695615768,0.004209805322361605,2008,2015
TTO,Trinidad and Tobago,2008,10.52499771118164,-61.275001525878906,2738.4871969223022,0.002096407024139254,2008,2015
TTO,Trinidad and Tobago,2008,10.52499771118164,-61.225006103515625,823.5519693346814,0.0006304576246320595,2008,2015
TTO,Trinidad and Tobago,2008,10.52499771118164,-61.17500305175781,2906.644977092743,0.002225137642967478,2008,2015
TTO,Trinidad and Tobago,2008,10.52499771118164,-61.12500762939453,1768.613944530698,0.0013539353773396466,2008,2015
TTO,Trinidad and Tobago,2008,10.52499771118164,-61.07500457763672,2478.869239807129,0.0018976604645421834,2008,2015
TTO,Trinidad and Tobago,2008,10.52499771118164,-61.025001525878906,1042.3909348249435,0.0007979864503737889,2008,2015
TTO,Trinidad and Tobago,2008,10.574996948242188,-61.42500305175781,16908.30484783653,0.012943894384143806,2008,2015
TTO,Trinidad and Tobago,2008,10.574996948242188,-61.37500762939453,26199.22194266467,0.02005641398262262,2008,2015
TTO,Trinidad and Tobago,2008,10.574996948242188,-61.32500457763672,15680.508340835571,0.012003973531352075,2008,2015
TTO,Trinidad and Tobago,2008,10.574996948242188,-61.275001525878906,13953.582549571991,0.010681951882669185,2008,2015
TTO,Trinidad and Tobago,2008,10.574996948242188,-61.225006103515625,2672.280939102173,0.0020457238352267473,2008,2015
TTO,Trinidad and Tobago,2008,10.574996948242188,-61.17500305175781,4653.318835616112,0.003562277122751833,2008,2015
TTO,Trinidad and Tobago,2008,10.574996948242188,-61.12500762939453,24717.613686561584,0.01892219142404794,2008,2015
TTO,Trinidad and Tobago,2008,10.574996948242188,-61.07500457763672,3580.5552192926407,0.002741039330211092,2008,2015
TTO,Trinidad and Tobago,2008,10.574996948242188,-61.025001525878906,714.4044940473984,0.0005469014429137421,2008,2015
TTO,Trinidad and Tobago,2008,10.624996185302734,-61.475006103515625,29214.68886351589,0.0223648586016213,2008,2015
TTO,Trinidad and Tobago,2008,10.624996185302734,-61.42500305175781,47074.37535953522,0.0360370686675507,2008,2015
TTO,Trinidad and Tobago,2008,10.624996185302734,-61.37500762939453,44533.134994506836,0.03409166094124872,2008,2015
TTO,Trinidad and Tobago,2008,10.624996185302734,-61.32500457763672,47626.65752029419,0.03645985983576326,2008,2015
TTO,Trinidad and Tobago,2008,10.624996185302734,-61.275001525878906,61748.409606933594,0.04727055133757348,2008,2015
TTO,Trinidad and Tobago,2008,10.624996185302734,-61.225006103515625,10454.164166927338,0.008003025617823687,2008,2015
TTO,Trinidad and Tobago,2008,10.624996185302734,-61.17500305175781,5657.001993775368,0.0043306314262300805,2008,2015
TTO,Trinidad and Tobago,2008,10.624996185302734,-61.12500762939453,5357.23506963253,0.004101149438480078,2008,2015
TTO,Trinidad and Tobago,2008,10.624996185302734,-61.07500457763672,2829.995667695999,0.0021664599355108397,2008,2015
TTO,Trinidad and Tobago,2008,10.674999237060547,-61.525001525878906,67531.63975524907,0.05169781479849754,2008,2015
TTO,Trinidad and Tobago,2008,10.674999237060547,-61.475006103515625,65203.30487823486,0.049915393614930664,2008,2015
TTO,Trinidad and Tobago,2008,10.674999237060547,-61.42500305175781,36981.51876115799,0.028310636537341054,2008,2015
TTO,Trinidad and Tobago,2008,10.674999237060547,-61.37500762939453,11226.039963841742,0.008593923338372845,2008,2015
TTO,Trinidad and Tobago,2008,10.674999237060547,-61.32500457763672,2033.334975719452,0.001556588517308749,2008,2015
TTO,Trinidad and Tobago,2008,10.674999237060547,-61.275001525878906,3450.9431210776097,0.002641816769150082,2008,2015
TTO,Trinidad and Tobago,2008,10.674999237060547,-61.225006103515625,2934.6827890872955,0.002246601561467055,2008,2015
TTO,Trinidad and Tobago,2008,10.674999237060547,-61.17500305175781,5685.081978917122,0.004352127629738009,2008,2015
TTO,Trinidad and Tobago,2008,10.674999237060547,-61.12500762939453,660.6320811510247,0.0005057367939690377,2008,2015
TTO,Trinidad and Tobago,2008,10.674999237060547,-61.07500457763672,2162.6526412966396,0.0016555856799633673,2008,2015
TTO,Trinidad and Tobago,2008,10.724998474121094,-61.62500762939453,978.1933457852123,0.0007488409671497108,2008,2015
TTO,Trinidad and Tobago,2008,10.724998474121094,-61.57500457763672,33262.726905345924,0.025463772262569913,2008,2015
TTO,Trinidad and Tobago,2008,10.724998474121094,-61.525001525878906,21071.671877385284,0.01613109638918697,2008,2015
TTO,Trinidad and Tobago,2008,10.724998474121094,-61.475006103515625,15894.747921466827,0.012167981368302628,2008,2015
TTO,Trinidad and Tobago,2008,10.724998474121094,-61.42500305175781,2432.139272095283,0.001861887051886096,2008,2015
TTO,Trinidad and Tobago,2008,10.724998474121094,-61.37500762939453,761.69478881402,0.0005831038053837149,2008,2015
TTO,Trinidad and Tobago,2008,10.724998474121094,-61.32500457763672,592.3097292781093,0.00045343366159249535,2008,2015
TTO,Trinidad and Tobago,2008,10.724998474121094,-61.275001525878906,651.6293747127056,0.0004988449096342243,2008,2015
TTO,Trinidad and Tobago,2008,10.724998474121094,-61.225006103515625,84.4541950225991,6.46526183735255e-05,2008,2015
TTO,Trinidad and Tobago,2008,10.724998474121094,-61.17500305175781,86.32691979408264,6.608625420342092e-05,2008,2015
TTO,Trinidad and Tobago,2008,10.724998474121094,-61.12500762939453,53.10813444852829,4.065612073043608e-05,2008,2015
TTO,Trinidad and Tobago,2008,10.724998474121094,-61.07500457763672,0.0,0.0,2008,2015
TTO,Trinidad and Tobago,2008,10.724998474121094,-61.025001525878906,442.51565015341475,0.00033876109346641156,2008,2015
TTO,Trinidad and Tobago,2008,10.77499771118164,-61.37500762939453,1124.0914140343666,0.0008605310036887252,2008,2015
TTO,Trinidad and Tobago,2008,10.77499771118164,-61.32500457763672,769.7396734654903,0.000589262443887005,2008,2015
TTO,Trinidad and Tobago,2008,10.77499771118164,-61.275001525878906,158.0992380981292,0.00012103045565905058,2008,2015
TTO,Trinidad and Tobago,2008,10.77499771118164,-61.225006103515625,6.852275848388672,5.245655059496469e-06,2008,2015
TTO,Trinidad and Tobago,2008,10.77499771118164,-61.17500305175781,0.0,0.0,2008,2015
TTO,Trinidad and Tobago,2008,10.77499771118164,-61.12500762939453,0.0,0.0,2008,2015
TTO,Trinidad and Tobago,2008,10.77499771118164,-61.07500457763672,0.0,0.0,2008,2015
TTO,Trinidad and Tobago,2008,10.77499771118164,-61.025001525878906,0.0,0.0,2008,2015
TTO,Trinidad and Tobago,2008,10.77499771118164,-60.975006103515625,772.9247063998332,0.0005917006971763304,2008,2015
TTO,Trinidad and Tobago,2008,10.824996948242188,-61.07500457763672,193.78130722049718,0.00014834631838355942,2008,2015
TTO,Trinidad and Tobago,2008,10.824996948242188,-61.025001525878906,471.85905826108393,0.0003612244911183115,2008,2015
TTO,Trinidad and Tobago,2008,10.824996948242188,-60.975006103515625,440.33164036273956,0.00033708915814712067,2008,2015
TTO,Trinidad and Tobago,2008,10.824996948242188,-60.92500305175781,1700.7900636196136,0.0013020138417903183,2008,2015
TTO,Trinidad and Tobago,2008,11.174999237060547,-60.82500457763672,7322.832440540213,0.00560588246758886,2008,2015
TTO,Trinidad and Tobago,2008,11.174999237060547,-60.775001525878906,15465.972702026367,0.011839739051587743,2008,2015
TTO,Trinidad and Tobago,2008,11.224998474121094,-60.775001525878906,5011.633757054848,0.0038365796351032843,2008,2015
TTO,Trinidad and Tobago,2008,11.224998474121094,-60.725006103515625,9497.901493072584,0.007270973341426585,2008,2015
TTO,Trinidad and Tobago,2008,11.224998474121094,-60.67500305175781,827.7235083580017,0.0006336510825820503,2008,2015
TTO,Trinidad and Tobago,2008,11.224998474121094,-60.62500762939453,4191.92837330699,0.003209066705283832,2008,2015
TTO,Trinidad and Tobago,2008,11.27499771118164,-60.67500305175781,1001.0290480852127,0.0007663224900710801,2008,2015
TTO,Trinidad and Tobago,2008,11.27499771118164,-60.62500762939453,402.89156717062446,0.000308427482272773,2008,2015
TTO,Trinidad and Tobago,2008,11.27499771118164,-60.57500457763672,2935.5462069525934,0.0022472625378191125,2008,2015
TTO,Trinidad and Tobago,2008,11.324996948242188,-60.525001525878906,734.0978908538818,0.000561977421885151,2008,2015
TTO,Trinidad and Tobago,2009,10.074996948242188,-61.87500762939453,1316.3905193827227,0.0010077426450800237,2009,2015
TTO,Trinidad and Tobago,2009,10.074996948242188,-61.62500762939453,4031.380955696106,0.0030861620832117855,2009,2015
TTO,Trinidad and Tobago,2009,10.074996948242188,-61.57500457763672,2907.2335841061886,0.0022255882420715496,2009,2015
TTO,Trinidad and Tobago,2009,10.074996948242188,-61.525001525878906,66.27553719290562,5.07362246776105e-05,2009,2015
TTO,Trinidad and Tobago,2009,10.074996948242188,-61.475006103515625,320.58669388308033,0.00024542024430766,2009,2015
TTO,Trinidad and Tobago,2009,10.074996948242188,-61.37500762939453,185.69169107079506,0.0001421534363653832,2009,2015
TTO,Trinidad and Tobago,2009,10.074996948242188,-61.32500457763672,676.592350423647,0.0005179549342064223,2009,2015
TTO,Trinidad and Tobago,2009,10.124996185302734,-61.775001525878906,1473.9452751877334,0.0011283562806403366,2009,2015
TTO,Trinidad and Tobago,2009,10.124996185302734,-61.725006103515625,2479.3675408363342,0.0018980419312800729,2009,2015
TTO,Trinidad and Tobago,2009,10.124996185302734,-61.67500305175781,1652.9436380865689,0.0012653857419108808,2009,2015
TTO,Trinidad and Tobago,2009,10.124996185302734,-61.62500762939453,1125.7217997312546,0.0008617791205434812,2009,2015
TTO,Trinidad and Tobago,2009,10.124996185302734,-61.57500457763672,4819.468286931526,0.003689470296116302,2009,2015
TTO,Trinidad and Tobago,2009,10.124996185302734,-61.525001525878906,9338.179912686348,0.007148700926421452,2009,2015
TTO,Trinidad and Tobago,2009,10.124996185302734,-61.475006103515625,6493.076336860657,0.004970675362720445,2009,2015
TTO,Trinidad and Tobago,2009,10.124996185302734,-61.42500305175781,9334.966004371643,0.007146240568025962,2009,2015
TTO,Trinidad and Tobago,2009,10.124996185302734,-61.37500762939453,1381.5868020057678,0.0010576526629148078,2009,2015
TTO,Trinidad and Tobago,2009,10.124996185302734,-61.32500457763672,939.3252602815821,0.0007190860982731164,2009,2015
TTO,Trinidad and Tobago,2009,10.124996185302734,-61.275001525878906,3086.576643587272,0.002362881580542993,2009,2015
TTO,Trinidad and Tobago,2009,10.124996185302734,-61.225006103515625,137.29183292388916,0.00010510166460594203,2009,2015
TTO,Trinidad and Tobago,2009,10.124996185302734,-61.17500305175781,54.55355703850771,4.176264190529786e-05,2009,2015
TTO,Trinidad and Tobago,2009,10.124996185302734,-61.12500762939453,97.48702788420779,7.462970440343858e-05,2009,2015
TTO,Trinidad and Tobago,2009,10.124996185302734,-61.07500457763672,785.0877358913422,0.000601011918528568,2009,2015
TTO,Trinidad and Tobago,2009,10.174999237060547,-61.67500305175781,19873.568764686584,0.015213906860629928,2009,2015
TTO,Trinidad and Tobago,2009,10.174999237060547,-61.62500762939453,4342.745760440826,0.0033245226512181583,2009,2015
TTO,Trinidad and Tobago,2009,10.174999237060547,-61.57500457763672,5849.311902999878,0.004477851338363664,2009,2015
TTO,Trinidad and Tobago,2009,10.174999237060547,-61.525001525878906,15497.961241960526,0.0118642273894866,2009,2015
TTO,Trinidad and Tobago,2009,10.174999237060547,-61.475006103515625,19867.963174819946,0.01520961558697195,2009,2015
TTO,Trinidad and Tobago,2009,10.174999237060547,-61.42500305175781,16199.779398918152,0.012401493554385227,2009,2015
TTO,Trinidad and Tobago,2009,10.174999237060547,-61.37500762939453,11309.748452782631,0.00865800509285137,2009,2015
TTO,Trinidad and Tobago,2009,10.174999237060547,-61.32500457763672,4869.460225105286,0.0037277408604101904,2009,2015
TTO,Trinidad and Tobago,2009,10.174999237060547,-61.275001525878906,273.92285323143005,0.0002096974542119537,2009,2015
TTO,Trinidad and Tobago,2009,10.174999237060547,-61.225006103515625,22.1129889190197,1.6928260737039945e-05,2009,2015
TTO,Trinidad and Tobago,2009,10.174999237060547,-61.17500305175781,8.592225075063606,6.577646600134841e-06,2009,2015
TTO,Trinidad and Tobago,2009,10.174999237060547,-61.12500762939453,4.104928016662598,3.142464911791095e-06,2009,2015
TTO,Trinidad and Tobago,2009,10.174999237060547,-61.07500457763672,69.68931519986793,5.334959026160558e-05,2009,2015
TTO,Trinidad and Tobago,2009,10.174999237060547,-61.025001525878906,2443.053310632852,0.0018702421273005805,2009,2015
TTO,Trinidad and Tobago,2009,10.224998474121094,-61.62500762939453,10402.217509746552,0.007963258648265916,2009,2015
TTO,Trinidad and Tobago,2009,10.224998474121094,-61.57500457763672,9163.9048910141,0.007015287346844987,2009,2015
TTO,Trinidad and Tobago,2009,10.224998474121094,-61.525001525878906,7783.3720952274625,0.005958441562283949,2009,2015
TTO,Trinidad and Tobago,2009,10.224998474121094,-61.475006103515625,20364.81988143921,0.015589976645777685,2009,2015
TTO,Trinidad and Tobago,2009,10.224998474121094,-61.42500305175781,11793.057258486748,0.00902799476315006,2009,2015
TTO,Trinidad and Tobago,2009,10.224998474121094,-61.37500762939453,9997.13134765625,0.007653151127390106,2009,2015
TTO,Trinidad and Tobago,2009,10.224998474121094,-61.32500457763672,8022.865767002106,0.006141782282777194,2009,2015
TTO,Trinidad and Tobago,2009,10.224998474121094,-61.275001525878906,543.1880847215652,0.00041582933727747005,2009,2015
TTO,Trinidad and Tobago,2009,10.224998474121094,-61.225006103515625,48.01432240009308,3.67566307602123e-05,2009,2015
TTO,Trinidad and Tobago,2009,10.224998474121094,-61.17500305175781,105.31629526647247,8.062328040134372e-05,2009,2015
TTO,Trinidad and Tobago,2009,10.224998474121094,-61.12500762939453,9.850708783057847,7.541059570686259e-06,2009,2015
TTO,Trinidad and Tobago,2009,10.224998474121094,-61.07500457763672,40.72507613899177,3.1176459679030084e-05,2009,2015
TTO,Trinidad and Tobago,2009,10.224998474121094,-61.025001525878906,1416.2644315958023,0.0010841995923051482,2009,2015
TTO,Trinidad and Tobago,2009,10.27499771118164,-61.42500305175781,34698.90502738953,0.02656321647627706,2009,2015
TTO,Trinidad and Tobago,2009,10.27499771118164,-61.37500762939453,22527.689435958862,0.01724572838034407,2009,2015
TTO,Trinidad and Tobago,2009,10.27499771118164,-61.32500457763672,12947.685933828354,0.009911903100563195,2009,2015
TTO,Trinidad and Tobago,2009,10.27499771118164,-61.275001525878906,3607.5648212434835,0.002761716118224777,2009,2015
TTO,Trinidad and Tobago,2009,10.27499771118164,-61.225006103515625,2367.8870882987976,0.0018126997744802996,2009,2015
TTO,Trinidad and Tobago,2009,10.27499771118164,-61.17500305175781,1298.9188529253006,0.0009943674778249338,2009,2015
TTO,Trinidad and Tobago,2009,10.27499771118164,-61.12500762939453,46.873285532021356,3.588312742314511e-05,2009,2015
TTO,Trinidad and Tobago,2009,10.27499771118164,-61.07500457763672,112.51601064206919,8.613491248133573e-05,2009,2015
TTO,Trinidad and Tobago,2009,10.27499771118164,-61.025001525878906,5959.307465851355,0.004562056760556306,2009,2015
TTO,Trinidad and Tobago,2009,10.324996948242188,-61.42500305175781,28266.104011535645,0.021638683964428022,2009,2015
TTO,Trinidad and Tobago,2009,10.324996948242188,-61.37500762939453,11410.561076879501,0.008735180656613769,2009,2015
TTO,Trinidad and Tobago,2009,10.324996948242188,-61.32500457763672,4742.715265393347,0.0036307131934147133,2009,2015
TTO,Trinidad and Tobago,2009,10.324996948242188,-61.275001525878906,3099.711507678268,0.0023729367750213257,2009,2015
TTO,Trinidad and Tobago,2009,10.324996948242188,-61.225006103515625,4248.120446383973,0.003252083688102641,2009,2015
TTO,Trinidad and Tobago,2009,10.324996948242188,-61.17500305175781,8676.40120625496,0.006642086350991718,2009,2015
TTO,Trinidad and Tobago,2009,10.324996948242188,-61.12500762939453,2334.857635259652,0.0017874145814611164,2009,2015
TTO,Trinidad and Tobago,2009,10.324996948242188,-61.07500457763672,1061.6189053058758,0.0008127061293343009,2009,2015
TTO,Trinidad and Tobago,2009,10.324996948242188,-61.025001525878906,2577.311398744583,0.001973021354927156,2009,2015
TTO,Trinidad and Tobago,2009,10.324996948242188,-60.975006103515625,746.4206466674805,0.0005714109192823324,2009,2015
TTO,Trinidad and Tobago,2009,10.374996185302734,-61.475006103515625,11106.767411589622,0.008502616058715166,2009,2015
TTO,Trinidad and Tobago,2009,10.374996185302734,-61.42500305175781,11040.14974117279,0.008451617919176445,2009,2015
TTO,Trinidad and Tobago,2009,10.374996185302734,-61.37500762939453,3485.5280680656433,0.002668292746790833,2009,2015
TTO,Trinidad and Tobago,2009,10.374996185302734,-61.32500457763672,2236.5144369602203,0.0017121294488802693,2009,2015
TTO,Trinidad and Tobago,2009,10.374996185302734,-61.275001525878906,1258.7909245194955,0.0009636481554674543,2009,2015
TTO,Trinidad and Tobago,2009,10.374996185302734,-61.225006103515625,35.65965339541435,2.729870270729584e-05,2009,2015
TTO,Trinidad and Tobago,2009,10.374996185302734,-61.17500305175781,1326.1545557977706,0.001015217353943904,2009,2015
TTO,Trinidad and Tobago,2009,10.374996185302734,-61.12500762939453,232.86657583713531,0.0001782674484733323,2009,2015
TTO,Trinidad and Tobago,2009,10.374996185302734,-61.07500457763672,1.928596019744873,1.4764072101794357e-06,2009,2015
TTO,Trinidad and Tobago,2009,10.374996185302734,-61.025001525878906,702.8208656311035,0.0005380337732002478,2009,2015
TTO,Trinidad and Tobago,2009,10.424999237060547,-61.475006103515625,20246.283831119537,0.015499233183919194,2009,2015
TTO,Trinidad and Tobago,2009,10.424999237060547,-61.42500305175781,21377.982135772705,0.016365587526472908,2009,2015
TTO,Trinidad and Tobago,2009,10.424999237060547,-61.37500762939453,5993.288871258497,0.004588070706163107,2009,2015
TTO,Trinidad and Tobago,2009,10.424999237060547,-61.32500457763672,2072.6694180965424,0.0015867003985629716,2009,2015
TTO,Trinidad and Tobago,2009,10.424999237060547,-61.275001525878906,727.994063377407,0.0005573047300390116,2009,2015
TTO,Trinidad and Tobago,2009,10.424999237060547,-61.225006103515625,2.1559770107269287,1.6504752529974759e-06,2009,2015
TTO,Trinidad and Tobago,2009,10.424999237060547,-61.17500305175781,331.39038604548506,0.00025369084574094694,2009,2015
TTO,Trinidad and Tobago,2009,10.424999237060547,-61.12500762939453,2849.979640782144,0.002181758360712567,2009,2015
TTO,Trinidad and Tobago,2009,10.424999237060547,-61.07500457763672,239.48500049162965,0.00018333408232504866,2009,2015
TTO,Trinidad and Tobago,2009,10.474998474121094,-61.42500305175781,28558.493215560913,0.02186251805128808,2009,2015
TTO,Trinidad and Tobago,2009,10.474998474121094,-61.37500762939453,10146.786581516266,0.007767717404645644,2009,2015
TTO,Trinidad and Tobago,2009,10.474998474121094,-61.32500457763672,5028.437490941526,0.0038494434767861636,2009,2015
TTO,Trinidad and Tobago,2009,10.474998474121094,-61.275001525878906,978.394487440592,0.000748994948070147,2009,2015
TTO,Trinidad and Tobago,2009,10.474998474121094,-61.225006103515625,750.5424882769585,0.0005745663321366304,2009,2015
TTO,Trinidad and Tobago,2009,10.474998474121094,-61.17500305175781,1055.3502749204636,0.0008079072751397367,2009,2015
TTO,Trinidad and Tobago,2009,10.474998474121094,-61.12500762939453,417.1077086929215,0.0003193104321645949,2009,2015
TTO,Trinidad and Tobago,2009,10.474998474121094,-61.07500457763672,1293.938172698021,0.0009905545941915192,2009,2015
TTO,Trinidad and Tobago,2009,10.52499771118164,-61.42500305175781,31036.8824634552,0.023759811065356608,2009,2015
TTO,Trinidad and Tobago,2009,10.52499771118164,-61.37500762939453,49939.94245147705,0.03823075976329169,2009,2015
TTO,Trinidad and Tobago,2009,10.52499771118164,-61.32500457763672,5499.169695615768,0.004209805322361605,2009,2015
TTO,Trinidad and Tobago,2009,10.52499771118164,-61.275001525878906,2738.4871969223022,0.002096407024139254,2009,2015
TTO,Trinidad and Tobago,2009,10.52499771118164,-61.225006103515625,823.5519693346814,0.0006304576246320595,2009,2015
TTO,Trinidad and Tobago,2009,10.52499771118164,-61.17500305175781,2906.644977092743,0.002225137642967478,2009,2015
TTO,Trinidad and Tobago,2009,10.52499771118164,-61.12500762939453,1768.613944530698,0.0013539353773396466,2009,2015
TTO,Trinidad and Tobago,2009,10.52499771118164,-61.07500457763672,2478.869239807129,0.0018976604645421834,2009,2015
TTO,Trinidad and Tobago,2009,10.52499771118164,-61.025001525878906,1042.3909348249435,0.0007979864503737889,2009,2015
TTO,Trinidad and Tobago,2009,10.574996948242188,-61.42500305175781,16908.30484783653,0.012943894384143806,2009,2015
TTO,Trinidad and Tobago,2009,10.574996948242188,-61.37500762939453,26199.22194266467,0.02005641398262262,2009,2015
TTO,Trinidad and Tobago,2009,10.574996948242188,-61.32500457763672,15680.508340835571,0.012003973531352075,2009,2015
TTO,Trinidad and Tobago,2009,10.574996948242188,-61.275001525878906,13953.582549571991,0.010681951882669185,2009,2015
TTO,Trinidad and Tobago,2009,10.574996948242188,-61.225006103515625,2672.280939102173,0.0020457238352267473,2009,2015
TTO,Trinidad and Tobago,2009,10.574996948242188,-61.17500305175781,4653.318835616112,0.003562277122751833,2009,2015
TTO,Trinidad and Tobago,2009,10.574996948242188,-61.12500762939453,24717.613686561584,0.01892219142404794,2009,2015
TTO,Trinidad and Tobago,2009,10.574996948242188,-61.07500457763672,3580.5552192926407,0.002741039330211092,2009,2015
TTO,Trinidad and Tobago,2009,10.574996948242188,-61.025001525878906,714.4044940473984,0.0005469014429137421,2009,2015
TTO,Trinidad and Tobago,2009,10.624996185302734,-61.475006103515625,29214.68886351589,0.0223648586016213,2009,2015
TTO,Trinidad and Tobago,2009,10.624996185302734,-61.42500305175781,47074.37535953522,0.0360370686675507,2009,2015
TTO,Trinidad and Tobago,2009,10.624996185302734,-61.37500762939453,44533.134994506836,0.03409166094124872,2009,2015
TTO,Trinidad and Tobago,2009,10.624996185302734,-61.32500457763672,47626.65752029419,0.03645985983576326,2009,2015
TTO,Trinidad and Tobago,2009,10.624996185302734,-61.275001525878906,61748.409606933594,0.04727055133757348,2009,2015
TTO,Trinidad and Tobago,2009,10.624996185302734,-61.225006103515625,10454.164166927338,0.008003025617823687,2009,2015
TTO,Trinidad and Tobago,2009,10.624996185302734,-61.17500305175781,5657.001993775368,0.0043306314262300805,2009,2015
TTO,Trinidad and Tobago,2009,10.624996185302734,-61.12500762939453,5357.23506963253,0.004101149438480078,2009,2015
TTO,Trinidad and Tobago,2009,10.624996185302734,-61.07500457763672,2829.995667695999,0.0021664599355108397,2009,2015
TTO,Trinidad and Tobago,2009,10.674999237060547,-61.525001525878906,67531.63975524907,0.05169781479849754,2009,2015
TTO,Trinidad and Tobago,2009,10.674999237060547,-61.475006103515625,65203.30487823486,0.049915393614930664,2009,2015
TTO,Trinidad and Tobago,2009,10.674999237060547,-61.42500305175781,36981.51876115799,0.028310636537341054,2009,2015
TTO,Trinidad and Tobago,2009,10.674999237060547,-61.37500762939453,11226.039963841742,0.008593923338372845,2009,2015
TTO,Trinidad and Tobago,2009,10.674999237060547,-61.32500457763672,2033.334975719452,0.001556588517308749,2009,2015
TTO,Trinidad and Tobago,2009,10.674999237060547,-61.275001525878906,3450.9431210776097,0.002641816769150082,2009,2015
TTO,Trinidad and Tobago,2009,10.674999237060547,-61.225006103515625,2934.6827890872955,0.002246601561467055,2009,2015
TTO,Trinidad and Tobago,2009,10.674999237060547,-61.17500305175781,5685.081978917122,0.004352127629738009,2009,2015
TTO,Trinidad and Tobago,2009,10.674999237060547,-61.12500762939453,660.6320811510247,0.0005057367939690377,2009,2015
TTO,Trinidad and Tobago,2009,10.674999237060547,-61.07500457763672,2162.6526412966396,0.0016555856799633673,2009,2015
TTO,Trinidad and Tobago,2009,10.724998474121094,-61.62500762939453,978.1933457852123,0.0007488409671497108,2009,2015
TTO,Trinidad and Tobago,2009,10.724998474121094,-61.57500457763672,33262.726905345924,0.025463772262569913,2009,2015
TTO,Trinidad and Tobago,2009,10.724998474121094,-61.525001525878906,21071.671877385284,0.01613109638918697,2009,2015
TTO,Trinidad and Tobago,2009,10.724998474121094,-61.475006103515625,15894.747921466827,0.012167981368302628,2009,2015
TTO,Trinidad and Tobago,2009,10.724998474121094,-61.42500305175781,2432.139272095283,0.001861887051886096,2009,2015
TTO,Trinidad and Tobago,2009,10.724998474121094,-61.37500762939453,761.69478881402,0.0005831038053837149,2009,2015
TTO,Trinidad and Tobago,2009,10.724998474121094,-61.32500457763672,592.3097292781093,0.00045343366159249535,2009,2015
TTO,Trinidad and Tobago,2009,10.724998474121094,-61.275001525878906,651.6293747127056,0.0004988449096342243,2009,2015
TTO,Trinidad and Tobago,2009,10.724998474121094,-61.225006103515625,84.4541950225991,6.46526183735255e-05,2009,2015
TTO,Trinidad and Tobago,2009,10.724998474121094,-61.17500305175781,86.32691979408264,6.608625420342092e-05,2009,2015
TTO,Trinidad and Tobago,2009,10.724998474121094,-61.12500762939453,53.10813444852829,4.065612073043608e-05,2009,2015
TTO,Trinidad and Tobago,2009,10.724998474121094,-61.07500457763672,0.0,0.0,2009,2015
TTO,Trinidad and Tobago,2009,10.724998474121094,-61.025001525878906,442.51565015341475,0.00033876109346641156,2009,2015
TTO,Trinidad and Tobago,2009,10.77499771118164,-61.37500762939453,1124.0914140343666,0.0008605310036887252,2009,2015
TTO,Trinidad and Tobago,2009,10.77499771118164,-61.32500457763672,769.7396734654903,0.000589262443887005,2009,2015
TTO,Trinidad and Tobago,2009,10.77499771118164,-61.275001525878906,158.0992380981292,0.00012103045565905058,2009,2015
TTO,Trinidad and Tobago,2009,10.77499771118164,-61.225006103515625,6.852275848388672,5.245655059496469e-06,2009,2015
TTO,Trinidad and Tobago,2009,10.77499771118164,-61.17500305175781,0.0,0.0,2009,2015
TTO,Trinidad and Tobago,2009,10.77499771118164,-61.12500762939453,0.0,0.0,2009,2015
TTO,Trinidad and Tobago,2009,10.77499771118164,-61.07500457763672,0.0,0.0,2009,2015
TTO,Trinidad and Tobago,2009,10.77499771118164,-61.025001525878906,0.0,0.0,2009,2015
TTO,Trinidad and Tobago,2009,10.77499771118164,-60.975006103515625,772.9247063998332,0.0005917006971763304,2009,2015
TTO,Trinidad and Tobago,2009,10.824996948242188,-61.07500457763672,193.78130722049718,0.00014834631838355942,2009,2015
TTO,Trinidad and Tobago,2009,10.824996948242188,-61.025001525878906,471.85905826108393,0.0003612244911183115,2009,2015
TTO,Trinidad and Tobago,2009,10.824996948242188,-60.975006103515625,440.33164036273956,0.00033708915814712067,2009,2015
TTO,Trinidad and Tobago,2009,10.824996948242188,-60.92500305175781,1700.7900636196136,0.0013020138417903183,2009,2015
TTO,Trinidad and Tobago,2009,11.174999237060547,-60.82500457763672,7322.832440540213,0.00560588246758886,2009,2015
TTO,Trinidad and Tobago,2009,11.174999237060547,-60.775001525878906,15465.972702026367,0.011839739051587743,2009,2015
TTO,Trinidad and Tobago,2009,11.224998474121094,-60.775001525878906,5011.633757054848,0.0038365796351032843,2009,2015
TTO,Trinidad and Tobago,2009,11.224998474121094,-60.725006103515625,9497.901493072584,0.007270973341426585,2009,2015
TTO,Trinidad and Tobago,2009,11.224998474121094,-60.67500305175781,827.7235083580017,0.0006336510825820503,2009,2015
TTO,Trinidad and Tobago,2009,11.224998474121094,-60.62500762939453,4191.92837330699,0.003209066705283832,2009,2015
TTO,Trinidad and Tobago,2009,11.27499771118164,-60.67500305175781,1001.0290480852127,0.0007663224900710801,2009,2015
TTO,Trinidad and Tobago,2009,11.27499771118164,-60.62500762939453,402.89156717062446,0.000308427482272773,2009,2015
TTO,Trinidad and Tobago,2009,11.27499771118164,-60.57500457763672,2935.5462069525934,0.0022472625378191125,2009,2015
TTO,Trinidad and Tobago,2009,11.324996948242188,-60.525001525878906,734.0978908538818,0.000561977421885151,2009,2015
TTO,Trinidad and Tobago,2010,10.074996948242188,-61.87500762939453,1316.3905193827227,0.0010077426450800237,2010,2015
TTO,Trinidad and Tobago,2010,10.074996948242188,-61.62500762939453,4031.380955696106,0.0030861620832117855,2010,2015
TTO,Trinidad and Tobago,2010,10.074996948242188,-61.57500457763672,2907.2335841061886,0.0022255882420715496,2010,2015
TTO,Trinidad and Tobago,2010,10.074996948242188,-61.525001525878906,66.27553719290562,5.07362246776105e-05,2010,2015
TTO,Trinidad and Tobago,2010,10.074996948242188,-61.475006103515625,320.58669388308033,0.00024542024430766,2010,2015
TTO,Trinidad and Tobago,2010,10.074996948242188,-61.37500762939453,185.69169107079506,0.0001421534363653832,2010,2015
TTO,Trinidad and Tobago,2010,10.074996948242188,-61.32500457763672,676.592350423647,0.0005179549342064223,2010,2015
TTO,Trinidad and Tobago,2010,10.124996185302734,-61.775001525878906,1473.9452751877334,0.0011283562806403366,2010,2015
TTO,Trinidad and Tobago,2010,10.124996185302734,-61.725006103515625,2479.3675408363342,0.0018980419312800729,2010,2015
TTO,Trinidad and Tobago,2010,10.124996185302734,-61.67500305175781,1652.9436380865689,0.0012653857419108808,2010,2015
TTO,Trinidad and Tobago,2010,10.124996185302734,-61.62500762939453,1125.7217997312546,0.0008617791205434812,2010,2015
TTO,Trinidad and Tobago,2010,10.124996185302734,-61.57500457763672,4819.468286931526,0.003689470296116302,2010,2015
TTO,Trinidad and Tobago,2010,10.124996185302734,-61.525001525878906,9338.179912686348,0.007148700926421452,2010,2015
TTO,Trinidad and Tobago,2010,10.124996185302734,-61.475006103515625,6493.076336860657,0.004970675362720445,2010,2015
TTO,Trinidad and Tobago,2010,10.124996185302734,-61.42500305175781,9334.966004371643,0.007146240568025962,2010,2015
TTO,Trinidad and Tobago,2010,10.124996185302734,-61.37500762939453,1381.5868020057678,0.0010576526629148078,2010,2015
TTO,Trinidad and Tobago,2010,10.124996185302734,-61.32500457763672,939.3252602815821,0.0007190860982731164,2010,2015
TTO,Trinidad and Tobago,2010,10.124996185302734,-61.275001525878906,3086.576643587272,0.002362881580542993,2010,2015
TTO,Trinidad and Tobago,2010,10.124996185302734,-61.225006103515625,137.29183292388916,0.00010510166460594203,2010,2015
TTO,Trinidad and Tobago,2010,10.124996185302734,-61.17500305175781,54.55355703850771,4.176264190529786e-05,2010,2015
TTO,Trinidad and Tobago,2010,10.124996185302734,-61.12500762939453,97.48702788420779,7.462970440343858e-05,2010,2015
TTO,Trinidad and Tobago,2010,10.124996185302734,-61.07500457763672,785.0877358913422,0.000601011918528568,2010,2015
TTO,Trinidad and Tobago,2010,10.174999237060547,-61.67500305175781,19873.568764686584,0.015213906860629928,2010,2015
TTO,Trinidad and Tobago,2010,10.174999237060547,-61.62500762939453,4342.745760440826,0.0033245226512181583,2010,2015
TTO,Trinidad and Tobago,2010,10.174999237060547,-61.57500457763672,5849.311902999878,0.004477851338363664,2010,2015
TTO,Trinidad and Tobago,2010,10.174999237060547,-61.525001525878906,15497.961241960526,0.0118642273894866,2010,2015
TTO,Trinidad and Tobago,2010,10.174999237060547,-61.475006103515625,19867.963174819946,0.01520961558697195,2010,2015
TTO,Trinidad and Tobago,2010,10.174999237060547,-61.42500305175781,16199.779398918152,0.012401493554385227,2010,2015
TTO,Trinidad and Tobago,2010,10.174999237060547,-61.37500762939453,11309.748452782631,0.00865800509285137,2010,2015
TTO,Trinidad and Tobago,2010,10.174999237060547,-61.32500457763672,4869.460225105286,0.0037277408604101904,2010,2015
TTO,Trinidad and Tobago,2010,10.174999237060547,-61.275001525878906,273.92285323143005,0.0002096974542119537,2010,2015
TTO,Trinidad and Tobago,2010,10.174999237060547,-61.225006103515625,22.1129889190197,1.6928260737039945e-05,2010,2015
TTO,Trinidad and Tobago,2010,10.174999237060547,-61.17500305175781,8.592225075063606,6.577646600134841e-06,2010,2015
TTO,Trinidad and Tobago,2010,10.174999237060547,-61.12500762939453,4.104928016662598,3.142464911791095e-06,2010,2015
TTO,Trinidad and Tobago,2010,10.174999237060547,-61.07500457763672,69.68931519986793,5.334959026160558e-05,2010,2015
TTO,Trinidad and Tobago,2010,10.174999237060547,-61.025001525878906,2443.053310632852,0.0018702421273005805,2010,2015
TTO,Trinidad and Tobago,2010,10.224998474121094,-61.62500762939453,10402.217509746552,0.007963258648265916,2010,2015
TTO,Trinidad and Tobago,2010,10.224998474121094,-61.57500457763672,9163.9048910141,0.007015287346844987,2010,2015
TTO,Trinidad and Tobago,2010,10.224998474121094,-61.525001525878906,7783.3720952274625,0.005958441562283949,2010,2015
TTO,Trinidad and Tobago,2010,10.224998474121094,-61.475006103515625,20364.81988143921,0.015589976645777685,2010,2015
TTO,Trinidad and Tobago,2010,10.224998474121094,-61.42500305175781,11793.057258486748,0.00902799476315006,2010,2015
TTO,Trinidad and Tobago,2010,10.224998474121094,-61.37500762939453,9997.13134765625,0.007653151127390106,2010,2015
TTO,Trinidad and Tobago,2010,10.224998474121094,-61.32500457763672,8022.865767002106,0.006141782282777194,2010,2015
TTO,Trinidad and Tobago,2010,10.224998474121094,-61.275001525878906,543.1880847215652,0.00041582933727747005,2010,2015
TTO,Trinidad and Tobago,2010,10.224998474121094,-61.225006103515625,48.01432240009308,3.67566307602123e-05,2010,2015
TTO,Trinidad and Tobago,2010,10.224998474121094,-61.17500305175781,105.31629526647247,8.062328040134372e-05,2010,2015
TTO,Trinidad and Tobago,2010,10.224998474121094,-61.12500762939453,9.850708783057847,7.541059570686259e-06,2010,2015
TTO,Trinidad and Tobago,2010,10.224998474121094,-61.07500457763672,40.72507613899177,3.1176459679030084e-05,2010,2015
TTO,Trinidad and Tobago,2010,10.224998474121094,-61.025001525878906,1416.2644315958023,0.0010841995923051482,2010,2015
TTO,Trinidad and Tobago,2010,10.27499771118164,-61.42500305175781,34698.90502738953,0.02656321647627706,2010,2015
TTO,Trinidad and Tobago,2010,10.27499771118164,-61.37500762939453,22527.689435958862,0.01724572838034407,2010,2015
TTO,Trinidad and Tobago,2010,10.27499771118164,-61.32500457763672,12947.685933828354,0.009911903100563195,2010,2015
TTO,Trinidad and Tobago,2010,10.27499771118164,-61.275001525878906,3607.5648212434835,0.002761716118224777,2010,2015
TTO,Trinidad and Tobago,2010,10.27499771118164,-61.225006103515625,2367.8870882987976,0.0018126997744802996,2010,2015
TTO,Trinidad and Tobago,2010,10.27499771118164,-61.17500305175781,1298.9188529253006,0.0009943674778249338,2010,2015
TTO,Trinidad and Tobago,2010,10.27499771118164,-61.12500762939453,46.873285532021356,3.588312742314511e-05,2010,2015
TTO,Trinidad and Tobago,2010,10.27499771118164,-61.07500457763672,112.51601064206919,8.613491248133573e-05,2010,2015
TTO,Trinidad and Tobago,2010,10.27499771118164,-61.025001525878906,5959.307465851355,0.004562056760556306,2010,2015
TTO,Trinidad and Tobago,2010,10.324996948242188,-61.42500305175781,28266.104011535645,0.021638683964428022,2010,2015
TTO,Trinidad and Tobago,2010,10.324996948242188,-61.37500762939453,11410.561076879501,0.008735180656613769,2010,2015
TTO,Trinidad and Tobago,2010,10.324996948242188,-61.32500457763672,4742.715265393347,0.0036307131934147133,2010,2015
TTO,Trinidad and Tobago,2010,10.324996948242188,-61.275001525878906,3099.711507678268,0.0023729367750213257,2010,2015
TTO,Trinidad and Tobago,2010,10.324996948242188,-61.225006103515625,4248.120446383973,0.003252083688102641,2010,2015
TTO,Trinidad and Tobago,2010,10.324996948242188,-61.17500305175781,8676.40120625496,0.006642086350991718,2010,2015
TTO,Trinidad and Tobago,2010,10.324996948242188,-61.12500762939453,2334.857635259652,0.0017874145814611164,2010,2015
TTO,Trinidad and Tobago,2010,10.324996948242188,-61.07500457763672,1061.6189053058758,0.0008127061293343009,2010,2015
TTO,Trinidad and Tobago,2010,10.324996948242188,-61.025001525878906,2577.311398744583,0.001973021354927156,2010,2015
TTO,Trinidad and Tobago,2010,10.324996948242188,-60.975006103515625,746.4206466674805,0.0005714109192823324,2010,2015
TTO,Trinidad and Tobago,2010,10.374996185302734,-61.475006103515625,11106.767411589622,0.008502616058715166,2010,2015
TTO,Trinidad and Tobago,2010,10.374996185302734,-61.42500305175781,11040.14974117279,0.008451617919176445,2010,2015
TTO,Trinidad and Tobago,2010,10.374996185302734,-61.37500762939453,3485.5280680656433,0.002668292746790833,2010,2015
TTO,Trinidad and Tobago,2010,10.374996185302734,-61.32500457763672,2236.5144369602203,0.0017121294488802693,2010,2015
TTO,Trinidad and Tobago,2010,10.374996185302734,-61.275001525878906,1258.7909245194955,0.0009636481554674543,2010,2015
TTO,Trinidad and Tobago,2010,10.374996185302734,-61.225006103515625,35.65965339541435,2.729870270729584e-05,2010,2015
TTO,Trinidad and Tobago,2010,10.374996185302734,-61.17500305175781,1326.1545557977706,0.001015217353943904,2010,2015
TTO,Trinidad and Tobago,2010,10.374996185302734,-61.12500762939453,232.86657583713531,0.0001782674484733323,2010,2015
TTO,Trinidad and Tobago,2010,10.374996185302734,-61.07500457763672,1.928596019744873,1.4764072101794357e-06,2010,2015
TTO,Trinidad and Tobago,2010,10.374996185302734,-61.025001525878906,702.8208656311035,0.0005380337732002478,2010,2015
TTO,Trinidad and Tobago,2010,10.424999237060547,-61.475006103515625,20246.283831119537,0.015499233183919194,2010,2015
TTO,Trinidad and Tobago,2010,10.424999237060547,-61.42500305175781,21377.982135772705,0.016365587526472908,2010,2015
TTO,Trinidad and Tobago,2010,10.424999237060547,-61.37500762939453,5993.288871258497,0.004588070706163107,2010,2015
TTO,Trinidad and Tobago,2010,10.424999237060547,-61.32500457763672,2072.6694180965424,0.0015867003985629716,2010,2015
TTO,Trinidad and Tobago,2010,10.424999237060547,-61.275001525878906,727.994063377407,0.0005573047300390116,2010,2015
TTO,Trinidad and Tobago,2010,10.424999237060547,-61.225006103515625,2.1559770107269287,1.6504752529974759e-06,2010,2015
TTO,Trinidad and Tobago,2010,10.424999237060547,-61.17500305175781,331.39038604548506,0.00025369084574094694,2010,2015
TTO,Trinidad and Tobago,2010,10.424999237060547,-61.12500762939453,2849.979640782144,0.002181758360712567,2010,2015
TTO,Trinidad and Tobago,2010,10.424999237060547,-61.07500457763672,239.48500049162965,0.00018333408232504866,2010,2015
TTO,Trinidad and Tobago,2010,10.474998474121094,-61.42500305175781,28558.493215560913,0.02186251805128808,2010,2015
TTO,Trinidad and Tobago,2010,10.474998474121094,-61.37500762939453,10146.786581516266,0.007767717404645644,2010,2015
TTO,Trinidad and Tobago,2010,10.474998474121094,-61.32500457763672,5028.437490941526,0.0038494434767861636,2010,2015
TTO,Trinidad and Tobago,2010,10.474998474121094,-61.275001525878906,978.394487440592,0.000748994948070147,2010,2015
TTO,Trinidad and Tobago,2010,10.474998474121094,-61.225006103515625,750.5424882769585,0.0005745663321366304,2010,2015
TTO,Trinidad and Tobago,2010,10.474998474121094,-61.17500305175781,1055.3502749204636,0.0008079072751397367,2010,2015
TTO,Trinidad and Tobago,2010,10.474998474121094,-61.12500762939453,417.1077086929215,0.0003193104321645949,2010,2015
TTO,Trinidad and Tobago,2010,10.474998474121094,-61.07500457763672,1293.938172698021,0.0009905545941915192,2010,2015
TTO,Trinidad and Tobago,2010,10.52499771118164,-61.42500305175781,31036.8824634552,0.023759811065356608,2010,2015
TTO,Trinidad and Tobago,2010,10.52499771118164,-61.37500762939453,49939.94245147705,0.03823075976329169,2010,2015
TTO,Trinidad and Tobago,2010,10.52499771118164,-61.32500457763672,5499.169695615768,0.004209805322361605,2010,2015
TTO,Trinidad and Tobago,2010,10.52499771118164,-61.275001525878906,2738.4871969223022,0.002096407024139254,2010,2015
TTO,Trinidad and Tobago,2010,10.52499771118164,-61.225006103515625,823.5519693346814,0.0006304576246320595,2010,2015
TTO,Trinidad and Tobago,2010,10.52499771118164,-61.17500305175781,2906.644977092743,0.002225137642967478,2010,2015
TTO,Trinidad and Tobago,2010,10.52499771118164,-61.12500762939453,1768.613944530698,0.0013539353773396466,2010,2015
TTO,Trinidad and Tobago,2010,10.52499771118164,-61.07500457763672,2478.869239807129,0.0018976604645421834,2010,2015
TTO,Trinidad and Tobago,2010,10.52499771118164,-61.025001525878906,1042.3909348249435,0.0007979864503737889,2010,2015
TTO,Trinidad and Tobago,2010,10.574996948242188,-61.42500305175781,16908.30484783653,0.012943894384143806,2010,2015
TTO,Trinidad and Tobago,2010,10.574996948242188,-61.37500762939453,26199.22194266467,0.02005641398262262,2010,2015
TTO,Trinidad and Tobago,2010,10.574996948242188,-61.32500457763672,15680.508340835571,0.012003973531352075,2010,2015
TTO,Trinidad and Tobago,2010,10.574996948242188,-61.275001525878906,13953.582549571991,0.010681951882669185,2010,2015
TTO,Trinidad and Tobago,2010,10.574996948242188,-61.225006103515625,2672.280939102173,0.0020457238352267473,2010,2015
TTO,Trinidad and Tobago,2010,10.574996948242188,-61.17500305175781,4653.318835616112,0.003562277122751833,2010,2015
TTO,Trinidad and Tobago,2010,10.574996948242188,-61.12500762939453,24717.613686561584,0.01892219142404794,2010,2015
TTO,Trinidad and Tobago,2010,10.574996948242188,-61.07500457763672,3580.5552192926407,0.002741039330211092,2010,2015
TTO,Trinidad and Tobago,2010,10.574996948242188,-61.025001525878906,714.4044940473984,0.0005469014429137421,2010,2015
TTO,Trinidad and Tobago,2010,10.624996185302734,-61.475006103515625,29214.68886351589,0.0223648586016213,2010,2015
TTO,Trinidad and Tobago,2010,10.624996185302734,-61.42500305175781,47074.37535953522,0.0360370686675507,2010,2015
TTO,Trinidad and Tobago,2010,10.624996185302734,-61.37500762939453,44533.134994506836,0.03409166094124872,2010,2015
TTO,Trinidad and Tobago,2010,10.624996185302734,-61.32500457763672,47626.65752029419,0.03645985983576326,2010,2015
TTO,Trinidad and Tobago,2010,10.624996185302734,-61.275001525878906,61748.409606933594,0.04727055133757348,2010,2015
TTO,Trinidad and Tobago,2010,10.624996185302734,-61.225006103515625,10454.164166927338,0.008003025617823687,2010,2015
TTO,Trinidad and Tobago,2010,10.624996185302734,-61.17500305175781,5657.001993775368,0.0043306314262300805,2010,2015
TTO,Trinidad and Tobago,2010,10.624996185302734,-61.12500762939453,5357.23506963253,0.004101149438480078,2010,2015
TTO,Trinidad and Tobago,2010,10.624996185302734,-61.07500457763672,2829.995667695999,0.0021664599355108397,2010,2015
TTO,Trinidad and Tobago,2010,10.674999237060547,-61.525001525878906,67531.63975524907,0.05169781479849754,2010,2015
TTO,Trinidad and Tobago,2010,10.674999237060547,-61.475006103515625,65203.30487823486,0.049915393614930664,2010,2015
TTO,Trinidad and Tobago,2010,10.674999237060547,-61.42500305175781,36981.51876115799,0.028310636537341054,2010,2015
TTO,Trinidad and Tobago,2010,10.674999237060547,-61.37500762939453,11226.039963841742,0.008593923338372845,2010,2015
TTO,Trinidad and Tobago,2010,10.674999237060547,-61.32500457763672,2033.334975719452,0.001556588517308749,2010,2015
TTO,Trinidad and Tobago,2010,10.674999237060547,-61.275001525878906,3450.9431210776097,0.002641816769150082,2010,2015
TTO,Trinidad and Tobago,2010,10.674999237060547,-61.225006103515625,2934.6827890872955,0.002246601561467055,2010,2015
TTO,Trinidad and Tobago,2010,10.674999237060547,-61.17500305175781,5685.081978917122,0.004352127629738009,2010,2015
TTO,Trinidad and Tobago,2010,10.674999237060547,-61.12500762939453,660.6320811510247,0.0005057367939690377,2010,2015
TTO,Trinidad and Tobago,2010,10.674999237060547,-61.07500457763672,2162.6526412966396,0.0016555856799633673,2010,2015
TTO,Trinidad and Tobago,2010,10.724998474121094,-61.62500762939453,978.1933457852123,0.0007488409671497108,2010,2015
TTO,Trinidad and Tobago,2010,10.724998474121094,-61.57500457763672,33262.726905345924,0.025463772262569913,2010,2015
TTO,Trinidad and Tobago,2010,10.724998474121094,-61.525001525878906,21071.671877385284,0.01613109638918697,2010,2015
TTO,Trinidad and Tobago,2010,10.724998474121094,-61.475006103515625,15894.747921466827,0.012167981368302628,2010,2015
TTO,Trinidad and Tobago,2010,10.724998474121094,-61.42500305175781,2432.139272095283,0.001861887051886096,2010,2015
TTO,Trinidad and Tobago,2010,10.724998474121094,-61.37500762939453,761.69478881402,0.0005831038053837149,2010,2015
TTO,Trinidad and Tobago,2010,10.724998474121094,-61.32500457763672,592.3097292781093,0.00045343366159249535,2010,2015
TTO,Trinidad and Tobago,2010,10.724998474121094,-61.275001525878906,651.6293747127056,0.0004988449096342243,2010,2015
TTO,Trinidad and Tobago,2010,10.724998474121094,-61.225006103515625,84.4541950225991,6.46526183735255e-05,2010,2015
TTO,Trinidad and Tobago,2010,10.724998474121094,-61.17500305175781,86.32691979408264,6.608625420342092e-05,2010,2015
TTO,Trinidad and Tobago,2010,10.724998474121094,-61.12500762939453,53.10813444852829,4.065612073043608e-05,2010,2015
TTO,Trinidad and Tobago,2010,10.724998474121094,-61.07500457763672,0.0,0.0,2010,2015
TTO,Trinidad and Tobago,2010,10.724998474121094,-61.025001525878906,442.51565015341475,0.00033876109346641156,2010,2015
TTO,Trinidad and Tobago,2010,10.77499771118164,-61.37500762939453,1124.0914140343666,0.0008605310036887252,2010,2015
TTO,Trinidad and Tobago,2010,10.77499771118164,-61.32500457763672,769.7396734654903,0.000589262443887005,2010,2015
TTO,Trinidad and Tobago,2010,10.77499771118164,-61.275001525878906,158.0992380981292,0.00012103045565905058,2010,2015
TTO,Trinidad and Tobago,2010,10.77499771118164,-61.225006103515625,6.852275848388672,5.245655059496469e-06,2010,2015
TTO,Trinidad and Tobago,2010,10.77499771118164,-61.17500305175781,0.0,0.0,2010,2015
TTO,Trinidad and Tobago,2010,10.77499771118164,-61.12500762939453,0.0,0.0,2010,2015
TTO,Trinidad and Tobago,2010,10.77499771118164,-61.07500457763672,0.0,0.0,2010,2015
TTO,Trinidad and Tobago,2010,10.77499771118164,-61.025001525878906,0.0,0.0,2010,2015
TTO,Trinidad and Tobago,2010,10.77499771118164,-60.975006103515625,772.9247063998332,0.0005917006971763304,2010,2015
TTO,Trinidad and Tobago,2010,10.824996948242188,-61.07500457763672,193.78130722049718,0.00014834631838355942,2010,2015
TTO,Trinidad and Tobago,2010,10.824996948242188,-61.025001525878906,471.85905826108393,0.0003612244911183115,2010,2015
TTO,Trinidad and Tobago,2010,10.824996948242188,-60.975006103515625,440.33164036273956,0.00033708915814712067,2010,2015
TTO,Trinidad and Tobago,2010,10.824996948242188,-60.92500305175781,1700.7900636196136,0.0013020138417903183,2010,2015
TTO,Trinidad and Tobago,2010,11.174999237060547,-60.82500457763672,7322.832440540213,0.00560588246758886,2010,2015
TTO,Trinidad and Tobago,2010,11.174999237060547,-60.775001525878906,15465.972702026367,0.011839739051587743,2010,2015
TTO,Trinidad and Tobago,2010,11.224998474121094,-60.775001525878906,5011.633757054848,0.0038365796351032843,2010,2015
TTO,Trinidad and Tobago,2010,11.224998474121094,-60.725006103515625,9497.901493072584,0.007270973341426585,2010,2015
TTO,Trinidad and Tobago,2010,11.224998474121094,-60.67500305175781,827.7235083580017,0.0006336510825820503,2010,2015
TTO,Trinidad and Tobago,2010,11.224998474121094,-60.62500762939453,4191.92837330699,0.003209066705283832,2010,2015
TTO,Trinidad and Tobago,2010,11.27499771118164,-60.67500305175781,1001.0290480852127,0.0007663224900710801,2010,2015
TTO,Trinidad and Tobago,2010,11.27499771118164,-60.62500762939453,402.89156717062446,0.000308427482272773,2010,2015
TTO,Trinidad and Tobago,2010,11.27499771118164,-60.57500457763672,2935.5462069525934,0.0022472625378191125,2010,2015
TTO,Trinidad and Tobago,2010,11.324996948242188,-60.525001525878906,734.0978908538818,0.000561977421885151,2010,2015
TTO,Trinidad and Tobago,2011,10.074996948242188,-61.87500762939453,1316.3905193827227,0.0010077426450800237,2011,2015
TTO,Trinidad and Tobago,2011,10.074996948242188,-61.62500762939453,4031.380955696106,0.0030861620832117855,2011,2015
TTO,Trinidad and Tobago,2011,10.074996948242188,-61.57500457763672,2907.2335841061886,0.0022255882420715496,2011,2015
TTO,Trinidad and Tobago,2011,10.074996948242188,-61.525001525878906,66.27553719290562,5.07362246776105e-05,2011,2015
TTO,Trinidad and Tobago,2011,10.074996948242188,-61.475006103515625,320.58669388308033,0.00024542024430766,2011,2015
TTO,Trinidad and Tobago,2011,10.074996948242188,-61.37500762939453,185.69169107079506,0.0001421534363653832,2011,2015
TTO,Trinidad and Tobago,2011,10.074996948242188,-61.32500457763672,676.592350423647,0.0005179549342064223,2011,2015
TTO,Trinidad and Tobago,2011,10.124996185302734,-61.775001525878906,1473.9452751877334,0.0011283562806403366,2011,2015
TTO,Trinidad and Tobago,2011,10.124996185302734,-61.725006103515625,2479.3675408363342,0.0018980419312800729,2011,2015
TTO,Trinidad and Tobago,2011,10.124996185302734,-61.67500305175781,1652.9436380865689,0.0012653857419108808,2011,2015
TTO,Trinidad and Tobago,2011,10.124996185302734,-61.62500762939453,1125.7217997312546,0.0008617791205434812,2011,2015
TTO,Trinidad and Tobago,2011,10.124996185302734,-61.57500457763672,4819.468286931526,0.003689470296116302,2011,2015
TTO,Trinidad and Tobago,2011,10.124996185302734,-61.525001525878906,9338.179912686348,0.007148700926421452,2011,2015
TTO,Trinidad and Tobago,2011,10.124996185302734,-61.475006103515625,6493.076336860657,0.004970675362720445,2011,2015
TTO,Trinidad and Tobago,2011,10.124996185302734,-61.42500305175781,9334.966004371643,0.007146240568025962,2011,2015
TTO,Trinidad and Tobago,2011,10.124996185302734,-61.37500762939453,1381.5868020057678,0.0010576526629148078,2011,2015
TTO,Trinidad and Tobago,2011,10.124996185302734,-61.32500457763672,939.3252602815821,0.0007190860982731164,2011,2015
TTO,Trinidad and Tobago,2011,10.124996185302734,-61.275001525878906,3086.576643587272,0.002362881580542993,2011,2015
TTO,Trinidad and Tobago,2011,10.124996185302734,-61.225006103515625,137.29183292388916,0.00010510166460594203,2011,2015
TTO,Trinidad and Tobago,2011,10.124996185302734,-61.17500305175781,54.55355703850771,4.176264190529786e-05,2011,2015
TTO,Trinidad and Tobago,2011,10.124996185302734,-61.12500762939453,97.48702788420779,7.462970440343858e-05,2011,2015
TTO,Trinidad and Tobago,2011,10.124996185302734,-61.07500457763672,785.0877358913422,0.000601011918528568,2011,2015
TTO,Trinidad and Tobago,2011,10.174999237060547,-61.67500305175781,19873.568764686584,0.015213906860629928,2011,2015
TTO,Trinidad and Tobago,2011,10.174999237060547,-61.62500762939453,4342.745760440826,0.0033245226512181583,2011,2015
TTO,Trinidad and Tobago,2011,10.174999237060547,-61.57500457763672,5849.311902999878,0.004477851338363664,2011,2015
TTO,Trinidad and Tobago,2011,10.174999237060547,-61.525001525878906,15497.961241960526,0.0118642273894866,2011,2015
TTO,Trinidad and Tobago,2011,10.174999237060547,-61.475006103515625,19867.963174819946,0.01520961558697195,2011,2015
TTO,Trinidad and Tobago,2011,10.174999237060547,-61.42500305175781,16199.779398918152,0.012401493554385227,2011,2015
TTO,Trinidad and Tobago,2011,10.174999237060547,-61.37500762939453,11309.748452782631,0.00865800509285137,2011,2015
TTO,Trinidad and Tobago,2011,10.174999237060547,-61.32500457763672,4869.460225105286,0.0037277408604101904,2011,2015
TTO,Trinidad and Tobago,2011,10.174999237060547,-61.275001525878906,273.92285323143005,0.0002096974542119537,2011,2015
TTO,Trinidad and Tobago,2011,10.174999237060547,-61.225006103515625,22.1129889190197,1.6928260737039945e-05,2011,2015
TTO,Trinidad and Tobago,2011,10.174999237060547,-61.17500305175781,8.592225075063606,6.577646600134841e-06,2011,2015
TTO,Trinidad and Tobago,2011,10.174999237060547,-61.12500762939453,4.104928016662598,3.142464911791095e-06,2011,2015
TTO,Trinidad and Tobago,2011,10.174999237060547,-61.07500457763672,69.68931519986793,5.334959026160558e-05,2011,2015
TTO,Trinidad and Tobago,2011,10.174999237060547,-61.025001525878906,2443.053310632852,0.0018702421273005805,2011,2015
TTO,Trinidad and Tobago,2011,10.224998474121094,-61.62500762939453,10402.217509746552,0.007963258648265916,2011,2015
TTO,Trinidad and Tobago,2011,10.224998474121094,-61.57500457763672,9163.9048910141,0.007015287346844987,2011,2015
TTO,Trinidad and Tobago,2011,10.224998474121094,-61.525001525878906,7783.3720952274625,0.005958441562283949,2011,2015
TTO,Trinidad and Tobago,2011,10.224998474121094,-61.475006103515625,20364.81988143921,0.015589976645777685,2011,2015
TTO,Trinidad and Tobago,2011,10.224998474121094,-61.42500305175781,11793.057258486748,0.00902799476315006,2011,2015
TTO,Trinidad and Tobago,2011,10.224998474121094,-61.37500762939453,9997.13134765625,0.007653151127390106,2011,2015
TTO,Trinidad and Tobago,2011,10.224998474121094,-61.32500457763672,8022.865767002106,0.006141782282777194,2011,2015
TTO,Trinidad and Tobago,2011,10.224998474121094,-61.275001525878906,543.1880847215652,0.00041582933727747005,2011,2015
TTO,Trinidad and Tobago,2011,10.224998474121094,-61.225006103515625,48.01432240009308,3.67566307602123e-05,2011,2015
TTO,Trinidad and Tobago,2011,10.224998474121094,-61.17500305175781,105.31629526647247,8.062328040134372e-05,2011,2015
TTO,Trinidad and Tobago,2011,10.224998474121094,-61.12500762939453,9.850708783057847,7.541059570686259e-06,2011,2015
TTO,Trinidad and Tobago,2011,10.224998474121094,-61.07500457763672,40.72507613899177,3.1176459679030084e-05,2011,2015
TTO,Trinidad and Tobago,2011,10.224998474121094,-61.025001525878906,1416.2644315958023,0.0010841995923051482,2011,2015
TTO,Trinidad and Tobago,2011,10.27499771118164,-61.42500305175781,34698.90502738953,0.02656321647627706,2011,2015
TTO,Trinidad and Tobago,2011,10.27499771118164,-61.37500762939453,22527.689435958862,0.01724572838034407,2011,2015
TTO,Trinidad and Tobago,2011,10.27499771118164,-61.32500457763672,12947.685933828354,0.009911903100563195,2011,2015
TTO,Trinidad and Tobago,2011,10.27499771118164,-61.275001525878906,3607.5648212434835,0.002761716118224777,2011,2015
TTO,Trinidad and Tobago,2011,10.27499771118164,-61.225006103515625,2367.8870882987976,0.0018126997744802996,2011,2015
TTO,Trinidad and Tobago,2011,10.27499771118164,-61.17500305175781,1298.9188529253006,0.0009943674778249338,2011,2015
TTO,Trinidad and Tobago,2011,10.27499771118164,-61.12500762939453,46.873285532021356,3.588312742314511e-05,2011,2015
TTO,Trinidad and Tobago,2011,10.27499771118164,-61.07500457763672,112.51601064206919,8.613491248133573e-05,2011,2015
TTO,Trinidad and Tobago,2011,10.27499771118164,-61.025001525878906,5959.307465851355,0.004562056760556306,2011,2015
TTO,Trinidad and Tobago,2011,10.324996948242188,-61.42500305175781,28266.104011535645,0.021638683964428022,2011,2015
TTO,Trinidad and Tobago,2011,10.324996948242188,-61.37500762939453,11410.561076879501,0.008735180656613769,2011,2015
TTO,Trinidad and Tobago,2011,10.324996948242188,-61.32500457763672,4742.715265393347,0.0036307131934147133,2011,2015
TTO,Trinidad and Tobago,2011,10.324996948242188,-61.275001525878906,3099.711507678268,0.0023729367750213257,2011,2015
TTO,Trinidad and Tobago,2011,10.324996948242188,-61.225006103515625,4248.120446383973,0.003252083688102641,2011,2015
TTO,Trinidad and Tobago,2011,10.324996948242188,-61.17500305175781,8676.40120625496,0.006642086350991718,2011,2015
TTO,Trinidad and Tobago,2011,10.324996948242188,-61.12500762939453,2334.857635259652,0.0017874145814611164,2011,2015
TTO,Trinidad and Tobago,2011,10.324996948242188,-61.07500457763672,1061.6189053058758,0.0008127061293343009,2011,2015
TTO,Trinidad and Tobago,2011,10.324996948242188,-61.025001525878906,2577.311398744583,0.001973021354927156,2011,2015
TTO,Trinidad and Tobago,2011,10.324996948242188,-60.975006103515625,746.4206466674805,0.0005714109192823324,2011,2015
TTO,Trinidad and Tobago,2011,10.374996185302734,-61.475006103515625,11106.767411589622,0.008502616058715166,2011,2015
TTO,Trinidad and Tobago,2011,10.374996185302734,-61.42500305175781,11040.14974117279,0.008451617919176445,2011,2015
TTO,Trinidad and Tobago,2011,10.374996185302734,-61.37500762939453,3485.5280680656433,0.002668292746790833,2011,2015
TTO,Trinidad and Tobago,2011,10.374996185302734,-61.32500457763672,2236.5144369602203,0.0017121294488802693,2011,2015
TTO,Trinidad and Tobago,2011,10.374996185302734,-61.275001525878906,1258.7909245194955,0.0009636481554674543,2011,2015
TTO,Trinidad and Tobago,2011,10.374996185302734,-61.225006103515625,35.65965339541435,2.729870270729584e-05,2011,2015
TTO,Trinidad and Tobago,2011,10.374996185302734,-61.17500305175781,1326.1545557977706,0.001015217353943904,2011,2015
TTO,Trinidad and Tobago,2011,10.374996185302734,-61.12500762939453,232.86657583713531,0.0001782674484733323,2011,2015
TTO,Trinidad and Tobago,2011,10.374996185302734,-61.07500457763672,1.928596019744873,1.4764072101794357e-06,2011,2015
TTO,Trinidad and Tobago,2011,10.374996185302734,-61.025001525878906,702.8208656311035,0.0005380337732002478,2011,2015
TTO,Trinidad and Tobago,2011,10.424999237060547,-61.475006103515625,20246.283831119537,0.015499233183919194,2011,2015
TTO,Trinidad and Tobago,2011,10.424999237060547,-61.42500305175781,21377.982135772705,0.016365587526472908,2011,2015
TTO,Trinidad and Tobago,2011,10.424999237060547,-61.37500762939453,5993.288871258497,0.004588070706163107,2011,2015
TTO,Trinidad and Tobago,2011,10.424999237060547,-61.32500457763672,2072.6694180965424,0.0015867003985629716,2011,2015
TTO,Trinidad and Tobago,2011,10.424999237060547,-61.275001525878906,727.994063377407,0.0005573047300390116,2011,2015
TTO,Trinidad and Tobago,2011,10.424999237060547,-61.225006103515625,2.1559770107269287,1.6504752529974759e-06,2011,2015
TTO,Trinidad and Tobago,2011,10.424999237060547,-61.17500305175781,331.39038604548506,0.00025369084574094694,2011,2015
TTO,Trinidad and Tobago,2011,10.424999237060547,-61.12500762939453,2849.979640782144,0.002181758360712567,2011,2015
TTO,Trinidad and Tobago,2011,10.424999237060547,-61.07500457763672,239.48500049162965,0.00018333408232504866,2011,2015
TTO,Trinidad and Tobago,2011,10.474998474121094,-61.42500305175781,28558.493215560913,0.02186251805128808,2011,2015
TTO,Trinidad and Tobago,2011,10.474998474121094,-61.37500762939453,10146.786581516266,0.007767717404645644,2011,2015
TTO,Trinidad and Tobago,2011,10.474998474121094,-61.32500457763672,5028.437490941526,0.0038494434767861636,2011,2015
TTO,Trinidad and Tobago,2011,10.474998474121094,-61.275001525878906,978.394487440592,0.000748994948070147,2011,2015
TTO,Trinidad and Tobago,2011,10.474998474121094,-61.225006103515625,750.5424882769585,0.0005745663321366304,2011,2015
TTO,Trinidad and Tobago,2011,10.474998474121094,-61.17500305175781,1055.3502749204636,0.0008079072751397367,2011,2015
TTO,Trinidad and Tobago,2011,10.474998474121094,-61.12500762939453,417.1077086929215,0.0003193104321645949,2011,2015
TTO,Trinidad and Tobago,2011,10.474998474121094,-61.07500457763672,1293.938172698021,0.0009905545941915192,2011,2015
TTO,Trinidad and Tobago,2011,10.52499771118164,-61.42500305175781,31036.8824634552,0.023759811065356608,2011,2015
TTO,Trinidad and Tobago,2011,10.52499771118164,-61.37500762939453,49939.94245147705,0.03823075976329169,2011,2015
TTO,Trinidad and Tobago,2011,10.52499771118164,-61.32500457763672,5499.169695615768,0.004209805322361605,2011,2015
TTO,Trinidad and Tobago,2011,10.52499771118164,-61.275001525878906,2738.4871969223022,0.002096407024139254,2011,2015
TTO,Trinidad and Tobago,2011,10.52499771118164,-61.225006103515625,823.5519693346814,0.0006304576246320595,2011,2015
TTO,Trinidad and Tobago,2011,10.52499771118164,-61.17500305175781,2906.644977092743,0.002225137642967478,2011,2015
TTO,Trinidad and Tobago,2011,10.52499771118164,-61.12500762939453,1768.613944530698,0.0013539353773396466,2011,2015
TTO,Trinidad and Tobago,2011,10.52499771118164,-61.07500457763672,2478.869239807129,0.0018976604645421834,2011,2015
TTO,Trinidad and Tobago,2011,10.52499771118164,-61.025001525878906,1042.3909348249435,0.0007979864503737889,2011,2015
TTO,Trinidad and Tobago,2011,10.574996948242188,-61.42500305175781,16908.30484783653,0.012943894384143806,2011,2015
TTO,Trinidad and Tobago,2011,10.574996948242188,-61.37500762939453,26199.22194266467,0.02005641398262262,2011,2015
TTO,Trinidad and Tobago,2011,10.574996948242188,-61.32500457763672,15680.508340835571,0.012003973531352075,2011,2015
TTO,Trinidad and Tobago,2011,10.574996948242188,-61.275001525878906,13953.582549571991,0.010681951882669185,2011,2015
TTO,Trinidad and Tobago,2011,10.574996948242188,-61.225006103515625,2672.280939102173,0.0020457238352267473,2011,2015
TTO,Trinidad and Tobago,2011,10.574996948242188,-61.17500305175781,4653.318835616112,0.003562277122751833,2011,2015
TTO,Trinidad and Tobago,2011,10.574996948242188,-61.12500762939453,24717.613686561584,0.01892219142404794,2011,2015
TTO,Trinidad and Tobago,2011,10.574996948242188,-61.07500457763672,3580.5552192926407,0.002741039330211092,2011,2015
TTO,Trinidad and Tobago,2011,10.574996948242188,-61.025001525878906,714.4044940473984,0.0005469014429137421,2011,2015
TTO,Trinidad and Tobago,2011,10.624996185302734,-61.475006103515625,29214.68886351589,0.0223648586016213,2011,2015
TTO,Trinidad and Tobago,2011,10.624996185302734,-61.42500305175781,47074.37535953522,0.0360370686675507,2011,2015
TTO,Trinidad and Tobago,2011,10.624996185302734,-61.37500762939453,44533.134994506836,0.03409166094124872,2011,2015
TTO,Trinidad and Tobago,2011,10.624996185302734,-61.32500457763672,47626.65752029419,0.03645985983576326,2011,2015
TTO,Trinidad and Tobago,2011,10.624996185302734,-61.275001525878906,61748.409606933594,0.04727055133757348,2011,2015
TTO,Trinidad and Tobago,2011,10.624996185302734,-61.225006103515625,10454.164166927338,0.008003025617823687,2011,2015
TTO,Trinidad and Tobago,2011,10.624996185302734,-61.17500305175781,5657.001993775368,0.0043306314262300805,2011,2015
TTO,Trinidad and Tobago,2011,10.624996185302734,-61.12500762939453,5357.23506963253,0.004101149438480078,2011,2015
TTO,Trinidad and Tobago,2011,10.624996185302734,-61.07500457763672,2829.995667695999,0.0021664599355108397,2011,2015
TTO,Trinidad and Tobago,2011,10.674999237060547,-61.525001525878906,67531.63975524907,0.05169781479849754,2011,2015
TTO,Trinidad and Tobago,2011,10.674999237060547,-61.475006103515625,65203.30487823486,0.049915393614930664,2011,2015
TTO,Trinidad and Tobago,2011,10.674999237060547,-61.42500305175781,36981.51876115799,0.028310636537341054,2011,2015
TTO,Trinidad and Tobago,2011,10.674999237060547,-61.37500762939453,11226.039963841742,0.008593923338372845,2011,2015
TTO,Trinidad and Tobago,2011,10.674999237060547,-61.32500457763672,2033.334975719452,0.001556588517308749,2011,2015
TTO,Trinidad and Tobago,2011,10.674999237060547,-61.275001525878906,3450.9431210776097,0.002641816769150082,2011,2015
TTO,Trinidad and Tobago,2011,10.674999237060547,-61.225006103515625,2934.6827890872955,0.002246601561467055,2011,2015
TTO,Trinidad and Tobago,2011,10.674999237060547,-61.17500305175781,5685.081978917122,0.004352127629738009,2011,2015
TTO,Trinidad and Tobago,2011,10.674999237060547,-61.12500762939453,660.6320811510247,0.0005057367939690377,2011,2015
TTO,Trinidad and Tobago,2011,10.674999237060547,-61.07500457763672,2162.6526412966396,0.0016555856799633673,2011,2015
TTO,Trinidad and Tobago,2011,10.724998474121094,-61.62500762939453,978.1933457852123,0.0007488409671497108,2011,2015
TTO,Trinidad and Tobago,2011,10.724998474121094,-61.57500457763672,33262.726905345924,0.025463772262569913,2011,2015
TTO,Trinidad and Tobago,2011,10.724998474121094,-61.525001525878906,21071.671877385284,0.01613109638918697,2011,2015
TTO,Trinidad and Tobago,2011,10.724998474121094,-61.475006103515625,15894.747921466827,0.012167981368302628,2011,2015
TTO,Trinidad and Tobago,2011,10.724998474121094,-61.42500305175781,2432.139272095283,0.001861887051886096,2011,2015
TTO,Trinidad and Tobago,2011,10.724998474121094,-61.37500762939453,761.69478881402,0.0005831038053837149,2011,2015
TTO,Trinidad and Tobago,2011,10.724998474121094,-61.32500457763672,592.3097292781093,0.00045343366159249535,2011,2015
TTO,Trinidad and Tobago,2011,10.724998474121094,-61.275001525878906,651.6293747127056,0.0004988449096342243,2011,2015
TTO,Trinidad and Tobago,2011,10.724998474121094,-61.225006103515625,84.4541950225991,6.46526183735255e-05,2011,2015
TTO,Trinidad and Tobago,2011,10.724998474121094,-61.17500305175781,86.32691979408264,6.608625420342092e-05,2011,2015
TTO,Trinidad and Tobago,2011,10.724998474121094,-61.12500762939453,53.10813444852829,4.065612073043608e-05,2011,2015
TTO,Trinidad and Tobago,2011,10.724998474121094,-61.07500457763672,0.0,0.0,2011,2015
TTO,Trinidad and Tobago,2011,10.724998474121094,-61.025001525878906,442.51565015341475,0.00033876109346641156,2011,2015
TTO,Trinidad and Tobago,2011,10.77499771118164,-61.37500762939453,1124.0914140343666,0.0008605310036887252,2011,2015
TTO,Trinidad and Tobago,2011,10.77499771118164,-61.32500457763672,769.7396734654903,0.000589262443887005,2011,2015
TTO,Trinidad and Tobago,2011,10.77499771118164,-61.275001525878906,158.0992380981292,0.00012103045565905058,2011,2015
TTO,Trinidad and Tobago,2011,10.77499771118164,-61.225006103515625,6.852275848388672,5.245655059496469e-06,2011,2015
TTO,Trinidad and Tobago,2011,10.77499771118164,-61.17500305175781,0.0,0.0,2011,2015
TTO,Trinidad and Tobago,2011,10.77499771118164,-61.12500762939453,0.0,0.0,2011,2015
TTO,Trinidad and Tobago,2011,10.77499771118164,-61.07500457763672,0.0,0.0,2011,2015
TTO,Trinidad and Tobago,2011,10.77499771118164,-61.025001525878906,0.0,0.0,2011,2015
TTO,Trinidad and Tobago,2011,10.77499771118164,-60.975006103515625,772.9247063998332,0.0005917006971763304,2011,2015
TTO,Trinidad and Tobago,2011,10.824996948242188,-61.07500457763672,193.78130722049718,0.00014834631838355942,2011,2015
TTO,Trinidad and Tobago,2011,10.824996948242188,-61.025001525878906,471.85905826108393,0.0003612244911183115,2011,2015
TTO,Trinidad and Tobago,2011,10.824996948242188,-60.975006103515625,440.33164036273956,0.00033708915814712067,2011,2015
TTO,Trinidad and Tobago,2011,10.824996948242188,-60.92500305175781,1700.7900636196136,0.0013020138417903183,2011,2015
TTO,Trinidad and Tobago,2011,11.174999237060547,-60.82500457763672,7322.832440540213,0.00560588246758886,2011,2015
TTO,Trinidad and Tobago,2011,11.174999237060547,-60.775001525878906,15465.972702026367,0.011839739051587743,2011,2015
TTO,Trinidad and Tobago,2011,11.224998474121094,-60.775001525878906,5011.633757054848,0.0038365796351032843,2011,2015
TTO,Trinidad and Tobago,2011,11.224998474121094,-60.725006103515625,9497.901493072584,0.007270973341426585,2011,2015
TTO,Trinidad and Tobago,2011,11.224998474121094,-60.67500305175781,827.7235083580017,0.0006336510825820503,2011,2015
TTO,Trinidad and Tobago,2011,11.224998474121094,-60.62500762939453,4191.92837330699,0.003209066705283832,2011,2015
TTO,Trinidad and Tobago,2011,11.27499771118164,-60.67500305175781,1001.0290480852127,0.0007663224900710801,2011,2015
TTO,Trinidad and Tobago,2011,11.27499771118164,-60.62500762939453,402.89156717062446,0.000308427482272773,2011,2015
TTO,Trinidad and Tobago,2011,11.27499771118164,-60.57500457763672,2935.5462069525934,0.0022472625378191125,2011,2015
TTO,Trinidad and Tobago,2011,11.324996948242188,-60.525001525878906,734.0978908538818,0.000561977421885151,2011,2015
TTO,Trinidad and Tobago,2012,10.074996948242188,-61.87500762939453,1316.3905193827227,0.0010077426450800237,2012,2015
TTO,Trinidad and Tobago,2012,10.074996948242188,-61.62500762939453,4031.380955696106,0.0030861620832117855,2012,2015
TTO,Trinidad and Tobago,2012,10.074996948242188,-61.57500457763672,2907.2335841061886,0.0022255882420715496,2012,2015
TTO,Trinidad and Tobago,2012,10.074996948242188,-61.525001525878906,66.27553719290562,5.07362246776105e-05,2012,2015
TTO,Trinidad and Tobago,2012,10.074996948242188,-61.475006103515625,320.58669388308033,0.00024542024430766,2012,2015
TTO,Trinidad and Tobago,2012,10.074996948242188,-61.37500762939453,185.69169107079506,0.0001421534363653832,2012,2015
TTO,Trinidad and Tobago,2012,10.074996948242188,-61.32500457763672,676.592350423647,0.0005179549342064223,2012,2015
TTO,Trinidad and Tobago,2012,10.124996185302734,-61.775001525878906,1473.9452751877334,0.0011283562806403366,2012,2015
TTO,Trinidad and Tobago,2012,10.124996185302734,-61.725006103515625,2479.3675408363342,0.0018980419312800729,2012,2015
TTO,Trinidad and Tobago,2012,10.124996185302734,-61.67500305175781,1652.9436380865689,0.0012653857419108808,2012,2015
TTO,Trinidad and Tobago,2012,10.124996185302734,-61.62500762939453,1125.7217997312546,0.0008617791205434812,2012,2015
TTO,Trinidad and Tobago,2012,10.124996185302734,-61.57500457763672,4819.468286931526,0.003689470296116302,2012,2015
TTO,Trinidad and Tobago,2012,10.124996185302734,-61.525001525878906,9338.179912686348,0.007148700926421452,2012,2015
TTO,Trinidad and Tobago,2012,10.124996185302734,-61.475006103515625,6493.076336860657,0.004970675362720445,2012,2015
TTO,Trinidad and Tobago,2012,10.124996185302734,-61.42500305175781,9334.966004371643,0.007146240568025962,2012,2015
TTO,Trinidad and Tobago,2012,10.124996185302734,-61.37500762939453,1381.5868020057678,0.0010576526629148078,2012,2015
TTO,Trinidad and Tobago,2012,10.124996185302734,-61.32500457763672,939.3252602815821,0.0007190860982731164,2012,2015
TTO,Trinidad and Tobago,2012,10.124996185302734,-61.275001525878906,3086.576643587272,0.002362881580542993,2012,2015
TTO,Trinidad and Tobago,2012,10.124996185302734,-61.225006103515625,137.29183292388916,0.00010510166460594203,2012,2015
TTO,Trinidad and Tobago,2012,10.124996185302734,-61.17500305175781,54.55355703850771,4.176264190529786e-05,2012,2015
TTO,Trinidad and Tobago,2012,10.124996185302734,-61.12500762939453,97.48702788420779,7.462970440343858e-05,2012,2015
TTO,Trinidad and Tobago,2012,10.124996185302734,-61.07500457763672,785.0877358913422,0.000601011918528568,2012,2015
TTO,Trinidad and Tobago,2012,10.174999237060547,-61.67500305175781,19873.568764686584,0.015213906860629928,2012,2015
TTO,Trinidad and Tobago,2012,10.174999237060547,-61.62500762939453,4342.745760440826,0.0033245226512181583,2012,2015
TTO,Trinidad and Tobago,2012,10.174999237060547,-61.57500457763672,5849.311902999878,0.004477851338363664,2012,2015
TTO,Trinidad and Tobago,2012,10.174999237060547,-61.525001525878906,15497.961241960526,0.0118642273894866,2012,2015
TTO,Trinidad and Tobago,2012,10.174999237060547,-61.475006103515625,19867.963174819946,0.01520961558697195,2012,2015
TTO,Trinidad and Tobago,2012,10.174999237060547,-61.42500305175781,16199.779398918152,0.012401493554385227,2012,2015
TTO,Trinidad and Tobago,2012,10.174999237060547,-61.37500762939453,11309.748452782631,0.00865800509285137,2012,2015
TTO,Trinidad and Tobago,2012,10.174999237060547,-61.32500457763672,4869.460225105286,0.0037277408604101904,2012,2015
TTO,Trinidad and Tobago,2012,10.174999237060547,-61.275001525878906,273.92285323143005,0.0002096974542119537,2012,2015
TTO,Trinidad and Tobago,2012,10.174999237060547,-61.225006103515625,22.1129889190197,1.6928260737039945e-05,2012,2015
TTO,Trinidad and Tobago,2012,10.174999237060547,-61.17500305175781,8.592225075063606,6.577646600134841e-06,2012,2015
TTO,Trinidad and Tobago,2012,10.174999237060547,-61.12500762939453,4.104928016662598,3.142464911791095e-06,2012,2015
TTO,Trinidad and Tobago,2012,10.174999237060547,-61.07500457763672,69.68931519986793,5.334959026160558e-05,2012,2015
TTO,Trinidad and Tobago,2012,10.174999237060547,-61.025001525878906,2443.053310632852,0.0018702421273005805,2012,2015
TTO,Trinidad and Tobago,2012,10.224998474121094,-61.62500762939453,10402.217509746552,0.007963258648265916,2012,2015
TTO,Trinidad and Tobago,2012,10.224998474121094,-61.57500457763672,9163.9048910141,0.007015287346844987,2012,2015
TTO,Trinidad and Tobago,2012,10.224998474121094,-61.525001525878906,7783.3720952274625,0.005958441562283949,2012,2015
TTO,Trinidad and Tobago,2012,10.224998474121094,-61.475006103515625,20364.81988143921,0.015589976645777685,2012,2015
TTO,Trinidad and Tobago,2012,10.224998474121094,-61.42500305175781,11793.057258486748,0.00902799476315006,2012,2015
TTO,Trinidad and Tobago,2012,10.224998474121094,-61.37500762939453,9997.13134765625,0.007653151127390106,2012,2015
TTO,Trinidad and Tobago,2012,10.224998474121094,-61.32500457763672,8022.865767002106,0.006141782282777194,2012,2015
TTO,Trinidad and Tobago,2012,10.224998474121094,-61.275001525878906,543.1880847215652,0.00041582933727747005,2012,2015
TTO,Trinidad and Tobago,2012,10.224998474121094,-61.225006103515625,48.01432240009308,3.67566307602123e-05,2012,2015
TTO,Trinidad and Tobago,2012,10.224998474121094,-61.17500305175781,105.31629526647247,8.062328040134372e-05,2012,2015
TTO,Trinidad and Tobago,2012,10.224998474121094,-61.12500762939453,9.850708783057847,7.541059570686259e-06,2012,2015
TTO,Trinidad and Tobago,2012,10.224998474121094,-61.07500457763672,40.72507613899177,3.1176459679030084e-05,2012,2015
TTO,Trinidad and Tobago,2012,10.224998474121094,-61.025001525878906,1416.2644315958023,0.0010841995923051482,2012,2015
TTO,Trinidad and Tobago,2012,10.27499771118164,-61.42500305175781,34698.90502738953,0.02656321647627706,2012,2015
TTO,Trinidad and Tobago,2012,10.27499771118164,-61.37500762939453,22527.689435958862,0.01724572838034407,2012,2015
TTO,Trinidad and Tobago,2012,10.27499771118164,-61.32500457763672,12947.685933828354,0.009911903100563195,2012,2015
TTO,Trinidad and Tobago,2012,10.27499771118164,-61.275001525878906,3607.5648212434835,0.002761716118224777,2012,2015
TTO,Trinidad and Tobago,2012,10.27499771118164,-61.225006103515625,2367.8870882987976,0.0018126997744802996,2012,2015
TTO,Trinidad and Tobago,2012,10.27499771118164,-61.17500305175781,1298.9188529253006,0.0009943674778249338,2012,2015
TTO,Trinidad and Tobago,2012,10.27499771118164,-61.12500762939453,46.873285532021356,3.588312742314511e-05,2012,2015
TTO,Trinidad and Tobago,2012,10.27499771118164,-61.07500457763672,112.51601064206919,8.613491248133573e-05,2012,2015
TTO,Trinidad and Tobago,2012,10.27499771118164,-61.025001525878906,5959.307465851355,0.004562056760556306,2012,2015
TTO,Trinidad and Tobago,2012,10.324996948242188,-61.42500305175781,28266.104011535645,0.021638683964428022,2012,2015
TTO,Trinidad and Tobago,2012,10.324996948242188,-61.37500762939453,11410.561076879501,0.008735180656613769,2012,2015
TTO,Trinidad and Tobago,2012,10.324996948242188,-61.32500457763672,4742.715265393347,0.0036307131934147133,2012,2015
TTO,Trinidad and Tobago,2012,10.324996948242188,-61.275001525878906,3099.711507678268,0.0023729367750213257,2012,2015
TTO,Trinidad and Tobago,2012,10.324996948242188,-61.225006103515625,4248.120446383973,0.003252083688102641,2012,2015
TTO,Trinidad and Tobago,2012,10.324996948242188,-61.17500305175781,8676.40120625496,0.006642086350991718,2012,2015
TTO,Trinidad and Tobago,2012,10.324996948242188,-61.12500762939453,2334.857635259652,0.0017874145814611164,2012,2015
TTO,Trinidad and Tobago,2012,10.324996948242188,-61.07500457763672,1061.6189053058758,0.0008127061293343009,2012,2015
TTO,Trinidad and Tobago,2012,10.324996948242188,-61.025001525878906,2577.311398744583,0.001973021354927156,2012,2015
TTO,Trinidad and Tobago,2012,10.324996948242188,-60.975006103515625,746.4206466674805,0.0005714109192823324,2012,2015
TTO,Trinidad and Tobago,2012,10.374996185302734,-61.475006103515625,11106.767411589622,0.008502616058715166,2012,2015
TTO,Trinidad and Tobago,2012,10.374996185302734,-61.42500305175781,11040.14974117279,0.008451617919176445,2012,2015
TTO,Trinidad and Tobago,2012,10.374996185302734,-61.37500762939453,3485.5280680656433,0.002668292746790833,2012,2015
TTO,Trinidad and Tobago,2012,10.374996185302734,-61.32500457763672,2236.5144369602203,0.0017121294488802693,2012,2015
TTO,Trinidad and Tobago,2012,10.374996185302734,-61.275001525878906,1258.7909245194955,0.0009636481554674543,2012,2015
TTO,Trinidad and Tobago,2012,10.374996185302734,-61.225006103515625,35.65965339541435,2.729870270729584e-05,2012,2015
TTO,Trinidad and Tobago,2012,10.374996185302734,-61.17500305175781,1326.1545557977706,0.001015217353943904,2012,2015
TTO,Trinidad and Tobago,2012,10.374996185302734,-61.12500762939453,232.86657583713531,0.0001782674484733323,2012,2015
TTO,Trinidad and Tobago,2012,10.374996185302734,-61.07500457763672,1.928596019744873,1.4764072101794357e-06,2012,2015
TTO,Trinidad and Tobago,2012,10.374996185302734,-61.025001525878906,702.8208656311035,0.0005380337732002478,2012,2015
TTO,Trinidad and Tobago,2012,10.424999237060547,-61.475006103515625,20246.283831119537,0.015499233183919194,2012,2015
TTO,Trinidad and Tobago,2012,10.424999237060547,-61.42500305175781,21377.982135772705,0.016365587526472908,2012,2015
TTO,Trinidad and Tobago,2012,10.424999237060547,-61.37500762939453,5993.288871258497,0.004588070706163107,2012,2015
TTO,Trinidad and Tobago,2012,10.424999237060547,-61.32500457763672,2072.6694180965424,0.0015867003985629716,2012,2015
TTO,Trinidad and Tobago,2012,10.424999237060547,-61.275001525878906,727.994063377407,0.0005573047300390116,2012,2015
TTO,Trinidad and Tobago,2012,10.424999237060547,-61.225006103515625,2.1559770107269287,1.6504752529974759e-06,2012,2015
TTO,Trinidad and Tobago,2012,10.424999237060547,-61.17500305175781,331.39038604548506,0.00025369084574094694,2012,2015
TTO,Trinidad and Tobago,2012,10.424999237060547,-61.12500762939453,2849.979640782144,0.002181758360712567,2012,2015
TTO,Trinidad and Tobago,2012,10.424999237060547,-61.07500457763672,239.48500049162965,0.00018333408232504866,2012,2015
TTO,Trinidad and Tobago,2012,10.474998474121094,-61.42500305175781,28558.493215560913,0.02186251805128808,2012,2015
TTO,Trinidad and Tobago,2012,10.474998474121094,-61.37500762939453,10146.786581516266,0.007767717404645644,2012,2015
TTO,Trinidad and Tobago,2012,10.474998474121094,-61.32500457763672,5028.437490941526,0.0038494434767861636,2012,2015
TTO,Trinidad and Tobago,2012,10.474998474121094,-61.275001525878906,978.394487440592,0.000748994948070147,2012,2015
TTO,Trinidad and Tobago,2012,10.474998474121094,-61.225006103515625,750.5424882769585,0.0005745663321366304,2012,2015
TTO,Trinidad and Tobago,2012,10.474998474121094,-61.17500305175781,1055.3502749204636,0.0008079072751397367,2012,2015
TTO,Trinidad and Tobago,2012,10.474998474121094,-61.12500762939453,417.1077086929215,0.0003193104321645949,2012,2015
TTO,Trinidad and Tobago,2012,10.474998474121094,-61.07500457763672,1293.938172698021,0.0009905545941915192,2012,2015
TTO,Trinidad and Tobago,2012,10.52499771118164,-61.42500305175781,31036.8824634552,0.023759811065356608,2012,2015
TTO,Trinidad and Tobago,2012,10.52499771118164,-61.37500762939453,49939.94245147705,0.03823075976329169,2012,2015
TTO,Trinidad and Tobago,2012,10.52499771118164,-61.32500457763672,5499.169695615768,0.004209805322361605,2012,2015
TTO,Trinidad and Tobago,2012,10.52499771118164,-61.275001525878906,2738.4871969223022,0.002096407024139254,2012,2015
TTO,Trinidad and Tobago,2012,10.52499771118164,-61.225006103515625,823.5519693346814,0.0006304576246320595,2012,2015
TTO,Trinidad and Tobago,2012,10.52499771118164,-61.17500305175781,2906.644977092743,0.002225137642967478,2012,2015
TTO,Trinidad and Tobago,2012,10.52499771118164,-61.12500762939453,1768.613944530698,0.0013539353773396466,2012,2015
TTO,Trinidad and Tobago,2012,10.52499771118164,-61.07500457763672,2478.869239807129,0.0018976604645421834,2012,2015
TTO,Trinidad and Tobago,2012,10.52499771118164,-61.025001525878906,1042.3909348249435,0.0007979864503737889,2012,2015
TTO,Trinidad and Tobago,2012,10.574996948242188,-61.42500305175781,16908.30484783653,0.012943894384143806,2012,2015
TTO,Trinidad and Tobago,2012,10.574996948242188,-61.37500762939453,26199.22194266467,0.02005641398262262,2012,2015
TTO,Trinidad and Tobago,2012,10.574996948242188,-61.32500457763672,15680.508340835571,0.012003973531352075,2012,2015
TTO,Trinidad and Tobago,2012,10.574996948242188,-61.275001525878906,13953.582549571991,0.010681951882669185,2012,2015
TTO,Trinidad and Tobago,2012,10.574996948242188,-61.225006103515625,2672.280939102173,0.0020457238352267473,2012,2015
TTO,Trinidad and Tobago,2012,10.574996948242188,-61.17500305175781,4653.318835616112,0.003562277122751833,2012,2015
TTO,Trinidad and Tobago,2012,10.574996948242188,-61.12500762939453,24717.613686561584,0.01892219142404794,2012,2015
TTO,Trinidad and Tobago,2012,10.574996948242188,-61.07500457763672,3580.5552192926407,0.002741039330211092,2012,2015
TTO,Trinidad and Tobago,2012,10.574996948242188,-61.025001525878906,714.4044940473984,0.0005469014429137421,2012,2015
TTO,Trinidad and Tobago,2012,10.624996185302734,-61.475006103515625,29214.68886351589,0.0223648586016213,2012,2015
TTO,Trinidad and Tobago,2012,10.624996185302734,-61.42500305175781,47074.37535953522,0.0360370686675507,2012,2015
TTO,Trinidad and Tobago,2012,10.624996185302734,-61.37500762939453,44533.134994506836,0.03409166094124872,2012,2015
TTO,Trinidad and Tobago,2012,10.624996185302734,-61.32500457763672,47626.65752029419,0.03645985983576326,2012,2015
TTO,Trinidad and Tobago,2012,10.624996185302734,-61.275001525878906,61748.409606933594,0.04727055133757348,2012,2015
TTO,Trinidad and Tobago,2012,10.624996185302734,-61.225006103515625,10454.164166927338,0.008003025617823687,2012,2015
TTO,Trinidad and Tobago,2012,10.624996185302734,-61.17500305175781,5657.001993775368,0.0043306314262300805,2012,2015
TTO,Trinidad and Tobago,2012,10.624996185302734,-61.12500762939453,5357.23506963253,0.004101149438480078,2012,2015
TTO,Trinidad and Tobago,2012,10.624996185302734,-61.07500457763672,2829.995667695999,0.0021664599355108397,2012,2015
TTO,Trinidad and Tobago,2012,10.674999237060547,-61.525001525878906,67531.63975524907,0.05169781479849754,2012,2015
TTO,Trinidad and Tobago,2012,10.674999237060547,-61.475006103515625,65203.30487823486,0.049915393614930664,2012,2015
TTO,Trinidad and Tobago,2012,10.674999237060547,-61.42500305175781,36981.51876115799,0.028310636537341054,2012,2015
TTO,Trinidad and Tobago,2012,10.674999237060547,-61.37500762939453,11226.039963841742,0.008593923338372845,2012,2015
TTO,Trinidad and Tobago,2012,10.674999237060547,-61.32500457763672,2033.334975719452,0.001556588517308749,2012,2015
TTO,Trinidad and Tobago,2012,10.674999237060547,-61.275001525878906,3450.9431210776097,0.002641816769150082,2012,2015
TTO,Trinidad and Tobago,2012,10.674999237060547,-61.225006103515625,2934.6827890872955,0.002246601561467055,2012,2015
TTO,Trinidad and Tobago,2012,10.674999237060547,-61.17500305175781,5685.081978917122,0.004352127629738009,2012,2015
TTO,Trinidad and Tobago,2012,10.674999237060547,-61.12500762939453,660.6320811510247,0.0005057367939690377,2012,2015
TTO,Trinidad and Tobago,2012,10.674999237060547,-61.07500457763672,2162.6526412966396,0.0016555856799633673,2012,2015
TTO,Trinidad and Tobago,2012,10.724998474121094,-61.62500762939453,978.1933457852123,0.0007488409671497108,2012,2015
TTO,Trinidad and Tobago,2012,10.724998474121094,-61.57500457763672,33262.726905345924,0.025463772262569913,2012,2015
TTO,Trinidad and Tobago,2012,10.724998474121094,-61.525001525878906,21071.671877385284,0.01613109638918697,2012,2015
TTO,Trinidad and Tobago,2012,10.724998474121094,-61.475006103515625,15894.747921466827,0.012167981368302628,2012,2015
TTO,Trinidad and Tobago,2012,10.724998474121094,-61.42500305175781,2432.139272095283,0.001861887051886096,2012,2015
TTO,Trinidad and Tobago,2012,10.724998474121094,-61.37500762939453,761.69478881402,0.0005831038053837149,2012,2015
TTO,Trinidad and Tobago,2012,10.724998474121094,-61.32500457763672,592.3097292781093,0.00045343366159249535,2012,2015
TTO,Trinidad and Tobago,2012,10.724998474121094,-61.275001525878906,651.6293747127056,0.0004988449096342243,2012,2015
TTO,Trinidad and Tobago,2012,10.724998474121094,-61.225006103515625,84.4541950225991,6.46526183735255e-05,2012,2015
TTO,Trinidad and Tobago,2012,10.724998474121094,-61.17500305175781,86.32691979408264,6.608625420342092e-05,2012,2015
TTO,Trinidad and Tobago,2012,10.724998474121094,-61.12500762939453,53.10813444852829,4.065612073043608e-05,2012,2015
TTO,Trinidad and Tobago,2012,10.724998474121094,-61.07500457763672,0.0,0.0,2012,2015
TTO,Trinidad and Tobago,2012,10.724998474121094,-61.025001525878906,442.51565015341475,0.00033876109346641156,2012,2015
TTO,Trinidad and Tobago,2012,10.77499771118164,-61.37500762939453,1124.0914140343666,0.0008605310036887252,2012,2015
TTO,Trinidad and Tobago,2012,10.77499771118164,-61.32500457763672,769.7396734654903,0.000589262443887005,2012,2015
TTO,Trinidad and Tobago,2012,10.77499771118164,-61.275001525878906,158.0992380981292,0.00012103045565905058,2012,2015
TTO,Trinidad and Tobago,2012,10.77499771118164,-61.225006103515625,6.852275848388672,5.245655059496469e-06,2012,2015
TTO,Trinidad and Tobago,2012,10.77499771118164,-61.17500305175781,0.0,0.0,2012,2015
TTO,Trinidad and Tobago,2012,10.77499771118164,-61.12500762939453,0.0,0.0,2012,2015
TTO,Trinidad and Tobago,2012,10.77499771118164,-61.07500457763672,0.0,0.0,2012,2015
TTO,Trinidad and Tobago,2012,10.77499771118164,-61.025001525878906,0.0,0.0,2012,2015
TTO,Trinidad and Tobago,2012,10.77499771118164,-60.975006103515625,772.9247063998332,0.0005917006971763304,2012,2015
TTO,Trinidad and Tobago,2012,10.824996948242188,-61.07500457763672,193.78130722049718,0.00014834631838355942,2012,2015
TTO,Trinidad and Tobago,2012,10.824996948242188,-61.025001525878906,471.85905826108393,0.0003612244911183115,2012,2015
TTO,Trinidad and Tobago,2012,10.824996948242188,-60.975006103515625,440.33164036273956,0.00033708915814712067,2012,2015
TTO,Trinidad and Tobago,2012,10.824996948242188,-60.92500305175781,1700.7900636196136,0.0013020138417903183,2012,2015
TTO,Trinidad and Tobago,2012,11.174999237060547,-60.82500457763672,7322.832440540213,0.00560588246758886,2012,2015
TTO,Trinidad and Tobago,2012,11.174999237060547,-60.775001525878906,15465.972702026367,0.011839739051587743,2012,2015
TTO,Trinidad and Tobago,2012,11.224998474121094,-60.775001525878906,5011.633757054848,0.0038365796351032843,2012,2015
TTO,Trinidad and Tobago,2012,11.224998474121094,-60.725006103515625,9497.901493072584,0.007270973341426585,2012,2015
TTO,Trinidad and Tobago,2012,11.224998474121094,-60.67500305175781,827.7235083580017,0.0006336510825820503,2012,2015
TTO,Trinidad and Tobago,2012,11.224998474121094,-60.62500762939453,4191.92837330699,0.003209066705283832,2012,2015
TTO,Trinidad and Tobago,2012,11.27499771118164,-60.67500305175781,1001.0290480852127,0.0007663224900710801,2012,2015
TTO,Trinidad and Tobago,2012,11.27499771118164,-60.62500762939453,402.89156717062446,0.000308427482272773,2012,2015
TTO,Trinidad and Tobago,2012,11.27499771118164,-60.57500457763672,2935.5462069525934,0.0022472625378191125,2012,2015
TTO,Trinidad and Tobago,2012,11.324996948242188,-60.525001525878906,734.0978908538818,0.000561977421885151,2012,2015
TTO,Trinidad and Tobago,2013,10.074996948242188,-61.87500762939453,1316.3905193827227,0.0010077426450800237,2013,2015
TTO,Trinidad and Tobago,2013,10.074996948242188,-61.62500762939453,4031.380955696106,0.0030861620832117855,2013,2015
TTO,Trinidad and Tobago,2013,10.074996948242188,-61.57500457763672,2907.2335841061886,0.0022255882420715496,2013,2015
TTO,Trinidad and Tobago,2013,10.074996948242188,-61.525001525878906,66.27553719290562,5.07362246776105e-05,2013,2015
TTO,Trinidad and Tobago,2013,10.074996948242188,-61.475006103515625,320.58669388308033,0.00024542024430766,2013,2015
TTO,Trinidad and Tobago,2013,10.074996948242188,-61.37500762939453,185.69169107079506,0.0001421534363653832,2013,2015
TTO,Trinidad and Tobago,2013,10.074996948242188,-61.32500457763672,676.592350423647,0.0005179549342064223,2013,2015
TTO,Trinidad and Tobago,2013,10.124996185302734,-61.775001525878906,1473.9452751877334,0.0011283562806403366,2013,2015
TTO,Trinidad and Tobago,2013,10.124996185302734,-61.725006103515625,2479.3675408363342,0.0018980419312800729,2013,2015
TTO,Trinidad and Tobago,2013,10.124996185302734,-61.67500305175781,1652.9436380865689,0.0012653857419108808,2013,2015
TTO,Trinidad and Tobago,2013,10.124996185302734,-61.62500762939453,1125.7217997312546,0.0008617791205434812,2013,2015
TTO,Trinidad and Tobago,2013,10.124996185302734,-61.57500457763672,4819.468286931526,0.003689470296116302,2013,2015
TTO,Trinidad and Tobago,2013,10.124996185302734,-61.525001525878906,9338.179912686348,0.007148700926421452,2013,2015
TTO,Trinidad and Tobago,2013,10.124996185302734,-61.475006103515625,6493.076336860657,0.004970675362720445,2013,2015
TTO,Trinidad and Tobago,2013,10.124996185302734,-61.42500305175781,9334.966004371643,0.007146240568025962,2013,2015
TTO,Trinidad and Tobago,2013,10.124996185302734,-61.37500762939453,1381.5868020057678,0.0010576526629148078,2013,2015
TTO,Trinidad and Tobago,2013,10.124996185302734,-61.32500457763672,939.3252602815821,0.0007190860982731164,2013,2015
TTO,Trinidad and Tobago,2013,10.124996185302734,-61.275001525878906,3086.576643587272,0.002362881580542993,2013,2015
TTO,Trinidad and Tobago,2013,10.124996185302734,-61.225006103515625,137.29183292388916,0.00010510166460594203,2013,2015
TTO,Trinidad and Tobago,2013,10.124996185302734,-61.17500305175781,54.55355703850771,4.176264190529786e-05,2013,2015
TTO,Trinidad and Tobago,2013,10.124996185302734,-61.12500762939453,97.48702788420779,7.462970440343858e-05,2013,2015
TTO,Trinidad and Tobago,2013,10.124996185302734,-61.07500457763672,785.0877358913422,0.000601011918528568,2013,2015
TTO,Trinidad and Tobago,2013,10.174999237060547,-61.67500305175781,19873.568764686584,0.015213906860629928,2013,2015
TTO,Trinidad and Tobago,2013,10.174999237060547,-61.62500762939453,4342.745760440826,0.0033245226512181583,2013,2015
TTO,Trinidad and Tobago,2013,10.174999237060547,-61.57500457763672,5849.311902999878,0.004477851338363664,2013,2015
TTO,Trinidad and Tobago,2013,10.174999237060547,-61.525001525878906,15497.961241960526,0.0118642273894866,2013,2015
TTO,Trinidad and Tobago,2013,10.174999237060547,-61.475006103515625,19867.963174819946,0.01520961558697195,2013,2015
TTO,Trinidad and Tobago,2013,10.174999237060547,-61.42500305175781,16199.779398918152,0.012401493554385227,2013,2015
TTO,Trinidad and Tobago,2013,10.174999237060547,-61.37500762939453,11309.748452782631,0.00865800509285137,2013,2015
TTO,Trinidad and Tobago,2013,10.174999237060547,-61.32500457763672,4869.460225105286,0.0037277408604101904,2013,2015
TTO,Trinidad and Tobago,2013,10.174999237060547,-61.275001525878906,273.92285323143005,0.0002096974542119537,2013,2015
TTO,Trinidad and Tobago,2013,10.174999237060547,-61.225006103515625,22.1129889190197,1.6928260737039945e-05,2013,2015
TTO,Trinidad and Tobago,2013,10.174999237060547,-61.17500305175781,8.592225075063606,6.577646600134841e-06,2013,2015
TTO,Trinidad and Tobago,2013,10.174999237060547,-61.12500762939453,4.104928016662598,3.142464911791095e-06,2013,2015
TTO,Trinidad and Tobago,2013,10.174999237060547,-61.07500457763672,69.68931519986793,5.334959026160558e-05,2013,2015
TTO,Trinidad and Tobago,2013,10.174999237060547,-61.025001525878906,2443.053310632852,0.0018702421273005805,2013,2015
TTO,Trinidad and Tobago,2013,10.224998474121094,-61.62500762939453,10402.217509746552,0.007963258648265916,2013,2015
TTO,Trinidad and Tobago,2013,10.224998474121094,-61.57500457763672,9163.9048910141,0.007015287346844987,2013,2015
TTO,Trinidad and Tobago,2013,10.224998474121094,-61.525001525878906,7783.3720952274625,0.005958441562283949,2013,2015
TTO,Trinidad and Tobago,2013,10.224998474121094,-61.475006103515625,20364.81988143921,0.015589976645777685,2013,2015
TTO,Trinidad and Tobago,2013,10.224998474121094,-61.42500305175781,11793.057258486748,0.00902799476315006,2013,2015
TTO,Trinidad and Tobago,2013,10.224998474121094,-61.37500762939453,9997.13134765625,0.007653151127390106,2013,2015
TTO,Trinidad and Tobago,2013,10.224998474121094,-61.32500457763672,8022.865767002106,0.006141782282777194,2013,2015
TTO,Trinidad and Tobago,2013,10.224998474121094,-61.275001525878906,543.1880847215652,0.00041582933727747005,2013,2015
TTO,Trinidad and Tobago,2013,10.224998474121094,-61.225006103515625,48.01432240009308,3.67566307602123e-05,2013,2015
TTO,Trinidad and Tobago,2013,10.224998474121094,-61.17500305175781,105.31629526647247,8.062328040134372e-05,2013,2015
TTO,Trinidad and Tobago,2013,10.224998474121094,-61.12500762939453,9.850708783057847,7.541059570686259e-06,2013,2015
TTO,Trinidad and Tobago,2013,10.224998474121094,-61.07500457763672,40.72507613899177,3.1176459679030084e-05,2013,2015
TTO,Trinidad and Tobago,2013,10.224998474121094,-61.025001525878906,1416.2644315958023,0.0010841995923051482,2013,2015
TTO,Trinidad and Tobago,2013,10.27499771118164,-61.42500305175781,34698.90502738953,0.02656321647627706,2013,2015
TTO,Trinidad and Tobago,2013,10.27499771118164,-61.37500762939453,22527.689435958862,0.01724572838034407,2013,2015
TTO,Trinidad and Tobago,2013,10.27499771118164,-61.32500457763672,12947.685933828354,0.009911903100563195,2013,2015
TTO,Trinidad and Tobago,2013,10.27499771118164,-61.275001525878906,3607.5648212434835,0.002761716118224777,2013,2015
TTO,Trinidad and Tobago,2013,10.27499771118164,-61.225006103515625,2367.8870882987976,0.0018126997744802996,2013,2015
TTO,Trinidad and Tobago,2013,10.27499771118164,-61.17500305175781,1298.9188529253006,0.0009943674778249338,2013,2015
TTO,Trinidad and Tobago,2013,10.27499771118164,-61.12500762939453,46.873285532021356,3.588312742314511e-05,2013,2015
TTO,Trinidad and Tobago,2013,10.27499771118164,-61.07500457763672,112.51601064206919,8.613491248133573e-05,2013,2015
TTO,Trinidad and Tobago,2013,10.27499771118164,-61.025001525878906,5959.307465851355,0.004562056760556306,2013,2015
TTO,Trinidad and Tobago,2013,10.324996948242188,-61.42500305175781,28266.104011535645,0.021638683964428022,2013,2015
TTO,Trinidad and Tobago,2013,10.324996948242188,-61.37500762939453,11410.561076879501,0.008735180656613769,2013,2015
TTO,Trinidad and Tobago,2013,10.324996948242188,-61.32500457763672,4742.715265393347,0.0036307131934147133,2013,2015
TTO,Trinidad and Tobago,2013,10.324996948242188,-61.275001525878906,3099.711507678268,0.0023729367750213257,2013,2015
TTO,Trinidad and Tobago,2013,10.324996948242188,-61.225006103515625,4248.120446383973,0.003252083688102641,2013,2015
TTO,Trinidad and Tobago,2013,10.324996948242188,-61.17500305175781,8676.40120625496,0.006642086350991718,2013,2015
TTO,Trinidad and Tobago,2013,10.324996948242188,-61.12500762939453,2334.857635259652,0.0017874145814611164,2013,2015
TTO,Trinidad and Tobago,2013,10.324996948242188,-61.07500457763672,1061.6189053058758,0.0008127061293343009,2013,2015
TTO,Trinidad and Tobago,2013,10.324996948242188,-61.025001525878906,2577.311398744583,0.001973021354927156,2013,2015
TTO,Trinidad and Tobago,2013,10.324996948242188,-60.975006103515625,746.4206466674805,0.0005714109192823324,2013,2015
TTO,Trinidad and Tobago,2013,10.374996185302734,-61.475006103515625,11106.767411589622,0.008502616058715166,2013,2015
TTO,Trinidad and Tobago,2013,10.374996185302734,-61.42500305175781,11040.14974117279,0.008451617919176445,2013,2015
TTO,Trinidad and Tobago,2013,10.374996185302734,-61.37500762939453,3485.5280680656433,0.002668292746790833,2013,2015
TTO,Trinidad and Tobago,2013,10.374996185302734,-61.32500457763672,2236.5144369602203,0.0017121294488802693,2013,2015
TTO,Trinidad and Tobago,2013,10.374996185302734,-61.275001525878906,1258.7909245194955,0.0009636481554674543,2013,2015
TTO,Trinidad and Tobago,2013,10.374996185302734,-61.225006103515625,35.65965339541435,2.729870270729584e-05,2013,2015
TTO,Trinidad and Tobago,2013,10.374996185302734,-61.17500305175781,1326.1545557977706,0.001015217353943904,2013,2015
TTO,Trinidad and Tobago,2013,10.374996185302734,-61.12500762939453,232.86657583713531,0.0001782674484733323,2013,2015
TTO,Trinidad and Tobago,2013,10.374996185302734,-61.07500457763672,1.928596019744873,1.4764072101794357e-06,2013,2015
TTO,Trinidad and Tobago,2013,10.374996185302734,-61.025001525878906,702.8208656311035,0.0005380337732002478,2013,2015
TTO,Trinidad and Tobago,2013,10.424999237060547,-61.475006103515625,20246.283831119537,0.015499233183919194,2013,2015
TTO,Trinidad and Tobago,2013,10.424999237060547,-61.42500305175781,21377.982135772705,0.016365587526472908,2013,2015
TTO,Trinidad and Tobago,2013,10.424999237060547,-61.37500762939453,5993.288871258497,0.004588070706163107,2013,2015
TTO,Trinidad and Tobago,2013,10.424999237060547,-61.32500457763672,2072.6694180965424,0.0015867003985629716,2013,2015
TTO,Trinidad and Tobago,2013,10.424999237060547,-61.275001525878906,727.994063377407,0.0005573047300390116,2013,2015
TTO,Trinidad and Tobago,2013,10.424999237060547,-61.225006103515625,2.1559770107269287,1.6504752529974759e-06,2013,2015
TTO,Trinidad and Tobago,2013,10.424999237060547,-61.17500305175781,331.39038604548506,0.00025369084574094694,2013,2015
TTO,Trinidad and Tobago,2013,10.424999237060547,-61.12500762939453,2849.979640782144,0.002181758360712567,2013,2015
TTO,Trinidad and Tobago,2013,10.424999237060547,-61.07500457763672,239.48500049162965,0.00018333408232504866,2013,2015
TTO,Trinidad and Tobago,2013,10.474998474121094,-61.42500305175781,28558.493215560913,0.02186251805128808,2013,2015
TTO,Trinidad and Tobago,2013,10.474998474121094,-61.37500762939453,10146.786581516266,0.007767717404645644,2013,2015
TTO,Trinidad and Tobago,2013,10.474998474121094,-61.32500457763672,5028.437490941526,0.0038494434767861636,2013,2015
TTO,Trinidad and Tobago,2013,10.474998474121094,-61.275001525878906,978.394487440592,0.000748994948070147,2013,2015
TTO,Trinidad and Tobago,2013,10.474998474121094,-61.225006103515625,750.5424882769585,0.0005745663321366304,2013,2015
TTO,Trinidad and Tobago,2013,10.474998474121094,-61.17500305175781,1055.3502749204636,0.0008079072751397367,2013,2015
TTO,Trinidad and Tobago,2013,10.474998474121094,-61.12500762939453,417.1077086929215,0.0003193104321645949,2013,2015
TTO,Trinidad and Tobago,2013,10.474998474121094,-61.07500457763672,1293.938172698021,0.0009905545941915192,2013,2015
TTO,Trinidad and Tobago,2013,10.52499771118164,-61.42500305175781,31036.8824634552,0.023759811065356608,2013,2015
TTO,Trinidad and Tobago,2013,10.52499771118164,-61.37500762939453,49939.94245147705,0.03823075976329169,2013,2015
TTO,Trinidad and Tobago,2013,10.52499771118164,-61.32500457763672,5499.169695615768,0.004209805322361605,2013,2015
TTO,Trinidad and Tobago,2013,10.52499771118164,-61.275001525878906,2738.4871969223022,0.002096407024139254,2013,2015
TTO,Trinidad and Tobago,2013,10.52499771118164,-61.225006103515625,823.5519693346814,0.0006304576246320595,2013,2015
TTO,Trinidad and Tobago,2013,10.52499771118164,-61.17500305175781,2906.644977092743,0.002225137642967478,2013,2015
TTO,Trinidad and Tobago,2013,10.52499771118164,-61.12500762939453,1768.613944530698,0.0013539353773396466,2013,2015
TTO,Trinidad and Tobago,2013,10.52499771118164,-61.07500457763672,2478.869239807129,0.0018976604645421834,2013,2015
TTO,Trinidad and Tobago,2013,10.52499771118164,-61.025001525878906,1042.3909348249435,0.0007979864503737889,2013,2015
TTO,Trinidad and Tobago,2013,10.574996948242188,-61.42500305175781,16908.30484783653,0.012943894384143806,2013,2015
TTO,Trinidad and Tobago,2013,10.574996948242188,-61.37500762939453,26199.22194266467,0.02005641398262262,2013,2015
TTO,Trinidad and Tobago,2013,10.574996948242188,-61.32500457763672,15680.508340835571,0.012003973531352075,2013,2015
TTO,Trinidad and Tobago,2013,10.574996948242188,-61.275001525878906,13953.582549571991,0.010681951882669185,2013,2015
TTO,Trinidad and Tobago,2013,10.574996948242188,-61.225006103515625,2672.280939102173,0.0020457238352267473,2013,2015
TTO,Trinidad and Tobago,2013,10.574996948242188,-61.17500305175781,4653.318835616112,0.003562277122751833,2013,2015
TTO,Trinidad and Tobago,2013,10.574996948242188,-61.12500762939453,24717.613686561584,0.01892219142404794,2013,2015
TTO,Trinidad and Tobago,2013,10.574996948242188,-61.07500457763672,3580.5552192926407,0.002741039330211092,2013,2015
TTO,Trinidad and Tobago,2013,10.574996948242188,-61.025001525878906,714.4044940473984,0.0005469014429137421,2013,2015
TTO,Trinidad and Tobago,2013,10.624996185302734,-61.475006103515625,29214.68886351589,0.0223648586016213,2013,2015
TTO,Trinidad and Tobago,2013,10.624996185302734,-61.42500305175781,47074.37535953522,0.0360370686675507,2013,2015
TTO,Trinidad and Tobago,2013,10.624996185302734,-61.37500762939453,44533.134994506836,0.03409166094124872,2013,2015
TTO,Trinidad and Tobago,2013,10.624996185302734,-61.32500457763672,47626.65752029419,0.03645985983576326,2013,2015
TTO,Trinidad and Tobago,2013,10.624996185302734,-61.275001525878906,61748.409606933594,0.04727055133757348,2013,2015
TTO,Trinidad and Tobago,2013,10.624996185302734,-61.225006103515625,10454.164166927338,0.008003025617823687,2013,2015
TTO,Trinidad and Tobago,2013,10.624996185302734,-61.17500305175781,5657.001993775368,0.0043306314262300805,2013,2015
TTO,Trinidad and Tobago,2013,10.624996185302734,-61.12500762939453,5357.23506963253,0.004101149438480078,2013,2015
TTO,Trinidad and Tobago,2013,10.624996185302734,-61.07500457763672,2829.995667695999,0.0021664599355108397,2013,2015
TTO,Trinidad and Tobago,2013,10.674999237060547,-61.525001525878906,67531.63975524907,0.05169781479849754,2013,2015
TTO,Trinidad and Tobago,2013,10.674999237060547,-61.475006103515625,65203.30487823486,0.049915393614930664,2013,2015
TTO,Trinidad and Tobago,2013,10.674999237060547,-61.42500305175781,36981.51876115799,0.028310636537341054,2013,2015
TTO,Trinidad and Tobago,2013,10.674999237060547,-61.37500762939453,11226.039963841742,0.008593923338372845,2013,2015
TTO,Trinidad and Tobago,2013,10.674999237060547,-61.32500457763672,2033.334975719452,0.001556588517308749,2013,2015
TTO,Trinidad and Tobago,2013,10.674999237060547,-61.275001525878906,3450.9431210776097,0.002641816769150082,2013,2015
TTO,Trinidad and Tobago,2013,10.674999237060547,-61.225006103515625,2934.6827890872955,0.002246601561467055,2013,2015
TTO,Trinidad and Tobago,2013,10.674999237060547,-61.17500305175781,5685.081978917122,0.004352127629738009,2013,2015
TTO,Trinidad and Tobago,2013,10.674999237060547,-61.12500762939453,660.6320811510247,0.0005057367939690377,2013,2015
TTO,Trinidad and Tobago,2013,10.674999237060547,-61.07500457763672,2162.6526412966396,0.0016555856799633673,2013,2015
TTO,Trinidad and Tobago,2013,10.724998474121094,-61.62500762939453,978.1933457852123,0.0007488409671497108,2013,2015
TTO,Trinidad and Tobago,2013,10.724998474121094,-61.57500457763672,33262.726905345924,0.025463772262569913,2013,2015
TTO,Trinidad and Tobago,2013,10.724998474121094,-61.525001525878906,21071.671877385284,0.01613109638918697,2013,2015
TTO,Trinidad and Tobago,2013,10.724998474121094,-61.475006103515625,15894.747921466827,0.012167981368302628,2013,2015
TTO,Trinidad and Tobago,2013,10.724998474121094,-61.42500305175781,2432.139272095283,0.001861887051886096,2013,2015
TTO,Trinidad and Tobago,2013,10.724998474121094,-61.37500762939453,761.69478881402,0.0005831038053837149,2013,2015
TTO,Trinidad and Tobago,2013,10.724998474121094,-61.32500457763672,592.3097292781093,0.00045343366159249535,2013,2015
TTO,Trinidad and Tobago,2013,10.724998474121094,-61.275001525878906,651.6293747127056,0.0004988449096342243,2013,2015
TTO,Trinidad and Tobago,2013,10.724998474121094,-61.225006103515625,84.4541950225991,6.46526183735255e-05,2013,2015
TTO,Trinidad and Tobago,2013,10.724998474121094,-61.17500305175781,86.32691979408264,6.608625420342092e-05,2013,2015
TTO,Trinidad and Tobago,2013,10.724998474121094,-61.12500762939453,53.10813444852829,4.065612073043608e-05,2013,2015
TTO,Trinidad and Tobago,2013,10.724998474121094,-61.07500457763672,0.0,0.0,2013,2015
TTO,Trinidad and Tobago,2013,10.724998474121094,-61.025001525878906,442.51565015341475,0.00033876109346641156,2013,2015
TTO,Trinidad and Tobago,2013,10.77499771118164,-61.37500762939453,1124.0914140343666,0.0008605310036887252,2013,2015
TTO,Trinidad and Tobago,2013,10.77499771118164,-61.32500457763672,769.7396734654903,0.000589262443887005,2013,2015
TTO,Trinidad and Tobago,2013,10.77499771118164,-61.275001525878906,158.0992380981292,0.00012103045565905058,2013,2015
TTO,Trinidad and Tobago,2013,10.77499771118164,-61.225006103515625,6.852275848388672,5.245655059496469e-06,2013,2015
TTO,Trinidad and Tobago,2013,10.77499771118164,-61.17500305175781,0.0,0.0,2013,2015
TTO,Trinidad and Tobago,2013,10.77499771118164,-61.12500762939453,0.0,0.0,2013,2015
TTO,Trinidad and Tobago,2013,10.77499771118164,-61.07500457763672,0.0,0.0,2013,2015
TTO,Trinidad and Tobago,2013,10.77499771118164,-61.025001525878906,0.0,0.0,2013,2015
TTO,Trinidad and Tobago,2013,10.77499771118164,-60.975006103515625,772.9247063998332,0.0005917006971763304,2013,2015
TTO,Trinidad and Tobago,2013,10.824996948242188,-61.07500457763672,193.78130722049718,0.00014834631838355942,2013,2015
TTO,Trinidad and Tobago,2013,10.824996948242188,-61.025001525878906,471.85905826108393,0.0003612244911183115,2013,2015
TTO,Trinidad and Tobago,2013,10.824996948242188,-60.975006103515625,440.33164036273956,0.00033708915814712067,2013,2015
TTO,Trinidad and Tobago,2013,10.824996948242188,-60.92500305175781,1700.7900636196136,0.0013020138417903183,2013,2015
TTO,Trinidad and Tobago,2013,11.174999237060547,-60.82500457763672,7322.832440540213,0.00560588246758886,2013,2015
TTO,Trinidad and Tobago,2013,11.174999237060547,-60.775001525878906,15465.972702026367,0.011839739051587743,2013,2015
TTO,Trinidad and Tobago,2013,11.224998474121094,-60.775001525878906,5011.633757054848,0.0038365796351032843,2013,2015
TTO,Trinidad and Tobago,2013,11.224998474121094,-60.725006103515625,9497.901493072584,0.007270973341426585,2013,2015
TTO,Trinidad and Tobago,2013,11.224998474121094,-60.67500305175781,827.7235083580017,0.0006336510825820503,2013,2015
TTO,Trinidad and Tobago,2013,11.224998474121094,-60.62500762939453,4191.92837330699,0.003209066705283832,2013,2015
TTO,Trinidad and Tobago,2013,11.27499771118164,-60.67500305175781,1001.0290480852127,0.0007663224900710801,2013,2015
TTO,Trinidad and Tobago,2013,11.27499771118164,-60.62500762939453,402.89156717062446,0.000308427482272773,2013,2015
TTO,Trinidad and Tobago,2013,11.27499771118164,-60.57500457763672,2935.5462069525934,0.0022472625378191125,2013,2015
TTO,Trinidad and Tobago,2013,11.324996948242188,-60.525001525878906,734.0978908538818,0.000561977421885151,2013,2015
TTO,Trinidad and Tobago,2014,10.074996948242188,-61.87500762939453,1316.3905193827227,0.0010077426450800237,2014,2015
TTO,Trinidad and Tobago,2014,10.074996948242188,-61.62500762939453,4031.380955696106,0.0030861620832117855,2014,2015
TTO,Trinidad and Tobago,2014,10.074996948242188,-61.57500457763672,2907.2335841061886,0.0022255882420715496,2014,2015
TTO,Trinidad and Tobago,2014,10.074996948242188,-61.525001525878906,66.27553719290562,5.07362246776105e-05,2014,2015
TTO,Trinidad and Tobago,2014,10.074996948242188,-61.475006103515625,320.58669388308033,0.00024542024430766,2014,2015
TTO,Trinidad and Tobago,2014,10.074996948242188,-61.37500762939453,185.69169107079506,0.0001421534363653832,2014,2015
TTO,Trinidad and Tobago,2014,10.074996948242188,-61.32500457763672,676.592350423647,0.0005179549342064223,2014,2015
TTO,Trinidad and Tobago,2014,10.124996185302734,-61.775001525878906,1473.9452751877334,0.0011283562806403366,2014,2015
TTO,Trinidad and Tobago,2014,10.124996185302734,-61.725006103515625,2479.3675408363342,0.0018980419312800729,2014,2015
TTO,Trinidad and Tobago,2014,10.124996185302734,-61.67500305175781,1652.9436380865689,0.0012653857419108808,2014,2015
TTO,Trinidad and Tobago,2014,10.124996185302734,-61.62500762939453,1125.7217997312546,0.0008617791205434812,2014,2015
TTO,Trinidad and Tobago,2014,10.124996185302734,-61.57500457763672,4819.468286931526,0.003689470296116302,2014,2015
TTO,Trinidad and Tobago,2014,10.124996185302734,-61.525001525878906,9338.179912686348,0.007148700926421452,2014,2015
TTO,Trinidad and Tobago,2014,10.124996185302734,-61.475006103515625,6493.076336860657,0.004970675362720445,2014,2015
TTO,Trinidad and Tobago,2014,10.124996185302734,-61.42500305175781,9334.966004371643,0.007146240568025962,2014,2015
TTO,Trinidad and Tobago,2014,10.124996185302734,-61.37500762939453,1381.5868020057678,0.0010576526629148078,2014,2015
TTO,Trinidad and Tobago,2014,10.124996185302734,-61.32500457763672,939.3252602815821,0.0007190860982731164,2014,2015
TTO,Trinidad and Tobago,2014,10.124996185302734,-61.275001525878906,3086.576643587272,0.002362881580542993,2014,2015
TTO,Trinidad and Tobago,2014,10.124996185302734,-61.225006103515625,137.29183292388916,0.00010510166460594203,2014,2015
TTO,Trinidad and Tobago,2014,10.124996185302734,-61.17500305175781,54.55355703850771,4.176264190529786e-05,2014,2015
TTO,Trinidad and Tobago,2014,10.124996185302734,-61.12500762939453,97.48702788420779,7.462970440343858e-05,2014,2015
TTO,Trinidad and Tobago,2014,10.124996185302734,-61.07500457763672,785.0877358913422,0.000601011918528568,2014,2015
TTO,Trinidad and Tobago,2014,10.174999237060547,-61.67500305175781,19873.568764686584,0.015213906860629928,2014,2015
TTO,Trinidad and Tobago,2014,10.174999237060547,-61.62500762939453,4342.745760440826,0.0033245226512181583,2014,2015
TTO,Trinidad and Tobago,2014,10.174999237060547,-61.57500457763672,5849.311902999878,0.004477851338363664,2014,2015
TTO,Trinidad and Tobago,2014,10.174999237060547,-61.525001525878906,15497.961241960526,0.0118642273894866,2014,2015
TTO,Trinidad and Tobago,2014,10.174999237060547,-61.475006103515625,19867.963174819946,0.01520961558697195,2014,2015
TTO,Trinidad and Tobago,2014,10.174999237060547,-61.42500305175781,16199.779398918152,0.012401493554385227,2014,2015
TTO,Trinidad and Tobago,2014,10.174999237060547,-61.37500762939453,11309.748452782631,0.00865800509285137,2014,2015
TTO,Trinidad and Tobago,2014,10.174999237060547,-61.32500457763672,4869.460225105286,0.0037277408604101904,2014,2015
TTO,Trinidad and Tobago,2014,10.174999237060547,-61.275001525878906,273.92285323143005,0.0002096974542119537,2014,2015
TTO,Trinidad and Tobago,2014,10.174999237060547,-61.225006103515625,22.1129889190197,1.6928260737039945e-05,2014,2015
TTO,Trinidad and Tobago,2014,10.174999237060547,-61.17500305175781,8.592225075063606,6.577646600134841e-06,2014,2015
TTO,Trinidad and Tobago,2014,10.174999237060547,-61.12500762939453,4.104928016662598,3.142464911791095e-06,2014,2015
TTO,Trinidad and Tobago,2014,10.174999237060547,-61.07500457763672,69.68931519986793,5.334959026160558e-05,2014,2015
TTO,Trinidad and Tobago,2014,10.174999237060547,-61.025001525878906,2443.053310632852,0.0018702421273005805,2014,2015
TTO,Trinidad and Tobago,2014,10.224998474121094,-61.62500762939453,10402.217509746552,0.007963258648265916,2014,2015
TTO,Trinidad and Tobago,2014,10.224998474121094,-61.57500457763672,9163.9048910141,0.007015287346844987,2014,2015
TTO,Trinidad and Tobago,2014,10.224998474121094,-61.525001525878906,7783.3720952274625,0.005958441562283949,2014,2015
TTO,Trinidad and Tobago,2014,10.224998474121094,-61.475006103515625,20364.81988143921,0.015589976645777685,2014,2015
TTO,Trinidad and Tobago,2014,10.224998474121094,-61.42500305175781,11793.057258486748,0.00902799476315006,2014,2015
TTO,Trinidad and Tobago,2014,10.224998474121094,-61.37500762939453,9997.13134765625,0.007653151127390106,2014,2015
TTO,Trinidad and Tobago,2014,10.224998474121094,-61.32500457763672,8022.865767002106,0.006141782282777194,2014,2015
TTO,Trinidad and Tobago,2014,10.224998474121094,-61.275001525878906,543.1880847215652,0.00041582933727747005,2014,2015
TTO,Trinidad and Tobago,2014,10.224998474121094,-61.225006103515625,48.01432240009308,3.67566307602123e-05,2014,2015
TTO,Trinidad and Tobago,2014,10.224998474121094,-61.17500305175781,105.31629526647247,8.062328040134372e-05,2014,2015
TTO,Trinidad and Tobago,2014,10.224998474121094,-61.12500762939453,9.850708783057847,7.541059570686259e-06,2014,2015
TTO,Trinidad and Tobago,2014,10.224998474121094,-61.07500457763672,40.72507613899177,3.1176459679030084e-05,2014,2015
TTO,Trinidad and Tobago,2014,10.224998474121094,-61.025001525878906,1416.2644315958023,0.0010841995923051482,2014,2015
TTO,Trinidad and Tobago,2014,10.27499771118164,-61.42500305175781,34698.90502738953,0.02656321647627706,2014,2015
TTO,Trinidad and Tobago,2014,10.27499771118164,-61.37500762939453,22527.689435958862,0.01724572838034407,2014,2015
TTO,Trinidad and Tobago,2014,10.27499771118164,-61.32500457763672,12947.685933828354,0.009911903100563195,2014,2015
TTO,Trinidad and Tobago,2014,10.27499771118164,-61.275001525878906,3607.5648212434835,0.002761716118224777,2014,2015
TTO,Trinidad and Tobago,2014,10.27499771118164,-61.225006103515625,2367.8870882987976,0.0018126997744802996,2014,2015
TTO,Trinidad and Tobago,2014,10.27499771118164,-61.17500305175781,1298.9188529253006,0.0009943674778249338,2014,2015
TTO,Trinidad and Tobago,2014,10.27499771118164,-61.12500762939453,46.873285532021356,3.588312742314511e-05,2014,2015
TTO,Trinidad and Tobago,2014,10.27499771118164,-61.07500457763672,112.51601064206919,8.613491248133573e-05,2014,2015
TTO,Trinidad and Tobago,2014,10.27499771118164,-61.025001525878906,5959.307465851355,0.004562056760556306,2014,2015
TTO,Trinidad and Tobago,2014,10.324996948242188,-61.42500305175781,28266.104011535645,0.021638683964428022,2014,2015
TTO,Trinidad and Tobago,2014,10.324996948242188,-61.37500762939453,11410.561076879501,0.008735180656613769,2014,2015
TTO,Trinidad and Tobago,2014,10.324996948242188,-61.32500457763672,4742.715265393347,0.0036307131934147133,2014,2015
TTO,Trinidad and Tobago,2014,10.324996948242188,-61.275001525878906,3099.711507678268,0.0023729367750213257,2014,2015
TTO,Trinidad and Tobago,2014,10.324996948242188,-61.225006103515625,4248.120446383973,0.003252083688102641,2014,2015
TTO,Trinidad and Tobago,2014,10.324996948242188,-61.17500305175781,8676.40120625496,0.006642086350991718,2014,2015
TTO,Trinidad and Tobago,2014,10.324996948242188,-61.12500762939453,2334.857635259652,0.0017874145814611164,2014,2015
TTO,Trinidad and Tobago,2014,10.324996948242188,-61.07500457763672,1061.6189053058758,0.0008127061293343009,2014,2015
TTO,Trinidad and Tobago,2014,10.324996948242188,-61.025001525878906,2577.311398744583,0.001973021354927156,2014,2015
TTO,Trinidad and Tobago,2014,10.324996948242188,-60.975006103515625,746.4206466674805,0.0005714109192823324,2014,2015
TTO,Trinidad and Tobago,2014,10.374996185302734,-61.475006103515625,11106.767411589622,0.008502616058715166,2014,2015
TTO,Trinidad and Tobago,2014,10.374996185302734,-61.42500305175781,11040.14974117279,0.008451617919176445,2014,2015
TTO,Trinidad and Tobago,2014,10.374996185302734,-61.37500762939453,3485.5280680656433,0.002668292746790833,2014,2015
TTO,Trinidad and Tobago,2014,10.374996185302734,-61.32500457763672,2236.5144369602203,0.0017121294488802693,2014,2015
TTO,Trinidad and Tobago,2014,10.374996185302734,-61.275001525878906,1258.7909245194955,0.0009636481554674543,2014,2015
TTO,Trinidad and Tobago,2014,10.374996185302734,-61.225006103515625,35.65965339541435,2.729870270729584e-05,2014,2015
TTO,Trinidad and Tobago,2014,10.374996185302734,-61.17500305175781,1326.1545557977706,0.001015217353943904,2014,2015
TTO,Trinidad and Tobago,2014,10.374996185302734,-61.12500762939453,232.86657583713531,0.0001782674484733323,2014,2015
TTO,Trinidad and Tobago,2014,10.374996185302734,-61.07500457763672,1.928596019744873,1.4764072101794357e-06,2014,2015
TTO,Trinidad and Tobago,2014,10.374996185302734,-61.025001525878906,702.8208656311035,0.0005380337732002478,2014,2015
TTO,Trinidad and Tobago,2014,10.424999237060547,-61.475006103515625,20246.283831119537,0.015499233183919194,2014,2015
TTO,Trinidad and Tobago,2014,10.424999237060547,-61.42500305175781,21377.982135772705,0.016365587526472908,2014,2015
TTO,Trinidad and Tobago,2014,10.424999237060547,-61.37500762939453,5993.288871258497,0.004588070706163107,2014,2015
TTO,Trinidad and Tobago,2014,10.424999237060547,-61.32500457763672,2072.6694180965424,0.0015867003985629716,2014,2015
TTO,Trinidad and Tobago,2014,10.424999237060547,-61.275001525878906,727.994063377407,0.0005573047300390116,2014,2015
TTO,Trinidad and Tobago,2014,10.424999237060547,-61.225006103515625,2.1559770107269287,1.6504752529974759e-06,2014,2015
TTO,Trinidad and Tobago,2014,10.424999237060547,-61.17500305175781,331.39038604548506,0.00025369084574094694,2014,2015
TTO,Trinidad and Tobago,2014,10.424999237060547,-61.12500762939453,2849.979640782144,0.002181758360712567,2014,2015
TTO,Trinidad and Tobago,2014,10.424999237060547,-61.07500457763672,239.48500049162965,0.00018333408232504866,2014,2015
TTO,Trinidad and Tobago,2014,10.474998474121094,-61.42500305175781,28558.493215560913,0.02186251805128808,2014,2015
TTO,Trinidad and Tobago,2014,10.474998474121094,-61.37500762939453,10146.786581516266,0.007767717404645644,2014,2015
TTO,Trinidad and Tobago,2014,10.474998474121094,-61.32500457763672,5028.437490941526,0.0038494434767861636,2014,2015
TTO,Trinidad and Tobago,2014,10.474998474121094,-61.275001525878906,978.394487440592,0.000748994948070147,2014,2015
TTO,Trinidad and Tobago,2014,10.474998474121094,-61.225006103515625,750.5424882769585,0.0005745663321366304,2014,2015
TTO,Trinidad and Tobago,2014,10.474998474121094,-61.17500305175781,1055.3502749204636,0.0008079072751397367,2014,2015
TTO,Trinidad and Tobago,2014,10.474998474121094,-61.12500762939453,417.1077086929215,0.0003193104321645949,2014,2015
TTO,Trinidad and Tobago,2014,10.474998474121094,-61.07500457763672,1293.938172698021,0.0009905545941915192,2014,2015
TTO,Trinidad and Tobago,2014,10.52499771118164,-61.42500305175781,31036.8824634552,0.023759811065356608,2014,2015
TTO,Trinidad and Tobago,2014,10.52499771118164,-61.37500762939453,49939.94245147705,0.03823075976329169,2014,2015
TTO,Trinidad and Tobago,2014,10.52499771118164,-61.32500457763672,5499.169695615768,0.004209805322361605,2014,2015
TTO,Trinidad and Tobago,2014,10.52499771118164,-61.275001525878906,2738.4871969223022,0.002096407024139254,2014,2015
TTO,Trinidad and Tobago,2014,10.52499771118164,-61.225006103515625,823.5519693346814,0.0006304576246320595,2014,2015
TTO,Trinidad and Tobago,2014,10.52499771118164,-61.17500305175781,2906.644977092743,0.002225137642967478,2014,2015
TTO,Trinidad and Tobago,2014,10.52499771118164,-61.12500762939453,1768.613944530698,0.0013539353773396466,2014,2015
TTO,Trinidad and Tobago,2014,10.52499771118164,-61.07500457763672,2478.869239807129,0.0018976604645421834,2014,2015
TTO,Trinidad and Tobago,2014,10.52499771118164,-61.025001525878906,1042.3909348249435,0.0007979864503737889,2014,2015
TTO,Trinidad and Tobago,2014,10.574996948242188,-61.42500305175781,16908.30484783653,0.012943894384143806,2014,2015
TTO,Trinidad and Tobago,2014,10.574996948242188,-61.37500762939453,26199.22194266467,0.02005641398262262,2014,2015
TTO,Trinidad and Tobago,2014,10.574996948242188,-61.32500457763672,15680.508340835571,0.012003973531352075,2014,2015
TTO,Trinidad and Tobago,2014,10.574996948242188,-61.275001525878906,13953.582549571991,0.010681951882669185,2014,2015
TTO,Trinidad and Tobago,2014,10.574996948242188,-61.225006103515625,2672.280939102173,0.0020457238352267473,2014,2015
TTO,Trinidad and Tobago,2014,10.574996948242188,-61.17500305175781,4653.318835616112,0.003562277122751833,2014,2015
TTO,Trinidad and Tobago,2014,10.574996948242188,-61.12500762939453,24717.613686561584,0.01892219142404794,2014,2015
TTO,Trinidad and Tobago,2014,10.574996948242188,-61.07500457763672,3580.5552192926407,0.002741039330211092,2014,2015
TTO,Trinidad and Tobago,2014,10.574996948242188,-61.025001525878906,714.4044940473984,0.0005469014429137421,2014,2015
TTO,Trinidad and Tobago,2014,10.624996185302734,-61.475006103515625,29214.68886351589,0.0223648586016213,2014,2015
TTO,Trinidad and Tobago,2014,10.624996185302734,-61.42500305175781,47074.37535953522,0.0360370686675507,2014,2015
TTO,Trinidad and Tobago,2014,10.624996185302734,-61.37500762939453,44533.134994506836,0.03409166094124872,2014,2015
TTO,Trinidad and Tobago,2014,10.624996185302734,-61.32500457763672,47626.65752029419,0.03645985983576326,2014,2015
TTO,Trinidad and Tobago,2014,10.624996185302734,-61.275001525878906,61748.409606933594,0.04727055133757348,2014,2015
TTO,Trinidad and Tobago,2014,10.624996185302734,-61.225006103515625,10454.164166927338,0.008003025617823687,2014,2015
TTO,Trinidad and Tobago,2014,10.624996185302734,-61.17500305175781,5657.001993775368,0.0043306314262300805,2014,2015
TTO,Trinidad and Tobago,2014,10.624996185302734,-61.12500762939453,5357.23506963253,0.004101149438480078,2014,2015
TTO,Trinidad and Tobago,2014,10.624996185302734,-61.07500457763672,2829.995667695999,0.0021664599355108397,2014,2015
TTO,Trinidad and Tobago,2014,10.674999237060547,-61.525001525878906,67531.63975524907,0.05169781479849754,2014,2015
TTO,Trinidad and Tobago,2014,10.674999237060547,-61.475006103515625,65203.30487823486,0.049915393614930664,2014,2015
TTO,Trinidad and Tobago,2014,10.674999237060547,-61.42500305175781,36981.51876115799,0.028310636537341054,2014,2015
TTO,Trinidad and Tobago,2014,10.674999237060547,-61.37500762939453,11226.039963841742,0.008593923338372845,2014,2015
TTO,Trinidad and Tobago,2014,10.674999237060547,-61.32500457763672,2033.334975719452,0.001556588517308749,2014,2015
TTO,Trinidad and Tobago,2014,10.674999237060547,-61.275001525878906,3450.9431210776097,0.002641816769150082,2014,2015
TTO,Trinidad and Tobago,2014,10.674999237060547,-61.225006103515625,2934.6827890872955,0.002246601561467055,2014,2015
TTO,Trinidad and Tobago,2014,10.674999237060547,-61.17500305175781,5685.081978917122,0.004352127629738009,2014,2015
TTO,Trinidad and Tobago,2014,10.674999237060547,-61.12500762939453,660.6320811510247,0.0005057367939690377,2014,2015
TTO,Trinidad and Tobago,2014,10.674999237060547,-61.07500457763672,2162.6526412966396,0.0016555856799633673,2014,2015
TTO,Trinidad and Tobago,2014,10.724998474121094,-61.62500762939453,978.1933457852123,0.0007488409671497108,2014,2015
TTO,Trinidad and Tobago,2014,10.724998474121094,-61.57500457763672,33262.726905345924,0.025463772262569913,2014,2015
TTO,Trinidad and Tobago,2014,10.724998474121094,-61.525001525878906,21071.671877385284,0.01613109638918697,2014,2015
TTO,Trinidad and Tobago,2014,10.724998474121094,-61.475006103515625,15894.747921466827,0.012167981368302628,2014,2015
TTO,Trinidad and Tobago,2014,10.724998474121094,-61.42500305175781,2432.139272095283,0.001861887051886096,2014,2015
TTO,Trinidad and Tobago,2014,10.724998474121094,-61.37500762939453,761.69478881402,0.0005831038053837149,2014,2015
TTO,Trinidad and Tobago,2014,10.724998474121094,-61.32500457763672,592.3097292781093,0.00045343366159249535,2014,2015
TTO,Trinidad and Tobago,2014,10.724998474121094,-61.275001525878906,651.6293747127056,0.0004988449096342243,2014,2015
TTO,Trinidad and Tobago,2014,10.724998474121094,-61.225006103515625,84.4541950225991,6.46526183735255e-05,2014,2015
TTO,Trinidad and Tobago,2014,10.724998474121094,-61.17500305175781,86.32691979408264,6.608625420342092e-05,2014,2015
TTO,Trinidad and Tobago,2014,10.724998474121094,-61.12500762939453,53.10813444852829,4.065612073043608e-05,2014,2015
TTO,Trinidad and Tobago,2014,10.724998474121094,-61.07500457763672,0.0,0.0,2014,2015
TTO,Trinidad and Tobago,2014,10.724998474121094,-61.025001525878906,442.51565015341475,0.00033876109346641156,2014,2015
TTO,Trinidad and Tobago,2014,10.77499771118164,-61.37500762939453,1124.0914140343666,0.0008605310036887252,2014,2015
TTO,Trinidad and Tobago,2014,10.77499771118164,-61.32500457763672,769.7396734654903,0.000589262443887005,2014,2015
TTO,Trinidad and Tobago,2014,10.77499771118164,-61.275001525878906,158.0992380981292,0.00012103045565905058,2014,2015
TTO,Trinidad and Tobago,2014,10.77499771118164,-61.225006103515625,6.852275848388672,5.245655059496469e-06,2014,2015
TTO,Trinidad and Tobago,2014,10.77499771118164,-61.17500305175781,0.0,0.0,2014,2015
TTO,Trinidad and Tobago,2014,10.77499771118164,-61.12500762939453,0.0,0.0,2014,2015
TTO,Trinidad and Tobago,2014,10.77499771118164,-61.07500457763672,0.0,0.0,2014,2015
TTO,Trinidad and Tobago,2014,10.77499771118164,-61.025001525878906,0.0,0.0,2014,2015
TTO,Trinidad and Tobago,2014,10.77499771118164,-60.975006103515625,772.9247063998332,0.0005917006971763304,2014,2015
TTO,Trinidad and Tobago,2014,10.824996948242188,-61.07500457763672,193.78130722049718,0.00014834631838355942,2014,2015
TTO,Trinidad and Tobago,2014,10.824996948242188,-61.025001525878906,471.85905826108393,0.0003612244911183115,2014,2015
TTO,Trinidad and Tobago,2014,10.824996948242188,-60.975006103515625,440.33164036273956,0.00033708915814712067,2014,2015
TTO,Trinidad and Tobago,2014,10.824996948242188,-60.92500305175781,1700.7900636196136,0.0013020138417903183,2014,2015
TTO,Trinidad and Tobago,2014,11.174999237060547,-60.82500457763672,7322.832440540213,0.00560588246758886,2014,2015
TTO,Trinidad and Tobago,2014,11.174999237060547,-60.775001525878906,15465.972702026367,0.011839739051587743,2014,2015
TTO,Trinidad and Tobago,2014,11.224998474121094,-60.775001525878906,5011.633757054848,0.0038365796351032843,2014,2015
TTO,Trinidad and Tobago,2014,11.224998474121094,-60.725006103515625,9497.901493072584,0.007270973341426585,2014,2015
TTO,Trinidad and Tobago,2014,11.224998474121094,-60.67500305175781,827.7235083580017,0.0006336510825820503,2014,2015
TTO,Trinidad and Tobago,2014,11.224998474121094,-60.62500762939453,4191.92837330699,0.003209066705283832,2014,2015
TTO,Trinidad and Tobago,2014,11.27499771118164,-60.67500305175781,1001.0290480852127,0.0007663224900710801,2014,2015
TTO,Trinidad and Tobago,2014,11.27499771118164,-60.62500762939453,402.89156717062446,0.000308427482272773,2014,2015
TTO,Trinidad and Tobago,2014,11.27499771118164,-60.57500457763672,2935.5462069525934,0.0022472625378191125,2014,2015
TTO,Trinidad and Tobago,2014,11.324996948242188,-60.525001525878906,734.0978908538818,0.000561977421885151,2014,2015
TTO,Trinidad and Tobago,2015,10.074996948242188,-61.87500762939453,1316.3905193827227,0.0010077426450800237,2015,2015
TTO,Trinidad and Tobago,2015,10.074996948242188,-61.62500762939453,4031.380955696106,0.0030861620832117855,2015,2015
TTO,Trinidad and Tobago,2015,10.074996948242188,-61.57500457763672,2907.2335841061886,0.0022255882420715496,2015,2015
TTO,Trinidad and Tobago,2015,10.074996948242188,-61.525001525878906,66.27553719290562,5.07362246776105e-05,2015,2015
TTO,Trinidad and Tobago,2015,10.074996948242188,-61.475006103515625,320.58669388308033,0.00024542024430766,2015,2015
TTO,Trinidad and Tobago,2015,10.074996948242188,-61.37500762939453,185.69169107079506,0.0001421534363653832,2015,2015
TTO,Trinidad and Tobago,2015,10.074996948242188,-61.32500457763672,676.592350423647,0.0005179549342064223,2015,2015
TTO,Trinidad and Tobago,2015,10.124996185302734,-61.775001525878906,1473.9452751877334,0.0011283562806403366,2015,2015
TTO,Trinidad and Tobago,2015,10.124996185302734,-61.725006103515625,2479.3675408363342,0.0018980419312800729,2015,2015
TTO,Trinidad and Tobago,2015,10.124996185302734,-61.67500305175781,1652.9436380865689,0.0012653857419108808,2015,2015
TTO,Trinidad and Tobago,2015,10.124996185302734,-61.62500762939453,1125.7217997312546,0.0008617791205434812,2015,2015
TTO,Trinidad and Tobago,2015,10.124996185302734,-61.57500457763672,4819.468286931526,0.003689470296116302,2015,2015
TTO,Trinidad and Tobago,2015,10.124996185302734,-61.525001525878906,9338.179912686348,0.007148700926421452,2015,2015
TTO,Trinidad and Tobago,2015,10.124996185302734,-61.475006103515625,6493.076336860657,0.004970675362720445,2015,2015
TTO,Trinidad and Tobago,2015,10.124996185302734,-61.42500305175781,9334.966004371643,0.007146240568025962,2015,2015
TTO,Trinidad and Tobago,2015,10.124996185302734,-61.37500762939453,1381.5868020057678,0.0010576526629148078,2015,2015
TTO,Trinidad and Tobago,2015,10.124996185302734,-61.32500457763672,939.3252602815821,0.0007190860982731164,2015,2015
TTO,Trinidad and Tobago,2015,10.124996185302734,-61.275001525878906,3086.576643587272,0.002362881580542993,2015,2015
TTO,Trinidad and Tobago,2015,10.124996185302734,-61.225006103515625,137.29183292388916,0.00010510166460594203,2015,2015
TTO,Trinidad and Tobago,2015,10.124996185302734,-61.17500305175781,54.55355703850771,4.176264190529786e-05,2015,2015
TTO,Trinidad and Tobago,2015,10.124996185302734,-61.12500762939453,97.48702788420779,7.462970440343858e-05,2015,2015
TTO,Trinidad and Tobago,2015,10.124996185302734,-61.07500457763672,785.0877358913422,0.000601011918528568,2015,2015
TTO,Trinidad and Tobago,2015,10.174999237060547,-61.67500305175781,19873.568764686584,0.015213906860629928,2015,2015
TTO,Trinidad and Tobago,2015,10.174999237060547,-61.62500762939453,4342.745760440826,0.0033245226512181583,2015,2015
TTO,Trinidad and Tobago,2015,10.174999237060547,-61.57500457763672,5849.311902999878,0.004477851338363664,2015,2015
TTO,Trinidad and Tobago,2015,10.174999237060547,-61.525001525878906,15497.961241960526,0.0118642273894866,2015,2015
TTO,Trinidad and Tobago,2015,10.174999237060547,-61.475006103515625,19867.963174819946,0.01520961558697195,2015,2015
TTO,Trinidad and Tobago,2015,10.174999237060547,-61.42500305175781,16199.779398918152,0.012401493554385227,2015,2015
TTO,Trinidad and Tobago,2015,10.174999237060547,-61.37500762939453,11309.748452782631,0.00865800509285137,2015,2015
TTO,Trinidad and Tobago,2015,10.174999237060547,-61.32500457763672,4869.460225105286,0.0037277408604101904,2015,2015
TTO,Trinidad and Tobago,2015,10.174999237060547,-61.275001525878906,273.92285323143005,0.0002096974542119537,2015,2015
TTO,Trinidad and Tobago,2015,10.174999237060547,-61.225006103515625,22.1129889190197,1.6928260737039945e-05,2015,2015
TTO,Trinidad and Tobago,2015,10.174999237060547,-61.17500305175781,8.592225075063606,6.577646600134841e-06,2015,2015
TTO,Trinidad and Tobago,2015,10.174999237060547,-61.12500762939453,4.104928016662598,3.142464911791095e-06,2015,2015
TTO,Trinidad and Tobago,2015,10.174999237060547,-61.07500457763672,69.68931519986793,5.334959026160558e-05,2015,2015
TTO,Trinidad and Tobago,2015,10.174999237060547,-61.025001525878906,2443.053310632852,0.0018702421273005805,2015,2015
TTO,Trinidad and Tobago,2015,10.224998474121094,-61.62500762939453,10402.217509746552,0.007963258648265916,2015,2015
TTO,Trinidad and Tobago,2015,10.224998474121094,-61.57500457763672,9163.9048910141,0.007015287346844987,2015,2015
TTO,Trinidad and Tobago,2015,10.224998474121094,-61.525001525878906,7783.3720952274625,0.005958441562283949,2015,2015
TTO,Trinidad and Tobago,2015,10.224998474121094,-61.475006103515625,20364.81988143921,0.015589976645777685,2015,2015
TTO,Trinidad and Tobago,2015,10.224998474121094,-61.42500305175781,11793.057258486748,0.00902799476315006,2015,2015
TTO,Trinidad and Tobago,2015,10.224998474121094,-61.37500762939453,9997.13134765625,0.007653151127390106,2015,2015
TTO,Trinidad and Tobago,2015,10.224998474121094,-61.32500457763672,8022.865767002106,0.006141782282777194,2015,2015
TTO,Trinidad and Tobago,2015,10.224998474121094,-61.275001525878906,543.1880847215652,0.00041582933727747005,2015,2015
TTO,Trinidad and Tobago,2015,10.224998474121094,-61.225006103515625,48.01432240009308,3.67566307602123e-05,2015,2015
TTO,Trinidad and Tobago,2015,10.224998474121094,-61.17500305175781,105.31629526647247,8.062328040134372e-05,2015,2015
TTO,Trinidad and Tobago,2015,10.224998474121094,-61.12500762939453,9.850708783057847,7.541059570686259e-06,2015,2015
TTO,Trinidad and Tobago,2015,10.224998474121094,-61.07500457763672,40.72507613899177,3.1176459679030084e-05,2015,2015
TTO,Trinidad and Tobago,2015,10.224998474121094,-61.025001525878906,1416.2644315958023,0.0010841995923051482,2015,2015
TTO,Trinidad and Tobago,2015,10.27499771118164,-61.42500305175781,34698.90502738953,0.02656321647627706,2015,2015
TTO,Trinidad and Tobago,2015,10.27499771118164,-61.37500762939453,22527.689435958862,0.01724572838034407,2015,2015
TTO,Trinidad and Tobago,2015,10.27499771118164,-61.32500457763672,12947.685933828354,0.009911903100563195,2015,2015
TTO,Trinidad and Tobago,2015,10.27499771118164,-61.275001525878906,3607.5648212434835,0.002761716118224777,2015,2015
TTO,Trinidad and Tobago,2015,10.27499771118164,-61.225006103515625,2367.8870882987976,0.0018126997744802996,2015,2015
TTO,Trinidad and Tobago,2015,10.27499771118164,-61.17500305175781,1298.9188529253006,0.0009943674778249338,2015,2015
TTO,Trinidad and Tobago,2015,10.27499771118164,-61.12500762939453,46.873285532021356,3.588312742314511e-05,2015,2015
TTO,Trinidad and Tobago,2015,10.27499771118164,-61.07500457763672,112.51601064206919,8.613491248133573e-05,2015,2015
TTO,Trinidad and Tobago,2015,10.27499771118164,-61.025001525878906,5959.307465851355,0.004562056760556306,2015,2015
TTO,Trinidad and Tobago,2015,10.324996948242188,-61.42500305175781,28266.104011535645,0.021638683964428022,2015,2015
TTO,Trinidad and Tobago,2015,10.324996948242188,-61.37500762939453,11410.561076879501,0.008735180656613769,2015,2015
TTO,Trinidad and Tobago,2015,10.324996948242188,-61.32500457763672,4742.715265393347,0.0036307131934147133,2015,2015
TTO,Trinidad and Tobago,2015,10.324996948242188,-61.275001525878906,3099.711507678268,0.0023729367750213257,2015,2015
TTO,Trinidad and Tobago,2015,10.324996948242188,-61.225006103515625,4248.120446383973,0.003252083688102641,2015,2015
TTO,Trinidad and Tobago,2015,10.324996948242188,-61.17500305175781,8676.40120625496,0.006642086350991718,2015,2015
TTO,Trinidad and Tobago,2015,10.324996948242188,-61.12500762939453,2334.857635259652,0.0017874145814611164,2015,2015
TTO,Trinidad and Tobago,2015,10.324996948242188,-61.07500457763672,1061.6189053058758,0.0008127061293343009,2015,2015
TTO,Trinidad and Tobago,2015,10.324996948242188,-61.025001525878906,2577.311398744583,0.001973021354927156,2015,2015
TTO,Trinidad and Tobago,2015,10.324996948242188,-60.975006103515625,746.4206466674805,0.0005714109192823324,2015,2015
TTO,Trinidad and Tobago,2015,10.374996185302734,-61.475006103515625,11106.767411589622,0.008502616058715166,2015,2015
TTO,Trinidad and Tobago,2015,10.374996185302734,-61.42500305175781,11040.14974117279,0.008451617919176445,2015,2015
TTO,Trinidad and Tobago,2015,10.374996185302734,-61.37500762939453,3485.5280680656433,0.002668292746790833,2015,2015
TTO,Trinidad and Tobago,2015,10.374996185302734,-61.32500457763672,2236.5144369602203,0.0017121294488802693,2015,2015
TTO,Trinidad and Tobago,2015,10.374996185302734,-61.275001525878906,1258.7909245194955,0.0009636481554674543,2015,2015
TTO,Trinidad and Tobago,2015,10.374996185302734,-61.225006103515625,35.65965339541435,2.729870270729584e-05,2015,2015
TTO,Trinidad and Tobago,2015,10.374996185302734,-61.17500305175781,1326.1545557977706,0.001015217353943904,2015,2015
TTO,Trinidad and Tobago,2015,10.374996185302734,-61.12500762939453,232.86657583713531,0.0001782674484733323,2015,2015
TTO,Trinidad and Tobago,2015,10.374996185302734,-61.07500457763672,1.928596019744873,1.4764072101794357e-06,2015,2015
TTO,Trinidad and Tobago,2015,10.374996185302734,-61.025001525878906,702.8208656311035,0.0005380337732002478,2015,2015
TTO,Trinidad and Tobago,2015,10.424999237060547,-61.475006103515625,20246.283831119537,0.015499233183919194,2015,2015
TTO,Trinidad and Tobago,2015,10.424999237060547,-61.42500305175781,21377.982135772705,0.016365587526472908,2015,2015
TTO,Trinidad and Tobago,2015,10.424999237060547,-61.37500762939453,5993.288871258497,0.004588070706163107,2015,2015
TTO,Trinidad and Tobago,2015,10.424999237060547,-61.32500457763672,2072.6694180965424,0.0015867003985629716,2015,2015
TTO,Trinidad and Tobago,2015,10.424999237060547,-61.275001525878906,727.994063377407,0.0005573047300390116,2015,2015
TTO,Trinidad and Tobago,2015,10.424999237060547,-61.225006103515625,2.1559770107269287,1.6504752529974759e-06,2015,2015
TTO,Trinidad and Tobago,2015,10.424999237060547,-61.17500305175781,331.39038604548506,0.00025369084574094694,2015,2015
TTO,Trinidad and Tobago,2015,10.424999237060547,-61.12500762939453,2849.979640782144,0.002181758360712567,2015,2015
TTO,Trinidad and Tobago,2015,10.424999237060547,-61.07500457763672,239.48500049162965,0.00018333408232504866,2015,2015
TTO,Trinidad and Tobago,2015,10.474998474121094,-61.42500305175781,28558.493215560913,0.02186251805128808,2015,2015
TTO,Trinidad and Tobago,2015,10.474998474121094,-61.37500762939453,10146.786581516266,0.007767717404645644,2015,2015
TTO,Trinidad and Tobago,2015,10.474998474121094,-61.32500457763672,5028.437490941526,0.0038494434767861636,2015,2015
TTO,Trinidad and Tobago,2015,10.474998474121094,-61.275001525878906,978.394487440592,0.000748994948070147,2015,2015
TTO,Trinidad and Tobago,2015,10.474998474121094,-61.225006103515625,750.5424882769585,0.0005745663321366304,2015,2015
TTO,Trinidad and Tobago,2015,10.474998474121094,-61.17500305175781,1055.3502749204636,0.0008079072751397367,2015,2015
TTO,Trinidad and Tobago,2015,10.474998474121094,-61.12500762939453,417.1077086929215,0.0003193104321645949,2015,2015
TTO,Trinidad and Tobago,2015,10.474998474121094,-61.07500457763672,1293.938172698021,0.0009905545941915192,2015,2015
TTO,Trinidad and Tobago,2015,10.52499771118164,-61.42500305175781,31036.8824634552,0.023759811065356608,2015,2015
TTO,Trinidad and Tobago,2015,10.52499771118164,-61.37500762939453,49939.94245147705,0.03823075976329169,2015,2015
TTO,Trinidad and Tobago,2015,10.52499771118164,-61.32500457763672,5499.169695615768,0.004209805322361605,2015,2015
TTO,Trinidad and Tobago,2015,10.52499771118164,-61.275001525878906,2738.4871969223022,0.002096407024139254,2015,2015
TTO,Trinidad and Tobago,2015,10.52499771118164,-61.225006103515625,823.5519693346814,0.0006304576246320595,2015,2015
TTO,Trinidad and Tobago,2015,10.52499771118164,-61.17500305175781,2906.644977092743,0.002225137642967478,2015,2015
TTO,Trinidad and Tobago,2015,10.52499771118164,-61.12500762939453,1768.613944530698,0.0013539353773396466,2015,2015
TTO,Trinidad and Tobago,2015,10.52499771118164,-61.07500457763672,2478.869239807129,0.0018976604645421834,2015,2015
TTO,Trinidad and Tobago,2015,10.52499771118164,-61.025001525878906,1042.3909348249435,0.0007979864503737889,2015,2015
TTO,Trinidad and Tobago,2015,10.574996948242188,-61.42500305175781,16908.30484783653,0.012943894384143806,2015,2015
TTO,Trinidad and Tobago,2015,10.574996948242188,-61.37500762939453,26199.22194266467,0.02005641398262262,2015,2015
TTO,Trinidad and Tobago,2015,10.574996948242188,-61.32500457763672,15680.508340835571,0.012003973531352075,2015,2015
TTO,Trinidad and Tobago,2015,10.574996948242188,-61.275001525878906,13953.582549571991,0.010681951882669185,2015,2015
TTO,Trinidad and Tobago,2015,10.574996948242188,-61.225006103515625,2672.280939102173,0.0020457238352267473,2015,2015
TTO,Trinidad and Tobago,2015,10.574996948242188,-61.17500305175781,4653.318835616112,0.003562277122751833,2015,2015
TTO,Trinidad and Tobago,2015,10.574996948242188,-61.12500762939453,24717.613686561584,0.01892219142404794,2015,2015
TTO,Trinidad and Tobago,2015,10.574996948242188,-61.07500457763672,3580.5552192926407,0.002741039330211092,2015,2015
TTO,Trinidad and Tobago,2015,10.574996948242188,-61.025001525878906,714.4044940473984,0.0005469014429137421,2015,2015
TTO,Trinidad and Tobago,2015,10.624996185302734,-61.475006103515625,29214.68886351589,0.0223648586016213,2015,2015
TTO,Trinidad and Tobago,2015,10.624996185302734,-61.42500305175781,47074.37535953522,0.0360370686675507,2015,2015
TTO,Trinidad and Tobago,2015,10.624996185302734,-61.37500762939453,44533.134994506836,0.03409166094124872,2015,2015
TTO,Trinidad and Tobago,2015,10.624996185302734,-61.32500457763672,47626.65752029419,0.03645985983576326,2015,2015
TTO,Trinidad and Tobago,2015,10.624996185302734,-61.275001525878906,61748.409606933594,0.04727055133757348,2015,2015
TTO,Trinidad and Tobago,2015,10.624996185302734,-61.225006103515625,10454.164166927338,0.008003025617823687,2015,2015
TTO,Trinidad and Tobago,2015,10.624996185302734,-61.17500305175781,5657.001993775368,0.0043306314262300805,2015,2015
TTO,Trinidad and Tobago,2015,10.624996185302734,-61.12500762939453,5357.23506963253,0.004101149438480078,2015,2015
TTO,Trinidad and Tobago,2015,10.624996185302734,-61.07500457763672,2829.995667695999,0.0021664599355108397,2015,2015
TTO,Trinidad and Tobago,2015,10.674999237060547,-61.525001525878906,67531.63975524907,0.05169781479849754,2015,2015
TTO,Trinidad and Tobago,2015,10.674999237060547,-61.475006103515625,65203.30487823486,0.049915393614930664,2015,2015
TTO,Trinidad and Tobago,2015,10.674999237060547,-61.42500305175781,36981.51876115799,0.028310636537341054,2015,2015
TTO,Trinidad and Tobago,2015,10.674999237060547,-61.37500762939453,11226.039963841742,0.008593923338372845,2015,2015
TTO,Trinidad and Tobago,2015,10.674999237060547,-61.32500457763672,2033.334975719452,0.001556588517308749,2015,2015
TTO,Trinidad and Tobago,2015,10.674999237060547,-61.275001525878906,3450.9431210776097,0.002641816769150082,2015,2015
TTO,Trinidad and Tobago,2015,10.674999237060547,-61.225006103515625,2934.6827890872955,0.002246601561467055,2015,2015
TTO,Trinidad and Tobago,2015,10.674999237060547,-61.17500305175781,5685.081978917122,0.004352127629738009,2015,2015
TTO,Trinidad and Tobago,2015,10.674999237060547,-61.12500762939453,660.6320811510247,0.0005057367939690377,2015,2015
TTO,Trinidad and Tobago,2015,10.674999237060547,-61.07500457763672,2162.6526412966396,0.0016555856799633673,2015,2015
TTO,Trinidad and Tobago,2015,10.724998474121094,-61.62500762939453,978.1933457852123,0.0007488409671497108,2015,2015
TTO,Trinidad and Tobago,2015,10.724998474121094,-61.57500457763672,33262.726905345924,0.025463772262569913,2015,2015
TTO,Trinidad and Tobago,2015,10.724998474121094,-61.525001525878906,21071.671877385284,0.01613109638918697,2015,2015
TTO,Trinidad and Tobago,2015,10.724998474121094,-61.475006103515625,15894.747921466827,0.012167981368302628,2015,2015
TTO,Trinidad and Tobago,2015,10.724998474121094,-61.42500305175781,2432.139272095283,0.001861887051886096,2015,2015
TTO,Trinidad and Tobago,2015,10.724998474121094,-61.37500762939453,761.69478881402,0.0005831038053837149,2015,2015
TTO,Trinidad and Tobago,2015,10.724998474121094,-61.32500457763672,592.3097292781093,0.00045343366159249535,2015,2015
TTO,Trinidad and Tobago,2015,10.724998474121094,-61.275001525878906,651.6293747127056,0.0004988449096342243,2015,2015
TTO,Trinidad and Tobago,2015,10.724998474121094,-61.225006103515625,84.4541950225991,6.46526183735255e-05,2015,2015
TTO,Trinidad and Tobago,2015,10.724998474121094,-61.17500305175781,86.32691979408264,6.608625420342092e-05,2015,2015
TTO,Trinidad and Tobago,2015,10.724998474121094,-61.12500762939453,53.10813444852829,4.065612073043608e-05,2015,2015
TTO,Trinidad and Tobago,2015,10.724998474121094,-61.07500457763672,0.0,0.0,2015,2015
TTO,Trinidad and Tobago,2015,10.724998474121094,-61.025001525878906,442.51565015341475,0.00033876109346641156,2015,2015
TTO,Trinidad and Tobago,2015,10.77499771118164,-61.37500762939453,1124.0914140343666,0.0008605310036887252,2015,2015
TTO,Trinidad and Tobago,2015,10.77499771118164,-61.32500457763672,769.7396734654903,0.000589262443887005,2015,2015
TTO,Trinidad and Tobago,2015,10.77499771118164,-61.275001525878906,158.0992380981292,0.00012103045565905058,2015,2015
TTO,Trinidad and Tobago,2015,10.77499771118164,-61.225006103515625,6.852275848388672,5.245655059496469e-06,2015,2015
TTO,Trinidad and Tobago,2015,10.77499771118164,-61.17500305175781,0.0,0.0,2015,2015
TTO,Trinidad and Tobago,2015,10.77499771118164,-61.12500762939453,0.0,0.0,2015,2015
TTO,Trinidad and Tobago,2015,10.77499771118164,-61.07500457763672,0.0,0.0,2015,2015
TTO,Trinidad and Tobago,2015,10.77499771118164,-61.025001525878906,0.0,0.0,2015,2015
TTO,Trinidad and Tobago,2015,10.77499771118164,-60.975006103515625,772.9247063998332,0.0005917006971763304,2015,2015
TTO,Trinidad and Tobago,2015,10.824996948242188,-61.07500457763672,193.78130722049718,0.00014834631838355942,2015,2015
TTO,Trinidad and Tobago,2015,10.824996948242188,-61.025001525878906,471.85905826108393,0.0003612244911183115,2015,2015
TTO,Trinidad and Tobago,2015,10.824996948242188,-60.975006103515625,440.33164036273956,0.00033708915814712067,2015,2015
TTO,Trinidad and Tobago,2015,10.824996948242188,-60.92500305175781,1700.7900636196136,0.0013020138417903183,2015,2015
TTO,Trinidad and Tobago,2015,11.174999237060547,-60.82500457763672,7322.832440540213,0.00560588246758886,2015,2015
TTO,Trinidad and Tobago,2015,11.174999237060547,-60.775001525878906,15465.972702026367,0.011839739051587743,2015,2015
TTO,Trinidad and Tobago,2015,11.224998474121094,-60.775001525878906,5011.633757054848,0.0038365796351032843,2015,2015
TTO,Trinidad and Tobago,2015,11.224998474121094,-60.725006103515625,9497.901493072584,0.007270973341426585,2015,2015
TTO,Trinidad and Tobago,2015,11.224998474121094,-60.67500305175781,827.7235083580017,0.0006336510825820503,2015,2015
TTO,Trinidad and Tobago,2015,11.224998474121094,-60.62500762939453,4191.92837330699,0.003209066705283832,2015,2015
TTO,Trinidad and Tobago,2015,11.27499771118164,-60.67500305175781,1001.0290480852127,0.0007663224900710801,2015,2015
TTO,Trinidad and Tobago,2015,11.27499771118164,-60.62500762939453,402.89156717062446,0.000308427482272773,2015,2015
TTO,Trinidad and Tobago,2015,11.27499771118164,-60.57500457763672,2935.5462069525934,0.0022472625378191125,2015,2015
TTO,Trinidad and Tobago,2015,11.324996948242188,-60.525001525878906,734.0978908538818,0.000561977421885151,2015,2015
TTO,Trinidad and Tobago,2016,10.074996948242188,-61.87500762939453,1323.534899117727,0.0010077406856111415,2016,2016
TTO,Trinidad and Tobago,2016,10.074996948242188,-61.62500762939453,4051.7729454040527,0.0030850236353147822,2016,2016
TTO,Trinidad and Tobago,2016,10.074996948242188,-61.57500457763672,2922.186121583205,0.0022249551920471753,2016,2016
TTO,Trinidad and Tobago,2016,10.074996948242188,-61.525001525878906,66.59468024977548,5.0705250596489255e-05,2016,2016
TTO,Trinidad and Tobago,2016,10.074996948242188,-61.475006103515625,321.9940676690537,0.00024516657832886484,2016,2016
TTO,Trinidad and Tobago,2016,10.074996948242188,-61.37500762939453,186.46954807639122,0.00014197808486150656,2016,2016
TTO,Trinidad and Tobago,2016,10.074996948242188,-61.32500457763672,679.7275432947417,0.0005175451746419652,2016,2016
TTO,Trinidad and Tobago,2016,10.124996185302734,-61.775001525878906,1481.704046845678,0.0011281708197014078,2016,2016
TTO,Trinidad and Tobago,2016,10.124996185302734,-61.725006103515625,2491.750655889511,0.0018972212338427752,2016,2016
TTO,Trinidad and Tobago,2016,10.124996185302734,-61.67500305175781,1660.9280416967995,0.0012646321336944374,2016,2016
TTO,Trinidad and Tobago,2016,10.124996185302734,-61.62500762939453,1130.5144275426865,0.0008607747215918463,2016,2016
TTO,Trinidad and Tobago,2016,10.124996185302734,-61.57500457763672,4843.204413831245,0.003687620280963269,2016,2016
TTO,Trinidad and Tobago,2016,10.124996185302734,-61.525001525878906,9387.17744255066,0.007147405510965676,2016,2016
TTO,Trinidad and Tobago,2016,10.124996185302734,-61.475006103515625,6526.26813185215,0.004969106538904971,2016,2016
TTO,Trinidad and Tobago,2016,10.124996185302734,-61.42500305175781,9381.294019699097,0.007142925867412547,2016,2016
TTO,Trinidad and Tobago,2016,10.124996185302734,-61.37500762939453,1387.756761431694,0.0010566392704558956,2016,2016
TTO,Trinidad and Tobago,2016,10.124996185302734,-61.32500457763672,943.1112483740046,0.0007180857691607124,2016,2016
TTO,Trinidad and Tobago,2016,10.124996185302734,-61.275001525878906,3099.6167308103286,0.0023600510205819087,2016,2016
TTO,Trinidad and Tobago,2016,10.124996185302734,-61.225006103515625,137.79360401630402,0.000104916176427826,2016,2016
TTO,Trinidad and Tobago,2016,10.124996185302734,-61.17500305175781,54.75916230698621,4.169367638399204e-05,2016,2016
TTO,Trinidad and Tobago,2016,10.124996185302734,-61.12500762939453,97.80122119256269,7.446593948062821e-05,2016,2016
TTO,Trinidad and Tobago,2016,10.124996185302734,-61.07500457763672,788.1334316730499,0.0006000855174402278,2016,2016
TTO,Trinidad and Tobago,2016,10.174999237060547,-61.67500305175781,19970.262225151062,0.015205375967058595,2016,2016
TTO,Trinidad and Tobago,2016,10.174999237060547,-61.62500762939453,4364.396133422852,0.003323055217286677,2016,2016
TTO,Trinidad and Tobago,2016,10.174999237060547,-61.57500457763672,5878.951457023621,0.004476239029227613,2016,2016
TTO,Trinidad and Tobago,2016,10.174999237060547,-61.525001525878906,15578.141780614853,0.011861211433872431,2016,2016
TTO,Trinidad and Tobago,2016,10.174999237060547,-61.475006103515625,19969.724016189575,0.015204966174261886,2016,2016
TTO,Trinidad and Tobago,2016,10.174999237060547,-61.42500305175781,16281.129800796509,0.012396467156941406,2016,2016
TTO,Trinidad and Tobago,2016,10.174999237060547,-61.37500762939453,11363.951095461845,0.00865252278260746,2016,2016
TTO,Trinidad and Tobago,2016,10.174999237060547,-61.32500457763672,4891.134325027466,0.0037241141592904356,2016,2016
TTO,Trinidad and Tobago,2016,10.174999237060547,-61.275001525878906,274.9425141811371,0.00020934148236608372,2016,2016
TTO,Trinidad and Tobago,2016,10.174999237060547,-61.225006103515625,22.19729772210121,1.690104283619286e-05,2016,2016
TTO,Trinidad and Tobago,2016,10.174999237060547,-61.17500305175781,8.616416931448706,6.5605477511758544e-06,2016,2016
TTO,Trinidad and Tobago,2016,10.174999237060547,-61.12500762939453,4.113722860813141,3.1321923577032304e-06,2016,2016
TTO,Trinidad and Tobago,2016,10.174999237060547,-61.07500457763672,69.93735092879942,5.3250363116073986e-05,2016,2016
TTO,Trinidad and Tobago,2016,10.174999237060547,-61.025001525878906,2452.839203596262,0.0018675940183924963,2016,2016
TTO,Trinidad and Tobago,2016,10.224998474121094,-61.62500762939453,10458.632770240307,0.007963212579783763,2016,2016
TTO,Trinidad and Tobago,2016,10.224998474121094,-61.57500457763672,9211.925546646118,0.007013968556752211,2016,2016
TTO,Trinidad and Tobago,2016,10.224998474121094,-61.525001525878906,7824.288287163003,0.005957420275189523,2016,2016
TTO,Trinidad and Tobago,2016,10.224998474121094,-61.475006103515625,20470.71683883667,0.015586422568737917,2016,2016
TTO,Trinidad and Tobago,2016,10.224998474121094,-61.42500305175781,11852.091476678848,0.009024193316395441,2016,2016
TTO,Trinidad and Tobago,2016,10.224998474121094,-61.37500762939453,10044.698192596436,0.007648042412868588,2016,2016
TTO,Trinidad and Tobago,2016,10.224998474121094,-61.32500457763672,8058.904935836792,0.006136057606587373,2016,2016
TTO,Trinidad and Tobago,2016,10.224998474121094,-61.275001525878906,545.2321706414223,0.00041514027459774936,2016,2016
TTO,Trinidad and Tobago,2016,10.224998474121094,-61.225006103515625,48.19370251893997,3.6694729282129794e-05,2016,2016
TTO,Trinidad and Tobago,2016,10.224998474121094,-61.17500305175781,105.69744873078979,8.047813436753217e-05,2016,2016
TTO,Trinidad and Tobago,2016,10.224998474121094,-61.12500762939453,9.87435185947831,7.5183405586581425e-06,2016,2016
TTO,Trinidad and Tobago,2016,10.224998474121094,-61.07500457763672,40.87288600208236,3.112065287443604e-05,2016,2016
TTO,Trinidad and Tobago,2016,10.224998474121094,-61.025001525878906,1421.8761804699898,0.001082617827392495,2016,2016
TTO,Trinidad and Tobago,2016,10.27499771118164,-61.42500305175781,34899.88106393814,0.026572801438454533,2016,2016
TTO,Trinidad and Tobago,2016,10.27499771118164,-61.37500762939453,22630.360131263733,0.01723077695156282,2016,2016
TTO,Trinidad and Tobago,2016,10.27499771118164,-61.32500457763672,13005.549505710602,0.009902437317195863,2016,2016
TTO,Trinidad and Tobago,2016,10.27499771118164,-61.275001525878906,3623.4611940385885,0.0027589066751469273,2016,2016
TTO,Trinidad and Tobago,2016,10.27499771118164,-61.225006103515625,2377.258815050125,0.0018100470412610186,2016,2016
TTO,Trinidad and Tobago,2016,10.27499771118164,-61.17500305175781,1303.8825514316559,0.0009927773700656036,2016,2016
TTO,Trinidad and Tobago,2016,10.27499771118164,-61.12500762939453,47.03280365469448,3.581081982257584e-05,2016,2016
TTO,Trinidad and Tobago,2016,10.27499771118164,-61.07500457763672,112.93906700612871,8.599190916152427e-05,2016,2016
TTO,Trinidad and Tobago,2016,10.27499771118164,-61.025001525878906,5983.254332184841,0.004555655334000724,2016,2016
TTO,Trinidad and Tobago,2016,10.324996948242188,-61.42500305175781,28418.934978485107,0.02163820314722931,2016,2016
TTO,Trinidad and Tobago,2016,10.324996948242188,-61.37500762939453,11462.28326177597,0.00872739298419042,2016,2016
TTO,Trinidad and Tobago,2016,10.324996948242188,-61.32500457763672,4764.871085047813,0.0036279772126112065,2016,2016
TTO,Trinidad and Tobago,2016,10.324996948242188,-61.275001525878906,3113.753215670822,0.002370814553115083,2016,2016
TTO,Trinidad and Tobago,2016,10.324996948242188,-61.225006103515625,4266.384446144125,0.0032484290287350874,2016,2016
TTO,Trinidad and Tobago,2016,10.324996948242188,-61.17500305175781,8711.268481492996,0.006632767808339916,2016,2016
TTO,Trinidad and Tobago,2016,10.324996948242188,-61.12500762939453,2344.366396546388,0.001785002723656352,2016,2016
TTO,Trinidad and Tobago,2016,10.324996948242188,-61.07500457763672,1065.9525755047932,0.0008116172682595905,2016,2016
TTO,Trinidad and Tobago,2016,10.324996948242188,-61.025001525878906,2587.5053853988647,0.001970128972679575,2016,2016
TTO,Trinidad and Tobago,2016,10.324996948242188,-60.975006103515625,749.4831509590149,0.0005706571582698058,2016,2016
TTO,Trinidad and Tobago,2016,10.374996185302734,-61.475006103515625,11162.74929010868,0.008499327543548818,2016,2016
TTO,Trinidad and Tobago,2016,10.374996185302734,-61.42500305175781,11093.868936538696,0.008446881979190806,2016,2016
TTO,Trinidad and Tobago,2016,10.374996185302734,-61.37500762939453,3502.0914103984833,0.0026664956106109733,2016,2016
TTO,Trinidad and Tobago,2016,10.374996185302734,-61.32500457763672,2247.2041460871696,0.0017110232970779036,2016,2016
TTO,Trinidad and Tobago,2016,10.374996185302734,-61.275001525878906,1264.8439729960733,0.0009630533606540023,2016,2016
TTO,Trinidad and Tobago,2016,10.374996185302734,-61.225006103515625,35.77673491835594,2.7240438767111907e-05,2016,2016
TTO,Trinidad and Tobago,2016,10.374996185302734,-61.17500305175781,1331.3976719381371,0.001013727408045228,2016,2016
TTO,Trinidad and Tobago,2016,10.374996185302734,-61.12500762939453,233.74539804458618,0.00017797396037000764,2016,2016
TTO,Trinidad and Tobago,2016,10.374996185302734,-61.07500457763672,1.9324030876159668,1.4713334825468664e-06,2016,2016
TTO,Trinidad and Tobago,2016,10.374996185302734,-61.025001525878906,705.3553739190102,0.0005370582283749965,2016,2016
TTO,Trinidad and Tobago,2016,10.424999237060547,-61.475006103515625,20346.572463035583,0.015491898927186833,2016,2016
TTO,Trinidad and Tobago,2016,10.424999237060547,-61.42500305175781,21480.24920272827,0.016355081436148913,2016,2016
TTO,Trinidad and Tobago,2016,10.424999237060547,-61.37500762939453,6022.063615769148,0.0045852047581023455,2016,2016
TTO,Trinidad and Tobago,2016,10.424999237060547,-61.32500457763672,2082.486029088497,0.0015856067717807845,2016,2016
TTO,Trinidad and Tobago,2016,10.424999237060547,-61.275001525878906,731.4118382334975,0.000556897644192734,2016,2016
TTO,Trinidad and Tobago,2016,10.424999237060547,-61.225006103515625,2.1640610098838806,1.6477180369467083e-06,2016,2016
TTO,Trinidad and Tobago,2016,10.424999237060547,-61.17500305175781,332.63709557107177,0.0002532701895310385,2016,2016
TTO,Trinidad and Tobago,2016,10.424999237060547,-61.12500762939453,2861.222845018175,0.0021785376973791483,2016,2016
TTO,Trinidad and Tobago,2016,10.424999237060547,-61.07500457763672,240.23531138945788,0.00018291538634077547,2016,2016
TTO,Trinidad and Tobago,2016,10.474998474121094,-61.42500305175781,28697.084911346436,0.02184998676111907,2016,2016
TTO,Trinidad and Tobago,2016,10.474998474121094,-61.37500762939453,10195.755064249039,0.007763057253434518,2016,2016
TTO,Trinidad and Tobago,2016,10.474998474121094,-61.32500457763672,5052.455683709629,0.003846944389691201,2016,2016
TTO,Trinidad and Tobago,2016,10.474998474121094,-61.275001525878906,982.8296515941679,0.00074832739778656,2016,2016
TTO,Trinidad and Tobago,2016,10.474998474121094,-61.225006103515625,753.8851107358932,0.0005740088144796581,2016,2016
TTO,Trinidad and Tobago,2016,10.474998474121094,-61.17500305175781,1059.870623588562,0.0008069864644946104,2016,2016
TTO,Trinidad and Tobago,2016,10.474998474121094,-61.12500762939453,418.86991167105714,0.0003189279347682111,2016,2016
TTO,Trinidad and Tobago,2016,10.474998474121094,-61.07500457763672,1299.2100073099136,0.0009892196906874991,2016,2016
TTO,Trinidad and Tobago,2016,10.52499771118164,-61.42500305175781,31185.255618095398,0.023744482218404115,2016,2016
TTO,Trinidad and Tobago,2016,10.52499771118164,-61.37500762939453,50185.56299209595,0.03821133367253762,2016,2016
TTO,Trinidad and Tobago,2016,10.52499771118164,-61.32500457763672,5525.865511000156,0.004207399066214523,2016,2016
TTO,Trinidad and Tobago,2016,10.52499771118164,-61.275001525878906,2751.1134549975395,0.002094700306868639,2016,2016
TTO,Trinidad and Tobago,2016,10.52499771118164,-61.225006103515625,827.1240007432306,0.0006297729724769971,2016,2016
TTO,Trinidad and Tobago,2016,10.52499771118164,-61.17500305175781,2918.631136894226,0.0022222484234457602,2016,2016
TTO,Trinidad and Tobago,2016,10.52499771118164,-61.12500762939453,1776.2838885786268,0.0013524641812690335,2016,2016
TTO,Trinidad and Tobago,2016,10.52499771118164,-61.07500457763672,2489.7586398124695,0.0018957045109754263,2016,2016
TTO,Trinidad and Tobago,2016,10.52499771118164,-61.025001525878906,1047.132250070572,0.0007972874552194131,2016,2016
TTO,Trinidad and Tobago,2016,10.574996948242188,-61.42500305175781,16995.653847575224,0.012940506421237662,2016,2016
TTO,Trinidad and Tobago,2016,10.574996948242188,-61.37500762939453,26340.016702653462,0.020055312866049224,2016,2016
TTO,Trinidad and Tobago,2016,10.574996948242188,-61.32500457763672,15768.056698799133,0.012005812826692816,2016,2016
TTO,Trinidad and Tobago,2016,10.574996948242188,-61.275001525878906,14031.846382379532,0.0106838607000053,2016,2016
TTO,Trinidad and Tobago,2016,10.574996948242188,-61.225006103515625,2683.9979100227356,0.002043598469392982,2016,2016
TTO,Trinidad and Tobago,2016,10.574996948242188,-61.17500305175781,4673.8327460289,0.003558660537817837,2016,2016
TTO,Trinidad and Tobago,2016,10.574996948242188,-61.12500762939453,24828.46237373352,0.018904414014209597,2016,2016
TTO,Trinidad and Tobago,2016,10.574996948242188,-61.07500457763672,3597.1677980422974,0.0027388868593294442,2016,2016
TTO,Trinidad and Tobago,2016,10.574996948242188,-61.025001525878906,717.2725267412613,0.0005461319594595593,2016,2016
TTO,Trinidad and Tobago,2016,10.624996185302734,-61.475006103515625,29373.89929628376,0.022365313854316896,2016,2016
TTO,Trinidad and Tobago,2016,10.624996185302734,-61.42500305175781,47342.74192285538,0.036046807104106376,2016,2016
TTO,Trinidad and Tobago,2016,10.624996185302734,-61.37500762939453,44793.96186828613,0.03410616363382404,2016,2016
TTO,Trinidad and Tobago,2016,10.624996185302734,-61.32500457763672,47910.85049819946,0.03647936549421793,2016,2016
TTO,Trinidad and Tobago,2016,10.624996185302734,-61.275001525878906,62129.877784729004,0.04730574590625136,2016,2016
TTO,Trinidad and Tobago,2016,10.624996185302734,-61.225006103515625,10512.71357345581,0.008004389752933577,2016,2016
TTO,Trinidad and Tobago,2016,10.624996185302734,-61.17500305175781,5683.016011595726,0.004327053601444294,2016,2016
TTO,Trinidad and Tobago,2016,10.624996185302734,-61.12500762939453,5381.44592320919,0.004097437859665937,2016,2016
TTO,Trinidad and Tobago,2016,10.624996185302734,-61.07500457763672,2842.7446624040604,0.0021644683921958783,2016,2016
TTO,Trinidad and Tobago,2016,10.674999237060547,-61.525001525878906,68071.06708526616,0.051829372886590126,2016,2016
TTO,Trinidad and Tobago,2016,10.674999237060547,-61.475006103515625,65564.41430473328,0.04992080516138155,2016,2016
TTO,Trinidad and Tobago,2016,10.674999237060547,-61.42500305175781,37190.79171562195,0.028317102908964043,2016,2016
TTO,Trinidad and Tobago,2016,10.674999237060547,-61.37500762939453,11292.631199002572,0.008598219748056959,2016,2016
TTO,Trinidad and Tobago,2016,10.674999237060547,-61.32500457763672,2044.8331851959229,0.0015569378619206774,2016,2016
TTO,Trinidad and Tobago,2016,10.674999237060547,-61.275001525878906,3471.5415570755817,0.0026432349242826694,2016,2016
TTO,Trinidad and Tobago,2016,10.674999237060547,-61.225006103515625,2948.2409739494324,0.0022447933805260297,2016,2016
TTO,Trinidad and Tobago,2016,10.674999237060547,-61.17500305175781,5710.743690490723,0.004348165481575808,2016,2016
TTO,Trinidad and Tobago,2016,10.674999237060547,-61.12500762939453,663.141379117982,0.0005049164540315085,2016,2016
TTO,Trinidad and Tobago,2016,10.674999237060547,-61.07500457763672,2172.090364456431,0.0016538315948795975,2016,2016
TTO,Trinidad and Tobago,2016,10.724998474121094,-61.62500762939453,984.2007946968791,0.0007493713874020347,2016,2016
TTO,Trinidad and Tobago,2016,10.724998474121094,-61.57500457763672,33506.26852202416,0.02551170357137082,2016,2016
TTO,Trinidad and Tobago,2016,10.724998474121094,-61.525001525878906,21221.005015851173,0.016157692674584424,2016,2016
TTO,Trinidad and Tobago,2016,10.724998474121094,-61.475006103515625,15977.033160209656,0.012164927696001372,2016,2016
TTO,Trinidad and Tobago,2016,10.724998474121094,-61.42500305175781,2446.0516549363983,0.0018624259726200201,2016,2016
TTO,Trinidad and Tobago,2016,10.724998474121094,-61.37500762939453,765.9313217405809,0.000583180810582649,2016,2016
TTO,Trinidad and Tobago,2016,10.724998474121094,-61.32500457763672,595.4121776223401,0.00045334737791828217,2016,2016
TTO,Trinidad and Tobago,2016,10.724998474121094,-61.275001525878906,655.116333603859,0.0004988061770196564,2016,2016
TTO,Trinidad and Tobago,2016,10.724998474121094,-61.225006103515625,84.90226668121045,6.464466368986358e-05,2016,2016
TTO,Trinidad and Tobago,2016,10.724998474121094,-61.17500305175781,86.63753604888916,6.596589937731711e-05,2016,2016
TTO,Trinidad and Tobago,2016,10.724998474121094,-61.12500762939453,53.281973361968994,4.056894336696228e-05,2016,2016
TTO,Trinidad and Tobago,2016,10.724998474121094,-61.07500457763672,0.0,0.0,2016,2016
TTO,Trinidad and Tobago,2016,10.724998474121094,-61.025001525878906,444.44291549946547,0.0003383992433286092,2016,2016
TTO,Trinidad and Tobago,2016,10.77499771118164,-61.37500762939453,1129.6637501120567,0.0008601270150162599,2016,2016
TTO,Trinidad and Tobago,2016,10.77499771118164,-61.32500457763672,773.9845275580883,0.0005893125288753154,2016,2016
TTO,Trinidad and Tobago,2016,10.77499771118164,-61.275001525878906,158.94327896879793,0.00012101955832677446,2016,2016
TTO,Trinidad and Tobago,2016,10.77499771118164,-61.225006103515625,6.882869839668274,5.240623406170259e-06,2016,2016
TTO,Trinidad and Tobago,2016,10.77499771118164,-61.17500305175781,0.0,0.0,2016,2016
TTO,Trinidad and Tobago,2016,10.77499771118164,-61.12500762939453,0.0,0.0,2016,2016
TTO,Trinidad and Tobago,2016,10.77499771118164,-61.07500457763672,0.0,0.0,2016,2016
TTO,Trinidad and Tobago,2016,10.77499771118164,-61.025001525878906,0.0,0.0,2016,2016
TTO,Trinidad and Tobago,2016,10.77499771118164,-60.975006103515625,776.3049045209041,0.0005910792660221357,2016,2016
TTO,Trinidad and Tobago,2016,10.824996948242188,-61.07500457763672,194.62633693222065,0.00014818867137451677,2016,2016
TTO,Trinidad and Tobago,2016,10.824996948242188,-61.025001525878906,473.9382004739522,0.00036085698034959675,2016,2016
TTO,Trinidad and Tobago,2016,10.824996948242188,-60.975006103515625,442.41407841444016,0.0003368544849120237,2016,2016
TTO,Trinidad and Tobago,2016,10.824996948242188,-60.92500305175781,1708.277104139328,0.0013006837532480175,2016,2016
TTO,Trinidad and Tobago,2016,11.174999237060547,-60.82500457763672,7362.458396598715,0.005605782573106099,2016,2016
TTO,Trinidad and Tobago,2016,11.174999237060547,-60.775001525878906,15548.338264465332,0.011838519009352184,2016,2016
TTO,Trinidad and Tobago,2016,11.224998474121094,-60.775001525878906,5039.1505037546585,0.003836813813475236,2016,2016
TTO,Trinidad and Tobago,2016,11.224998474121094,-60.725006103515625,9548.515844345167,0.007270248718007806,2016,2016
TTO,Trinidad and Tobago,2016,11.224998474121094,-60.67500305175781,831.7486801147461,0.0006332942075903963,2016,2016
TTO,Trinidad and Tobago,2016,11.224998474121094,-60.62500762939453,4214.810065925121,0.003209160248352708,2016,2016
TTO,Trinidad and Tobago,2016,11.27499771118164,-60.67500305175781,1006.2062985897064,0.000766126398240781,2016,2016
TTO,Trinidad and Tobago,2016,11.27499771118164,-60.62500762939453,404.8265745937869,0.00030823532504258136,2016,2016
TTO,Trinidad and Tobago,2016,11.27499771118164,-60.57500457763672,2951.2746820464413,0.0022471032486524097,2016,2016
TTO,Trinidad and Tobago,2016,11.324996948242188,-60.525001525878906,738.2702778577805,0.0005621196664105121,2016,2016
TTO,Trinidad and Tobago,2017,10.074996948242188,-61.87500762939453,1330.3182436249554,0.0010075146672416004,2017,2017
TTO,Trinidad and Tobago,2017,10.074996948242188,-61.62500762939453,4072.2776980400085,0.0030841338375367402,2017,2017
TTO,Trinidad and Tobago,2017,10.074996948242188,-61.57500457763672,2937.576448679191,0.002224769428195683,2017,2017
TTO,Trinidad and Tobago,2017,10.074996948242188,-61.525001525878906,66.91245148149578,5.0676051848316026e-05,2017,2017
TTO,Trinidad and Tobago,2017,10.074996948242188,-61.475006103515625,323.3683238030878,0.00024490254923151413,2017,2017
TTO,Trinidad and Tobago,2017,10.074996948242188,-61.37500762939453,187.26715913414955,0.00014182652190517037,2017,2017
TTO,Trinidad and Tobago,2017,10.074996948242188,-61.32500457763672,682.8193300369533,0.0005171322676998942,2017,2017
TTO,Trinidad and Tobago,2017,10.124996185302734,-61.775001525878906,1489.632725358252,0.001128171267885455,2017,2017
TTO,Trinidad and Tobago,2017,10.124996185302734,-61.725006103515625,2503.903516769409,0.0018963278377878217,2017,2017
TTO,Trinidad and Tobago,2017,10.124996185302734,-61.67500305175781,1668.8061923983232,0.0012638680433664155,2017,2017
TTO,Trinidad and Tobago,2017,10.124996185302734,-61.62500762939453,1135.5365582704544,0.0008599970293792846,2017,2017
TTO,Trinidad and Tobago,2017,10.124996185302734,-61.57500457763672,4866.740997731697,0.0036858195100142157,2017,2017
TTO,Trinidad and Tobago,2017,10.124996185302734,-61.525001525878906,9434.396762013435,0.007145127235423331,2017,2017
TTO,Trinidad and Tobago,2017,10.124996185302734,-61.475006103515625,6559.184066414833,0.004967588908683279,2017,2017
TTO,Trinidad and Tobago,2017,10.124996185302734,-61.42500305175781,9427.617071151733,0.0071399926460006405,2017,2017
TTO,Trinidad and Tobago,2017,10.124996185302734,-61.37500762939453,1393.896613240242,0.0010556656568365141,2017,2017
TTO,Trinidad and Tobago,2017,10.124996185302734,-61.32500457763672,946.8852691650584,0.0007171222385699762,2017,2017
TTO,Trinidad and Tobago,2017,10.124996185302734,-61.275001525878906,3112.8138927232503,0.0023574852621477383,2017,2017
TTO,Trinidad and Tobago,2017,10.124996185302734,-61.225006103515625,138.2810263633728,0.00010472694254172598,2017,2017
TTO,Trinidad and Tobago,2017,10.124996185302734,-61.17500305175781,54.96026647110984,4.162408119298167e-05,2017,2017
TTO,Trinidad and Tobago,2017,10.124996185302734,-61.12500762939453,98.09080582925235,7.428893504852308e-05,2017,2017
TTO,Trinidad and Tobago,2017,10.124996185302734,-61.07500457763672,791.0973927974701,0.0005991365075834769,2017,2017
TTO,Trinidad and Tobago,2017,10.174999237060547,-61.67500305175781,20066.498488903046,0.015197334656301164,2017,2017
TTO,Trinidad and Tobago,2017,10.174999237060547,-61.62500762939453,4385.888628959656,0.0033216466388705504,2017,2017
TTO,Trinidad and Tobago,2017,10.174999237060547,-61.57500457763672,5908.410492897034,0.004474726450008873,2017,2017
TTO,Trinidad and Tobago,2017,10.174999237060547,-61.525001525878906,15657.914628505707,0.011858499815540213,2017,2017
TTO,Trinidad and Tobago,2017,10.174999237060547,-61.475006103515625,20071.197108268738,0.015200893149127528,2017,2017
TTO,Trinidad and Tobago,2017,10.174999237060547,-61.42500305175781,16363.331310272217,0.01239274615607001,2017,2017
TTO,Trinidad and Tobago,2017,10.174999237060547,-61.37500762939453,11419.603816270828,0.008648621030431146,2017,2017
TTO,Trinidad and Tobago,2017,10.174999237060547,-61.32500457763672,4913.355547428131,0.003721122974242479,2017,2017
TTO,Trinidad and Tobago,2017,10.174999237060547,-61.275001525878906,275.9929040670395,0.0002090228411394613,2017,2017
TTO,Trinidad and Tobago,2017,10.174999237060547,-61.225006103515625,22.279952377080917,1.68736908727847e-05,2017,2017
TTO,Trinidad and Tobago,2017,10.174999237060547,-61.17500305175781,8.639826178847873,6.5433603119564785e-06,2017,2017
TTO,Trinidad and Tobago,2017,10.174999237060547,-61.12500762939453,4.122003018856049,3.1217932399357788e-06,2017,2017
TTO,Trinidad and Tobago,2017,10.174999237060547,-61.07500457763672,70.17871254684147,5.3149750112732e-05,2017,2017
TTO,Trinidad and Tobago,2017,10.174999237060547,-61.025001525878906,2462.536079526095,0.0018649982668610431,2017,2017
TTO,Trinidad and Tobago,2017,10.224998474121094,-61.62500762939453,10514.92344456911,0.0079634626121181,2017,2017
TTO,Trinidad and Tobago,2017,10.224998474121094,-61.57500457763672,9259.523468971252,0.0070126871907248926,2017,2017
TTO,Trinidad and Tobago,2017,10.224998474121094,-61.525001525878906,7864.4306313993775,0.005956115575058447,2017,2017
TTO,Trinidad and Tobago,2017,10.224998474121094,-61.475006103515625,20573.822481155396,0.015581555774584126,2017,2017
TTO,Trinidad and Tobago,2017,10.224998474121094,-61.42500305175781,11908.950522899628,0.009019227076508856,2017,2017
TTO,Trinidad and Tobago,2017,10.224998474121094,-61.37500762939453,10092.217623710632,0.007643326947975933,2017,2017
TTO,Trinidad and Tobago,2017,10.224998474121094,-61.32500457763672,8095.195710659027,0.006130885186131159,2017,2017
TTO,Trinidad and Tobago,2017,10.224998474121094,-61.275001525878906,547.3365530371666,0.0004145245754127015,2017,2017
TTO,Trinidad and Tobago,2017,10.224998474121094,-61.225006103515625,48.36960357427597,3.6632651835964495e-05,2017,2017
TTO,Trinidad and Tobago,2017,10.224998474121094,-61.17500305175781,106.07545846732772,8.033610059273871e-05,2017,2017
TTO,Trinidad and Tobago,2017,10.224998474121094,-61.12500762939453,9.896723032383871,7.495269391769372e-06,2017,2017
TTO,Trinidad and Tobago,2017,10.224998474121094,-61.07500457763672,41.01200419666251,3.106038420439837e-05,2017,2017
TTO,Trinidad and Tobago,2017,10.224998474121094,-61.025001525878906,1427.5509838461876,0.0010811537474981002,2017,2017
TTO,Trinidad and Tobago,2017,10.27499771118164,-61.42500305175781,35100.34841442108,0.02658319993902871,2017,2017
TTO,Trinidad and Tobago,2017,10.27499771118164,-61.37500762939453,22728.921699523926,0.017213717163238537,2017,2017
TTO,Trinidad and Tobago,2017,10.27499771118164,-61.32500457763672,13062.19679403305,0.009892636532236184,2017,2017
TTO,Trinidad and Tobago,2017,10.27499771118164,-61.275001525878906,3639.0523071291036,0.0027560311916804713,2017,2017
TTO,Trinidad and Tobago,2017,10.27499771118164,-61.225006103515625,2386.570493221283,0.0018074658359750672,2017,2017
TTO,Trinidad and Tobago,2017,10.27499771118164,-61.17500305175781,1308.6985574960709,0.0009911410280914244,2017,2017
TTO,Trinidad and Tobago,2017,10.27499771118164,-61.12500762939453,47.1885234713793,3.573816246655381e-05,2017,2017
TTO,Trinidad and Tobago,2017,10.27499771118164,-61.07500457763672,113.38426417114114,8.587141440347457e-05,2017,2017
TTO,Trinidad and Tobago,2017,10.27499771118164,-61.025001525878906,6006.988797962715,0.004549384591924493,2017,2017
TTO,Trinidad and Tobago,2017,10.324996948242188,-61.42500305175781,28571.246021270752,0.021638393343656095,2017,2017
TTO,Trinidad and Tobago,2017,10.324996948242188,-61.37500762939453,11514.760907888412,0.00872068812111129,2017,2017
TTO,Trinidad and Tobago,2017,10.324996948242188,-61.32500457763672,4787.278763771148,0.003625638897900768,2017,2017
TTO,Trinidad and Tobago,2017,10.324996948242188,-61.275001525878906,3127.9437623026356,0.002368943847781463,2017,2017
TTO,Trinidad and Tobago,2017,10.324996948242188,-61.225006103515625,4284.670102953932,0.003244988929306663,2017,2017
TTO,Trinidad and Tobago,2017,10.324996948242188,-61.17500305175781,8746.091585993767,0.0066238402699161265,2017,2017
TTO,Trinidad and Tobago,2017,10.324996948242188,-61.12500762939453,2353.8029400110486,0.0017826493752318303,2017,2017
TTO,Trinidad and Tobago,2017,10.324996948242188,-61.07500457763672,1070.246302545084,0.0008105495452254023,2017,2017
TTO,Trinidad and Tobago,2017,10.324996948242188,-61.025001525878906,2597.8162410259247,0.0019674525085818053,2017,2017
TTO,Trinidad and Tobago,2017,10.324996948242188,-60.975006103515625,752.6157350540161,0.0005699924777379149,2017,2017
TTO,Trinidad and Tobago,2017,10.374996185302734,-61.475006103515625,11216.918161869049,0.008495117332629625,2017,2017
TTO,Trinidad and Tobago,2017,10.374996185302734,-61.42500305175781,11147.332642555237,0.008442416836584971,2017,2017
TTO,Trinidad and Tobago,2017,10.374996185302734,-61.37500762939453,3518.9868552684784,0.0026650997890944645,2017,2017
TTO,Trinidad and Tobago,2017,10.374996185302734,-61.32500457763672,2257.7567635774612,0.0017099089374057405,2017,2017
TTO,Trinidad and Tobago,2017,10.374996185302734,-61.275001525878906,1270.732967779237,0.0009623878416463841,2017,2017
TTO,Trinidad and Tobago,2017,10.374996185302734,-61.225006103515625,35.891477793455124,2.7182360671343863e-05,2017,2017
TTO,Trinidad and Tobago,2017,10.374996185302734,-61.17500305175781,1336.5562928916975,0.0010122390451574386,2017,2017
TTO,Trinidad and Tobago,2017,10.374996185302734,-61.12500762939453,234.62557649612427,0.00017769335327292123,2017,2017
TTO,Trinidad and Tobago,2017,10.374996185302734,-61.07500457763672,1.9360380172729492,1.4662556933931327e-06,2017,2017
TTO,Trinidad and Tobago,2017,10.374996185302734,-61.025001525878906,707.9063068628311,0.0005361318546257635,2017,2017
TTO,Trinidad and Tobago,2017,10.424999237060547,-61.475006103515625,20445.125369548798,0.015484087196522717,2017,2017
TTO,Trinidad and Tobago,2017,10.424999237060547,-61.42500305175781,21582.442176818848,0.016345432495000038,2017,2017
TTO,Trinidad and Tobago,2017,10.424999237060547,-61.37500762939453,6050.515153378248,0.004582349216519301,2017,2017
TTO,Trinidad and Tobago,2017,10.424999237060547,-61.32500457763672,2092.3863146305084,0.0015846658584351158,2017,2017
TTO,Trinidad and Tobago,2017,10.424999237060547,-61.275001525878906,734.8003054857522,0.0005564999869904936,2017,2017
TTO,Trinidad and Tobago,2017,10.424999237060547,-61.225006103515625,2.1719020009040833,1.644886952583317e-06,2017,2017
TTO,Trinidad and Tobago,2017,10.424999237060547,-61.17500305175781,333.81465256265034,0.00025281406175456893,2017,2017
TTO,Trinidad and Tobago,2017,10.424999237060547,-61.12500762939453,2871.918788850573,0.0021750436910563963,2017,2017
TTO,Trinidad and Tobago,2017,10.424999237060547,-61.07500457763672,240.95981097270325,0.0001824905769233397,2017,2017
TTO,Trinidad and Tobago,2017,10.474998474121094,-61.42500305175781,28832.768419265747,0.02183645696719491,2017,2017
TTO,Trinidad and Tobago,2017,10.474998474121094,-61.37500762939453,10243.838211297989,0.00775815658861425,2017,2017
TTO,Trinidad and Tobago,2017,10.474998474121094,-61.32500457763672,5077.000182153238,0.003845059010218109,2017,2017
TTO,Trinidad and Tobago,2017,10.474998474121094,-61.275001525878906,987.2863280773222,0.0007477199242149408,2017,2017
TTO,Trinidad and Tobago,2017,10.474998474121094,-61.225006103515625,757.2621515393257,0.0005735114347855959,2017,2017
TTO,Trinidad and Tobago,2017,10.474998474121094,-61.17500305175781,1064.4544299840927,0.0008061630786156593,2017,2017
TTO,Trinidad and Tobago,2017,10.474998474121094,-61.12500762939453,420.6206490997239,0.0003185564622175678,2017,2017
TTO,Trinidad and Tobago,2017,10.474998474121094,-61.07500457763672,1304.4497320652008,0.0009879231860745502,2017,2017
TTO,Trinidad and Tobago,2017,10.52499771118164,-61.42500305175781,31333.513208389282,0.023730392547003643,2017,2017
TTO,Trinidad and Tobago,2017,10.52499771118164,-61.37500762939453,50425.086517333984,0.03818936897738537,2017,2017
TTO,Trinidad and Tobago,2017,10.52499771118164,-61.32500457763672,5552.572607517242,0.004205233123582353,2017,2017
TTO,Trinidad and Tobago,2017,10.52499771118164,-61.275001525878906,2764.2222459316254,0.002093479864414142,2017,2017
TTO,Trinidad and Tobago,2017,10.52499771118164,-61.225006103515625,830.7097066493841,0.0006291368382565579,2017,2017
TTO,Trinidad and Tobago,2017,10.52499771118164,-61.17500305175781,2930.8542551994324,0.0022196783843350517,2017,2017
TTO,Trinidad and Tobago,2017,10.52499771118164,-61.12500762939453,1783.7590614559392,0.0013509274384939038,2017,2017
TTO,Trinidad and Tobago,2017,10.52499771118164,-61.07500457763672,2500.7178378105164,0.00189391516826939,2017,2017
TTO,Trinidad and Tobago,2017,10.52499771118164,-61.025001525878906,1052.0136572122574,0.0007967410767003208,2017,2017
TTO,Trinidad and Tobago,2017,10.574996948242188,-61.42500305175781,17084.369739651716,0.012938823605376567,2017,2017
TTO,Trinidad and Tobago,2017,10.574996948242188,-61.37500762939453,26479.83857870251,0.020054468832612714,2017,2017
TTO,Trinidad and Tobago,2017,10.574996948242188,-61.32500457763672,15858.64274597168,0.012010520975472361,2017,2017
TTO,Trinidad and Tobago,2017,10.574996948242188,-61.275001525878906,14109.767189979553,0.01068601251121114,2017,2017
TTO,Trinidad and Tobago,2017,10.574996948242188,-61.225006103515625,2695.393031835556,0.002041352155071796,2017,2017
TTO,Trinidad and Tobago,2017,10.574996948242188,-61.17500305175781,4694.037652492523,0.0035550228722593087,2017,2017
TTO,Trinidad and Tobago,2017,10.574996948242188,-61.12500762939453,24937.811601638794,0.018886616851239813,2017,2017
TTO,Trinidad and Tobago,2017,10.574996948242188,-61.07500457763672,3614.237450838089,0.002737237694862323,2017,2017
TTO,Trinidad and Tobago,2017,10.574996948242188,-61.025001525878906,720.061260104413,0.0005453373915183193,2017,2017
TTO,Trinidad and Tobago,2017,10.624996185302734,-61.475006103515625,29531.047095060385,0.02236529734885285,2017,2017
TTO,Trinidad and Tobago,2017,10.624996185302734,-61.42500305175781,47607.754593372345,0.03605566657235424,2017,2017
TTO,Trinidad and Tobago,2017,10.624996185302734,-61.37500762939453,45050.62321472168,0.03411902668757446,2017,2017
TTO,Trinidad and Tobago,2017,10.624996185302734,-61.32500457763672,48188.679122924805,0.03649562895495653,2017,2017
TTO,Trinidad and Tobago,2017,10.624996185302734,-61.275001525878906,62511.75685882568,0.047343191910749594,2017,2017
TTO,Trinidad and Tobago,2017,10.624996185302734,-61.225006103515625,10572.385478496552,0.008006981403406475,2017,2017
TTO,Trinidad and Tobago,2017,10.624996185302734,-61.17500305175781,5709.308410286903,0.004323936765307978,2017,2017
TTO,Trinidad and Tobago,2017,10.624996185302734,-61.12500762939453,5405.327873706818,0.0040937175297017115,2017,2017
TTO,Trinidad and Tobago,2017,10.624996185302734,-61.07500457763672,2855.2631376981735,0.0021624295568754078,2017,2017
TTO,Trinidad and Tobago,2017,10.674999237060547,-61.525001525878906,68605.13152313237,0.05195800071812103,2017,2017
TTO,Trinidad and Tobago,2017,10.674999237060547,-61.475006103515625,65908.26704120636,0.04991553416237455,2017,2017
TTO,Trinidad and Tobago,2017,10.674999237060547,-61.42500305175781,37395.19020342827,0.028321195168744224,2017,2017
TTO,Trinidad and Tobago,2017,10.674999237060547,-61.37500762939453,11357.296429157563,0.008601432617662289,2017,2017
TTO,Trinidad and Tobago,2017,10.674999237060547,-61.32500457763672,2056.16646361351,0.0015572348047606995,2017,2017
TTO,Trinidad and Tobago,2017,10.674999237060547,-61.275001525878906,3493.217873455143,0.0026455836866421125,2017,2017
TTO,Trinidad and Tobago,2017,10.674999237060547,-61.225006103515625,2961.8131119012833,0.002243125031299129,2017,2017
TTO,Trinidad and Tobago,2017,10.674999237060547,-61.17500305175781,5736.064159035683,0.004344200194323258,2017,2017
TTO,Trinidad and Tobago,2017,10.674999237060547,-61.12500762939453,665.5928836465044,0.0005040858425411025,2017,2017
TTO,Trinidad and Tobago,2017,10.674999237060547,-61.07500457763672,2181.485357284801,0.0016521448941783047,2017,2017
TTO,Trinidad and Tobago,2017,10.724998474121094,-61.62500762939453,990.5350646973369,0.0007501803503651159,2017,2017
TTO,Trinidad and Tobago,2017,10.724998474121094,-61.57500457763672,33750.0554727316,0.02556055746205423,2017,2017
TTO,Trinidad and Tobago,2017,10.724998474121094,-61.525001525878906,21376.394207955516,0.01618938235302839,2017,2017
TTO,Trinidad and Tobago,2017,10.724998474121094,-61.475006103515625,16059.56814622879,0.012162691547251348,2017,2017
TTO,Trinidad and Tobago,2017,10.724998474121094,-61.42500305175781,2459.897069813341,0.0018629996165340753,2017,2017
TTO,Trinidad and Tobago,2017,10.724998474121094,-61.37500762939453,770.2749487165955,0.0005833666585869434,2017,2017
TTO,Trinidad and Tobago,2017,10.724998474121094,-61.32500457763672,598.5469514131765,0.000453308699231469,2017,2017
TTO,Trinidad and Tobago,2017,10.724998474121094,-61.275001525878906,658.5465106368065,0.0004987492817654032,2017,2017
TTO,Trinidad and Tobago,2017,10.724998474121094,-61.225006103515625,85.3389970064325,6.46313704135801e-05,2017,2017
TTO,Trinidad and Tobago,2017,10.724998474121094,-61.17500305175781,86.9345371723175,6.583975053390523e-05,2017,2017
TTO,Trinidad and Tobago,2017,10.724998474121094,-61.12500762939453,53.44048571586609,4.047307735669115e-05,2017,2017
TTO,Trinidad and Tobago,2017,10.724998474121094,-61.07500457763672,0.0,0.0,2017,2017
TTO,Trinidad and Tobago,2017,10.724998474121094,-61.025001525878906,446.368242681282,0.0003380563663224001,2017,2017
TTO,Trinidad and Tobago,2017,10.77499771118164,-61.37500762939453,1135.091085612774,0.0008596596512830141,2017,2017
TTO,Trinidad and Tobago,2017,10.77499771118164,-61.32500457763672,778.3989506065845,0.0005895193600928321,2017,2017
TTO,Trinidad and Tobago,2017,10.77499771118164,-61.275001525878906,159.8125000004659,0.00012103377408421885,2017,2017
TTO,Trinidad and Tobago,2017,10.77499771118164,-61.225006103515625,6.912752747535706,5.235363656427755e-06,2017,2017
TTO,Trinidad and Tobago,2017,10.77499771118164,-61.17500305175781,0.0,0.0,2017,2017
TTO,Trinidad and Tobago,2017,10.77499771118164,-61.12500762939453,0.0,0.0,2017,2017
TTO,Trinidad and Tobago,2017,10.77499771118164,-61.07500457763672,0.0,0.0,2017,2017
TTO,Trinidad and Tobago,2017,10.77499771118164,-61.025001525878906,0.0,0.0,2017,2017
TTO,Trinidad and Tobago,2017,10.77499771118164,-60.975006103515625,779.5262460712543,0.0005903731157414616,2017,2017
TTO,Trinidad and Tobago,2017,10.824996948242188,-61.07500457763672,195.4368621111301,0.00014801383506558117,2017,2017
TTO,Trinidad and Tobago,2017,10.824996948242188,-61.025001525878906,475.92310059087316,0.0003604396967584437,2017,2017
TTO,Trinidad and Tobago,2017,10.824996948242188,-60.975006103515625,444.46367728710175,0.0003366139463762309,2017,2017
TTO,Trinidad and Tobago,2017,10.824996948242188,-60.92500305175781,1715.4919946789742,0.001299225470640004,2017,2017
TTO,Trinidad and Tobago,2017,11.174999237060547,-60.82500457763672,7401.490734115261,0.005605508689224773,2017,2017
TTO,Trinidad and Tobago,2017,11.174999237060547,-60.775001525878906,15630.422508239746,0.011837678696582957,2017,2017
TTO,Trinidad and Tobago,2017,11.224998474121094,-60.775001525878906,5066.358524262948,0.003836999565450202,2017,2017
TTO,Trinidad and Tobago,2017,11.224998474121094,-60.725006103515625,9598.494039535597,0.007269406079790291,2017,2017
TTO,Trinidad and Tobago,2017,11.224998474121094,-60.67500305175781,835.804669380188,0.0006329955011779554,2017,2017
TTO,Trinidad and Tobago,2017,11.224998474121094,-60.62500762939453,4237.068584918976,0.0032089379859831313,2017,2017
TTO,Trinidad and Tobago,2017,11.27499771118164,-60.67500305175781,1011.4114599227905,0.0007659910591857841,2017,2017
TTO,Trinidad and Tobago,2017,11.27499771118164,-60.62500762939453,406.8845321536109,0.00030815343319765134,2017,2017
TTO,Trinidad and Tobago,2017,11.27499771118164,-60.57500457763672,2966.8873043074946,0.002246967963844152,2017,2017
TTO,Trinidad and Tobago,2017,11.324996948242188,-60.525001525878906,742.2310147285461,0.0005621276242765333,2017,2017
TTO,Trinidad and Tobago,2018,10.074996948242188,-61.87500762939453,1337.751583459181,0.0010071858520463912,2018,2018
TTO,Trinidad and Tobago,2018,10.074996948242188,-61.62500762939453,4095.307483434677,0.0030833346101742636,2018,2018
TTO,Trinidad and Tobago,2018,10.074996948242188,-61.57500457763672,2954.9267458917916,0.002224748188748084,2018,2018
TTO,Trinidad and Tobago,2018,10.074996948242188,-61.525001525878906,67.25974592943959,5.0639494918178476e-05,2018,2018
TTO,Trinidad and Tobago,2018,10.074996948242188,-61.475006103515625,324.8265122176624,0.00024456010482097596,2018,2018
TTO,Trinidad and Tobago,2018,10.074996948242188,-61.37500762939453,188.09918597340584,0.0001416188485488256,2018,2018
TTO,Trinidad and Tobago,2018,10.074996948242188,-61.32500457763672,686.1994038227365,0.0005166357788385433,2018,2018
TTO,Trinidad and Tobago,2018,10.124996185302734,-61.775001525878906,1498.496068477874,0.0011282094958283465,2018,2018
TTO,Trinidad and Tobago,2018,10.124996185302734,-61.725006103515625,2517.613686800003,0.001895497577888451,2018,2018
TTO,Trinidad and Tobago,2018,10.124996185302734,-61.67500305175781,1677.633580208078,0.0012630811488440062,2018,2018
TTO,Trinidad and Tobago,2018,10.124996185302734,-61.62500762939453,1141.0546513795853,0.0008590938074687115,2018,2018
TTO,Trinidad and Tobago,2018,10.124996185302734,-61.57500457763672,4892.352733552467,0.0036834256205572164,2018,2018
TTO,Trinidad and Tobago,2018,10.124996185302734,-61.525001525878906,9485.746724367142,0.007141766838483809,2018,2018
TTO,Trinidad and Tobago,2018,10.124996185302734,-61.475006103515625,6595.644921839237,0.004965824995116372,2018,2018
TTO,Trinidad and Tobago,2018,10.124996185302734,-61.42500305175781,9478.442216396332,0.007136267314375352,2018,2018
TTO,Trinidad and Tobago,2018,10.124996185302734,-61.37500762939453,1400.6964530944824,0.0010545767001974707,2018,2018
TTO,Trinidad and Tobago,2018,10.124996185302734,-61.32500457763672,951.0544594526484,0.0007160437019326196,2018,2018
TTO,Trinidad and Tobago,2018,10.124996185302734,-61.275001525878906,3127.322097113356,0.002354543705984507,2018,2018
TTO,Trinidad and Tobago,2018,10.124996185302734,-61.225006103515625,138.81565308570862,0.00010451354613161767,2018,2018
TTO,Trinidad and Tobago,2018,10.124996185302734,-61.17500305175781,55.17513489743288,4.15410573536736e-05,2018,2018
TTO,Trinidad and Tobago,2018,10.124996185302734,-61.12500762939453,98.4055050618322,7.408896665662677e-05,2018,2018
TTO,Trinidad and Tobago,2018,10.124996185302734,-61.07500457763672,794.570029258728,0.0005982274301332546,2018,2018
TTO,Trinidad and Tobago,2018,10.174999237060547,-61.67500305175781,20173.596030712128,0.015188590137559329,2018,2018
TTO,Trinidad and Tobago,2018,10.174999237060547,-61.62500762939453,4410.017312526703,0.0033202779195903483,2018,2018
TTO,Trinidad and Tobago,2018,10.174999237060547,-61.57500457763672,5941.339179992676,0.0044732017799776515,2018,2018
TTO,Trinidad and Tobago,2018,10.174999237060547,-61.525001525878906,15746.39501786232,0.011855374703960225,2018,2018
TTO,Trinidad and Tobago,2018,10.174999237060547,-61.475006103515625,20184.99910211563,0.015197175447664352,2018,2018
TTO,Trinidad and Tobago,2018,10.174999237060547,-61.42500305175781,16455.573426246643,0.01238931124967859,2018,2018
TTO,Trinidad and Tobago,2018,10.174999237060547,-61.37500762939453,11482.464767336845,0.008645084934512217,2018,2018
TTO,Trinidad and Tobago,2018,10.174999237060547,-61.32500457763672,4937.977375030518,0.0037177761636397796,2018,2018
TTO,Trinidad and Tobago,2018,10.174999237060547,-61.275001525878906,277.1417233943939,0.00020865848806756815,2018,2018
TTO,Trinidad and Tobago,2018,10.174999237060547,-61.225006103515625,22.36889025568962,1.684141515516017e-05,2018,2018
TTO,Trinidad and Tobago,2018,10.174999237060547,-61.17500305175781,8.6648732426762,6.523735682847799e-06,2018,2018
TTO,Trinidad and Tobago,2018,10.174999237060547,-61.12500762939453,4.130832016468048,3.110080836838594e-06,2018,2018
TTO,Trinidad and Tobago,2018,10.174999237060547,-61.07500457763672,70.44242990018549,5.303572027608919e-05,2018,2018
TTO,Trinidad and Tobago,2018,10.174999237060547,-61.025001525878906,2473.1540471912904,0.0018620241583428084,2018,2018
TTO,Trinidad and Tobago,2018,10.224998474121094,-61.62500762939453,10576.976161062717,0.007963347514272913,2018,2018
TTO,Trinidad and Tobago,2018,10.224998474121094,-61.57500457763672,9312.721014022827,0.007011496727310819,2018,2018
TTO,Trinidad and Tobago,2018,10.224998474121094,-61.525001525878906,7908.615281343684,0.0059543531991567995,2018,2018
TTO,Trinidad and Tobago,2018,10.224998474121094,-61.475006103515625,20688.48408126831,0.01557624653529422,2018,2018
TTO,Trinidad and Tobago,2018,10.224998474121094,-61.42500305175781,11973.135273575783,0.009014508075557879,2018,2018
TTO,Trinidad and Tobago,2018,10.224998474121094,-61.37500762939453,10146.02337551117,0.007638885518582256,2018,2018
TTO,Trinidad and Tobago,2018,10.224998474121094,-61.32500457763672,8135.156198978424,0.006124914617265022,2018,2018
TTO,Trinidad and Tobago,2018,10.224998474121094,-61.275001525878906,549.7409508228302,0.00041389695576180224,2018,2018
TTO,Trinidad and Tobago,2018,10.224998474121094,-61.225006103515625,48.56318598985672,3.6562957176849927e-05,2018,2018
TTO,Trinidad and Tobago,2018,10.224998474121094,-61.17500305175781,106.48968368800796,8.017550053808602e-05,2018,2018
TTO,Trinidad and Tobago,2018,10.224998474121094,-61.12500762939453,9.92056602278291,7.4691399105669364e-06,2018,2018
TTO,Trinidad and Tobago,2018,10.224998474121094,-61.07500457763672,41.16389626266448,3.0992072402301925e-05,2018,2018
TTO,Trinidad and Tobago,2018,10.224998474121094,-61.025001525878906,1433.9968565702438,0.0010796483918799396,2018,2018
TTO,Trinidad and Tobago,2018,10.27499771118164,-61.42500305175781,35320.82821083069,0.026592858417345475,2018,2018
TTO,Trinidad and Tobago,2018,10.27499771118164,-61.37500762939453,22837.405702590942,0.017194157873179614,2018,2018
TTO,Trinidad and Tobago,2018,10.27499771118164,-61.32500457763672,13124.441182136536,0.009881319998502008,2018,2018
TTO,Trinidad and Tobago,2018,10.27499771118164,-61.275001525878906,3656.686640262801,0.0027530993758320033,2018,2018
TTO,Trinidad and Tobago,2018,10.27499771118164,-61.225006103515625,2396.880585670471,0.0018045982862449953,2018,2018
TTO,Trinidad and Tobago,2018,10.27499771118164,-61.17500305175781,1314.0245718359947,0.0009893219147401697,2018,2018
TTO,Trinidad and Tobago,2018,10.27499771118164,-61.12500762939453,47.359554529214016,3.5656749631871706e-05,2018,2018
TTO,Trinidad and Tobago,2018,10.27499771118164,-61.07500457763672,113.90868163110596,8.576122352062031e-05,2018,2018
TTO,Trinidad and Tobago,2018,10.27499771118164,-61.025001525878906,6033.024759888698,0.004542231351723071,2018,2018
TTO,Trinidad and Tobago,2018,10.324996948242188,-61.42500305175781,28741.778858184814,0.021639528135526314,2018,2018
TTO,Trinidad and Tobago,2018,10.324996948242188,-61.37500762939453,11573.089523077011,0.008713315817551527,2018,2018
TTO,Trinidad and Tobago,2018,10.324996948242188,-61.32500457763672,4812.425679564567,0.0036232489786696405,2018,2018
TTO,Trinidad and Tobago,2018,10.324996948242188,-61.275001525878906,3143.869612932442,0.002367002240158992,2018,2018
TTO,Trinidad and Tobago,2018,10.324996948242188,-61.225006103515625,4305.38054406645,0.0032414974687950634,2018,2018
TTO,Trinidad and Tobago,2018,10.324996948242188,-61.17500305175781,8784.73360657692,0.006613977895404015,2018,2018
TTO,Trinidad and Tobago,2018,10.324996948242188,-61.12500762939453,2364.131495475793,0.0017799416753171433,2018,2018
TTO,Trinidad and Tobago,2018,10.324996948242188,-61.07500457763672,1075.269719600691,0.0008095646920598482,2018,2018
TTO,Trinidad and Tobago,2018,10.324996948242188,-61.025001525878906,2609.255204677582,0.001964493975581125,2018,2018
TTO,Trinidad and Tobago,2018,10.324996948242188,-60.975006103515625,756.239116191864,0.000569368295287653,2018,2018
TTO,Trinidad and Tobago,2018,10.374996185302734,-61.475006103515625,11276.93830037117,0.00849034518140078,2018,2018
TTO,Trinidad and Tobago,2018,10.374996185302734,-61.42500305175781,11206.222874641418,0.008437103924057415,2018,2018
TTO,Trinidad and Tobago,2018,10.374996185302734,-61.37500762939453,3537.6797618865967,0.002663499747860136,2018,2018
TTO,Trinidad and Tobago,2018,10.374996185302734,-61.32500457763672,2269.519425690174,0.0017087087653365818,2018,2018
TTO,Trinidad and Tobago,2018,10.374996185302734,-61.275001525878906,1277.3004336359093,0.000961672511905543,2018,2018
TTO,Trinidad and Tobago,2018,10.374996185302734,-61.225006103515625,36.01454922556877,2.7115157175912246e-05,2018,2018
TTO,Trinidad and Tobago,2018,10.374996185302734,-61.17500305175781,1342.2900824548774,0.001010602863122672,2018,2018
TTO,Trinidad and Tobago,2018,10.374996185302734,-61.12500762939453,235.5960395336151,0.00017737896987035027,2018,2018
TTO,Trinidad and Tobago,2018,10.374996185302734,-61.07500457763672,1.9398579597473145,1.4605084502945682e-06,2018,2018
TTO,Trinidad and Tobago,2018,10.374996185302734,-61.025001525878906,710.6367083191872,0.0005350344917649973,2018,2018
TTO,Trinidad and Tobago,2018,10.424999237060547,-61.475006103515625,20555.35911178589,0.015476017473729523,2018,2018
TTO,Trinidad and Tobago,2018,10.424999237060547,-61.42500305175781,21696.19026184082,0.01633494300827306,2018,2018
TTO,Trinidad and Tobago,2018,10.424999237060547,-61.37500762939453,6082.089269131422,0.004579171752435651,2018,2018
TTO,Trinidad and Tobago,2018,10.424999237060547,-61.32500457763672,2103.5053499937057,0.0015837176755486896,2018,2018
TTO,Trinidad and Tobago,2018,10.424999237060547,-61.275001525878906,738.5669435262948,0.0005560630131233391,2018,2018
TTO,Trinidad and Tobago,2018,10.424999237060547,-61.225006103515625,2.18033105134964,1.6415593259985837e-06,2018,2018
TTO,Trinidad and Tobago,2018,10.424999237060547,-61.17500305175781,335.139852047477,0.00025232496198307757,2018,2018
TTO,Trinidad and Tobago,2018,10.424999237060547,-61.12500762939453,2883.735256850985,0.002171148505941053,2018,2018
TTO,Trinidad and Tobago,2018,10.424999237060547,-61.07500457763672,241.72290015269704,0.0001819918497273434,2018,2018
TTO,Trinidad and Tobago,2018,10.474998474121094,-61.42500305175781,28982.27153778076,0.021820593758923618,2018,2018
TTO,Trinidad and Tobago,2018,10.474998474121094,-61.37500762939453,10297.681300878525,0.007753067941290163,2018,2018
TTO,Trinidad and Tobago,2018,10.474998474121094,-61.32500457763672,5104.287138940353,0.003842989875466623,2018,2018
TTO,Trinidad and Tobago,2018,10.474998474121094,-61.275001525878906,992.1563374996244,0.0007469890811594599,2018,2018
TTO,Trinidad and Tobago,2018,10.474998474121094,-61.225006103515625,760.9970279335976,0.0005729505010206247,2018,2018
TTO,Trinidad and Tobago,2018,10.474998474121094,-61.17500305175781,1069.5979294776917,0.0008052944322909232,2018,2018
TTO,Trinidad and Tobago,2018,10.474998474121094,-61.12500762939453,422.5616790059985,0.0003181443774570547,2018,2018
TTO,Trinidad and Tobago,2018,10.474998474121094,-61.07500457763672,1310.341390967369,0.00098654886800468,2018,2018
TTO,Trinidad and Tobago,2018,10.52499771118164,-61.42500305175781,31499.08165550232,0.02371548633404701,2018,2018
TTO,Trinidad and Tobago,2018,10.52499771118164,-61.37500762939453,50691.55952835083,0.03816539797553547,2018,2018
TTO,Trinidad and Tobago,2018,10.52499771118164,-61.32500457763672,5582.167277157307,0.004202783218369271,2018,2018
TTO,Trinidad and Tobago,2018,10.52499771118164,-61.275001525878906,2778.658928155899,0.0020920371126485803,2018,2018
TTO,Trinidad and Tobago,2018,10.52499771118164,-61.225006103515625,834.8348856272321,0.0006285426203154047,2018,2018
TTO,Trinidad and Tobago,2018,10.52499771118164,-61.17500305175781,2944.396258354187,0.002216819842264202,2018,2018
TTO,Trinidad and Tobago,2018,10.52499771118164,-61.12500762939453,1792.1072963478314,0.0013492677837564457,2018,2018
TTO,Trinidad and Tobago,2018,10.52499771118164,-61.07500457763672,2512.7278356552124,0.0018918190472785202,2018,2018
TTO,Trinidad and Tobago,2018,10.52499771118164,-61.025001525878906,1057.321900010109,0.0007960518768329942,2018,2018
TTO,Trinidad and Tobago,2018,10.574996948242188,-61.42500305175781,17182.820346117056,0.012936851478891965,2018,2018
TTO,Trinidad and Tobago,2018,10.574996948242188,-61.37500762939453,26634.08812594564,0.020052659308571665,2018,2018
TTO,Trinidad and Tobago,2018,10.574996948242188,-61.32500457763672,15960.309564113617,0.012016429796097818,2018,2018
TTO,Trinidad and Tobago,2018,10.574996948242188,-61.275001525878906,14196.003737688065,0.010688093587020886,2018,2018
TTO,Trinidad and Tobago,2018,10.574996948242188,-61.225006103515625,2708.1206860542297,0.002038929255889918,2018,2018
TTO,Trinidad and Tobago,2018,10.574996948242188,-61.17500305175781,4716.340060710907,0.003550906641653464,2018,2018
TTO,Trinidad and Tobago,2018,10.574996948242188,-61.12500762939453,25058.41244506836,0.018866341704604064,2018,2018
TTO,Trinidad and Tobago,2018,10.574996948242188,-61.07500457763672,3634.046949982643,0.002736054076819219,2018,2018
TTO,Trinidad and Tobago,2018,10.574996948242188,-61.025001525878906,723.165184140439,0.0005444671127021679,2018,2018
TTO,Trinidad and Tobago,2018,10.624996185302734,-61.475006103515625,29702.82570004467,0.022363095047532623,2018,2018
TTO,Trinidad and Tobago,2018,10.624996185302734,-61.42500305175781,47904.97978639603,0.036067397325490566,2018,2018
TTO,Trinidad and Tobago,2018,10.624996185302734,-61.37500762939453,45338.86622619629,0.03413538445812816,2018,2018
TTO,Trinidad and Tobago,2018,10.624996185302734,-61.32500457763672,48499.28244781494,0.03651484454948625,2018,2018
TTO,Trinidad and Tobago,2018,10.624996185302734,-61.275001525878906,62938.30992889404,0.04738590938399531,2018,2018
TTO,Trinidad and Tobago,2018,10.624996185302734,-61.225006103515625,10638.988267660141,0.008010036090233342,2018,2018
TTO,Trinidad and Tobago,2018,10.624996185302734,-61.17500305175781,5738.948395252228,0.00432082286486694,2018,2018
TTO,Trinidad and Tobago,2018,10.624996185302734,-61.12500762939453,5431.372604966164,0.0040892507342572635,2018,2018
TTO,Trinidad and Tobago,2018,10.624996185302734,-61.07500457763672,2869.6561212539673,0.00216054840173808,2018,2018
TTO,Trinidad and Tobago,2018,10.674999237060547,-61.525001525878906,69186.72751617436,0.052090308817642934,2018,2018
TTO,Trinidad and Tobago,2018,10.674999237060547,-61.475006103515625,66293.62673473358,0.04991210905945112,2018,2018
TTO,Trinidad and Tobago,2018,10.674999237060547,-61.42500305175781,37626.221224308014,0.028328576210761795,2018,2018
TTO,Trinidad and Tobago,2018,10.674999237060547,-61.37500762939453,11430.126598000834,0.008605679813016543,2018,2018
TTO,Trinidad and Tobago,2018,10.674999237060547,-61.32500457763672,2068.875300168991,0.0015576449004009124,2018,2018
TTO,Trinidad and Tobago,2018,10.674999237060547,-61.275001525878906,3518.0926658731264,0.002648752730378438,2018,2018
TTO,Trinidad and Tobago,2018,10.674999237060547,-61.225006103515625,2976.805405139923,0.0022412205116583523,2018,2018
TTO,Trinidad and Tobago,2018,10.674999237060547,-61.17500305175781,5764.037911057472,0.004339712624121341,2018,2018
TTO,Trinidad and Tobago,2018,10.674999237060547,-61.12500762939453,668.3096016049549,0.0005031666445744181,2018,2018
TTO,Trinidad and Tobago,2018,10.674999237060547,-61.07500457763672,2192.212021827954,0.0016505044437037676,2018,2018
TTO,Trinidad and Tobago,2018,10.724998474121094,-61.62500762939453,997.6145455837963,0.0007510985361792684,2018,2018
TTO,Trinidad and Tobago,2018,10.724998474121094,-61.57500457763672,34019.700011014946,0.025613246110578962,2018,2018
TTO,Trinidad and Tobago,2018,10.724998474121094,-61.525001525878906,21549.800814629714,0.016224727193959718,2018,2018
TTO,Trinidad and Tobago,2018,10.724998474121094,-61.475006103515625,16150.302200317383,0.012159474212971252,2018,2018
TTO,Trinidad and Tobago,2018,10.724998474121094,-61.42500305175781,2474.9836655870436,0.0018634016680281877,2018,2018
TTO,Trinidad and Tobago,2018,10.724998474121094,-61.37500762939453,775.0281904940172,0.0005835144865866705,2018,2018
TTO,Trinidad and Tobago,2018,10.724998474121094,-61.32500457763672,602.2371461391681,0.0004534210541539406,2018,2018
TTO,Trinidad and Tobago,2018,10.724998474121094,-61.275001525878906,662.3762689828873,0.0004986994708881205,2018,2018
TTO,Trinidad and Tobago,2018,10.724998474121094,-61.225006103515625,85.82596302034096,6.461789824148007e-05,2018,2018
TTO,Trinidad and Tobago,2018,10.724998474121094,-61.17500305175781,87.26480686664581,6.570119590542671e-05,2018,2018
TTO,Trinidad and Tobago,2018,10.724998474121094,-61.12500762939453,53.611364126205444,4.036370289108252e-05,2018,2018
TTO,Trinidad and Tobago,2018,10.724998474121094,-61.07500457763672,0.0,0.0,2018,2018
TTO,Trinidad and Tobago,2018,10.724998474121094,-61.025001525878906,448.537390947598,0.00033770134893658783,2018,2018
TTO,Trinidad and Tobago,2018,10.77499771118164,-61.37500762939453,1141.0394998192787,0.000859082399941809,2018,2018
TTO,Trinidad and Tobago,2018,10.77499771118164,-61.32500457763672,783.3551690876484,0.0005897838232359397,2018,2018
TTO,Trinidad and Tobago,2018,10.77499771118164,-61.275001525878906,160.7692982559118,0.0001210423255325728,2018,2018
TTO,Trinidad and Tobago,2018,10.77499771118164,-61.225006103515625,6.950161933898926,5.2327389149137785e-06,2018,2018
TTO,Trinidad and Tobago,2018,10.77499771118164,-61.17500305175781,0.0,0.0,2018,2018
TTO,Trinidad and Tobago,2018,10.77499771118164,-61.12500762939453,0.0,0.0,2018,2018
TTO,Trinidad and Tobago,2018,10.77499771118164,-61.07500457763672,0.0,0.0,2018,2018
TTO,Trinidad and Tobago,2018,10.77499771118164,-61.025001525878906,0.0,0.0,2018,2018
TTO,Trinidad and Tobago,2018,10.77499771118164,-60.975006103515625,783.0449912551991,0.0005895502920420139,2018,2018
TTO,Trinidad and Tobago,2018,10.824996948242188,-61.07500457763672,196.31463754180956,0.00014780421711065698,2018,2018
TTO,Trinidad and Tobago,2018,10.824996948242188,-61.025001525878906,478.13847172277065,0.00035998784078654947,2018,2018
TTO,Trinidad and Tobago,2018,10.824996948242188,-60.975006103515625,446.7540104985237,0.0003363586515484232,2018,2018
TTO,Trinidad and Tobago,2018,10.824996948242188,-60.92500305175781,1723.5440413355827,0.0012976468839777143,2018,2018
TTO,Trinidad and Tobago,2018,11.174999237060547,-60.82500457763672,7444.611972346921,0.00560500764509227,2018,2018
TTO,Trinidad and Tobago,2018,11.174999237060547,-60.775001525878906,15721.728034973145,0.011836803067427825,2018,2018
TTO,Trinidad and Tobago,2018,11.224998474121094,-60.775001525878906,5096.755325317426,0.003837319214175648,2018,2018
TTO,Trinidad and Tobago,2018,11.224998474121094,-60.725006103515625,9653.719749450758,0.00726823281055329,2018,2018
TTO,Trinidad and Tobago,2018,11.224998474121094,-60.67500305175781,840.4014370441437,0.0006327336464379861,2018,2018
TTO,Trinidad and Tobago,2018,11.224998474121094,-60.62500762939453,4261.393914163113,0.0032083801756700695,2018,2018
TTO,Trinidad and Tobago,2018,11.27499771118164,-60.67500305175781,1017.0471519231796,0.0007657292392301321,2018,2018
TTO,Trinidad and Tobago,2018,11.27499771118164,-60.62500762939453,409.169689059262,0.0003080616214567049,2018,2018
TTO,Trinidad and Tobago,2018,11.27499771118164,-60.57500457763672,2984.2832622542787,0.0022468505493890706,2018,2018
TTO,Trinidad and Tobago,2018,11.324996948242188,-60.525001525878906,746.6511216163635,0.0005621495466011662,2018,2018
TTO,Trinidad and Tobago,2019,10.074996948242188,-61.87500762939453,1370.913060309746,0.0010034281519279349,2019,2019
TTO,Trinidad and Tobago,2019,10.074996948242188,-61.62500762939453,4207.8622806072235,0.0030799089993664383,2019,2019
TTO,Trinidad and Tobago,2019,10.074996948242188,-61.57500457763672,3040.614324569923,0.0022255517879007205,2019,2019
TTO,Trinidad and Tobago,2019,10.074996948242188,-61.525001525878906,69.05862797801838,5.054687525626538e-05,2019,2019
TTO,Trinidad and Tobago,2019,10.074996948242188,-61.475006103515625,332.40901768222153,0.00024330395263846223,2019,2019
TTO,Trinidad and Tobago,2019,10.074996948242188,-61.37500762939453,192.03867733478546,0.00014056107617297812,2019,2019
TTO,Trinidad and Tobago,2019,10.074996948242188,-61.32500457763672,702.3791206482285,0.0005141004221125294,2019,2019
TTO,Trinidad and Tobago,2019,10.124996185302734,-61.775001525878906,1540.4003264906494,0.0011274829145551115,2019,2019
TTO,Trinidad and Tobago,2019,10.124996185302734,-61.725006103515625,2584.318912744522,0.001891570242989544,2019,2019
TTO,Trinidad and Tobago,2019,10.124996185302734,-61.67500305175781,1721.238260031006,0.0012598457015941874,2019,2019
TTO,Trinidad and Tobago,2019,10.124996185302734,-61.62500762939453,1169.153412103653,0.0008557518938234798,2019,2019
TTO,Trinidad and Tobago,2019,10.124996185302734,-61.57500457763672,5016.965474605571,0.003672125199049673,2019,2019
TTO,Trinidad and Tobago,2019,10.124996185302734,-61.525001525878906,9731.262360215187,0.007122714699231449,2019,2019
TTO,Trinidad and Tobago,2019,10.124996185302734,-61.475006103515625,6775.173358857632,0.004959030502586248,2019,2019
TTO,Trinidad and Tobago,2019,10.124996185302734,-61.42500305175781,9725.359757900238,0.007118394339681357,2019,2019
TTO,Trinidad and Tobago,2019,10.124996185302734,-61.37500762939453,1434.176617860794,0.0010497333746847242,2019,2019
TTO,Trinidad and Tobago,2019,10.124996185302734,-61.32500457763672,971.8842203617289,0.0007113623871269778,2019,2019
TTO,Trinidad and Tobago,2019,10.124996185302734,-61.275001525878906,3198.16045589,0.0023408663384515646,2019,2019
TTO,Trinidad and Tobago,2019,10.124996185302734,-61.225006103515625,141.62969481945038,0.00010366465025775506,2019,2019
TTO,Trinidad and Tobago,2019,10.124996185302734,-61.17500305175781,56.26143181344138,4.1180076391296204e-05,2019,2019
TTO,Trinidad and Tobago,2019,10.124996185302734,-61.12500762939453,99.89755564997074,7.311916601430567e-05,2019,2019
TTO,Trinidad and Tobago,2019,10.124996185302734,-61.07500457763672,811.9472758769989,0.0005942979012192769,2019,2019
TTO,Trinidad and Tobago,2019,10.174999237060547,-61.67500305175781,20691.279420186765,0.015144805947746587,2019,2019
TTO,Trinidad and Tobago,2019,10.174999237060547,-61.62500762939453,4527.294384002686,0.0033137146099892893,2019,2019
TTO,Trinidad and Tobago,2019,10.174999237060547,-61.57500457763672,6101.180290699005,0.004465707010109021,2019,2019
TTO,Trinidad and Tobago,2019,10.174999237060547,-61.525001525878906,16173.522710323334,0.011838072357205081,2019,2019
TTO,Trinidad and Tobago,2019,10.174999237060547,-61.475006103515625,20733.639748573303,0.01517581122974336,2019,2019
TTO,Trinidad and Tobago,2019,10.174999237060547,-61.42500305175781,16900.99085521698,0.012370536477177901,2019,2019
TTO,Trinidad and Tobago,2019,10.174999237060547,-61.37500762939453,11783.14152431488,0.008624570197746284,2019,2019
TTO,Trinidad and Tobago,2019,10.174999237060547,-61.32500457763672,5057.479120969772,0.0037017788178502022,2019,2019
TTO,Trinidad and Tobago,2019,10.174999237060547,-61.275001525878906,283.0308403968811,0.00020716201584211697,2019,2019
TTO,Trinidad and Tobago,2019,10.174999237060547,-61.225006103515625,22.808491200208664,1.6694481098691185e-05,2019,2019
TTO,Trinidad and Tobago,2019,10.174999237060547,-61.17500305175781,8.78775513202321,6.432122610115736e-06,2019,2019
TTO,Trinidad and Tobago,2019,10.174999237060547,-61.12500762939453,4.17327606678009,3.054593914385846e-06,2019,2019
TTO,Trinidad and Tobago,2019,10.174999237060547,-61.07500457763672,71.68627649547311,5.247016023481103e-05,2019,2019
TTO,Trinidad and Tobago,2019,10.174999237060547,-61.025001525878906,2523.764430701882,0.0018472479050046164,2019,2019
TTO,Trinidad and Tobago,2019,10.224998474121094,-61.62500762939453,10878.9953353405,0.007962788086435546,2019,2019
TTO,Trinidad and Tobago,2019,10.224998474121094,-61.57500457763672,9567.47313785553,0.007002830571305109,2019,2019
TTO,Trinidad and Tobago,2019,10.224998474121094,-61.525001525878906,8127.9320644142545,0.00594917072899449,2019,2019
TTO,Trinidad and Tobago,2019,10.224998474121094,-61.475006103515625,21234.793437957764,0.015542626409297705,2019,2019
TTO,Trinidad and Tobago,2019,10.224998474121094,-61.42500305175781,12278.193619728088,0.008986919367500557,2019,2019
TTO,Trinidad and Tobago,2019,10.224998474121094,-61.37500762939453,10403.965262413025,0.007615093865709317,2019,2019
TTO,Trinidad and Tobago,2019,10.224998474121094,-61.32500457763672,8331.271249771118,0.006098003115879089,2019,2019
TTO,Trinidad and Tobago,2019,10.224998474121094,-61.275001525878906,562.1734774708748,0.0004114780943395832,2019,2019
TTO,Trinidad and Tobago,2019,10.224998474121094,-61.225006103515625,49.493276596069336,3.6226182757665936e-05,2019,2019
TTO,Trinidad and Tobago,2019,10.224998474121094,-61.17500305175781,108.48293376001037,7.940316048483262e-05,2019,2019
TTO,Trinidad and Tobago,2019,10.224998474121094,-61.12500762939453,10.036410153302066,7.346065030442732e-06,2019,2019
TTO,Trinidad and Tobago,2019,10.224998474121094,-61.07500457763672,41.89193135501866,3.066244277427827e-05,2019,2019
TTO,Trinidad and Tobago,2019,10.224998474121094,-61.025001525878906,1465.623486995697,0.0010727506430247208,2019,2019
TTO,Trinidad and Tobago,2019,10.27499771118164,-61.42500305175781,36316.20681095123,0.026581338627784324,2019,2019
TTO,Trinidad and Tobago,2019,10.27499771118164,-61.37500762939453,23353.569305419922,0.017093446380738272,2019,2019
TTO,Trinidad and Tobago,2019,10.27499771118164,-61.32500457763672,13428.57328081131,0.009828929973975786,2019,2019
TTO,Trinidad and Tobago,2019,10.27499771118164,-61.275001525878906,3742.3971562387533,0.0027392157613675004,2019,2019
TTO,Trinidad and Tobago,2019,10.27499771118164,-61.225006103515625,2447.3336820602417,0.0017913050687443641,2019,2019
TTO,Trinidad and Tobago,2019,10.27499771118164,-61.17500305175781,1340.083220243454,0.000980862512765548,2019,2019
TTO,Trinidad and Tobago,2019,10.27499771118164,-61.12500762939453,48.2124016285187,3.528865722176529e-05,2019,2019
TTO,Trinidad and Tobago,2019,10.27499771118164,-61.07500457763672,116.5292072296323,8.529256190005094e-05,2019,2019
TTO,Trinidad and Tobago,2019,10.27499771118164,-61.025001525878906,6161.971696674874,0.004510202762551326,2019,2019
TTO,Trinidad and Tobago,2019,10.324996948242188,-61.42500305175781,29523.238739013672,0.021609283436341553,2019,2019
TTO,Trinidad and Tobago,2019,10.324996948242188,-61.37500762939453,11851.908591747284,0.008674903667741537,2019,2019
TTO,Trinidad and Tobago,2019,10.324996948242188,-61.32500457763672,4934.842664122675,0.003612016106547949,2019,2019
TTO,Trinidad and Tobago,2019,10.324996948242188,-61.275001525878906,3222.142024398089,0.002358419443506212,2019,2019
TTO,Trinidad and Tobago,2019,10.324996948242188,-61.225006103515625,4406.184605479261,0.0032250693378983635,2019,2019
TTO,Trinidad and Tobago,2019,10.324996948242188,-61.17500305175781,8971.475924134254,0.00656659548096071,2019,2019
TTO,Trinidad and Tobago,2019,10.324996948242188,-61.12500762939453,2412.829500675226,0.0017660500267119175,2019,2019
TTO,Trinidad and Tobago,2019,10.324996948242188,-61.07500457763672,1098.7628538012639,0.0008042301234972251,2019,2019
TTO,Trinidad and Tobago,2019,10.324996948242188,-61.025001525878906,2663.408677816391,0.0019494593237052453,2019,2019
TTO,Trinidad and Tobago,2019,10.324996948242188,-60.975006103515625,773.7805895805359,0.0005663621198743825,2019,2019
TTO,Trinidad and Tobago,2019,10.374996185302734,-61.475006103515625,11567.42322742939,0.00846667702548929,2019,2019
TTO,Trinidad and Tobago,2019,10.374996185302734,-61.42500305175781,11489.44439125061,0.008409601079726044,2019,2019
TTO,Trinidad and Tobago,2019,10.374996185302734,-61.37500762939453,3629.332264184952,0.002656458875488943,2019,2019
TTO,Trinidad and Tobago,2019,10.374996185302734,-61.32500457763672,2326.8935957551003,0.001703149972175437,2019,2019
TTO,Trinidad and Tobago,2019,10.374996185302734,-61.275001525878906,1308.7654306592576,0.0009579397231045917,2019,2019
TTO,Trinidad and Tobago,2019,10.374996185302734,-61.225006103515625,36.63017615675926,2.6811145819463564e-05,2019,2019
TTO,Trinidad and Tobago,2019,10.374996185302734,-61.17500305175781,1369.4947410227862,0.0010023900251917024,2019,2019
TTO,Trinidad and Tobago,2019,10.374996185302734,-61.12500762939453,240.22715842723846,0.00017583222496186577,2019,2019
TTO,Trinidad and Tobago,2019,10.374996185302734,-61.07500457763672,1.9585689306259155,1.433557866928042e-06,2019,2019
TTO,Trinidad and Tobago,2019,10.374996185302734,-61.025001525878906,723.5674814581871,0.0005296090625547726,2019,2019
TTO,Trinidad and Tobago,2019,10.424999237060547,-61.475006103515625,21084.827855587006,0.015432860377061432,2019,2019
TTO,Trinidad and Tobago,2019,10.424999237060547,-61.42500305175781,22251.483856201172,0.016286784311791043,2019,2019
TTO,Trinidad and Tobago,2019,10.424999237060547,-61.37500762939453,6234.610392540693,0.004563370038041886,2019,2019
TTO,Trinidad and Tobago,2019,10.424999237060547,-61.32500457763672,2158.2522678375244,0.0015797143868635777,2019,2019
TTO,Trinidad and Tobago,2019,10.424999237060547,-61.275001525878906,756.455567479161,0.0005536812173338776,2019,2019
TTO,Trinidad and Tobago,2019,10.424999237060547,-61.225006103515625,2.2212250232696533,1.625806759483322e-06,2019,2019
TTO,Trinidad and Tobago,2019,10.424999237060547,-61.17500305175781,341.4577963357383,0.0002499271291945684,2019,2019
TTO,Trinidad and Tobago,2019,10.424999237060547,-61.12500762939453,2939.2659330370725,0.0021513706949044223,2019,2019
TTO,Trinidad and Tobago,2019,10.424999237060547,-61.07500457763672,245.64386701633487,0.00017979693873289155,2019,2019
TTO,Trinidad and Tobago,2019,10.474998474121094,-61.42500305175781,29698.422592163086,0.0217375077673386,2019,2019
TTO,Trinidad and Tobago,2019,10.474998474121094,-61.37500762939453,10558.890540122986,0.007728490104756236,2019,2019
TTO,Trinidad and Tobago,2019,10.474998474121094,-61.32500457763672,5237.830032350111,0.0038337851331624244,2019,2019
TTO,Trinidad and Tobago,2019,10.474998474121094,-61.275001525878906,1015.9989481568396,0.0007436517868459142,2019,2019
TTO,Trinidad and Tobago,2019,10.474998474121094,-61.225006103515625,778.9906027913094,0.0005701755447216338,2019,2019
TTO,Trinidad and Tobago,2019,10.474998474121094,-61.17500305175781,1094.0384098291397,0.0008007721069233917,2019,2019
TTO,Trinidad and Tobago,2019,10.474998474121094,-61.12500762939453,431.9451978210483,0.00031615861292166246,2019,2019
TTO,Trinidad and Tobago,2019,10.474998474121094,-61.07500457763672,1339.2214056253433,0.0009802317148874097,2019,2019
TTO,Trinidad and Tobago,2019,10.52499771118164,-61.42500305175781,32302.195055007935,0.023643316870829767,2019,2019
TTO,Trinidad and Tobago,2019,10.52499771118164,-61.37500762939453,51964.69970703125,0.038035119878962444,2019,2019
TTO,Trinidad and Tobago,2019,10.52499771118164,-61.32500457763672,5723.969030916691,0.0041896104375048785,2019,2019
TTO,Trinidad and Tobago,2019,10.52499771118164,-61.275001525878906,2850.40816873312,0.0020863320102486515,2019,2019
TTO,Trinidad and Tobago,2019,10.52499771118164,-61.225006103515625,855.091335937586,0.0006258768289475468,2019,2019
TTO,Trinidad and Tobago,2019,10.52499771118164,-61.17500305175781,3010.145302295685,0.0022032502462516956,2019,2019
TTO,Trinidad and Tobago,2019,10.52499771118164,-61.12500762939453,1832.5810180904652,0.0013413420861460416,2019,2019
TTO,Trinidad and Tobago,2019,10.52499771118164,-61.07500457763672,2571.28777551651,0.0018820322129533657,2019,2019
TTO,Trinidad and Tobago,2019,10.52499771118164,-61.025001525878906,1083.518886566162,0.0007930724313622387,2019,2019
TTO,Trinidad and Tobago,2019,10.574996948242188,-61.42500305175781,17683.33445525173,0.012943166219707414,2019,2019
TTO,Trinidad and Tobago,2019,10.574996948242188,-61.37500762939453,27400.453638078336,0.02005552894056745,2019,2019
TTO,Trinidad and Tobago,2019,10.574996948242188,-61.32500457763672,16486.97315311432,0.012067499742235381,2019,2019
TTO,Trinidad and Tobago,2019,10.574996948242188,-61.275001525878906,14635.507945775986,0.01071233553442003,2019,2019
TTO,Trinidad and Tobago,2019,10.574996948242188,-61.225006103515625,2769.4318368434906,0.0020270620730000015,2019,2019
TTO,Trinidad and Tobago,2019,10.574996948242188,-61.17500305175781,4822.0630823373795,0.0035294680510932464,2019,2019
TTO,Trinidad and Tobago,2019,10.574996948242188,-61.12500762939453,25644.30352973938,0.01877012980860466,2019,2019
TTO,Trinidad and Tobago,2019,10.574996948242188,-61.07500457763672,3730.7601634263992,0.0027306981634761646,2019,2019
TTO,Trinidad and Tobago,2019,10.574996948242188,-61.025001525878906,738.6902557464794,0.0005406780485433485,2019,2019
TTO,Trinidad and Tobago,2019,10.624996185302734,-61.475006103515625,30675.941363334692,0.022452994315996885,2019,2019
TTO,Trinidad and Tobago,2019,10.624996185302734,-61.42500305175781,49455.802872896194,0.036198754184784014,2019,2019
TTO,Trinidad and Tobago,2019,10.624996185302734,-61.37500762939453,46794.35708618164,0.03425073158252215,2019,2019
TTO,Trinidad and Tobago,2019,10.624996185302734,-61.32500457763672,50082.75929260254,0.03665764960257451,2019,2019
TTO,Trinidad and Tobago,2019,10.624996185302734,-61.275001525878906,65034.72693634033,0.04760161512074693,2019,2019
TTO,Trinidad and Tobago,2019,10.624996185302734,-61.225006103515625,10983.308121204376,0.008039138942643886,2019,2019
TTO,Trinidad and Tobago,2019,10.624996185302734,-61.17500305175781,5880.455905556679,0.004304149674139989,2019,2019
TTO,Trinidad and Tobago,2019,10.624996185302734,-61.12500762939453,5558.2271951437,0.004068297110801827,2019,2019
TTO,Trinidad and Tobago,2019,10.624996185302734,-61.07500457763672,2939.8187561035156,0.0021517753290449556,2019,2019
TTO,Trinidad and Tobago,2019,10.674999237060547,-61.525001525878906,71591.44887542729,0.052400751965031474,2019,2019
TTO,Trinidad and Tobago,2019,10.674999237060547,-61.475006103515625,68392.39463853836,0.050059231431181274,2019,2019
TTO,Trinidad and Tobago,2019,10.674999237060547,-61.42500305175781,38849.94330096245,0.028435885496766584,2019,2019
TTO,Trinidad and Tobago,2019,10.674999237060547,-61.37500762939453,11795.29657566579,0.008633466984177713,2019,2019
TTO,Trinidad and Tobago,2019,10.674999237060547,-61.32500457763672,2133.1258573532104,0.0015613233244637773,2019,2019
TTO,Trinidad and Tobago,2019,10.674999237060547,-61.275001525878906,3644.64133228424,0.002667664217647648,2019,2019
TTO,Trinidad and Tobago,2019,10.674999237060547,-61.225006103515625,3051.95124399662,0.0022338497496301947,2019,2019
TTO,Trinidad and Tobago,2019,10.674999237060547,-61.17500305175781,5896.4403648376465,0.004315849363128468,2019,2019
TTO,Trinidad and Tobago,2019,10.674999237060547,-61.12500762939453,681.29390698673,0.0004986672793481132,2019,2019
TTO,Trinidad and Tobago,2019,10.674999237060547,-61.07500457763672,2245.138649702334,0.0016433101349138677,2019,2019
TTO,Trinidad and Tobago,2019,10.724998474121094,-61.62500762939453,1029.2686049938916,0.0007533643992808067,2019,2019
TTO,Trinidad and Tobago,2019,10.724998474121094,-61.57500457763672,35173.14466226102,0.025744684012253966,2019,2019
TTO,Trinidad and Tobago,2019,10.724998474121094,-61.525001525878906,22308.652650357428,0.01632862852433009,2019,2019
TTO,Trinidad and Tobago,2019,10.724998474121094,-61.475006103515625,16679.188943624496,0.012208190454890359,2019,2019
TTO,Trinidad and Tobago,2019,10.724998474121094,-61.42500305175781,2553.95557749427,0.0018693460580586302,2019,2019
TTO,Trinidad and Tobago,2019,10.724998474121094,-61.37500762939453,800.2578625683436,0.0005857419345916225,2019,2019
TTO,Trinidad and Tobago,2019,10.724998474121094,-61.32500457763672,622.042502999351,0.00045529871826025106,2019,2019
TTO,Trinidad and Tobago,2019,10.724998474121094,-61.275001525878906,681.8810184597969,0.0004990970105961779,2019,2019
TTO,Trinidad and Tobago,2019,10.724998474121094,-61.225006103515625,88.31385433675513,6.46405743824053e-05,2019,2019
TTO,Trinidad and Tobago,2019,10.724998474121094,-61.17500305175781,88.87326538562775,6.505003054063279e-05,2019,2019
TTO,Trinidad and Tobago,2019,10.724998474121094,-61.12500762939453,54.45414316654205,3.985724684107747e-05,2019,2019
TTO,Trinidad and Tobago,2019,10.724998474121094,-61.07500457763672,0.0,0.0,2019,2019
TTO,Trinidad and Tobago,2019,10.724998474121094,-61.025001525878906,459.10636627699955,0.0003360389991088074,2019,2019
TTO,Trinidad and Tobago,2019,10.77499771118164,-61.37500762939453,1173.8299812078476,0.000859174868795011,2019,2019
TTO,Trinidad and Tobago,2019,10.77499771118164,-61.32500457763672,808.6287555396557,0.0005918689384895154,2019,2019
TTO,Trinidad and Tobago,2019,10.77499771118164,-61.275001525878906,165.7911676173245,0.00012134943472683738,2019,2019
TTO,Trinidad and Tobago,2019,10.77499771118164,-61.225006103515625,7.166895031929016,5.245747848755034e-06,2019,2019
TTO,Trinidad and Tobago,2019,10.77499771118164,-61.17500305175781,0.0,0.0,2019,2019
TTO,Trinidad and Tobago,2019,10.77499771118164,-61.12500762939453,0.0,0.0,2019,2019
TTO,Trinidad and Tobago,2019,10.77499771118164,-61.07500457763672,0.0,0.0,2019,2019
TTO,Trinidad and Tobago,2019,10.77499771118164,-61.025001525878906,0.0,0.0,2019,2019
TTO,Trinidad and Tobago,2019,10.77499771118164,-60.975006103515625,799.6134324673769,0.0005852702494614847,2019,2019
TTO,Trinidad and Tobago,2019,10.824996948242188,-61.07500457763672,200.3331220150387,0.0001466321243945878,2019,2019
TTO,Trinidad and Tobago,2019,10.824996948242188,-61.025001525878906,488.4564814569271,0.00035752156622886433,2019,2019
TTO,Trinidad and Tobago,2019,10.824996948242188,-60.975006103515625,457.319449365139,0.00033473108047674485,2019,2019
TTO,Trinidad and Tobago,2019,10.824996948242188,-60.92500305175781,1760.2872941493988,0.0012884273099210762,2019,2019
TTO,Trinidad and Tobago,2019,11.174999237060547,-60.82500457763672,7652.650136008878,0.005601292164793783,2019,2019
TTO,Trinidad and Tobago,2019,11.174999237060547,-60.775001525878906,16164.534950256348,0.01183149384268429,2019,2019
TTO,Trinidad and Tobago,2019,11.224998474121094,-60.775001525878906,5245.076132059141,0.0038390888542007774,2019,2019
TTO,Trinidad and Tobago,2019,11.224998474121094,-60.725006103515625,9917.682068824844,0.007259163019047491,2019,2019
TTO,Trinidad and Tobago,2019,11.224998474121094,-60.67500305175781,863.1104989051819,0.0006317463870614403,2019,2019
TTO,Trinidad and Tobago,2019,11.224998474121094,-60.62500762939453,4379.235810488462,0.0032053443966623433,2019,2019
TTO,Trinidad and Tobago,2019,11.27499771118164,-60.67500305175781,1044.0339010953903,0.0007641717321516804,2019,2019
TTO,Trinidad and Tobago,2019,11.27499771118164,-60.62500762939453,421.62362694740744,0.00030860382692787336,2019,2019
TTO,Trinidad and Tobago,2019,11.27499771118164,-60.57500457763672,3068.1161017432955,0.002245681479740972,2019,2019
TTO,Trinidad and Tobago,2019,11.324996948242188,-60.525001525878906,767.3489931225777,0.0005616545675615486,2019,2019
TTO,Trinidad and Tobago,2020,10.074996948242188,-61.87500762939453,1360.0489472173067,0.001004310916551885,2020,2020
TTO,Trinidad and Tobago,2020,10.074996948242188,-61.62500762939453,4172.286475896835,0.003080972095378174,2020,2020
TTO,Trinidad and Tobago,2020,10.074996948242188,-61.57500457763672,3015.5594258310584,0.0022268016581826503,2020,2020
TTO,Trinidad and Tobago,2020,10.074996948242188,-61.525001525878906,68.38277584691929,5.049639458028154e-05,2020,2020
TTO,Trinidad and Tobago,2020,10.074996948242188,-61.475006103515625,329.43620765223625,0.00024326799438324241,2020,2020
TTO,Trinidad and Tobago,2020,10.074996948242188,-61.37500762939453,190.58221471309662,0.00014073302224057086,2020,2020
TTO,Trinidad and Tobago,2020,10.074996948242188,-61.32500457763672,697.0654020312636,0.0005147391160023966,2020,2020
TTO,Trinidad and Tobago,2020,10.124996185302734,-61.775001525878906,1526.4691556694575,0.0011272018113430637,2020,2020
TTO,Trinidad and Tobago,2020,10.124996185302734,-61.725006103515625,2562.834543466568,0.001892492703726559,2020,2020
TTO,Trinidad and Tobago,2020,10.124996185302734,-61.67500305175781,1707.225988388319,0.0012606794047137454,2020,2020
TTO,Trinidad and Tobago,2020,10.124996185302734,-61.62500762939453,1158.7126015424728,0.0008556366425313695,2020,2020
TTO,Trinidad and Tobago,2020,10.124996185302734,-61.57500457763672,4977.5982457995515,0.0036756443705163655,2020,2020
TTO,Trinidad and Tobago,2020,10.124996185302734,-61.525001525878906,9653.569469332695,0.007128556087322739,2020,2020
TTO,Trinidad and Tobago,2020,10.124996185302734,-61.475006103515625,6717.794357061386,0.004960670144814586,2020,2020
TTO,Trinidad and Tobago,2020,10.124996185302734,-61.42500305175781,9647.321521759033,0.007123942369583306,2020,2020
TTO,Trinidad and Tobago,2020,10.124996185302734,-61.37500762939453,1422.419102549553,0.0010503673676784217,2020,2020
TTO,Trinidad and Tobago,2020,10.124996185302734,-61.32500457763672,964.752365589161,0.0007124091632972958,2020,2020
TTO,Trinidad and Tobago,2020,10.124996185302734,-61.275001525878906,3174.7521747611463,0.0023443555270441403,2020,2020
TTO,Trinidad and Tobago,2020,10.124996185302734,-61.225006103515625,140.57575619220734,0.0001038063864063359,2020,2020
TTO,Trinidad and Tobago,2020,10.124996185302734,-61.17500305175781,55.84091138859732,4.123501364603029e-05,2020,2020
TTO,Trinidad and Tobago,2020,10.124996185302734,-61.12500762939453,99.32443440029115,7.334487038326838e-05,2020,2020
TTO,Trinidad and Tobago,2020,10.124996185302734,-61.07500457763672,806.5160984992981,0.0005955615963344155,2020,2020
TTO,Trinidad and Tobago,2020,10.174999237060547,-61.67500305175781,20529.8725494463,0.015160024320458095,2020,2020
TTO,Trinidad and Tobago,2020,10.174999237060547,-61.62500762939453,4488.294428825378,0.0033143241651641163,2020,2020
TTO,Trinidad and Tobago,2020,10.174999237060547,-61.57500457763672,6049.225040435791,0.004466973602103734,2020,2020
TTO,Trinidad and Tobago,2020,10.174999237060547,-61.525001525878906,16043.734476566315,0.011847292489026056,2020,2020
TTO,Trinidad and Tobago,2020,10.174999237060547,-61.475006103515625,20567.01616334915,0.015187452551625177,2020,2020
TTO,Trinidad and Tobago,2020,10.174999237060547,-61.42500305175781,16764.798686027527,0.012379753220368429,2020,2020
TTO,Trinidad and Tobago,2020,10.174999237060547,-61.37500762939453,11690.790370225906,0.008632916054940735,2020,2020
TTO,Trinidad and Tobago,2020,10.174999237060547,-61.32500457763672,5020.482202768326,0.003707311485304257,2020,2020
TTO,Trinidad and Tobago,2020,10.174999237060547,-61.275001525878906,280.9169623851776,0.00020743957233691467,2020,2020
TTO,Trinidad and Tobago,2020,10.174999237060547,-61.225006103515625,22.642274603247643,1.6719900858078283e-05,2020,2020
TTO,Trinidad and Tobago,2020,10.174999237060547,-61.17500305175781,8.726466894449736,6.4439489350409265e-06,2020,2020
TTO,Trinidad and Tobago,2020,10.174999237060547,-61.12500762939453,4.1476410031318665,3.062772958213234e-06,2020,2020
TTO,Trinidad and Tobago,2020,10.174999237060547,-61.07500457763672,71.2174997329875,5.2589660524873906e-05,2020,2020
TTO,Trinidad and Tobago,2020,10.174999237060547,-61.025001525878906,2508.3955339194827,0.0018522929067366978,2020,2020
TTO,Trinidad and Tobago,2020,10.224998474121094,-61.62500762939453,10787.00405216217,0.007965526497146668,2020,2020
TTO,Trinidad and Tobago,2020,10.224998474121094,-61.57500457763672,9488.15453338623,0.00700640752327902,2020,2020
TTO,Trinidad and Tobago,2020,10.224998474121094,-61.525001525878906,8060.194427252044,0.005951948471694599,2020,2020
TTO,Trinidad and Tobago,2020,10.224998474121094,-61.475006103515625,21064.36417579651,0.015554712891224157,2020,2020
TTO,Trinidad and Tobago,2020,10.224998474121094,-61.42500305175781,12180.368038535118,0.008994438482342312,2020,2020
TTO,Trinidad and Tobago,2020,10.224998474121094,-61.37500762939453,10321.713611602783,0.007621938665416695,2020,2020
TTO,Trinidad and Tobago,2020,10.224998474121094,-61.32500457763672,8269.870247840881,0.006106780925324444,2020,2020
TTO,Trinidad and Tobago,2020,10.224998474121094,-61.275001525878906,557.3623232245445,0.0004115771471566691,2020,2020
TTO,Trinidad and Tobago,2020,10.224998474121094,-61.225006103515625,49.14808487892151,3.629278069183552e-05,2020,2020
TTO,Trinidad and Tobago,2020,10.224998474121094,-61.17500305175781,107.66587960751853,7.95045049306707e-05,2020,2020
TTO,Trinidad and Tobago,2020,10.224998474121094,-61.12500762939453,9.976029932886515,7.36667293184226e-06,2020,2020
TTO,Trinidad and Tobago,2020,10.224998474121094,-61.07500457763672,41.63427728416436,3.074430465520113e-05,2020,2020
TTO,Trinidad and Tobago,2020,10.224998474121094,-61.025001525878906,1455.7879487872124,0.001075008169480291,2020,2020
TTO,Trinidad and Tobago,2020,10.27499771118164,-61.42500305175781,36034.186619758606,0.026608988643633813,2020,2020
TTO,Trinidad and Tobago,2020,10.27499771118164,-61.37500762939453,23191.323256492615,0.017125338880952565,2020,2020
TTO,Trinidad and Tobago,2020,10.27499771118164,-61.32500457763672,13334.736784219742,0.009846867459541568,2020,2020
TTO,Trinidad and Tobago,2020,10.27499771118164,-61.275001525878906,3714.4732356073405,0.002742905707469514,2020,2020
TTO,Trinidad and Tobago,2020,10.27499771118164,-61.225006103515625,2430.263783454895,0.0017945975053458567,2020,2020
TTO,Trinidad and Tobago,2020,10.27499771118164,-61.17500305175781,1331.4058138132095,0.0009831597575286426,2020,2020
TTO,Trinidad and Tobago,2020,10.27499771118164,-61.12500762939453,47.88074088099048,3.535692657073728e-05,2020,2020
TTO,Trinidad and Tobago,2020,10.27499771118164,-61.07500457763672,115.64808404447442,8.539886268197508e-05,2020,2020
TTO,Trinidad and Tobago,2020,10.27499771118164,-61.025001525878906,6124.453983783771,0.004522525462350839,2020,2020
TTO,Trinidad and Tobago,2020,10.324996948242188,-61.42500305175781,29295.441249847412,0.021632847488778795,2020,2020
TTO,Trinidad and Tobago,2020,10.324996948242188,-61.37500762939453,11765.435566186905,0.008688036854324588,2020,2020
TTO,Trinidad and Tobago,2020,10.324996948242188,-61.32500457763672,4895.620641350839,0.0036151090469685875,2020,2020
TTO,Trinidad and Tobago,2020,10.324996948242188,-61.275001525878906,3196.087774515389,0.002360110530412371,2020,2020
TTO,Trinidad and Tobago,2020,10.324996948242188,-61.225006103515625,4373.601320803185,0.0032296304924285656,2020,2020
TTO,Trinidad and Tobago,2020,10.324996948242188,-61.17500305175781,8914.137353539467,0.006582531808226303,2020,2020
TTO,Trinidad and Tobago,2020,10.324996948242188,-61.12500762939453,2397.0617612600568,0.0017700798926451528,2020,2020
TTO,Trinidad and Tobago,2020,10.324996948242188,-61.07500457763672,1091.1931819319857,0.0008057777824272523,2020,2020
TTO,Trinidad and Tobago,2020,10.324996948242188,-61.025001525878906,2646.5478489398956,0.001954309733708843,2020,2020
TTO,Trinidad and Tobago,2020,10.324996948242188,-60.975006103515625,768.0161447525024,0.0005671317931911088,2020,2020
TTO,Trinidad and Tobago,2020,10.374996185302734,-61.475006103515625,11477.415464878082,0.008475352059029046,2020,2020
TTO,Trinidad and Tobago,2020,10.374996185302734,-61.42500305175781,11399.696655273438,0.00841796158858527,2020,2020
TTO,Trinidad and Tobago,2020,10.374996185302734,-61.37500762939453,3599.0819165706635,0.002657696449654957,2020,2020
TTO,Trinidad and Tobago,2020,10.374996185302734,-61.32500457763672,2307.879995405674,0.0017042247473666057,2020,2020
TTO,Trinidad and Tobago,2020,10.374996185302734,-61.275001525878906,1298.5440037103508,0.0009588933701375991,2020,2020
TTO,Trinidad and Tobago,2020,10.374996185302734,-61.225006103515625,36.375602811574936,2.6861103105565693e-05,2020,2020
TTO,Trinidad and Tobago,2020,10.374996185302734,-61.17500305175781,1360.3563996555404,0.001004537950910222,2020,2020
TTO,Trinidad and Tobago,2020,10.374996185302734,-61.12500762939453,238.62072402238846,0.00017620645090864404,2020,2020
TTO,Trinidad and Tobago,2020,10.374996185302734,-61.07500457763672,1.945302963256836,1.4364843309476959e-06,2020,2020
TTO,Trinidad and Tobago,2020,10.374996185302734,-61.025001525878906,718.4135527014732,0.0005305033874355337,2020,2020
TTO,Trinidad and Tobago,2020,10.424999237060547,-61.475006103515625,20922.481122016907,0.0154499411474747,2020,2020
TTO,Trinidad and Tobago,2020,10.424999237060547,-61.42500305175781,22081.400840759277,0.01630573073307866,2020,2020
TTO,Trinidad and Tobago,2020,10.424999237060547,-61.37500762939453,6185.409619167447,0.004567537379139891,2020,2020
TTO,Trinidad and Tobago,2020,10.424999237060547,-61.32500457763672,2139.894222021103,0.001580177780982991,2020,2020
TTO,Trinidad and Tobago,2020,10.424999237060547,-61.275001525878906,750.2072416544232,0.0005539810342939308,2020,2020
TTO,Trinidad and Tobago,2020,10.424999237060547,-61.225006103515625,2.1991569995880127,1.623939628361653e-06,2020,2020
TTO,Trinidad and Tobago,2020,10.424999237060547,-61.17500305175781,339.28224325231537,0.0002505386746467359,2020,2020
TTO,Trinidad and Tobago,2020,10.424999237060547,-61.12500762939453,2921.4702951910776,0.0021573227315425853,2020,2020
TTO,Trinidad and Tobago,2020,10.424999237060547,-61.07500457763672,243.88235354472846,0.00018009183457733447,2020,2020
TTO,Trinidad and Tobago,2020,10.474998474121094,-61.42500305175781,29476.27052116394,0.0217663785735143,2020,2020
TTO,Trinidad and Tobago,2020,10.474998474121094,-61.37500762939453,10476.183896303177,0.0077360052903899315,2020,2020
TTO,Trinidad and Tobago,2020,10.474998474121094,-61.32500457763672,5195.878249646699,0.0038368304742791817,2020,2020
TTO,Trinidad and Tobago,2020,10.474998474121094,-61.275001525878906,1007.5834626555502,0.0007440372443598777,2020,2020
TTO,Trinidad and Tobago,2020,10.474998474121094,-61.225006103515625,772.5666621923447,0.0005704920651505438,2020,2020
TTO,Trinidad and Tobago,2020,10.474998474121094,-61.17500305175781,1085.70022046566,0.0008017215746149402,2020,2020
TTO,Trinidad and Tobago,2020,10.474998474121094,-61.12500762939453,428.8737297061923,0.0003166963729118134,2020,2020
TTO,Trinidad and Tobago,2020,10.474998474121094,-61.07500457763672,1329.3750487565994,0.0009816601647974555,2020,2020
TTO,Trinidad and Tobago,2020,10.52499771118164,-61.42500305175781,32052.554290771484,0.023668802687915595,2020,2020
TTO,Trinidad and Tobago,2020,10.52499771118164,-61.37500762939453,51562.76110839844,0.038075867765402845,2020,2020
TTO,Trinidad and Tobago,2020,10.52499771118164,-61.32500457763672,5678.923865258694,0.004193529390111759,2020,2020
TTO,Trinidad and Tobago,2020,10.52499771118164,-61.275001525878906,2827.210503280163,0.002087717782248863,2020,2020
TTO,Trinidad and Tobago,2020,10.52499771118164,-61.225006103515625,848.3383442314514,0.0006264447039089299,2020,2020
TTO,Trinidad and Tobago,2020,10.52499771118164,-61.17500305175781,2987.7487754821777,0.002206265235725992,2020,2020
TTO,Trinidad and Tobago,2020,10.52499771118164,-61.12500762939453,1819.7945353390944,0.0013438042222391428,2020,2020
TTO,Trinidad and Tobago,2020,10.52499771118164,-61.07500457763672,2551.7783455848694,0.0018843283944560238,2020,2020
TTO,Trinidad and Tobago,2020,10.52499771118164,-61.025001525878906,1075.0317997932434,0.0007938436145124028,2020,2020
TTO,Trinidad and Tobago,2020,10.574996948242188,-61.42500305175781,17521.850080132514,0.01293878823234067,2020,2020
TTO,Trinidad and Tobago,2020,10.574996948242188,-61.37500762939453,27146.64742922936,0.02004609791194821,2020,2020
TTO,Trinidad and Tobago,2020,10.574996948242188,-61.32500457763672,16316.930194854736,0.012049030406469152,2020,2020
TTO,Trinidad and Tobago,2020,10.574996948242188,-61.275001525878906,14493.62628531456,0.01070263473130648,2020,2020
TTO,Trinidad and Tobago,2020,10.574996948242188,-61.225006103515625,2748.8608503341675,0.0020298614735309224,2020,2020
TTO,Trinidad and Tobago,2020,10.574996948242188,-61.17500305175781,4788.780415773392,0.0035362142357973896,2020,2020
TTO,Trinidad and Tobago,2020,10.574996948242188,-61.12500762939453,25472.373733520508,0.01880975171033801,2020,2020
TTO,Trinidad and Tobago,2020,10.574996948242188,-61.07500457763672,3700.0813962221146,0.002732278235985185,2020,2020
TTO,Trinidad and Tobago,2020,10.574996948242188,-61.025001525878906,733.2494307646975,0.0005414587536567379,2020,2020
TTO,Trinidad and Tobago,2020,10.624996185302734,-61.475006103515625,30332.42649912837,0.022398596110022897,2020,2020
TTO,Trinidad and Tobago,2020,10.624996185302734,-61.42500305175781,48927.25716137886,0.036129713261167616,2020,2020
TTO,Trinidad and Tobago,2020,10.624996185302734,-61.37500762939453,46315.58695983887,0.03420115848436606,2020,2020
TTO,Trinidad and Tobago,2020,10.624996185302734,-61.32500457763672,49560.19374847412,0.03659709726613704,2020,2020
TTO,Trinidad and Tobago,2020,10.624996185302734,-61.275001525878906,64380.54718017578,0.04754099951985275,2020,2020
TTO,Trinidad and Tobago,2020,10.624996185302734,-61.225006103515625,10867.337539196014,0.008024847743016416,2020,2020
TTO,Trinidad and Tobago,2020,10.624996185302734,-61.17500305175781,5835.260944604874,0.004308974525943418,2020,2020
TTO,Trinidad and Tobago,2020,10.624996185302734,-61.12500762939453,5517.572929978371,0.0040743818358789236,2020,2020
TTO,Trinidad and Tobago,2020,10.624996185302734,-61.07500457763672,2917.258698940277,0.002154212731641889,2020,2020
TTO,Trinidad and Tobago,2020,10.674999237060547,-61.525001525878906,70980.80339813237,0.05241487511476848,2020,2020
TTO,Trinidad and Tobago,2020,10.674999237060547,-61.475006103515625,67612.7019944191,0.049927743298870314,2020,2020
TTO,Trinidad and Tobago,2020,10.674999237060547,-61.42500305175781,38420.310475587845,0.028370991578570304,2020,2020
TTO,Trinidad and Tobago,2020,10.674999237060547,-61.37500762939453,11671.826841235474,0.008618912677179657,2020,2020
TTO,Trinidad and Tobago,2020,10.674999237060547,-61.32500457763672,2109.7581840753555,0.0015579242055124458,2020,2020
TTO,Trinidad and Tobago,2020,10.674999237060547,-61.275001525878906,3602.958845865593,0.002660559318981509,2020,2020
TTO,Trinidad and Tobago,2020,10.674999237060547,-61.225006103515625,3027.666016817093,0.00223574161693515,2020,2020
TTO,Trinidad and Tobago,2020,10.674999237060547,-61.17500305175781,5855.455399155617,0.004323886865091667,2020,2020
TTO,Trinidad and Tobago,2020,10.674999237060547,-61.12500762939453,676.2843332290813,0.0004993935989911527,2020,2020
TTO,Trinidad and Tobago,2020,10.674999237060547,-61.07500457763672,2227.9419453146675,0.00164519550689807,2020,2020
TTO,Trinidad and Tobago,2020,10.724998474121094,-61.62500762939453,1018.3145275116631,0.0007519614632663157,2020,2020
TTO,Trinidad and Tobago,2020,10.724998474121094,-61.57500457763672,34870.8300639391,0.025749922731894206,2020,2020
TTO,Trinidad and Tobago,2020,10.724998474121094,-61.525001525878906,22104.698410035307,0.01632293452798686,2020,2020
TTO,Trinidad and Tobago,2020,10.724998474121094,-61.475006103515625,16489.32626724243,0.012176334102283836,2020,2020
TTO,Trinidad and Tobago,2020,10.724998474121094,-61.42500305175781,2525.4213414207575,0.001864865398610337,2020,2020
TTO,Trinidad and Tobago,2020,10.724998474121094,-61.37500762939453,791.0016347174248,0.0005841051370853099,2020,2020
TTO,Trinidad and Tobago,2020,10.724998474121094,-61.32500457763672,614.1811290979771,0.0004535342745974752,2020,2020
TTO,Trinidad and Tobago,2020,10.724998474121094,-61.275001525878906,674.2306141257286,0.0004978770561349207,2020,2020
TTO,Trinidad and Tobago,2020,10.724998474121094,-61.225006103515625,87.34131401778903,6.449608693387435e-05,2020,2020
TTO,Trinidad and Tobago,2020,10.724998474121094,-61.17500305175781,88.22019815444946,6.514508779126138e-05,2020,2020
TTO,Trinidad and Tobago,2020,10.724998474121094,-61.12500762939453,54.063804268836975,3.992273140507928e-05,2020,2020
TTO,Trinidad and Tobago,2020,10.724998474121094,-61.07500457763672,0.0,0.0,2020,2020
TTO,Trinidad and Tobago,2020,10.724998474121094,-61.025001525878906,455.5640594961826,0.00033640550884350305,2020,2020
TTO,Trinidad and Tobago,2020,10.77499771118164,-61.37500762939453,1160.0392305254936,0.0008566162748987103,2020,2020
TTO,Trinidad and Tobago,2020,10.77499771118164,-61.32500457763672,799.7394283115864,0.0005905574500782712,2020,2020
TTO,Trinidad and Tobago,2020,10.77499771118164,-61.275001525878906,163.9040883188233,0.00012103289775186105,2020,2020
TTO,Trinidad and Tobago,2020,10.77499771118164,-61.225006103515625,7.081316947937012,5.229108797097357e-06,2020,2020
TTO,Trinidad and Tobago,2020,10.77499771118164,-61.17500305175781,0.0,0.0,2020,2020
TTO,Trinidad and Tobago,2020,10.77499771118164,-61.12500762939453,0.0,0.0,2020,2020
TTO,Trinidad and Tobago,2020,10.77499771118164,-61.07500457763672,0.0,0.0,2020,2020
TTO,Trinidad and Tobago,2020,10.77499771118164,-61.025001525878906,0.0,0.0,2020,2020
TTO,Trinidad and Tobago,2020,10.77499771118164,-60.975006103515625,794.2307912115177,0.0005864896667927938,2020,2020
TTO,Trinidad and Tobago,2020,10.824996948242188,-61.07500457763672,199.00042140487767,0.00014694934033386006,2020,2020
TTO,Trinidad and Tobago,2020,10.824996948242188,-61.025001525878906,485.02068841474306,0.00035815738332438624,2020,2020
TTO,Trinidad and Tobago,2020,10.824996948242188,-60.975006103515625,453.9748767018318,0.0003352319969401054,2020,2020
TTO,Trinidad and Tobago,2020,10.824996948242188,-60.92500305175781,1748.6071918010712,0.0012912368301744343,2020,2020
TTO,Trinidad and Tobago,2020,11.174999237060547,-60.82500457763672,7588.459501266499,0.005603601791337674,2020,2020
TTO,Trinidad and Tobago,2020,11.174999237060547,-60.775001525878906,16027.641067504883,0.011835408514969094,2020,2020
TTO,Trinidad and Tobago,2020,11.224998474121094,-60.775001525878906,5200.453998863741,0.003840209378324864,2020,2020
TTO,Trinidad and Tobago,2020,11.224998474121094,-60.725006103515625,9833.50119209297,0.007261424388696643,2020,2020
TTO,Trinidad and Tobago,2020,11.224998474121094,-60.67500305175781,854.9445058107376,0.0006313229402431129,2020,2020
TTO,Trinidad and Tobago,2020,11.224998474121094,-60.62500762939453,4342.078816473484,0.003206353098419955,2020,2020
TTO,Trinidad and Tobago,2020,11.27499771118164,-60.67500305175781,1035.542848944664,0.0007646834989874779,2020,2020
TTO,Trinidad and Tobago,2020,11.27499771118164,-60.62500762939453,417.6484941542192,0.00030840723991496134,2020,2020
TTO,Trinidad and Tobago,2020,11.27499771118164,-60.57500457763672,3042.411979438366,0.0022466305862372557,2020,2020
TTO,Trinidad and Tobago,2020,11.324996948242188,-60.525001525878906,760.8163269162178,0.00056181517891413,2020,2020
TTO,Trinidad and Tobago,2021,10.074996948242188,-61.87500762939453,1364.359858157484,0.0010039520307177047,2021,2021
TTO,Trinidad and Tobago,2021,10.074996948242188,-61.62500762939453,4186.760749101639,0.0030807905488117885,2021,2021
TTO,Trinidad and Tobago,2021,10.074996948242188,-61.57500457763672,3026.059304118374,0.002226698744673252,2021,2021
TTO,Trinidad and Tobago,2021,10.074996948242188,-61.525001525878906,68.6053489596159,5.048263403111127e-05,2021,2021
TTO,Trinidad and Tobago,2021,10.074996948242188,-61.475006103515625,330.39252758040743,0.00024311639412072058,2021,2021
TTO,Trinidad and Tobago,2021,10.074996948242188,-61.37500762939453,191.1560101211071,0.00014066044482146278,2021,2021
TTO,Trinidad and Tobago,2021,10.074996948242188,-61.32500457763672,699.2294981482842,0.0005145217886663025,2021,2021
TTO,Trinidad and Tobago,2021,10.124996185302734,-61.775001525878906,1532.2516312601638,0.0011274936942600922,2021,2021
TTO,Trinidad and Tobago,2021,10.124996185302734,-61.725006103515625,2571.462138772011,0.0018921874758322471,2021,2021
TTO,Trinidad and Tobago,2021,10.124996185302734,-61.67500305175781,1712.8243417742449,0.0012603665124750992,2021,2021
TTO,Trinidad and Tobago,2021,10.124996185302734,-61.62500762939453,1162.2704524993896,0.0008552463443227895,2021,2021
TTO,Trinidad and Tobago,2021,10.124996185302734,-61.57500457763672,4993.209834754477,0.0036742089144803486,2021,2021
TTO,Trinidad and Tobago,2021,10.124996185302734,-61.525001525878906,9685.382012844086,0.007126901954740138,2021,2021
TTO,Trinidad and Tobago,2021,10.124996185302734,-61.475006103515625,6741.131107032299,0.004960401190180854,2021,2021
TTO,Trinidad and Tobago,2021,10.124996185302734,-61.42500305175781,9678.987797260284,0.007122196828243032,2021,2021
TTO,Trinidad and Tobago,2021,10.124996185302734,-61.37500762939453,1426.7782660722733,0.0010498820593722016,2021,2021
TTO,Trinidad and Tobago,2021,10.124996185302734,-61.32500457763672,967.3379273414803,0.0007118069846002728,2021,2021
TTO,Trinidad and Tobago,2021,10.124996185302734,-61.275001525878906,3183.6384213753045,0.0023426519324066144,2021,2021
TTO,Trinidad and Tobago,2021,10.124996185302734,-61.225006103515625,140.91036570072174,0.00010368763559597841,2021,2021
TTO,Trinidad and Tobago,2021,10.124996185302734,-61.17500305175781,55.97701454182614,4.1190186802090774e-05,2021,2021
TTO,Trinidad and Tobago,2021,10.124996185302734,-61.12500762939453,99.51548248598166,7.322758004957464e-05,2021,2021
TTO,Trinidad and Tobago,2021,10.124996185302734,-61.07500457763672,808.8062973022461,0.0005951528988330368,2021,2021
TTO,Trinidad and Tobago,2021,10.174999237060547,-61.67500305175781,20596.00971553102,0.015155390020425397,2021,2021
TTO,Trinidad and Tobago,2021,10.174999237060547,-61.62500762939453,4503.279967308044,0.003313698391987882,2021,2021
TTO,Trinidad and Tobago,2021,10.174999237060547,-61.57500457763672,6069.627321243286,0.004466281119624153,2021,2021
TTO,Trinidad and Tobago,2021,10.174999237060547,-61.525001525878906,16097.697556257248,0.01184534714566371,2021,2021
TTO,Trinidad and Tobago,2021,10.174999237060547,-61.475006103515625,20636.91383934021,0.015185488955041095,2021,2021
TTO,Trinidad and Tobago,2021,10.174999237060547,-61.42500305175781,16820.8202085495,0.012377450498665598,2021,2021
TTO,Trinidad and Tobago,2021,10.174999237060547,-61.37500762939453,11728.917417168617,0.00863061925245202,2021,2021
TTO,Trinidad and Tobago,2021,10.174999237060547,-61.32500457763672,5035.784543037415,0.003705537133778439,2021,2021
TTO,Trinidad and Tobago,2021,10.174999237060547,-61.275001525878906,281.6100194454193,0.00020722022067879334,2021,2021
TTO,Trinidad and Tobago,2021,10.174999237060547,-61.225006103515625,22.6974738240242,1.6701733638341027e-05,2021,2021
TTO,Trinidad and Tobago,2021,10.174999237060547,-61.17500305175781,8.7455741170073,6.4353526982382166e-06,2021,2021
TTO,Trinidad and Tobago,2021,10.174999237060547,-61.12500762939453,4.152947962284088,3.0559097112624134e-06,2021,2021
TTO,Trinidad and Tobago,2021,10.174999237060547,-61.07500457763672,71.38468605281557,5.252778443778996e-05,2021,2021
TTO,Trinidad and Tobago,2021,10.174999237060547,-61.025001525878906,2515.04588305965,0.0018506740773331129,2021,2021
TTO,Trinidad and Tobago,2021,10.224998474121094,-61.62500762939453,10825.943734884262,0.007966174123409398,2021,2021
TTO,Trinidad and Tobago,2021,10.224998474121094,-61.57500457763672,9520.778449058533,0.00700577989069096,2021,2021
TTO,Trinidad and Tobago,2021,10.224998474121094,-61.525001525878906,8088.142569303742,0.0059515875585439025,2021,2021
TTO,Trinidad and Tobago,2021,10.224998474121094,-61.475006103515625,21135.380081176758,0.015552280892478952,2021,2021
TTO,Trinidad and Tobago,2021,10.224998474121094,-61.42500305175781,12220.08706176281,0.008992042053899111,2021,2021
TTO,Trinidad and Tobago,2021,10.224998474121094,-61.37500762939453,10355.869020462036,0.007620273838149933,2021,2021
TTO,Trinidad and Tobago,2021,10.224998474121094,-61.32500457763672,8295.294765472412,0.0061040186541729,2021,2021
TTO,Trinidad and Tobago,2021,10.224998474121094,-61.275001525878906,558.9160388708115,0.0004112733813371089,2021,2021
TTO,Trinidad and Tobago,2021,10.224998474121094,-61.225006103515625,49.262502789497375,3.624937322660792e-05,2021,2021
TTO,Trinidad and Tobago,2021,10.224998474121094,-61.17500305175781,107.9437696340879,7.94294599621369e-05,2021,2021
TTO,Trinidad and Tobago,2021,10.224998474121094,-61.12500762939453,9.990136921793747,7.351153135894345e-06,2021,2021
TTO,Trinidad and Tobago,2021,10.224998474121094,-61.07500457763672,41.726255416889174,3.0703892825316575e-05,2021,2021
TTO,Trinidad and Tobago,2021,10.224998474121094,-61.025001525878906,1459.7274357676506,0.0010741274119662077,2021,2021
TTO,Trinidad and Tobago,2021,10.27499771118164,-61.42500305175781,36180.509023189545,0.02662310481289363,2021,2021
TTO,Trinidad and Tobago,2021,10.27499771118164,-61.37500762939453,23258.397129058838,0.01711448404857877,2021,2021
TTO,Trinidad and Tobago,2021,10.27499771118164,-61.32500457763672,13373.633411884308,0.00984086884531135,2021,2021
TTO,Trinidad and Tobago,2021,10.27499771118164,-61.275001525878906,3725.496842384534,0.002741373617804451,2021,2021
TTO,Trinidad and Tobago,2021,10.27499771118164,-61.225006103515625,2436.7093760967255,0.0017930308574930275,2021,2021
TTO,Trinidad and Tobago,2021,10.27499771118164,-61.17500305175781,1334.7068217992783,0.0009821321084363718,2021,2021
TTO,Trinidad and Tobago,2021,10.27499771118164,-61.12500762939453,47.98288142683557,3.5307775261882556e-05,2021,2021
TTO,Trinidad and Tobago,2021,10.27499771118164,-61.07500457763672,116.01465666295896,8.536835018518316e-05,2021,2021
TTO,Trinidad and Tobago,2021,10.27499771118164,-61.025001525878906,6140.349711120179,0.00451832155932897,2021,2021
TTO,Trinidad and Tobago,2021,10.324996948242188,-61.42500305175781,29402.27788925171,0.021635403898868807,2021,2021
TTO,Trinidad and Tobago,2021,10.324996948242188,-61.37500762939453,11800.55692434311,0.00868333454473904,2021,2021
TTO,Trinidad and Tobago,2021,10.324996948242188,-61.32500457763672,4911.92788089253,0.003614398313814769,2021,2021
TTO,Trinidad and Tobago,2021,10.324996948242188,-61.275001525878906,3206.320505619286,0.0023593423417597654,2021,2021
TTO,Trinidad and Tobago,2021,10.324996948242188,-61.225006103515625,4386.874136090299,0.0032280421994960707,2021,2021
TTO,Trinidad and Tobago,2021,10.324996948242188,-61.17500305175781,8938.038048744202,0.0065769755655132175,2021,2021
TTO,Trinidad and Tobago,2021,10.324996948242188,-61.12500762939453,2403.4725183248765,0.0017685738121942997,2021,2021
TTO,Trinidad and Tobago,2021,10.324996948242188,-61.07500457763672,1094.3713858481628,0.000805283421827845,2021,2021
TTO,Trinidad and Tobago,2021,10.324996948242188,-61.025001525878906,2653.543971300125,0.0019525866600789293,2021,2021
TTO,Trinidad and Tobago,2021,10.324996948242188,-60.975006103515625,770.3424296379089,0.0005668496049329821,2021,2021
TTO,Trinidad and Tobago,2021,10.374996185302734,-61.475006103515625,11514.235463619232,0.008472647452024373,2021,2021
TTO,Trinidad and Tobago,2021,10.374996185302734,-61.42500305175781,11436.209951400757,0.00841523307489273,2021,2021
TTO,Trinidad and Tobago,2021,10.374996185302734,-61.37500762939453,3610.9713864326477,0.002657101082677948,2021,2021
TTO,Trinidad and Tobago,2021,10.374996185302734,-61.32500457763672,2315.18893802166,0.0017036111271706148,2021,2021
TTO,Trinidad and Tobago,2021,10.374996185302734,-61.275001525878906,1302.552618012033,0.0009584717244142926,2021,2021
TTO,Trinidad and Tobago,2021,10.374996185302734,-61.225006103515625,36.451759070158005,2.6822701740242414e-05,2021,2021
TTO,Trinidad and Tobago,2021,10.374996185302734,-61.17500305175781,1363.8416517229875,0.0010035707131355923,2021,2021
TTO,Trinidad and Tobago,2021,10.374996185302734,-61.12500762939453,239.2050228714943,0.00017601688222784978,2021,2021
TTO,Trinidad and Tobago,2021,10.374996185302734,-61.07500457763672,1.9476710557937622,1.4331763720129481e-06,2021,2021
TTO,Trinidad and Tobago,2021,10.374996185302734,-61.025001525878906,720.1578359603882,0.0005299217193520254,2021,2021
TTO,Trinidad and Tobago,2021,10.424999237060547,-61.475006103515625,20988.868040561676,0.015444471314367538,2021,2021
TTO,Trinidad and Tobago,2021,10.424999237060547,-61.42500305175781,22152.12538909912,0.016300443857336228,2021,2021
TTO,Trinidad and Tobago,2021,10.424999237060547,-61.37500762939453,6205.128034457564,0.004565988110695324,2021,2021
TTO,Trinidad and Tobago,2021,10.424999237060547,-61.32500457763672,2147.0672928094864,0.0015799003142870534,2021,2021
TTO,Trinidad and Tobago,2021,10.424999237060547,-61.275001525878906,752.5720245838438,0.0005537734108966096,2021,2021
TTO,Trinidad and Tobago,2021,10.424999237060547,-61.225006103515625,2.2066540718078613,1.6237467140632336e-06,2021,2021
TTO,Trinidad and Tobago,2021,10.424999237060547,-61.17500305175781,340.0711210375221,0.0002502383007772852,2021,2021
TTO,Trinidad and Tobago,2021,10.424999237060547,-61.12500762939453,2928.259726763038,0.0021547337981071613,2021,2021
TTO,Trinidad and Tobago,2021,10.424999237060547,-61.07500457763672,244.35785639335433,0.0001798085488085478,2021,2021
TTO,Trinidad and Tobago,2021,10.474998474121094,-61.42500305175781,29567.86410331726,0.02175724903736069,2021,2021
TTO,Trinidad and Tobago,2021,10.474998474121094,-61.37500762939453,10509.935005664825,0.007733641919000498,2021,2021
TTO,Trinidad and Tobago,2021,10.474998474121094,-61.32500457763672,5212.839144231359,0.0038358211826338665,2021,2021
TTO,Trinidad and Tobago,2021,10.474998474121094,-61.275001525878906,1010.7173658013403,0.0007437273574203761,2021,2021
TTO,Trinidad and Tobago,2021,10.474998474121094,-61.225006103515625,774.9666433334351,0.0005702522913300778,2021,2021
TTO,Trinidad and Tobago,2021,10.474998474121094,-61.17500305175781,1088.9048309326172,0.0008012609061581862,2021,2021
TTO,Trinidad and Tobago,2021,10.474998474121094,-61.12500762939453,430.0602166040631,0.0003164559739932691,2021,2021
TTO,Trinidad and Tobago,2021,10.474998474121094,-61.07500457763672,1333.1152453422546,0.0009809609610982868,2021,2021
TTO,Trinidad and Tobago,2021,10.52499771118164,-61.42500305175781,32153.81460762024,0.023660097647723997,2021,2021
TTO,Trinidad and Tobago,2021,10.52499771118164,-61.37500762939453,51727.52335739136,0.03806323662203216,2021,2021
TTO,Trinidad and Tobago,2021,10.52499771118164,-61.32500457763672,5697.437044978142,0.004192408224994734,2021,2021
TTO,Trinidad and Tobago,2021,10.52499771118164,-61.275001525878906,2836.566808283329,0.002087262381999644,2021,2021
TTO,Trinidad and Tobago,2021,10.52499771118164,-61.225006103515625,851.0576405080212,0.0006262431728237075,2021,2021
TTO,Trinidad and Tobago,2021,10.52499771118164,-61.17500305175781,2996.4631271362305,0.0022049206618565747,2021,2021
TTO,Trinidad and Tobago,2021,10.52499771118164,-61.12500762939453,1825.0854013564365,0.0013429728117327349,2021,2021
TTO,Trinidad and Tobago,2021,10.52499771118164,-61.07500457763672,2559.3148036003113,0.0018832489676076606,2021,2021
TTO,Trinidad and Tobago,2021,10.52499771118164,-61.025001525878906,1078.3779842853546,0.0007935148199585779,2021,2021
TTO,Trinidad and Tobago,2021,10.574996948242188,-61.42500305175781,17581.743802189856,0.012937369337151443,2021,2021
TTO,Trinidad and Tobago,2021,10.574996948242188,-61.37500762939453,27241.1861431614,0.020045183815741587,2021,2021
TTO,Trinidad and Tobago,2021,10.574996948242188,-61.32500457763672,16379.633738040924,0.012052807369989545,2021,2021
TTO,Trinidad and Tobago,2021,10.574996948242188,-61.275001525878906,14546.15023136139,0.01070365488737094,2021,2021
TTO,Trinidad and Tobago,2021,10.574996948242188,-61.225006103515625,2756.6478617191315,0.002028454738095271,2021,2021
TTO,Trinidad and Tobago,2021,10.574996948242188,-61.17500305175781,4802.388990163803,0.003533795098224578,2021,2021
TTO,Trinidad and Tobago,2021,10.574996948242188,-61.12500762939453,25545.14679336548,0.01879716838988155,2021,2021
TTO,Trinidad and Tobago,2021,10.574996948242188,-61.07500457763672,3712.5627368688583,0.0027318561716407124,2021,2021
TTO,Trinidad and Tobago,2021,10.574996948242188,-61.025001525878906,735.199002739273,0.0005409896277500472,2021,2021
TTO,Trinidad and Tobago,2021,10.624996185302734,-61.475006103515625,30414.532360792193,0.022380262321835428,2021,2021
TTO,Trinidad and Tobago,2021,10.624996185302734,-61.42500305175781,49084.08882021904,0.036118088898873975,2021,2021
TTO,Trinidad and Tobago,2021,10.624996185302734,-61.37500762939453,46480.255683898926,0.03420208151326465,2021,2021
TTO,Trinidad and Tobago,2021,10.624996185302734,-61.32500457763672,49746.05316543579,0.0366051894571831,2021,2021
TTO,Trinidad and Tobago,2021,10.624996185302734,-61.275001525878906,64651.637351989746,0.047573330614116234,2021,2021
TTO,Trinidad and Tobago,2021,10.624996185302734,-61.225006103515625,10908.742965698242,0.008027101198785113,2021,2021
TTO,Trinidad and Tobago,2021,10.624996185302734,-61.17500305175781,5854.380576968193,0.004307893722979264,2021,2021
TTO,Trinidad and Tobago,2021,10.624996185302734,-61.12500762939453,5533.885900974274,0.004072060574653694,2021,2021
TTO,Trinidad and Tobago,2021,10.624996185302734,-61.07500457763672,2926.2462418079376,0.002153252193164443,2021,2021
TTO,Trinidad and Tobago,2021,10.674999237060547,-61.525001525878906,71386.90585327153,0.05252941785815352,2021,2021
TTO,Trinidad and Tobago,2021,10.674999237060547,-61.475006103515625,67800.2306189537,0.04989019488227304,2021,2021
TTO,Trinidad and Tobago,2021,10.674999237060547,-61.42500305175781,38543.638719797134,0.028361992719609406,2021,2021
TTO,Trinidad and Tobago,2021,10.674999237060547,-61.37500762939453,11713.948645115212,0.008619604615066938,2021,2021
TTO,Trinidad and Tobago,2021,10.674999237060547,-61.32500457763672,2117.383830189705,0.0015580580031125605,2021,2021
TTO,Trinidad and Tobago,2021,10.674999237060547,-61.275001525878906,3618.880654834211,0.0026629210472758247,2021,2021
TTO,Trinidad and Tobago,2021,10.674999237060547,-61.225006103515625,3037.19533932209,0.0022348930968378,2021,2021
TTO,Trinidad and Tobago,2021,10.674999237060547,-61.17500305175781,5872.9214605093,0.004321536866737197,2021,2021
TTO,Trinidad and Tobago,2021,10.674999237060547,-61.12500762939453,677.9177280068562,0.0004988397127214928,2021,2021
TTO,Trinidad and Tobago,2021,10.674999237060547,-61.07500457763672,2234.7072205546124,0.0016443893733176338,2021,2021
TTO,Trinidad and Tobago,2021,10.724998474121094,-61.62500762939453,1023.8647704125117,0.0007534017578207793,2021,2021
TTO,Trinidad and Tobago,2021,10.724998474121094,-61.57500457763672,35057.14583063126,0.025796488028722434,2021,2021
TTO,Trinidad and Tobago,2021,10.724998474121094,-61.525001525878906,22229.57910299414,0.016357437481772336,2021,2021
TTO,Trinidad and Tobago,2021,10.724998474121094,-61.475006103515625,16536.20082592964,0.012168015864940217,2021,2021
TTO,Trinidad and Tobago,2021,10.724998474121094,-61.42500305175781,2534.279734493842,0.0018648271353334832,2021,2021
TTO,Trinidad and Tobago,2021,10.724998474121094,-61.37500762939453,793.9804661278338,0.0005842434432186435,2021,2021
TTO,Trinidad and Tobago,2021,10.724998474121094,-61.32500457763672,616.542813301127,0.00045367752923629784,2021,2021
TTO,Trinidad and Tobago,2021,10.724998474121094,-61.275001525878906,676.6466460824013,0.000497904398426195,2021,2021
TTO,Trinidad and Tobago,2021,10.724998474121094,-61.225006103515625,87.6518468260929,6.449782957998446e-05,2021,2021
TTO,Trinidad and Tobago,2021,10.724998474121094,-61.17500305175781,88.41969394683838,6.50628430341286e-05,2021,2021
TTO,Trinidad and Tobago,2021,10.724998474121094,-61.12500762939453,54.16394770145416,3.985605774124569e-05,2021,2021
TTO,Trinidad and Tobago,2021,10.724998474121094,-61.07500457763672,0.0,0.0,2021,2021
TTO,Trinidad and Tobago,2021,10.724998474121094,-61.025001525878906,456.9107856753059,0.00033621372572117773,2021,2021
TTO,Trinidad and Tobago,2021,10.77499771118164,-61.37500762939453,1163.1309930086136,0.0008558795653799649,2021,2021
TTO,Trinidad and Tobago,2021,10.77499771118164,-61.32500457763672,802.7501837462187,0.0005906965616969959,2021,2021
TTO,Trinidad and Tobago,2021,10.77499771118164,-61.275001525878906,164.5450640921592,0.00012107901757164576,2021,2021
TTO,Trinidad and Tobago,2021,10.77499771118164,-61.225006103515625,7.1037492752075195,5.227230534461244e-06,2021,2021
TTO,Trinidad and Tobago,2021,10.77499771118164,-61.17500305175781,0.0,0.0,2021,2021
TTO,Trinidad and Tobago,2021,10.77499771118164,-61.12500762939453,0.0,0.0,2021,2021
TTO,Trinidad and Tobago,2021,10.77499771118164,-61.07500457763672,0.0,0.0,2021,2021
TTO,Trinidad and Tobago,2021,10.77499771118164,-61.025001525878906,0.0,0.0,2021,2021
TTO,Trinidad and Tobago,2021,10.77499771118164,-60.975006103515625,796.4059897069059,0.0005860282431071799,2021,2021
TTO,Trinidad and Tobago,2021,10.824996948242188,-61.07500457763672,199.50143289569957,0.0001468013497239748,2021,2021
TTO,Trinidad and Tobago,2021,10.824996948242188,-61.025001525878906,486.3521161081104,0.0003578778660858478,2021,2021
TTO,Trinidad and Tobago,2021,10.824996948242188,-60.975006103515625,455.3727597594261,0.0003350819830710904,2021,2021
TTO,Trinidad and Tobago,2021,10.824996948242188,-60.92500305175781,1753.2126425504684,0.001290085883313439,2021,2021
TTO,Trinidad and Tobago,2021,11.174999237060547,-60.82500457763672,7614.8972297758055,0.005603354197084275,2021,2021
TTO,Trinidad and Tobago,2021,11.174999237060547,-60.775001525878906,16084.060836791992,0.011835312687292909,2021,2021
TTO,Trinidad and Tobago,2021,11.224998474121094,-60.775001525878906,5219.314734399362,0.003840586187892847,2021,2021
TTO,Trinidad and Tobago,2021,11.224998474121094,-60.725006103515625,9867.239808806684,0.007260720391618704,2021,2021
TTO,Trinidad and Tobago,2021,11.224998474121094,-60.67500305175781,857.8826233148575,0.0006312652755391816,2021,2021
TTO,Trinidad and Tobago,2021,11.224998474121094,-60.62500762939453,4357.229495078325,0.0032062284548553715,2021,2021
TTO,Trinidad and Tobago,2021,11.27499771118164,-60.67500305175781,1038.9723448753357,0.0007645185317206314,2021,2021
TTO,Trinidad and Tobago,2021,11.27499771118164,-60.62500762939453,419.18550691009,0.0003084539158738858,2021,2021
TTO,Trinidad and Tobago,2021,11.27499771118164,-60.57500457763672,3053.0439628079594,0.0022465551650506584,2021,2021
TTO,Trinidad and Tobago,2021,11.324996948242188,-60.525001525878906,763.5084731578827,0.0005618208990201415,2021,2021
TTO,Trinidad and Tobago,2022,10.074996948242188,-61.87500762939453,1370.8407865785148,0.001003402625155552,2022,2022
TTO,Trinidad and Tobago,2022,10.074996948242188,-61.62500762939453,4208.528347492218,0.003080480558544707,2022,2022
TTO,Trinidad and Tobago,2022,10.074996948242188,-61.57500457763672,3041.7673066260604,0.0022264564422530128,2022,2022
TTO,Trinidad and Tobago,2022,10.074996948242188,-61.525001525878906,68.93864890565612,5.046043418306943e-05,2022,2022
TTO,Trinidad and Tobago,2022,10.074996948242188,-61.475006103515625,331.83774662032823,0.00024289244188276096,2022,2022
TTO,Trinidad and Tobago,2022,10.074996948242188,-61.37500762939453,192.02523550391197,0.00014055507195817062,2022,2022
TTO,Trinidad and Tobago,2022,10.074996948242188,-61.32500457763672,702.3850269320837,0.0005141187706069468,2022,2022
TTO,Trinidad and Tobago,2022,10.124996185302734,-61.775001525878906,1540.8611540796837,0.001127850981777901,2022,2022
TTO,Trinidad and Tobago,2022,10.124996185302734,-61.725006103515625,2584.5022382736206,0.0018917560346863958,2022,2022
TTO,Trinidad and Tobago,2022,10.124996185302734,-61.67500305175781,1721.2834937575071,0.001259913181153573,2022,2022
TTO,Trinidad and Tobago,2022,10.124996185302734,-61.62500762939453,1167.508395075798,0.0008545711507709831,2022,2022
TTO,Trinidad and Tobago,2022,10.124996185302734,-61.57500457763672,5016.3717557788,0.0036717908000589855,2022,2022
TTO,Trinidad and Tobago,2022,10.124996185302734,-61.525001525878906,9733.093290567398,0.007124249186526417,2022,2022
TTO,Trinidad and Tobago,2022,10.124996185302734,-61.475006103515625,6776.825040817261,0.004960374758871721,2022,2022
TTO,Trinidad and Tobago,2022,10.124996185302734,-61.42500305175781,9727.626593589783,0.007120247775018987,2022,2022
TTO,Trinidad and Tobago,2022,10.124996185302734,-61.37500762939453,1433.4564930200577,0.001049234909133787,2022,2022
TTO,Trinidad and Tobago,2022,10.124996185302734,-61.32500457763672,971.1425118446541,0.0007108388919600266,2022,2022
TTO,Trinidad and Tobago,2022,10.124996185302734,-61.275001525878906,3196.9363568127155,0.0023400342069537466,2022,2022
TTO,Trinidad and Tobago,2022,10.124996185302734,-61.225006103515625,141.40321493148804,0.0001035017038133359,2022,2022
TTO,Trinidad and Tobago,2022,10.124996185302734,-61.17500305175781,56.179757476053226,4.1121417369533026e-05,2022,2022
TTO,Trinidad and Tobago,2022,10.124996185302734,-61.12500762939453,99.79884314605924,7.304890705081716e-05,2022,2022
TTO,Trinidad and Tobago,2022,10.124996185302734,-61.07500457763672,812.2296800613403,0.0005945208234115555,2022,2022
TTO,Trinidad and Tobago,2022,10.174999237060547,-61.67500305175781,20695.041482036933,0.015147972801865247,2022,2022
TTO,Trinidad and Tobago,2022,10.174999237060547,-61.62500762939453,4525.449253559113,0.003312454448020153,2022,2022
TTO,Trinidad and Tobago,2022,10.174999237060547,-61.57500457763672,6100.492105484009,0.004465325115297612,2022,2022
TTO,Trinidad and Tobago,2022,10.174999237060547,-61.525001525878906,16179.055520534515,0.011842445118926253,2022,2022
TTO,Trinidad and Tobago,2022,10.174999237060547,-61.475006103515625,20741.279039382935,0.015181816911900486,2022,2022
TTO,Trinidad and Tobago,2022,10.174999237060547,-61.42500305175781,16904.680002212524,0.012373574274785484,2022,2022
TTO,Trinidad and Tobago,2022,10.174999237060547,-61.37500762939453,11787.836230516434,0.008628241831150442,2022,2022
TTO,Trinidad and Tobago,2022,10.174999237060547,-61.32500457763672,5058.446396827698,0.003702587815798729,2022,2022
TTO,Trinidad and Tobago,2022,10.174999237060547,-61.275001525878906,282.6185929775238,0.00020686591826553724,2022,2022
TTO,Trinidad and Tobago,2022,10.174999237060547,-61.225006103515625,22.778213441371918,1.667277439305823e-05,2022,2022
TTO,Trinidad and Tobago,2022,10.174999237060547,-61.17500305175781,8.773502111736114,6.421865425157151e-06,2022,2022
TTO,Trinidad and Tobago,2022,10.174999237060547,-61.12500762939453,4.160757064819336,3.0455138206781922e-06,2022,2022
TTO,Trinidad and Tobago,2022,10.174999237060547,-61.07500457763672,71.63140296937675,5.2431426382082765e-05,2022,2022
TTO,Trinidad and Tobago,2022,10.174999237060547,-61.025001525878906,2524.505216241031,0.0018478405267744434,2022,2022
TTO,Trinidad and Tobago,2022,10.224998474121094,-61.62500762939453,10883.475206136703,0.007966284414333377,2022,2022
TTO,Trinidad and Tobago,2022,10.224998474121094,-61.57500457763672,9570.015585899353,0.007004882591535711,2022,2022
TTO,Trinidad and Tobago,2022,10.224998474121094,-61.525001525878906,8129.7479797604,0.005950662210091322,2022,2022
TTO,Trinidad and Tobago,2022,10.224998474121094,-61.475006103515625,21240.11587715149,0.015546946252551742,2022,2022
TTO,Trinidad and Tobago,2022,10.224998474121094,-61.42500305175781,12279.752115130424,0.008988305300818095,2022,2022
TTO,Trinidad and Tobago,2022,10.224998474121094,-61.37500762939453,10408.177612304688,0.007618384893068406,2022,2022
TTO,Trinidad and Tobago,2022,10.224998474121094,-61.32500457763672,8333.454432487488,0.006099767482876243,2022,2022
TTO,Trinidad and Tobago,2022,10.224998474121094,-61.275001525878906,561.266983807087,0.00041082580156577054,2022,2022
TTO,Trinidad and Tobago,2022,10.224998474121094,-61.225006103515625,49.42764103412628,3.6179128352808166e-05,2022,2022
TTO,Trinidad and Tobago,2022,10.224998474121094,-61.17500305175781,108.36462742122016,7.931873102480668e-05,2022,2022
TTO,Trinidad and Tobago,2022,10.224998474121094,-61.12500762939453,10.011167884261496,7.327789072436968e-06,2022,2022
TTO,Trinidad and Tobago,2022,10.224998474121094,-61.07500457763672,41.85832208396917,3.063867859409922e-05,2022,2022
TTO,Trinidad and Tobago,2022,10.224998474121094,-61.025001525878906,1465.7283443808556,0.0010728566606100294,2022,2022
TTO,Trinidad and Tobago,2022,10.27499771118164,-61.42500305175781,36387.919157505035,0.026634554474935263,2022,2022
TTO,Trinidad and Tobago,2022,10.27499771118164,-61.37500762939453,23357.751499176025,0.017096973916643738,2022,2022
TTO,Trinidad and Tobago,2022,10.27499771118164,-61.32500457763672,13432.504314899445,0.009832075485311231,2022,2022
TTO,Trinidad and Tobago,2022,10.27499771118164,-61.275001525878906,3742.4819760324563,0.002739352575524805,2022,2022
TTO,Trinidad and Tobago,2022,10.27499771118164,-61.225006103515625,2446.3527851104736,0.0017906359590912665,2022,2022
TTO,Trinidad and Tobago,2022,10.27499771118164,-61.17500305175781,1339.7100209593773,0.000980616104466079,2022,2022
TTO,Trinidad and Tobago,2022,10.27499771118164,-61.12500762939453,48.133047640348074,3.523153588069603e-05,2022,2022
TTO,Trinidad and Tobago,2022,10.27499771118164,-61.07500457763672,116.5504521131696,8.531043922708868e-05,2022,2022
TTO,Trinidad and Tobago,2022,10.27499771118164,-61.025001525878906,6164.004659771969,0.004511813857335944,2022,2022
TTO,Trinidad and Tobago,2022,10.324996948242188,-61.42500305175781,29556.925830841064,0.021634530618406894,2022,2022
TTO,Trinidad and Tobago,2022,10.324996948242188,-61.37500762939453,11854.052324533463,0.008676709460079155,2022,2022
TTO,Trinidad and Tobago,2022,10.324996948242188,-61.32500457763672,4936.750039424747,0.003613510772216765,2022,2022
TTO,Trinidad and Tobago,2022,10.324996948242188,-61.275001525878906,3221.691906333207,0.0023581543151524726,2022,2022
TTO,Trinidad and Tobago,2022,10.324996948242188,-61.225006103515625,4407.011452674886,0.003225762542228891,2022,2022
TTO,Trinidad and Tobago,2022,10.324996948242188,-61.17500305175781,8974.230747103691,0.00656879105039655,2022,2022
TTO,Trinidad and Tobago,2022,10.324996948242188,-61.12500762939453,2413.0531122684724,0.0017662618819018357,2022,2022
TTO,Trinidad and Tobago,2022,10.324996948242188,-61.07500457763672,1099.117550486712,0.0008045116882358976,2022,2022
TTO,Trinidad and Tobago,2022,10.324996948242188,-61.025001525878906,2663.9363771677017,0.0019498987630569356,2022,2022
TTO,Trinidad and Tobago,2022,10.324996948242188,-60.975006103515625,773.8679485321045,0.0005664415143489613,2022,2022
TTO,Trinidad and Tobago,2022,10.374996185302734,-61.475006103515625,11569.184567689896,0.00846819724054385,2022,2022
TTO,Trinidad and Tobago,2022,10.374996185302734,-61.42500305175781,11491.688899993896,0.008411473398383867,2022,2022
TTO,Trinidad and Tobago,2022,10.374996185302734,-61.37500762939453,3629.1224665641785,0.002656377783338535,2022,2022
TTO,Trinidad and Tobago,2022,10.374996185302734,-61.32500457763672,2326.296781182289,0.0017027595910355034,2022,2022
TTO,Trinidad and Tobago,2022,10.374996185302734,-61.275001525878906,1308.5994673522341,0.0009578443781904383,2022,2022
TTO,Trinidad and Tobago,2022,10.374996185302734,-61.225006103515625,36.56298425793648,2.6762695381644393e-05,2022,2022
TTO,Trinidad and Tobago,2022,10.374996185302734,-61.17500305175781,1369.0840480180586,0.0010021167602319724,2022,2022
TTO,Trinidad and Tobago,2022,10.374996185302734,-61.12500762939453,240.07815688848495,0.00017572795850761262,2022,2022
TTO,Trinidad and Tobago,2022,10.374996185302734,-61.07500457763672,1.9512429237365723,1.4282346215275332e-06,2022,2022
TTO,Trinidad and Tobago,2022,10.374996185302734,-61.025001525878906,722.7666472792625,0.0005290373312169843,2022,2022
TTO,Trinidad and Tobago,2022,10.424999237060547,-61.475006103515625,21088.866582870483,0.015436237598111082,2022,2022
TTO,Trinidad and Tobago,2022,10.424999237060547,-61.42500305175781,22257.891342163086,0.01629191866904984,2022,2022
TTO,Trinidad and Tobago,2022,10.424999237060547,-61.37500762939453,6234.8823764026165,0.004563693614364278,2022,2022
TTO,Trinidad and Tobago,2022,10.424999237060547,-61.32500457763672,2157.8698558807373,0.0015794775726938528,2022,2022
TTO,Trinidad and Tobago,2022,10.424999237060547,-61.275001525878906,756.0598341822897,0.0005534066609490469,2022,2022
TTO,Trinidad and Tobago,2022,10.424999237060547,-61.225006103515625,2.214384973049164,1.620844460433828e-06,2022,2022
TTO,Trinidad and Tobago,2022,10.424999237060547,-61.17500305175781,341.26196301035145,0.0002497906050818479,2022,2022
TTO,Trinidad and Tobago,2022,10.424999237060547,-61.12500762939453,2938.7548150422863,0.002151055268396086,2022,2022
TTO,Trinidad and Tobago,2022,10.424999237060547,-61.07500457763672,245.0694353585424,0.00017938138198958978,2022,2022
TTO,Trinidad and Tobago,2022,10.474998474121094,-61.42500305175781,29703.474924087524,0.021741798906830586,2022,2022
TTO,Trinidad and Tobago,2022,10.474998474121094,-61.37500762939453,10560.78946518898,0.00773009088789524,2022,2022
TTO,Trinidad and Tobago,2022,10.474998474121094,-61.32500457763672,5238.310030461833,0.0038342410638823065,2022,2022
TTO,Trinidad and Tobago,2022,10.474998474121094,-61.275001525878906,1015.4270676970541,0.0007432534801683711,2022,2022
TTO,Trinidad and Tobago,2022,10.474998474121094,-61.225006103515625,778.5677853822708,0.0005698816137970015,2022,2022
TTO,Trinidad and Tobago,2022,10.474998474121094,-61.17500305175781,1093.683965921402,0.0008005345137381614,2022,2022
TTO,Trinidad and Tobago,2022,10.474998474121094,-61.12500762939453,431.82918950382873,0.0003160823245188138,2022,2022
TTO,Trinidad and Tobago,2022,10.474998474121094,-61.07500457763672,1338.7821323871613,0.0009799369257909702,2022,2022
TTO,Trinidad and Tobago,2022,10.52499771118164,-61.42500305175781,32306.962154388428,0.023647451224021294,2022,2022
TTO,Trinidad and Tobago,2022,10.52499771118164,-61.37500762939453,51973.28653335571,0.03804244275200804,2022,2022
TTO,Trinidad and Tobago,2022,10.52499771118164,-61.32500457763672,5725.2493015527725,0.00419066184424402,2022,2022
TTO,Trinidad and Tobago,2022,10.52499771118164,-61.275001525878906,2850.6328436136246,0.0020865533814292602,2022,2022
TTO,Trinidad and Tobago,2022,10.52499771118164,-61.225006103515625,855.166311636772,0.0006259487829966034,2022,2022
TTO,Trinidad and Tobago,2022,10.52499771118164,-61.17500305175781,3009.542065143585,0.002202868807411412,2022,2022
TTO,Trinidad and Tobago,2022,10.52499771118164,-61.12500762939453,1833.181592941501,0.0013418182773328113,2022,2022
TTO,Trinidad and Tobago,2022,10.52499771118164,-61.07500457763672,2570.7542147636414,0.0018816930113100313,2022,2022
TTO,Trinidad and Tobago,2022,10.52499771118164,-61.025001525878906,1083.4239871501923,0.0007930246046853624,2022,2022
TTO,Trinidad and Tobago,2022,10.574996948242188,-61.42500305175781,17674.43998813632,0.012937008918821297,2022,2022
TTO,Trinidad and Tobago,2022,10.574996948242188,-61.37500762939453,27386.58113694346,0.020045921945050536,2022,2022
TTO,Trinidad and Tobago,2022,10.574996948242188,-61.32500457763672,16476.880449295044,0.01206044148895034,2022,2022
TTO,Trinidad and Tobago,2022,10.574996948242188,-61.275001525878906,14626.844772100449,0.010706286671481196,2022,2022
TTO,Trinidad and Tobago,2022,10.574996948242188,-61.225006103515625,2768.6485142707825,0.0020265440119316205,2022,2022
TTO,Trinidad and Tobago,2022,10.574996948242188,-61.17500305175781,4822.990124344826,0.0035302428985539407,2022,2022
TTO,Trinidad and Tobago,2022,10.574996948242188,-61.12500762939453,25653.301778793335,0.01877722825346832,2022,2022
TTO,Trinidad and Tobago,2022,10.574996948242188,-61.07500457763672,3731.9878095388412,0.0027316712500845297,2022,2022
TTO,Trinidad and Tobago,2022,10.574996948242188,-61.025001525878906,738.1498175340221,0.0005402972189938617,2022,2022
TTO,Trinidad and Tobago,2022,10.624996185302734,-61.475006103515625,30556.643660783804,0.022366285541954977,2022,2022
TTO,Trinidad and Tobago,2022,10.624996185302734,-61.42500305175781,49336.438020944595,0.03611237126201792,2022,2022
TTO,Trinidad and Tobago,2022,10.624996185302734,-61.37500762939453,46736.30945968628,0.034209177361127156,2022,2022
TTO,Trinidad and Tobago,2022,10.624996185302734,-61.32500457763672,50035.1099319458,0.03662377217486266,2022,2022
TTO,Trinidad and Tobago,2022,10.624996185302734,-61.275001525878906,65059.59281921387,0.04762111462213306,2022,2022
TTO,Trinidad and Tobago,2022,10.624996185302734,-61.225006103515625,10973.462616443634,0.008032151730667238,2022,2022
TTO,Trinidad and Tobago,2022,10.624996185302734,-61.17500305175781,5883.31833422184,0.004306362284359906,2022,2022
TTO,Trinidad and Tobago,2022,10.624996185302734,-61.12500762939453,5557.876255273819,0.004068151224731632,2022,2022
TTO,Trinidad and Tobago,2022,10.624996185302734,-61.07500457763672,2940.0778908729553,0.002152023708914322,2022,2022
TTO,Trinidad and Tobago,2022,10.674999237060547,-61.525001525878906,71941.97709655766,0.052658754674011196,2022,2022
TTO,Trinidad and Tobago,2022,10.674999237060547,-61.475006103515625,68119.61486053467,0.04986093282666624,2022,2022
TTO,Trinidad and Tobago,2022,10.674999237060547,-61.42500305175781,38743.79375195503,0.02835896388538798,2022,2022
TTO,Trinidad and Tobago,2022,10.674999237060547,-61.37500762939453,11778.30164611371,0.008621262882819513,2022,2022
TTO,Trinidad and Tobago,2022,10.674999237060547,-61.32500457763672,2129.535912632942,0.0015587382181938998,2022,2022
TTO,Trinidad and Tobago,2022,10.674999237060547,-61.275001525878906,3643.489088617265,0.0026668935970083807,2022,2022
TTO,Trinidad and Tobago,2022,10.674999237060547,-61.225006103515625,3051.484315752983,0.0022335689184516164,2022,2022
TTO,Trinidad and Tobago,2022,10.674999237060547,-61.17500305175781,5898.627022743225,0.004317567654378393,2022,2022
TTO,Trinidad and Tobago,2022,10.674999237060547,-61.12500762939453,680.4523807168172,0.0004980649188362138,2022,2022
TTO,Trinidad and Tobago,2022,10.674999237060547,-61.07500457763672,2245.137357712054,0.0016433540208456929,2022,2022
TTO,Trinidad and Tobago,2022,10.724998474121094,-61.62500762939453,1031.7858350277616,0.0007552274674064585,2022,2022
TTO,Trinidad and Tobago,2022,10.724998474121094,-61.57500457763672,35315.24499964715,0.025849398331005864,2022,2022
TTO,Trinidad and Tobago,2022,10.724998474121094,-61.525001525878906,22404.235362054053,0.0163990368516806,2022,2022
TTO,Trinidad and Tobago,2022,10.724998474121094,-61.475006103515625,16617.21404504776,0.012163160272746701,2022,2022
TTO,Trinidad and Tobago,2022,10.724998474121094,-61.42500305175781,2548.4185658708766,0.001865344177110627,2022,2022
TTO,Trinidad and Tobago,2022,10.724998474121094,-61.37500762939453,798.6759140495883,0.0005845999890374339,2022,2022
TTO,Trinidad and Tobago,2022,10.724998474121094,-61.32500457763672,620.3752621412717,0.0004540907833416459,2022,2022
TTO,Trinidad and Tobago,2022,10.724998474121094,-61.275001525878906,680.4764867424965,0.0004980825635179926,2022,2022
TTO,Trinidad and Tobago,2022,10.724998474121094,-61.225006103515625,88.14429926873899,6.451823008527305e-05,2022,2022
TTO,Trinidad and Tobago,2022,10.724998474121094,-61.17500305175781,88.71791064739227,6.493809150812753e-05,2022,2022
TTO,Trinidad and Tobago,2022,10.724998474121094,-61.12500762939453,54.31563591957092,3.975695223127879e-05,2022,2022
TTO,Trinidad and Tobago,2022,10.724998474121094,-61.07500457763672,0.0,0.0,2022,2022
TTO,Trinidad and Tobago,2022,10.724998474121094,-61.025001525878906,458.96844160582543,0.00033594721114205855,2022,2022
TTO,Trinidad and Tobago,2022,10.77499771118164,-61.37500762939453,1168.4189258217812,0.0008552376241862399,2022,2022
TTO,Trinidad and Tobago,2022,10.77499771118164,-61.32500457763672,807.554087549448,0.0005910984698847831,2022,2022
TTO,Trinidad and Tobago,2022,10.77499771118164,-61.275001525878906,165.57077759552215,0.00012119142829346918,2022,2022
TTO,Trinidad and Tobago,2022,10.77499771118164,-61.225006103515625,7.139296770095825,5.225690095462016e-06,2022,2022
TTO,Trinidad and Tobago,2022,10.77499771118164,-61.17500305175781,0.0,0.0,2022,2022
TTO,Trinidad and Tobago,2022,10.77499771118164,-61.12500762939453,0.0,0.0,2022,2022
TTO,Trinidad and Tobago,2022,10.77499771118164,-61.07500457763672,0.0,0.0,2022,2022
TTO,Trinidad and Tobago,2022,10.77499771118164,-61.025001525878906,0.0,0.0,2022,2022
TTO,Trinidad and Tobago,2022,10.77499771118164,-60.975006103515625,799.5668094758116,0.000585252090155349,2022,2022
TTO,Trinidad and Tobago,2022,10.824996948242188,-61.07500457763672,200.27208256725424,0.0001465914461845805,2022,2022
TTO,Trinidad and Tobago,2022,10.824996948242188,-61.025001525878906,488.3422074319634,0.0003574476756957977,2022,2022
TTO,Trinidad and Tobago,2022,10.824996948242188,-60.975006103515625,457.4839370250702,0.0003348606110000369,2022,2022
TTO,Trinidad and Tobago,2022,10.824996948242188,-60.92500305175781,1760.1125028133392,0.0012883345193572997,2022,2022
TTO,Trinidad and Tobago,2022,11.174999237060547,-60.82500457763672,7654.521077811737,0.005602814432560581,2022,2022
TTO,Trinidad and Tobago,2022,11.174999237060547,-60.775001525878906,16168.380683898926,0.011834631549904872,2022,2022
TTO,Trinidad and Tobago,2022,11.224998474121094,-60.775001525878906,5247.501372695013,0.003840968772173285,2022,2022
TTO,Trinidad and Tobago,2022,11.224998474121094,-60.725006103515625,9918.205171191134,0.0072597439491450064,2022,2022
TTO,Trinidad and Tobago,2022,11.224998474121094,-60.67500305175781,862.2256487607956,0.000631115945712693,2022,2022
TTO,Trinidad and Tobago,2022,11.224998474121094,-60.62500762939453,4380.243215978146,0.0032061692245837895,2022,2022
TTO,Trinidad and Tobago,2022,11.27499771118164,-60.67500305175781,1044.1501022577286,0.0007642776345142221,2022,2022
TTO,Trinidad and Tobago,2022,11.27499771118164,-60.62500762939453,421.4382885694547,0.0003084765854881674,2022,2022
TTO,Trinidad and Tobago,2022,11.27499771118164,-60.57500457763672,3068.797060491157,0.0022462411803867823,2022,2022
TTO,Trinidad and Tobago,2022,11.324996948242188,-60.525001525878906,767.5838435292244,0.0005618417916689987,2022,2022
TTO,Trinidad and Tobago,2023,10.074996948242188,-61.87500762939453,1377.5591397307999,0.0010028025837674798,2023,2023
TTO,Trinidad and Tobago,2023,10.074996948242188,-61.62500762939453,4231.639825344086,0.003080448038882507,2023,2023
TTO,Trinidad and Tobago,2023,10.074996948242188,-61.57500457763672,3058.3019438984184,0.0022263095665582553,2023,2023
TTO,Trinidad and Tobago,2023,10.074996948242188,-61.525001525878906,69.27578900759588,5.0429733436289066e-05,2023,2023
TTO,Trinidad and Tobago,2023,10.074996948242188,-61.475006103515625,333.2872629167196,0.00024261849727554399,2023,2023
TTO,Trinidad and Tobago,2023,10.074996948242188,-61.37500762939453,192.92567697167397,0.00014044142408295565,2023,2023
TTO,Trinidad and Tobago,2023,10.074996948242188,-61.32500457763672,705.5970506671315,0.0005136436796796875,2023,2023
TTO,Trinidad and Tobago,2023,10.124996185302734,-61.775001525878906,1549.8767154219236,0.001128242214740692,2023,2023
TTO,Trinidad and Tobago,2023,10.124996185302734,-61.725006103515625,2598.0920609235764,0.0018912969733329026,2023,2023
TTO,Trinidad and Tobago,2023,10.124996185302734,-61.67500305175781,1729.9534819128733,0.0012593301960152428,2023,2023
TTO,Trinidad and Tobago,2023,10.124996185302734,-61.62500762939453,1172.8412677049637,0.0008537769593206002,2023,2023
TTO,Trinidad and Tobago,2023,10.124996185302734,-61.57500457763672,5041.181999862205,0.003669759205903733,2023,2023
TTO,Trinidad and Tobago,2023,10.124996185302734,-61.525001525878906,9782.123482942581,0.007120956495083268,2023,2023
TTO,Trinidad and Tobago,2023,10.124996185302734,-61.475006103515625,6813.9103645682335,0.004960227638926869,2023,2023
TTO,Trinidad and Tobago,2023,10.124996185302734,-61.42500305175781,9778.736559867859,0.0071184909637587715,2023,2023
TTO,Trinidad and Tobago,2023,10.124996185302734,-61.37500762939453,1440.4774453639984,0.0010486043483781617,2023,2023
TTO,Trinidad and Tobago,2023,10.124996185302734,-61.32500457763672,975.0416110754204,0.0007097874919971222,2023,2023
TTO,Trinidad and Tobago,2023,10.124996185302734,-61.275001525878906,3210.896841444075,0.0023373919535971317,2023,2023
TTO,Trinidad and Tobago,2023,10.124996185302734,-61.225006103515625,141.91755318641663,0.00010330974904286747,2023,2023
TTO,Trinidad and Tobago,2023,10.124996185302734,-61.17500305175781,56.385191559991924,4.104594434590574e-05,2023,2023
TTO,Trinidad and Tobago,2023,10.124996185302734,-61.12500762939453,100.08985269138702,7.286101917006885e-05,2023,2023
TTO,Trinidad and Tobago,2023,10.124996185302734,-61.07500457763672,815.6657342910767,0.0005937688497334009,2023,2023
TTO,Trinidad and Tobago,2023,10.174999237060547,-61.67500305175781,20799.167656402104,0.015140881044227948,2023,2023
TTO,Trinidad and Tobago,2023,10.174999237060547,-61.62500762939453,4548.631459712982,0.0033112040338954874,2023,2023
TTO,Trinidad and Tobago,2023,10.174999237060547,-61.57500457763672,6132.758835315704,0.004464379225765393,2023,2023
TTO,Trinidad and Tobago,2023,10.174999237060547,-61.525001525878906,16263.81674861908,0.01183934466916838,2023,2023
TTO,Trinidad and Tobago,2023,10.174999237060547,-61.475006103515625,20850.06741476059,0.015177933833994205,2023,2023
TTO,Trinidad and Tobago,2023,10.174999237060547,-61.42500305175781,16992.919218063354,0.012370099261913377,2023,2023
TTO,Trinidad and Tobago,2023,10.174999237060547,-61.37500762939453,11849.591062784195,0.008625982138719752,2023,2023
TTO,Trinidad and Tobago,2023,10.174999237060547,-61.32500457763672,5082.423327207565,0.0036997810818632727,2023,2023
TTO,Trinidad and Tobago,2023,10.174999237060547,-61.275001525878906,283.65821158885956,0.0002064907264480552,2023,2023
TTO,Trinidad and Tobago,2023,10.174999237060547,-61.225006103515625,22.858731016516685,1.6640152762870343e-05,2023,2023
TTO,Trinidad and Tobago,2023,10.174999237060547,-61.17500305175781,8.801602006260431,6.407179901471096e-06,2023,2023
TTO,Trinidad and Tobago,2023,10.174999237060547,-61.12500762939453,4.168749988079071,3.0346669979942028e-06,2023,2023
TTO,Trinidad and Tobago,2023,10.174999237060547,-61.07500457763672,71.86925691367841,5.2317664227881675e-05,2023,2023
TTO,Trinidad and Tobago,2023,10.174999237060547,-61.025001525878906,2534.35964578405,0.0018449025727381317,2023,2023
TTO,Trinidad and Tobago,2023,10.224998474121094,-61.62500762939453,10942.566023468971,0.00796570772527798,2023,2023
TTO,Trinidad and Tobago,2023,10.224998474121094,-61.57500457763672,9622.000467300415,0.007004393968527796,2023,2023
TTO,Trinidad and Tobago,2023,10.224998474121094,-61.525001525878906,8173.163656473391,0.005949704369039023,2023,2023
TTO,Trinidad and Tobago,2023,10.224998474121094,-61.475006103515625,21348.746816635132,0.015540950548303208,2023,2023
TTO,Trinidad and Tobago,2023,10.224998474121094,-61.42500305175781,12341.431694746017,0.00898402052873002,2023,2023
TTO,Trinidad and Tobago,2023,10.224998474121094,-61.37500762939453,10462.092905044556,0.007615944386129449,2023,2023
TTO,Trinidad and Tobago,2023,10.224998474121094,-61.32500457763672,8373.10277891159,0.006095251273556248,2023,2023
TTO,Trinidad and Tobago,2023,10.224998474121094,-61.275001525878906,563.7995223999023,0.0004104213035093206,2023,2023
TTO,Trinidad and Tobago,2023,10.224998474121094,-61.225006103515625,49.59355562925339,3.610193151703831e-05,2023,2023
TTO,Trinidad and Tobago,2023,10.224998474121094,-61.17500305175781,108.77091038258872,7.918044810164474e-05,2023,2023
TTO,Trinidad and Tobago,2023,10.224998474121094,-61.12500762939453,10.032513142021157,7.303229175675204e-06,2023,2023
TTO,Trinidad and Tobago,2023,10.224998474121094,-61.07500457763672,41.992912113685726,3.0568996678976644e-05,2023,2023
TTO,Trinidad and Tobago,2023,10.224998474121094,-61.025001525878906,1471.823102593422,0.001071422610878092,2023,2023
TTO,Trinidad and Tobago,2023,10.27499771118164,-61.42500305175781,36607.7645573616,0.02664884564683565,2023,2023
TTO,Trinidad and Tobago,2023,10.27499771118164,-61.37500762939453,23459.271666526794,0.017077319994474805,2023,2023
TTO,Trinidad and Tobago,2023,10.27499771118164,-61.32500457763672,13493.75099492073,0.00982285839653013,2023,2023
TTO,Trinidad and Tobago,2023,10.27499771118164,-61.275001525878906,3760.3299865724703,0.002737355165085763,2023,2023
TTO,Trinidad and Tobago,2023,10.27499771118164,-61.225006103515625,2456.4638607501984,0.001788197860581957,2023,2023
TTO,Trinidad and Tobago,2023,10.27499771118164,-61.17500305175781,1344.9523146152496,0.0009790662464072427,2023,2023
TTO,Trinidad and Tobago,2023,10.27499771118164,-61.12500762939453,48.289985597158164,3.515298975577033e-05,2023,2023
TTO,Trinidad and Tobago,2023,10.27499771118164,-61.07500457763672,117.10906219484232,8.525025660569734e-05,2023,2023
TTO,Trinidad and Tobago,2023,10.27499771118164,-61.025001525878906,6188.987753272107,0.004505311409787742,2023,2023
TTO,Trinidad and Tobago,2023,10.324996948242188,-61.42500305175781,29720.121631622314,0.02163494393997397,2023,2023
TTO,Trinidad and Tobago,2023,10.324996948242188,-61.37500762939453,11909.833600282669,0.00866983606158508,2023,2023
TTO,Trinidad and Tobago,2023,10.324996948242188,-61.32500457763672,4962.529902789742,0.0036125039317828635,2023,2023
TTO,Trinidad and Tobago,2023,10.324996948242188,-61.275001525878906,3237.686443209886,0.002356893607714215,2023,2023
TTO,Trinidad and Tobago,2023,10.324996948242188,-61.225006103515625,4427.852095484754,0.003223281958522716,2023,2023
TTO,Trinidad and Tobago,2023,10.324996948242188,-61.17500305175781,9012.40505194664,0.0065606352652252025,2023,2023
TTO,Trinidad and Tobago,2023,10.324996948242188,-61.12500762939453,2423.030509591127,0.0017638598485435963,2023,2023
TTO,Trinidad and Tobago,2023,10.324996948242188,-61.07500457763672,1104.068654542802,0.0008037135158121536,2023,2023
TTO,Trinidad and Tobago,2023,10.324996948242188,-61.025001525878906,2674.8244282007217,0.001947154768432105,2023,2023
TTO,Trinidad and Tobago,2023,10.324996948242188,-60.975006103515625,777.4398112297058,0.0005659420557270611,2023,2023
TTO,Trinidad and Tobago,2023,10.374996185302734,-61.475006103515625,11626.116185426712,0.008463302237757389,2023,2023
TTO,Trinidad and Tobago,2023,10.374996185302734,-61.42500305175781,11549.77752494812,0.008407731043925204,2023,2023
TTO,Trinidad and Tobago,2023,10.374996185302734,-61.37500762939453,3648.0862123966217,0.0026556466245890187,2023,2023
TTO,Trinidad and Tobago,2023,10.374996185302734,-61.32500457763672,2337.8013892173767,0.0017018167901673667,2023,2023
TTO,Trinidad and Tobago,2023,10.374996185302734,-61.275001525878906,1314.9465603830454,0.0009572233744723024,2023,2023
TTO,Trinidad and Tobago,2023,10.374996185302734,-61.225006103515625,36.675252467393875,2.6697973882859443e-05,2023,2023
TTO,Trinidad and Tobago,2023,10.374996185302734,-61.17500305175781,1374.3387302162262,0.0010004582670054168,2023,2023
TTO,Trinidad and Tobago,2023,10.374996185302734,-61.12500762939453,240.96296399831772,0.00017541046037196177,2023,2023
TTO,Trinidad and Tobago,2023,10.374996185302734,-61.07500457763672,1.9547650814056396,1.4229831720147351e-06,2023,2023
TTO,Trinidad and Tobago,2023,10.374996185302734,-61.025001525878906,725.4111592173576,0.0005280674809352176,2023,2023
TTO,Trinidad and Tobago,2023,10.424999237060547,-61.475006103515625,21192.66745042801,0.015427331621034589,2023,2023
TTO,Trinidad and Tobago,2023,10.424999237060547,-61.42500305175781,22368.365226745605,0.016283187993234596,2023,2023
TTO,Trinidad and Tobago,2023,10.424999237060547,-61.37500762939453,6265.841817200184,0.004561257794706771,2023,2023
TTO,Trinidad and Tobago,2023,10.424999237060547,-61.32500457763672,2168.9768382310867,0.0015789199278478877,2023,2023
TTO,Trinidad and Tobago,2023,10.424999237060547,-61.275001525878906,759.6423611045159,0.0005529862932808108,2023,2023
TTO,Trinidad and Tobago,2023,10.424999237060547,-61.225006103515625,2.2230990529060364,1.6183185243581354e-06,2023,2023
TTO,Trinidad and Tobago,2023,10.424999237060547,-61.17500305175781,342.4562590127408,0.00024929312394706446,2023,2023
TTO,Trinidad and Tobago,2023,10.424999237060547,-61.12500762939453,2949.7796475293926,0.0021473100985452114,2023,2023
TTO,Trinidad and Tobago,2023,10.424999237060547,-61.07500457763672,245.7770961528015,0.0001789149372571123,2023,2023
TTO,Trinidad and Tobago,2023,10.474998474121094,-61.42500305175781,29845.301958084106,0.021726069722666153,2023,2023
TTO,Trinidad and Tobago,2023,10.474998474121094,-61.37500762939453,10613.524618148804,0.007726180025954648,2023,2023
TTO,Trinidad and Tobago,2023,10.474998474121094,-61.32500457763672,5265.128158093979,0.003832782178655023,2023,2023
TTO,Trinidad and Tobago,2023,10.474998474121094,-61.275001525878906,1020.288547694689,0.0007427252756760377,2023,2023
TTO,Trinidad and Tobago,2023,10.474998474121094,-61.225006103515625,782.2656919956207,0.0005694550850856112,2023,2023
TTO,Trinidad and Tobago,2023,10.474998474121094,-61.17500305175781,1098.5523023605347,0.0007996978535717433,2023,2023
TTO,Trinidad and Tobago,2023,10.474998474121094,-61.12500762939453,433.6063383224267,0.00031564638051957434,2023,2023
TTO,Trinidad and Tobago,2023,10.474998474121094,-61.07500457763672,1344.5324609279633,0.000978760611352985,2023,2023
TTO,Trinidad and Tobago,2023,10.52499771118164,-61.42500305175781,32466.807487487793,0.02363441067328442,2023,2023
TTO,Trinidad and Tobago,2023,10.52499771118164,-61.37500762939453,52229.0244102478,0.038020437101877434,2023,2023
TTO,Trinidad and Tobago,2023,10.52499771118164,-61.32500457763672,5754.409977376461,0.004188957865357525,2023,2023
TTO,Trinidad and Tobago,2023,10.52499771118164,-61.275001525878906,2865.4513289928436,0.0020859227843644614,2023,2023
TTO,Trinidad and Tobago,2023,10.52499771118164,-61.225006103515625,859.3860906513604,0.0006255953499952301,2023,2023
TTO,Trinidad and Tobago,2023,10.52499771118164,-61.17500305175781,3023.0097703933716,0.002200618413447727,2023,2023
TTO,Trinidad and Tobago,2023,10.52499771118164,-61.12500762939453,1841.528938055256,0.0013405522303204136,2023,2023
TTO,Trinidad and Tobago,2023,10.52499771118164,-61.07500457763672,2582.628502368927,0.00188004018150045,2023,2023
TTO,Trinidad and Tobago,2023,10.52499771118164,-61.025001525878906,1088.6589888334274,0.0007924959556053564,2023,2023
TTO,Trinidad and Tobago,2023,10.574996948242188,-61.42500305175781,17771.471938371687,0.01293685146659692,2023,2023
TTO,Trinidad and Tobago,2023,10.574996948242188,-61.37500762939453,27538.298939468037,0.02004667279435739,2023,2023
TTO,Trinidad and Tobago,2023,10.574996948242188,-61.32500457763672,16579.50563097,0.012069152317898464,2023,2023
TTO,Trinidad and Tobago,2023,10.574996948242188,-61.275001525878906,14710.955281972885,0.010708929686556403,2023,2023
TTO,Trinidad and Tobago,2023,10.574996948242188,-61.225006103515625,2781.001363992691,0.002024446916898056,2023,2023
TTO,Trinidad and Tobago,2023,10.574996948242188,-61.17500305175781,4844.308349847794,0.003526443830747668,2023,2023
TTO,Trinidad and Tobago,2023,10.574996948242188,-61.12500762939453,25768.6090259552,0.018758416220425674,2023,2023
TTO,Trinidad and Tobago,2023,10.574996948242188,-61.07500457763672,3752.366555571556,0.0027315581368834523,2023,2023
TTO,Trinidad and Tobago,2023,10.574996948242188,-61.025001525878906,741.1566483008193,0.000539529505816896,2023,2023
TTO,Trinidad and Tobago,2023,10.624996185302734,-61.475006103515625,30704.667324543036,0.022351649986359013,2023,2023
TTO,Trinidad and Tobago,2023,10.624996185302734,-61.42500305175781,49601.88086938858,0.036107991926408234,2023,2023
TTO,Trinidad and Tobago,2023,10.624996185302734,-61.37500762939453,47004.042598724365,0.03421687970124366,2023,2023
TTO,Trinidad and Tobago,2023,10.624996185302734,-61.32500457763672,50333.43907928467,0.03664053419040386,2023,2023
TTO,Trinidad and Tobago,2023,10.624996185302734,-61.275001525878906,65487.26452636719,0.047671853916731816,2023,2023
TTO,Trinidad and Tobago,2023,10.624996185302734,-61.225006103515625,11041.743602752686,0.008037904649452829,2023,2023
TTO,Trinidad and Tobago,2023,10.624996185302734,-61.17500305175781,5913.19937479496,0.004304549576387274,2023,2023
TTO,Trinidad and Tobago,2023,10.624996185302734,-61.12500762939453,5582.8849041461945,0.0040640951413877715,2023,2023
TTO,Trinidad and Tobago,2023,10.624996185302734,-61.07500457763672,2954.343046069145,0.0021506320523651534,2023,2023
TTO,Trinidad and Tobago,2023,10.674999237060547,-61.525001525878906,72520.07911300664,0.05279143422020818,2023,2023
TTO,Trinidad and Tobago,2023,10.674999237060547,-61.475006103515625,68446.37349796295,0.04982595535367313,2023,2023
TTO,Trinidad and Tobago,2023,10.674999237060547,-61.42500305175781,38952.00386476517,0.028355348958840804,2023,2023
TTO,Trinidad and Tobago,2023,10.674999237060547,-61.37500762939453,11845.480542540867,0.008622989860419858,2023,2023
TTO,Trinidad and Tobago,2023,10.674999237060547,-61.32500457763672,2142.1476308107376,0.001559389442552848,2023,2023
TTO,Trinidad and Tobago,2023,10.674999237060547,-61.275001525878906,3669.1566980667412,0.0026709850132373356,2023,2023
TTO,Trinidad and Tobago,2023,10.674999237060547,-61.225006103515625,3066.62155687809,0.002232365879605977,2023,2023
TTO,Trinidad and Tobago,2023,10.674999237060547,-61.17500305175781,5925.4010491371155,0.00431343185969817,2023,2023
TTO,Trinidad and Tobago,2023,10.674999237060547,-61.12500762939453,683.1013589501547,0.0004972678035907455,2023,2023
TTO,Trinidad and Tobago,2023,10.674999237060547,-61.07500457763672,2255.7321820261723,0.0016420740098790584,2023,2023
TTO,Trinidad and Tobago,2023,10.724998474121094,-61.62500762939453,1040.001878976889,0.0007570757155042091,2023,2023
TTO,Trinidad and Tobago,2023,10.724998474121094,-61.57500457763672,35587.14114117623,0.025905876601597932,2023,2023
TTO,Trinidad and Tobago,2023,10.724998474121094,-61.525001525878906,22588.850553513712,0.016443691632598553,2023,2023
TTO,Trinidad and Tobago,2023,10.724998474121094,-61.475006103515625,16701.98723268509,0.012158313547439485,2023,2023
TTO,Trinidad and Tobago,2023,10.724998474121094,-61.42500305175781,2563.1395131365066,0.0018658530528366986,2023,2023
TTO,Trinidad and Tobago,2023,10.724998474121094,-61.37500762939453,803.5200059418322,0.0005849272926495138,2023,2023
TTO,Trinidad and Tobago,2023,10.724998474121094,-61.32500457763672,624.3597795963758,0.000454506512368023,2023,2023
TTO,Trinidad and Tobago,2023,10.724998474121094,-61.275001525878906,684.3762021064758,0.0004981958334474579,2023,2023
TTO,Trinidad and Tobago,2023,10.724998474121094,-61.225006103515625,88.64516699315769,6.452979036283675e-05,2023,2023
TTO,Trinidad and Tobago,2023,10.724998474121094,-61.17500305175781,89.0115315914154,6.479648770826293e-05,2023,2023
TTO,Trinidad and Tobago,2023,10.724998474121094,-61.12500762939453,54.46641778945923,3.964916126831571e-05,2023,2023
TTO,Trinidad and Tobago,2023,10.724998474121094,-61.07500457763672,0.0,0.0,2023,2023
TTO,Trinidad and Tobago,2023,10.724998474121094,-61.025001525878906,461.011904657145,0.0003355964298041641,2023,2023
TTO,Trinidad and Tobago,2023,10.77499771118164,-61.37500762939453,1173.7514791488647,0.0008544395532967085,2023,2023
TTO,Trinidad and Tobago,2023,10.77499771118164,-61.32500457763672,812.5209130346775,0.0005914795579052329,2023,2023
TTO,Trinidad and Tobago,2023,10.77499771118164,-61.275001525878906,166.64745408344706,0.00012131203134103584,2023,2023
TTO,Trinidad and Tobago,2023,10.77499771118164,-61.225006103515625,7.175204217433929,5.2232337042953795e-06,2023,2023
TTO,Trinidad and Tobago,2023,10.77499771118164,-61.17500305175781,0.0,0.0,2023,2023
TTO,Trinidad and Tobago,2023,10.77499771118164,-61.12500762939453,0.0,0.0,2023,2023
TTO,Trinidad and Tobago,2023,10.77499771118164,-61.07500457763672,0.0,0.0,2023,2023
TTO,Trinidad and Tobago,2023,10.77499771118164,-61.025001525878906,0.0,0.0,2023,2023
TTO,Trinidad and Tobago,2023,10.77499771118164,-60.975006103515625,802.8258208040321,0.0005844219563414588,2023,2023
TTO,Trinidad and Tobago,2023,10.824996948242188,-61.07500457763672,201.019869089166,0.0001463336406381865,2023,2023
TTO,Trinidad and Tobago,2023,10.824996948242188,-61.025001525878906,490.3266278507032,0.0003569362614767798,2023,2023
TTO,Trinidad and Tobago,2023,10.824996948242188,-60.975006103515625,459.6338989138603,0.0003345933021126137,2023,2023
TTO,Trinidad and Tobago,2023,10.824996948242188,-60.92500305175781,1767.0797085762024,0.0012863564593165767,2023,2023
TTO,Trinidad and Tobago,2023,11.174999237060547,-60.82500457763672,7695.7147203088,0.005602142501824778,2023,2023
TTO,Trinidad and Tobago,2023,11.174999237060547,-60.775001525878906,16256.45777130127,0.011833987656713998,2023,2023
TTO,Trinidad and Tobago,2023,11.224998474121094,-60.775001525878906,5276.932544291064,0.0038413752536358464,2023,2023
TTO,Trinidad and Tobago,2023,11.224998474121094,-60.725006103515625,9971.429157614708,0.007258762716397405,2023,2023
TTO,Trinidad and Tobago,2023,11.224998474121094,-60.67500305175781,866.8066185712814,0.0006309971685860964,2023,2023
TTO,Trinidad and Tobago,2023,11.224998474121094,-60.62500762939453,4404.130976855755,0.003206014025433714,2023,2023
TTO,Trinidad and Tobago,2023,11.27499771118164,-60.67500305175781,1049.5100055932999,0.0007639972143079471,2023,2023
TTO,Trinidad and Tobago,2023,11.27499771118164,-60.62500762939453,423.8279209137006,0.00030852812188383714,2023,2023
TTO,Trinidad and Tobago,2023,11.27499771118164,-60.57500457763672,3085.2392062261893,0.002245918711082671,2023,2023
TTO,Trinidad and Tobago,2023,11.324996948242188,-60.525001525878906,771.8227825760841,0.0005618531054348446,2023,2023
TTO,Trinidad and Tobago,2024,10.074996948242188,-61.87500762939453,1382.0860089086252,0.0010024318274323507,2024,2024
TTO,Trinidad and Tobago,2024,10.074996948242188,-61.62500762939453,4247.339050769806,0.0030806099033952763,2024,2024
TTO,Trinidad and Tobago,2024,10.074996948242188,-61.57500457763672,3069.529734015682,0.0022263406769142033,2024,2024
TTO,Trinidad and Tobago,2024,10.074996948242188,-61.525001525878906,69.50244497512969,5.041036699478079e-05,2024,2024
TTO,Trinidad and Tobago,2024,10.074996948242188,-61.475006103515625,334.2734839917807,0.00024244972979985734,2024,2024
TTO,Trinidad and Tobago,2024,10.074996948242188,-61.37500762939453,193.53847980499268,0.00014037413788929007,2024,2024
TTO,Trinidad and Tobago,2024,10.074996948242188,-61.32500457763672,707.7538963559523,0.0005133363821957117,2024,2024
TTO,Trinidad and Tobago,2024,10.124996185302734,-61.775001525878906,1555.9008185865969,0.0011285003182333563,2024,2024
TTO,Trinidad and Tobago,2024,10.124996185302734,-61.725006103515625,2607.3455353975296,0.001891116857379986,2024,2024
TTO,Trinidad and Tobago,2024,10.124996185302734,-61.67500305175781,1735.7826745512712,0.0012589692589753162,2024,2024
TTO,Trinidad and Tobago,2024,10.124996185302734,-61.62500762939453,1176.4415729045868,0.0008532771970721123,2024,2024
TTO,Trinidad and Tobago,2024,10.124996185302734,-61.57500457763672,5057.784913241874,0.0036684291286216385,2024,2024
TTO,Trinidad and Tobago,2024,10.124996185302734,-61.525001525878906,9815.316984415054,0.007119083818296202,2024,2024
TTO,Trinidad and Tobago,2024,10.124996185302734,-61.475006103515625,6839.215273499489,0.004960506814066594,2024,2024
TTO,Trinidad and Tobago,2024,10.124996185302734,-61.42500305175781,9813.467173099518,0.007117742143664171,2024,2024
TTO,Trinidad and Tobago,2024,10.124996185302734,-61.37500762939453,1445.2404124736786,0.0010482379377381112,2024,2024
TTO,Trinidad and Tobago,2024,10.124996185302734,-61.32500457763672,977.6435582637978,0.0007090883001280983,2024,2024
TTO,Trinidad and Tobago,2024,10.124996185302734,-61.275001525878906,3220.4467052668333,0.002335801285231416,2024,2024
TTO,Trinidad and Tobago,2024,10.124996185302734,-61.225006103515625,142.2675347328186,0.00010318714168818671,2024,2024
TTO,Trinidad and Tobago,2024,10.124996185302734,-61.17500305175781,56.52311730404868,4.099641513339181e-05,2024,2024
TTO,Trinidad and Tobago,2024,10.124996185302734,-61.12500762939453,100.28047984907617,7.273378358723295e-05,2024,2024
TTO,Trinidad and Tobago,2024,10.124996185302734,-61.07500457763672,817.9155180454254,0.0005932369926000463,2024,2024
TTO,Trinidad and Tobago,2024,10.174999237060547,-61.67500305175781,20869.28284155205,0.015136564006301813,2024,2024
TTO,Trinidad and Tobago,2024,10.174999237060547,-61.62500762939453,4564.332644462585,0.0033105264681832568,2024,2024
TTO,Trinidad and Tobago,2024,10.174999237060547,-61.57500457763672,6154.591718673706,0.004463946949670618,2024,2024
TTO,Trinidad and Tobago,2024,10.174999237060547,-61.525001525878906,16320.54087805748,0.01183734551368082,2024,2024
TTO,Trinidad and Tobago,2024,10.174999237060547,-61.475006103515625,20923.14100933075,0.015175627524201972,2024,2024
TTO,Trinidad and Tobago,2024,10.174999237060547,-61.42500305175781,17051.984930038452,0.012367864448801799,2024,2024
TTO,Trinidad and Tobago,2024,10.174999237060547,-61.37500762939453,11892.03494822979,0.00862533463778918,2024,2024
TTO,Trinidad and Tobago,2024,10.174999237060547,-61.32500457763672,5098.65417766571,0.0036980717493833907,2024,2024
TTO,Trinidad and Tobago,2024,10.174999237060547,-61.275001525878906,284.34547090530396,0.00020623676687588915,2024,2024
TTO,Trinidad and Tobago,2024,10.174999237060547,-61.225006103515625,22.911335796117783,1.661767217306157e-05,2024,2024
TTO,Trinidad and Tobago,2024,10.174999237060547,-61.17500305175781,8.82012021571829,6.397264113104885e-06,2024,2024
TTO,Trinidad and Tobago,2024,10.174999237060547,-61.12500762939453,4.17396205663681,3.027389312313311e-06,2024,2024
TTO,Trinidad and Tobago,2024,10.174999237060547,-61.07500457763672,72.02880829574326,5.2242747167879086e-05,2024,2024
TTO,Trinidad and Tobago,2024,10.174999237060547,-61.025001525878906,2540.901772439629,0.0018429249631751053,2024,2024
TTO,Trinidad and Tobago,2024,10.224998474121094,-61.62500762939453,10982.245464622974,0.007965461135885428,2024,2024
TTO,Trinidad and Tobago,2024,10.224998474121094,-61.57500457763672,9656.721796989441,0.007004054172870173,2024,2024
TTO,Trinidad and Tobago,2024,10.224998474121094,-61.525001525878906,8202.27734422707,0.005949140512444123,2024,2024
TTO,Trinidad and Tobago,2024,10.224998474121094,-61.475006103515625,21422.11833381653,0.015537537526913427,2024,2024
TTO,Trinidad and Tobago,2024,10.224998474121094,-61.42500305175781,12383.136065006256,0.008981531999437494,2024,2024
TTO,Trinidad and Tobago,2024,10.224998474121094,-61.37500762939453,10499.033967018127,0.007614986142680881,2024,2024
TTO,Trinidad and Tobago,2024,10.224998474121094,-61.32500457763672,8400.004685878754,0.006092552846515687,2024,2024
TTO,Trinidad and Tobago,2024,10.224998474121094,-61.275001525878906,565.5024982094765,0.0004101609444301694,2024,2024
TTO,Trinidad and Tobago,2024,10.224998474121094,-61.225006103515625,49.70168852806091,3.604880892832449e-05,2024,2024
TTO,Trinidad and Tobago,2024,10.224998474121094,-61.17500305175781,109.03834706576667,7.9085895381903e-05,2024,2024
TTO,Trinidad and Tobago,2024,10.224998474121094,-61.12500762939453,10.046391070278512,7.286682662848054e-06,2024,2024
TTO,Trinidad and Tobago,2024,10.224998474121094,-61.07500457763672,42.08256572486894,3.052263244885462e-05,2024,2024
TTO,Trinidad and Tobago,2024,10.224998474121094,-61.025001525878906,1475.8707191348076,0.0010704542065399169,2024,2024
TTO,Trinidad and Tobago,2024,10.27499771118164,-61.42500305175781,36763.64586019516,0.026664801224500136,2024,2024
TTO,Trinidad and Tobago,2024,10.27499771118164,-61.37500762939453,23527.744116783142,0.017064755288979237,2024,2024
TTO,Trinidad and Tobago,2024,10.27499771118164,-61.32500457763672,13534.913298368454,0.009816920064573879,2024,2024
TTO,Trinidad and Tobago,2024,10.27499771118164,-61.275001525878906,3772.68932390234,0.0027363447925215023,2024,2024
TTO,Trinidad and Tobago,2024,10.27499771118164,-61.225006103515625,2463.268374681473,0.0017866171876221614,2024,2024
TTO,Trinidad and Tobago,2024,10.27499771118164,-61.17500305175781,1348.599153459072,0.0009781436937801146,2024,2024
TTO,Trinidad and Tobago,2024,10.27499771118164,-61.12500762939453,48.39592355492189,3.510173301569405e-05,2024,2024
TTO,Trinidad and Tobago,2024,10.27499771118164,-61.07500457763672,117.50112551452544,8.522397825870118e-05,2024,2024
TTO,Trinidad and Tobago,2024,10.27499771118164,-61.025001525878906,6205.595110714486,0.004500939888720092,2024,2024
TTO,Trinidad and Tobago,2024,10.324996948242188,-61.42500305175781,29831.949729919434,0.021637217720804132,2024,2024
TTO,Trinidad and Tobago,2024,10.324996948242188,-61.37500762939453,11947.450390815735,0.008665527652566361,2024,2024
TTO,Trinidad and Tobago,2024,10.324996948242188,-61.32500457763672,4980.46541505307,0.003612349025526781,2024,2024
TTO,Trinidad and Tobago,2024,10.324996948242188,-61.275001525878906,3248.612220764398,0.0023562298323614845,2024,2024
TTO,Trinidad and Tobago,2024,10.324996948242188,-61.225006103515625,4442.217971920987,0.003221956268092134,2024,2024
TTO,Trinidad and Tobago,2024,10.324996948242188,-61.17500305175781,9038.209392905235,0.006555444957872542,2024,2024
TTO,Trinidad and Tobago,2024,10.324996948242188,-61.12500762939453,2429.7653152942903,0.0017623173011971564,2024,2024
TTO,Trinidad and Tobago,2024,10.324996948242188,-61.07500457763672,1107.4307114295793,0.0008032233773133116,2024,2024
TTO,Trinidad and Tobago,2024,10.324996948242188,-61.025001525878906,2682.1337563991547,0.0019453610162570984,2024,2024
TTO,Trinidad and Tobago,2024,10.324996948242188,-60.975006103515625,779.8483667373657,0.0005656267543045185,2024,2024
TTO,Trinidad and Tobago,2024,10.374996185302734,-61.475006103515625,11663.935035347939,0.008459892971327428,2024,2024
TTO,Trinidad and Tobago,2024,10.374996185302734,-61.42500305175781,11588.620965957642,0.008405267412770548,2024,2024
TTO,Trinidad and Tobago,2024,10.374996185302734,-61.37500762939453,3661.066864967346,0.0026553846317417425,2024,2024
TTO,Trinidad and Tobago,2024,10.374996185302734,-61.32500457763672,2345.7375195026398,0.0017013716463337148,2024,2024
TTO,Trinidad and Tobago,2024,10.374996185302734,-61.275001525878906,1319.3308541776778,0.0009569152937056118,2024,2024
TTO,Trinidad and Tobago,2024,10.374996185302734,-61.225006103515625,36.750192642211914,2.6655043558334018e-05,2024,2024
TTO,Trinidad and Tobago,2024,10.374996185302734,-61.17500305175781,1377.8573637457705,0.0009993647762713955,2024,2024
TTO,Trinidad and Tobago,2024,10.374996185302734,-61.12500762939453,241.5692498087883,0.00017521102375423554,2024,2024
TTO,Trinidad and Tobago,2024,10.374996185302734,-61.07500457763672,1.9571380615234375,1.419519097150528e-06,2024,2024
TTO,Trinidad and Tobago,2024,10.374996185302734,-61.025001525878906,727.219734609127,0.0005274550229220159,2024,2024
TTO,Trinidad and Tobago,2024,10.424999237060547,-61.475006103515625,21261.63718700409,0.015421139988532537,2024,2024
TTO,Trinidad and Tobago,2024,10.424999237060547,-61.42500305175781,22442.744705200195,0.016277801412081967,2024,2024
TTO,Trinidad and Tobago,2024,10.424999237060547,-61.37500762939453,6286.966905280948,0.004559959136583776,2024,2024
TTO,Trinidad and Tobago,2024,10.424999237060547,-61.32500457763672,2176.573723554611,0.001578676552096069,2024,2024
TTO,Trinidad and Tobago,2024,10.424999237060547,-61.275001525878906,762.0386186242379,0.0005527092815625361,2024,2024
TTO,Trinidad and Tobago,2024,10.424999237060547,-61.225006103515625,2.2289379835128784,1.6166565334168832e-06,2024,2024
TTO,Trinidad and Tobago,2024,10.424999237060547,-61.17500305175781,343.2537075882384,0.000248963117456286,2024,2024
TTO,Trinidad and Tobago,2024,10.424999237060547,-61.12500762939453,2957.3602750900086,0.002144983775123589,2024,2024
TTO,Trinidad and Tobago,2024,10.424999237060547,-61.07500457763672,246.26306796123572,0.0001786154665152968,2024,2024
TTO,Trinidad and Tobago,2024,10.474998474121094,-61.42500305175781,29941.10972595215,0.021716391848608227,2024,2024
TTO,Trinidad and Tobago,2024,10.474998474121094,-61.37500762939453,10649.256701231003,0.007723943218440449,2024,2024
TTO,Trinidad and Tobago,2024,10.474998474121094,-61.32500457763672,5283.468557359272,0.0038321182668778326,2024,2024
TTO,Trinidad and Tobago,2024,10.474998474121094,-61.275001525878906,1023.5396338701307,0.0007423768846629783,2024,2024
TTO,Trinidad and Tobago,2024,10.474998474121094,-61.225006103515625,784.7376815676689,0.0005691729914913802,2024,2024
TTO,Trinidad and Tobago,2024,10.474998474121094,-61.17500305175781,1101.8182541131973,0.0007991526423461806,2024,2024
TTO,Trinidad and Tobago,2024,10.474998474121094,-61.12500762939453,434.81751693811657,0.00031537466937246934,2024,2024
TTO,Trinidad and Tobago,2024,10.474998474121094,-61.07500457763672,1348.4211072921753,0.0009780145562710888,2024,2024
TTO,Trinidad and Tobago,2024,10.52499771118164,-61.42500305175781,32574.07463645935,0.02362609052856895,2024,2024
TTO,Trinidad and Tobago,2024,10.52499771118164,-61.37500762939453,52402.38795089722,0.038007635687534,2024,2024
TTO,Trinidad and Tobago,2024,10.52499771118164,-61.32500457763672,5774.213694155216,0.004188057434998317,2024,2024
TTO,Trinidad and Tobago,2024,10.52499771118164,-61.275001525878906,2875.5196179151535,0.002085624459566348,2024,2024
TTO,Trinidad and Tobago,2024,10.52499771118164,-61.225006103515625,862.2243970485605,0.000625374377874401,2024,2024
TTO,Trinidad and Tobago,2024,10.52499771118164,-61.17500305175781,3032.062108516693,0.0021991652767897486,2024,2024
TTO,Trinidad and Tobago,2024,10.52499771118164,-61.12500762939453,1847.300589800099,0.0013398535938530013,2024,2024
TTO,Trinidad and Tobago,2024,10.52499771118164,-61.07500457763672,2590.5877599716187,0.0018789623841159366,2024,2024
TTO,Trinidad and Tobago,2024,10.52499771118164,-61.025001525878906,1092.2048358917236,0.0007921799964084411,2024,2024
TTO,Trinidad and Tobago,2024,10.574996948242188,-61.42500305175781,17834.333872318297,0.012935304879313532,2024,2024
TTO,Trinidad and Tobago,2024,10.574996948242188,-61.37500762939453,27637.84073633235,0.020045822775880216,2024,2024
TTO,Trinidad and Tobago,2024,10.574996948242188,-61.32500457763672,16645.70207452774,0.012073186069396424,2024,2024
TTO,Trinidad and Tobago,2024,10.574996948242188,-61.275001525878906,14766.611397504807,0.010710275013834376,2024,2024
TTO,Trinidad and Tobago,2024,10.574996948242188,-61.225006103515625,2789.3873257637024,0.0020231524061154224,2024,2024
TTO,Trinidad and Tobago,2024,10.574996948242188,-61.17500305175781,4858.799410581589,0.0035241042459598078,2024,2024
TTO,Trinidad and Tobago,2024,10.574996948242188,-61.12500762939453,25846.233095169067,0.018746363472915945,2024,2024
TTO,Trinidad and Tobago,2024,10.574996948242188,-61.07500457763672,3766.3119852542877,0.0027317192864430703,2024,2024
TTO,Trinidad and Tobago,2024,10.574996948242188,-61.025001525878906,743.1879716964887,0.0005390368412612357,2024,2024
TTO,Trinidad and Tobago,2024,10.624996185302734,-61.475006103515625,30784.002022266424,0.022327744586047617,2024,2024
TTO,Trinidad and Tobago,2024,10.624996185302734,-61.42500305175781,49762.38452911377,0.03609283195066974,2024,2024
TTO,Trinidad and Tobago,2024,10.624996185302734,-61.37500762939453,47177.855197906494,0.03421826376617559,2024,2024
TTO,Trinidad and Tobago,2024,10.624996185302734,-61.32500457763672,50526.28589630127,0.03664689229029544,2024,2024
TTO,Trinidad and Tobago,2024,10.624996185302734,-61.275001525878906,65779.33657836914,0.04770998342253079,2024,2024
TTO,Trinidad and Tobago,2024,10.624996185302734,-61.225006103515625,11086.127942800522,0.008040807461487805,2024,2024
TTO,Trinidad and Tobago,2024,10.624996185302734,-61.17500305175781,5933.325531125069,0.004303461808149998,2024,2024
TTO,Trinidad and Tobago,2024,10.624996185302734,-61.12500762939453,5599.6087065935135,0.00406141582540812,2024,2024
TTO,Trinidad and Tobago,2024,10.624996185302734,-61.07500457763672,2964.065336704254,0.0021498469798182968,2024,2024
TTO,Trinidad and Tobago,2024,10.674999237060547,-61.525001525878906,72951.90872192387,0.052912275143095704,2024,2024
TTO,Trinidad and Tobago,2024,10.674999237060547,-61.475006103515625,68627.79862737656,0.0497759829325128,2024,2024
TTO,Trinidad and Tobago,2024,10.674999237060547,-61.42500305175781,39077.0693321228,0.028342735378844533,2024,2024
TTO,Trinidad and Tobago,2024,10.674999237060547,-61.37500762939453,11889.854693770727,0.008623753291586716,2024,2024
TTO,Trinidad and Tobago,2024,10.674999237060547,-61.32500457763672,2150.4479525089264,0.0015597274387676695,2024,2024
TTO,Trinidad and Tobago,2024,10.674999237060547,-61.275001525878906,3686.2470321394503,0.002673647895265636,2024,2024
TTO,Trinidad and Tobago,2024,10.674999237060547,-61.225006103515625,3076.7469774484634,0.002231575368877448,2024,2024
TTO,Trinidad and Tobago,2024,10.674999237060547,-61.17500305175781,5943.189819455147,0.004310616411056982,2024,2024
TTO,Trinidad and Tobago,2024,10.674999237060547,-61.12500762939453,684.8706229925322,0.0004967390638034641,2024,2024
TTO,Trinidad and Tobago,2024,10.674999237060547,-61.07500457763672,2262.9053261282693,0.0016412931660949428,2024,2024
TTO,Trinidad and Tobago,2024,10.724998474121094,-61.62500762939453,1046.114490270682,0.0007587505071508415,2024,2024
TTO,Trinidad and Tobago,2024,10.724998474121094,-61.57500457763672,35789.7057209015,0.02595839902713413,2024,2024
TTO,Trinidad and Tobago,2024,10.724998474121094,-61.525001525878906,22726.078487397383,0.016483304397591186,2024,2024
TTO,Trinidad and Tobago,2024,10.724998474121094,-61.475006103515625,16747.651160001755,0.012147130098493046,2024,2024
TTO,Trinidad and Tobago,2024,10.724998474121094,-61.42500305175781,2572.423812271718,0.0018657880091719522,2024,2024
TTO,Trinidad and Tobago,2024,10.724998474121094,-61.37500762939453,806.6004267935405,0.0005850301172478043,2024,2024
TTO,Trinidad and Tobago,2024,10.724998474121094,-61.32500457763672,626.9030090570941,0.00045469495019936207,2024,2024
TTO,Trinidad and Tobago,2024,10.724998474121094,-61.275001525878906,686.8841731548309,0.0004981994987950705,2024,2024
TTO,Trinidad and Tobago,2024,10.724998474121094,-61.225006103515625,88.96769672633873,6.452858232915315e-05,2024,2024
TTO,Trinidad and Tobago,2024,10.724998474121094,-61.17500305175781,89.20444476604462,6.470029651231806e-05,2024,2024
TTO,Trinidad and Tobago,2024,10.724998474121094,-61.12500762939453,54.566730976104736,3.9577441271241834e-05,2024,2024
TTO,Trinidad and Tobago,2024,10.724998474121094,-61.07500457763672,0.0,0.0,2024,2024
TTO,Trinidad and Tobago,2024,10.724998474121094,-61.025001525878906,462.40478408362463,0.00033538381094562914,2024,2024
TTO,Trinidad and Tobago,2024,10.77499771118164,-61.37500762939453,1176.6115074157715,0.000853400451168813,2024,2024
TTO,Trinidad and Tobago,2024,10.77499771118164,-61.32500457763672,815.6924753040075,0.0005916246119063879,2024,2024
TTO,Trinidad and Tobago,2024,10.77499771118164,-61.275001525878906,167.34013307142837,0.00012137238516004331,2024,2024
TTO,Trinidad and Tobago,2024,10.77499771118164,-61.225006103515625,7.198247075080872,5.220913838409279e-06,2024,2024
TTO,Trinidad and Tobago,2024,10.77499771118164,-61.17500305175781,0.0,0.0,2024,2024
TTO,Trinidad and Tobago,2024,10.77499771118164,-61.12500762939453,0.0,0.0,2024,2024
TTO,Trinidad and Tobago,2024,10.77499771118164,-61.07500457763672,0.0,0.0,2024,2024
TTO,Trinidad and Tobago,2024,10.77499771118164,-61.025001525878906,0.0,0.0,2024,2024
TTO,Trinidad and Tobago,2024,10.77499771118164,-60.975006103515625,805.0128588680352,0.0005838786486659077,2024,2024
TTO,Trinidad and Tobago,2024,10.824996948242188,-61.07500457763672,201.5291441679396,0.0001461697947645613,2024,2024
TTO,Trinidad and Tobago,2024,10.824996948242188,-61.025001525878906,491.65736782567905,0.00035660081248435475,2024,2024
TTO,Trinidad and Tobago,2024,10.824996948242188,-60.975006103515625,461.0761951804161,0.00033442018075650556,2024,2024
TTO,Trinidad and Tobago,2024,10.824996948242188,-60.92500305175781,1771.7162209749222,0.001285031986168416,2024,2024
TTO,Trinidad and Tobago,2024,11.174999237060547,-60.82500457763672,7723.423128202577,0.005601825870845103,2024,2024
TTO,Trinidad and Tobago,2024,11.174999237060547,-60.775001525878906,16315.816696166992,0.01183391904799411,2024,2024
TTO,Trinidad and Tobago,2024,11.224998474121094,-60.775001525878906,5296.838344931647,0.003841815420674463,2024,2024
TTO,Trinidad and Tobago,2024,11.224998474121094,-60.725006103515625,10007.270747214556,0.007258308555385876,2024,2024
TTO,Trinidad and Tobago,2024,11.224998474121094,-60.67500305175781,869.8818855285645,0.0006309283811137609,2024,2024
TTO,Trinidad and Tobago,2024,11.224998474121094,-60.62500762939453,4420.206575900316,0.003205991325393118,2024,2024
TTO,Trinidad and Tobago,2024,11.27499771118164,-60.67500305175781,1053.1075868606567,0.0007638226246232086,2024,2024
TTO,Trinidad and Tobago,2024,11.27499771118164,-60.62500762939453,425.4210252463861,0.00030855936100723064,2024,2024
TTO,Trinidad and Tobago,2024,11.27499771118164,-60.57500457763672,3096.3041357115144,0.0022457602443270554,2024,2024
TTO,Trinidad and Tobago,2024,11.324996948242188,-60.525001525878906,774.707611143589,0.0005618981462504352,2024,2024
