iso3,country,year,lat,lon,pop_count,pop_share
BLZ,Belize,2017,15.924995422363281,-89.22500610351562,0.644964516268459,1.955178945081293e-06
BLZ,Belize,2017,15.924995422363281,-89.17500305175781,51.464172065258026,0.00015601116512609935
BLZ,Belize,2017,15.924995422363281,-89.12500762939453,75.73897779004595,0.0002295990724479478
BLZ,Belize,2017,15.924995422363281,-89.07500457763672,2.444392204284668,7.410057531519978e-06
BLZ,Belize,2017,15.924995422363281,-89.0250015258789,0.0,0.0
BLZ,Belize,2017,15.924995422363281,-88.97500610351562,0.0,0.0
BLZ,Belize,2017,15.924995422363281,-88.92500305175781,1.317068849815417e-11,3.992630942365954e-17
BLZ,Belize,2017,15.974998474121094,-89.17500305175781,21.145103693008423,6.410036597257149e-05
BLZ,Belize,2017,15.974998474121094,-89.12500762939453,188.52258080282976,0.0005714971465262067
BLZ,Belize,2017,15.974998474121094,-89.07500457763672,16.628429114818573,5.040828398307959e-05
BLZ,Belize,2017,15.974998474121094,-89.0250015258789,18.671165622770786,5.660074156788513e-05
BLZ,Belize,2017,15.974998474121094,-88.97500610351562,3.5081710815429688,1.0634852090872018e-05
BLZ,Belize,2017,15.974998474121094,-88.92500305175781,42.11952506005764,0.00012768331667407706
BLZ,Belize,2017,16.024993896484375,-89.17500305175781,155.2600823046327,0.0004706634803568832
BLZ,Belize,2017,16.024993896484375,-89.12500762939453,36.64426082386065,0.00011108531618979449
BLZ,Belize,2017,16.024993896484375,-89.07500457763672,202.5687916280835,0.0006140775598218087
BLZ,Belize,2017,16.024993896484375,-89.0250015258789,362.3460218907146,0.0010984345571963309
BLZ,Belize,2017,16.024993896484375,-88.97500610351562,51.808172166347504,0.00015705398490577856
BLZ,Belize,2017,16.024993896484375,-88.92500305175781,252.77189946174724,0.0007662658693150535
BLZ,Belize,2017,16.024993896484375,-88.87500762939453,2.2597854137420654,6.850430915041604e-06
BLZ,Belize,2017,16.074996948242188,-89.17500305175781,8.993657231352643,2.7263839815180746e-05
BLZ,Belize,2017,16.074996948242188,-89.12500762939453,203.89994317350568,0.0006181128817793326
BLZ,Belize,2017,16.074996948242188,-89.07500457763672,131.09339934607434,0.0003974033420063249
BLZ,Belize,2017,16.074996948242188,-89.0250015258789,43.79807770262293,0.00013277176836742292
BLZ,Belize,2017,16.074996948242188,-88.97500610351562,242.6567326784323,0.0007356022271737063
BLZ,Belize,2017,16.074996948242188,-88.92500305175781,169.7871913611889,0.0005147017135369175
BLZ,Belize,2017,16.074996948242188,-88.87500762939453,89.30326162278652,0.00027071854721893204
BLZ,Belize,2017,16.074996948242188,-88.82500457763672,2243.4278172254562,0.006800843647068404
BLZ,Belize,2017,16.125,-89.17500305175781,286.413450717926,0.0008682486157093926
BLZ,Belize,2017,16.125,-89.12500762939453,30.561905384252967,9.264694788881393e-05
BLZ,Belize,2017,16.125,-89.07500457763672,305.58363711833954,0.0009263621147902803
BLZ,Belize,2017,16.125,-89.0250015258789,124.39590296149936,0.0003771002034838507
BLZ,Belize,2017,16.125,-88.97500610351562,235.4330530166626,0.0007137039893258039
BLZ,Belize,2017,16.125,-88.92500305175781,335.0336022973965,0.0010156382693679105
BLZ,Belize,2017,16.125,-88.87500762939453,192.84100061663221,0.0005845882287221984
BLZ,Belize,2017,16.125,-88.82500457763672,4703.02243077755,0.014256986551914264
BLZ,Belize,2017,16.17499542236328,-89.17500305175781,301.9426770215247,0.0009153247191791851
BLZ,Belize,2017,16.17499542236328,-89.12500762939453,35.36777591726671,0.00010721571352153282
BLZ,Belize,2017,16.17499542236328,-89.07500457763672,203.2557052981618,0.0006161599056113043
BLZ,Belize,2017,16.17499542236328,-89.0250015258789,348.14892631771454,0.0010553967440368815
BLZ,Belize,2017,16.17499542236328,-88.97500610351562,24.492007672786713,7.424634459218833e-05
BLZ,Belize,2017,16.17499542236328,-88.92500305175781,454.9936926366495,0.0013792915199968665
BLZ,Belize,2017,16.17499542236328,-88.87500762939453,916.3127018214993,0.002777757933222848
BLZ,Belize,2017,16.17499542236328,-88.82500457763672,255.80119037628174,0.0007754490191864467
BLZ,Belize,2017,16.17499542236328,-88.7750015258789,17.064279198646545,5.172954257268805e-05
BLZ,Belize,2017,16.224998474121094,-89.17500305175781,206.20871722729783,0.0006251118194031282
BLZ,Belize,2017,16.224998474121094,-89.12500762939453,517.5843786522921,0.001569032177613201
BLZ,Belize,2017,16.224998474121094,-89.07500457763672,285.1757261753082,0.000864496513222363
BLZ,Belize,2017,16.224998474121094,-89.0250015258789,1260.8759977819263,0.0038222850110958087
BLZ,Belize,2017,16.224998474121094,-88.97500610351562,549.6653113365173,0.0016662839837833553
BLZ,Belize,2017,16.224998474121094,-88.92500305175781,1055.0548988581595,0.0031983482379575145
BLZ,Belize,2017,16.224998474121094,-88.87500762939453,200.18522999446546,0.0006068519072427857
BLZ,Belize,2017,16.224998474121094,-88.82500457763672,249.2424528599057,0.0007555665215065347
BLZ,Belize,2017,16.224998474121094,-88.7750015258789,15.633496284484863,4.739219290741348e-05
BLZ,Belize,2017,16.274993896484375,-89.17500305175781,36.51961457733383,0.00011070745708181961
BLZ,Belize,2017,16.274993896484375,-89.12500762939453,70.8844273686409,0.00021488273607229524
BLZ,Belize,2017,16.274993896484375,-89.07500457763672,616.5346514584604,0.0018689951757638506
BLZ,Belize,2017,16.274993896484375,-89.0250015258789,483.98046614273863,0.0014671635312709808
BLZ,Belize,2017,16.274993896484375,-88.97500610351562,1274.8284432291985,0.003864581179152823
BLZ,Belize,2017,16.274993896484375,-88.92500305175781,692.239283323464,0.002098490130190111
BLZ,Belize,2017,16.274993896484375,-88.87500762939453,1498.387971043781,0.004542291147267488
BLZ,Belize,2017,16.274993896484375,-88.82500457763672,131.71186262369156,0.00039927818371963215
BLZ,Belize,2017,16.274993896484375,-88.7750015258789,0.0,0.0
BLZ,Belize,2017,16.274993896484375,-88.72500610351562,1.143199805797503e-22,3.465555288604345e-28
BLZ,Belize,2017,16.274993896484375,-88.67500305175781,7.827632129350566,2.3729090737726397e-05
BLZ,Belize,2017,16.274993896484375,-88.62500762939453,3.68404358625412,1.116800113947305e-05
BLZ,Belize,2017,16.274993896484375,-88.57500457763672,1.187571719288826,3.6000666125964582e-06
BLZ,Belize,2017,16.324996948242188,-89.17500305175781,0.0,0.0
BLZ,Belize,2017,16.324996948242188,-89.12500762939453,0.9636771082878113,2.921340855900503e-06
BLZ,Belize,2017,16.324996948242188,-89.07500457763672,12.341303467759122,3.741206855010575e-05
BLZ,Belize,2017,16.324996948242188,-89.0250015258789,0.0,0.0
BLZ,Belize,2017,16.324996948242188,-88.97500610351562,18.10140401172974,5.4873536617032664e-05
BLZ,Belize,2017,16.324996948242188,-88.92500305175781,50.92503596858556,0.0001543767999507157
BLZ,Belize,2017,16.324996948242188,-88.87500762939453,98.25235420466946,0.0002978472914402618
BLZ,Belize,2017,16.324996948242188,-88.82500457763672,636.2282307149183,0.0019286953151425091
BLZ,Belize,2017,16.324996948242188,-88.7750015258789,77.43043804185271,0.00023472665293858977
BLZ,Belize,2017,16.324996948242188,-88.72500610351562,0.0,0.0
BLZ,Belize,2017,16.324996948242188,-88.67500305175781,2.31413443391806,7.015187358618838e-06
BLZ,Belize,2017,16.324996948242188,-88.62500762939453,27.101761646583483,8.215768838351997e-05
BLZ,Belize,2017,16.324996948242188,-88.57500457763672,0.0898410752415657,2.723489033661179e-07
BLZ,Belize,2017,16.324996948242188,-88.5250015258789,1.5965980887413025,4.840010400765496e-06
BLZ,Belize,2017,16.375,-89.17500305175781,0.0,0.0
BLZ,Belize,2017,16.375,-89.12500762939453,0.0,0.0
BLZ,Belize,2017,16.375,-89.07500457763672,0.0,0.0
BLZ,Belize,2017,16.375,-89.0250015258789,0.0,0.0
BLZ,Belize,2017,16.375,-88.97500610351562,1.711443543434143,5.1881588791544465e-06
BLZ,Belize,2017,16.375,-88.92500305175781,0.989767849445343,3.0004336842438514e-06
BLZ,Belize,2017,16.375,-88.87500762939453,0.0,0.0
BLZ,Belize,2017,16.375,-88.82500457763672,99.08877342941022,0.0003003828561360313
BLZ,Belize,2017,16.375,-88.7750015258789,167.78615748883743,0.0005086356754884187
BLZ,Belize,2017,16.375,-88.72500610351562,0.852517306804657,2.5843652581471294e-06
BLZ,Belize,2017,16.375,-88.67500305175781,1.4183670282363892,4.299711503587611e-06
BLZ,Belize,2017,16.375,-88.62500762939453,1.4026928022503853,4.252195840546817e-06
BLZ,Belize,2017,16.375,-88.57500457763672,0.0,0.0
BLZ,Belize,2017,16.375,-88.5250015258789,41.996667862109234,0.00012731088098091653
BLZ,Belize,2017,16.375,-88.47500610351562,101.26167760835651,0.00030696991076181875
BLZ,Belize,2017,16.42499542236328,-89.17500305175781,0.4039435163140297,1.2245353630750053e-06
BLZ,Belize,2017,16.42499542236328,-89.12500762939453,0.0,0.0
BLZ,Belize,2017,16.42499542236328,-89.07500457763672,0.0,0.0
BLZ,Belize,2017,16.42499542236328,-89.0250015258789,0.0,0.0
BLZ,Belize,2017,16.42499542236328,-88.97500610351562,0.0,0.0
BLZ,Belize,2017,16.42499542236328,-88.92500305175781,0.0,0.0
BLZ,Belize,2017,16.42499542236328,-88.87500762939453,0.0,0.0
BLZ,Belize,2017,16.42499542236328,-88.82500457763672,0.9418327212333679,2.8551206460133646e-06
BLZ,Belize,2017,16.42499542236328,-88.7750015258789,26.839416086690896,8.136240042255553e-05
BLZ,Belize,2017,16.42499542236328,-88.72500610351562,110.5212306976374,0.00033503980109589234
BLZ,Belize,2017,16.42499542236328,-88.67500305175781,0.8157142400741577,2.472798529480861e-06
BLZ,Belize,2017,16.42499542236328,-88.62500762939453,12.501862406746119,3.789879525992261e-05
BLZ,Belize,2017,16.42499542236328,-88.57500457763672,26.91249260309616,8.158392837122798e-05
BLZ,Belize,2017,16.42499542236328,-88.5250015258789,303.369702065723,0.0009196506770422049
BLZ,Belize,2017,16.42499542236328,-88.47500610351562,170.8087203032937,0.0005177984294476625
BLZ,Belize,2017,16.474998474121094,-89.17500305175781,9.116827487945557,2.7637224530581878e-05
BLZ,Belize,2017,16.474998474121094,-89.12500762939453,0.0,0.0
BLZ,Belize,2017,16.474998474121094,-89.07500457763672,0.0,0.0
BLZ,Belize,2017,16.474998474121094,-89.0250015258789,0.0,0.0
BLZ,Belize,2017,16.474998474121094,-88.97500610351562,0.0,0.0
BLZ,Belize,2017,16.474998474121094,-88.92500305175781,0.6365886926651001,1.9297880382268364e-06
BLZ,Belize,2017,16.474998474121094,-88.87500762939453,0.3207663297653198,9.723877181285272e-07
BLZ,Belize,2017,16.474998474121094,-88.82500457763672,0.0,0.0
BLZ,Belize,2017,16.474998474121094,-88.7750015258789,0.7677170634269714,2.3272973944000204e-06
BLZ,Belize,2017,16.474998474121094,-88.72500610351562,11.539435029029846,3.4981242902209003e-05
BLZ,Belize,2017,16.474998474121094,-88.67500305175781,81.88910263776779,0.00024824288045378537
BLZ,Belize,2017,16.474998474121094,-88.62500762939453,489.48739693338484,0.0014838575273937221
BLZ,Belize,2017,16.474998474121094,-88.57500457763672,23.7938175201416,7.212981468754685e-05
BLZ,Belize,2017,16.474998474121094,-88.5250015258789,361.62575447559357,0.00109625110113115
BLZ,Belize,2017,16.474998474121094,-88.47500610351562,77.09213249388536,0.00023370109592311725
BLZ,Belize,2017,16.474998474121094,-88.42500305175781,177.18836241176473,0.000537138008002779
BLZ,Belize,2017,16.524993896484375,-89.17500305175781,0.0,0.0
BLZ,Belize,2017,16.524993896484375,-89.12500762939453,2.547571897506714,7.722841814467602e-06
BLZ,Belize,2017,16.524993896484375,-89.07500457763672,0.0,0.0
BLZ,Belize,2017,16.524993896484375,-89.0250015258789,0.0,0.0
BLZ,Belize,2017,16.524993896484375,-88.97500610351562,0.0,0.0
BLZ,Belize,2017,16.524993896484375,-88.92500305175781,0.0,0.0
BLZ,Belize,2017,16.524993896484375,-88.87500762939453,0.40095841884613037,1.215486183513904e-06
BLZ,Belize,2017,16.524993896484375,-88.82500457763672,5.583523355462261,1.692618280324972e-05
BLZ,Belize,2017,16.524993896484375,-88.7750015258789,0.0,0.0
BLZ,Belize,2017,16.524993896484375,-88.72500610351562,9.784083530306816,2.9659979166063218e-05
BLZ,Belize,2017,16.524993896484375,-88.67500305175781,99.90683688986527,0.0003028627762142334
BLZ,Belize,2017,16.524993896484375,-88.62500762939453,692.7265743911266,0.002099967329650839
BLZ,Belize,2017,16.524993896484375,-88.57500457763672,419.1483007075941,0.0012706279364816699
BLZ,Belize,2017,16.524993896484375,-88.5250015258789,3036.177229344845,0.009204025403902055
BLZ,Belize,2017,16.524993896484375,-88.47500610351562,219.1836629807949,0.0006644447441004151
BLZ,Belize,2017,16.524993896484375,-88.42500305175781,5600.698045015335,0.016978247049507417
BLZ,Belize,2017,16.524993896484375,-88.37500762939453,1578.3230195194803,0.0047846104064074545
BLZ,Belize,2017,16.574996948242188,-89.17500305175781,0.0,0.0
BLZ,Belize,2017,16.574996948242188,-89.12500762939453,0.0,0.0
BLZ,Belize,2017,16.574996948242188,-89.07500457763672,0.0,0.0
BLZ,Belize,2017,16.574996948242188,-89.0250015258789,0.0,0.0
BLZ,Belize,2017,16.574996948242188,-88.97500610351562,0.0,0.0
BLZ,Belize,2017,16.574996948242188,-88.92500305175781,0.0,0.0
BLZ,Belize,2017,16.574996948242188,-88.87500762939453,0.0,0.0
BLZ,Belize,2017,16.574996948242188,-88.82500457763672,0.10166071355435324,3.08179569061251e-07
BLZ,Belize,2017,16.574996948242188,-88.7750015258789,0.0,0.0
BLZ,Belize,2017,16.574996948242188,-88.72500610351562,15.773240804672241,4.7815821706625006e-05
BLZ,Belize,2017,16.574996948242188,-88.67500305175781,20.8232963681221,6.312482252774611e-05
BLZ,Belize,2017,16.574996948242188,-88.62500762939453,16.982274055514786,5.148094792105166e-05
BLZ,Belize,2017,16.574996948242188,-88.57500457763672,365.07418704130293,0.001106704858781286
BLZ,Belize,2017,16.574996948242188,-88.5250015258789,1553.4799782559276,0.0047092999203495415
BLZ,Belize,2017,16.574996948242188,-88.47500610351562,2.5136272311296497,7.619940189146838e-06
BLZ,Belize,2017,16.574996948242188,-88.42500305175781,441.8986248375137,0.001339594451089241
BLZ,Belize,2017,16.574996948242188,-88.37500762939453,1345.2305697173035,0.004078001843276923
BLZ,Belize,2017,16.625,-89.17500305175781,0.0,0.0
BLZ,Belize,2017,16.625,-89.12500762939453,0.0,0.0
BLZ,Belize,2017,16.625,-89.07500457763672,0.0,0.0
BLZ,Belize,2017,16.625,-89.0250015258789,0.0,0.0
BLZ,Belize,2017,16.625,-88.97500610351562,0.5429210662841797,1.6458391289205017e-06
BLZ,Belize,2017,16.625,-88.92500305175781,0.0,0.0
BLZ,Belize,2017,16.625,-88.87500762939453,0.0,0.0
BLZ,Belize,2017,16.625,-88.82500457763672,0.0,0.0
BLZ,Belize,2017,16.625,-88.7750015258789,1.4101351499557495,4.274756960063422e-06
BLZ,Belize,2017,16.625,-88.72500610351562,1.2198086977005005,3.6977914638924805e-06
BLZ,Belize,2017,16.625,-88.67500305175781,0.0,0.0
BLZ,Belize,2017,16.625,-88.62500762939453,12.776332907393808,3.873083939626842e-05
BLZ,Belize,2017,16.625,-88.57500457763672,978.8576809765784,0.0029673600326872757
BLZ,Belize,2017,16.625,-88.5250015258789,249.18001433464752,0.0007553772421169443
BLZ,Belize,2017,16.625,-88.47500610351562,325.74133199497317,0.0009874691983740263
BLZ,Belize,2017,16.625,-88.42500305175781,24.47882097230616,7.420636974320929e-05
BLZ,Belize,2017,16.625,-88.37500762939453,767.4326629042625,0.0023264352478788632
BLZ,Belize,2017,16.67499542236328,-89.12500762939453,0.0,0.0
BLZ,Belize,2017,16.67499542236328,-89.07500457763672,0.48030897974967957,1.4560335966593942e-06
BLZ,Belize,2017,16.67499542236328,-89.0250015258789,0.5754027962684631,1.7443059328503047e-06
BLZ,Belize,2017,16.67499542236328,-88.97500610351562,10.648969769586724,3.228184024876928e-05
BLZ,Belize,2017,16.67499542236328,-88.92500305175781,0.0,0.0
BLZ,Belize,2017,16.67499542236328,-88.87500762939453,0.0,0.0
BLZ,Belize,2017,16.67499542236328,-88.82500457763672,0.0,0.0
BLZ,Belize,2017,16.67499542236328,-88.7750015258789,0.6898835301399231,2.0913487775914975e-06
BLZ,Belize,2017,16.67499542236328,-88.72500610351562,0.0,0.0
BLZ,Belize,2017,16.67499542236328,-88.67500305175781,0.0,0.0
BLZ,Belize,2017,16.67499542236328,-88.62500762939453,0.0,0.0
BLZ,Belize,2017,16.67499542236328,-88.57500457763672,189.73926615715027,0.0005751854697246973
BLZ,Belize,2017,16.67499542236328,-88.5250015258789,809.9191243054063,0.002455230914442245
BLZ,Belize,2017,16.67499542236328,-88.47500610351562,1056.9510915137914,0.0032040964548944078
BLZ,Belize,2017,16.67499542236328,-88.42500305175781,837.0365027785564,0.0025374359444852237
BLZ,Belize,2017,16.67499542236328,-88.37500762939453,436.0721170306206,0.0013219316725951642
BLZ,Belize,2017,16.67499542236328,-88.32500457763672,394.8568491938088,0.0011969895682501883
BLZ,Belize,2017,16.724998474121094,-89.12500762939453,1.1694040298461914,3.5449921348801837e-06
BLZ,Belize,2017,16.724998474121094,-89.07500457763672,0.0,0.0
BLZ,Belize,2017,16.724998474121094,-89.0250015258789,0.6536121368408203,1.9813937913893576e-06
BLZ,Belize,2017,16.724998474121094,-88.97500610351562,29.859269142242127,9.051693987786343e-05
BLZ,Belize,2017,16.724998474121094,-88.92500305175781,0.0,0.0
BLZ,Belize,2017,16.724998474121094,-88.87500762939453,0.0,0.0
BLZ,Belize,2017,16.724998474121094,-88.82500457763672,0.0,0.0
BLZ,Belize,2017,16.724998474121094,-88.7750015258789,0.0,0.0
BLZ,Belize,2017,16.724998474121094,-88.72500610351562,0.0,0.0
BLZ,Belize,2017,16.724998474121094,-88.67500305175781,0.0,0.0
BLZ,Belize,2017,16.724998474121094,-88.62500762939453,0.0,0.0
BLZ,Belize,2017,16.724998474121094,-88.57500457763672,0.0,0.0
BLZ,Belize,2017,16.724998474121094,-88.5250015258789,0.9184152483940125,2.784131702144919e-06
BLZ,Belize,2017,16.724998474121094,-88.47500610351562,15.845772505373372,4.80356980726649e-05
BLZ,Belize,2017,16.724998474121094,-88.42500305175781,1005.9424777035094,0.003049466292731914
BLZ,Belize,2017,16.724998474121094,-88.37500762939453,227.54054312717537,0.000689778224775141
BLZ,Belize,2017,16.724998474121094,-88.32500457763672,304.16745510700935,0.0009220690270604692
BLZ,Belize,2017,16.774993896484375,-89.12500762939453,63.39873445034027,0.0001921902176251044
BLZ,Belize,2017,16.774993896484375,-89.07500457763672,9.760783672332764,2.9589346766008375e-05
BLZ,Belize,2017,16.774993896484375,-89.0250015258789,11.650523364543915,3.531800185431053e-05
BLZ,Belize,2017,16.774993896484375,-88.97500610351562,0.0,0.0
BLZ,Belize,2017,16.774993896484375,-88.92500305175781,0.0,0.0
BLZ,Belize,2017,16.774993896484375,-88.87500762939453,0.0,0.0
BLZ,Belize,2017,16.774993896484375,-88.82500457763672,0.0,0.0
BLZ,Belize,2017,16.774993896484375,-88.7750015258789,0.0,0.0
BLZ,Belize,2017,16.774993896484375,-88.72500610351562,0.0,0.0
BLZ,Belize,2017,16.774993896484375,-88.67500305175781,0.0,0.0
BLZ,Belize,2017,16.774993896484375,-88.62500762939453,0.0,0.0
BLZ,Belize,2017,16.774993896484375,-88.57500457763672,0.0,0.0
BLZ,Belize,2017,16.774993896484375,-88.5250015258789,0.0,0.0
BLZ,Belize,2017,16.774993896484375,-88.47500610351562,34.64863932132721,0.00010503568548037296
BLZ,Belize,2017,16.774993896484375,-88.42500305175781,29.97442299127727,9.086602323888489e-05
BLZ,Belize,2017,16.774993896484375,-88.37500762939453,523.897148668766,0.0015881690366341596
BLZ,Belize,2017,16.774993896484375,-88.32500457763672,203.0576067864895,0.000615559379490403
BLZ,Belize,2017,16.824996948242188,-89.12500762939453,0.717492401599884,2.175043745011229e-06
BLZ,Belize,2017,16.824996948242188,-89.07500457763672,16.042704045772552,4.863268657621637e-05
BLZ,Belize,2017,16.824996948242188,-89.0250015258789,19.18976205587387,5.8172841739943844e-05
BLZ,Belize,2017,16.824996948242188,-88.97500610351562,0.0,0.0
BLZ,Belize,2017,16.824996948242188,-88.92500305175781,0.0,0.0
BLZ,Belize,2017,16.824996948242188,-88.87500762939453,0.0,0.0
BLZ,Belize,2017,16.824996948242188,-88.82500457763672,0.0,0.0
BLZ,Belize,2017,16.824996948242188,-88.7750015258789,0.0,0.0
BLZ,Belize,2017,16.824996948242188,-88.72500610351562,0.0,0.0
BLZ,Belize,2017,16.824996948242188,-88.67500305175781,0.0,0.0
BLZ,Belize,2017,16.824996948242188,-88.62500762939453,0.0,0.0
BLZ,Belize,2017,16.824996948242188,-88.57500457763672,0.0,0.0
BLZ,Belize,2017,16.824996948242188,-88.5250015258789,0.0,0.0
BLZ,Belize,2017,16.824996948242188,-88.47500610351562,3.990849317681011e-10,1.2098067974446709e-15
BLZ,Belize,2017,16.824996948242188,-88.42500305175781,15.672819018363953,4.7511397885988506e-05
BLZ,Belize,2017,16.824996948242188,-88.37500762939453,435.66763925553823,0.0013207055176523003
BLZ,Belize,2017,16.824996948242188,-88.32500457763672,1073.6072714329923,0.003254588864107742
BLZ,Belize,2017,16.875,-89.12500762939453,0.0,0.0
BLZ,Belize,2017,16.875,-89.07500457763672,0.0,0.0
BLZ,Belize,2017,16.875,-89.0250015258789,47.92808198955332,0.00014529167794573636
BLZ,Belize,2017,16.875,-88.97500610351562,0.0,0.0
BLZ,Belize,2017,16.875,-88.92500305175781,0.0,0.0
BLZ,Belize,2017,16.875,-88.87500762939453,0.0,0.0
BLZ,Belize,2017,16.875,-88.82500457763672,0.0,0.0
BLZ,Belize,2017,16.875,-88.7750015258789,0.0,0.0
BLZ,Belize,2017,16.875,-88.72500610351562,0.0,0.0
BLZ,Belize,2017,16.875,-88.67500305175781,0.0,0.0
BLZ,Belize,2017,16.875,-88.62500762939453,0.0,0.0
BLZ,Belize,2017,16.875,-88.57500457763672,1.3791614473000364,4.180861668530125e-06
BLZ,Belize,2017,16.875,-88.5250015258789,0.0,0.0
BLZ,Belize,2017,16.875,-88.47500610351562,0.0,0.0
BLZ,Belize,2017,16.875,-88.42500305175781,6.144345045089722,1.8626286811836946e-05
BLZ,Belize,2017,16.875,-88.37500762939453,289.48846335856433,0.0008775703687968638
BLZ,Belize,2017,16.875,-88.32500457763672,1652.1350138932467,0.005008367921206884
BLZ,Belize,2017,16.92499542236328,-89.12500762939453,2.025465190410614,6.140100415442916e-06
BLZ,Belize,2017,16.92499542236328,-89.07500457763672,49.60962551832874,0.00015038919636693726
BLZ,Belize,2017,16.92499542236328,-89.0250015258789,14.56461223962745,4.4151922277751956e-05
BLZ,Belize,2017,16.92499542236328,-88.97500610351562,2.9467205703258514,8.932841839846183e-06
BLZ,Belize,2017,16.92499542236328,-88.92500305175781,3.0580064654401724,9.27019968438453e-06
BLZ,Belize,2017,16.92499542236328,-88.87500762939453,0.722974896549327,2.191663665055332e-06
BLZ,Belize,2017,16.92499542236328,-88.82500457763672,2.081901751458645,6.311185138882145e-06
BLZ,Belize,2017,16.92499542236328,-88.7750015258789,0.0,0.0
BLZ,Belize,2017,16.92499542236328,-88.72500610351562,0.0,0.0
BLZ,Belize,2017,16.92499542236328,-88.67500305175781,0.0,0.0
BLZ,Belize,2017,16.92499542236328,-88.62500762939453,0.4005066752433777,1.2141167444852465e-06
BLZ,Belize,2017,16.92499542236328,-88.57500457763672,0.0,0.0
BLZ,Belize,2017,16.92499542236328,-88.5250015258789,0.5169541910946385,1.5671217943082322e-06
BLZ,Belize,2017,16.92499542236328,-88.47500610351562,0.0,0.0
BLZ,Belize,2017,16.92499542236328,-88.42500305175781,0.0,0.0
BLZ,Belize,2017,16.92499542236328,-88.37500762939453,94.13781350910182,0.00028537425899624824
BLZ,Belize,2017,16.92499542236328,-88.32500457763672,283.0313852727608,0.0008579960467967152
BLZ,Belize,2017,16.92499542236328,-88.2750015258789,22.018805802029313,6.674895194085712e-05
BLZ,Belize,2017,16.974998474121094,-89.12500762939453,13.278991878162405,4.0254625916942555e-05
BLZ,Belize,2017,16.974998474121094,-89.07500457763672,80.18494462969767,0.00024307680732506845
BLZ,Belize,2017,16.974998474121094,-89.0250015258789,79.54491892457008,0.00024113660014868574
BLZ,Belize,2017,16.974998474121094,-88.97500610351562,116.66313544666161,0.00035365869026744565
BLZ,Belize,2017,16.974998474121094,-88.92500305175781,18.433363080036894,5.5879854584318775e-05
BLZ,Belize,2017,16.974998474121094,-88.87500762939453,2.877277851672691,8.722329574480952e-06
BLZ,Belize,2017,16.974998474121094,-88.82500457763672,37.9168044924736,0.00011494297118446543
BLZ,Belize,2017,16.974998474121094,-88.7750015258789,15.548998892307281,4.7136043122529626e-05
BLZ,Belize,2017,16.974998474121094,-88.72500610351562,1.8880786895751953,5.723619838610693e-06
BLZ,Belize,2017,16.974998474121094,-88.67500305175781,0.4176150262431768,1.26597988860579e-06
BLZ,Belize,2017,16.974998474121094,-88.62500762939453,0.0,0.0
BLZ,Belize,2017,16.974998474121094,-88.57500457763672,0.0,0.0
BLZ,Belize,2017,16.974998474121094,-88.5250015258789,12.127203941346274,3.6763036121754236e-05
BLZ,Belize,2017,16.974998474121094,-88.47500610351562,24.24419158734864,7.349510203499421e-05
BLZ,Belize,2017,16.974998474121094,-88.42500305175781,615.2601444723307,0.001865131569066451
BLZ,Belize,2017,16.974998474121094,-88.37500762939453,1107.0688098670519,0.0033560259102801706
BLZ,Belize,2017,16.974998474121094,-88.32500457763672,1643.282442987884,0.004981531777810741
BLZ,Belize,2017,16.974998474121094,-88.2750015258789,1258.3068810105772,0.0038144968570313666
BLZ,Belize,2017,17.024993896484375,-89.12500762939453,352.8894441724072,0.0010697673961650043
BLZ,Belize,2017,17.024993896484375,-89.07500457763672,226.12176322973335,0.0006854772616783919
BLZ,Belize,2017,17.024993896484375,-89.0250015258789,2.170649528503418,6.580219761289937e-06
BLZ,Belize,2017,17.024993896484375,-88.97500610351562,229.8273425998221,0.0006967105475119175
BLZ,Belize,2017,17.024993896484375,-88.92500305175781,65.38991296291351,0.00019822637962391588
BLZ,Belize,2017,17.024993896484375,-88.87500762939453,23.624971352537127,7.161796564231888e-05
BLZ,Belize,2017,17.024993896484375,-88.82500457763672,41.10619401931763,0.00012461145230746823
BLZ,Belize,2017,17.024993896484375,-88.7750015258789,34.95450115204982,0.00010596289092570935
BLZ,Belize,2017,17.024993896484375,-88.72500610351562,0.06850136071443558,2.0765858399958156e-07
BLZ,Belize,2017,17.024993896484375,-88.67500305175781,0.5212365388870239,1.580103525904304e-06
BLZ,Belize,2017,17.024993896484375,-88.62500762939453,0.0,0.0
BLZ,Belize,2017,17.024993896484375,-88.57500457763672,36.57973122596741,0.00011088969781397223
BLZ,Belize,2017,17.024993896484375,-88.5250015258789,513.6471214892517,0.0015570965716808231
BLZ,Belize,2017,17.024993896484375,-88.47500610351562,544.2611134057015,0.0016499014173896019
BLZ,Belize,2017,17.024993896484375,-88.42500305175781,432.06781578066403,0.0013097928257342945
BLZ,Belize,2017,17.024993896484375,-88.37500762939453,217.79204151034355,0.0006602261104703178
BLZ,Belize,2017,17.024993896484375,-88.32500457763672,1354.7502687875526,0.0041068603536541255
BLZ,Belize,2017,17.024993896484375,-88.2750015258789,56.71224343779028,0.00017192044135919363
BLZ,Belize,2017,17.074996948242188,-89.12500762939453,6135.086563110452,0.01859822016852141
BLZ,Belize,2017,17.074996948242188,-89.07500457763672,263.5230555535651,0.0007988574824903358
BLZ,Belize,2017,17.074996948242188,-89.0250015258789,1115.1660112144104,0.003380572187151393
BLZ,Belize,2017,17.074996948242188,-88.97500610351562,365.00763428214674,0.0011065031072892938
BLZ,Belize,2017,17.074996948242188,-88.92500305175781,69.40620847046375,0.00021040158650044156
BLZ,Belize,2017,17.074996948242188,-88.87500762939453,16.926416934088728,5.131161974098846e-05
BLZ,Belize,2017,17.074996948242188,-88.82500457763672,7.52517557144165,2.281220821332543e-05
BLZ,Belize,2017,17.074996948242188,-88.7750015258789,2.8113579751177773,8.522496635688893e-06
BLZ,Belize,2017,17.074996948242188,-88.72500610351562,0.5511029511825336,1.6706421199081198e-06
BLZ,Belize,2017,17.074996948242188,-88.67500305175781,100.41644740104675,0.00030440763599569684
BLZ,Belize,2017,17.074996948242188,-88.62500762939453,618.2030963903608,0.0018740529864179198
BLZ,Belize,2017,17.074996948242188,-88.57500457763672,250.32757091535262,0.0007588560047593688
BLZ,Belize,2017,17.074996948242188,-88.5250015258789,64.60892057418823,0.00019585883871865958
BLZ,Belize,2017,17.074996948242188,-88.47500610351562,0.0,0.0
BLZ,Belize,2017,17.074996948242188,-88.42500305175781,2.9870565533638,9.055118434566825e-06
BLZ,Belize,2017,17.074996948242188,-88.37500762939453,74.88068282604218,0.00022699719249957715
BLZ,Belize,2017,17.074996948242188,-88.32500457763672,424.92938542371746,0.0012881530170583367
BLZ,Belize,2017,17.074996948242188,-88.2750015258789,173.48683130745493,0.0005259169942924718
BLZ,Belize,2017,17.125,-89.12500762939453,771.6485464796424,0.0023392154963942187
BLZ,Belize,2017,17.125,-89.07500457763672,4044.8590681552887,0.012261795938222702
BLZ,Belize,2017,17.125,-89.0250015258789,320.6427829265802,0.0009720131918224404
BLZ,Belize,2017,17.125,-88.97500610351562,423.6190084218979,0.001284180672131674
BLZ,Belize,2017,17.125,-88.92500305175781,474.84350264072805,0.001439465265381154
BLZ,Belize,2017,17.125,-88.87500762939453,16.49068295955658,4.999071313113206e-05
BLZ,Belize,2017,17.125,-88.82500457763672,164.30408190190792,0.0004980799306357633
BLZ,Belize,2017,17.125,-88.7750015258789,173.01105827104837,0.0005244747111901371
BLZ,Belize,2017,17.125,-88.72500610351562,72.62542667984962,0.0002201604918415126
BLZ,Belize,2017,17.125,-88.67500305175781,197.40642081201077,0.0005984280807083155
BLZ,Belize,2017,17.125,-88.62500762939453,190.7578937043988,0.000578273390196327
BLZ,Belize,2017,17.125,-88.57500457763672,297.8365874141617,0.0009028773058030491
BLZ,Belize,2017,17.125,-88.5250015258789,66.52827680110931,0.00020167727490906973
BLZ,Belize,2017,17.125,-88.47500610351562,0.0,0.0
BLZ,Belize,2017,17.125,-88.42500305175781,0.0,0.0
BLZ,Belize,2017,17.125,-88.37500762939453,72.78427624702454,0.00022064203667280437
BLZ,Belize,2017,17.125,-88.32500457763672,282.96212247018354,0.0008577860799382903
BLZ,Belize,2017,17.17499542236328,-89.12500762939453,2016.1532077566508,0.006111871587402378
BLZ,Belize,2017,17.17499542236328,-89.07500457763672,12252.730650186539,0.037143564308932335
BLZ,Belize,2017,17.17499542236328,-89.0250015258789,2501.5398128032684,0.007583297761205432
BLZ,Belize,2017,17.17499542236328,-88.97500610351562,1181.1200476884842,0.0035805086800972433
BLZ,Belize,2017,17.17499542236328,-88.92500305175781,665.1478288173676,0.0020163636874077928
BLZ,Belize,2017,17.17499542236328,-88.87500762939453,322.3631263971947,0.0009772283304032637
BLZ,Belize,2017,17.17499542236328,-88.82500457763672,299.49617327760285,0.0009079082606166997
BLZ,Belize,2017,17.17499542236328,-88.7750015258789,760.2930727006983,0.002304791923183607
BLZ,Belize,2017,17.17499542236328,-88.72500610351562,661.9404706359016,0.0020066407351715704
BLZ,Belize,2017,17.17499542236328,-88.67500305175781,85.40627643467437,0.0002589050238437653
BLZ,Belize,2017,17.17499542236328,-88.62500762939453,34.47756989300251,0.00010451709672708358
BLZ,Belize,2017,17.17499542236328,-88.57500457763672,14.345306135714054,4.348710635984678e-05
BLZ,Belize,2017,17.17499542236328,-88.5250015258789,309.38060498253276,0.0009378724404531122
BLZ,Belize,2017,17.17499542236328,-88.47500610351562,1.1068799495697021,3.3554533893621575e-06
BLZ,Belize,2017,17.17499542236328,-88.42500305175781,17.766980171656485,5.3859746812552467e-05
BLZ,Belize,2017,17.17499542236328,-88.37500762939453,76.0503876209259,0.000230543096389219
BLZ,Belize,2017,17.17499542236328,-88.32500457763672,488.7977117449045,0.0014817667798793426
BLZ,Belize,2017,17.224998474121094,-89.12500762939453,99.24580709636382,0.0003008588961530433
BLZ,Belize,2017,17.224998474121094,-89.07500457763672,341.81688566522087,0.0010362014670086469
BLZ,Belize,2017,17.224998474121094,-89.0250015258789,2362.8028039932287,0.007162723184330508
BLZ,Belize,2017,17.224998474121094,-88.97500610351562,1739.5017947256565,0.005273216119944004
BLZ,Belize,2017,17.224998474121094,-88.92500305175781,2294.439594954276,0.0069554834004979405
BLZ,Belize,2017,17.224998474121094,-88.87500762939453,1628.865215897762,0.0049378266465329
BLZ,Belize,2017,17.224998474121094,-88.82500457763672,1594.0466748476028,0.00483227591212415
BLZ,Belize,2017,17.224998474121094,-88.7750015258789,8742.239644944713,0.026501679480823173
BLZ,Belize,2017,17.224998474121094,-88.72500610351562,613.1796487351273,0.0018588246461922347
BLZ,Belize,2017,17.224998474121094,-88.67500305175781,112.68997002394221,0.0003416142301709889
BLZ,Belize,2017,17.224998474121094,-88.62500762939453,221.23760729287392,0.0006706711776049753
BLZ,Belize,2017,17.224998474121094,-88.57500457763672,90.85462060570717,0.0002754214174438215
BLZ,Belize,2017,17.224998474121094,-88.5250015258789,0.0,0.0
BLZ,Belize,2017,17.224998474121094,-88.47500610351562,0.0,0.0
BLZ,Belize,2017,17.224998474121094,-88.42500305175781,30.59906990843995,9.275961035839406e-05
BLZ,Belize,2017,17.224998474121094,-88.37500762939453,21.634064435958862,6.558262697371792e-05
BLZ,Belize,2017,17.224998474121094,-88.32500457763672,25.20072278383141,7.639478040256828e-05
BLZ,Belize,2017,17.274993896484375,-89.12500762939453,43.12432722795216,0.00013072932617240685
BLZ,Belize,2017,17.274993896484375,-89.07500457763672,389.1906384527683,0.0011798127226101027
BLZ,Belize,2017,17.274993896484375,-89.0250015258789,3193.9614500701427,0.009682340688614174
BLZ,Belize,2017,17.274993896484375,-88.97500610351562,1877.759679973138,0.005692338256757534
BLZ,Belize,2017,17.274993896484375,-88.92500305175781,503.5676355958192,0.00152654109444294
BLZ,Belize,2017,17.274993896484375,-88.87500762939453,223.002958238597,0.000676022754184299
BLZ,Belize,2017,17.274993896484375,-88.82500457763672,1853.3479393723073,0.005618335237937716
BLZ,Belize,2017,17.274993896484375,-88.7750015258789,9074.10042917764,0.02750769950466013
BLZ,Belize,2017,17.274993896484375,-88.72500610351562,1551.9285987617673,0.004704596987945815
BLZ,Belize,2017,17.274993896484375,-88.67500305175781,795.4226180017445,0.002411285452037364
BLZ,Belize,2017,17.274993896484375,-88.62500762939453,1101.1994430275638,0.003338233206687856
BLZ,Belize,2017,17.274993896484375,-88.57500457763672,119.81237088147603,0.000363205446189581
BLZ,Belize,2017,17.274993896484375,-88.5250015258789,18.099679231643677,5.486830802906525e-05
BLZ,Belize,2017,17.274993896484375,-88.47500610351562,29.12677077949047,8.829640628255097e-05
BLZ,Belize,2017,17.274993896484375,-88.42500305175781,22.323895633220673,6.767381710670364e-05
BLZ,Belize,2017,17.274993896484375,-88.37500762939453,37.57978022098541,0.00011392129829708322
BLZ,Belize,2017,17.274993896484375,-88.32500457763672,349.8192924410105,0.0010604603786903667
BLZ,Belize,2017,17.274993896484375,-88.2750015258789,0.0,0.0
BLZ,Belize,2017,17.324996948242188,-89.12500762939453,90.77164295315742,0.0002751698746766067
BLZ,Belize,2017,17.324996948242188,-89.07500457763672,408.13795188088955,0.0012372505929829575
BLZ,Belize,2017,17.324996948242188,-89.0250015258789,1296.441135883519,0.003930099018597268
BLZ,Belize,2017,17.324996948242188,-88.97500610351562,217.82242953777404,0.0006603182303155435
BLZ,Belize,2017,17.324996948242188,-88.92500305175781,196.2387209534645,0.0005948882546868577
BLZ,Belize,2017,17.324996948242188,-88.87500762939453,283.0047856569411,0.0008579154113392813
BLZ,Belize,2017,17.324996948242188,-88.82500457763672,1732.6016461402342,0.005252298651010667
BLZ,Belize,2017,17.324996948242188,-88.7750015258789,151.5144098252166,0.00045930865418862234
BLZ,Belize,2017,17.324996948242188,-88.72500610351562,365.8912161588669,0.0011091816432987065
BLZ,Belize,2017,17.324996948242188,-88.67500305175781,119.90087759506432,0.00036347375003970185
BLZ,Belize,2017,17.324996948242188,-88.62500762939453,0.13015298545360565,3.94552522471547e-07
BLZ,Belize,2017,17.324996948242188,-88.57500457763672,1163.7781590670347,0.003527937577896499
BLZ,Belize,2017,17.324996948242188,-88.5250015258789,418.06799376027953,0.0012673530378719993
BLZ,Belize,2017,17.324996948242188,-88.47500610351562,81.59521788380916,0.0002473519829412451
BLZ,Belize,2017,17.324996948242188,-88.42500305175781,0.0,0.0
BLZ,Belize,2017,17.324996948242188,-88.37500762939453,34.55107641220093,0.00010473992820856486
BLZ,Belize,2017,17.324996948242188,-88.32500457763672,61.258085355267596,0.00018570094273645098
BLZ,Belize,2017,17.324996948242188,-88.2750015258789,0.0,0.0
BLZ,Belize,2017,17.375,-89.12500762939453,48.54416350276438,0.0001471592994546733
BLZ,Belize,2017,17.375,-89.07500457763672,112.5240106657976,0.00034111113234994774
BLZ,Belize,2017,17.375,-89.0250015258789,372.50404007741525,0.0011292281013083347
BLZ,Belize,2017,17.375,-88.97500610351562,170.3630400154644,0.0005164473710668958
BLZ,Belize,2017,17.375,-88.92500305175781,452.4215905369279,0.0013714943160528872
BLZ,Belize,2017,17.375,-88.87500762939453,32.78624710446459,9.938993294973698e-05
BLZ,Belize,2017,17.375,-88.82500457763672,117.1276102367485,0.0003550667232788632
BLZ,Belize,2017,17.375,-88.7750015258789,211.8898714929819,0.0006423339656202402
BLZ,Belize,2017,17.375,-88.72500610351562,21.021589040756226,6.372593723827503e-05
BLZ,Belize,2017,17.375,-88.67500305175781,101.86820681426138,0.00030880857491007787
BLZ,Belize,2017,17.375,-88.62500762939453,9.468482911586761,2.8703251052792507e-05
BLZ,Belize,2017,17.375,-88.57500457763672,83.95705783368282,0.00025451178727957044
BLZ,Belize,2017,17.375,-88.5250015258789,419.20207309746127,0.001270790944898169
BLZ,Belize,2017,17.375,-88.47500610351562,199.8996524811854,0.0006059861927312582
BLZ,Belize,2017,17.375,-88.42500305175781,243.11136577883735,0.0007369804255756771
BLZ,Belize,2017,17.375,-88.37500762939453,23.840309143135897,7.227075180906017e-05
BLZ,Belize,2017,17.375,-88.32500457763672,0.0,0.0
BLZ,Belize,2017,17.375,-88.2750015258789,0.0,0.0
BLZ,Belize,2017,17.42499542236328,-89.12500762939453,7.762707035334493e-13,2.3532273434408563e-18
BLZ,Belize,2017,17.42499542236328,-89.07500457763672,1.305245495020202e-11,3.9567890103328926e-17
BLZ,Belize,2017,17.42499542236328,-89.0250015258789,9.931829243898392,3.0107863198678773e-05
BLZ,Belize,2017,17.42499542236328,-88.97500610351562,4.979101657873907,1.5093907465201278e-05
BLZ,Belize,2017,17.42499542236328,-88.92500305175781,16.41007751226571,4.9746361590191824e-05
BLZ,Belize,2017,17.42499542236328,-88.87500762939453,11.54142975810025,3.49872898275533e-05
BLZ,Belize,2017,17.42499542236328,-88.82500457763672,0.0,0.0
BLZ,Belize,2017,17.42499542236328,-88.7750015258789,42.848026633274124,0.00012989173419393114
BLZ,Belize,2017,17.42499542236328,-88.72500610351562,0.0,0.0
BLZ,Belize,2017,17.42499542236328,-88.67500305175781,3.1965161264901587,9.690085067447307e-06
BLZ,Belize,2017,17.42499542236328,-88.62500762939453,0.5857143998200245,1.7755650636171925e-06
BLZ,Belize,2017,17.42499542236328,-88.57500457763672,0.7119318246841431,2.15818712323758e-06
BLZ,Belize,2017,17.42499542236328,-88.5250015258789,53.37351816892624,0.00016179925610878407
BLZ,Belize,2017,17.42499542236328,-88.47500610351562,371.3797409739673,0.0011258198425908577
BLZ,Belize,2017,17.42499542236328,-88.42500305175781,1071.2518042699814,0.0032474483785666242
BLZ,Belize,2017,17.42499542236328,-88.37500762939453,1294.274895191725,0.0039235321640126485
BLZ,Belize,2017,17.42499542236328,-88.32500457763672,79.42729091658971,0.00024078001649368766
BLZ,Belize,2017,17.42499542236328,-88.2750015258789,49.20137357711792,0.000149151600220777
BLZ,Belize,2017,17.42499542236328,-88.22500610351562,0.0,0.0
BLZ,Belize,2017,17.474998474121094,-89.12500762939453,0.0,0.0
BLZ,Belize,2017,17.474998474121094,-89.07500457763672,0.0,0.0
BLZ,Belize,2017,17.474998474121094,-89.0250015258789,8.76018285689284e-11,2.65560734657994e-16
BLZ,Belize,2017,17.474998474121094,-88.97500610351562,10.340597569943572,3.1347024740655755e-05
BLZ,Belize,2017,17.474998474121094,-88.92500305175781,0.0,0.0
BLZ,Belize,2017,17.474998474121094,-88.87500762939453,0.0,0.0
BLZ,Belize,2017,17.474998474121094,-88.82500457763672,39.460948259093456,0.00011962396882777921
BLZ,Belize,2017,17.474998474121094,-88.7750015258789,225.97644107043743,0.000685036724534189
BLZ,Belize,2017,17.474998474121094,-88.72500610351562,0.533740758895874,1.6180094681217386e-06
BLZ,Belize,2017,17.474998474121094,-88.67500305175781,0.0,0.0
BLZ,Belize,2017,17.474998474121094,-88.62500762939453,0.0,0.0
BLZ,Belize,2017,17.474998474121094,-88.57500457763672,136.738809883708,0.0004145171328290855
BLZ,Belize,2017,17.474998474121094,-88.5250015258789,3.756789445877075,1.1388526717995635e-05
BLZ,Belize,2017,17.474998474121094,-88.47500610351562,1.4469575537745527e-10,4.386382308183873e-16
BLZ,Belize,2017,17.474998474121094,-88.42500305175781,596.1909166431906,0.0018073241210440328
BLZ,Belize,2017,17.474998474121094,-88.37500762939453,2692.494237297157,0.008162166925048182
BLZ,Belize,2017,17.474998474121094,-88.32500457763672,659.1734953528805,0.001998252782534698
BLZ,Belize,2017,17.474998474121094,-88.2750015258789,2721.733954191208,0.008250805722050761
BLZ,Belize,2017,17.474998474121094,-88.22500610351562,9808.79687035183,0.02973489646910836
BLZ,Belize,2017,17.524993896484375,-89.12500762939453,44.637161403894424,0.00013531541029578606
BLZ,Belize,2017,17.524993896484375,-89.07500457763672,3.6009073257727175,1.0915977559933406e-05
BLZ,Belize,2017,17.524993896484375,-89.0250015258789,8.934907913208008,2.7085744079714797e-05
BLZ,Belize,2017,17.524993896484375,-88.97500610351562,4.156134605407715,1.2599122383400337e-05
BLZ,Belize,2017,17.524993896484375,-88.92500305175781,0.0,0.0
BLZ,Belize,2017,17.524993896484375,-88.87500762939453,0.0,0.0
BLZ,Belize,2017,17.524993896484375,-88.82500457763672,0.0,0.0
BLZ,Belize,2017,17.524993896484375,-88.7750015258789,28.924952745517572,8.768460460849226e-05
BLZ,Belize,2017,17.524993896484375,-88.72500610351562,0.7526594549524114,2.281650977721055e-06
BLZ,Belize,2017,17.524993896484375,-88.67500305175781,15.904696643352509,4.821432376606029e-05
BLZ,Belize,2017,17.524993896484375,-88.62500762939453,275.7868376523755,0.0008360345487348274
BLZ,Belize,2017,17.524993896484375,-88.57500457763672,1457.168198555737,0.004417335387288718
BLZ,Belize,2017,17.524993896484375,-88.5250015258789,159.250088512915,0.00048275899248569315
BLZ,Belize,2017,17.524993896484375,-88.47500610351562,2.1424543261528015,6.494747359944239e-06
BLZ,Belize,2017,17.524993896484375,-88.42500305175781,330.7095598581034,0.001002530142452871
BLZ,Belize,2017,17.524993896484375,-88.37500762939453,153.5015639662822,0.00046533261649855094
BLZ,Belize,2017,17.524993896484375,-88.32500457763672,4781.206144929141,0.014493996725189934
BLZ,Belize,2017,17.524993896484375,-88.2750015258789,2399.4642981290976,0.0072738607424777165
BLZ,Belize,2017,17.524993896484375,-88.22500610351562,19303.701705038548,0.05851824431239172
BLZ,Belize,2017,17.574996948242188,-89.12500762939453,0.0,0.0
BLZ,Belize,2017,17.574996948242188,-89.07500457763672,154.5799331143645,0.0004686016407629466
BLZ,Belize,2017,17.574996948242188,-89.0250015258789,90.27637799835833,0.0002736685027601139
BLZ,Belize,2017,17.574996948242188,-88.97500610351562,7.722127139568329,2.3409257429970616e-05
BLZ,Belize,2017,17.574996948242188,-88.92500305175781,0.0,0.0
BLZ,Belize,2017,17.574996948242188,-88.87500762939453,0.0,0.0
BLZ,Belize,2017,17.574996948242188,-88.82500457763672,0.0,0.0
BLZ,Belize,2017,17.574996948242188,-88.7750015258789,0.0,0.0
BLZ,Belize,2017,17.574996948242188,-88.72500610351562,8.958316564559937,2.7156706281667918e-05
BLZ,Belize,2017,17.574996948242188,-88.67500305175781,0.0,0.0
BLZ,Belize,2017,17.574996948242188,-88.62500762939453,61.3597545626198,0.00018600914805405234
BLZ,Belize,2017,17.574996948242188,-88.57500457763672,383.01197159290314,0.0011610823908656945
BLZ,Belize,2017,17.574996948242188,-88.5250015258789,1377.2611165344715,0.004175100907111777
BLZ,Belize,2017,17.574996948242188,-88.47500610351562,514.6047567129652,0.0015599995968539064
BLZ,Belize,2017,17.574996948242188,-88.42500305175781,4001.203950807452,0.012129457547302578
BLZ,Belize,2017,17.574996948242188,-88.37500762939453,1916.1884205219485,0.005808833137501876
BLZ,Belize,2017,17.574996948242188,-88.32500457763672,9210.821033597005,0.0279221614484987
BLZ,Belize,2017,17.574996948242188,-88.2750015258789,3946.61363530159,0.011963969628525384
BLZ,Belize,2017,17.625,-89.12500762939453,6.0783731937456045,1.8426296313968435e-05
BLZ,Belize,2017,17.625,-89.07500457763672,1.3239377737045288,4.013453755132551e-06
BLZ,Belize,2017,17.625,-89.0250015258789,5.215490341239278,1.5810508402017906e-05
BLZ,Belize,2017,17.625,-88.97500610351562,0.0,0.0
BLZ,Belize,2017,17.625,-88.92500305175781,0.0,0.0
BLZ,Belize,2017,17.625,-88.87500762939453,0.40340787172317505,1.2229115822317663e-06
BLZ,Belize,2017,17.625,-88.82500457763672,0.0,0.0
BLZ,Belize,2017,17.625,-88.7750015258789,0.0,0.0
BLZ,Belize,2017,17.625,-88.72500610351562,28.02286356694457,8.494996460265746e-05
BLZ,Belize,2017,17.625,-88.67500305175781,18.91278862953186,5.7333210104603584e-05
BLZ,Belize,2017,17.625,-88.62500762939453,86.01568937302055,0.0002607524298883773
BLZ,Belize,2017,17.625,-88.57500457763672,252.58870387078017,0.0007657105206822901
BLZ,Belize,2017,17.625,-88.5250015258789,105.61972451219499,0.00032018112057745314
BLZ,Belize,2017,17.625,-88.47500610351562,240.38903415203094,0.0007287278080378072
BLZ,Belize,2017,17.625,-88.42500305175781,18.154137358075012,5.503339522301377e-05
BLZ,Belize,2017,17.625,-88.37500762939453,2982.46317541662,0.009041193829999293
BLZ,Belize,2017,17.625,-88.32500457763672,101.87782335372572,0.0003088377269874573
BLZ,Belize,2017,17.625,-88.2750015258789,70.39934527873993,0.00021341223302152643
BLZ,Belize,2017,17.67499542236328,-89.12500762939453,0.0,0.0
BLZ,Belize,2017,17.67499542236328,-89.07500457763672,0.0,0.0
BLZ,Belize,2017,17.67499542236328,-89.0250015258789,12.412839770317078,3.762892741449646e-05
BLZ,Belize,2017,17.67499542236328,-88.97500610351562,6.103727221488953,1.850315583099056e-05
BLZ,Belize,2017,17.67499542236328,-88.92500305175781,5.675719738006592,1.7205671707548302e-05
BLZ,Belize,2017,17.67499542236328,-88.87500762939453,0.0,0.0
BLZ,Belize,2017,17.67499542236328,-88.82500457763672,0.0,0.0
BLZ,Belize,2017,17.67499542236328,-88.7750015258789,0.0,0.0
BLZ,Belize,2017,17.67499542236328,-88.72500610351562,128.12263078987598,0.00038839759985264197
BLZ,Belize,2017,17.67499542236328,-88.67500305175781,13.410962134636112,4.065468740920451e-05
BLZ,Belize,2017,17.67499542236328,-88.62500762939453,0.6306244730949402,1.911707793138493e-06
BLZ,Belize,2017,17.67499542236328,-88.57500457763672,13.82810288675552,4.191922955858962e-05
BLZ,Belize,2017,17.67499542236328,-88.5250015258789,1.3805376291275024,4.185033497624278e-06
BLZ,Belize,2017,17.67499542236328,-88.47500610351562,142.75747835650247,0.0004327624371498805
BLZ,Belize,2017,17.67499542236328,-88.42500305175781,1208.1411983969554,0.0036624220002946617
BLZ,Belize,2017,17.67499542236328,-88.37500762939453,1143.0872534662606,0.0034652140916195274
BLZ,Belize,2017,17.67499542236328,-88.32500457763672,116.12174217402935,0.00035201748257158126
BLZ,Belize,2017,17.67499542236328,-88.2750015258789,2.6696571707725525,8.092937455038482e-06
BLZ,Belize,2017,17.724998474121094,-89.12500762939453,0.0,0.0
BLZ,Belize,2017,17.724998474121094,-89.07500457763672,0.0,0.0
BLZ,Belize,2017,17.724998474121094,-89.0250015258789,0.6352725625038147,1.9257982528736517e-06
BLZ,Belize,2017,17.724998474121094,-88.97500610351562,0.0,0.0
BLZ,Belize,2017,17.724998474121094,-88.92500305175781,0.0,0.0
BLZ,Belize,2017,17.724998474121094,-88.87500762939453,0.0,0.0
BLZ,Belize,2017,17.724998474121094,-88.82500457763672,0.0,0.0
BLZ,Belize,2017,17.724998474121094,-88.7750015258789,237.86164988582325,0.0007210661640577496
BLZ,Belize,2017,17.724998474121094,-88.72500610351562,598.6141977235675,0.0018146701812176667
BLZ,Belize,2017,17.724998474121094,-88.67500305175781,246.22928050905466,0.0007464322342865648
BLZ,Belize,2017,17.724998474121094,-88.62500762939453,0.37923891842365265,1.1496445614516493e-06
BLZ,Belize,2017,17.724998474121094,-88.57500457763672,60.70716033875942,0.00018403084001695968
BLZ,Belize,2017,17.724998474121094,-88.5250015258789,1.1221424341201782,3.401720878022415e-06
BLZ,Belize,2017,17.724998474121094,-88.47500610351562,672.501049518696,0.0020386546226935864
BLZ,Belize,2017,17.724998474121094,-88.42500305175781,193.3840463757515,0.0005862344458514579
BLZ,Belize,2017,17.724998474121094,-88.37500762939453,0.0,0.0
BLZ,Belize,2017,17.724998474121094,-88.32500457763672,230.02940821647644,0.0006973230997209804
BLZ,Belize,2017,17.724998474121094,-88.2750015258789,0.0,0.0
BLZ,Belize,2017,17.774993896484375,-89.12500762939453,0.0,0.0
BLZ,Belize,2017,17.774993896484375,-89.07500457763672,0.0,0.0
BLZ,Belize,2017,17.774993896484375,-89.0250015258789,2.2273454666137695,6.752090773832356e-06
BLZ,Belize,2017,17.774993896484375,-88.97500610351562,0.0,0.0
BLZ,Belize,2017,17.774993896484375,-88.92500305175781,0.0,0.0
BLZ,Belize,2017,17.774993896484375,-88.87500762939453,0.39613740891218185,1.2008715235145926e-06
BLZ,Belize,2017,17.774993896484375,-88.82500457763672,0.0,0.0
BLZ,Belize,2017,17.774993896484375,-88.7750015258789,323.2325204759836,0.0009798638567848714
BLZ,Belize,2017,17.774993896484375,-88.72500610351562,1058.1503196955134,0.0032077318575128595
BLZ,Belize,2017,17.774993896484375,-88.67500305175781,534.7714302539825,0.0016211338988273705
BLZ,Belize,2017,17.774993896484375,-88.62500762939453,6.499614715589926,1.9703269749761615e-05
BLZ,Belize,2017,17.774993896484375,-88.57500457763672,239.68360951542854,0.000726589347142615
BLZ,Belize,2017,17.774993896484375,-88.5250015258789,1906.0082582235336,0.0057779724645790785
BLZ,Belize,2017,17.774993896484375,-88.47500610351562,210.5017514527114,0.000638125946407517
BLZ,Belize,2017,17.774993896484375,-88.42500305175781,0.6412248015403748,1.9438421795499668e-06
BLZ,Belize,2017,17.774993896484375,-88.37500762939453,70.14727973937988,0.00021264810844892406
BLZ,Belize,2017,17.774993896484375,-88.32500457763672,977.0437927843584,0.002961861317777068
BLZ,Belize,2017,17.774993896484375,-88.2750015258789,4.820716381072998,1.4613770107872438e-05
BLZ,Belize,2017,17.824996948242188,-89.12500762939453,0.0,0.0
BLZ,Belize,2017,17.824996948242188,-89.07500457763672,0.0,0.0
BLZ,Belize,2017,17.824996948242188,-89.0250015258789,30.131227821185455,9.134136954738775e-05
BLZ,Belize,2017,17.824996948242188,-88.97500610351562,34.58417129520123,0.00010484025375640505
BLZ,Belize,2017,17.824996948242188,-88.92500305175781,118.0042829963237,0.00035772431463158545
BLZ,Belize,2017,17.824996948242188,-88.87500762939453,24.948387250304222,7.562983735561955e-05
BLZ,Belize,2017,17.824996948242188,-88.82500457763672,0.0,0.0
BLZ,Belize,2017,17.824996948242188,-88.7750015258789,69.11763262764242,0.00020952678269695835
BLZ,Belize,2017,17.824996948242188,-88.72500610351562,385.21836458933296,0.0011677709652327824
BLZ,Belize,2017,17.824996948242188,-88.67500305175781,321.67987704312793,0.0009751570928117126
BLZ,Belize,2017,17.824996948242188,-88.62500762939453,56.58385089081767,0.0001715312255214006
BLZ,Belize,2017,17.824996948242188,-88.57500457763672,54.84671062249434,0.00016626516825529058
BLZ,Belize,2017,17.824996948242188,-88.5250015258789,30.206253051757812,9.156880492943578e-05
BLZ,Belize,2017,17.824996948242188,-88.47500610351562,48.363605976104736,0.00014661194798711762
BLZ,Belize,2017,17.824996948242188,-88.42500305175781,4.42050713300705,1.3400554999586296e-05
BLZ,Belize,2017,17.824996948242188,-88.37500762939453,5.848070502281189,1.7728144769210658e-05
BLZ,Belize,2017,17.824996948242188,-88.32500457763672,445.5490872859955,0.0013506606526228935
BLZ,Belize,2017,17.824996948242188,-88.2750015258789,195.1369744539261,0.0005915483631046394
BLZ,Belize,2017,17.824996948242188,-88.22500610351562,9.696436710710415,2.9394282043266943e-05
BLZ,Belize,2017,17.875,-89.12500762939453,0.0,0.0
BLZ,Belize,2017,17.875,-89.07500457763672,53.499222159406074,0.00016218032171673541
BLZ,Belize,2017,17.875,-89.0250015258789,30.01628467440605,9.099292492013179e-05
BLZ,Belize,2017,17.875,-88.97500610351562,713.6697023362995,0.002163455415847354
BLZ,Belize,2017,17.875,-88.92500305175781,1751.0554309785366,0.005308240413174047
BLZ,Belize,2017,17.875,-88.87500762939453,632.5117306113243,0.0019174289236300265
BLZ,Belize,2017,17.875,-88.82500457763672,41.98988404870033,0.0001272903161764817
BLZ,Belize,2017,17.875,-88.7750015258789,1145.7217419447693,0.0034732004168735752
BLZ,Belize,2017,17.875,-88.72500610351562,101.2530720459018,0.00030694382341267377
BLZ,Belize,2017,17.875,-88.67500305175781,1227.9806215763092,0.0037225642585188095
BLZ,Belize,2017,17.875,-88.62500762939453,640.8684974908829,0.0019427620609418236
BLZ,Belize,2017,17.875,-88.57500457763672,23.981727451086044,7.269945461546085e-05
BLZ,Belize,2017,17.875,-88.5250015258789,156.14222855865955,0.0004733376643450729
BLZ,Belize,2017,17.875,-88.47500610351562,224.0345270633955,0.0006791499055170845
BLZ,Belize,2017,17.875,-88.42500305175781,0.0,0.0
BLZ,Belize,2017,17.875,-88.37500762939453,0.0,0.0
BLZ,Belize,2017,17.875,-88.32500457763672,1544.1679068881701,0.004681070823377398
BLZ,Belize,2017,17.875,-88.2750015258789,493.9355562927225,0.0014973419087889355
BLZ,Belize,2017,17.875,-88.22500610351562,21.90076480805874,6.639111633867079e-05
BLZ,Belize,2017,17.92499542236328,-89.12500762939453,42.807161048054695,0.00012976785213564097
BLZ,Belize,2017,17.92499542236328,-89.07500457763672,130.9171962143192,0.0003968691906777243
BLZ,Belize,2017,17.92499542236328,-89.0250015258789,273.43485031278146,0.0008289046121112164
BLZ,Belize,2017,17.92499542236328,-88.97500610351562,1223.7260528356105,0.003709666737783339
BLZ,Belize,2017,17.92499542236328,-88.92500305175781,135.80728671699762,0.0004116932651023074
BLZ,Belize,2017,17.92499542236328,-88.7750015258789,7.266694277524948,2.202863458901623e-05
BLZ,Belize,2017,17.92499542236328,-88.72500610351562,537.7571369040479,0.0016301849250949414
BLZ,Belize,2017,17.92499542236328,-88.67500305175781,3118.693050287664,0.00945416815078822
BLZ,Belize,2017,17.92499542236328,-88.62500762939453,1914.9289947077632,0.005805015248652683
BLZ,Belize,2017,17.92499542236328,-88.57500457763672,69.38141313951651,0.00021032642064591542
BLZ,Belize,2017,17.92499542236328,-88.5250015258789,145.69541317236022,0.00044166864539715
BLZ,Belize,2017,17.92499542236328,-88.47500610351562,76.14179688713004,0.00023082019918814765
BLZ,Belize,2017,17.92499542236328,-88.42500305175781,0.0,0.0
BLZ,Belize,2017,17.92499542236328,-88.37500762939453,29.026306837797165,8.799185466989005e-05
BLZ,Belize,2017,17.92499542236328,-88.32500457763672,85.1321377158165,0.00025807398548797556
BLZ,Belize,2017,17.92499542236328,-88.2750015258789,57.898494065053356,0.00017551650314478315
BLZ,Belize,2017,17.92499542236328,-88.22500610351562,7.77918583154962,2.358222811344503e-05
BLZ,Belize,2017,17.974998474121094,-89.07500457763672,24.257572859538364,7.35356667187618e-05
BLZ,Belize,2017,17.974998474121094,-89.0250015258789,89.8269810827656,0.0002723061776008401
BLZ,Belize,2017,17.974998474121094,-88.7750015258789,15.630891591310501,4.73842969051925e-05
BLZ,Belize,2017,17.974998474121094,-88.72500610351562,1415.802352823322,0.004291936813287425
BLZ,Belize,2017,17.974998474121094,-88.67500305175781,218.49763737649215,0.0006623650904396529
BLZ,Belize,2017,17.974998474121094,-88.62500762939453,634.7781020775485,0.0019242993198467545
BLZ,Belize,2017,17.974998474121094,-88.57500457763672,1308.944243535804,0.0039680015887592155
BLZ,Belize,2017,17.974998474121094,-88.5250015258789,175.46175147595784,0.0005319038699023326
BLZ,Belize,2017,17.974998474121094,-88.47500610351562,72.32382337028622,0.0002192461958984785
BLZ,Belize,2017,17.974998474121094,-88.42500305175781,30.46993720532327,9.236815077280954e-05
BLZ,Belize,2017,17.974998474121094,-88.37500762939453,583.8730698231875,0.0017699831601946734
BLZ,Belize,2017,17.974998474121094,-88.32500457763672,0.0,0.0
BLZ,Belize,2017,17.974998474121094,-88.2750015258789,1.3013358116149902,3.944936992922648e-06
BLZ,Belize,2017,17.974998474121094,-88.22500610351562,48.49111104011777,0.00014699847346295598
BLZ,Belize,2017,17.974998474121094,-88.17500305175781,84.2928195297718,0.0002555296327302878
BLZ,Belize,2017,18.024993896484375,-88.72500610351562,75.69719581327173,0.00022947241239268544
BLZ,Belize,2017,18.024993896484375,-88.67500305175781,1614.4192865490913,0.004894034505737209
BLZ,Belize,2017,18.024993896484375,-88.62500762939453,205.9930079505363,0.0006244579070939318
BLZ,Belize,2017,18.024993896484375,-88.57500457763672,1345.0979023354284,0.004077599668482498
BLZ,Belize,2017,18.024993896484375,-88.5250015258789,1496.383357346753,0.004536214257152467
BLZ,Belize,2017,18.024993896484375,-88.47500610351562,185.05276973561027,0.0005609785809758287
BLZ,Belize,2017,18.024993896484375,-88.42500305175781,119.02436935901642,0.00036081665743214846
BLZ,Belize,2017,18.024993896484375,-88.37500762939453,52.452927589603036,0.0001590085299954366
BLZ,Belize,2017,18.024993896484375,-88.32500457763672,0.0,0.0
BLZ,Belize,2017,18.024993896484375,-88.2750015258789,407.0334032177925,0.0012339022067765354
BLZ,Belize,2017,18.024993896484375,-88.22500610351562,173.78184382617474,0.0005268113105697045
BLZ,Belize,2017,18.024993896484375,-88.17500305175781,7.350993052150068,2.2284182274331966e-05
BLZ,Belize,2017,18.074996948242188,-88.72500610351562,2.2119661644101143,6.705469158068748e-06
BLZ,Belize,2017,18.074996948242188,-88.67500305175781,61.74732679138448,0.00018718405464544617
BLZ,Belize,2017,18.074996948242188,-88.62500762939453,1482.1426821951168,0.004493044334594074
BLZ,Belize,2017,18.074996948242188,-88.57500457763672,12794.32989373061,0.03878539639572044
BLZ,Belize,2017,18.074996948242188,-88.5250015258789,461.946413651147,0.0014003683597232112
BLZ,Belize,2017,18.074996948242188,-88.47500610351562,80.82475906610489,0.00024501637405047535
BLZ,Belize,2017,18.074996948242188,-88.42500305175781,62.239849507808685,0.00018867711359805064
BLZ,Belize,2017,18.074996948242188,-88.37500762939453,5.00510311126709,1.5172729621976646e-05
BLZ,Belize,2017,18.074996948242188,-88.32500457763672,0.0,0.0
BLZ,Belize,2017,18.074996948242188,-88.2750015258789,173.70570945757203,0.0005265805128890036
BLZ,Belize,2017,18.074996948242188,-88.22500610351562,321.9340000450611,0.0009759274544832588
BLZ,Belize,2017,18.074996948242188,-88.17500305175781,4.414715826511383,1.3382998932176028e-05
BLZ,Belize,2017,18.074996948242188,-88.12500762939453,21.243769645725187,6.439946706803069e-05
BLZ,Belize,2017,18.125,-88.67500305175781,576.9166903793812,0.0017488952301156406
BLZ,Belize,2017,18.125,-88.62500762939453,80.68894838541746,0.00024460467049671473
BLZ,Belize,2017,18.125,-88.57500457763672,2303.3973296882477,0.006982638342988134
BLZ,Belize,2017,18.125,-88.5250015258789,717.9613161832094,0.002176465237042548
BLZ,Belize,2017,18.125,-88.47500610351562,76.92124950895263,0.00023318307236401333
BLZ,Belize,2017,18.125,-88.42500305175781,24.761902883679674,7.506451895745302e-05
BLZ,Belize,2017,18.125,-88.37500762939453,5.153115093708038,1.562142083581674e-05
BLZ,Belize,2017,18.125,-88.32500457763672,0.5844401717185974,1.7717023023453707e-06
BLZ,Belize,2017,18.125,-88.2750015258789,14.651950538158417,4.4416684133760625e-05
BLZ,Belize,2017,18.125,-88.22500610351562,0.0,0.0
BLZ,Belize,2017,18.125,-88.17500305175781,3.9283053874969482,1.1908469054887521e-05
BLZ,Belize,2017,18.125,-88.12500762939453,9.755115687847137,2.9572164543346793e-05
BLZ,Belize,2017,18.17499542236328,-88.67500305175781,87.92883284762502,0.00026655203241861844
BLZ,Belize,2017,18.17499542236328,-88.62500762939453,412.9437570418231,0.001251819160443356
BLZ,Belize,2017,18.17499542236328,-88.57500457763672,1031.0415976644053,0.0031255530690580506
BLZ,Belize,2017,18.17499542236328,-88.5250015258789,710.3115521967411,0.0021532753450346624
BLZ,Belize,2017,18.17499542236328,-88.47500610351562,20.831551305954132,6.31498469751925e-05
BLZ,Belize,2017,18.17499542236328,-88.42500305175781,177.0485458751118,0.000536714160889112
BLZ,Belize,2017,18.17499542236328,-88.37500762939453,773.119787633419,0.0023436754932691533
BLZ,Belize,2017,18.17499542236328,-88.32500457763672,737.4459260116219,0.0022355318956395914
BLZ,Belize,2017,18.17499542236328,-88.2750015258789,616.3460392951965,0.0018684234070523973
BLZ,Belize,2017,18.17499542236328,-88.22500610351562,1.194447517411734,3.62091026427255e-06
BLZ,Belize,2017,18.17499542236328,-88.17500305175781,0.5750090479850769,1.7431123038460416e-06
BLZ,Belize,2017,18.17499542236328,-88.12500762939453,0.0,0.0
BLZ,Belize,2017,18.224998474121094,-88.62500762939453,198.79909972846508,0.000602649919935168
BLZ,Belize,2017,18.224998474121094,-88.57500457763672,1686.934610069485,0.00511386122514051
BLZ,Belize,2017,18.224998474121094,-88.5250015258789,489.6870085000992,0.0014844626402682915
BLZ,Belize,2017,18.224998474121094,-88.47500610351562,834.7027852148879,0.0025303613918095974
BLZ,Belize,2017,18.224998474121094,-88.42500305175781,1109.3359833062032,0.003362898737639298
BLZ,Belize,2017,18.224998474121094,-88.37500762939453,1147.2071285247803,0.0034777032949285516
BLZ,Belize,2017,18.224998474121094,-88.32500457763672,394.55183508995657,0.0011960649326481323
BLZ,Belize,2017,18.224998474121094,-88.2750015258789,29.707495659655446,9.005684585704504e-05
BLZ,Belize,2017,18.224998474121094,-88.22500610351562,12.6361895352602,3.830600149654392e-05
BLZ,Belize,2017,18.224998474121094,-88.17500305175781,14.179704964190357,4.298509436433855e-05
BLZ,Belize,2017,18.224998474121094,-88.12500762939453,132.5148195847869,0.0004017123091707858
BLZ,Belize,2017,18.274993896484375,-88.57500457763672,628.1798803361255,0.0019042971276355507
BLZ,Belize,2017,18.274993896484375,-88.5250015258789,1309.04158110927,0.003968296662936796
BLZ,Belize,2017,18.274993896484375,-88.47500610351562,289.81315525621176,0.0008785546566854311
BLZ,Belize,2017,18.274993896484375,-88.42500305175781,25.156883001437915,7.626188220843409e-05
BLZ,Belize,2017,18.274993896484375,-88.37500762939453,917.8228365224161,0.002782335834017378
BLZ,Belize,2017,18.274993896484375,-88.32500457763672,110.69355376104929,0.0003355621901837202
BLZ,Belize,2017,18.274993896484375,-88.2750015258789,11.38086062669754,3.450053221991788e-05
BLZ,Belize,2017,18.274993896484375,-88.22500610351562,7.142904281616211,2.1653371163653276e-05
BLZ,Belize,2017,18.274993896484375,-88.17500305175781,0.0,0.0
BLZ,Belize,2017,18.274993896484375,-88.12500762939453,4.16262975336214,1.2618812112378222e-05
BLZ,Belize,2017,18.324996948242188,-88.57500457763672,2.242860794067383,6.799124743606159e-06
BLZ,Belize,2017,18.324996948242188,-88.5250015258789,3338.686824497038,0.010121068708157953
BLZ,Belize,2017,18.324996948242188,-88.47500610351562,3490.640223860756,0.010581708138042198
BLZ,Belize,2017,18.324996948242188,-88.42500305175781,762.3412454128753,0.0023110008603603486
BLZ,Belize,2017,18.324996948242188,-88.37500762939453,672.2095534207474,0.002037770966276982
BLZ,Belize,2017,18.324996948242188,-88.32500457763672,249.54796763509512,0.0007564926748696957
BLZ,Belize,2017,18.324996948242188,-88.2750015258789,0.7103028297424316,2.1532489033334756e-06
BLZ,Belize,2017,18.324996948242188,-88.22500610351562,44.28238853067723,0.00013423993337495724
BLZ,Belize,2017,18.324996948242188,-88.17500305175781,178.79071074728304,0.0005419954500003903
BLZ,Belize,2017,18.324996948242188,-88.12500762939453,124.14044058322906,0.000376325781557286
BLZ,Belize,2017,18.375,-88.5250015258789,54.733716666899554,0.00016592263250746593
BLZ,Belize,2017,18.375,-88.47500610351562,845.0310080799403,0.002561670903226893
BLZ,Belize,2017,18.375,-88.42500305175781,6327.4334272146225,0.01918131044614585
BLZ,Belize,2017,18.375,-88.37500762939453,6333.1038845181465,0.019198500165036086
BLZ,Belize,2017,18.375,-88.32500457763672,48.00786459450217,0.00014553353507964852
BLZ,Belize,2017,18.42499542236328,-88.5250015258789,96.19312942028046,0.0002916048504375833
BLZ,Belize,2017,18.42499542236328,-88.47500610351562,771.0870233029127,0.0023375132658611823
BLZ,Belize,2017,18.42499542236328,-88.42500305175781,1622.5744047164917,0.0049187563546658946
BLZ,Belize,2017,18.42499542236328,-88.37500762939453,3832.0250833407526,0.011616599938426142
BLZ,Belize,2017,18.42499542236328,-88.32500457763672,293.89154636859894,0.000890918103404765
BLZ,Belize,2017,18.474998474121094,-88.47500610351562,6.194012999534607,1.8776852829542444e-05
BLZ,Belize,2017,18.474998474121094,-88.42500305175781,347.96715855605845,0.0010548457238000774
BLZ,Belize,2017,18.474998474121094,-88.37500762939453,842.7471450567497,0.002554747482195567
BLZ,Belize,2017,18.474998474121094,-88.32500457763672,425.2868614792824,0.0012892366885465837
BLZ,Belize,2018,15.924995422363281,-89.22500610351562,0.6529133916970065,1.9385714887020716e-06
BLZ,Belize,2018,15.924995422363281,-89.17500305175781,52.48441570997238,0.00015583198811727793
BLZ,Belize,2018,15.924995422363281,-89.12500762939453,77.00569671409367,0.00022863836155907294
BLZ,Belize,2018,15.924995422363281,-89.07500457763672,2.4804728627204895,7.364796053073811e-06
BLZ,Belize,2018,15.924995422363281,-89.0250015258789,0.0,0.0
BLZ,Belize,2018,15.924995422363281,-88.97500610351562,0.0,0.0
BLZ,Belize,2018,15.924995422363281,-88.92500305175781,1.3407969179368706e-11,3.980973143308167e-17
BLZ,Belize,2018,15.974998474121094,-89.17500305175781,21.275368571281433,6.316890333144535e-05
BLZ,Belize,2018,15.974998474121094,-89.12500762939453,193.04008501807579,0.0005731571901443378
BLZ,Belize,2018,15.974998474121094,-89.07500457763672,16.925677180290222,5.025419240276908e-05
BLZ,Belize,2018,15.974998474121094,-89.0250015258789,18.981836766004562,5.635915578654518e-05
BLZ,Belize,2018,15.974998474121094,-88.97500610351562,3.568854808807373,1.0596321453430799e-05
BLZ,Belize,2018,15.974998474121094,-88.92500305175781,42.93086885288358,0.00012746645941370035
BLZ,Belize,2018,16.024993896484375,-89.17500305175781,158.79876917616266,0.000471490966919467
BLZ,Belize,2018,16.024993896484375,-89.12500762939453,37.270125828818124,0.00011065909235572008
BLZ,Belize,2018,16.024993896484375,-89.07500457763672,206.1214720608832,0.0006119972633858305
BLZ,Belize,2018,16.024993896484375,-89.0250015258789,369.4710792303835,0.0010970001675634025
BLZ,Belize,2018,16.024993896484375,-88.97500610351562,52.55820178985596,0.00015605106708325474
BLZ,Belize,2018,16.024993896484375,-88.92500305175781,257.5057407617579,0.0007645627943399702
BLZ,Belize,2018,16.024993896484375,-88.87500762939453,2.29313063621521,6.8085564299453e-06
BLZ,Belize,2018,16.074996948242188,-89.17500305175781,9.069244682810922,2.6927582417116354e-05
BLZ,Belize,2018,16.074996948242188,-89.12500762939453,208.41593372879814,0.0006188097717949149
BLZ,Belize,2018,16.074996948242188,-89.07500457763672,133.6057450773353,0.0003966901145349978
BLZ,Belize,2018,16.074996948242188,-89.0250015258789,44.59246730814572,0.0001323999275152972
BLZ,Belize,2018,16.074996948242188,-88.97500610351562,247.22867751123428,0.0007340490660899323
BLZ,Belize,2018,16.074996948242188,-88.92500305175781,172.86353972554207,0.0005132508136754001
BLZ,Belize,2018,16.074996948242188,-88.87500762939453,90.69243209064007,0.00026927578041400086
BLZ,Belize,2018,16.074996948242188,-88.82500457763672,2288.1541200876236,0.006793780607607011
BLZ,Belize,2018,16.125,-89.17500305175781,292.4123609662056,0.000868204379205328
BLZ,Belize,2018,16.125,-89.12500762939453,30.894299447728272,9.172856436153992e-05
BLZ,Belize,2018,16.125,-89.07500457763672,312.69729483127594,0.0009284325732370431
BLZ,Belize,2018,16.125,-89.0250015258789,126.73687785864561,0.0003762956942042665
BLZ,Belize,2018,16.125,-88.97500610351562,240.31284320354462,0.0007135151953193716
BLZ,Belize,2018,16.125,-88.92500305175781,342.24006485948263,0.0010161482984806462
BLZ,Belize,2018,16.125,-88.87500762939453,196.29789996155478,0.0005828300001145562
BLZ,Belize,2018,16.125,-88.82500457763672,4798.059611558914,0.014245965364388609
BLZ,Belize,2018,16.17499542236328,-89.17500305175781,307.57034421017335,0.0009132100943838828
BLZ,Belize,2018,16.17499542236328,-89.12500762939453,35.87182509920688,0.00010650738408701664
BLZ,Belize,2018,16.17499542236328,-89.07500457763672,207.64547634243505,0.0006165221992907251
BLZ,Belize,2018,16.17499542236328,-89.0250015258789,355.706898689293,0.0010561328055187157
BLZ,Belize,2018,16.17499542236328,-88.97500610351562,24.68988674879074,7.330698239484167e-05
BLZ,Belize,2018,16.17499542236328,-88.92500305175781,464.2948524357498,0.0013785423529814342
BLZ,Belize,2018,16.17499542236328,-88.87500762939453,935.7367358805487,0.0027783050251035148
BLZ,Belize,2018,16.17499542236328,-88.82500457763672,260.5728145837784,0.0007736692729950635
BLZ,Belize,2018,16.17499542236328,-88.7750015258789,17.359511613845825,5.154229443039358e-05
BLZ,Belize,2018,16.224998474121094,-89.17500305175781,211.07704567941212,0.0006267109051172019
BLZ,Belize,2018,16.224998474121094,-89.12500762939453,528.9047692865311,0.0015703762842304053
BLZ,Belize,2018,16.224998474121094,-89.07500457763672,291.5422130227089,0.00086562081450032
BLZ,Belize,2018,16.224998474121094,-89.0250015258789,1287.4011716248338,0.003822435314654594
BLZ,Belize,2018,16.224998474121094,-88.97500610351562,560.0515245199203,0.0016628544175155788
BLZ,Belize,2018,16.224998474121094,-88.92500305175781,1078.2201708258103,0.003201353974795454
BLZ,Belize,2018,16.224998474121094,-88.87500762939453,203.33472400169566,0.0006037231026741081
BLZ,Belize,2018,16.224998474121094,-88.82500457763672,255.07734674218042,0.0007573526260855684
BLZ,Belize,2018,16.224998474121094,-88.7750015258789,15.918462753295898,4.726366227119123e-05
BLZ,Belize,2018,16.274993896484375,-89.17500305175781,37.05661249164878,0.00011002514783389258
BLZ,Belize,2018,16.274993896484375,-89.12500762939453,71.75058883428574,0.0002130353697451497
BLZ,Belize,2018,16.274993896484375,-89.07500457763672,630.0860766770445,0.001870794686106093
BLZ,Belize,2018,16.274993896484375,-89.0250015258789,493.6725158248829,0.0014657678585003788
BLZ,Belize,2018,16.274993896484375,-88.97500610351562,1299.8229489326477,0.0038593169342295056
BLZ,Belize,2018,16.274993896484375,-88.92500305175781,706.8755120636815,0.0020987909440587033
BLZ,Belize,2018,16.274993896484375,-88.87500762939453,1529.711654067235,0.0045418817200278665
BLZ,Belize,2018,16.274993896484375,-88.82500457763672,134.88553208112717,0.0004004899425500336
BLZ,Belize,2018,16.274993896484375,-88.7750015258789,0.0,0.0
BLZ,Belize,2018,16.274993896484375,-88.72500610351562,1.1652939695954435e-22,3.4598856358922843e-28
BLZ,Belize,2018,16.274993896484375,-88.67500305175781,7.9410051705049804,2.357771553002635e-05
BLZ,Belize,2018,16.274993896484375,-88.62500762939453,3.734459638595581,1.1088020360975585e-05
BLZ,Belize,2018,16.274993896484375,-88.57500457763672,1.203084796667099,3.572090747362228e-06
BLZ,Belize,2018,16.324996948242188,-89.17500305175781,0.0,0.0
BLZ,Belize,2018,16.324996948242188,-89.12500762939453,0.9747004508972168,2.8939925695554717e-06
BLZ,Belize,2018,16.324996948242188,-89.07500457763672,12.513689041146357,3.715451559447791e-05
BLZ,Belize,2018,16.324996948242188,-89.0250015258789,0.0,0.0
BLZ,Belize,2018,16.324996948242188,-88.97500610351562,18.32247060585943,5.440142532041086e-05
BLZ,Belize,2018,16.324996948242188,-88.92500305175781,51.64906980113755,0.0001533517544711857
BLZ,Belize,2018,16.324996948242188,-88.87500762939453,99.38982695342597,0.0002950992999211715
BLZ,Belize,2018,16.324996948242188,-88.82500457763672,648.2553662062896,0.0019247413000050971
BLZ,Belize,2018,16.324996948242188,-88.7750015258789,78.7957940103297,0.0002339533568166618
BLZ,Belize,2018,16.324996948242188,-88.72500610351562,0.0,0.0
BLZ,Belize,2018,16.324996948242188,-88.67500305175781,2.3538534492779384,6.988849123607523e-06
BLZ,Belize,2018,16.324996948242188,-88.62500762939453,27.539280988290933,8.176714648859695e-05
BLZ,Belize,2018,16.324996948242188,-88.57500457763672,0.0911811962723732,2.7072697489010735e-07
BLZ,Belize,2018,16.324996948242188,-88.5250015258789,1.6134366393089294,4.790470386374094e-06
BLZ,Belize,2018,16.375,-89.17500305175781,0.0,0.0
BLZ,Belize,2018,16.375,-89.12500762939453,0.0,0.0
BLZ,Belize,2018,16.375,-89.07500457763672,0.0,0.0
BLZ,Belize,2018,16.375,-89.0250015258789,0.0,0.0
BLZ,Belize,2018,16.375,-88.97500610351562,1.7335779666900635,5.147183167636772e-06
BLZ,Belize,2018,16.375,-88.92500305175781,1.0027523040771484,2.977281599113481e-06
BLZ,Belize,2018,16.375,-88.87500762939453,0.0,0.0
BLZ,Belize,2018,16.375,-88.82500457763672,101.00050801040398,0.0002998815886813002
BLZ,Belize,2018,16.375,-88.7750015258789,171.0340881943849,0.0005078189713769204
BLZ,Belize,2018,16.375,-88.72500610351562,0.8607802391052246,2.555750962972921e-06
BLZ,Belize,2018,16.375,-88.67500305175781,1.4251767992973328,4.231506268077287e-06
BLZ,Belize,2018,16.375,-88.62500762939453,1.4068929851055145,4.177219617891019e-06
BLZ,Belize,2018,16.375,-88.57500457763672,0.0,0.0
BLZ,Belize,2018,16.375,-88.5250015258789,42.74467045086032,0.00012691361593094376
BLZ,Belize,2018,16.375,-88.47500610351562,103.21733738529619,0.00030646359829564364
BLZ,Belize,2018,16.42499542236328,-89.17500305175781,0.40894272923469543,1.2141958267173743e-06
BLZ,Belize,2018,16.42499542236328,-89.12500762939453,0.0,0.0
BLZ,Belize,2018,16.42499542236328,-89.07500457763672,0.0,0.0
BLZ,Belize,2018,16.42499542236328,-89.0250015258789,0.0,0.0
BLZ,Belize,2018,16.42499542236328,-88.97500610351562,0.0,0.0
BLZ,Belize,2018,16.42499542236328,-88.92500305175781,0.0,0.0
BLZ,Belize,2018,16.42499542236328,-88.87500762939453,0.0,0.0
BLZ,Belize,2018,16.42499542236328,-88.82500457763672,0.9531926512718201,2.8301335529251925e-06
BLZ,Belize,2018,16.42499542236328,-88.7750015258789,27.22071087362121,8.082127686897385e-05
BLZ,Belize,2018,16.42499542236328,-88.72500610351562,112.53251457214915,0.0003341213812976214
BLZ,Belize,2018,16.42499542236328,-88.67500305175781,0.8251360058784485,2.4499193241234278e-06
BLZ,Belize,2018,16.42499542236328,-88.62500762939453,12.646819293514607,3.7549793918995056e-05
BLZ,Belize,2018,16.42499542236328,-88.57500457763672,27.49791026118721,8.164431226119399e-05
BLZ,Belize,2018,16.42499542236328,-88.5250015258789,309.12017810963454,0.0009178117212580236
BLZ,Belize,2018,16.42499542236328,-88.47500610351562,174.1306095291539,0.0005170128829279436
BLZ,Belize,2018,16.474998474121094,-89.17500305175781,9.243263363838196,2.744426297204295e-05
BLZ,Belize,2018,16.474998474121094,-89.12500762939453,0.0,0.0
BLZ,Belize,2018,16.474998474121094,-89.07500457763672,0.0,0.0
BLZ,Belize,2018,16.474998474121094,-89.0250015258789,0.0,0.0
BLZ,Belize,2018,16.474998474121094,-88.97500610351562,0.0,0.0
BLZ,Belize,2018,16.474998474121094,-88.92500305175781,0.6381504535675049,1.8947387058073295e-06
BLZ,Belize,2018,16.474998474121094,-88.87500762939453,0.32076969742774963,9.524004221399042e-07
BLZ,Belize,2018,16.474998474121094,-88.82500457763672,0.0,0.0
BLZ,Belize,2018,16.474998474121094,-88.7750015258789,0.7747058868408203,2.300186768195757e-06
BLZ,Belize,2018,16.474998474121094,-88.72500610351562,11.727521777153015,3.482029874013031e-05
BLZ,Belize,2018,16.474998474121094,-88.67500305175781,83.42198693752289,0.00024768903114029964
BLZ,Belize,2018,16.474998474121094,-88.62500762939453,499.31733307267325,0.0014825279401814392
BLZ,Belize,2018,16.474998474121094,-88.57500457763672,24.344144821166992,7.228043668163728e-05
BLZ,Belize,2018,16.474998474121094,-88.5250015258789,369.78800281882286,0.0010979411484660132
BLZ,Belize,2018,16.474998474121094,-88.47500610351562,78.45907749238867,0.00023295360853495026
BLZ,Belize,2018,16.474998474121094,-88.42500305175781,182.9171534530081,0.0005431010957776453
BLZ,Belize,2018,16.524993896484375,-89.17500305175781,0.0,0.0
BLZ,Belize,2018,16.524993896484375,-89.12500762939453,2.59759521484375,7.712545165595067e-06
BLZ,Belize,2018,16.524993896484375,-89.07500457763672,0.0,0.0
BLZ,Belize,2018,16.524993896484375,-89.0250015258789,0.0,0.0
BLZ,Belize,2018,16.524993896484375,-88.97500610351562,0.0,0.0
BLZ,Belize,2018,16.524993896484375,-88.92500305175781,0.0,0.0
BLZ,Belize,2018,16.524993896484375,-88.87500762939453,0.40096262097358704,1.1905020098214886e-06
BLZ,Belize,2018,16.524993896484375,-88.82500457763672,5.642806828060334,1.6754112524326234e-05
BLZ,Belize,2018,16.524993896484375,-88.7750015258789,0.0,0.0
BLZ,Belize,2018,16.524993896484375,-88.72500610351562,9.949089422821999,2.953993797477581e-05
BLZ,Belize,2018,16.524993896484375,-88.67500305175781,101.91322887707184,0.00030259155706572396
BLZ,Belize,2018,16.524993896484375,-88.62500762939453,708.5124618411064,0.0021036512275316847
BLZ,Belize,2018,16.524993896484375,-88.57500457763672,426.6799766125853,0.0012668596600712316
BLZ,Belize,2018,16.524993896484375,-88.5250015258789,3110.3190811872482,0.009234878573839594
BLZ,Belize,2018,16.524993896484375,-88.47500610351562,222.9215582460165,0.0006618785623458474
BLZ,Belize,2018,16.524993896484375,-88.42500305175781,5719.447361016879,0.016981666674628356
BLZ,Belize,2018,16.524993896484375,-88.37500762939453,1614.5288614780038,0.004793713313817797
BLZ,Belize,2018,16.574996948242188,-89.17500305175781,0.0,0.0
BLZ,Belize,2018,16.574996948242188,-89.12500762939453,0.0,0.0
BLZ,Belize,2018,16.574996948242188,-89.07500457763672,0.0,0.0
BLZ,Belize,2018,16.574996948242188,-89.0250015258789,0.0,0.0
BLZ,Belize,2018,16.574996948242188,-88.97500610351562,0.0,0.0
BLZ,Belize,2018,16.574996948242188,-88.92500305175781,0.0,0.0
BLZ,Belize,2018,16.574996948242188,-88.87500762939453,0.0,0.0
BLZ,Belize,2018,16.574996948242188,-88.82500457763672,0.1024303138265389,3.041268390082009e-07
BLZ,Belize,2018,16.574996948242188,-88.7750015258789,0.0,0.0
BLZ,Belize,2018,16.574996948242188,-88.72500610351562,15.992518424987793,4.748354168482288e-05
BLZ,Belize,2018,16.574996948242188,-88.67500305175781,21.211894273757935,6.298044117856374e-05
BLZ,Belize,2018,16.574996948242188,-88.62500762939453,17.212255239520974,5.110507410006182e-05
BLZ,Belize,2018,16.574996948242188,-88.57500457763672,371.9303388605483,0.001104301979201792
BLZ,Belize,2018,16.574996948242188,-88.5250015258789,1587.1004102230072,0.004712275232966078
BLZ,Belize,2018,16.574996948242188,-88.47500610351562,2.549404859551557,7.5694627139439274e-06
BLZ,Belize,2018,16.574996948242188,-88.42500305175781,450.84049314272164,0.001338594884211607
BLZ,Belize,2018,16.574996948242188,-88.37500762939453,1377.512673319161,0.00408998624899018
BLZ,Belize,2018,16.625,-89.17500305175781,0.0,0.0
BLZ,Belize,2018,16.625,-89.12500762939453,0.0,0.0
BLZ,Belize,2018,16.625,-89.07500457763672,0.0,0.0
BLZ,Belize,2018,16.625,-89.0250015258789,0.0,0.0
BLZ,Belize,2018,16.625,-88.97500610351562,0.5491858720779419,1.6305931033841322e-06
BLZ,Belize,2018,16.625,-88.92500305175781,0.0,0.0
BLZ,Belize,2018,16.625,-88.87500762939453,0.0,0.0
BLZ,Belize,2018,16.625,-88.82500457763672,0.0,0.0
BLZ,Belize,2018,16.625,-88.7750015258789,1.4257814288139343,4.233301479443782e-06
BLZ,Belize,2018,16.625,-88.72500610351562,1.2267912030220032,3.6424776685735634e-06
BLZ,Belize,2018,16.625,-88.67500305175781,0.0,0.0
BLZ,Belize,2018,16.625,-88.62500762939453,13.085122525707263,3.885116430002862e-05
BLZ,Belize,2018,16.625,-88.57500457763672,1001.4380466939913,0.0029733794247604893
BLZ,Belize,2018,16.625,-88.5250015258789,253.98653536665336,0.0007541138874426796
BLZ,Belize,2018,16.625,-88.47500610351562,331.80597424551763,0.0009851683387616498
BLZ,Belize,2018,16.625,-88.42500305175781,24.859929777843988,7.381185880290305e-05
BLZ,Belize,2018,16.625,-88.37500762939453,785.4089462459087,0.002331965325763186
BLZ,Belize,2018,16.67499542236328,-89.12500762939453,0.0,0.0
BLZ,Belize,2018,16.67499542236328,-89.07500457763672,0.48031505942344666,1.4261081050465517e-06
BLZ,Belize,2018,16.67499542236328,-89.0250015258789,0.5826813578605652,1.730044875340668e-06
BLZ,Belize,2018,16.67499542236328,-88.97500610351562,10.786077201476354,3.20250465124858e-05
BLZ,Belize,2018,16.67499542236328,-88.92500305175781,0.0,0.0
BLZ,Belize,2018,16.67499542236328,-88.87500762939453,0.0,0.0
BLZ,Belize,2018,16.67499542236328,-88.82500457763672,0.0,0.0
BLZ,Belize,2018,16.67499542236328,-88.7750015258789,0.695423424243927,2.064788438954947e-06
BLZ,Belize,2018,16.67499542236328,-88.72500610351562,0.0,0.0
BLZ,Belize,2018,16.67499542236328,-88.67500305175781,0.0,0.0
BLZ,Belize,2018,16.67499542236328,-88.62500762939453,0.0,0.0
BLZ,Belize,2018,16.67499542236328,-88.57500457763672,192.97060441970825,0.0005729508946253208
BLZ,Belize,2018,16.67499542236328,-88.5250015258789,826.0949163438486,0.0024527664344937807
BLZ,Belize,2018,16.67499542236328,-88.47500610351562,1078.8400456018917,0.003203194451009847
BLZ,Belize,2018,16.67499542236328,-88.42500305175781,858.7592374682689,0.00254975038739606
BLZ,Belize,2018,16.67499542236328,-88.37500762939453,444.2915462255478,0.001319150342353369
BLZ,Belize,2018,16.67499542236328,-88.32500457763672,403.6067010762702,0.001198352573718767
BLZ,Belize,2018,16.724998474121094,-89.12500762939453,1.1908701658248901,3.535824168368983e-06
BLZ,Belize,2018,16.724998474121094,-89.07500457763672,0.0,0.0
BLZ,Belize,2018,16.724998474121094,-89.0250015258789,0.6643933653831482,1.9726567900023886e-06
BLZ,Belize,2018,16.724998474121094,-88.97500610351562,30.424287200066388,9.033304643489745e-05
BLZ,Belize,2018,16.724998474121094,-88.92500305175781,0.0,0.0
BLZ,Belize,2018,16.724998474121094,-88.87500762939453,0.0,0.0
BLZ,Belize,2018,16.724998474121094,-88.82500457763672,0.0,0.0
BLZ,Belize,2018,16.724998474121094,-88.7750015258789,0.0,0.0
BLZ,Belize,2018,16.724998474121094,-88.72500610351562,0.0,0.0
BLZ,Belize,2018,16.724998474121094,-88.67500305175781,0.0,0.0
BLZ,Belize,2018,16.724998474121094,-88.62500762939453,0.0,0.0
BLZ,Belize,2018,16.724998474121094,-88.57500457763672,0.0,0.0
BLZ,Belize,2018,16.724998474121094,-88.5250015258789,0.9279091358184814,2.7550640217817016e-06
BLZ,Belize,2018,16.724998474121094,-88.47500610351562,16.069947243311113,4.771343634085887e-05
BLZ,Belize,2018,16.724998474121094,-88.42500305175781,1029.418067574923,0.0030564551763423075
BLZ,Belize,2018,16.724998474121094,-88.37500762939453,232.39989899408928,0.0006900207958611676
BLZ,Belize,2018,16.724998474121094,-88.32500457763672,310.05475348237803,0.0009205865780685643
BLZ,Belize,2018,16.774993896484375,-89.12500762939453,64.79067122936249,0.00019237061082888428
BLZ,Belize,2018,16.774993896484375,-89.07500457763672,9.928640365600586,2.9479222480493738e-05
BLZ,Belize,2018,16.774993896484375,-89.0250015258789,11.842545688152313,3.516181735074218e-05
BLZ,Belize,2018,16.774993896484375,-88.97500610351562,0.0,0.0
BLZ,Belize,2018,16.774993896484375,-88.92500305175781,0.0,0.0
BLZ,Belize,2018,16.774993896484375,-88.87500762939453,0.0,0.0
BLZ,Belize,2018,16.774993896484375,-88.82500457763672,0.0,0.0
BLZ,Belize,2018,16.774993896484375,-88.7750015258789,0.0,0.0
BLZ,Belize,2018,16.774993896484375,-88.72500610351562,0.0,0.0
BLZ,Belize,2018,16.774993896484375,-88.67500305175781,0.0,0.0
BLZ,Belize,2018,16.774993896484375,-88.62500762939453,0.0,0.0
BLZ,Belize,2018,16.774993896484375,-88.57500457763672,0.0,0.0
BLZ,Belize,2018,16.774993896484375,-88.5250015258789,0.0,0.0
BLZ,Belize,2018,16.774993896484375,-88.47500610351562,35.25540256500244,0.00010467715795748927
BLZ,Belize,2018,16.774993896484375,-88.42500305175781,30.443704783917973,9.039069937158531e-05
BLZ,Belize,2018,16.774993896484375,-88.37500762939453,534.5269417762756,0.0015870691311405537
BLZ,Belize,2018,16.774993896484375,-88.32500457763672,208.53343705832958,0.0006191586520711567
BLZ,Belize,2018,16.824996948242188,-89.12500762939453,0.728734016418457,2.1636912415050485e-06
BLZ,Belize,2018,16.824996948242188,-89.07500457763672,16.324531316757202,4.846932438441313e-05
BLZ,Belize,2018,16.824996948242188,-89.0250015258789,19.526419281959534,5.797608102058275e-05
BLZ,Belize,2018,16.824996948242188,-88.97500610351562,0.0,0.0
BLZ,Belize,2018,16.824996948242188,-88.92500305175781,0.0,0.0
BLZ,Belize,2018,16.824996948242188,-88.87500762939453,0.0,0.0
BLZ,Belize,2018,16.824996948242188,-88.82500457763672,0.0,0.0
BLZ,Belize,2018,16.824996948242188,-88.7750015258789,0.0,0.0
BLZ,Belize,2018,16.824996948242188,-88.72500610351562,0.0,0.0
BLZ,Belize,2018,16.824996948242188,-88.67500305175781,0.0,0.0
BLZ,Belize,2018,16.824996948242188,-88.62500762939453,0.0,0.0
BLZ,Belize,2018,16.824996948242188,-88.57500457763672,0.0,0.0
BLZ,Belize,2018,16.824996948242188,-88.5250015258789,0.0,0.0
BLZ,Belize,2018,16.824996948242188,-88.47500610351562,4.0523512323531463e-10,1.2031875377572426e-15
BLZ,Belize,2018,16.824996948242188,-88.42500305175781,16.007616341114044,4.752836905413919e-05
BLZ,Belize,2018,16.824996948242188,-88.37500762939453,443.9061858654168,0.0013180061651676563
BLZ,Belize,2018,16.824996948242188,-88.32500457763672,1095.10614287865,0.003251490278318917
BLZ,Belize,2018,16.875,-89.12500762939453,0.0,0.0
BLZ,Belize,2018,16.875,-89.07500457763672,0.0,0.0
BLZ,Belize,2018,16.875,-89.0250015258789,49.425029635703304,0.00014674833522865333
BLZ,Belize,2018,16.875,-88.97500610351562,0.0,0.0
BLZ,Belize,2018,16.875,-88.92500305175781,0.0,0.0
BLZ,Belize,2018,16.875,-88.87500762939453,0.0,0.0
BLZ,Belize,2018,16.875,-88.82500457763672,0.0,0.0
BLZ,Belize,2018,16.875,-88.7750015258789,0.0,0.0
BLZ,Belize,2018,16.875,-88.72500610351562,0.0,0.0
BLZ,Belize,2018,16.875,-88.67500305175781,0.0,0.0
BLZ,Belize,2018,16.875,-88.62500762939453,0.0,0.0
BLZ,Belize,2018,16.875,-88.57500457763672,1.3799674809113485,4.097274842039399e-06
BLZ,Belize,2018,16.875,-88.5250015258789,0.0,0.0
BLZ,Belize,2018,16.875,-88.47500610351562,0.0,0.0
BLZ,Belize,2018,16.875,-88.42500305175781,6.253671646118164,1.85678371848975e-05
BLZ,Belize,2018,16.875,-88.37500762939453,295.1271521166076,0.0008762648919607354
BLZ,Belize,2018,16.875,-88.32500457763672,1688.7066851109266,0.005013955409963203
BLZ,Belize,2018,16.92499542236328,-89.12500762939453,2.0580424666404724,6.1105538638097995e-06
BLZ,Belize,2018,16.92499542236328,-89.07500457763672,50.31631594896997,0.00014939466207252204
BLZ,Belize,2018,16.92499542236328,-89.0250015258789,14.820256143837026,4.4002966367454716e-05
BLZ,Belize,2018,16.92499542236328,-88.97500610351562,2.988426089286804,8.87296490845034e-06
BLZ,Belize,2018,16.92499542236328,-88.92500305175781,3.08581745625058,9.162130561418462e-06
BLZ,Belize,2018,16.92499542236328,-88.87500762939453,0.7327336074121307,2.1755664659458476e-06
BLZ,Belize,2018,16.92499542236328,-88.82500457763672,2.1162079349160194,6.283253520241884e-06
BLZ,Belize,2018,16.92499542236328,-88.7750015258789,0.0,0.0
BLZ,Belize,2018,16.92499542236328,-88.72500610351562,0.0,0.0
BLZ,Belize,2018,16.92499542236328,-88.67500305175781,0.0,0.0
BLZ,Belize,2018,16.92499542236328,-88.62500762939453,0.40051090717315674,1.189160821992133e-06
BLZ,Belize,2018,16.92499542236328,-88.57500457763672,0.0,0.0
BLZ,Belize,2018,16.92499542236328,-88.5250015258789,0.5181998834669612,1.538592303838011e-06
BLZ,Belize,2018,16.92499542236328,-88.47500610351562,0.0,0.0
BLZ,Belize,2018,16.92499542236328,-88.42500305175781,0.0,0.0
BLZ,Belize,2018,16.92499542236328,-88.37500762939453,95.71213483870491,0.000284179828566338
BLZ,Belize,2018,16.92499542236328,-88.32500457763672,287.74902698399615,0.0008543584290147368
BLZ,Belize,2018,16.92499542236328,-88.2750015258789,22.32406534270843,6.628259909452094e-05
BLZ,Belize,2018,16.974998474121094,-89.12500762939453,13.446286380422103,3.992349940664998e-05
BLZ,Belize,2018,16.974998474121094,-89.07500457763672,81.4548605680755,0.00024184841714313052
BLZ,Belize,2018,16.974998474121094,-89.0250015258789,80.91645240783691,0.00024024982424858098
BLZ,Belize,2018,16.974998474121094,-88.97500610351562,119.1470998153633,0.00035376081054681505
BLZ,Belize,2018,16.974998474121094,-88.92500305175781,18.628164827835857,5.53090650020602e-05
BLZ,Belize,2018,16.974998474121094,-88.87500762939453,2.899318516831845,8.608394750163861e-06
BLZ,Belize,2018,16.974998474121094,-88.82500457763672,38.66173732280731,0.0001147909395500099
BLZ,Belize,2018,16.974998474121094,-88.7750015258789,15.884131520986557,4.716172907611016e-05
BLZ,Belize,2018,16.974998474121094,-88.72500610351562,1.8962995409965515,5.63032137334486e-06
BLZ,Belize,2018,16.974998474121094,-88.67500305175781,0.41881269217299294,1.2435008294789181e-06
BLZ,Belize,2018,16.974998474121094,-88.62500762939453,0.0,0.0
BLZ,Belize,2018,16.974998474121094,-88.57500457763672,0.0,0.0
BLZ,Belize,2018,16.974998474121094,-88.5250015258789,12.318986892701266,3.657642355567983e-05
BLZ,Belize,2018,16.974998474121094,-88.47500610351562,24.616644919301404,7.308951936799308e-05
BLZ,Belize,2018,16.974998474121094,-88.42500305175781,627.8223616482953,0.0018640734678417937
BLZ,Belize,2018,16.974998474121094,-88.37500762939453,1128.6122647525356,0.003350973629997258
BLZ,Belize,2018,16.974998474121094,-88.32500457763672,1675.454326511362,0.004974607703413031
BLZ,Belize,2018,16.974998474121094,-88.2750015258789,1284.226424574897,0.0038130091423733787
BLZ,Belize,2018,17.024993896484375,-89.12500762939453,359.5752098188057,0.0010676182456405847
BLZ,Belize,2018,17.024993896484375,-89.07500457763672,230.0183438066365,0.000682949697237862
BLZ,Belize,2018,17.024993896484375,-89.0250015258789,2.197387218475342,6.524283719013475e-06
BLZ,Belize,2018,17.024993896484375,-88.97500610351562,234.22021746655048,0.0006954255211064243
BLZ,Belize,2018,17.024993896484375,-88.92500305175781,66.5995819568634,0.00019774146522785166
BLZ,Belize,2018,17.024993896484375,-88.87500762939453,24.03062510492387,7.13495622490036e-05
BLZ,Belize,2018,17.024993896484375,-88.82500457763672,41.87410098314285,0.00012432879967428043
BLZ,Belize,2018,17.024993896484375,-88.7750015258789,35.690421342861015,0.0001059687764332794
BLZ,Belize,2018,17.024993896484375,-88.72500610351562,0.06954444199800491,2.0648507775988594e-07
BLZ,Belize,2018,17.024993896484375,-88.67500305175781,0.5220195055007935,1.549933180693301e-06
BLZ,Belize,2018,17.024993896484375,-88.62500762939453,0.0,0.0
BLZ,Belize,2018,17.024993896484375,-88.57500457763672,37.19324731826782,0.00011043083162383444
BLZ,Belize,2018,17.024993896484375,-88.5250015258789,525.1609843375363,0.0015592605759998086
BLZ,Belize,2018,17.024993896484375,-88.47500610351562,556.0117015843452,0.0016508597400255742
BLZ,Belize,2018,17.024993896484375,-88.42500305175781,440.7065467834725,0.0013085060857125968
BLZ,Belize,2018,17.024993896484375,-88.37500762939453,221.78798186779022,0.0006585128497183517
BLZ,Belize,2018,17.024993896484375,-88.32500457763672,1382.7990638766844,0.0041056821225061504
BLZ,Belize,2018,17.024993896484375,-88.2750015258789,57.71209163242374,0.00017135353144034923
BLZ,Belize,2018,17.074996948242188,-89.12500762939453,6264.897006452185,0.018601166511222667
BLZ,Belize,2018,17.074996948242188,-89.07500457763672,268.165336278398,0.0007962123028543314
BLZ,Belize,2018,17.074996948242188,-89.0250015258789,1138.793867945828,0.0033812039268648003
BLZ,Belize,2018,17.074996948242188,-88.97500610351562,371.89863538745584,0.0011042078481121075
BLZ,Belize,2018,17.074996948242188,-88.92500305175781,70.7137771397829,0.0002099569620793305
BLZ,Belize,2018,17.074996948242188,-88.87500762939453,17.242439091767107,5.119469326874125e-05
BLZ,Belize,2018,17.074996948242188,-88.82500457763672,7.66655158996582,2.2762832740101407e-05
BLZ,Belize,2018,17.074996948242188,-88.7750015258789,2.8470286728083583,8.453140466729511e-06
BLZ,Belize,2018,17.074996948242188,-88.72500610351562,0.5538230762022787,1.6443614711600877e-06
BLZ,Belize,2018,17.074996948242188,-88.67500305175781,102.31505489349365,0.00030378462259135117
BLZ,Belize,2018,17.074996948242188,-88.62500762939453,632.0257752543736,0.0018765538639794594
BLZ,Belize,2018,17.074996948242188,-88.57500457763672,255.46503591550663,0.0007585037177731431
BLZ,Belize,2018,17.074996948242188,-88.5250015258789,65.9914186000824,0.00019593576150217878
BLZ,Belize,2018,17.074996948242188,-88.47500610351562,0.0,0.0
BLZ,Belize,2018,17.074996948242188,-88.42500305175781,3.019242212176323,8.96446135803409e-06
BLZ,Belize,2018,17.074996948242188,-88.37500762939453,76.17481732368469,0.00022617138949619254
BLZ,Belize,2018,17.074996948242188,-88.32500457763672,433.54157620674226,0.0012872325020274206
BLZ,Belize,2018,17.074996948242188,-88.2750015258789,178.06022330000997,0.0005286803373172506
BLZ,Belize,2018,17.125,-89.12500762939453,787.9740564823151,0.0023395814194639916
BLZ,Belize,2018,17.125,-89.07500457763672,4132.02175951004,0.01226842591306503
BLZ,Belize,2018,17.125,-89.0250015258789,326.92739501597595,0.000970683301817956
BLZ,Belize,2018,17.125,-88.97500610351562,432.3234887123108,0.0012836158666245045
BLZ,Belize,2018,17.125,-88.92500305175781,485.0033566951792,0.0014400281739823688
BLZ,Belize,2018,17.125,-88.87500762939453,16.794576227664948,4.986493929181592e-05
BLZ,Belize,2018,17.125,-88.82500457763672,168.2019915729761,0.0004994101658089373
BLZ,Belize,2018,17.125,-88.7750015258789,176.2075572611089,0.0005231795685985001
BLZ,Belize,2018,17.125,-88.72500610351562,74.4256711602211,0.00022097798264440491
BLZ,Belize,2018,17.125,-88.67500305175781,201.44787220656872,0.0005981208326947279
BLZ,Belize,2018,17.125,-88.62500762939453,194.30921866052284,0.0005769253871607993
BLZ,Belize,2018,17.125,-88.57500457763672,303.78212790192816,0.0009019624645732688
BLZ,Belize,2018,17.125,-88.5250015258789,67.5076664686203,0.00020043766776590714
BLZ,Belize,2018,17.125,-88.47500610351562,0.0,0.0
BLZ,Belize,2018,17.125,-88.42500305175781,0.0,0.0
BLZ,Belize,2018,17.125,-88.37500762939453,74.49112617969513,0.00022117232577805544
BLZ,Belize,2018,17.125,-88.32500457763672,289.46686005596723,0.0008594588638626378
BLZ,Belize,2018,17.17499542236328,-89.12500762939453,2060.5021796227234,0.006117857021500268
BLZ,Belize,2018,17.17499542236328,-89.07500457763672,12510.583602190018,0.03714529520553012
BLZ,Belize,2018,17.17499542236328,-89.0250015258789,2553.5129687935114,0.007581660140969015
BLZ,Belize,2018,17.17499542236328,-88.97500610351562,1204.8955234885216,0.003577466993943286
BLZ,Belize,2018,17.17499542236328,-88.92500305175781,678.4277574419975,0.002014326439687224
BLZ,Belize,2018,17.17499542236328,-88.87500762939453,329.02544224268524,0.0009769126342031868
BLZ,Belize,2018,17.17499542236328,-88.82500457763672,305.337336458373,0.0009065800493936281
BLZ,Belize,2018,17.17499542236328,-88.7750015258789,776.1437901260479,0.0023044560607967373
BLZ,Belize,2018,17.17499542236328,-88.72500610351562,679.5878465771783,0.002017770871598736
BLZ,Belize,2018,17.17499542236328,-88.67500305175781,86.97729530931983,0.00025824513173611615
BLZ,Belize,2018,17.17499542236328,-88.62500762939453,35.09001815319061,0.0001041861134950976
BLZ,Belize,2018,17.17499542236328,-88.57500457763672,14.627438589930534,4.343046989659375e-05
BLZ,Belize,2018,17.17499542236328,-88.5250015258789,315.2431826593089,0.0009359915934985675
BLZ,Belize,2018,17.17499542236328,-88.47500610351562,1.1165356636047363,3.315116876309451e-06
BLZ,Belize,2018,17.17499542236328,-88.42500305175781,17.99471479700236,5.3428282367016424e-05
BLZ,Belize,2018,17.17499542236328,-88.37500762939453,77.24183869361877,0.00022933949300256074
BLZ,Belize,2018,17.17499542236328,-88.32500457763672,501.78895030915737,0.0014898664429086987
BLZ,Belize,2018,17.224998474121094,-89.12500762939453,100.89614179730587,0.00029957171394497426
BLZ,Belize,2018,17.224998474121094,-89.07500457763672,348.9924009891008,0.001036196725223722
BLZ,Belize,2018,17.224998474121094,-89.0250015258789,2411.4603937864345,0.007159890461701622
BLZ,Belize,2018,17.224998474121094,-88.97500610351562,1775.3900991529226,0.005271327975975989
BLZ,Belize,2018,17.224998474121094,-88.92500305175781,2345.5810813904045,0.006964287555818039
BLZ,Belize,2018,17.224998474121094,-88.87500762939453,1664.7973258497384,0.004942965899307885
BLZ,Belize,2018,17.224998474121094,-88.82500457763672,1629.290333211422,0.004837541742821695
BLZ,Belize,2018,17.224998474121094,-88.7750015258789,8919.259566426323,0.026482260152248832
BLZ,Belize,2018,17.224998474121094,-88.72500610351562,626.3936159243303,0.0018598313650448443
BLZ,Belize,2018,17.224998474121094,-88.67500305175781,114.71904066206258,0.00034061341713439964
BLZ,Belize,2018,17.224998474121094,-88.62500762939453,225.2878297716817,0.0006689042821005906
BLZ,Belize,2018,17.224998474121094,-88.57500457763672,92.58958005160093,0.00027490862083929683
BLZ,Belize,2018,17.224998474121094,-88.5250015258789,0.0,0.0
BLZ,Belize,2018,17.224998474121094,-88.47500610351562,0.0,0.0
BLZ,Belize,2018,17.224998474121094,-88.42500305175781,30.938567549169004,9.186000121120986e-05
BLZ,Belize,2018,17.224998474121094,-88.37500762939453,22.006218194961548,6.533887604300583e-05
BLZ,Belize,2018,17.224998474121094,-88.32500457763672,25.669837147025532,7.621656263399502e-05
BLZ,Belize,2018,17.274993896484375,-89.12500762939453,43.758375019320496,0.00012992341600454355
BLZ,Belize,2018,17.274993896484375,-89.07500457763672,397.5241677388549,0.0011802928649473697
BLZ,Belize,2018,17.274993896484375,-89.0250015258789,3262.5044505000114,0.00968673363103258
BLZ,Belize,2018,17.274993896484375,-88.97500610351562,1918.549038827432,0.005696382573316233
BLZ,Belize,2018,17.274993896484375,-88.92500305175781,513.4631418585988,0.001524528398352088
BLZ,Belize,2018,17.274993896484375,-88.87500762939453,227.03350782442453,0.0006740873917511745
BLZ,Belize,2018,17.274993896484375,-88.82500457763672,1893.634950518857,0.005622409911894054
BLZ,Belize,2018,17.274993896484375,-88.7750015258789,9263.063303709392,0.027503051165699923
BLZ,Belize,2018,17.274993896484375,-88.72500610351562,1584.7138947250583,0.0047051894066367315
BLZ,Belize,2018,17.274993896484375,-88.67500305175781,812.949764676443,0.002413737037086471
BLZ,Belize,2018,17.274993896484375,-88.62500762939453,1125.113337472271,0.0033405849310475656
BLZ,Belize,2018,17.274993896484375,-88.57500457763672,122.0483770221854,0.00036237502086244075
BLZ,Belize,2018,17.274993896484375,-88.5250015258789,18.417917609214783,5.4684817944516514e-05
BLZ,Belize,2018,17.274993896484375,-88.47500610351562,29.539396837353706,8.770570986990002e-05
BLZ,Belize,2018,17.274993896484375,-88.42500305175781,23.02368026971817,6.835983256502212e-05
BLZ,Belize,2018,17.274993896484375,-88.37500762939453,38.76066505908966,0.00011508466685203436
BLZ,Belize,2018,17.274993896484375,-88.32500457763672,362.4762657955289,0.0010762317990997763
BLZ,Belize,2018,17.274993896484375,-88.2750015258789,0.0,0.0
BLZ,Belize,2018,17.324996948242188,-89.12500762939453,92.32445339858532,0.00027412143072041257
BLZ,Belize,2018,17.324996948242188,-89.07500457763672,416.09803405424066,0.0012354407117090732
BLZ,Belize,2018,17.324996948242188,-89.0250015258789,1323.5381402971268,0.0039297299390980405
BLZ,Belize,2018,17.324996948242188,-88.97500610351562,222.41229230165573,0.0006603664958873256
BLZ,Belize,2018,17.324996948242188,-88.92500305175781,199.67696231603622,0.0005928628069496534
BLZ,Belize,2018,17.324996948242188,-88.87500762939453,288.1838591098908,0.0008556494933003692
BLZ,Belize,2018,17.324996948242188,-88.82500457763672,1770.2846502065825,0.005256169337954069
BLZ,Belize,2018,17.324996948242188,-88.7750015258789,154.3793425411095,0.0004583692044007708
BLZ,Belize,2018,17.324996948242188,-88.72500610351562,374.24880212545395,0.0011111857509854696
BLZ,Belize,2018,17.324996948242188,-88.67500305175781,122.32253861439102,0.0003631890367069704
BLZ,Belize,2018,17.324996948242188,-88.62500762939453,0.1324249505996704,3.931842061901429e-07
BLZ,Belize,2018,17.324996948242188,-88.57500457763672,1187.1072158962488,0.0035246515572112955
BLZ,Belize,2018,17.324996948242188,-88.5250015258789,425.8446086646832,0.0012643793609887308
BLZ,Belize,2018,17.324996948242188,-88.47500610351562,83.05884081147606,0.0002466108104526258
BLZ,Belize,2018,17.324996948242188,-88.42500305175781,0.0,0.0
BLZ,Belize,2018,17.324996948242188,-88.37500762939453,35.126322746276855,0.00010429390581481554
BLZ,Belize,2018,17.324996948242188,-88.32500457763672,62.82168382416732,0.0001865244712124125
BLZ,Belize,2018,17.324996948242188,-88.2750015258789,0.0,0.0
BLZ,Belize,2018,17.375,-89.12500762939453,49.366009905946115,0.00014657309917616435
BLZ,Belize,2018,17.375,-89.07500457763672,114.47815503933492,0.0003398982012938356
BLZ,Belize,2018,17.375,-89.0250015258789,379.70659509309985,0.0011273905370610276
BLZ,Belize,2018,17.375,-88.97500610351562,173.5533755723353,0.0005152990119839111
BLZ,Belize,2018,17.375,-88.92500305175781,461.4299643487707,0.0013700361859547404
BLZ,Belize,2018,17.375,-88.87500762939453,33.372334599554115,9.908612258353513e-05
BLZ,Belize,2018,17.375,-88.82500457763672,118.90500191633987,0.0003530419953249344
BLZ,Belize,2018,17.375,-88.7750015258789,215.74839264154434,0.0006405806467242588
BLZ,Belize,2018,17.375,-88.72500610351562,21.367980271577835,6.344387762971819e-05
BLZ,Belize,2018,17.375,-88.67500305175781,103.9092379141236,0.00030851792687162287
BLZ,Belize,2018,17.375,-88.62500762939453,9.601393282413483,2.850758998942388e-05
BLZ,Belize,2018,17.375,-88.57500457763672,85.69447636605449,0.0002544363015601605
BLZ,Belize,2018,17.375,-88.5250015258789,428.0197962524853,0.0012708377315688347
BLZ,Belize,2018,17.375,-88.47500610351562,205.09980148088408,0.0006089638113500494
BLZ,Belize,2018,17.375,-88.42500305175781,247.73920793551952,0.0007355648869280713
BLZ,Belize,2018,17.375,-88.37500762939453,24.33119601018634,7.224199024126876e-05
BLZ,Belize,2018,17.375,-88.32500457763672,0.0,0.0
BLZ,Belize,2018,17.375,-88.2750015258789,0.0,0.0
BLZ,Belize,2018,17.42499542236328,-89.12500762939453,7.844502499833317e-13,2.3291188513845148e-18
BLZ,Belize,2018,17.42499542236328,-89.07500457763672,1.3255503465703367e-11,3.935704400275033e-17
BLZ,Belize,2018,17.42499542236328,-89.0250015258789,10.095499366521835,2.9974645159723077e-05
BLZ,Belize,2018,17.42499542236328,-88.97500610351562,5.058873891837025,1.5020351575520468e-05
BLZ,Belize,2018,17.42499542236328,-88.92500305175781,16.65481501817849,4.944997292815662e-05
BLZ,Belize,2018,17.42499542236328,-88.87500762939453,11.732535123853841,3.48351839164811e-05
BLZ,Belize,2018,17.42499542236328,-88.82500457763672,0.0,0.0
BLZ,Belize,2018,17.42499542236328,-88.7750015258789,43.61106452347017,0.00012948603498146518
BLZ,Belize,2018,17.42499542236328,-88.72500610351562,0.0,0.0
BLZ,Belize,2018,17.42499542236328,-88.67500305175781,3.2483250201711233,9.644633346812378e-06
BLZ,Belize,2018,17.42499542236328,-88.62500762939453,0.5881100893075198,1.74616337457306e-06
BLZ,Belize,2018,17.42499542236328,-88.57500457763672,0.7213285565376282,2.1417036186927967e-06
BLZ,Belize,2018,17.42499542236328,-88.5250015258789,54.429354935884476,0.00016160672605121997
BLZ,Belize,2018,17.42499542236328,-88.47500610351562,380.5915464489121,0.001130018054721229
BLZ,Belize,2018,17.42499542236328,-88.42500305175781,1093.739156946671,0.0032474315471198167
BLZ,Belize,2018,17.42499542236328,-88.37500762939453,1322.3491210942866,0.003926199610641836
BLZ,Belize,2018,17.42499542236328,-88.32500457763672,80.89686393752498,0.00024019166393124503
BLZ,Belize,2018,17.42499542236328,-88.2750015258789,50.9183669090271,0.00015118221742175291
BLZ,Belize,2018,17.42499542236328,-88.22500610351562,0.0,0.0
BLZ,Belize,2018,17.474998474121094,-89.12500762939453,0.0,0.0
BLZ,Belize,2018,17.474998474121094,-89.07500457763672,0.0,0.0
BLZ,Belize,2018,17.474998474121094,-89.0250015258789,8.819549951466499e-11,2.6186211366653885e-16
BLZ,Belize,2018,17.474998474121094,-88.97500610351562,10.502932906151935,3.1184360036936704e-05
BLZ,Belize,2018,17.474998474121094,-88.92500305175781,0.0,0.0
BLZ,Belize,2018,17.474998474121094,-88.87500762939453,0.0,0.0
BLZ,Belize,2018,17.474998474121094,-88.82500457763672,40.122437030540105,0.00011912791723032117
BLZ,Belize,2018,17.474998474121094,-88.7750015258789,230.28174224495888,0.0006837317560977259
BLZ,Belize,2018,17.474998474121094,-88.72500610351562,0.5365976095199585,1.5932171708369756e-06
BLZ,Belize,2018,17.474998474121094,-88.67500305175781,0.0,0.0
BLZ,Belize,2018,17.474998474121094,-88.62500762939453,0.0,0.0
BLZ,Belize,2018,17.474998474121094,-88.57500457763672,139.5836784244734,0.00041443925445997746
BLZ,Belize,2018,17.474998474121094,-88.5250015258789,3.81417179107666,1.1324694486622257e-05
BLZ,Belize,2018,17.474998474121094,-88.47500610351562,1.4518254654038998e-10,4.310629081275926e-16
BLZ,Belize,2018,17.474998474121094,-88.42500305175781,608.5742658383188,0.001806923759743384
BLZ,Belize,2018,17.474998474121094,-88.37500762939453,2757.2281187856083,0.008186512770143775
BLZ,Belize,2018,17.474998474121094,-88.32500457763672,674.2785000211326,0.0020020068392047345
BLZ,Belize,2018,17.474998474121094,-88.2750015258789,2783.32174628973,0.008263987612840489
BLZ,Belize,2018,17.474998474121094,-88.22500610351562,10008.133468211714,0.02971524622304536
BLZ,Belize,2018,17.524993896484375,-89.12500762939453,45.46772472932935,0.00013499866282009988
BLZ,Belize,2018,17.524993896484375,-89.07500457763672,3.6601740122126425,1.0867458186638735e-05
BLZ,Belize,2018,17.524993896484375,-89.0250015258789,9.125965118408203,2.709599161299739e-05
BLZ,Belize,2018,17.524993896484375,-88.97500610351562,4.23501443862915,1.2574222476321925e-05
BLZ,Belize,2018,17.524993896484375,-88.92500305175781,0.0,0.0
BLZ,Belize,2018,17.524993896484375,-88.87500762939453,0.0,0.0
BLZ,Belize,2018,17.524993896484375,-88.82500457763672,0.0,0.0
BLZ,Belize,2018,17.524993896484375,-88.7750015258789,29.471438378175918,8.750393374912576e-05
BLZ,Belize,2018,17.524993896484375,-88.72500610351562,0.7613690346587644,2.2605881909296836e-06
BLZ,Belize,2018,17.524993896484375,-88.67500305175781,16.190688848495483,4.807193141277366e-05
BLZ,Belize,2018,17.524993896484375,-88.62500762939453,280.77165272836965,0.0008336418393874277
BLZ,Belize,2018,17.524993896484375,-88.57500457763672,1486.258075535327,0.004412863278232565
BLZ,Belize,2018,17.524993896484375,-88.5250015258789,161.8640275001701,0.0004805920551617879
BLZ,Belize,2018,17.524993896484375,-88.47500610351562,2.160892605781555,6.415927210234389e-06
BLZ,Belize,2018,17.524993896484375,-88.42500305175781,339.8846746536729,0.0010091548865583037
BLZ,Belize,2018,17.524993896484375,-88.37500762939453,158.11846119166216,0.0004694710578793702
BLZ,Belize,2018,17.524993896484375,-88.32500457763672,4888.897522583815,0.014515673087718393
BLZ,Belize,2018,17.524993896484375,-88.2750015258789,2454.208438098447,0.007286814094996461
BLZ,Belize,2018,17.524993896484375,-88.22500610351562,19696.90867561102,0.05848228273410534
BLZ,Belize,2018,17.574996948242188,-89.12500762939453,0.0,0.0
BLZ,Belize,2018,17.574996948242188,-89.07500457763672,157.8742805570513,0.0004687460587870411
BLZ,Belize,2018,17.574996948242188,-89.0250015258789,92.06249896443568,0.000273343659267354
BLZ,Belize,2018,17.574996948242188,-88.97500610351562,7.853859454393387,2.3318970338451448e-05
BLZ,Belize,2018,17.574996948242188,-88.92500305175781,0.0,0.0
BLZ,Belize,2018,17.574996948242188,-88.87500762939453,0.0,0.0
BLZ,Belize,2018,17.574996948242188,-88.82500457763672,0.0,0.0
BLZ,Belize,2018,17.574996948242188,-88.7750015258789,0.0,0.0
BLZ,Belize,2018,17.574996948242188,-88.72500610351562,9.10765528678894,2.7041627714214762e-05
BLZ,Belize,2018,17.574996948242188,-88.67500305175781,0.0,0.0
BLZ,Belize,2018,17.574996948242188,-88.62500762939453,62.325045109040715,0.00018504989638277436
BLZ,Belize,2018,17.574996948242188,-88.57500457763672,390.0650477409363,0.0011581459193606219
BLZ,Belize,2018,17.574996948242188,-88.5250015258789,1403.6311776190996,0.004167534953622817
BLZ,Belize,2018,17.574996948242188,-88.47500610351562,524.3733415306136,0.0015569219780966273
BLZ,Belize,2018,17.574996948242188,-88.42500305175781,4096.597728654742,0.012163248079214055
BLZ,Belize,2018,17.574996948242188,-88.37500762939453,1959.61582173016,0.005818314357041831
BLZ,Belize,2018,17.574996948242188,-88.32500457763672,9416.041774868978,0.027957261029284447
BLZ,Belize,2018,17.574996948242188,-88.2750015258789,4032.6440069675446,0.01197336246339455
BLZ,Belize,2018,17.625,-89.12500762939453,6.161214292054227,1.829332115752161e-05
BLZ,Belize,2018,17.625,-89.07500457763672,1.346794843673706,3.998781642831451e-06
BLZ,Belize,2018,17.625,-89.0250015258789,5.305813789421272,1.575354322232618e-05
BLZ,Belize,2018,17.625,-88.97500610351562,0.0,0.0
BLZ,Belize,2018,17.625,-88.92500305175781,0.0,0.0
BLZ,Belize,2018,17.625,-88.87500762939453,0.40572869777679443,1.204653014719164e-06
BLZ,Belize,2018,17.625,-88.82500457763672,0.0,0.0
BLZ,Belize,2018,17.625,-88.7750015258789,0.0,0.0
BLZ,Belize,2018,17.625,-88.72500610351562,28.59075120098385,8.488907690305522e-05
BLZ,Belize,2018,17.625,-88.67500305175781,19.234373569488525,5.7108965260983335e-05
BLZ,Belize,2018,17.625,-88.62500762939453,88.18002223969,0.0002618161599391826
BLZ,Belize,2018,17.625,-88.57500457763672,258.2604599595139,0.0007668036384356061
BLZ,Belize,2018,17.625,-88.5250015258789,107.45584154138652,0.000319048182125952
BLZ,Belize,2018,17.625,-88.47500610351562,244.76140695810318,0.0007267234691424068
BLZ,Belize,2018,17.625,-88.42500305175781,18.394518658524465,5.461534389290318e-05
BLZ,Belize,2018,17.625,-88.37500762939453,3046.6049921518925,0.009045704453652633
BLZ,Belize,2018,17.625,-88.32500457763672,103.71056532952272,0.0003079280461722962
BLZ,Belize,2018,17.625,-88.2750015258789,71.95053985714912,0.00021362904626793063
BLZ,Belize,2018,17.67499542236328,-89.12500762939453,0.0,0.0
BLZ,Belize,2018,17.67499542236328,-89.07500457763672,0.0,0.0
BLZ,Belize,2018,17.67499542236328,-89.0250015258789,12.589212715625763,3.7378753669434926e-05
BLZ,Belize,2018,17.67499542236328,-88.97500610351562,6.182257413864136,1.8355800494739593e-05
BLZ,Belize,2018,17.67499542236328,-88.92500305175781,5.77500057220459,1.714661025318543e-05
BLZ,Belize,2018,17.67499542236328,-88.87500762939453,0.0,0.0
BLZ,Belize,2018,17.67499542236328,-88.82500457763672,0.0,0.0
BLZ,Belize,2018,17.67499542236328,-88.7750015258789,0.0,0.0
BLZ,Belize,2018,17.67499542236328,-88.72500610351562,130.58356998860836,0.00038771694514472965
BLZ,Belize,2018,17.67499542236328,-88.67500305175781,13.623892009295215,4.045083000324187e-05
BLZ,Belize,2018,17.67499542236328,-88.62500762939453,0.6308159232139587,1.8729616805430004e-06
BLZ,Belize,2018,17.67499542236328,-88.57500457763672,14.012302309353405,4.160406279519607e-05
BLZ,Belize,2018,17.67499542236328,-88.5250015258789,1.3871920108795166,4.118725264091798e-06
BLZ,Belize,2018,17.67499542236328,-88.47500610351562,145.7086819411752,0.00043262506185292525
BLZ,Belize,2018,17.67499542236328,-88.42500305175781,1235.9992660882856,0.0036698174180004664
BLZ,Belize,2018,17.67499542236328,-88.37500762939453,1164.6674674600486,0.003458025482321026
BLZ,Belize,2018,17.67499542236328,-88.32500457763672,118.0861767232418,0.0003506108134962923
BLZ,Belize,2018,17.67499542236328,-88.2750015258789,2.722197115421295,8.082501878031153e-06
BLZ,Belize,2018,17.724998474121094,-89.12500762939453,0.0,0.0
BLZ,Belize,2018,17.724998474121094,-89.07500457763672,0.0,0.0
BLZ,Belize,2018,17.724998474121094,-89.0250015258789,0.6418861746788025,1.905830471619149e-06
BLZ,Belize,2018,17.724998474121094,-88.97500610351562,0.0,0.0
BLZ,Belize,2018,17.724998474121094,-88.92500305175781,0.0,0.0
BLZ,Belize,2018,17.724998474121094,-88.87500762939453,0.0,0.0
BLZ,Belize,2018,17.724998474121094,-88.82500457763672,0.0,0.0
BLZ,Belize,2018,17.724998474121094,-88.7750015258789,242.53386797015932,0.0007201096615120003
BLZ,Belize,2018,17.724998474121094,-88.72500610351562,610.9851356297731,0.0018140818966419692
BLZ,Belize,2018,17.724998474121094,-88.67500305175781,251.05693903565407,0.0007454155945405837
BLZ,Belize,2018,17.724998474121094,-88.62500762939453,0.38465359807014465,1.1420787316175788e-06
BLZ,Belize,2018,17.724998474121094,-88.57500457763672,61.914032995700836,0.0001838295563276241
BLZ,Belize,2018,17.724998474121094,-88.5250015258789,1.1221551895141602,3.3318018652322805e-06
BLZ,Belize,2018,17.724998474121094,-88.47500610351562,684.8344664574795,0.0020333486616109357
BLZ,Belize,2018,17.724998474121094,-88.42500305175781,197.10930335521698,0.0005852391458064546
BLZ,Belize,2018,17.724998474121094,-88.37500762939453,0.0,0.0
BLZ,Belize,2018,17.724998474121094,-88.32500457763672,234.0402524471283,0.0006948911852204521
BLZ,Belize,2018,17.724998474121094,-88.2750015258789,0.0,0.0
BLZ,Belize,2018,17.774993896484375,-89.12500762939453,0.0,0.0
BLZ,Belize,2018,17.774993896484375,-89.07500457763672,0.0,0.0
BLZ,Belize,2018,17.774993896484375,-89.0250015258789,2.2590925693511963,6.707493675233519e-06
BLZ,Belize,2018,17.774993896484375,-88.97500610351562,0.0,0.0
BLZ,Belize,2018,17.774993896484375,-88.92500305175781,0.0,0.0
BLZ,Belize,2018,17.774993896484375,-88.87500762939453,0.39738981425762177,1.1798939547221566e-06
BLZ,Belize,2018,17.774993896484375,-88.82500457763672,0.0,0.0
BLZ,Belize,2018,17.774993896484375,-88.7750015258789,330.0144431516528,0.0009798490864016045
BLZ,Belize,2018,17.774993896484375,-88.72500610351562,1080.5949175358232,0.0032084048583023075
BLZ,Belize,2018,17.774993896484375,-88.67500305175781,545.4934867620468,0.0016196300063030752
BLZ,Belize,2018,17.774993896484375,-88.62500762939453,6.609773501767766,1.9625142660960664e-05
BLZ,Belize,2018,17.774993896484375,-88.57500457763672,244.79535767436028,0.0007268242725435837
BLZ,Belize,2018,17.774993896484375,-88.5250015258789,1946.3086169958115,0.005778803806300515
BLZ,Belize,2018,17.774993896484375,-88.47500610351562,215.00560426714742,0.0006383752265520631
BLZ,Belize,2018,17.774993896484375,-88.42500305175781,0.6412315368652344,1.9038867801327315e-06
BLZ,Belize,2018,17.774993896484375,-88.37500762939453,71.3775805234909,0.00021192786714901464
BLZ,Belize,2018,17.774993896484375,-88.32500457763672,995.3621840478434,0.002955339522003282
BLZ,Belize,2018,17.774993896484375,-88.2750015258789,4.894811630249023,1.4533232722191642e-05
BLZ,Belize,2018,17.824996948242188,-89.12500762939453,0.0,0.0
BLZ,Belize,2018,17.824996948242188,-89.07500457763672,0.0,0.0
BLZ,Belize,2018,17.824996948242188,-89.0250015258789,30.649228453710506,9.10009216944537e-05
BLZ,Belize,2018,17.824996948242188,-88.97500610351562,35.67043685916665,0.0001059094403087658
BLZ,Belize,2018,17.824996948242188,-88.92500305175781,120.40774086889556,0.00035750379213509754
BLZ,Belize,2018,17.824996948242188,-88.87500762939453,25.33589594066143,7.522505455682474e-05
BLZ,Belize,2018,17.824996948242188,-88.82500457763672,0.0,0.0
BLZ,Belize,2018,17.824996948242188,-88.7750015258789,70.3165571691184,0.00020877757240886924
BLZ,Belize,2018,17.824996948242188,-88.72500610351562,393.6314491782847,0.0011687349564850405
BLZ,Belize,2018,17.824996948242188,-88.67500305175781,328.3501609120415,0.0009749076498498467
BLZ,Belize,2018,17.824996948242188,-88.62500762939453,57.506925642917125,0.00017074437110948954
BLZ,Belize,2018,17.824996948242188,-88.57500457763672,55.772898435776355,0.00016559585409767007
BLZ,Belize,2018,17.824996948242188,-88.5250015258789,30.738731384277344,9.126666571434765e-05
BLZ,Belize,2018,17.824996948242188,-88.47500610351562,49.072099685668945,0.00014570044748834007
BLZ,Belize,2018,17.824996948242188,-88.42500305175781,4.707839727401733,1.3978092630630563e-05
BLZ,Belize,2018,17.824996948242188,-88.37500762939453,5.931571751832962,1.761148726235676e-05
BLZ,Belize,2018,17.824996948242188,-88.32500457763672,453.43321561813354,0.0013462929616792584
BLZ,Belize,2018,17.824996948242188,-88.2750015258789,198.41362738609314,0.0005891118269467717
BLZ,Belize,2018,17.824996948242188,-88.22500610351562,9.839838132317333,2.9215558907705704e-05
BLZ,Belize,2018,17.875,-89.12500762939453,0.0,0.0
BLZ,Belize,2018,17.875,-89.07500457763672,54.870806485435445,0.00016291744413188082
BLZ,Belize,2018,17.875,-89.0250015258789,30.52465531229973,9.063105037113881e-05
BLZ,Belize,2018,17.875,-88.97500610351562,729.078750819077,0.0021647147957600467
BLZ,Belize,2018,17.875,-88.92500305175781,1789.432382196188,0.005313021054859248
BLZ,Belize,2018,17.875,-88.87500762939453,646.1419164538383,0.001918466235831183
BLZ,Belize,2018,17.875,-88.82500457763672,42.7249338850379,0.00012685501590179016
BLZ,Belize,2018,17.875,-88.7750015258789,1171.4839892389653,0.0034782644832984434
BLZ,Belize,2018,17.875,-88.72500610351562,103.04693076775601,0.00030595764235347655
BLZ,Belize,2018,17.875,-88.67500305175781,1254.2405632734299,0.0037239778305295334
BLZ,Belize,2018,17.875,-88.62500762939453,654.3747099041939,0.0019429103027751168
BLZ,Belize,2018,17.875,-88.57500457763672,24.58156305551529,7.298535746570842e-05
BLZ,Belize,2018,17.875,-88.5250015258789,159.21996285021305,0.00047274153714534875
BLZ,Belize,2018,17.875,-88.47500610351562,228.68543195727108,0.0006789921357281848
BLZ,Belize,2018,17.875,-88.42500305175781,0.0,0.0
BLZ,Belize,2018,17.875,-88.37500762939453,0.0,0.0
BLZ,Belize,2018,17.875,-88.32500457763672,1575.1191139448151,0.004676701449891686
BLZ,Belize,2018,17.875,-88.2750015258789,503.8158240320189,0.0014958844533528193
BLZ,Belize,2018,17.875,-88.22500610351562,22.26927649974823,6.61199250090874e-05
BLZ,Belize,2018,17.92499542236328,-89.12500762939453,43.579392954707146,0.00012939199861923515
BLZ,Belize,2018,17.92499542236328,-89.07500457763672,133.8415499926831,0.00039739024519796503
BLZ,Belize,2018,17.92499542236328,-89.0250015258789,278.57143588365346,0.0008271091541976772
BLZ,Belize,2018,17.92499542236328,-88.97500610351562,1250.0004858374868,0.0037113885754587435
BLZ,Belize,2018,17.92499542236328,-88.92500305175781,138.9562017992139,0.00041257620752140344
BLZ,Belize,2018,17.92499542236328,-88.7750015258789,7.367085620760918,2.187368542420968e-05
BLZ,Belize,2018,17.92499542236328,-88.72500610351562,549.4522699270167,0.0016313840678235743
BLZ,Belize,2018,17.92499542236328,-88.67500305175781,3188.332957200706,0.009466510330342163
BLZ,Belize,2018,17.92499542236328,-88.62500762939453,1958.1460689157248,0.005813950499694537
BLZ,Belize,2018,17.92499542236328,-88.57500457763672,71.08073541533602,0.00021104650145710555
BLZ,Belize,2018,17.92499542236328,-88.5250015258789,148.55392754089587,0.000441072908180043
BLZ,Belize,2018,17.92499542236328,-88.47500610351562,77.46007096788533,0.00022998744856632728
BLZ,Belize,2018,17.92499542236328,-88.42500305175781,0.0,0.0
BLZ,Belize,2018,17.92499542236328,-88.37500762939453,29.420645028352737,8.735312272114706e-05
BLZ,Belize,2018,17.92499542236328,-88.32500457763672,86.46447670459747,0.0002567225170392314
BLZ,Belize,2018,17.92499542236328,-88.2750015258789,58.75522893692126,0.00017445072053620233
BLZ,Belize,2018,17.92499542236328,-88.22500610351562,7.90108472109128,2.3459187336189754e-05
BLZ,Belize,2018,17.974998474121094,-89.07500457763672,24.835266813648683,7.373863175652309e-05
BLZ,Belize,2018,17.974998474121094,-89.0250015258789,91.46094574800279,0.0002715575817735491
BLZ,Belize,2018,17.974998474121094,-88.7750015258789,15.8995715752244,4.720757229101451e-05
BLZ,Belize,2018,17.974998474121094,-88.72500610351562,1447.2281803637793,0.004296979237640386
BLZ,Belize,2018,17.974998474121094,-88.67500305175781,223.18946346672044,0.0006626740023370248
BLZ,Belize,2018,17.974998474121094,-88.62500762939453,649.2184541821534,0.0019276008138623159
BLZ,Belize,2018,17.974998474121094,-88.57500457763672,1336.9530550245584,0.003969560292625292
BLZ,Belize,2018,17.974998474121094,-88.5250015258789,179.13832485678697,0.0005318813391139225
BLZ,Belize,2018,17.974998474121094,-88.47500610351562,73.78619000340743,0.0002190792929346731
BLZ,Belize,2018,17.974998474121094,-88.42500305175781,31.566964507112026,9.372578071848757e-05
BLZ,Belize,2018,17.974998474121094,-88.37500762939453,595.9954126481297,0.0017695757646414767
BLZ,Belize,2018,17.974998474121094,-88.32500457763672,0.0,0.0
BLZ,Belize,2018,17.974998474121094,-88.2750015258789,1.3144105672836304,3.90262917346813e-06
BLZ,Belize,2018,17.974998474121094,-88.22500610351562,49.339130043985904,0.00014649328991711257
BLZ,Belize,2018,17.974998474121094,-88.17500305175781,86.12878504395485,0.0002557258116712722
BLZ,Belize,2018,18.024993896484375,-88.72500610351562,77.12568333021471,0.0002289946149856316
BLZ,Belize,2018,18.024993896484375,-88.67500305175781,1647.8394839167595,0.004892616206225705
BLZ,Belize,2018,18.024993896484375,-88.62500762939453,211.16640482103114,0.0006269762222119352
BLZ,Belize,2018,18.024993896484375,-88.57500457763672,1373.5830104986944,0.0040783186489671995
BLZ,Belize,2018,18.024993896484375,-88.5250015258789,1529.0445483184972,0.004539901009874119
BLZ,Belize,2018,18.024993896484375,-88.47500610351562,188.8516135813375,0.0005607211589466933
BLZ,Belize,2018,18.024993896484375,-88.42500305175781,121.1456518471241,0.0003596947307829878
BLZ,Belize,2018,18.024993896484375,-88.37500762939453,53.322356403062905,0.00015831992596248968
BLZ,Belize,2018,18.024993896484375,-88.32500457763672,0.0,0.0
BLZ,Belize,2018,18.024993896484375,-88.2750015258789,416.4620433449745,0.0012365214952273975
BLZ,Belize,2018,18.024993896484375,-88.22500610351562,177.4204474389553,0.0005267807725982965
BLZ,Belize,2018,18.024993896484375,-88.17500305175781,7.49013014885359,2.2239018126884506e-05
BLZ,Belize,2018,18.074996948242188,-88.72500610351562,2.2407176792621613,6.652936610716809e-06
BLZ,Belize,2018,18.074996948242188,-88.67500305175781,62.78489646325523,0.0001864152455020569
BLZ,Belize,2018,18.074996948242188,-88.62500762939453,1512.4069243077597,0.004490502078933017
BLZ,Belize,2018,18.074996948242188,-88.57500457763672,13049.10847365114,0.038744234628503314
BLZ,Belize,2018,18.074996948242188,-88.5250015258789,471.7951243669184,0.00140081148317263
BLZ,Belize,2018,18.074996948242188,-88.47500610351562,82.23586800694466,0.00024416731391061874
BLZ,Belize,2018,18.074996948242188,-88.42500305175781,63.31975609064102,0.00018800330241326986
BLZ,Belize,2018,18.074996948242188,-88.37500762939453,5.0884528160095215,1.5108174646384807e-05
BLZ,Belize,2018,18.074996948242188,-88.32500457763672,0.0,0.0
BLZ,Belize,2018,18.074996948242188,-88.2750015258789,178.31441974657784,0.0005294350744540784
BLZ,Belize,2018,18.074996948242188,-88.22500610351562,330.4039225578308,0.0009810054934869161
BLZ,Belize,2018,18.074996948242188,-88.17500305175781,4.497004926204681,1.335210097595725e-05
BLZ,Belize,2018,18.074996948242188,-88.12500762939453,21.65462553504611,6.429495886376487e-05
BLZ,Belize,2018,18.125,-88.67500305175781,589.5547178089619,0.0017504526350787804
BLZ,Belize,2018,18.125,-88.62500762939453,82.00440856814384,0.00024348008544424588
BLZ,Belize,2018,18.125,-88.57500457763672,2352.659356594264,0.006985303731430127
BLZ,Belize,2018,18.125,-88.5250015258789,732.2768576219678,0.0021742103257104957
BLZ,Belize,2018,18.125,-88.47500610351562,78.21949493894637,0.00023224226165004946
BLZ,Belize,2018,18.125,-88.42500305175781,25.182723209293002,7.477026791336859e-05
BLZ,Belize,2018,18.125,-88.37500762939453,5.240305185317993,1.5559040990032835e-05
BLZ,Belize,2018,18.125,-88.32500457763672,0.590151846408844,1.7522255754006373e-06
BLZ,Belize,2018,18.125,-88.2750015258789,14.924263596534729,4.431177590479358e-05
BLZ,Belize,2018,18.125,-88.22500610351562,0.0,0.0
BLZ,Belize,2018,18.125,-88.17500305175781,4.002177715301514,1.1882904701092046e-05
BLZ,Belize,2018,18.125,-88.12500762939453,10.128663539886475,3.007311322876354e-05
BLZ,Belize,2018,18.17499542236328,-88.67500305175781,89.39775316789746,0.000265431736657862
BLZ,Belize,2018,18.17499542236328,-88.62500762939453,422.1642506001517,0.0012534519741364384
BLZ,Belize,2018,18.17499542236328,-88.57500457763672,1054.5935384631655,0.0031312039113188515
BLZ,Belize,2018,18.17499542236328,-88.5250015258789,724.0582440197468,0.002149808360291293
BLZ,Belize,2018,18.17499542236328,-88.47500610351562,21.212975509469256,6.298365148600909e-05
BLZ,Belize,2018,18.17499542236328,-88.42500305175781,180.69674258725541,0.0005365084523240248
BLZ,Belize,2018,18.17499542236328,-88.37500762939453,791.0383920073509,0.002348679767814929
BLZ,Belize,2018,18.17499542236328,-88.32500457763672,754.3827503333887,0.0022398451463277983
BLZ,Belize,2018,18.17499542236328,-88.2750015258789,630.1832088828087,0.0018710830822810279
BLZ,Belize,2018,18.17499542236328,-88.22500610351562,1.2172030210665457,3.6140093044632384e-06
BLZ,Belize,2018,18.17499542236328,-88.17500305175781,0.5837947130203247,1.7333505489521395e-06
BLZ,Belize,2018,18.17499542236328,-88.12500762939453,0.0,0.0
BLZ,Belize,2018,18.224998474121094,-88.62500762939453,203.94423269480467,0.0006055328008509307
BLZ,Belize,2018,18.224998474121094,-88.57500457763672,1720.6371386654193,0.005108760429540425
BLZ,Belize,2018,18.224998474121094,-88.5250015258789,500.1844904795289,0.001485102625655079
BLZ,Belize,2018,18.224998474121094,-88.47500610351562,853.1579438070899,0.002533119532018463
BLZ,Belize,2018,18.224998474121094,-88.42500305175781,1133.4019496739254,0.003365194729987778
BLZ,Belize,2018,18.224998474121094,-88.37500762939453,1173.5102060735226,0.0034842805433691238
BLZ,Belize,2018,18.224998474121094,-88.32500457763672,403.15070772174545,0.0011969986794238103
BLZ,Belize,2018,18.224998474121094,-88.2750015258789,30.375558823413822,9.0188366538803e-05
BLZ,Belize,2018,18.224998474121094,-88.22500610351562,12.875727280974388,3.8229446846425946e-05
BLZ,Belize,2018,18.224998474121094,-88.17500305175781,14.472887635260879,4.297159115695639e-05
BLZ,Belize,2018,18.224998474121094,-88.12500762939453,135.3399986103177,0.0004018393035330704
BLZ,Belize,2018,18.274993896484375,-88.57500457763672,641.1733808221454,0.0019037141084607126
BLZ,Belize,2018,18.274993896484375,-88.5250015258789,1336.7920626253945,0.0039690822885302835
BLZ,Belize,2018,18.274993896484375,-88.47500610351562,297.2443179190159,0.000882550989494646
BLZ,Belize,2018,18.274993896484375,-88.42500305175781,25.60648363839848,7.602845911659828e-05
BLZ,Belize,2018,18.274993896484375,-88.37500762939453,938.036763824933,0.0027851340603980927
BLZ,Belize,2018,18.274993896484375,-88.32500457763672,113.05094400089098,0.0003356606551465631
BLZ,Belize,2018,18.274993896484375,-88.2750015258789,11.607540249824524,3.446406042275501e-05
BLZ,Belize,2018,18.274993896484375,-88.22500610351562,7.270446747541428,2.1586754007721694e-05
BLZ,Belize,2018,18.274993896484375,-88.17500305175781,0.0,0.0
BLZ,Belize,2018,18.274993896484375,-88.12500762939453,4.2422192394844584,1.2595614320473833e-05
BLZ,Belize,2018,18.324996948242188,-88.57500457763672,2.2829028964042664,6.77818914839847e-06
BLZ,Belize,2018,18.324996948242188,-88.5250015258789,3405.173806686159,0.010110334601285454
BLZ,Belize,2018,18.324996948242188,-88.47500610351562,3558.9385688007037,0.01056687904897637
BLZ,Belize,2018,18.324996948242188,-88.42500305175781,776.9391296506425,0.0023068175110990655
BLZ,Belize,2018,18.324996948242188,-88.37500762939453,686.5500926377506,0.0020384425439552694
BLZ,Belize,2018,18.324996948242188,-88.32500457763672,255.54885686188936,0.0007587525913586446
BLZ,Belize,2018,18.324996948242188,-88.2750015258789,0.7181125283241272,2.132154878108153e-06
BLZ,Belize,2018,18.324996948242188,-88.22500610351562,45.214704550808364,0.0001342474181521475
BLZ,Belize,2018,18.324996948242188,-88.17500305175781,182.45836031441107,0.000541738888616624
BLZ,Belize,2018,18.324996948242188,-88.12500762939453,126.4502130150795,0.00037544455483476126
BLZ,Belize,2018,18.375,-88.5250015258789,55.64154711386117,0.00016520585761282809
BLZ,Belize,2018,18.375,-88.47500610351562,861.2587479802955,0.002557171708318475
BLZ,Belize,2018,18.375,-88.42500305175781,6454.616291761398,0.01916446388271853
BLZ,Belize,2018,18.375,-88.37500762939453,6452.969489663839,0.01915957434662621
BLZ,Belize,2018,18.375,-88.32500457763672,49.44677940478314,0.00014681291267913945
BLZ,Belize,2018,18.42499542236328,-88.5250015258789,97.35078912973404,0.0002890451729272062
BLZ,Belize,2018,18.42499542236328,-88.47500610351562,786.365882486105,0.0023348065744423236
BLZ,Belize,2018,18.42499542236328,-88.42500305175781,1656.4547013044357,0.0049181957317938835
BLZ,Belize,2018,18.42499542236328,-88.37500762939453,3906.6504385695353,0.011599273736524689
BLZ,Belize,2018,18.42499542236328,-88.32500457763672,301.1620451807976,0.0008941831515344856
BLZ,Belize,2018,18.474998474121094,-88.47500610351562,6.401002764701843,1.9005279439133642e-05
BLZ,Belize,2018,18.474998474121094,-88.42500305175781,357.4558399320401,0.001061325603938415
BLZ,Belize,2018,18.474998474121094,-88.37500762939453,859.4495416283862,0.0025517999761782073
BLZ,Belize,2018,18.474998474121094,-88.32500457763672,434.6194888353348,0.001290432942875586
BLZ,Belize,2019,15.924995422363281,-89.22500610351562,0.6589980126506088,1.924523367387432e-06
BLZ,Belize,2019,15.924995422363281,-89.17500305175781,53.287196934223175,0.0001556187632038585
BLZ,Belize,2019,15.924995422363281,-89.12500762939453,77.97406166809006,0.0002277137424538929
BLZ,Belize,2019,15.924995422363281,-89.07500457763672,2.5079747438430786,7.324234529827843e-06
BLZ,Belize,2019,15.924995422363281,-89.0250015258789,0.0,0.0
BLZ,Belize,2019,15.924995422363281,-88.97500610351562,0.0,0.0
BLZ,Belize,2019,15.924995422363281,-88.92500305175781,1.3591789152500589e-11,3.96931634488234e-17
BLZ,Belize,2019,15.974998474121094,-89.17500305175781,21.37408709526062,6.242041596749454e-05
BLZ,Belize,2019,15.974998474121094,-89.12500762939453,196.70665234367212,0.0005744578006135252
BLZ,Belize,2019,15.974998474121094,-89.07500457763672,17.1472490131855,5.007645057919599e-05
BLZ,Belize,2019,15.974998474121094,-89.0250015258789,19.219783328473568,5.612903441543726e-05
BLZ,Belize,2019,15.974998474121094,-88.97500610351562,3.6151437759399414,1.055758672970442e-05
BLZ,Belize,2019,15.974998474121094,-88.92500305175781,43.56795283406973,0.00012723489553655975
BLZ,Belize,2019,16.024993896484375,-89.17500305175781,161.8059286476755,0.0004725344912828659
BLZ,Belize,2019,16.024993896484375,-89.12500762939453,37.764898017184166,0.00011028778130717644
BLZ,Belize,2019,16.024993896484375,-89.07500457763672,208.93299978992013,0.0006101633579997463
BLZ,Belize,2019,16.024993896484375,-89.0250015258789,375.31880521781835,0.001096072821155201
BLZ,Belize,2019,16.024993896484375,-88.97500610351562,53.15200620889664,0.00015522395516961497
BLZ,Belize,2019,16.024993896484375,-88.92500305175781,261.1229773759852,0.0007625778258428548
BLZ,Belize,2019,16.024993896484375,-88.87500762939453,2.3186545372009277,6.771347943514857e-06
BLZ,Belize,2019,16.074996948242188,-89.17500305175781,9.126762509368312,2.66535974019506e-05
BLZ,Belize,2019,16.074996948242188,-89.12500762939453,211.9788344508296,0.0006190583468549353
BLZ,Belize,2019,16.074996948242188,-89.07500457763672,135.60420727750207,0.00039601555787993853
BLZ,Belize,2019,16.074996948242188,-89.0250015258789,45.212303936583254,0.00013203702249328306
BLZ,Belize,2019,16.074996948242188,-88.97500610351562,250.86792773010265,0.0007326292033912679
BLZ,Belize,2019,16.074996948242188,-88.92500305175781,175.26048827171326,0.0005118268926214061
BLZ,Belize,2019,16.074996948242188,-88.87500762939453,91.74931877851486,0.00026794270171000837
BLZ,Belize,2019,16.074996948242188,-88.82500457763672,2323.009629368782,0.006784066459327143
BLZ,Belize,2019,16.125,-89.17500305175781,297.39664804935455,0.0008685106594655678
BLZ,Belize,2019,16.125,-89.12500762939453,31.147977471545364,9.096387142312725e-05
BLZ,Belize,2019,16.125,-89.07500457763672,318.43200981616974,0.0009299418694002594
BLZ,Belize,2019,16.125,-89.0250015258789,128.63926517964097,0.00037567529347470906
BLZ,Belize,2019,16.125,-88.97500610351562,244.48076766729355,0.0007139762809906701
BLZ,Belize,2019,16.125,-88.92500305175781,348.03468346605155,0.001016392869377018
BLZ,Belize,2019,16.125,-88.87500762939453,198.97400802382322,0.0005810793364981
BLZ,Belize,2019,16.125,-88.82500457763672,4874.29573225975,0.014234786533816504
BLZ,Belize,2019,16.17499542236328,-89.17500305175781,311.92907571843153,0.0009109508430429265
BLZ,Belize,2019,16.17499542236328,-89.12500762939453,36.256896496036084,0.00010588384668249955
BLZ,Belize,2019,16.17499542236328,-89.07500457763672,211.27020901561775,0.0006169888926492921
BLZ,Belize,2019,16.17499542236328,-89.0250015258789,362.05369192364145,0.00105733367473046
BLZ,Belize,2019,16.17499542236328,-88.97500610351562,24.843301236629486,7.255183298752603e-05
BLZ,Belize,2019,16.17499542236328,-88.92500305175781,471.9918262960147,0.0013783945952567677
BLZ,Belize,2019,16.17499542236328,-88.87500762939453,951.6036192180478,0.0027790423742090377
BLZ,Belize,2019,16.17499542236328,-88.82500457763672,264.2075072526932,0.0007715858193590301
BLZ,Belize,2019,16.17499542236328,-88.7750015258789,17.595425128936768,5.1385294294822714e-05
BLZ,Belize,2019,16.224998474121094,-89.17500305175781,215.04403933914983,0.0006280099040981437
BLZ,Belize,2019,16.224998474121094,-89.12500762939453,538.2626030594288,0.0015719303207183954
BLZ,Belize,2019,16.224998474121094,-89.07500457763672,296.6252449154854,0.0008662578706432831
BLZ,Belize,2019,16.224998474121094,-89.0250015258789,1309.3368819953748,0.0038237587622563705
BLZ,Belize,2019,16.224998474121094,-88.97500610351562,568.2464771270752,0.001659494570048813
BLZ,Belize,2019,16.224998474121094,-88.92500305175781,1097.1675464809857,0.0032041440802664353
BLZ,Belize,2019,16.224998474121094,-88.87500762939453,205.74655383836253,0.0006008577310100319
BLZ,Belize,2019,16.224998474121094,-88.82500457763672,259.8358580470358,0.0007588189507360606
BLZ,Belize,2019,16.224998474121094,-88.7750015258789,16.13522720336914,4.7120964244019546e-05
BLZ,Belize,2019,16.274993896484375,-89.17500305175781,37.47325432304731,0.00010943607144835603
BLZ,Belize,2019,16.274993896484375,-89.12500762939453,72.42284739017487,0.0002115020978204716
BLZ,Belize,2019,16.274993896484375,-89.07500457763672,641.2046909930326,0.0018725601404033143
BLZ,Belize,2019,16.274993896484375,-89.0250015258789,501.584211722465,0.0014648155497310775
BLZ,Belize,2019,16.274993896484375,-88.97500610351562,1320.6290528774261,0.0038567361708583014
BLZ,Belize,2019,16.274993896484375,-88.92500305175781,719.0221869947326,0.002099816651913086
BLZ,Belize,2019,16.274993896484375,-88.87500762939453,1555.1577873231947,0.004541648751928536
BLZ,Belize,2019,16.274993896484375,-88.82500457763672,137.4842649102211,0.00040150603702668097
BLZ,Belize,2019,16.274993896484375,-88.7750015258789,0.0,0.0
BLZ,Belize,2019,16.274993896484375,-88.72500610351562,1.1825606833066658e-22,3.4535243273699494e-28
BLZ,Belize,2019,16.274993896484375,-88.67500305175781,8.02751374260769,2.344337537154782e-05
BLZ,Belize,2019,16.274993896484375,-88.62500762939453,3.772817075252533,1.1018052380761e-05
BLZ,Belize,2019,16.274993896484375,-88.57500457763672,1.2179297804832458,3.5568154643582705e-06
BLZ,Belize,2019,16.324996948242188,-89.17500305175781,0.0,0.0
BLZ,Belize,2019,16.324996948242188,-89.12500762939453,0.9831642508506775,2.871211351809135e-06
BLZ,Belize,2019,16.324996948242188,-89.07500457763672,12.663832366475253,3.69831787685231e-05
BLZ,Belize,2019,16.324996948242188,-89.0250015258789,0.0,0.0
BLZ,Belize,2019,16.324996948242188,-88.97500610351562,18.49178689767298,5.4003009578404575e-05
BLZ,Belize,2019,16.324996948242188,-88.92500305175781,52.20195087062041,0.00015244943436116884
BLZ,Belize,2019,16.324996948242188,-88.87500762939453,100.27867591382567,0.0002928516495377484
BLZ,Belize,2019,16.324996948242188,-88.82500457763672,657.9861672521845,0.0019215683962402227
BLZ,Belize,2019,16.324996948242188,-88.7750015258789,79.84938967244793,0.00023319040929752457
BLZ,Belize,2019,16.324996948242188,-88.72500610351562,0.0,0.0
BLZ,Belize,2019,16.324996948242188,-88.67500305175781,2.384471774153771,6.963559161243945e-06
BLZ,Belize,2019,16.324996948242188,-88.62500762939453,27.954071603730515,8.163645865730996e-05
BLZ,Belize,2019,16.324996948242188,-88.57500457763672,0.0922030359506607,2.6926772740540843e-07
BLZ,Belize,2019,16.324996948242188,-88.5250015258789,1.6263529062271118,4.749565418358848e-06
BLZ,Belize,2019,16.375,-89.17500305175781,0.0,0.0
BLZ,Belize,2019,16.375,-89.12500762939453,0.0,0.0
BLZ,Belize,2019,16.375,-89.07500457763672,0.0,0.0
BLZ,Belize,2019,16.375,-89.0250015258789,0.0,0.0
BLZ,Belize,2019,16.375,-88.97500610351562,1.7504774332046509,5.112055969238304e-06
BLZ,Belize,2019,16.375,-88.92500305175781,1.012648344039917,2.9573160520049524e-06
BLZ,Belize,2019,16.375,-88.87500762939453,0.0,0.0
BLZ,Belize,2019,16.375,-88.82500457763672,102.59227567912812,0.00029960823563608517
BLZ,Belize,2019,16.375,-88.7750015258789,173.6749379635005,0.0005071964862169157
BLZ,Belize,2019,16.375,-88.72500610351562,0.8671026825904846,2.532267689029386e-06
BLZ,Belize,2019,16.375,-88.67500305175781,1.4303688406944275,4.177217844447097e-06
BLZ,Belize,2019,16.375,-88.62500762939453,1.4101081490516663,4.118048964181296e-06
BLZ,Belize,2019,16.375,-88.57500457763672,0.0,0.0
BLZ,Belize,2019,16.375,-88.5250015258789,43.35142630356124,0.00012660255619770982
BLZ,Belize,2019,16.375,-88.47500610351562,104.80601023186438,0.0003060731775541918
BLZ,Belize,2019,16.42499542236328,-89.17500305175781,0.41263554245233536,1.2050518035251537e-06
BLZ,Belize,2019,16.42499542236328,-89.12500762939453,0.0,0.0
BLZ,Belize,2019,16.42499542236328,-89.07500457763672,0.0,0.0
BLZ,Belize,2019,16.42499542236328,-89.0250015258789,0.0,0.0
BLZ,Belize,2019,16.42499542236328,-88.97500610351562,0.0,0.0
BLZ,Belize,2019,16.42499542236328,-88.92500305175781,0.0,0.0
BLZ,Belize,2019,16.42499542236328,-88.87500762939453,0.0,0.0
BLZ,Belize,2019,16.42499542236328,-88.82500457763672,0.9618461728096008,2.8089545034571614e-06
BLZ,Belize,2019,16.42499542236328,-88.7750015258789,27.50573658944933,8.032715089789554e-05
BLZ,Belize,2019,16.42499542236328,-88.72500610351562,114.16523498297298,0.00033340565259716137
BLZ,Belize,2019,16.42499542236328,-88.67500305175781,0.8324097394943237,2.430951177613132e-06
BLZ,Belize,2019,16.42499542236328,-88.62500762939453,12.758818864838114,3.72605752586132e-05
BLZ,Belize,2019,16.42499542236328,-88.57500457763672,27.90878018740179,8.150419059671883e-05
BLZ,Belize,2019,16.42499542236328,-88.5250015258789,313.73526561134497,0.0009162256004596743
BLZ,Belize,2019,16.42499542236328,-88.47500610351562,176.76000714028848,0.0005162060546932369
BLZ,Belize,2019,16.474998474121094,-89.17500305175781,9.344738960266113,2.7290171056559496e-05
BLZ,Belize,2019,16.474998474121094,-89.12500762939453,0.0,0.0
BLZ,Belize,2019,16.474998474121094,-89.07500457763672,0.0,0.0
BLZ,Belize,2019,16.474998474121094,-89.0250015258789,0.0,0.0
BLZ,Belize,2019,16.474998474121094,-88.97500610351562,0.0,0.0
BLZ,Belize,2019,16.474998474121094,-88.92500305175781,0.6393399834632874,1.867114489361206e-06
BLZ,Belize,2019,16.474998474121094,-88.87500762939453,0.32077130675315857,9.367735009561495e-07
BLZ,Belize,2019,16.474998474121094,-88.82500457763672,0.0,0.0
BLZ,Belize,2019,16.474998474121094,-88.7750015258789,0.780088484287262,2.278153329479988e-06
BLZ,Belize,2019,16.474998474121094,-88.72500610351562,11.878522396087646,3.468977672536007e-05
BLZ,Belize,2019,16.474998474121094,-88.67500305175781,84.65311235189438,0.0002472190958331017
BLZ,Belize,2019,16.474998474121094,-88.62500762939453,507.15830847646123,0.0014810940198466342
BLZ,Belize,2019,16.474998474121094,-88.57500457763672,24.803183555603027,7.243467419023274e-05
BLZ,Belize,2019,16.474998474121094,-88.5250015258789,376.5863482058048,0.0010997745259444707
BLZ,Belize,2019,16.474998474121094,-88.47500610351562,79.5372722447247,0.00023227890839541083
BLZ,Belize,2019,16.474998474121094,-88.42500305175781,187.91291779235178,0.0005487767707686128
BLZ,Belize,2019,16.524993896484375,-89.17500305175781,0.0,0.0
BLZ,Belize,2019,16.524993896484375,-89.12500762939453,2.636516571044922,7.699625267565595e-06
BLZ,Belize,2019,16.524993896484375,-89.07500457763672,0.0,0.0
BLZ,Belize,2019,16.524993896484375,-89.0250015258789,0.0,0.0
BLZ,Belize,2019,16.524993896484375,-88.97500610351562,0.0,0.0
BLZ,Belize,2019,16.524993896484375,-88.92500305175781,0.0,0.0
BLZ,Belize,2019,16.524993896484375,-88.87500762939453,0.4009646475315094,1.1709683775325455e-06
BLZ,Belize,2019,16.524993896484375,-88.82500457763672,5.689255908170297,1.6614778387997664e-05
BLZ,Belize,2019,16.524993896484375,-88.7750015258789,0.0,0.0
BLZ,Belize,2019,16.524993896484375,-88.72500610351562,10.076391234993935,2.9426872340152603e-05
BLZ,Belize,2019,16.524993896484375,-88.67500305175781,103.53242150712599,0.00030235381692768305
BLZ,Belize,2019,16.524993896484375,-88.62500762939453,721.1628384888172,0.0021060681636668596
BLZ,Belize,2019,16.524993896484375,-88.57500457763672,432.6849820020387,0.0012636037478037526
BLZ,Belize,2019,16.524993896484375,-88.5250015258789,3172.046517074108,0.00926357519652438
BLZ,Belize,2019,16.524993896484375,-88.47500610351562,225.89213785529137,0.0006596904534856336
BLZ,Belize,2019,16.524993896484375,-88.42500305175781,5816.408033463173,0.016986110670707977
BLZ,Belize,2019,16.524993896484375,-88.37500762939453,1644.2752779871557,0.004801905520436661
BLZ,Belize,2019,16.574996948242188,-89.17500305175781,0.0,0.0
BLZ,Belize,2019,16.574996948242188,-89.12500762939453,0.0,0.0
BLZ,Belize,2019,16.574996948242188,-89.07500457763672,0.0,0.0
BLZ,Belize,2019,16.574996948242188,-89.0250015258789,0.0,0.0
BLZ,Belize,2019,16.574996948242188,-88.97500610351562,0.0,0.0
BLZ,Belize,2019,16.574996948242188,-88.92500305175781,0.0,0.0
BLZ,Belize,2019,16.574996948242188,-88.87500762939453,0.0,0.0
BLZ,Belize,2019,16.574996948242188,-88.82500457763672,0.1030184775600266,3.0085290627737354e-07
BLZ,Belize,2019,16.574996948242188,-88.7750015258789,0.0,0.0
BLZ,Belize,2019,16.574996948242188,-88.72500610351562,16.155919075012207,4.718139233291756e-05
BLZ,Belize,2019,16.574996948242188,-88.67500305175781,21.505008697509766,6.280275654817528e-05
BLZ,Belize,2019,16.574996948242188,-88.62500762939453,17.392829537426294,5.079363856520475e-05
BLZ,Belize,2019,16.574996948242188,-88.57500457763672,377.45034211974274,0.0011022977148535935
BLZ,Belize,2019,16.574996948242188,-88.5250015258789,1614.245745651424,0.004714207931699815
BLZ,Belize,2019,16.574996948242188,-88.47500610351562,2.5772526860325176,7.526552315357765e-06
BLZ,Belize,2019,16.574996948242188,-88.42500305175781,458.07106173050295,0.0013377406992147011
BLZ,Belize,2019,16.574996948242188,-88.37500762939453,1404.3971747726607,0.004101370759938635
BLZ,Belize,2019,16.625,-89.17500305175781,0.0,0.0
BLZ,Belize,2019,16.625,-89.12500762939453,0.0,0.0
BLZ,Belize,2019,16.625,-89.07500457763672,0.0,0.0
BLZ,Belize,2019,16.625,-89.0250015258789,0.0,0.0
BLZ,Belize,2019,16.625,-88.97500610351562,0.5538548231124878,1.6174654987697875e-06
BLZ,Belize,2019,16.625,-88.92500305175781,0.0,0.0
BLZ,Belize,2019,16.625,-88.87500762939453,0.0,0.0
BLZ,Belize,2019,16.625,-88.82500457763672,0.0,0.0
BLZ,Belize,2019,16.625,-88.7750015258789,1.4380042552947998,4.1995161420686695e-06
BLZ,Belize,2019,16.625,-88.72500610351562,1.2322040796279907,3.598501815044892e-06
BLZ,Belize,2019,16.625,-88.67500305175781,0.0,0.0
BLZ,Belize,2019,16.625,-88.62500762939453,13.366075024024138,3.903399285003022e-05
BLZ,Belize,2019,16.625,-88.57500457763672,1019.8888892533305,0.0029784611817145128
BLZ,Belize,2019,16.625,-88.5250015258789,257.9915000107429,0.0007534327279090787
BLZ,Belize,2019,16.625,-88.47500610351562,336.631281435941,0.0009830906237657
BLZ,Belize,2019,16.625,-88.42500305175781,25.155266285105252,7.346288888462186e-05
BLZ,Belize,2019,16.625,-88.37500762939453,800.199713408947,0.0023368857226717197
BLZ,Belize,2019,16.67499542236328,-89.12500762939453,0.0,0.0
BLZ,Belize,2019,16.67499542236328,-89.07500457763672,0.48031848669052124,1.4027115919607068e-06
BLZ,Belize,2019,16.67499542236328,-89.0250015258789,0.5880661010742188,1.7173753658735073e-06
BLZ,Belize,2019,16.67499542236328,-88.97500610351562,10.887949526420675,3.179692940537149e-05
BLZ,Belize,2019,16.67499542236328,-88.92500305175781,0.0,0.0
BLZ,Belize,2019,16.67499542236328,-88.87500762939453,0.0,0.0
BLZ,Belize,2019,16.67499542236328,-88.82500457763672,0.0,0.0
BLZ,Belize,2019,16.67499542236328,-88.7750015258789,0.699749231338501,2.043532334195872e-06
BLZ,Belize,2019,16.67499542236328,-88.72500610351562,0.0,0.0
BLZ,Belize,2019,16.67499542236328,-88.67500305175781,0.0,0.0
BLZ,Belize,2019,16.67499542236328,-88.62500762939453,0.0,0.0
BLZ,Belize,2019,16.67499542236328,-88.57500457763672,195.56139826774597,0.0005711132256855214
BLZ,Belize,2019,16.67499542236328,-88.5250015258789,838.7893034817397,0.0024495819166014676
BLZ,Belize,2019,16.67499542236328,-88.47500610351562,1096.6806858487662,0.0032027222631359122
BLZ,Belize,2019,16.67499542236328,-88.42500305175781,877.4654246568942,0.0025625308140679553
BLZ,Belize,2019,16.67499542236328,-88.37500762939453,450.7582951784134,0.0013163846558889572
BLZ,Belize,2019,16.67499542236328,-88.32500457763672,410.69856315875455,0.00119939509160633
BLZ,Belize,2019,16.724998474121094,-89.12500762939453,1.206721544265747,3.5240831767129496e-06
BLZ,Belize,2019,16.724998474121094,-89.07500457763672,0.0,0.0
BLZ,Belize,2019,16.724998474121094,-89.0250015258789,0.6724278926849365,1.963743694992543e-06
BLZ,Belize,2019,16.724998474121094,-88.97500610351562,30.843961656186735,9.00760302923783e-05
BLZ,Belize,2019,16.724998474121094,-88.92500305175781,0.0,0.0
BLZ,Belize,2019,16.724998474121094,-88.87500762939453,0.0,0.0
BLZ,Belize,2019,16.724998474121094,-88.82500457763672,0.0,0.0
BLZ,Belize,2019,16.724998474121094,-88.7750015258789,0.0,0.0
BLZ,Belize,2019,16.724998474121094,-88.72500610351562,0.0,0.0
BLZ,Belize,2019,16.724998474121094,-88.67500305175781,0.0,0.0
BLZ,Belize,2019,16.724998474121094,-88.62500762939453,0.0,0.0
BLZ,Belize,2019,16.724998474121094,-88.57500457763672,0.0,0.0
BLZ,Belize,2019,16.724998474121094,-88.5250015258789,0.935269296169281,2.731339974817321e-06
BLZ,Belize,2019,16.724998474121094,-88.47500610351562,16.245890657836824,4.744414337347132e-05
BLZ,Belize,2019,16.724998474121094,-88.42500305175781,1048.6852630381088,0.0030625574812191535
BLZ,Belize,2019,16.724998474121094,-88.37500762939453,236.3784596867238,0.0006903144781641973
BLZ,Belize,2019,16.724998474121094,-88.32500457763672,314.8638105392822,0.000919521378357738
BLZ,Belize,2019,16.774993896484375,-89.12500762939453,65.87981009483337,0.00019239395496291738
BLZ,Belize,2019,16.774993896484375,-89.07500457763672,10.054070770740509,2.9361688145053326e-05
BLZ,Belize,2019,16.774993896484375,-89.0250015258789,11.985924065113068,3.500343020802303e-05
BLZ,Belize,2019,16.774993896484375,-88.97500610351562,0.0,0.0
BLZ,Belize,2019,16.774993896484375,-88.92500305175781,0.0,0.0
BLZ,Belize,2019,16.774993896484375,-88.87500762939453,0.0,0.0
BLZ,Belize,2019,16.774993896484375,-88.82500457763672,0.0,0.0
BLZ,Belize,2019,16.774993896484375,-88.7750015258789,0.0,0.0
BLZ,Belize,2019,16.774993896484375,-88.72500610351562,0.0,0.0
BLZ,Belize,2019,16.774993896484375,-88.67500305175781,0.0,0.0
BLZ,Belize,2019,16.774993896484375,-88.62500762939453,0.0,0.0
BLZ,Belize,2019,16.774993896484375,-88.57500457763672,0.0,0.0
BLZ,Belize,2019,16.774993896484375,-88.5250015258789,0.0,0.0
BLZ,Belize,2019,16.774993896484375,-88.47500610351562,35.73222804069519,0.00010435161641313458
BLZ,Belize,2019,16.774993896484375,-88.42500305175781,30.825889147819602,9.002325173464039e-05
BLZ,Belize,2019,16.774993896484375,-88.37500762939453,542.9922260642052,0.001585742608186478
BLZ,Belize,2019,16.774993896484375,-88.32500457763672,212.97235402464867,0.0006219597996652116
BLZ,Belize,2019,16.824996948242188,-89.12500762939453,0.7371116280555725,2.152644659518963e-06
BLZ,Belize,2019,16.824996948242188,-89.07500457763672,16.534154415130615,4.828598253873893e-05
BLZ,Belize,2019,16.824996948242188,-89.0250015258789,19.781670451164246,5.7769957266028044e-05
BLZ,Belize,2019,16.824996948242188,-88.97500610351562,0.0,0.0
BLZ,Belize,2019,16.824996948242188,-88.92500305175781,0.0,0.0
BLZ,Belize,2019,16.824996948242188,-88.87500762939453,0.0,0.0
BLZ,Belize,2019,16.824996948242188,-88.82500457763672,0.0,0.0
BLZ,Belize,2019,16.824996948242188,-88.7750015258789,0.0,0.0
BLZ,Belize,2019,16.824996948242188,-88.72500610351562,0.0,0.0
BLZ,Belize,2019,16.824996948242188,-88.67500305175781,0.0,0.0
BLZ,Belize,2019,16.824996948242188,-88.62500762939453,0.0,0.0
BLZ,Belize,2019,16.824996948242188,-88.57500457763672,0.0,0.0
BLZ,Belize,2019,16.824996948242188,-88.5250015258789,0.0,0.0
BLZ,Belize,2019,16.824996948242188,-88.47500610351562,4.0997774619633276e-10,1.1972900335315563e-15
BLZ,Belize,2019,16.824996948242188,-88.42500305175781,16.284082114696503,4.755567686788261e-05
BLZ,Belize,2019,16.824996948242188,-88.37500762939453,450.56400424243475,0.001315817252893524
BLZ,Belize,2019,16.824996948242188,-88.32500457763672,1112.3585973383185,0.003248507692582226
BLZ,Belize,2019,16.875,-89.12500762939453,0.0,0.0
BLZ,Belize,2019,16.875,-89.07500457763672,0.0,0.0
BLZ,Belize,2019,16.875,-89.0250015258789,50.64854097394503,0.00014791289011081813
BLZ,Belize,2019,16.875,-88.97500610351562,0.0,0.0
BLZ,Belize,2019,16.875,-88.92500305175781,0.0,0.0
BLZ,Belize,2019,16.875,-88.87500762939453,0.0,0.0
BLZ,Belize,2019,16.875,-88.82500457763672,0.0,0.0
BLZ,Belize,2019,16.875,-88.7750015258789,0.0,0.0
BLZ,Belize,2019,16.875,-88.72500610351562,0.0,0.0
BLZ,Belize,2019,16.875,-88.67500305175781,0.0,0.0
BLZ,Belize,2019,16.875,-88.62500762939453,0.0,0.0
BLZ,Belize,2019,16.875,-88.57500457763672,1.380578011287794,4.031809796417866e-06
BLZ,Belize,2019,16.875,-88.5250015258789,0.0,0.0
BLZ,Belize,2019,16.875,-88.47500610351562,0.0,0.0
BLZ,Belize,2019,16.875,-88.42500305175781,6.338765621185303,1.851159233287554e-05
BLZ,Belize,2019,16.875,-88.37500762939453,299.64281353507016,0.0008750703119702724
BLZ,Belize,2019,16.875,-88.32500457763672,1718.2019011452794,0.00501779921208469
BLZ,Belize,2019,16.92499542236328,-89.12500762939453,2.0825230479240417,6.081754712328135e-06
BLZ,Belize,2019,16.92499542236328,-89.07500457763672,50.858294785029585,0.00014852545054815105
BLZ,Belize,2019,16.92499542236328,-89.0250015258789,15.009937137394322,4.383469177356572e-05
BLZ,Belize,2019,16.92499542236328,-88.97500610351562,3.0192644000053406,8.817393647000257e-06
BLZ,Belize,2019,16.92499542236328,-88.92500305175781,3.1065045595220737,9.072167898730172e-06
BLZ,Belize,2019,16.92499542236328,-88.87500762939453,0.7400488258619671,2.16122238768283e-06
BLZ,Belize,2019,16.92499542236328,-88.82500457763672,2.141930937767029,6.255248213090214e-06
BLZ,Belize,2019,16.92499542236328,-88.7750015258789,0.0,0.0
BLZ,Belize,2019,16.92499542236328,-88.72500610351562,0.0,0.0
BLZ,Belize,2019,16.92499542236328,-88.67500305175781,0.0,0.0
BLZ,Belize,2019,16.92499542236328,-88.62500762939453,0.4005129039287567,1.16964911540599e-06
BLZ,Belize,2019,16.92499542236328,-88.57500457763672,0.0,0.0
BLZ,Belize,2019,16.92499542236328,-88.5250015258789,0.5191449002087143,1.5160993998951544e-06
BLZ,Belize,2019,16.92499542236328,-88.47500610351562,0.0,0.0
BLZ,Belize,2019,16.92499542236328,-88.42500305175781,0.0,0.0
BLZ,Belize,2019,16.92499542236328,-88.37500762939453,96.92131781638857,0.00028304689445932785
BLZ,Belize,2019,16.92499542236328,-88.32500457763672,291.50579854848,0.0008513071515633271
BLZ,Belize,2019,16.92499542236328,-88.2750015258789,22.56738554702757,6.590529863877252e-05
BLZ,Belize,2019,16.974998474121094,-89.12500762939453,13.571644008291806,3.963433201075388e-05
BLZ,Belize,2019,16.974998474121094,-89.07500457763672,82.41433531048843,0.0002406810203793892
BLZ,Belize,2019,16.974998474121094,-89.0250015258789,81.95302146673203,0.00023933380953054676
BLZ,Belize,2019,16.974998474121094,-88.97500610351562,120.98471642291062,0.0003533211168818514
BLZ,Belize,2019,16.974998474121094,-88.92500305175781,18.772656738770337,5.482325571270186e-05
BLZ,Belize,2019,16.974998474121094,-88.87500762939453,2.9156413680199753,8.51477521321584e-06
BLZ,Belize,2019,16.974998474121094,-88.82500457763672,39.206078708171844,0.00011449657384249456
BLZ,Belize,2019,16.974998474121094,-88.7750015258789,16.142783224582672,4.714303068293251e-05
BLZ,Belize,2019,16.974998474121094,-88.72500610351562,1.902448296546936,5.555868351142001e-06
BLZ,Belize,2019,16.974998474121094,-88.67500305175781,0.419698238380437,1.2256775460758982e-06
BLZ,Belize,2019,16.974998474121094,-88.62500762939453,0.0,0.0
BLZ,Belize,2019,16.974998474121094,-88.57500457763672,0.0,0.0
BLZ,Belize,2019,16.974998474121094,-88.5250015258789,12.469223976136332,3.641484868632681e-05
BLZ,Belize,2019,16.974998474121094,-88.47500610351562,24.905892789750872,7.273462398882006e-05
BLZ,Belize,2019,16.974998474121094,-88.42500305175781,637.8215635123025,0.0018626801289821453
BLZ,Belize,2019,16.974998474121094,-88.37500762939453,1145.7888111473615,0.0033461365570358306
BLZ,Belize,2019,16.974998474121094,-88.32500457763672,1701.792845726957,0.004969878565917188
BLZ,Belize,2019,16.974998474121094,-88.2750015258789,1305.4256680012204,0.003812336538543848
BLZ,Belize,2019,17.024993896484375,-89.12500762939453,364.6410792246717,0.00106488982395356
BLZ,Belize,2019,17.024993896484375,-89.07500457763672,232.94949984587936,0.0006803006189220497
BLZ,Belize,2019,17.024993896484375,-89.0250015258789,2.2172181606292725,6.475115370323832e-06
BLZ,Belize,2019,17.024993896484375,-88.97500610351562,237.3940650822725,0.0006932804299246839
BLZ,Belize,2019,17.024993896484375,-88.92500305175781,67.49723988771439,0.00019711746151643178
BLZ,Belize,2019,17.024993896484375,-88.87500762939453,24.33263292910651,7.106048844331536e-05
BLZ,Belize,2019,17.024993896484375,-88.82500457763672,42.454530239105225,0.00012398328056860625
BLZ,Belize,2019,17.024993896484375,-88.7750015258789,36.2747666835898,0.00010593603438696379
BLZ,Belize,2019,17.024993896484375,-88.72500610351562,0.07031432539224625,2.0534441634379695e-07
BLZ,Belize,2019,17.024993896484375,-88.67500305175781,0.5225977897644043,1.526183142952596e-06
BLZ,Belize,2019,17.024993896484375,-88.62500762939453,0.0,0.0
BLZ,Belize,2019,17.024993896484375,-88.57500457763672,37.681290209293365,0.00011004361489560458
BLZ,Belize,2019,17.024993896484375,-88.5250015258789,534.6516411306561,0.0015613849465635967
BLZ,Belize,2019,17.024993896484375,-88.47500610351562,565.5213198666709,0.0016515360804528296
BLZ,Belize,2019,17.024993896484375,-88.42500305175781,447.64293289187174,0.0013072866200781789
BLZ,Belize,2019,17.024993896484375,-88.37500762939453,224.8873586654663,0.0006567561183393026
BLZ,Belize,2019,17.024993896484375,-88.32500457763672,1405.6085008983023,0.00410490829023398
BLZ,Belize,2019,17.024993896484375,-88.2750015258789,58.53825646266698,0.00017095384247880994
BLZ,Belize,2019,17.074996948242188,-89.12500762939453,6368.2828323246085,0.018597793750007613
BLZ,Belize,2019,17.074996948242188,-89.07500457763672,271.69058698149587,0.0007934392415570412
BLZ,Belize,2019,17.074996948242188,-89.0250015258789,1156.7703257204698,0.0033782067317549426
BLZ,Belize,2019,17.074996948242188,-88.97500610351562,377.24782943729156,0.0011017063012497771
BLZ,Belize,2019,17.074996948242188,-88.92500305175781,71.73629982769489,0.00020949711935095973
BLZ,Belize,2019,17.074996948242188,-88.87500762939453,17.47973281201949,5.104742898558005e-05
BLZ,Belize,2019,17.074996948242188,-88.82500457763672,7.770676612854004,2.269331384126252e-05
BLZ,Belize,2019,17.074996948242188,-88.7750015258789,2.87397062789908,8.393080896147375e-06
BLZ,Belize,2019,17.074996948242188,-88.72500610351562,0.5558426305790256,1.6232706481720324e-06
BLZ,Belize,2019,17.074996948242188,-88.67500305175781,103.78690654039383,0.0003030970094468902
BLZ,Belize,2019,17.074996948242188,-88.62500762939453,642.5731003290541,0.0018765564130669176
BLZ,Belize,2019,17.074996948242188,-88.57500457763672,259.43294572843496,0.0007576422944225815
BLZ,Belize,2019,17.074996948242188,-88.5250015258789,67.13754534721375,0.00019606701745586343
BLZ,Belize,2019,17.074996948242188,-88.47500610351562,0.0,0.0
BLZ,Belize,2019,17.074996948242188,-88.42500305175781,3.044354274868965,8.890665568209332e-06
BLZ,Belize,2019,17.074996948242188,-88.37500762939453,77.1849535703659,0.0002254092484428162
BLZ,Belize,2019,17.074996948242188,-88.32500457763672,440.5025572479359,0.0012864340233861092
BLZ,Belize,2019,17.074996948242188,-88.2750015258789,181.61802925169468,0.0005303933161010235
BLZ,Belize,2019,17.125,-89.12500762939453,800.6284753605723,0.0023381378696875057
BLZ,Belize,2019,17.125,-89.07500457763672,4206.499737024307,0.012284569730720096
BLZ,Belize,2019,17.125,-89.0250015258789,331.74041461946695,0.0009688074434003678
BLZ,Belize,2019,17.125,-88.97500610351562,439.03347659111023,0.0012821437524014273
BLZ,Belize,2019,17.125,-88.92500305175781,492.8596171140713,0.0014393364346616695
BLZ,Belize,2019,17.125,-88.87500762939453,17.023938357830048,4.971633684118196e-05
BLZ,Belize,2019,17.125,-88.82500457763672,171.21118652820587,0.0005000014004691038
BLZ,Belize,2019,17.125,-88.7750015258789,178.6688412429102,0.0005217805720126224
BLZ,Belize,2019,17.125,-88.72500610351562,75.84790912270546,0.00022150457311244853
BLZ,Belize,2019,17.125,-88.67500305175781,204.5288156569004,0.0005973014750872598
BLZ,Belize,2019,17.125,-88.62500762939453,196.94865710341242,0.0005751645460151781
BLZ,Belize,2019,17.125,-88.57500457763672,308.57355748118624,0.0009011514610519263
BLZ,Belize,2019,17.125,-88.5250015258789,68.25743305683136,0.00019933751300309625
BLZ,Belize,2019,17.125,-88.47500610351562,0.0,0.0
BLZ,Belize,2019,17.125,-88.42500305175781,0.0,0.0
BLZ,Belize,2019,17.125,-88.37500762939453,75.89591789245605,0.00022164477687247646
BLZ,Belize,2019,17.125,-88.32500457763672,294.8876349516656,0.0008611833925499031
BLZ,Belize,2019,17.17499542236328,-89.12500762939453,2097.2545431257035,0.006124776248369072
BLZ,Belize,2019,17.17499542236328,-89.07500457763672,12736.840951681137,0.03719639144223584
BLZ,Belize,2019,17.17499542236328,-89.0250015258789,2597.2022815793753,0.007584812677396537
BLZ,Belize,2019,17.17499542236328,-88.97500610351562,1224.5537700653076,0.003576160018501513
BLZ,Belize,2019,17.17499542236328,-88.92500305175781,688.6177108287811,0.0020110240854238587
BLZ,Belize,2019,17.17499542236328,-88.87500762939453,334.17487913376493,0.0009759170002653381
BLZ,Belize,2019,17.17499542236328,-88.82500457763672,309.7752645389331,0.0009046609000320016
BLZ,Belize,2019,17.17499542236328,-88.7750015258789,788.5527710916651,0.0023028722473380594
BLZ,Belize,2019,17.17499542236328,-88.72500610351562,693.5986732244601,0.0020255703789460585
BLZ,Belize,2019,17.17499542236328,-88.67500305175781,88.17307335139803,0.00025749871286652785
BLZ,Belize,2019,17.17499542236328,-88.62500762939453,35.55686753988266,0.00010383949744607875
BLZ,Belize,2019,17.17499542236328,-88.57500457763672,14.838494829833508,4.333401541229337e-05
BLZ,Belize,2019,17.17499542236328,-88.5250015258789,319.8598769904804,0.0009341117814329733
BLZ,Belize,2019,17.17499542236328,-88.47500610351562,1.1240177154541016,3.2825567258512395e-06
BLZ,Belize,2019,17.17499542236328,-88.42500305175781,18.172023654448232,5.3069180004105245e-05
BLZ,Belize,2019,17.17499542236328,-88.37500762939453,78.17360055446625,0.00022829647144876323
BLZ,Belize,2019,17.17499542236328,-88.32500457763672,512.9071971327066,0.0014978829484064518
BLZ,Belize,2019,17.224998474121094,-89.12500762939453,102.10393758118326,0.0002981821037470066
BLZ,Belize,2019,17.224998474121094,-89.07500457763672,355.0311854930395,0.001036825300708265
BLZ,Belize,2019,17.224998474121094,-89.0250015258789,2450.648377120499,0.007156819863611666
BLZ,Belize,2019,17.224998474121094,-88.97500610351562,1804.6190800070763,0.005270170049129086
BLZ,Belize,2019,17.224998474121094,-88.92500305175781,2387.6667391956094,0.006972889667198391
BLZ,Belize,2019,17.224998474121094,-88.87500762939453,1694.7349066140346,0.004949266715065342
BLZ,Belize,2019,17.224998474121094,-88.82500457763672,1658.4332988858223,0.004843252294679347
BLZ,Belize,2019,17.224998474121094,-88.7750015258789,9060.298194468069,0.026459496471951692
BLZ,Belize,2019,17.224998474121094,-88.72500610351562,636.7354820152322,0.0018595083603578488
BLZ,Belize,2019,17.224998474121094,-88.67500305175781,116.2741132006174,0.00033956437437009465
BLZ,Belize,2019,17.224998474121094,-88.62500762939453,228.27151454244517,0.0006666391330663597
BLZ,Belize,2019,17.224998474121094,-88.57500457763672,93.8968265503645,0.0002742142363872487
BLZ,Belize,2019,17.224998474121094,-88.5250015258789,0.0,0.0
BLZ,Belize,2019,17.224998474121094,-88.47500610351562,0.0,0.0
BLZ,Belize,2019,17.224998474121094,-88.42500305175781,31.199706182062645,9.111493881672213e-05
BLZ,Belize,2019,17.224998474121094,-88.37500762939453,22.29405903816223,6.510708188676442e-05
BLZ,Belize,2019,17.224998474121094,-88.32500457763672,26.057714939145946,7.609838017477461e-05
BLZ,Belize,2019,17.274993896484375,-89.12500762939453,44.234079748882266,0.00012918023799373361
BLZ,Belize,2019,17.274993896484375,-89.07500457763672,403.94163800776005,0.0011796623153382
BLZ,Belize,2019,17.274993896484375,-89.0250015258789,3320.3819995224476,0.00969677089166204
BLZ,Belize,2019,17.274993896484375,-88.97500610351562,1951.5103259682783,0.005699148027651259
BLZ,Belize,2019,17.274993896484375,-88.92500305175781,521.3214520216202,0.0015224557541539763
BLZ,Belize,2019,17.274993896484375,-88.87500762939453,230.00383299637824,0.000671698157950124
BLZ,Belize,2019,17.274993896484375,-88.82500457763672,1925.6381657126085,0.00562359153731139
BLZ,Belize,2019,17.274993896484375,-88.7750015258789,9412.891066670783,0.027489200975913747
BLZ,Belize,2019,17.274993896484375,-88.72500610351562,1609.9404501917131,0.0047016348411036924
BLZ,Belize,2019,17.274993896484375,-88.67500305175781,826.3768098503904,0.0024133327419719464
BLZ,Belize,2019,17.274993896484375,-88.62500762939453,1143.3659830542342,0.0033390609829204677
BLZ,Belize,2019,17.274993896484375,-88.57500457763672,123.72207052264497,0.0003613152258603645
BLZ,Belize,2019,17.274993896484375,-88.5250015258789,18.663748145103455,5.450520144031008e-05
BLZ,Belize,2019,17.274993896484375,-88.47500610351562,29.89489807188511,8.730440578052514e-05
BLZ,Belize,2019,17.274993896484375,-88.42500305175781,23.626349449157715,6.899787363254532e-05
BLZ,Belize,2019,17.274993896484375,-88.37500762939453,39.79633468389511,0.00011622034447034585
BLZ,Belize,2019,17.274993896484375,-88.32500457763672,373.5753373131156,0.001090981235659526
BLZ,Belize,2019,17.274993896484375,-88.2750015258789,0.0,0.0
BLZ,Belize,2019,17.324996948242188,-89.12500762939453,93.43354293704033,0.00027286127306648864
BLZ,Belize,2019,17.324996948242188,-89.07500457763672,422.10342016836375,0.0012327015863079192
BLZ,Belize,2019,17.324996948242188,-89.0250015258789,1344.6340584756874,0.0039268398636180145
BLZ,Belize,2019,17.324996948242188,-88.97500610351562,225.94212311506365,0.0006598364293438456
BLZ,Belize,2019,17.324996948242188,-88.92500305175781,202.2795061469078,0.0005907326408428952
BLZ,Belize,2019,17.324996948242188,-88.87500762939453,292.2005741596346,0.0008533361590460352
BLZ,Belize,2019,17.324996948242188,-88.82500457763672,1801.7218475043942,0.00526170903476314
BLZ,Belize,2019,17.324996948242188,-88.7750015258789,156.61941085756925,0.00045738789828741447
BLZ,Belize,2019,17.324996948242188,-88.72500610351562,380.6597575545311,0.0011116704214192185
BLZ,Belize,2019,17.324996948242188,-88.67500305175781,124.12702548515779,0.00036249784746640053
BLZ,Belize,2019,17.324996948242188,-88.62500762939453,0.13408163189888,3.9156906208098915e-07
BLZ,Belize,2019,17.324996948242188,-88.57500457763672,1205.4537567049265,0.0035203807576785298
BLZ,Belize,2019,17.324996948242188,-88.5250015258789,432.0556996466435,0.0012617660053911898
BLZ,Belize,2019,17.324996948242188,-88.47500610351562,84.2318327429159,0.00024598880008695534
BLZ,Belize,2019,17.324996948242188,-88.42500305175781,0.0,0.0
BLZ,Belize,2019,17.324996948242188,-88.37500762939453,35.5705304145813,0.0001038793982062001
BLZ,Belize,2019,17.324996948242188,-88.32500457763672,64.16727274666793,0.00018739269838732964
BLZ,Belize,2019,17.324996948242188,-88.2750015258789,0.0,0.0
BLZ,Belize,2019,17.375,-89.12500762939453,49.966505005967605,0.00014592108720311013
BLZ,Belize,2019,17.375,-89.07500457763672,115.89402508371619,0.0003384543733555233
BLZ,Belize,2019,17.375,-89.0250015258789,385.15486806639996,0.0011247978437376634
BLZ,Belize,2019,17.375,-88.97500610351562,175.98243838586035,0.000513935259927668
BLZ,Belize,2019,17.375,-88.92500305175781,468.3788241894034,0.0013678432630112789
BLZ,Belize,2019,17.375,-88.87500762939453,33.81387338048248,9.874929546581277e-05
BLZ,Belize,2019,17.375,-88.82500457763672,120.3848613280611,0.0003515693131966765
BLZ,Belize,2019,17.375,-88.7750015258789,218.68236926198006,0.0006386352031435659
BLZ,Belize,2019,17.375,-88.72500610351562,21.63154423236847,6.317228815368188e-05
BLZ,Belize,2019,17.375,-88.67500305175781,105.43709640984062,0.00030791618781072567
BLZ,Belize,2019,17.375,-88.62500762939453,9.699847519397736,2.8327222317547782e-05
BLZ,Belize,2019,17.375,-88.57500457763672,87.09432482720572,0.0002543483592956689
BLZ,Belize,2019,17.375,-88.5250015258789,434.9055339696388,0.0012700885991509603
BLZ,Belize,2019,17.375,-88.47500610351562,209.3504124881066,0.0006113823609042817
BLZ,Belize,2019,17.375,-88.42500305175781,251.32331072259694,0.0007339590939119404
BLZ,Belize,2019,17.375,-88.37500762939453,24.744366467076382,7.226290605269932e-05
BLZ,Belize,2019,17.375,-88.32500457763672,0.0,0.0
BLZ,Belize,2019,17.375,-88.2750015258789,0.0,0.0
BLZ,Belize,2019,17.42499542236328,-89.12500762939453,7.903441356232888e-13,2.3081037090942978e-18
BLZ,Belize,2019,17.42499542236328,-89.07500457763672,1.3399992920826165e-11,3.913304593321872e-17
BLZ,Belize,2019,17.42499542236328,-89.0250015258789,10.21186438202858,2.9822505152568863e-05
BLZ,Belize,2019,17.42499542236328,-88.97500610351562,5.116069555289249,1.4940857512955494e-05
BLZ,Belize,2019,17.42499542236328,-88.92500305175781,16.859793961049583,4.923697313876484e-05
BLZ,Belize,2019,17.42499542236328,-88.87500762939453,11.870755195646746,3.4667093563255266e-05
BLZ,Belize,2019,17.42499542236328,-88.82500457763672,0.0,0.0
BLZ,Belize,2019,17.42499542236328,-88.7750015258789,44.15771634877911,0.00012895722799204855
BLZ,Belize,2019,17.42499542236328,-88.72500610351562,0.0,0.0
BLZ,Belize,2019,17.42499542236328,-88.67500305175781,3.286883980132348,9.59894400927412e-06
BLZ,Belize,2019,17.42499542236328,-88.62500762939453,0.5898649692590249,1.7226287411342075e-06
BLZ,Belize,2019,17.42499542236328,-88.57500457763672,0.7282619476318359,2.1268002465731804e-06
BLZ,Belize,2019,17.42499542236328,-88.5250015258789,55.28129303455353,0.0001614422777945415
BLZ,Belize,2019,17.42499542236328,-88.47500610351562,388.36941070578615,0.0011341855236793358
BLZ,Belize,2019,17.42499542236328,-88.42500305175781,1111.6648581625343,0.0032464817118826807
BLZ,Belize,2019,17.42499542236328,-88.37500762939453,1344.6678340440426,0.003926938501048323
BLZ,Belize,2019,17.42499542236328,-88.32500457763672,82.06483894601286,0.00023966035884879548
BLZ,Belize,2019,17.42499542236328,-88.2750015258789,52.30976629257202,0.0001527642961588183
BLZ,Belize,2019,17.42499542236328,-88.22500610351562,0.0,0.0
BLZ,Belize,2019,17.474998474121094,-89.12500762939453,0.0,0.0
BLZ,Belize,2019,17.474998474121094,-89.07500457763672,0.0,0.0
BLZ,Belize,2019,17.474998474121094,-89.0250015258789,8.861919531533147e-11,2.5880155768216144e-16
BLZ,Belize,2019,17.474998474121094,-88.97500610351562,10.619548738003909,3.1013097619512764e-05
BLZ,Belize,2019,17.474998474121094,-88.92500305175781,0.0,0.0
BLZ,Belize,2019,17.474998474121094,-88.87500762939453,0.0,0.0
BLZ,Belize,2019,17.474998474121094,-88.82500457763672,40.602748334876765,0.00011857537724025078
BLZ,Belize,2019,17.474998474121094,-88.7750015258789,233.4859395623207,0.0006818672257246007
BLZ,Belize,2019,17.474998474121094,-88.72500610351562,0.5386360883712769,1.573021039045658e-06
BLZ,Belize,2019,17.474998474121094,-88.67500305175781,0.0,0.0
BLZ,Belize,2019,17.474998474121094,-88.62500762939453,0.0,0.0
BLZ,Belize,2019,17.474998474121094,-88.57500457763672,141.90318626177003,0.00041441095818948884
BLZ,Belize,2019,17.474998474121094,-88.5250015258789,3.8577516078948975,1.1266093330248696e-05
BLZ,Belize,2019,17.474998474121094,-88.47500610351562,1.4554926708321148e-10,4.2505889278950944e-16
BLZ,Belize,2019,17.474998474121094,-88.42500305175781,618.8025409287792,0.0018071373918506055
BLZ,Belize,2019,17.474998474121094,-88.37500762939453,2810.151828230317,0.008206705870906942
BLZ,Belize,2019,17.474998474121094,-88.32500457763672,686.5638869560216,0.0020050261431543127
BLZ,Belize,2019,17.474998474121094,-88.2750015258789,2832.9630079567432,0.00827332314072936
BLZ,Belize,2019,17.474998474121094,-88.22500610351562,10170.575157643401,0.0297019250057017
BLZ,Belize,2019,17.524993896484375,-89.12500762939453,46.06249234452844,0.00013451989410497625
BLZ,Belize,2019,17.524993896484375,-89.07500457763672,3.7023267746259636,1.0812194050195863e-05
BLZ,Belize,2019,17.524993896484375,-89.0250015258789,9.255104064941406,2.70284032708087e-05
BLZ,Belize,2019,17.524993896484375,-88.97500610351562,4.292095184326172,1.2534540800908674e-05
BLZ,Belize,2019,17.524993896484375,-88.92500305175781,0.0,0.0
BLZ,Belize,2019,17.524993896484375,-88.87500762939453,0.0,0.0
BLZ,Belize,2019,17.524993896484375,-88.82500457763672,0.0,0.0
BLZ,Belize,2019,17.524993896484375,-88.7750015258789,29.87362575539059,8.724228257319178e-05
BLZ,Belize,2019,17.524993896484375,-88.72500610351562,0.7676220685352977,2.2417466818700467e-06
BLZ,Belize,2019,17.524993896484375,-88.67500305175781,16.382603883743286,4.784339768507332e-05
BLZ,Belize,2019,17.524993896484375,-88.62500762939453,284.42759343986836,0.0008306361163413947
BLZ,Belize,2019,17.524993896484375,-88.57500457763672,1509.4504477382006,0.004408166038166436
BLZ,Belize,2019,17.524993896484375,-88.5250015258789,163.92143923045955,0.00047871258206973736
BLZ,Belize,2019,17.524993896484375,-88.47500610351562,2.174706995487213,6.3509666944246595e-06
BLZ,Belize,2019,17.524993896484375,-88.42500305175781,347.4149768206147,0.0010145830916581573
BLZ,Belize,2019,17.524993896484375,-88.37500762939453,161.91817504168353,0.00047286229319429285
BLZ,Belize,2019,17.524993896484375,-88.32500457763672,4975.047604963396,0.014529020096898604
BLZ,Belize,2019,17.524993896484375,-88.2750015258789,2498.3693233728573,0.00729618307019723
BLZ,Belize,2019,17.524993896484375,-88.22500610351562,20016.77554476261,0.058456553033748145
BLZ,Belize,2019,17.574996948242188,-89.12500762939453,0.0,0.0
BLZ,Belize,2019,17.574996948242188,-89.07500457763672,160.28014691175537,0.0004680786317082664
BLZ,Belize,2019,17.574996948242188,-89.0250015258789,93.39451932913778,0.0002727473093763917
BLZ,Belize,2019,17.574996948242188,-88.97500610351562,7.948861360549927,2.3213680677079747e-05
BLZ,Belize,2019,17.574996948242188,-88.92500305175781,0.0,0.0
BLZ,Belize,2019,17.574996948242188,-88.87500762939453,0.0,0.0
BLZ,Belize,2019,17.574996948242188,-88.82500457763672,0.0,0.0
BLZ,Belize,2019,17.574996948242188,-88.7750015258789,0.0,0.0
BLZ,Belize,2019,17.574996948242188,-88.72500610351562,9.2165846824646,2.6915912109605074e-05
BLZ,Belize,2019,17.574996948242188,-88.67500305175781,0.0,0.0
BLZ,Belize,2019,17.574996948242188,-88.62500762939453,63.05131816888833,0.00018413368907220067
BLZ,Belize,2019,17.574996948242188,-88.57500457763672,395.7443398237232,0.0011557231052013316
BLZ,Belize,2019,17.574996948242188,-88.5250015258789,1424.699341148138,0.004160660762105772
BLZ,Belize,2019,17.574996948242188,-88.47500610351562,531.9561303854514,0.001553513036001492
BLZ,Belize,2019,17.574996948242188,-88.42500305175781,4174.454117938876,0.012190984406381635
BLZ,Belize,2019,17.574996948242188,-88.37500762939453,1994.3954721305618,0.005824388869533582
BLZ,Belize,2019,17.574996948242188,-88.32500457763672,9582.275218725217,0.027983866744908555
BLZ,Belize,2019,17.574996948242188,-88.2750015258789,4102.528763651848,0.011980935176526984
BLZ,Belize,2019,17.625,-89.12500762939453,6.221875458960627,1.8170228862423974e-05
BLZ,Belize,2019,17.625,-89.07500457763672,1.3631685972213745,3.980967724757308e-06
BLZ,Belize,2019,17.625,-89.0250015258789,5.370674133354972,1.568439914817297e-05
BLZ,Belize,2019,17.625,-88.97500610351562,0.0,0.0
BLZ,Belize,2019,17.625,-88.92500305175781,0.0,0.0
BLZ,Belize,2019,17.625,-88.87500762939453,0.407408744096756,1.1897875760482373e-06
BLZ,Belize,2019,17.625,-88.82500457763672,0.0,0.0
BLZ,Belize,2019,17.625,-88.7750015258789,0.0,0.0
BLZ,Belize,2019,17.625,-88.72500610351562,29.001934588025193,8.469661477369059e-05
BLZ,Belize,2019,17.625,-88.67500305175781,19.468958139419556,5.685671907764298e-05
BLZ,Belize,2019,17.625,-88.62500762939453,89.96435630322053,0.00026272993637890113
BLZ,Belize,2019,17.625,-88.57500457763672,262.9380587339472,0.0007678785496994518
BLZ,Belize,2019,17.625,-88.5250015258789,108.89941239366729,0.00031802745960250603
BLZ,Belize,2019,17.625,-88.47500610351562,248.22189956903458,0.0007249018006844548
BLZ,Belize,2019,17.625,-88.42500305175781,18.578820213681233,5.4257179768881156e-05
BLZ,Belize,2019,17.625,-88.37500762939453,3098.7358644014994,0.00904948037159558
BLZ,Belize,2019,17.625,-88.32500457763672,105.16115415189735,0.00030711033208238213
BLZ,Belize,2019,17.625,-88.2750015258789,73.24317634105682,0.00021389776852752997
BLZ,Belize,2019,17.67499542236328,-89.12500762939453,0.0,0.0
BLZ,Belize,2019,17.67499542236328,-89.07500457763672,0.0,0.0
BLZ,Belize,2019,17.67499542236328,-89.0250015258789,12.71477496623993,3.713195042148795e-05
BLZ,Belize,2019,17.67499542236328,-88.97500610351562,6.239521861076355,1.8221763028794883e-05
BLZ,Belize,2019,17.67499542236328,-88.92500305175781,5.847700595855713,1.7077496784768693e-05
BLZ,Belize,2019,17.67499542236328,-88.87500762939453,0.0,0.0
BLZ,Belize,2019,17.67499542236328,-88.82500457763672,0.0,0.0
BLZ,Belize,2019,17.67499542236328,-88.7750015258789,0.0,0.0
BLZ,Belize,2019,17.67499542236328,-88.72500610351562,132.3686325699091,0.0003865664563467722
BLZ,Belize,2019,17.67499542236328,-88.67500305175781,13.774269878901602,4.022607616679055e-05
BLZ,Belize,2019,17.67499542236328,-88.62500762939453,0.6309500336647034,1.8426126636673203e-06
BLZ,Belize,2019,17.67499542236328,-88.57500457763672,14.154166340906674,4.133551747659948e-05
BLZ,Belize,2019,17.67499542236328,-88.5250015258789,1.392224907875061,4.0658231382025925e-06
BLZ,Belize,2019,17.67499542236328,-88.47500610351562,148.1065299512397,0.0004325270672780444
BLZ,Belize,2019,17.67499542236328,-88.42500305175781,1258.5066225531518,0.003675315185509518
BLZ,Belize,2019,17.67499542236328,-88.37500762939453,1181.2715803235892,0.003449759659243075
BLZ,Belize,2019,17.67499542236328,-88.32500457763672,119.56553767621517,0.00034917657834291184
BLZ,Belize,2019,17.67499542236328,-88.2750015258789,2.7619686126708984,8.065992663158424e-06
BLZ,Belize,2019,17.724998474121094,-89.12500762939453,0.0,0.0
BLZ,Belize,2019,17.724998474121094,-89.07500457763672,0.0,0.0
BLZ,Belize,2019,17.724998474121094,-89.0250015258789,0.646681547164917,1.8885546312519534e-06
BLZ,Belize,2019,17.724998474121094,-88.97500610351562,0.0,0.0
BLZ,Belize,2019,17.724998474121094,-88.92500305175781,0.0,0.0
BLZ,Belize,2019,17.724998474121094,-88.87500762939453,0.0,0.0
BLZ,Belize,2019,17.724998474121094,-88.82500457763672,0.0,0.0
BLZ,Belize,2019,17.724998474121094,-88.7750015258789,245.95431567733604,0.0007182795983358736
BLZ,Belize,2019,17.724998474121094,-88.72500610351562,619.9943608343601,0.0018106179566079745
BLZ,Belize,2019,17.724998474121094,-88.67500305175781,254.5889544263482,0.0007434960082831269
BLZ,Belize,2019,17.724998474121094,-88.62500762939453,0.3884882181882858,1.1345324864499386e-06
BLZ,Belize,2019,17.724998474121094,-88.57500457763672,62.817396864295006,0.00018345055041597182
BLZ,Belize,2019,17.724998474121094,-88.5250015258789,1.122161865234375,3.2771369415033794e-06
BLZ,Belize,2019,17.724998474121094,-88.47500610351562,694.4838924409097,0.0020281555537639087
BLZ,Belize,2019,17.724998474121094,-88.42500305175781,200.00041112303734,0.0005840768216359553
BLZ,Belize,2019,17.724998474121094,-88.37500762939453,0.0,0.0
BLZ,Belize,2019,17.724998474121094,-88.32500457763672,237.24793601036072,0.0006928536777825678
BLZ,Belize,2019,17.724998474121094,-88.2750015258789,0.0,0.0
BLZ,Belize,2019,17.774993896484375,-89.12500762939453,0.0,0.0
BLZ,Belize,2019,17.774993896484375,-89.07500457763672,0.0,0.0
BLZ,Belize,2019,17.774993896484375,-89.0250015258789,2.2820408940315247,6.664422261658423e-06
BLZ,Belize,2019,17.774993896484375,-88.97500610351562,0.0,0.0
BLZ,Belize,2019,17.774993896484375,-88.92500305175781,0.0,0.0
BLZ,Belize,2019,17.774993896484375,-88.87500762939453,0.3982992395758629,1.1631843784979662e-06
BLZ,Belize,2019,17.774993896484375,-88.82500457763672,0.0,0.0
BLZ,Belize,2019,17.774993896484375,-88.7750015258789,335.08016662299633,0.0009785607820276254
BLZ,Belize,2019,17.774993896484375,-88.72500610351562,1097.7225314975203,0.0032057648463573295
BLZ,Belize,2019,17.774993896484375,-88.67500305175781,553.4707480967045,0.001616343854503014
BLZ,Belize,2019,17.774993896484375,-88.62500762939453,6.7029154598863725,1.957504754875968e-05
BLZ,Belize,2019,17.774993896484375,-88.57500457763672,249.0077420026064,0.0007271967577214427
BLZ,Belize,2019,17.774993896484375,-88.5250015258789,1979.5069745779037,0.005780908827264362
BLZ,Belize,2019,17.774993896484375,-88.47500610351562,218.7811743915352,0.000638923751480581
BLZ,Belize,2019,17.774993896484375,-88.42500305175781,0.6412357687950134,1.8726508993357708e-06
BLZ,Belize,2019,17.774993896484375,-88.37500762939453,72.32769751548767,0.00021122422420974103
BLZ,Belize,2019,17.774993896484375,-88.32500457763672,1009.6727828533901,0.002948626288265713
BLZ,Belize,2019,17.774993896484375,-88.2750015258789,4.95251989364624,1.446323066201208e-05
BLZ,Belize,2019,17.824996948242188,-89.12500762939453,0.0,0.0
BLZ,Belize,2019,17.824996948242188,-89.07500457763672,0.0,0.0
BLZ,Belize,2019,17.824996948242188,-89.0250015258789,31.02371343977773,9.060097346551326e-05
BLZ,Belize,2019,17.824996948242188,-88.97500610351562,36.50112915042683,0.00010659709837890982
BLZ,Belize,2019,17.824996948242188,-88.92500305175781,122.19263015714382,0.0003568486817040423
BLZ,Belize,2019,17.824996948242188,-88.87500762939453,25.614177152514458,7.48030821339531e-05
BLZ,Belize,2019,17.824996948242188,-88.82500457763672,0.0,0.0
BLZ,Belize,2019,17.824996948242188,-88.7750015258789,71.16303414122333,0.00020782296679183683
BLZ,Belize,2019,17.824996948242188,-88.72500610351562,399.94278768492853,0.001167984160410206
BLZ,Belize,2019,17.824996948242188,-88.67500305175781,333.3128147426923,0.000973399446292544
BLZ,Belize,2019,17.824996948242188,-88.62500762939453,58.19597733063962,0.0001699542579958367
BLZ,Belize,2019,17.824996948242188,-88.57500457763672,56.45757317561401,0.00016487746056384811
BLZ,Belize,2019,17.824996948242188,-88.5250015258789,31.107215881347656,9.084483216758862e-05
BLZ,Belize,2019,17.824996948242188,-88.47500610351562,49.62705326080322,0.00014492975975882594
BLZ,Belize,2019,17.824996948242188,-88.42500305175781,4.946528613567352,1.4445733858848737e-05
BLZ,Belize,2019,17.824996948242188,-88.37500762939453,5.9967652559280396,1.751282195427411e-05
BLZ,Belize,2019,17.824996948242188,-88.32500457763672,459.57912361621857,0.0013421448101267393
BLZ,Belize,2019,17.824996948242188,-88.2750015258789,201.01748245954514,0.0005870470544983221
BLZ,Belize,2019,17.824996948242188,-88.22500610351562,9.951196871753297,2.906125746287445e-05
BLZ,Belize,2019,17.875,-89.12500762939453,0.0,0.0
BLZ,Belize,2019,17.875,-89.07500457763672,55.95165920259703,0.00016340000047403264
BLZ,Belize,2019,17.875,-89.0250015258789,30.889469355344772,9.020892998060865e-05
BLZ,Belize,2019,17.875,-88.97500610351562,740.838185243419,0.0021635276155374033
BLZ,Belize,2019,17.875,-88.92500305175781,1819.1265469193459,0.005312537337858779
BLZ,Belize,2019,17.875,-88.87500762939453,656.506733238697,0.0019172478895394325
BLZ,Belize,2019,17.875,-88.82500457763672,43.26239334791899,0.00012634254630342819
BLZ,Belize,2019,17.875,-88.7750015258789,1192.9196423592512,0.003483776404577776
BLZ,Belize,2019,17.875,-88.72500610351562,104.32095788435377,0.00030465664129873996
BLZ,Belize,2019,17.875,-88.67500305175781,1274.288857102394,0.0037214052777351974
BLZ,Belize,2019,17.875,-88.62500762939453,664.6351921781898,0.0019409860630537688
BLZ,Belize,2019,17.875,-88.57500457763672,25.042949080467224,7.313488017938145e-05
BLZ,Belize,2019,17.875,-88.5250015258789,161.73205372691154,0.0004723187485817578
BLZ,Belize,2019,17.875,-88.47500610351562,232.85436373951723,0.0006800227855200342
BLZ,Belize,2019,17.875,-88.42500305175781,0.0,0.0
BLZ,Belize,2019,17.875,-88.37500762939453,0.0,0.0
BLZ,Belize,2019,17.875,-88.32500457763672,1600.5357705134643,0.004674169620486738
BLZ,Belize,2019,17.875,-88.2750015258789,511.8903595211015,0.0014949133981091735
BLZ,Belize,2019,17.875,-88.22500610351562,22.558013767004013,6.58779294975868e-05
BLZ,Belize,2019,17.92499542236328,-89.12500762939453,44.13327506184578,0.00012888585019283025
BLZ,Belize,2019,17.92499542236328,-89.07500457763672,136.02181211126222,0.0003972351218929964
BLZ,Belize,2019,17.92499542236328,-89.0250015258789,282.3407045304898,0.0008245416116628654
BLZ,Belize,2019,17.92499542236328,-88.97500610351562,1269.8984556794442,0.0037085836455474264
BLZ,Belize,2019,17.92499542236328,-88.92500305175781,141.37537097930908,0.0004128695379951022
BLZ,Belize,2019,17.92499542236328,-88.7750015258789,7.4393637627363205,2.172575504787164e-05
BLZ,Belize,2019,17.92499542236328,-88.72500610351562,558.4937936667155,0.0016310130468061225
BLZ,Belize,2019,17.92499542236328,-88.67500305175781,3243.577960975468,0.00947247405911339
BLZ,Belize,2019,17.92499542236328,-88.62500762939453,1992.2988933473825,0.005818266066759765
BLZ,Belize,2019,17.92499542236328,-88.57500457763672,72.36669406306554,0.00021133810887345828
BLZ,Belize,2019,17.92499542236328,-88.5250015258789,150.76665633928644,0.0004402956421382453
BLZ,Belize,2019,17.92499542236328,-88.47500610351562,78.45475417396821,0.0002291175463233
BLZ,Belize,2019,17.92499542236328,-88.42500305175781,0.0,0.0
BLZ,Belize,2019,17.92499542236328,-88.37500762939453,29.7271848320961,8.681461970712566e-05
BLZ,Belize,2019,17.92499542236328,-88.32500457763672,87.53241223096848,0.00025562774015769666
BLZ,Belize,2019,17.92499542236328,-88.2750015258789,59.40678346182257,0.00017349026971075066
BLZ,Belize,2019,17.92499542236328,-88.22500610351562,7.996194720271147,2.335191198444598e-05
BLZ,Belize,2019,17.974998474121094,-89.07500457763672,25.29600000382768,7.387388455541493e-05
BLZ,Belize,2019,17.974998474121094,-89.0250015258789,92.72650767884043,0.0002707964627789742
BLZ,Belize,2019,17.974998474121094,-88.7750015258789,16.09458278864622,4.7002267185171945e-05
BLZ,Belize,2019,17.974998474121094,-88.72500610351562,1473.8063362538865,0.004304071755415246
BLZ,Belize,2019,17.974998474121094,-88.67500305175781,226.84535661179183,0.0006624742126713987
BLZ,Belize,2019,17.974998474121094,-88.62500762939453,661.1594032645286,0.0019308354452126895
BLZ,Belize,2019,17.974998474121094,-88.57500457763672,1360.1521615688193,0.0039721585921224266
BLZ,Belize,2019,17.974998474121094,-88.5250015258789,181.90396392348396,0.000531228353455979
BLZ,Belize,2019,17.974998474121094,-88.47500610351562,74.81794847573356,0.00021849669859001376
BLZ,Belize,2019,17.974998474121094,-88.42500305175781,32.47290591896518,9.483316345167193e-05
BLZ,Belize,2019,17.974998474121094,-88.37500762939453,605.5705541972446,0.0017684949875140996
BLZ,Belize,2019,17.974998474121094,-88.32500457763672,0.0,0.0
BLZ,Belize,2019,17.974998474121094,-88.2750015258789,1.324879765510559,3.869149858962776e-06
BLZ,Belize,2019,17.974998474121094,-88.22500610351562,49.99422633648166,0.00014600204396978504
BLZ,Belize,2019,17.974998474121094,-88.17500305175781,87.64166620373726,0.00025594680306765557
BLZ,Belize,2019,18.024993896484375,-88.72500610351562,78.15035362563438,0.000228228581626794
BLZ,Belize,2019,18.024993896484375,-88.67500305175781,1674.8943240046501,0.004891324712022329
BLZ,Belize,2019,18.024993896484375,-88.62500762939453,215.25829110299895,0.0006286356002582476
BLZ,Belize,2019,18.024993896484375,-88.57500457763672,1397.225970521597,0.0040804281320573005
BLZ,Belize,2019,18.024993896484375,-88.5250015258789,1556.4792736626869,0.004545507991700453
BLZ,Belize,2019,18.024993896484375,-88.47500610351562,191.67459008113497,0.0005597622761589838
BLZ,Belize,2019,18.024993896484375,-88.42500305175781,122.7028378546238,0.00035833868109276843
BLZ,Belize,2019,18.024993896484375,-88.37500762939453,53.91887104530343,0.00015746349044735655
BLZ,Belize,2019,18.024993896484375,-88.32500457763672,0.0,0.0
BLZ,Belize,2019,18.024993896484375,-88.2750015258789,423.47577834129333,0.001236709391068369
BLZ,Belize,2019,18.024993896484375,-88.22500610351562,180.07468700408936,0.0005258861731925859
BLZ,Belize,2019,18.024993896484375,-88.17500305175781,7.588452093329094,2.21611493442467e-05
BLZ,Belize,2019,18.074996948242188,-88.72500610351562,2.2615303471684456,6.6045237096777834e-06
BLZ,Belize,2019,18.074996948242188,-88.67500305175781,63.53005263219397,0.00018553177471695035
BLZ,Belize,2019,18.074996948242188,-88.62500762939453,1537.3521473411927,0.004489649550779474
BLZ,Belize,2019,18.074996948242188,-88.57500457763672,13268.499919079273,0.038749036649955555
BLZ,Belize,2019,18.074996948242188,-88.5250015258789,479.38415355984347,0.0013999829859430936
BLZ,Belize,2019,18.074996948242188,-88.47500610351562,83.24255713820457,0.00024309974127113964
BLZ,Belize,2019,18.074996948242188,-88.42500305175781,64.09248894453049,0.00018717430140895833
BLZ,Belize,2019,18.074996948242188,-88.37500762939453,5.15158748626709,1.5044583300918302e-05
BLZ,Belize,2019,18.074996948242188,-88.32500457763672,0.0,0.0
BLZ,Belize,2019,18.074996948242188,-88.2750015258789,181.81371225699186,0.0005309647844652152
BLZ,Belize,2019,18.074996948242188,-88.22500610351562,336.6275411695242,0.0009830797007735494
BLZ,Belize,2019,18.074996948242188,-88.17500305175781,4.553751051425934,1.3298674866233228e-05
BLZ,Belize,2019,18.074996948242188,-88.12500762939453,21.940364599263113,6.407416039154097e-05
BLZ,Belize,2019,18.125,-88.67500305175781,599.7961786687374,0.0017516316276505635
BLZ,Belize,2019,18.125,-88.62500762939453,82.93329054862261,0.00024219656589431453
BLZ,Belize,2019,18.125,-88.57500457763672,2395.4910179378408,0.006995739519524668
BLZ,Belize,2019,18.125,-88.5250015258789,743.9966858550906,0.0021727516315683776
BLZ,Belize,2019,18.125,-88.47500610351562,79.14224925646917,0.00023112529190953525
BLZ,Belize,2019,18.125,-88.42500305175781,25.475834250481462,7.439906855187292e-05
BLZ,Belize,2019,18.125,-88.37500762939453,5.303311049938202,1.5487673474276932e-05
BLZ,Belize,2019,18.125,-88.32500457763672,0.5941053628921509,1.7350122938569963e-06
BLZ,Belize,2019,18.125,-88.2750015258789,15.116177380084991,4.414495345219009e-05
BLZ,Belize,2019,18.125,-88.22500610351562,0.0,0.0
BLZ,Belize,2019,18.125,-88.17500305175781,4.054140567779541,1.1839623348760748e-05
BLZ,Belize,2019,18.125,-88.12500762939453,10.423216342926025,3.043973279162389e-05
BLZ,Belize,2019,18.17499542236328,-88.67500305175781,90.46756347827613,0.00026419949159521555
BLZ,Belize,2019,18.17499542236328,-88.62500762939453,429.702573355753,0.0012548939868929586
BLZ,Belize,2019,18.17499542236328,-88.57500457763672,1074.6549867988138,0.003138398893882975
BLZ,Belize,2019,18.17499542236328,-88.5250015258789,735.0813031494617,0.002146715343117108
BLZ,Belize,2019,18.17499542236328,-88.47500610351562,21.489930421118537,6.27587222799411e-05
BLZ,Belize,2019,18.17499542236328,-88.42500305175781,183.3058898155601,0.0005353225071360395
BLZ,Belize,2019,18.17499542236328,-88.37500762939453,804.6261115670204,0.0023498124789365967
BLZ,Belize,2019,18.17499542236328,-88.32500457763672,766.9307086478215,0.0022397276495919817
BLZ,Belize,2019,18.17499542236328,-88.2750015258789,640.2932640463114,0.001869898429103797
BLZ,Belize,2019,18.17499542236328,-88.22500610351562,1.2333054542714346,3.6017182454390144e-06
BLZ,Belize,2019,18.17499542236328,-88.17500305175781,0.5899518728256226,1.7228825324073464e-06
BLZ,Belize,2019,18.17499542236328,-88.12500762939453,0.0,0.0
BLZ,Belize,2019,18.224998474121094,-88.62500762939453,208.33126340806484,0.0006084060602451905
BLZ,Belize,2019,18.224998474121094,-88.57500457763672,1749.1102650768644,0.0051080633213720535
BLZ,Belize,2019,18.224998474121094,-88.5250015258789,508.9468277916312,0.0014863171724950374
BLZ,Belize,2019,18.224998474121094,-88.47500610351562,867.9157443270221,0.0025346421367227886
BLZ,Belize,2019,18.224998474121094,-88.42500305175781,1152.1879944503655,0.0033648245918438445
BLZ,Belize,2019,18.224998474121094,-88.37500762939453,1193.0794477164745,0.0034842430966440735
BLZ,Belize,2019,18.224998474121094,-88.32500457763672,409.3620221019148,0.0011954918863674934
BLZ,Belize,2019,18.224998474121094,-88.2750015258789,30.862098127671015,9.012899564660306e-05
BLZ,Belize,2019,18.224998474121094,-88.22500610351562,13.042945384979248,3.809033212708497e-05
BLZ,Belize,2019,18.224998474121094,-88.17500305175781,14.685498595267893,4.288720855871956e-05
BLZ,Belize,2019,18.224998474121094,-88.12500762939453,137.36378766596317,0.00040115419792039863
BLZ,Belize,2019,18.274993896484375,-88.57500457763672,651.6182133743724,0.001902971563161771
BLZ,Belize,2019,18.274993896484375,-88.5250015258789,1359.5100356490486,0.003970283341645671
BLZ,Belize,2019,18.274993896484375,-88.47500610351562,303.09546871483326,0.0008851533705613887
BLZ,Belize,2019,18.274993896484375,-88.42500305175781,25.920155942552956,7.569665589297782e-05
BLZ,Belize,2019,18.274993896484375,-88.37500762939453,954.550423711954,0.002787648157532775
BLZ,Belize,2019,18.274993896484375,-88.32500457763672,114.67257142108275,0.000334887266822889
BLZ,Belize,2019,18.274993896484375,-88.2750015258789,11.768707394599915,3.436907539941407e-05
BLZ,Belize,2019,18.274993896484375,-88.22500610351562,7.359989732503891,2.1493952867874752e-05
BLZ,Belize,2019,18.274993896484375,-88.17500305175781,0.0,0.0
BLZ,Belize,2019,18.274993896484375,-88.12500762939453,4.29791458697252,1.2551535656981284e-05
BLZ,Belize,2019,18.324996948242188,-88.57500457763672,2.3108903765678406,6.748673658798238e-06
BLZ,Belize,2019,18.324996948242188,-88.5250015258789,3460.391652509776,0.01010565201673575
BLZ,Belize,2019,18.324996948242188,-88.47500610351562,3614.901784628646,0.010556880023577311
BLZ,Belize,2019,18.324996948242188,-88.42500305175781,788.7571610808876,0.002303469143387467
BLZ,Belize,2019,18.324996948242188,-88.37500762939453,698.1423797421198,0.002038839719975806
BLZ,Belize,2019,18.324996948242188,-88.32500457763672,260.22254844009876,0.000759948232893378
BLZ,Belize,2019,18.324996948242188,-88.2750015258789,0.7236397862434387,2.1133017876567004e-06
BLZ,Belize,2019,18.324996948242188,-88.22500610351562,45.890681616967626,0.00013401814181800245
BLZ,Belize,2019,18.324996948242188,-88.17500305175781,185.14980679754683,0.0005407074419176826
BLZ,Belize,2019,18.324996948242188,-88.12500762939453,128.16917061805725,0.0003743024396097775
BLZ,Belize,2019,18.375,-88.5250015258789,56.29541283866533,0.00016440389106632278
BLZ,Belize,2019,18.375,-88.47500610351562,874.132477283778,0.002552797347534369
BLZ,Belize,2019,18.375,-88.42500305175781,6559.582748889923,0.019156461837834468
BLZ,Belize,2019,18.375,-88.37500762939453,6554.930455088615,0.019142875380879075
BLZ,Belize,2019,18.375,-88.32500457763672,50.47948897631625,0.00014741919435833548
BLZ,Belize,2019,18.42499542236328,-88.5250015258789,98.4171689748764,0.00028741534543092384
BLZ,Belize,2019,18.42499542236328,-88.47500610351562,799.0081792920828,0.0023334059925254613
BLZ,Belize,2019,18.42499542236328,-88.42500305175781,1683.3480056524277,0.0049160126588131915
BLZ,Belize,2019,18.42499542236328,-88.37500762939453,3968.969756960919,0.011590892377660419
BLZ,Belize,2019,18.42499542236328,-88.32500457763672,307.1049380302429,0.0008968625369628052
BLZ,Belize,2019,18.474998474121094,-88.47500610351562,6.600868463516235,1.9277031734878687e-05
BLZ,Belize,2019,18.474998474121094,-88.42500305175781,364.9967165590094,0.0010659284194380826
BLZ,Belize,2019,18.474998474121094,-88.37500762939453,873.0503407120962,0.0025496370995838026
BLZ,Belize,2019,18.474998474121094,-88.32500457763672,441.9581640660763,0.001290684945667304
BLZ,Belize,2020,15.924995422363281,-89.22500610351562,0.6636029482974197,1.9134306252631056e-06
BLZ,Belize,2020,15.924995422363281,-89.17500305175781,53.922612488269806,0.00015548028891970405
BLZ,Belize,2020,15.924995422363281,-89.12500762939453,78.69835782068303,0.00022691859401522592
BLZ,Belize,2020,15.924995422363281,-89.07500457763672,2.5291686356067657,7.292596779808048e-06
BLZ,Belize,2020,15.924995422363281,-89.0250015258789,0.0,0.0
BLZ,Belize,2020,15.924995422363281,-88.97500610351562,0.0,0.0
BLZ,Belize,2020,15.924995422363281,-88.92500305175781,1.3732109199748876e-11,3.959511988256021e-17
BLZ,Belize,2020,15.974998474121094,-89.17500305175781,21.449593901634216,6.18476906652454e-05
BLZ,Belize,2020,15.974998474121094,-89.12500762939453,199.57932984869203,0.0005754664033391535
BLZ,Belize,2020,15.974998474121094,-89.07500457763672,17.318521827459335,4.993617061824182e-05
BLZ,Belize,2020,15.974998474121094,-89.0250015258789,19.40366243571043,5.594845839972891e-05
BLZ,Belize,2020,15.974998474121094,-88.97500610351562,3.6511120796203613,1.0527604929028357e-05
BLZ,Belize,2020,15.974998474121094,-88.92500305175781,44.07951766252518,0.00012709874068326168
BLZ,Belize,2020,16.024993896484375,-89.17500305175781,164.17148560301382,0.00047337153813692466
BLZ,Belize,2020,16.024993896484375,-89.12500762939453,38.15307004763351,0.00011001044052660113
BLZ,Belize,2020,16.024993896484375,-89.07500457763672,211.101054966657,0.0006086881088079733
BLZ,Belize,2020,16.024993896484375,-89.0250015258789,379.9386056662366,0.0010955137641668706
BLZ,Belize,2020,16.024993896484375,-88.97500610351562,53.601559817790985,0.00015455456667330233
BLZ,Belize,2020,16.024993896484375,-88.92500305175781,263.96583354473216,0.0007611182428038613
BLZ,Belize,2020,16.024993896484375,-88.87500762939453,2.3382604122161865,6.74213261718292e-06
BLZ,Belize,2020,16.074996948242188,-89.17500305175781,9.170741260074209,2.644288610894676e-05
BLZ,Belize,2020,16.074996948242188,-89.12500762939453,214.80574786721874,0.0006193702085052649
BLZ,Belize,2020,16.074996948242188,-89.07500457763672,137.16948813220557,0.00039551406472382425
BLZ,Belize,2020,16.074996948242188,-89.0250015258789,45.691435635192015,0.00013174653982614672
BLZ,Belize,2020,16.074996948242188,-88.97500610351562,253.7652328610613,0.0007317058633165601
BLZ,Belize,2020,16.074996948242188,-88.92500305175781,177.15287977457047,0.0005108020487008047
BLZ,Belize,2020,16.074996948242188,-88.87500762939453,92.58850449323654,0.00026696939864297815
BLZ,Belize,2020,16.074996948242188,-88.82500457763672,2348.8910686969757,0.006772785018184426
BLZ,Belize,2020,16.125,-89.17500305175781,301.3888778090477,0.0008690237293144862
BLZ,Belize,2020,16.125,-89.12500762939453,31.342652380661704,9.03733039402575e-05
BLZ,Belize,2020,16.125,-89.07500457763672,322.97829961776733,0.0009312745993211889
BLZ,Belize,2020,16.125,-89.0250015258789,130.1280695796082,0.0003752108609204001
BLZ,Belize,2020,16.125,-88.97500610351562,247.75333750247955,0.0007143711834081885
BLZ,Belize,2020,16.125,-88.92500305175781,352.88870638618454,0.0010175181708297286
BLZ,Belize,2020,16.125,-88.87500762939453,201.08074545868948,0.0005797955803218477
BLZ,Belize,2020,16.125,-88.82500457763672,4932.4604786634445,0.014222240817327678
BLZ,Belize,2020,16.17499542236328,-89.17500305175781,315.3533153539015,0.0009092887440065572
BLZ,Belize,2020,16.17499542236328,-89.12500762939453,36.55966401121975,0.00010541601864168402
BLZ,Belize,2020,16.17499542236328,-89.07500457763672,214.0953728568766,0.0006173219154654319
BLZ,Belize,2020,16.17499542236328,-89.0250015258789,367.0371050834888,0.0010583136185222265
BLZ,Belize,2020,16.17499542236328,-88.97500610351562,24.96036124229431,7.197062602143641e-05
BLZ,Belize,2020,16.17499542236328,-88.92500305175781,478.20431172864033,0.0013788527877129735
BLZ,Belize,2020,16.17499542236328,-88.87500762939453,964.340372681794,0.002780575955850008
BLZ,Belize,2020,16.17499542236328,-88.82500457763672,266.9407551288605,0.0007696961222141801
BLZ,Belize,2020,16.17499542236328,-88.7750015258789,17.770017623901367,5.1238012158135867e-05
BLZ,Belize,2020,16.224998474121094,-89.17500305175781,218.19362063738427,0.0006291387900487337
BLZ,Belize,2020,16.224998474121094,-89.12500762939453,545.3825156018318,0.0015725542065673128
BLZ,Belize,2020,16.224998474121094,-89.07500457763672,300.68006843328476,0.000866979950620407
BLZ,Belize,2020,16.224998474121094,-89.0250015258789,1326.795476794417,0.0038256778473822715
BLZ,Belize,2020,16.224998474121094,-88.97500610351562,574.7029851078987,0.001657096754854571
BLZ,Belize,2020,16.224998474121094,-88.92500305175781,1112.416278690192,0.003207537551103595
BLZ,Belize,2020,16.224998474121094,-88.87500762939453,207.63803759973294,0.000598702855573805
BLZ,Belize,2020,16.224998474121094,-88.82500457763672,263.5595509410178,0.0007599467688397186
BLZ,Belize,2020,16.224998474121094,-88.7750015258789,16.312448501586914,4.703526199822495e-05
BLZ,Belize,2020,16.274993896484375,-89.17500305175781,37.79289710525901,0.00010897191901294803
BLZ,Belize,2020,16.274993896484375,-89.12500762939453,72.94824570417404,0.00021033873907236696
BLZ,Belize,2020,16.274993896484375,-89.07500457763672,649.8427842261423,0.0018737546120534312
BLZ,Belize,2020,16.274993896484375,-89.0250015258789,507.8927273456792,0.0014644562706434341
BLZ,Belize,2020,16.274993896484375,-88.97500610351562,1336.7916678190231,0.003854500832710373
BLZ,Belize,2020,16.274993896484375,-88.92500305175781,728.7909694911862,0.0021013935577251677
BLZ,Belize,2020,16.274993896484375,-88.87500762939453,1574.9346500637123,0.004541161548410283
BLZ,Belize,2020,16.274993896484375,-88.82500457763672,139.49724942445755,0.00040222592421197814
BLZ,Belize,2020,16.274993896484375,-88.7750015258789,0.0,0.0
BLZ,Belize,2020,16.274993896484375,-88.72500610351562,1.1956864452453296e-22,3.447638483846813e-28
BLZ,Belize,2020,16.274993896484375,-88.67500305175781,8.094148636025901,2.3338642369416027e-05
BLZ,Belize,2020,16.274993896484375,-88.62500762939453,3.8023784458637238,1.0963765887150851e-05
BLZ,Belize,2020,16.274993896484375,-88.57500457763672,1.2293172478675842,3.5446094328980513e-06
BLZ,Belize,2020,16.324996948242188,-89.17500305175781,0.0,0.0
BLZ,Belize,2020,16.324996948242188,-89.12500762939453,0.989623486995697,2.8534772070490427e-06
BLZ,Belize,2020,16.324996948242188,-89.07500457763672,12.76574301720544,3.680870271301431e-05
BLZ,Belize,2020,16.324996948242188,-89.0250015258789,0.0,0.0
BLZ,Belize,2020,16.324996948242188,-88.97500610351562,18.61962467481416,5.368776641981736e-05
BLZ,Belize,2020,16.324996948242188,-88.92500305175781,52.628059260714394,0.00015174757827097506
BLZ,Belize,2020,16.324996948242188,-88.87500762939453,100.94975650312016,0.00029107820602893264
BLZ,Belize,2020,16.324996948242188,-88.82500457763672,665.4611407519595,0.001918788531461792
BLZ,Belize,2020,16.324996948242188,-88.7750015258789,80.65678358094956,0.00023256551260805692
BLZ,Belize,2020,16.324996948242188,-88.72500610351562,0.0,0.0
BLZ,Belize,2020,16.324996948242188,-88.67500305175781,2.407993212394776,6.943199950879069e-06
BLZ,Belize,2020,16.324996948242188,-88.62500762939453,28.25829799474808,8.147988633819068e-05
BLZ,Belize,2020,16.324996948242188,-88.57500457763672,0.09298866987228394,2.681232342210204e-07
BLZ,Belize,2020,16.324996948242188,-88.5250015258789,1.6344478130340576,4.7127616127648725e-06
BLZ,Belize,2020,16.375,-89.17500305175781,0.0,0.0
BLZ,Belize,2020,16.375,-89.12500762939453,0.0,0.0
BLZ,Belize,2020,16.375,-89.07500457763672,0.0,0.0
BLZ,Belize,2020,16.375,-89.0250015258789,0.0,0.0
BLZ,Belize,2020,16.375,-88.97500610351562,1.7634406089782715,5.084699029304728e-06
BLZ,Belize,2020,16.375,-88.92500305175781,1.0202529430389404,2.941794082943971e-06
BLZ,Belize,2020,16.375,-88.87500762939453,0.0,0.0
BLZ,Belize,2020,16.375,-88.82500457763672,103.84800523521186,0.0002994350071821559
BLZ,Belize,2020,16.375,-88.7750015258789,175.72259253264966,0.0005066779630278341
BLZ,Belize,2020,16.375,-88.72500610351562,0.87190181016922,2.5140388994359913e-06
BLZ,Belize,2020,16.375,-88.67500305175781,1.4342910647392273,4.135630282919188e-06
BLZ,Belize,2020,16.375,-88.62500762939453,1.4125452637672424,4.072928509731732e-06
BLZ,Belize,2020,16.375,-88.57500457763672,0.0,0.0
BLZ,Belize,2020,16.375,-88.5250015258789,43.81696790474353,0.00012634170554879802
BLZ,Belize,2020,16.375,-88.47500610351562,106.01009061982435,0.00030566915728646966
BLZ,Belize,2020,16.42499542236328,-89.17500305175781,0.4157371148467064,1.1987350713964662e-06
BLZ,Belize,2020,16.42499542236328,-89.12500762939453,0.0,0.0
BLZ,Belize,2020,16.42499542236328,-89.07500457763672,0.0,0.0
BLZ,Belize,2020,16.42499542236328,-89.0250015258789,0.0,0.0
BLZ,Belize,2020,16.42499542236328,-88.97500610351562,0.0,0.0
BLZ,Belize,2020,16.42499542236328,-88.92500305175781,0.0,0.0
BLZ,Belize,2020,16.42499542236328,-88.87500762939453,0.0,0.0
BLZ,Belize,2020,16.42499542236328,-88.82500457763672,0.9684922695159912,2.7925475219436615e-06
BLZ,Belize,2020,16.42499542236328,-88.7750015258789,27.732563793676917,7.996398601909364e-05
BLZ,Belize,2020,16.42499542236328,-88.72500610351562,115.48098760843838,0.00033297751146605986
BLZ,Belize,2020,16.42499542236328,-88.67500305175781,0.8379104137420654,2.416028215357436e-06
BLZ,Belize,2020,16.42499542236328,-88.62500762939453,12.842446804062442,3.702987016747243e-05
BLZ,Belize,2020,16.42499542236328,-88.57500457763672,28.256007671389867,8.147328242712216e-05
BLZ,Belize,2020,16.42499542236328,-88.5250015258789,317.165243878639,0.0009145132529375612
BLZ,Belize,2020,16.42499542236328,-88.47500610351562,178.826154891464,0.0005156267648377195
BLZ,Belize,2020,16.474998474121094,-89.17500305175781,9.430862665176392,2.71929193390371e-05
BLZ,Belize,2020,16.474998474121094,-89.12500762939453,0.0,0.0
BLZ,Belize,2020,16.474998474121094,-89.07500457763672,0.0,0.0
BLZ,Belize,2020,16.474998474121094,-89.0250015258789,0.0,0.0
BLZ,Belize,2020,16.474998474121094,-88.97500610351562,0.0,0.0
BLZ,Belize,2020,16.474998474121094,-88.92500305175781,0.6402351260185242,1.8460519210110194e-06
BLZ,Belize,2020,16.474998474121094,-88.87500762939453,0.3207716643810272,9.249119943152948e-07
BLZ,Belize,2020,16.474998474121094,-88.82500457763672,0.0,0.0
BLZ,Belize,2020,16.474998474121094,-88.7750015258789,0.7841479778289795,2.2610097790639036e-06
BLZ,Belize,2020,16.474998474121094,-88.72500610351562,12.005434334278107,3.461643108085967e-05
BLZ,Belize,2020,16.474998474121094,-88.67500305175781,85.58045762777328,0.00024676241865583296
BLZ,Belize,2020,16.474998474121094,-88.62500762939453,513.4930227252394,0.0014806041444846564
BLZ,Belize,2020,16.474998474121094,-88.57500457763672,25.163028717041016,7.255499677192812e-05
BLZ,Belize,2020,16.474998474121094,-88.5250015258789,382.08924955129623,0.0011017149238878544
BLZ,Belize,2020,16.474998474121094,-88.47500610351562,80.34073513749587,0.00023165421953390378
BLZ,Belize,2020,16.474998474121094,-88.42500305175781,191.88463360492386,0.0005532795407239438
BLZ,Belize,2020,16.524993896484375,-89.17500305175781,0.0,0.0
BLZ,Belize,2020,16.524993896484375,-89.12500762939453,2.674100875854492,7.7104939392307e-06
BLZ,Belize,2020,16.524993896484375,-89.07500457763672,0.0,0.0
BLZ,Belize,2020,16.524993896484375,-89.0250015258789,0.0,0.0
BLZ,Belize,2020,16.524993896484375,-88.97500610351562,0.0,0.0
BLZ,Belize,2020,16.524993896484375,-88.92500305175781,0.0,0.0
BLZ,Belize,2020,16.524993896484375,-88.87500762939453,0.4009650945663452,1.1561414752197619e-06
BLZ,Belize,2020,16.524993896484375,-88.82500457763672,5.724395945707197,1.6505705017963523e-05
BLZ,Belize,2020,16.524993896484375,-88.7750015258789,0.0,0.0
BLZ,Belize,2020,16.524993896484375,-88.72500610351562,10.180115059018135,2.9353311302494655e-05
BLZ,Belize,2020,16.524993896484375,-88.67500305175781,104.7849394382905,0.000302136560275955
BLZ,Belize,2020,16.524993896484375,-88.62500762939453,731.1338079869747,0.002108148890773926
BLZ,Belize,2020,16.524993896484375,-88.57500457763672,437.22492963101496,0.00126069296803295
BLZ,Belize,2020,16.524993896484375,-88.5250015258789,3220.8383117318153,0.009286954918600284
BLZ,Belize,2020,16.524993896484375,-88.47500610351562,228.22316232323647,0.0006580579385671358
BLZ,Belize,2020,16.524993896484375,-88.42500305175781,5890.411842290312,0.016984394724839678
BLZ,Belize,2020,16.524993896484375,-88.37500762939453,1667.6539471820333,0.004808508074091405
BLZ,Belize,2020,16.574996948242188,-89.17500305175781,0.0,0.0
BLZ,Belize,2020,16.574996948242188,-89.12500762939453,0.0,0.0
BLZ,Belize,2020,16.574996948242188,-89.07500457763672,0.0,0.0
BLZ,Belize,2020,16.574996948242188,-89.0250015258789,0.0,0.0
BLZ,Belize,2020,16.574996948242188,-88.97500610351562,0.0,0.0
BLZ,Belize,2020,16.574996948242188,-88.92500305175781,0.0,0.0
BLZ,Belize,2020,16.574996948242188,-88.87500762939453,0.0,0.0
BLZ,Belize,2020,16.574996948242188,-88.82500457763672,0.10346332192515059,2.983258125524646e-07
BLZ,Belize,2020,16.574996948242188,-88.7750015258789,0.0,0.0
BLZ,Belize,2020,16.574996948242188,-88.72500610351562,16.283721446990967,4.695243050059746e-05
BLZ,Belize,2020,16.574996948242188,-88.67500305175781,21.724809050559998,6.264124514815122e-05
BLZ,Belize,2020,16.574996948242188,-88.62500762939453,17.52880144122753,5.054249018611726e-05
BLZ,Belize,2020,16.574996948242188,-88.57500457763672,381.73289591175217,0.0011006874149398049
BLZ,Belize,2020,16.574996948242188,-88.5250015258789,1635.6650955602527,0.0047162715213196725
BLZ,Belize,2020,16.574996948242188,-88.47500610351562,2.598516643056211,7.492554603375871e-06
BLZ,Belize,2020,16.574996948242188,-88.42500305175781,463.7511759997605,0.0013371786622352663
BLZ,Belize,2020,16.574996948242188,-88.37500762939453,1425.8498430856064,0.004111290891317459
BLZ,Belize,2020,16.625,-89.17500305175781,0.0,0.0
BLZ,Belize,2020,16.625,-89.12500762939453,0.0,0.0
BLZ,Belize,2020,16.625,-89.07500457763672,0.0,0.0
BLZ,Belize,2020,16.625,-89.0250015258789,0.0,0.0
BLZ,Belize,2020,16.625,-88.97500610351562,0.5576371550559998,1.6078891948962876e-06
BLZ,Belize,2020,16.625,-88.92500305175781,0.0,0.0
BLZ,Belize,2020,16.625,-88.87500762939453,0.0,0.0
BLZ,Belize,2020,16.625,-88.82500457763672,0.0,0.0
BLZ,Belize,2020,16.625,-88.7750015258789,1.447138249874115,4.172673815574654e-06
BLZ,Belize,2020,16.625,-88.72500610351562,1.2362340688705444,3.5645533725241232e-06
BLZ,Belize,2020,16.625,-88.67500305175781,0.0,0.0
BLZ,Belize,2020,16.625,-88.62500762939453,13.60087813438532,3.9216728647113205e-05
BLZ,Belize,2020,16.625,-88.57500457763672,1034.2887260915768,0.0029822648150457016
BLZ,Belize,2020,16.625,-88.5250015258789,261.0834168941074,0.0007528070918238602
BLZ,Belize,2020,16.625,-88.47500610351562,340.3511988525174,0.0009813675615822338
BLZ,Belize,2020,16.625,-88.42500305175781,25.386752084060568,7.320008001506394e-05
BLZ,Belize,2020,16.625,-88.37500762939453,811.9137703478336,0.0023410695766832254
BLZ,Belize,2020,16.67499542236328,-89.12500762939453,0.0,0.0
BLZ,Belize,2020,16.67499542236328,-89.07500457763672,0.480320006608963,1.3849531755851312e-06
BLZ,Belize,2020,16.67499542236328,-89.0250015258789,0.5924680829048157,1.7083205811992666e-06
BLZ,Belize,2020,16.67499542236328,-88.97500610351562,10.970722794644114,3.163294712659388e-05
BLZ,Belize,2020,16.67499542236328,-88.92500305175781,0.0,0.0
BLZ,Belize,2020,16.67499542236328,-88.87500762939453,0.0,0.0
BLZ,Belize,2020,16.67499542236328,-88.82500457763672,0.0,0.0
BLZ,Belize,2020,16.67499542236328,-88.7750015258789,0.7029591202735901,2.0269100860544324e-06
BLZ,Belize,2020,16.67499542236328,-88.72500610351562,0.0,0.0
BLZ,Belize,2020,16.67499542236328,-88.67500305175781,0.0,0.0
BLZ,Belize,2020,16.67499542236328,-88.62500762939453,0.0,0.0
BLZ,Belize,2020,16.67499542236328,-88.57500457763672,197.5335777401924,0.000569567688232262
BLZ,Belize,2020,16.67499542236328,-88.5250015258789,848.6824385525414,0.0024470882373500156
BLZ,Belize,2020,16.67499542236328,-88.47500610351562,1110.686600611387,0.0032025502028461415
BLZ,Belize,2020,16.67499542236328,-88.42500305175781,892.5089806318546,0.0025734575490432413
BLZ,Belize,2020,16.67499542236328,-88.37500762939453,456.00137412548065,0.00131483290822074
BLZ,Belize,2020,16.67499542236328,-88.32500457763672,416.2493035199706,0.001200211914583874
BLZ,Belize,2020,16.724998474121094,-89.12500762939453,1.2198270559310913,3.517245443727268e-06
BLZ,Belize,2020,16.724998474121094,-89.07500457763672,0.0,0.0
BLZ,Belize,2020,16.724998474121094,-89.0250015258789,0.6790226101875305,1.9578916291923963e-06
BLZ,Belize,2020,16.724998474121094,-88.97500610351562,31.188857674692485,8.992985277543092e-05
BLZ,Belize,2020,16.724998474121094,-88.92500305175781,0.0,0.0
BLZ,Belize,2020,16.724998474121094,-88.87500762939453,0.0,0.0
BLZ,Belize,2020,16.724998474121094,-88.82500457763672,0.0,0.0
BLZ,Belize,2020,16.724998474121094,-88.7750015258789,0.0,0.0
BLZ,Belize,2020,16.724998474121094,-88.72500610351562,0.0,0.0
BLZ,Belize,2020,16.724998474121094,-88.67500305175781,0.0,0.0
BLZ,Belize,2020,16.724998474121094,-88.62500762939453,0.0,0.0
BLZ,Belize,2020,16.724998474121094,-88.57500457763672,0.0,0.0
BLZ,Belize,2020,16.724998474121094,-88.5250015258789,0.9408479928970337,2.7128381028826554e-06
BLZ,Belize,2020,16.724998474121094,-88.47500610351562,16.380378900748912,4.72311322945767e-05
BLZ,Belize,2020,16.724998474121094,-88.42500305175781,1063.7525630001567,0.0030672207484442474
BLZ,Belize,2020,16.724998474121094,-88.37500762939453,239.45413932980637,0.0006904413018585917
BLZ,Belize,2020,16.724998474121094,-88.32500457763672,318.5053488016498,0.0009183773071997275
BLZ,Belize,2020,16.774993896484375,-89.12500762939453,66.88722378015518,0.00019286240778185106
BLZ,Belize,2020,16.774993896484375,-89.07500457763672,10.156861066818237,2.9286260815529412e-05
BLZ,Belize,2020,16.774993896484375,-89.0250015258789,12.102997720241547,3.489774503687172e-05
BLZ,Belize,2020,16.774993896484375,-88.97500610351562,0.0,0.0
BLZ,Belize,2020,16.774993896484375,-88.92500305175781,0.0,0.0
BLZ,Belize,2020,16.774993896484375,-88.87500762939453,0.0,0.0
BLZ,Belize,2020,16.774993896484375,-88.82500457763672,0.0,0.0
BLZ,Belize,2020,16.774993896484375,-88.7750015258789,0.0,0.0
BLZ,Belize,2020,16.774993896484375,-88.72500610351562,0.0,0.0
BLZ,Belize,2020,16.774993896484375,-88.67500305175781,0.0,0.0
BLZ,Belize,2020,16.774993896484375,-88.62500762939453,0.0,0.0
BLZ,Belize,2020,16.774993896484375,-88.57500457763672,0.0,0.0
BLZ,Belize,2020,16.774993896484375,-88.5250015258789,0.0,0.0
BLZ,Belize,2020,16.774993896484375,-88.47500610351562,36.09327757358551,0.00010407124147445426
BLZ,Belize,2020,16.774993896484375,-88.42500305175781,31.119085992802866,8.972867333033316e-05
BLZ,Belize,2020,16.774993896484375,-88.37500762939453,549.4729941487312,0.0015843486793672005
BLZ,Belize,2020,16.774993896484375,-88.32500457763672,216.50937809050083,0.000624282450459155
BLZ,Belize,2020,16.824996948242188,-89.12500762939453,0.7439443469047546,2.145086757843828e-06
BLZ,Belize,2020,16.824996948242188,-89.07500457763672,16.70401018857956,4.816428971802889e-05
BLZ,Belize,2020,16.824996948242188,-89.0250015258789,19.995468020439148,5.765486873579955e-05
BLZ,Belize,2020,16.824996948242188,-88.97500610351562,0.0,0.0
BLZ,Belize,2020,16.824996948242188,-88.92500305175781,0.0,0.0
BLZ,Belize,2020,16.824996948242188,-88.87500762939453,0.0,0.0
BLZ,Belize,2020,16.824996948242188,-88.82500457763672,0.0,0.0
BLZ,Belize,2020,16.824996948242188,-88.7750015258789,0.0,0.0
BLZ,Belize,2020,16.824996948242188,-88.72500610351562,0.0,0.0
BLZ,Belize,2020,16.824996948242188,-88.67500305175781,0.0,0.0
BLZ,Belize,2020,16.824996948242188,-88.62500762939453,0.0,0.0
BLZ,Belize,2020,16.824996948242188,-88.57500457763672,0.0,0.0
BLZ,Belize,2020,16.824996948242188,-88.5250015258789,0.0,0.0
BLZ,Belize,2020,16.824996948242188,-88.47500610351562,4.1360626035213954e-10,1.1925909723409323e-15
BLZ,Belize,2020,16.824996948242188,-88.42500305175781,16.51412057876587,4.761676262254358e-05
BLZ,Belize,2020,16.824996948242188,-88.37500762939453,455.7117677927163,0.0013139978582442395
BLZ,Belize,2020,16.824996948242188,-88.32500457763672,1125.9012367726568,0.0032464200362426047
BLZ,Belize,2020,16.875,-89.12500762939453,0.0,0.0
BLZ,Belize,2020,16.875,-89.07500457763672,0.0,0.0
BLZ,Belize,2020,16.875,-89.0250015258789,51.6518681216985,0.00014893283185326276
BLZ,Belize,2020,16.875,-88.97500610351562,0.0,0.0
BLZ,Belize,2020,16.875,-88.92500305175781,0.0,0.0
BLZ,Belize,2020,16.875,-88.87500762939453,0.0,0.0
BLZ,Belize,2020,16.875,-88.82500457763672,0.0,0.0
BLZ,Belize,2020,16.875,-88.7750015258789,0.0,0.0
BLZ,Belize,2020,16.875,-88.72500610351562,0.0,0.0
BLZ,Belize,2020,16.875,-88.67500305175781,0.0,0.0
BLZ,Belize,2020,16.875,-88.62500762939453,0.0,0.0
BLZ,Belize,2020,16.875,-88.57500457763672,1.381041377796286,3.982090305371302e-06
BLZ,Belize,2020,16.875,-88.5250015258789,0.0,0.0
BLZ,Belize,2020,16.875,-88.47500610351562,0.0,0.0
BLZ,Belize,2020,16.875,-88.42500305175781,6.404271364212036,1.8466055631938918e-05
BLZ,Belize,2020,16.875,-88.37500762939453,303.13244000231623,0.0008740511109833146
BLZ,Belize,2020,16.875,-88.32500457763672,1741.490556165576,0.005021408317011011
BLZ,Belize,2020,16.92499542236328,-89.12500762939453,2.1023343205451965,6.061864076694794e-06
BLZ,Belize,2020,16.92499542236328,-89.07500457763672,51.298753142363765,0.00014791466124773465
BLZ,Belize,2020,16.92499542236328,-89.0250015258789,15.171510964661282,4.374548634206358e-05
BLZ,Belize,2020,16.92499542236328,-88.97500610351562,3.0432074666023254,8.774774706119069e-06
BLZ,Belize,2020,16.92499542236328,-88.92500305175781,3.123159825807024,9.005309083726659e-06
BLZ,Belize,2020,16.92499542236328,-88.87500762939453,0.7459350825577244,2.150826838678261e-06
BLZ,Belize,2020,16.92499542236328,-88.82500457763672,2.162559062242508,6.235515904881893e-06
BLZ,Belize,2020,16.92499542236328,-88.7750015258789,0.0,0.0
BLZ,Belize,2020,16.92499542236328,-88.72500610351562,0.0,0.0
BLZ,Belize,2020,16.92499542236328,-88.67500305175781,0.0,0.0
BLZ,Belize,2020,16.92499542236328,-88.62500762939453,0.4005143642425537,1.1548418408412677e-06
BLZ,Belize,2020,16.92499542236328,-88.57500457763672,0.0,0.0
BLZ,Belize,2020,16.92499542236328,-88.5250015258789,0.5198690593898325,1.498988788273739e-06
BLZ,Belize,2020,16.92499542236328,-88.47500610351562,0.0,0.0
BLZ,Belize,2020,16.92499542236328,-88.42500305175781,0.0,0.0
BLZ,Belize,2020,16.92499542236328,-88.37500762939453,97.85331428112343,0.0002821499343988451
BLZ,Belize,2020,16.92499542236328,-88.32500457763672,294.36693705620405,0.0008487766877367682
BLZ,Belize,2020,16.92499542236328,-88.2750015258789,22.74096535535334,6.557122699743971e-05
BLZ,Belize,2020,16.974998474121094,-89.12500762939453,13.673341155185199,3.9425668290243636e-05
BLZ,Belize,2020,16.974998474121094,-89.07500457763672,83.21155112984752,0.00023993192121282822
BLZ,Belize,2020,16.974998474121094,-89.0250015258789,82.82896739244461,0.00023882878048424566
BLZ,Belize,2020,16.974998474121094,-88.97500610351562,122.55252500035265,0.0003533675598347382
BLZ,Belize,2020,16.974998474121094,-88.92500305175781,18.89027321339881,5.446815355302592e-05
BLZ,Belize,2020,16.974998474121094,-88.87500762939453,2.928830743426319,8.444981227196604e-06
BLZ,Belize,2020,16.974998474121094,-88.82500457763672,39.67816698551178,0.00011440790017460042
BLZ,Belize,2020,16.974998474121094,-88.7750015258789,16.364420413970947,4.718511764468378e-05
BLZ,Belize,2020,16.974998474121094,-88.72500610351562,1.907311499118805,5.499535895212352e-06
BLZ,Belize,2020,16.974998474121094,-88.67500305175781,0.4203973114566979,1.2121722674429621e-06
BLZ,Belize,2020,16.974998474121094,-88.62500762939453,0.0,0.0
BLZ,Belize,2020,16.974998474121094,-88.57500457763672,0.0,0.0
BLZ,Belize,2020,16.974998474121094,-88.5250015258789,12.588484764100206,3.6297596831187846e-05
BLZ,Belize,2020,16.974998474121094,-88.47500610351562,25.126130283269077,7.244860394563853e-05
BLZ,Belize,2020,16.974998474121094,-88.42500305175781,645.8000310959612,0.0018620977505679399
BLZ,Belize,2020,16.974998474121094,-88.37500762939453,1159.0840670467915,0.0033420993032536065
BLZ,Belize,2020,16.974998474121094,-88.32500457763672,1722.157153607367,0.004965662445718051
BLZ,Belize,2020,16.974998474121094,-88.2750015258789,1322.3275740743143,0.0038127951109247636
BLZ,Belize,2020,17.024993896484375,-89.12500762939453,368.8232185021302,0.001063463692258623
BLZ,Belize,2020,17.024993896484375,-89.07500457763672,235.34235608615583,0.0006785853991640207
BLZ,Belize,2020,17.024993896484375,-89.0250015258789,2.2296483516693115,6.428960948105016e-06
BLZ,Belize,2020,17.024993896484375,-88.97500610351562,239.96392807384598,0.0006919112250977251
BLZ,Belize,2020,17.024993896484375,-88.92500305175781,68.23292875289917,0.00019674260920956257
BLZ,Belize,2020,17.024993896484375,-88.87500762939453,24.586612835546397,7.089296105709355e-05
BLZ,Belize,2020,17.024993896484375,-88.82500457763672,42.914610385894775,0.00012373985075606164
BLZ,Belize,2020,17.024993896484375,-88.7750015258789,36.76135611535251,0.00010599757701165739
BLZ,Belize,2020,17.024993896484375,-88.72500610351562,0.0709410235285759,2.045511210511532e-07
BLZ,Belize,2020,17.024993896484375,-88.67500305175781,0.5230531692504883,1.508169840493613e-06
BLZ,Belize,2020,17.024993896484375,-88.62500762939453,0.0,0.0
BLZ,Belize,2020,17.024993896484375,-88.57500457763672,38.040425419807434,0.00010968564136588796
BLZ,Belize,2020,17.024993896484375,-88.5250015258789,542.3635770084577,0.0015638494086528802
BLZ,Belize,2020,17.024993896484375,-88.47500610351562,573.0847838178902,0.001652430838414497
BLZ,Belize,2020,17.024993896484375,-88.42500305175781,453.30615043642797,0.0013070615088292825
BLZ,Belize,2020,17.024993896484375,-88.37500762939453,227.29289990663528,0.0006553756228811931
BLZ,Belize,2020,17.024993896484375,-88.32500457763672,1423.3593439315005,0.004104109793997316
BLZ,Belize,2020,17.024993896484375,-88.2750015258789,59.21755945310356,0.00017074772211548905
BLZ,Belize,2020,17.074996948242188,-89.12500762939453,6449.773254394635,0.018597255637011412
BLZ,Belize,2020,17.074996948242188,-89.07500457763672,274.59561046505655,0.0007917681076835269
BLZ,Belize,2020,17.074996948242188,-89.0250015258789,1171.4832422138895,0.0033778510453964005
BLZ,Belize,2020,17.074996948242188,-88.97500610351562,381.7197598219278,0.0011006495383802891
BLZ,Belize,2020,17.074996948242188,-88.92500305175781,72.67585363984108,0.00020955332466257484
BLZ,Belize,2020,17.074996948242188,-88.87500762939453,17.6729310756703,5.0958073114520964e-05
BLZ,Belize,2020,17.074996948242188,-88.82500457763672,7.854847431182861,2.2648642038368956e-05
BLZ,Belize,2020,17.074996948242188,-88.7750015258789,2.8953820468147926,8.348535362036065e-06
BLZ,Belize,2020,17.074996948242188,-88.72500610351562,0.5574622824927866,1.6073849679050895e-06
BLZ,Belize,2020,17.074996948242188,-88.67500305175781,105.00313830375671,0.0003027657141889265
BLZ,Belize,2020,17.074996948242188,-88.62500762939453,651.25878489079,0.0018778375038550443
BLZ,Belize,2020,17.074996948242188,-88.57500457763672,262.5697163344767,0.0007570926828912456
BLZ,Belize,2020,17.074996948242188,-88.5250015258789,68.05505728721619,0.0001962297351925446
BLZ,Belize,2020,17.074996948242188,-88.47500610351562,0.0,0.0
BLZ,Belize,2020,17.074996948242188,-88.42500305175781,3.0605808794498444,8.824869149329535e-06
BLZ,Belize,2020,17.074996948242188,-88.37500762939453,77.95276522636414,0.0002247687547060435
BLZ,Belize,2020,17.074996948242188,-88.32500457763672,445.9893921912309,0.0012859643914341203
BLZ,Belize,2020,17.074996948242188,-88.2750015258789,184.45140669494867,0.0005318465979521136
BLZ,Belize,2020,17.125,-89.12500762939453,811.2640298008919,0.002339196116861832
BLZ,Belize,2020,17.125,-89.07500457763672,4262.358949184418,0.012290072203805858
BLZ,Belize,2020,17.125,-89.0250015258789,335.7281030118679,0.0009680373417757652
BLZ,Belize,2020,17.125,-88.97500610351562,445.18060874938965,0.001283632347836672
BLZ,Belize,2020,17.125,-88.92500305175781,499.7883747816129,0.001441088206300441
BLZ,Belize,2020,17.125,-88.87500762939453,17.210166931152344,4.9623740455713246e-05
BLZ,Belize,2020,17.125,-88.82500457763672,173.77213628590107,0.0005010540237048704
BLZ,Belize,2020,17.125,-88.7750015258789,180.68844169390374,0.0005209964766660859
BLZ,Belize,2020,17.125,-88.72500610351562,77.03786239027977,0.00022213072678558992
BLZ,Belize,2020,17.125,-88.67500305175781,207.01812072098255,0.0005969153892221834
BLZ,Belize,2020,17.125,-88.62500762939453,199.13484466129137,0.0005741847761670164
BLZ,Belize,2020,17.125,-88.57500457763672,312.54065284134623,0.0009011787218858588
BLZ,Belize,2020,17.125,-88.5250015258789,68.84624493122101,0.00019851104312261438
BLZ,Belize,2020,17.125,-88.47500610351562,0.0,0.0
BLZ,Belize,2020,17.125,-88.42500305175781,0.0,0.0
BLZ,Belize,2020,17.125,-88.37500762939453,77.05072176456451,0.00022216780546440123
BLZ,Belize,2020,17.125,-88.32500457763672,299.33766979728637,0.0008631092826735257
BLZ,Belize,2020,17.17499542236328,-89.12500762939453,2125.714992128387,0.006129279830589916
BLZ,Belize,2020,17.17499542236328,-89.07500457763672,12895.31288599968,0.037182304059569966
BLZ,Belize,2020,17.17499542236328,-89.0250015258789,2629.440342530608,0.007581719899842011
BLZ,Belize,2020,17.17499542236328,-88.97500610351562,1239.6891196370125,0.003574515654887938
BLZ,Belize,2020,17.17499542236328,-88.92500305175781,696.8877960443497,0.002009404049129889
BLZ,Belize,2020,17.17499542236328,-88.87500762939453,338.43572968250976,0.0009758445038847908
BLZ,Belize,2020,17.17499542236328,-88.82500457763672,313.4545165524982,0.0009038137535967955
BLZ,Belize,2020,17.17499542236328,-88.7750015258789,798.6438013317265,0.0023028069903326723
BLZ,Belize,2020,17.17499542236328,-88.72500610351562,705.224654674541,0.0020334425207226155
BLZ,Belize,2020,17.17499542236328,-88.67500305175781,89.1108051091582,0.0002569418113273598
BLZ,Belize,2020,17.17499542236328,-88.62500762939453,35.937731981277466,0.00010362274180954091
BLZ,Belize,2020,17.17499542236328,-88.57500457763672,15.009643867611885,4.327875927053475e-05
BLZ,Belize,2020,17.17499542236328,-88.5250015258789,323.47891235367956,0.0009327180644877449
BLZ,Belize,2020,17.17499542236328,-88.47500610351562,1.1297476291656494,3.257510711804571e-06
BLZ,Belize,2020,17.17499542236328,-88.42500305175781,18.296253979674113,5.275536038849836e-05
BLZ,Belize,2020,17.17499542236328,-88.37500762939453,78.89533311128616,0.00022748655194010725
BLZ,Belize,2020,17.17499542236328,-88.32500457763672,522.065172508359,0.0015053210538375247
BLZ,Belize,2020,17.224998474121094,-89.12500762939453,103.10180957615549,0.00029728342899803227
BLZ,Belize,2020,17.224998474121094,-89.07500457763672,359.74277172999484,0.0010372811609883005
BLZ,Belize,2020,17.224998474121094,-89.0250015258789,2481.3896166682284,0.007154830908941167
BLZ,Belize,2020,17.224998474121094,-88.97500610351562,1827.6397869586945,0.0052698107343983015
BLZ,Belize,2020,17.224998474121094,-88.92500305175781,2420.024837255502,0.006977891899640382
BLZ,Belize,2020,17.224998474121094,-88.87500762939453,1717.4514123203473,0.004952093926295028
BLZ,Belize,2020,17.224998474121094,-88.82500457763672,1681.5298105478287,0.004848517694277992
BLZ,Belize,2020,17.224998474121094,-88.7750015258789,9171.205367565202,0.02644422431500651
BLZ,Belize,2020,17.224998474121094,-88.72500610351562,645.2052520071729,0.0018603827664397446
BLZ,Belize,2020,17.224998474121094,-88.67500305175781,117.56873052568504,0.00033899730273700745
BLZ,Belize,2020,17.224998474121094,-88.62500762939453,230.7349594533892,0.0006653004464035056
BLZ,Belize,2020,17.224998474121094,-88.57500457763672,94.98972411453724,0.0002738930676428937
BLZ,Belize,2020,17.224998474121094,-88.5250015258789,0.0,0.0
BLZ,Belize,2020,17.224998474121094,-88.47500610351562,0.0,0.0
BLZ,Belize,2020,17.224998474121094,-88.42500305175781,31.37047691661127,9.045353311849763e-05
BLZ,Belize,2020,17.224998474121094,-88.37500762939453,22.514909029006958,6.491941690681942e-05
BLZ,Belize,2020,17.224998474121094,-88.32500457763672,26.36205586793924,7.601226783580286e-05
BLZ,Belize,2020,17.274993896484375,-89.12500762939453,44.608486235635795,0.00012862396698038467
BLZ,Belize,2020,17.274993896484375,-89.07500457763672,409.27555484324694,0.0011801038298847827
BLZ,Belize,2020,17.274993896484375,-89.0250015258789,3366.2652891874313,0.009706278601710729
BLZ,Belize,2020,17.274993896484375,-88.97500610351562,1977.9326502680906,0.005703164697264953
BLZ,Belize,2020,17.274993896484375,-88.92500305175781,527.5230175256945,0.001521058186758503
BLZ,Belize,2020,17.274993896484375,-88.87500762939453,232.41698199559738,0.0006701503848386821
BLZ,Belize,2020,17.274993896484375,-88.82500457763672,1951.2606021168392,0.0056262585986678396
BLZ,Belize,2020,17.274993896484375,-88.7750015258789,9532.028022766483,0.027484619208552774
BLZ,Belize,2020,17.274993896484375,-88.72500610351562,1630.746615767697,0.004702089592368092
BLZ,Belize,2020,17.274993896484375,-88.67500305175781,837.7995765358804,0.0024157086277105198
BLZ,Belize,2020,17.274993896484375,-88.62500762939453,1158.4723691495215,0.0033403355354869797
BLZ,Belize,2020,17.274993896484375,-88.57500457763672,125.01241282377555,0.00036046039254159293
BLZ,Belize,2020,17.274993896484375,-88.5250015258789,18.859782934188843,5.4380237979168304e-05
BLZ,Belize,2020,17.274993896484375,-88.47500610351562,30.172952726483345,8.700059568691588e-05
BLZ,Belize,2020,17.274993896484375,-88.42500305175781,24.20200288295746,6.978397794610407e-05
BLZ,Belize,2020,17.274993896484375,-88.37500762939453,40.65829652547836,0.00011723400256505659
BLZ,Belize,2020,17.274993896484375,-88.32500457763672,383.24538325023605,0.0011050485161091155
BLZ,Belize,2020,17.274993896484375,-88.2750015258789,0.0,0.0
BLZ,Belize,2020,17.324996948242188,-89.12500762939453,94.37611582130194,0.0002721237914466318
BLZ,Belize,2020,17.324996948242188,-89.07500457763672,426.94995927831127,0.0012310661512790826
BLZ,Belize,2020,17.324996948242188,-89.0250015258789,1361.7850203516045,0.003926566585713033
BLZ,Belize,2020,17.324996948242188,-88.97500610351562,228.89841026067828,0.0006600049463169684
BLZ,Belize,2020,17.324996948242188,-88.92500305175781,204.37641793489456,0.000589298311831686
BLZ,Belize,2020,17.324996948242188,-88.87500762939453,295.4918494224673,0.0008520202564669369
BLZ,Belize,2020,17.324996948242188,-88.82500457763672,1826.2119258344342,0.005265693644185258
BLZ,Belize,2020,17.324996948242188,-88.7750015258789,158.37191973627722,0.0004566490884083397
BLZ,Belize,2020,17.324996948242188,-88.72500610351562,385.8280150294304,0.00111249526834668
BLZ,Belize,2020,17.324996948242188,-88.67500305175781,125.66436076176232,0.0003623402171472876
BLZ,Belize,2020,17.324996948242188,-88.62500762939453,0.13543695211410522,3.905184758933195e-07
BLZ,Belize,2020,17.324996948242188,-88.57500457763672,1220.4281855374575,0.003518978738917599
BLZ,Belize,2020,17.324996948242188,-88.5250015258789,436.8897751571454,0.001259726584691614
BLZ,Belize,2020,17.324996948242188,-88.47500610351562,85.16204395912831,0.0002455559660177486
BLZ,Belize,2020,17.324996948242188,-88.42500305175781,0.0,0.0
BLZ,Belize,2020,17.324996948242188,-88.37500762939453,35.916494369506836,0.0001035615053474763
BLZ,Belize,2020,17.324996948242188,-88.32500457763672,65.29988867054946,0.00018828549078793547
BLZ,Belize,2020,17.324996948242188,-88.2750015258789,0.0,0.0
BLZ,Belize,2020,17.375,-89.12500762939453,50.46907586605559,0.0001455223724346032
BLZ,Belize,2020,17.375,-89.07500457763672,117.08259031930183,0.0003375955676159506
BLZ,Belize,2020,17.375,-89.0250015258789,389.63318672785215,0.0011234670882893504
BLZ,Belize,2020,17.375,-88.97500610351562,177.99533629455163,0.0005132311851443969
BLZ,Belize,2020,17.375,-88.92500305175781,474.0768655837574,0.0013669517226589292
BLZ,Belize,2020,17.375,-88.87500762939453,34.17561185366001,9.854185025198167e-05
BLZ,Belize,2020,17.375,-88.82500457763672,121.63826950675205,0.00035073139845953833
BLZ,Belize,2020,17.375,-88.7750015258789,221.06755842268467,0.0006374254930954929
BLZ,Belize,2020,17.375,-88.72500610351562,21.8393052816391,6.297138321578043e-05
BLZ,Belize,2020,17.375,-88.67500305175781,106.73767577146198,0.0003077670739928406
BLZ,Belize,2020,17.375,-88.62500762939453,9.778735756874084,2.8195975502466013e-05
BLZ,Belize,2020,17.375,-88.57500457763672,88.26212537289825,0.00025449473088179163
BLZ,Belize,2020,17.375,-88.5250015258789,440.2855642440314,0.001269517992117474
BLZ,Belize,2020,17.375,-88.47500610351562,212.83655601753162,0.0006136922470045255
BLZ,Belize,2020,17.375,-88.42500305175781,254.20379353500903,0.0007329704077654969
BLZ,Belize,2020,17.375,-88.37500762939453,25.087519824586952,7.233727467218159e-05
BLZ,Belize,2020,17.375,-88.32500457763672,0.0,0.0
BLZ,Belize,2020,17.375,-88.2750015258789,0.0,0.0
BLZ,Belize,2020,17.42499542236328,-89.12500762939453,7.951987592708099e-13,2.2928735670385323e-18
BLZ,Belize,2020,17.42499542236328,-89.07500457763672,1.3530713875720135e-11,3.901441724739249e-17
BLZ,Belize,2020,17.42499542236328,-89.0250015258789,10.311007231473923,2.9730725375211934e-05
BLZ,Belize,2020,17.42499542236328,-88.97500610351562,5.164021492011113,1.4889923104896126e-05
BLZ,Belize,2020,17.42499542236328,-88.92500305175781,17.007242575289276,4.903862901502965e-05
BLZ,Belize,2020,17.42499542236328,-88.87500762939453,11.985570907622094,3.455915693977305e-05
BLZ,Belize,2020,17.42499542236328,-88.82500457763672,0.0,0.0
BLZ,Belize,2020,17.42499542236328,-88.7750015258789,44.6163016557813,0.00012864650193791325
BLZ,Belize,2020,17.42499542236328,-88.72500610351562,0.0,0.0
BLZ,Belize,2020,17.42499542236328,-88.67500305175781,3.3180379570498424,9.567220065995122e-06
BLZ,Belize,2020,17.42499542236328,-88.62500762939453,0.5912528634126422,1.704816621190187e-06
BLZ,Belize,2020,17.42499542236328,-88.57500457763672,0.7338014841079712,2.1158408595954843e-06
BLZ,Belize,2020,17.42499542236328,-88.5250015258789,55.959023863077164,0.00016135207098484967
BLZ,Belize,2020,17.42499542236328,-88.47500610351562,394.53194460276166,0.0011375921511264727
BLZ,Belize,2020,17.42499542236328,-88.42500305175781,1125.9258715437174,0.0032464910680629344
BLZ,Belize,2020,17.42499542236328,-88.37500762939453,1362.2379276757897,0.003927872497247521
BLZ,Belize,2020,17.42499542236328,-88.32500457763672,83.00133842244578,0.0002393257945625565
BLZ,Belize,2020,17.42499542236328,-88.2750015258789,53.452598094940186,0.00015412505091658973
BLZ,Belize,2020,17.42499542236328,-88.22500610351562,0.0,0.0
BLZ,Belize,2020,17.474998474121094,-89.12500762939453,0.0,0.0
BLZ,Belize,2020,17.474998474121094,-89.07500457763672,0.0,0.0
BLZ,Belize,2020,17.474998474121094,-89.0250015258789,8.896861025675662e-11,2.5653180714332475e-16
BLZ,Belize,2020,17.474998474121094,-88.97500610351562,10.717489957810592,3.0902776372285616e-05
BLZ,Belize,2020,17.474998474121094,-88.92500305175781,0.0,0.0
BLZ,Belize,2020,17.474998474121094,-88.87500762939453,0.0,0.0
BLZ,Belize,2020,17.474998474121094,-88.82500457763672,41.00272434997254,0.0001182271246560159
BLZ,Belize,2020,17.474998474121094,-88.7750015258789,236.20449259877205,0.0006810712808356285
BLZ,Belize,2020,17.474998474121094,-88.72500610351562,0.5403016805648804,1.557904143021701e-06
BLZ,Belize,2020,17.474998474121094,-88.67500305175781,0.0,0.0
BLZ,Belize,2020,17.474998474121094,-88.62500762939453,0.0,0.0
BLZ,Belize,2020,17.474998474121094,-88.57500457763672,143.66235834371827,0.0004142355859895778
BLZ,Belize,2020,17.474998474121094,-88.5250015258789,3.8916642665863037,1.1221212337939925e-05
BLZ,Belize,2020,17.474998474121094,-88.47500610351562,1.4583298457715443e-10,4.204943627501578e-16
BLZ,Belize,2020,17.474998474121094,-88.42500305175781,627.0620128369943,0.001808068608465067
BLZ,Belize,2020,17.474998474121094,-88.37500762939453,2852.487293125094,0.008224852766014503
BLZ,Belize,2020,17.474998474121094,-88.32500457763672,696.4704901433571,0.0020082007906255216
BLZ,Belize,2020,17.474998474121094,-88.2750015258789,2872.7809445261955,0.008283367415759366
BLZ,Belize,2020,17.474998474121094,-88.22500610351562,10294.383361281016,0.02968279216090191
BLZ,Belize,2020,17.524993896484375,-89.12500762939453,46.55977097898722,0.00013425029518781135
BLZ,Belize,2020,17.524993896484375,-89.07500457763672,3.7433302402786746,1.0793506479438536e-05
BLZ,Belize,2020,17.524993896484375,-89.0250015258789,9.363602638244629,2.6998981991836565e-05
BLZ,Belize,2020,17.524993896484375,-88.97500610351562,4.339614391326904,1.2512830299355222e-05
BLZ,Belize,2020,17.524993896484375,-88.92500305175781,0.0,0.0
BLZ,Belize,2020,17.524993896484375,-88.87500762939453,0.0,0.0
BLZ,Belize,2020,17.524993896484375,-88.82500457763672,0.0,0.0
BLZ,Belize,2020,17.524993896484375,-88.7750015258789,30.222100406965875,8.71423079521148e-05
BLZ,Belize,2020,17.524993896484375,-88.72500610351562,0.7727338522782967,2.2280983258443106e-06
BLZ,Belize,2020,17.524993896484375,-88.67500305175781,16.536177158355713,4.7680360493806875e-05
BLZ,Belize,2020,17.524993896484375,-88.62500762939453,287.50108189885964,0.0008289797028674433
BLZ,Belize,2020,17.524993896484375,-88.57500457763672,1528.231171101362,0.004406496886081446
BLZ,Belize,2020,17.524993896484375,-88.5250015258789,165.595001161116,0.0004774760983583636
BLZ,Belize,2020,17.524993896484375,-88.47500610351562,2.185521960258484,6.301727051805353e-06
BLZ,Belize,2020,17.524993896484375,-88.42500305175781,353.7283369305423,0.001019939158864219
BLZ,Belize,2020,17.524993896484375,-88.37500762939453,165.1007128357967,0.0004760508689771463
BLZ,Belize,2020,17.524993896484375,-88.32500457763672,5042.457276910758,0.014539405234675876
BLZ,Belize,2020,17.524993896484375,-88.2750015258789,2533.1971165538,0.007304212488926159
BLZ,Belize,2020,17.524993896484375,-88.22500610351562,20260.47127431631,0.05841897827308219
BLZ,Belize,2020,17.574996948242188,-89.12500762939453,0.0,0.0
BLZ,Belize,2020,17.574996948242188,-89.07500457763672,162.3651137352142,0.0004681630512528182
BLZ,Belize,2020,17.574996948242188,-89.0250015258789,94.50456517941502,0.0002724941619162621
BLZ,Belize,2020,17.574996948242188,-88.97500610351562,8.0281380712986,2.3148307717552e-05
BLZ,Belize,2020,17.574996948242188,-88.92500305175781,0.0,0.0
BLZ,Belize,2020,17.574996948242188,-88.87500762939453,0.0,0.0
BLZ,Belize,2020,17.574996948242188,-88.82500457763672,0.0,0.0
BLZ,Belize,2020,17.574996948242188,-88.7750015258789,0.0,0.0
BLZ,Belize,2020,17.574996948242188,-88.72500610351562,9.306074023246765,2.6833104166778216e-05
BLZ,Belize,2020,17.574996948242188,-88.67500305175781,0.0,0.0
BLZ,Belize,2020,17.574996948242188,-88.62500762939453,63.61973238016358,0.00018344093349731305
BLZ,Belize,2020,17.574996948242188,-88.57500457763672,400.2251802682883,0.0011540080086919163
BLZ,Belize,2020,17.574996948242188,-88.5250015258789,1441.6207800656557,0.004156764760721059
BLZ,Belize,2020,17.574996948242188,-88.47500610351562,538.1107609272532,0.0015515868523241808
BLZ,Belize,2020,17.574996948242188,-88.42500305175781,4236.95882448554,0.012216833565235868
BLZ,Belize,2020,17.574996948242188,-88.37500762939453,2022.811518487351,0.005832568282794824
BLZ,Belize,2020,17.574996948242188,-88.32500457763672,9714.197974562658,0.028009887466724042
BLZ,Belize,2020,17.574996948242188,-88.2750015258789,4156.920222043991,0.011986050514154125
BLZ,Belize,2020,17.625,-89.12500762939453,6.276857316498897,1.8098670373014802e-05
BLZ,Belize,2020,17.625,-89.07500457763672,1.3769068717956543,3.970168883951701e-06
BLZ,Belize,2020,17.625,-89.0250015258789,5.425181388909671,1.5642950718920968e-05
BLZ,Belize,2020,17.625,-88.97500610351562,0.0,0.0
BLZ,Belize,2020,17.625,-88.92500305175781,0.0,0.0
BLZ,Belize,2020,17.625,-88.87500762939453,0.4087683856487274,1.1786414598463832e-06
BLZ,Belize,2020,17.625,-88.82500457763672,0.0,0.0
BLZ,Belize,2020,17.625,-88.7750015258789,0.0,0.0
BLZ,Belize,2020,17.625,-88.72500610351562,29.337101131747552,8.45905038637167e-05
BLZ,Belize,2020,17.625,-88.67500305175781,19.662180185317993,5.6693867654679225e-05
BLZ,Belize,2020,17.625,-88.62500762939453,91.44279658795007,0.0002636658681218952
BLZ,Belize,2020,17.625,-88.57500457763672,266.79290246964206,0.000769269804328009
BLZ,Belize,2020,17.625,-88.5250015258789,110.03567433367058,0.00031727651253164485
BLZ,Belize,2020,17.625,-88.47500610351562,251.031767308712,0.000723824197458405
BLZ,Belize,2020,17.625,-88.42500305175781,18.722269684082093,5.3983732712263145e-05
BLZ,Belize,2020,17.625,-88.37500762939453,3139.957167626066,0.00905374248557038
BLZ,Belize,2020,17.625,-88.32500457763672,106.33814728354247,0.00030661507482464576
BLZ,Belize,2020,17.625,-88.2750015258789,74.32142984867096,0.00021429817385629516
BLZ,Belize,2020,17.67499542236328,-89.12500762939453,0.0,0.0
BLZ,Belize,2020,17.67499542236328,-89.07500457763672,0.0,0.0
BLZ,Belize,2020,17.67499542236328,-89.0250015258789,12.820631802082062,3.696696886031801e-05
BLZ,Belize,2020,17.67499542236328,-88.97500610351562,6.2826091051101685,1.8115255061957312e-05
BLZ,Belize,2020,17.67499542236328,-88.92500305175781,5.911615371704102,1.7045532913945235e-05
BLZ,Belize,2020,17.67499542236328,-88.87500762939453,0.0,0.0
BLZ,Belize,2020,17.67499542236328,-88.82500457763672,0.0,0.0
BLZ,Belize,2020,17.67499542236328,-88.7750015258789,0.0,0.0
BLZ,Belize,2020,17.67499542236328,-88.72500610351562,133.87368722259998,0.0003860109628895284
BLZ,Belize,2020,17.67499542236328,-88.67500305175781,13.903030008115238,4.008795239643316e-05
BLZ,Belize,2020,17.67499542236328,-88.62500762939453,0.6310607194900513,1.8195984664788583e-06
BLZ,Belize,2020,17.67499542236328,-88.57500457763672,14.263355761845165,4.112691452586127e-05
BLZ,Belize,2020,17.67499542236328,-88.5250015258789,1.3960862159729004,4.0254705438002e-06
BLZ,Belize,2020,17.67499542236328,-88.47500610351562,150.0484198333284,0.0004326491353271507
BLZ,Belize,2020,17.67499542236328,-88.42500305175781,1276.968369901463,0.00368200652623783
BLZ,Belize,2020,17.67499542236328,-88.37500762939453,1194.7004698962096,0.0034447955256688826
BLZ,Belize,2020,17.67499542236328,-88.32500457763672,120.7647476196289,0.0003482126882353789
BLZ,Belize,2020,17.67499542236328,-88.2750015258789,2.7815669178962708,8.02036118220502e-06
BLZ,Belize,2020,17.724998474121094,-89.12500762939453,0.0,0.0
BLZ,Belize,2020,17.724998474121094,-89.07500457763672,0.0,0.0
BLZ,Belize,2020,17.724998474121094,-89.0250015258789,0.6506068110466003,1.875957604551487e-06
BLZ,Belize,2020,17.724998474121094,-88.97500610351562,0.0,0.0
BLZ,Belize,2020,17.724998474121094,-88.92500305175781,0.0,0.0
BLZ,Belize,2020,17.724998474121094,-88.87500762939453,0.0,0.0
BLZ,Belize,2020,17.724998474121094,-88.82500457763672,0.0,0.0
BLZ,Belize,2020,17.724998474121094,-88.7750015258789,248.9257290214813,0.0007177516533759791
BLZ,Belize,2020,17.724998474121094,-88.72500610351562,627.6965723112226,0.0018098982952298025
BLZ,Belize,2020,17.724998474121094,-88.67500305175781,257.5845626145601,0.0007427185065500978
BLZ,Belize,2020,17.724998474121094,-88.62500762939453,0.39164476096630096,1.1292672550347115e-06
BLZ,Belize,2020,17.724998474121094,-88.57500457763672,63.628336392343044,0.00018346574227859794
BLZ,Belize,2020,17.724998474121094,-88.5250015258789,1.1221641302108765,3.2356444750979044e-06
BLZ,Belize,2020,17.724998474121094,-88.47500610351562,702.1248936654285,0.00202450467971234
BLZ,Belize,2020,17.724998474121094,-88.42500305175781,202.36216434836388,0.0005834904194626086
BLZ,Belize,2020,17.724998474121094,-88.37500762939453,0.0,0.0
BLZ,Belize,2020,17.724998474121094,-88.32500457763672,239.72412252426147,0.0006912197705406586
BLZ,Belize,2020,17.724998474121094,-88.2750015258789,0.0,0.0
BLZ,Belize,2020,17.774993896484375,-89.12500762939453,0.0,0.0
BLZ,Belize,2020,17.774993896484375,-89.07500457763672,0.0,0.0
BLZ,Belize,2020,17.774993896484375,-89.0250015258789,2.300989031791687,6.63466443770445e-06
BLZ,Belize,2020,17.774993896484375,-88.97500610351562,0.0,0.0
BLZ,Belize,2020,17.774993896484375,-88.92500305175781,0.0,0.0
BLZ,Belize,2020,17.774993896484375,-88.87500762939453,0.3990492597222328,1.1506173631387711e-06
BLZ,Belize,2020,17.774993896484375,-88.82500457763672,0.0,0.0
BLZ,Belize,2020,17.774993896484375,-88.7750015258789,339.3411203697324,0.0009784551045055453
BLZ,Belize,2020,17.774993896484375,-88.72500610351562,1112.1330752671186,0.0032067209632564817
BLZ,Belize,2020,17.774993896484375,-88.67500305175781,560.2279065996408,0.0016153593596367685
BLZ,Belize,2020,17.774993896484375,-88.62500762939453,6.782964736239223,1.9557978893401304e-05
BLZ,Belize,2020,17.774993896484375,-88.57500457763672,252.74030390381813,0.0007287505864291689
BLZ,Belize,2020,17.774993896484375,-88.5250015258789,2006.4894125461578,0.005785505174566031
BLZ,Belize,2020,17.774993896484375,-88.47500610351562,221.95838719609114,0.0006399941059403797
BLZ,Belize,2020,17.774993896484375,-88.42500305175781,0.6412365436553955,1.848939405432215e-06
BLZ,Belize,2020,17.774993896484375,-88.37500762939453,73.0521913766861,0.00021063845569306377
BLZ,Belize,2020,17.774993896484375,-88.32500457763672,1020.6503701807512,0.0029429400230974964
BLZ,Belize,2020,17.774993896484375,-88.2750015258789,4.996471881866455,1.440681109322677e-05
BLZ,Belize,2020,17.824996948242188,-89.12500762939453,0.0,0.0
BLZ,Belize,2020,17.824996948242188,-89.07500457763672,0.0,0.0
BLZ,Belize,2020,17.824996948242188,-89.0250015258789,31.33382341273186,9.03478465222792e-05
BLZ,Belize,2020,17.824996948242188,-88.97500610351562,37.21587371829827,0.00010730813161878943
BLZ,Belize,2020,17.824996948242188,-88.92500305175781,123.72608669874302,0.00035675140389404683
BLZ,Belize,2020,17.824996948242188,-88.87500762939453,25.843685664236546,7.45176008432384e-05
BLZ,Belize,2020,17.824996948242188,-88.82500457763672,0.0,0.0
BLZ,Belize,2020,17.824996948242188,-88.7750015258789,71.8784748317423,0.00020725416514969668
BLZ,Belize,2020,17.824996948242188,-88.72500610351562,405.345836118296,0.0011687728914429286
BLZ,Belize,2020,17.824996948242188,-88.67500305175781,337.43248590863817,0.0009729517539859913
BLZ,Belize,2020,17.824996948242188,-88.62500762939453,58.73496216579167,0.00016935620263598607
BLZ,Belize,2020,17.824996948242188,-88.57500457763672,57.03132224101318,0.00016444393270883214
BLZ,Belize,2020,17.824996948242188,-88.5250015258789,31.427453994750977,9.061782064393771e-05
BLZ,Belize,2020,17.824996948242188,-88.47500610351562,50.058011293411255,0.00014433711015649495
BLZ,Belize,2020,17.824996948242188,-88.42500305175781,5.236305773258209,1.5098347370969966e-05
BLZ,Belize,2020,17.824996948242188,-88.37500762939453,6.046032249927521,1.7433110112034593e-05
BLZ,Belize,2020,17.824996948242188,-88.32500457763672,464.34048426151276,0.0013388778717982291
BLZ,Belize,2020,17.824996948242188,-88.2750015258789,202.88740199804306,0.0005850048880270053
BLZ,Belize,2020,17.824996948242188,-88.22500610351562,10.036812439616504,2.8940112986623686e-05
BLZ,Belize,2020,17.875,-89.12500762939453,0.0,0.0
BLZ,Belize,2020,17.875,-89.07500457763672,56.936103671810855,0.00016416937978999278
BLZ,Belize,2020,17.875,-89.0250015258789,31.21663871407509,9.000995653580857e-05
BLZ,Belize,2020,17.875,-88.97500610351562,750.632386975102,0.002164371031258258
BLZ,Belize,2020,17.875,-88.92500305175781,1843.5693858861923,0.005315742089155291
BLZ,Belize,2020,17.875,-88.87500762939453,665.0567560791969,0.001917622529985704
BLZ,Belize,2020,17.875,-88.82500457763672,43.71075863391161,0.00012603546207592308
BLZ,Belize,2020,17.875,-88.7750015258789,1209.4352161290647,0.003487281645975854
BLZ,Belize,2020,17.875,-88.72500610351562,105.40464731322061,0.00030392342398662765
BLZ,Belize,2020,17.875,-88.67500305175781,1291.2186388969421,0.0037230957064232784
BLZ,Belize,2020,17.875,-88.62500762939453,673.1342473998666,0.001940913142705133
BLZ,Belize,2020,17.875,-88.57500457763672,25.45743578672409,7.340388917795325e-05
BLZ,Belize,2020,17.875,-88.5250015258789,163.75894917547703,0.0004721820319171124
BLZ,Belize,2020,17.875,-88.47500610351562,236.27798593046992,0.0006812831912739171
BLZ,Belize,2020,17.875,-88.42500305175781,0.0,0.0
BLZ,Belize,2020,17.875,-88.37500762939453,0.0,0.0
BLZ,Belize,2020,17.875,-88.32500457763672,1620.2694994587214,0.00467187990860844
BLZ,Belize,2020,17.875,-88.2750015258789,518.1322697402943,0.0014939809345359087
BLZ,Belize,2020,17.875,-88.22500610351562,22.788227006793022,6.570750109251e-05
BLZ,Belize,2020,17.92499542236328,-89.12500762939453,44.5987903252244,0.00012859600982321928
BLZ,Belize,2020,17.92499542236328,-89.07500457763672,137.91501262796393,0.00039766370767783433
BLZ,Belize,2020,17.92499542236328,-89.0250015258789,285.6049620807295,0.0008235124370295096
BLZ,Belize,2020,17.92499542236328,-88.97500610351562,1286.4387121498864,0.003709313280881324
BLZ,Belize,2020,17.92499542236328,-88.92500305175781,143.2769760787487,0.0004131243759955325
BLZ,Belize,2020,17.92499542236328,-88.7750015258789,7.502321049571037,2.1632168593638367e-05
BLZ,Belize,2020,17.92499542236328,-88.72500610351562,566.17974055594,0.0016325208586893006
BLZ,Belize,2020,17.92499542236328,-88.67500305175781,3287.8495520353317,0.009480174915230177
BLZ,Belize,2020,17.92499542236328,-88.62500762939453,2020.042732015252,0.005824584772709282
BLZ,Belize,2020,17.92499542236328,-88.57500457763672,73.49319851410402,0.00021191005426697014
BLZ,Belize,2020,17.92499542236328,-88.5250015258789,152.61780291807614,0.0004400576863213905
BLZ,Belize,2020,17.92499542236328,-88.47500610351562,79.27883285305413,0.00022859233387275538
BLZ,Belize,2020,17.92499542236328,-88.42500305175781,0.0,0.0
BLZ,Belize,2020,17.92499542236328,-88.37500762939453,29.963366329669952,8.639627493859762e-05
BLZ,Belize,2020,17.92499542236328,-88.32500457763672,88.36576426029205,0.00025479356291925663
BLZ,Belize,2020,17.92499542236328,-88.2750015258789,59.89221638466482,0.00017269302576085015
BLZ,Belize,2020,17.92499542236328,-88.22500610351562,8.0693669319182,2.326718688280684e-05
BLZ,Belize,2020,17.974998474121094,-89.07500457763672,25.711133107556076,7.41353992239417e-05
BLZ,Belize,2020,17.974998474121094,-89.0250015258789,93.81831906012296,0.00027051544204394944
BLZ,Belize,2020,17.974998474121094,-88.7750015258789,16.26359260827303,4.6894391071217736e-05
BLZ,Belize,2020,17.974998474121094,-88.72500610351562,1494.4996893256953,0.0043092356390802685
BLZ,Belize,2020,17.974998474121094,-88.67500305175781,229.901012615325,0.0006628958467496201
BLZ,Belize,2020,17.974998474121094,-88.62500762939453,670.8613115325636,0.0019343593666724694
BLZ,Belize,2020,17.974998474121094,-88.57500457763672,1377.5942310993103,0.00397215081357626
BLZ,Belize,2020,17.974998474121094,-88.5250015258789,184.22902899983583,0.000531205394815063
BLZ,Belize,2020,17.974998474121094,-88.47500610351562,75.70772979434076,0.00021829542669950637
BLZ,Belize,2020,17.974998474121094,-88.42500305175781,33.28052680195343,9.596096486781521e-05
BLZ,Belize,2020,17.974998474121094,-88.37500762939453,613.6139352921809,0.0017692924645507303
BLZ,Belize,2020,17.974998474121094,-88.32500457763672,0.0,0.0
BLZ,Belize,2020,17.974998474121094,-88.2750015258789,1.3326876163482666,3.842667223785113e-06
BLZ,Belize,2020,17.974998474121094,-88.22500610351562,50.502012133600815,0.00014561734076342782
BLZ,Belize,2020,17.974998474121094,-88.17500305175781,88.99883633852005,0.0002566189609311074
BLZ,Belize,2020,18.024993896484375,-88.72500610351562,79.10848921899608,0.00022810116558144274
BLZ,Belize,2020,18.024993896484375,-88.67500305175781,1695.6905559301376,0.004889348742362666
BLZ,Belize,2020,18.024993896484375,-88.62500762939453,218.74442181741603,0.0006307269684150412
BLZ,Belize,2020,18.024993896484375,-88.57500457763672,1415.107959218351,0.00408031777762446
BLZ,Belize,2020,18.024993896484375,-88.5250015258789,1577.5811295069532,0.004548792398798785
BLZ,Belize,2020,18.024993896484375,-88.47500610351562,194.10247117296933,0.0005596744464962058
BLZ,Belize,2020,18.024993896484375,-88.42500305175781,124.00785401463509,0.00035756385087429206
BLZ,Belize,2020,18.024993896484375,-88.37500762939453,54.41971421261016,0.00015691363044668838
BLZ,Belize,2020,18.024993896484375,-88.32500457763672,0.0,0.0
BLZ,Belize,2020,18.024993896484375,-88.2750015258789,429.63202768564224,0.0012387996187731686
BLZ,Belize,2020,18.024993896484375,-88.22500610351562,182.36866918206215,0.0005258412392481386
BLZ,Belize,2020,18.024993896484375,-88.17500305175781,7.677256044233218,2.2136575599477698e-05
BLZ,Belize,2020,18.074996948242188,-88.72500610351562,2.279345214366913,6.572256723551853e-06
BLZ,Belize,2020,18.074996948242188,-88.67500305175781,64.16274748752723,0.00018500666152651473
BLZ,Belize,2020,18.074996948242188,-88.62500762939453,1556.3162390593934,0.004487477281484102
BLZ,Belize,2020,18.074996948242188,-88.57500457763672,13424.962249197095,0.038709493344658584
BLZ,Belize,2020,18.074996948242188,-88.5250015258789,485.7874288261336,0.0014007179233735774
BLZ,Belize,2020,18.074996948242188,-88.47500610351562,84.1153372824192,0.00024253789532348617
BLZ,Belize,2020,18.074996948242188,-88.42500305175781,64.74654400348663,0.00018668997853923236
BLZ,Belize,2020,18.074996948242188,-88.37500762939453,5.204931735992432,1.5007883571952033e-05
BLZ,Belize,2020,18.074996948242188,-88.32500457763672,0.0,0.0
BLZ,Belize,2020,18.074996948242188,-88.2750015258789,184.97653124508074,0.0005333607404056366
BLZ,Belize,2020,18.074996948242188,-88.22500610351562,342.31913125514984,0.0009870418915973512
BLZ,Belize,2020,18.074996948242188,-88.17500305175781,4.602142751216888,1.326980373520628e-05
BLZ,Belize,2020,18.074996948242188,-88.12500762939453,22.187911510503294,6.397655330457768e-05
BLZ,Belize,2020,18.125,-88.67500305175781,607.9801006913185,0.0017530478838257428
BLZ,Belize,2020,18.125,-88.62500762939453,83.74004177004099,0.00024145576943970177
BLZ,Belize,2020,18.125,-88.57500457763672,2427.6837147476112,0.006999975482581264
BLZ,Belize,2020,18.125,-88.5250015258789,753.0855359658599,0.002171444433236493
BLZ,Belize,2020,18.125,-88.47500610351562,79.92528556297023,0.0002304563135553523
BLZ,Belize,2020,18.125,-88.42500305175781,25.72977340224556,7.418914659021591e-05
BLZ,Belize,2020,18.125,-88.37500762939453,5.356417894363403,1.5444678277994483e-05
BLZ,Belize,2020,18.125,-88.32500457763672,0.5974650382995605,1.7227287864519853e-06
BLZ,Belize,2020,18.125,-88.2750015258789,15.289108276367188,4.40845660556845e-05
BLZ,Belize,2020,18.125,-88.22500610351562,0.0,0.0
BLZ,Belize,2020,18.125,-88.17500305175781,4.098423004150391,1.1817379822594543e-05
BLZ,Belize,2020,18.125,-88.12500762939453,10.687077164649963,3.0815084221455604e-05
BLZ,Belize,2020,18.17499542236328,-88.67500305175781,91.38419638946652,0.0002634969004964309
BLZ,Belize,2020,18.17499542236328,-88.62500762939453,435.7222215025686,0.0012563600642066812
BLZ,Belize,2020,18.17499542236328,-88.57500457763672,1089.92492812877,0.0031426860626070953
BLZ,Belize,2020,18.17499542236328,-88.5250015258789,743.2149208188057,0.0021429835329933333
BLZ,Belize,2020,18.17499542236328,-88.47500610351562,21.732861272995315,6.26644629006472e-05
BLZ,Belize,2020,18.17499542236328,-88.42500305175781,185.6118938257054,0.0005351927428447949
BLZ,Belize,2020,18.17499542236328,-88.37500762939453,815.9636503458023,0.002352746987756572
BLZ,Belize,2020,18.17499542236328,-88.32500457763672,777.451466293202,0.0022417010790530627
BLZ,Belize,2020,18.17499542236328,-88.2750015258789,648.9346985518932,0.0018711362407156774
BLZ,Belize,2020,18.17499542236328,-88.22500610351562,1.246984601038296,3.5955514226991995e-06
BLZ,Belize,2020,18.17499542236328,-88.17500305175781,0.5951754450798035,1.7161269806623666e-06
BLZ,Belize,2020,18.17499542236328,-88.12500762939453,0.0,0.0
BLZ,Belize,2020,18.224998474121094,-88.62500762939453,211.60435117036104,0.0006101393114770042
BLZ,Belize,2020,18.224998474121094,-88.57500457763672,1770.754156292195,0.005105786888310894
BLZ,Belize,2020,18.224998474121094,-88.5250015258789,516.0267623513937,0.001487909921244035
BLZ,Belize,2020,18.224998474121094,-88.47500610351562,879.3570926310629,0.002535535437115754
BLZ,Belize,2020,18.224998474121094,-88.42500305175781,1167.0387374461047,0.0033650357745200034
BLZ,Belize,2020,18.224998474121094,-88.37500762939453,1209.753077328205,0.0034881981659439744
BLZ,Belize,2020,18.224998474121094,-88.32500457763672,414.6314774155978,0.0011955470799528654
BLZ,Belize,2020,18.224998474121094,-88.2750015258789,31.28031933314458,9.019357302979174e-05
BLZ,Belize,2020,18.224998474121094,-88.22500610351562,13.202413767576218,3.806779776233526e-05
BLZ,Belize,2020,18.224998474121094,-88.17500305175781,14.881942033798111,4.2910544210085654e-05
BLZ,Belize,2020,18.224998474121094,-88.12500762939453,139.08077915012836,0.0004010250751508675
BLZ,Belize,2020,18.274993896484375,-88.57500457763672,659.6542483421249,0.0019020449564021984
BLZ,Belize,2020,18.274993896484375,-88.5250015258789,1376.9375875593307,0.003970257449686751
BLZ,Belize,2020,18.274993896484375,-88.47500610351562,307.969114549458,0.0008879971629511004
BLZ,Belize,2020,18.274993896484375,-88.42500305175781,26.188341617698033,7.551138072053469e-05
BLZ,Belize,2020,18.274993896484375,-88.37500762939453,967.3129042726505,0.002789146943961347
BLZ,Belize,2020,18.274993896484375,-88.32500457763672,116.1532597769502,0.00033491593889324784
BLZ,Belize,2020,18.274993896484375,-88.2750015258789,11.932335793972015,3.440565898281134e-05
BLZ,Belize,2020,18.274993896484375,-88.22500610351562,7.436604619026184,2.1442682047338182e-05
BLZ,Belize,2020,18.274993896484375,-88.17500305175781,0.0,0.0
BLZ,Belize,2020,18.274993896484375,-88.12500762939453,4.344617873441613,1.2527257323731473e-05
BLZ,Belize,2020,18.324996948242188,-88.57500457763672,2.334816575050354,6.732202668079424e-06
BLZ,Belize,2020,18.324996948242188,-88.5250015258789,3501.4824559876906,0.010096163349330877
BLZ,Belize,2020,18.324996948242188,-88.47500610351562,3657.521317660825,0.010546085305558764
BLZ,Belize,2020,18.324996948242188,-88.42500305175781,797.7514498830351,0.0023002339870107236
BLZ,Belize,2020,18.324996948242188,-88.37500762939453,707.1224110694643,0.0020389145054608565
BLZ,Belize,2020,18.324996948242188,-88.32500457763672,264.4157981052995,0.0007624156691831164
BLZ,Belize,2020,18.324996948242188,-88.2750015258789,0.7292522192001343,2.102723523665282e-06
BLZ,Belize,2020,18.324996948242188,-88.22500610351562,46.48037645221324,0.00013402136926245588
BLZ,Belize,2020,18.324996948242188,-88.17500305175781,187.45994329456803,0.0005405214027909199
BLZ,Belize,2020,18.324996948242188,-88.12500762939453,129.59450107812881,0.0003736723712044852
BLZ,Belize,2020,18.375,-88.5250015258789,56.86913150569751,0.00016397627245975824
BLZ,Belize,2020,18.375,-88.47500610351562,884.1469820889882,0.0025493465891064646
BLZ,Belize,2020,18.375,-88.42500305175781,6640.013530731201,0.019145793843230705
BLZ,Belize,2020,18.375,-88.37500762939453,6629.077358335257,0.019114260518613563
BLZ,Belize,2020,18.375,-88.32500457763672,51.44569788874862,0.00014833836126093634
BLZ,Belize,2020,18.42499542236328,-88.5250015258789,99.44186997413635,0.0002867303708190653
BLZ,Belize,2020,18.42499542236328,-88.47500610351562,808.8466546535492,0.0023322258650696377
BLZ,Belize,2020,18.42499542236328,-88.42500305175781,1704.9856273531914,0.004916150121667129
BLZ,Belize,2020,18.42499542236328,-88.37500762939453,4016.0161489844827,0.011579768159158415
BLZ,Belize,2020,18.42499542236328,-88.32500457763672,312.17193472385406,0.0009001155612415172
BLZ,Belize,2020,18.474998474121094,-88.47500610351562,6.7942928075790405,1.9590642218183666e-05
BLZ,Belize,2020,18.474998474121094,-88.42500305175781,371.38128584631033,0.0010708396154825897
BLZ,Belize,2020,18.474998474121094,-88.37500762939453,883.8769983053467,0.0025485681187255396
BLZ,Belize,2020,18.474998474121094,-88.32500457763672,447.96473756432533,0.0012916600959846322
BLZ,Belize,2021,15.924995422363281,-89.22500610351562,0.6681545973917928,1.9016806893854592e-06
BLZ,Belize,2021,15.924995422363281,-89.17500305175781,54.60552757978439,0.0001554165424252705
BLZ,Belize,2021,15.924995422363281,-89.12500762939453,79.46558135765251,0.0002261724489041032
BLZ,Belize,2021,15.924995422363281,-89.07500457763672,2.5500783920288086,7.257953254337475e-06
BLZ,Belize,2021,15.924995422363281,-89.0250015258789,0.0,0.0
BLZ,Belize,2021,15.924995422363281,-88.97500610351562,0.0,0.0
BLZ,Belize,2021,15.924995422363281,-88.92500305175781,1.3874935055058213e-11,3.9490405609241834e-17
BLZ,Belize,2021,15.974998474121094,-89.17500305175781,21.523996889591217,6.12609258442724e-05
BLZ,Belize,2021,15.974998474121094,-89.12500762939453,202.6972212795501,0.0005769104829991649
BLZ,Belize,2021,15.974998474121094,-89.07500457763672,17.494582638144493,4.9792533197686206e-05
BLZ,Belize,2021,15.974998474121094,-89.0250015258789,19.585468001663685,5.574354563559296e-05
BLZ,Belize,2021,15.974998474121094,-88.97500610351562,3.686788558959961,1.0493222131210201e-05
BLZ,Belize,2021,15.974998474121094,-88.92500305175781,44.59790105000138,0.00012693314922172065
BLZ,Belize,2021,16.024993896484375,-89.17500305175781,166.5973594190279,0.00047416418677128394
BLZ,Belize,2021,16.024993896484375,-89.12500762939453,38.539108172195256,0.00010968880268622288
BLZ,Belize,2021,16.024993896484375,-89.07500457763672,213.27517092248848,0.0006070171119856182
BLZ,Belize,2021,16.024993896484375,-89.0250015258789,384.6951700449756,0.0010949073448422429
BLZ,Belize,2021,16.024993896484375,-88.97500610351562,54.04965394735336,0.00015383443230186622
BLZ,Belize,2021,16.024993896484375,-88.92500305175781,266.9308136701594,0.0007597301219508536
BLZ,Belize,2021,16.024993896484375,-88.87500762939453,2.357767105102539,6.710602892421001e-06
BLZ,Belize,2021,16.074996948242188,-89.17500305175781,9.213902354263073,2.6224320313567796e-05
BLZ,Belize,2021,16.074996948242188,-89.12500762939453,217.7730516201214,0.0006198188391595951
BLZ,Belize,2021,16.074996948242188,-89.07500457763672,138.77982574722017,0.00039499079364264706
BLZ,Belize,2021,16.074996948242188,-89.0250015258789,46.1822641492915,0.0001314425138547805
BLZ,Belize,2021,16.074996948242188,-88.97500610351562,256.7761580348208,0.000730828259111827
BLZ,Belize,2021,16.074996948242188,-88.92500305175781,179.1178815960884,0.000509799704865574
BLZ,Belize,2021,16.074996948242188,-88.87500762939453,93.41796733438969,0.00026588329290096814
BLZ,Belize,2021,16.074996948242188,-88.82500457763672,2375.7466847896576,0.006761775809030017
BLZ,Belize,2021,16.125,-89.17500305175781,305.51136207580566,0.0008695368705316719
BLZ,Belize,2021,16.125,-89.12500762939453,31.534272968965787,8.975186011288937e-05
BLZ,Belize,2021,16.125,-89.07500457763672,327.6374546289444,0.0009325114621966999
BLZ,Belize,2021,16.125,-89.0250015258789,131.5907523632119,0.000374529478129275
BLZ,Belize,2021,16.125,-88.97500610351562,251.09206354618073,0.0007146503673965197
BLZ,Belize,2021,16.125,-88.92500305175781,357.8315529283136,0.001018448959137467
BLZ,Belize,2021,16.125,-88.87500762939453,203.21617555627137,0.000578387514408613
BLZ,Belize,2021,16.125,-88.82500457763672,4992.970104455948,0.014210835138136558
BLZ,Belize,2021,16.17499542236328,-89.17500305175781,318.859478593383,0.0009075278617187898
BLZ,Belize,2021,16.17499542236328,-89.12500762939453,36.866936683874094,0.0001049295205663445
BLZ,Belize,2021,16.17499542236328,-89.07500457763672,216.9764347088721,0.0006175515330557767
BLZ,Belize,2021,16.17499542236328,-89.0250015258789,372.2029526233907,0.00105935238685652
BLZ,Belize,2021,16.17499542236328,-88.97500610351562,25.065247237682343,7.133992167777043e-05
BLZ,Belize,2021,16.17499542236328,-88.92500305175781,484.72278469817314,0.0013796028089366613
BLZ,Belize,2021,16.17499542236328,-88.87500762939453,977.6356292368753,0.0027825159096896827
BLZ,Belize,2021,16.17499542236328,-88.82500457763672,269.8325855731964,0.0007679890542616508
BLZ,Belize,2021,16.17499542236328,-88.7750015258789,17.948198795318604,5.1083601297581976e-05
BLZ,Belize,2021,16.224998474121094,-89.17500305175781,221.42364995214294,0.0006302090578003228
BLZ,Belize,2021,16.224998474121094,-89.12500762939453,552.8093967065395,0.0015733887916529732
BLZ,Belize,2021,16.224998474121094,-89.07500457763672,304.92269390821457,0.0008678614216293762
BLZ,Belize,2021,16.224998474121094,-89.0250015258789,1344.5398664476234,0.0038267872586874407
BLZ,Belize,2021,16.224998474121094,-88.97500610351562,581.363444507122,0.0016546584282282886
BLZ,Belize,2021,16.224998474121094,-88.92500305175781,1128.1658718288909,0.003210950371748599
BLZ,Belize,2021,16.224998474121094,-88.87500762939453,209.5507157893088,0.0005964166844305307
BLZ,Belize,2021,16.224998474121094,-88.82500457763672,267.49501556160806,0.0007613359357042438
BLZ,Belize,2021,16.224998474121094,-88.7750015258789,16.48383140563965,4.6915764695111764e-05
BLZ,Belize,2021,16.274993896484375,-89.17500305175781,38.106539607090454,0.00010845763958369226
BLZ,Belize,2021,16.274993896484375,-89.12500762939453,73.47688603401184,0.00020912761183190925
BLZ,Belize,2021,16.274993896484375,-89.07500457763672,658.7241945268751,0.0018748401720989733
BLZ,Belize,2021,16.274993896484375,-89.0250015258789,514.4143061642412,0.0014641098874345231
BLZ,Belize,2021,16.274993896484375,-88.97500610351562,1353.3963987231255,0.0038519944434751933
BLZ,Belize,2021,16.274993896484375,-88.92500305175781,738.8282135130801,0.0021028297221864474
BLZ,Belize,2021,16.274993896484375,-88.87500762939453,1595.3866066934663,0.004540739394589738
BLZ,Belize,2021,16.274993896484375,-88.82500457763672,141.71051943302155,0.0004033320422257565
BLZ,Belize,2021,16.274993896484375,-88.7750015258789,0.0,0.0
BLZ,Belize,2021,16.274993896484375,-88.72500610351562,1.2087854490220883e-22,3.4404072874582193e-28
BLZ,Belize,2021,16.274993896484375,-88.67500305175781,8.159874916239142,2.3224380430197984e-05
BLZ,Belize,2021,16.274993896484375,-88.62500762939453,3.831469476222992,1.0905008426710831e-05
BLZ,Belize,2021,16.274993896484375,-88.57500457763672,1.2405498921871185,3.530814250774524e-06
BLZ,Belize,2021,16.324996948242188,-89.17500305175781,0.0,0.0
BLZ,Belize,2021,16.324996948242188,-89.12500762939453,0.9960241317749023,2.8348526897100355e-06
BLZ,Belize,2021,16.324996948242188,-89.07500457763672,12.866223275670304,3.6619441734255866e-05
BLZ,Belize,2021,16.324996948242188,-89.0250015258789,0.0,0.0
BLZ,Belize,2021,16.324996948242188,-88.97500610351562,18.745678365727855,5.335336267488401e-05
BLZ,Belize,2021,16.324996948242188,-88.92500305175781,53.047765366901416,0.00015098288840199831
BLZ,Belize,2021,16.324996948242188,-88.87500762939453,101.61098003388956,0.00028920198905205163
BLZ,Belize,2021,16.324996948242188,-88.82500457763672,673.1056981087941,0.0019157723571843154
BLZ,Belize,2021,16.324996948242188,-88.7750015258789,81.46285307424424,0.00023185702111197962
BLZ,Belize,2021,16.324996948242188,-88.72500610351562,0.0,0.0
BLZ,Belize,2021,16.324996948242188,-88.67500305175781,2.4312577248144764,6.919769592616902e-06
BLZ,Belize,2021,16.324996948242188,-88.62500762939453,28.56969418378219,8.131416882115435e-05
BLZ,Belize,2021,16.324996948242188,-88.57500457763672,0.09376053512096405,2.6685829860634977e-07
BLZ,Belize,2021,16.324996948242188,-88.5250015258789,1.6424168944358826,4.6745955266363015e-06
BLZ,Belize,2021,16.375,-89.17500305175781,0.0,0.0
BLZ,Belize,2021,16.375,-89.12500762939453,0.0,0.0
BLZ,Belize,2021,16.375,-89.07500457763672,0.0,0.0
BLZ,Belize,2021,16.375,-89.0250015258789,0.0,0.0
BLZ,Belize,2021,16.375,-88.97500610351562,1.7761462926864624,5.055211951710666e-06
BLZ,Belize,2021,16.375,-88.92500305175781,1.0276850461959839,2.924964992757695e-06
BLZ,Belize,2021,16.375,-88.87500762939453,0.0,0.0
BLZ,Belize,2021,16.375,-88.82500457763672,105.14086365701444,0.00029924863326894136
BLZ,Belize,2021,16.375,-88.7750015258789,177.90489125253274,0.0005063473297389861
BLZ,Belize,2021,16.375,-88.72500610351562,0.8765881061553955,2.494917614168859e-06
BLZ,Belize,2021,16.375,-88.67500305175781,1.4381449222564697,4.093203036945046e-06
BLZ,Belize,2021,16.375,-88.62500762939453,1.4149559065699577,4.027203186747146e-06
BLZ,Belize,2021,16.375,-88.57500457763672,0.0,0.0
BLZ,Belize,2021,16.375,-88.5250015258789,44.29055428522648,0.00012605838848550916
BLZ,Belize,2021,16.375,-88.47500610351562,107.24485427192134,0.0003052369454629088
BLZ,Belize,2021,16.42499542236328,-89.17500305175781,0.41878677904605865,1.1919378146773897e-06
BLZ,Belize,2021,16.42499542236328,-89.12500762939453,0.0,0.0
BLZ,Belize,2021,16.42499542236328,-89.07500457763672,0.0,0.0
BLZ,Belize,2021,16.42499542236328,-89.0250015258789,0.0,0.0
BLZ,Belize,2021,16.42499542236328,-88.97500610351562,0.0,0.0
BLZ,Belize,2021,16.42499542236328,-88.92500305175781,0.0,0.0
BLZ,Belize,2021,16.42499542236328,-88.87500762939453,0.0,0.0
BLZ,Belize,2021,16.42499542236328,-88.82500457763672,0.9749118685722351,2.774763627390536e-06
BLZ,Belize,2021,16.42499542236328,-88.7750015258789,27.958577454107957,7.957482752451665e-05
BLZ,Belize,2021,16.42499542236328,-88.72500610351562,116.82059901953306,0.0003324911302640043
BLZ,Belize,2021,16.42499542236328,-88.67500305175781,0.8432841897010803,2.4001290501908427e-06
BLZ,Belize,2021,16.42499542236328,-88.62500762939453,12.923267424122493,3.678179900303382e-05
BLZ,Belize,2021,16.42499542236328,-88.57500457763672,28.56277814510878,8.12944846084832e-05
BLZ,Belize,2021,16.42499542236328,-88.5250015258789,320.6420848059088,0.000912601459692031
BLZ,Belize,2021,16.42499542236328,-88.47500610351562,180.98570687888912,0.0005151158506876842
BLZ,Belize,2021,16.474998474121094,-89.17500305175781,9.519789934158325,2.7094927963474537e-05
BLZ,Belize,2021,16.474998474121094,-89.12500762939453,0.0,0.0
BLZ,Belize,2021,16.474998474121094,-89.07500457763672,0.0,0.0
BLZ,Belize,2021,16.474998474121094,-89.0250015258789,0.0,0.0
BLZ,Belize,2021,16.474998474121094,-88.97500610351562,0.0,0.0
BLZ,Belize,2021,16.474998474121094,-88.92500305175781,0.641106903553009,1.8246983902792178e-06
BLZ,Belize,2021,16.474998474121094,-88.87500762939453,0.32077282667160034,9.129735730955014e-07
BLZ,Belize,2021,16.474998474121094,-88.82500457763672,0.0,0.0
BLZ,Belize,2021,16.474998474121094,-88.7750015258789,0.7881133556365967,2.243103550153467e-06
BLZ,Belize,2021,16.474998474121094,-88.72500610351562,12.123831689357758,3.4506470052007664e-05
BLZ,Belize,2021,16.474998474121094,-88.67500305175781,86.50244283676147,0.0002462005436608247
BLZ,Belize,2021,16.474998474121094,-88.62500762939453,519.8106101381352,0.001479468678799975
BLZ,Belize,2021,16.474998474121094,-88.57500457763672,25.531352043151855,7.266653457731675e-05
BLZ,Belize,2021,16.474998474121094,-88.5250015258789,387.7467755973339,0.0011035927289931482
BLZ,Belize,2021,16.474998474121094,-88.47500610351562,81.14525595310717,0.00023095308613251762
BLZ,Belize,2021,16.474998474121094,-88.42500305175781,196.0765250460474,0.0005580668647307475
BLZ,Belize,2021,16.524993896484375,-89.17500305175781,0.0,0.0
BLZ,Belize,2021,16.524993896484375,-89.12500762939453,2.710850477218628,7.715537728037406e-06
BLZ,Belize,2021,16.524993896484375,-89.07500457763672,0.0,0.0
BLZ,Belize,2021,16.524993896484375,-89.0250015258789,0.0,0.0
BLZ,Belize,2021,16.524993896484375,-88.97500610351562,0.0,0.0
BLZ,Belize,2021,16.524993896484375,-88.92500305175781,0.0,0.0
BLZ,Belize,2021,16.524993896484375,-88.87500762939453,0.4009665250778198,1.1412183659395808e-06
BLZ,Belize,2021,16.524993896484375,-88.82500457763672,5.759906001428287,1.639366406868958e-05
BLZ,Belize,2021,16.524993896484375,-88.7750015258789,0.0,0.0
BLZ,Belize,2021,16.524993896484375,-88.72500610351562,10.283470645546913,2.926849208676716e-05
BLZ,Belize,2021,16.524993896484375,-88.67500305175781,106.03884638119565,0.0003018044435748844
BLZ,Belize,2021,16.524993896484375,-88.62500762939453,741.2769936919212,0.0021097993636389352
BLZ,Belize,2021,16.524993896484375,-88.57500457763672,441.9049784841752,0.0012577361098869769
BLZ,Belize,2021,16.524993896484375,-88.5250015258789,3271.830139040947,0.009312180472381103
BLZ,Belize,2021,16.524993896484375,-88.47500610351562,230.58670343458652,0.0006562886536474368
BLZ,Belize,2021,16.524993896484375,-88.42500305175781,5966.228772093542,0.01698089347680297
BLZ,Belize,2021,16.524993896484375,-88.37500762939453,1691.7802902385934,0.004815092077774243
BLZ,Belize,2021,16.574996948242188,-89.17500305175781,0.0,0.0
BLZ,Belize,2021,16.574996948242188,-89.12500762939453,0.0,0.0
BLZ,Belize,2021,16.574996948242188,-89.07500457763672,0.0,0.0
BLZ,Belize,2021,16.574996948242188,-89.0250015258789,0.0,0.0
BLZ,Belize,2021,16.574996948242188,-88.97500610351562,0.0,0.0
BLZ,Belize,2021,16.574996948242188,-88.92500305175781,0.0,0.0
BLZ,Belize,2021,16.574996948242188,-88.87500762939453,0.0,0.0
BLZ,Belize,2021,16.574996948242188,-88.82500457763672,0.10390942543839546,2.9574375237811104e-07
BLZ,Belize,2021,16.574996948242188,-88.7750015258789,0.0,0.0
BLZ,Belize,2021,16.574996948242188,-88.72500610351562,16.405592918395996,4.669308476304398e-05
BLZ,Belize,2021,16.574996948242188,-88.67500305175781,21.943091452121735,6.245373966266389e-05
BLZ,Belize,2021,16.574996948242188,-88.62500762939453,17.662818908726567,5.027136200208124e-05
BLZ,Belize,2021,16.574996948242188,-88.57500457763672,386.0369176278793,0.001098726184790958
BLZ,Belize,2021,16.574996948242188,-88.5250015258789,1659.0517240166664,0.004721941057608448
BLZ,Belize,2021,16.574996948242188,-88.47500610351562,2.6199922561735045,7.456939904857107e-06
BLZ,Belize,2021,16.574996948242188,-88.42500305175781,469.5546196700343,0.0013364316526802756
BLZ,Belize,2021,16.574996948242188,-88.37500762939453,1447.7801490620357,0.004120626517716592
BLZ,Belize,2021,16.625,-89.17500305175781,0.0,0.0
BLZ,Belize,2021,16.625,-89.12500762939453,0.0,0.0
BLZ,Belize,2021,16.625,-89.07500457763672,0.0,0.0
BLZ,Belize,2021,16.625,-89.0250015258789,0.0,0.0
BLZ,Belize,2021,16.625,-88.97500610351562,0.561303973197937,1.59756578922398e-06
BLZ,Belize,2021,16.625,-88.92500305175781,0.0,0.0
BLZ,Belize,2021,16.625,-88.87500762939453,0.0,0.0
BLZ,Belize,2021,16.625,-88.82500457763672,0.0,0.0
BLZ,Belize,2021,16.625,-88.7750015258789,1.4561470746994019,4.144440199424709e-06
BLZ,Belize,2021,16.625,-88.72500610351562,1.2402990460395813,3.53010030032557e-06
BLZ,Belize,2021,16.625,-88.67500305175781,0.0,0.0
BLZ,Belize,2021,16.625,-88.62500762939453,13.84366972000962,3.9401419191815135e-05
BLZ,Belize,2021,16.625,-88.57500457763672,1049.2680762412097,0.002986393936920695
BLZ,Belize,2021,16.625,-88.5250015258789,264.1579315401907,0.0007518380316755076
BLZ,Belize,2021,16.625,-88.47500610351562,344.23025262401717,0.000979737364185968
BLZ,Belize,2021,16.625,-88.42500305175781,25.616798639460804,7.290973000365783e-05
BLZ,Belize,2021,16.625,-88.37500762939453,823.9859622716904,0.0023452030396760638
BLZ,Belize,2021,16.67499542236328,-89.12500762939453,0.0,0.0
BLZ,Belize,2021,16.67499542236328,-89.07500457763672,0.4803227484226227,1.3670795634924585e-06
BLZ,Belize,2021,16.67499542236328,-89.0250015258789,0.5967466235160828,1.6984415505429382e-06
BLZ,Belize,2021,16.67499542236328,-88.97500610351562,11.051726997010602,3.145507925353859e-05
BLZ,Belize,2021,16.67499542236328,-88.92500305175781,0.0,0.0
BLZ,Belize,2021,16.67499542236328,-88.87500762939453,0.0,0.0
BLZ,Belize,2021,16.67499542236328,-88.82500457763672,0.0,0.0
BLZ,Belize,2021,16.67499542236328,-88.7750015258789,0.706128716468811,2.009761437803694e-06
BLZ,Belize,2021,16.67499542236328,-88.72500610351562,0.0,0.0
BLZ,Belize,2021,16.67499542236328,-88.67500305175781,0.0,0.0
BLZ,Belize,2021,16.67499542236328,-88.62500762939453,0.0,0.0
BLZ,Belize,2021,16.67499542236328,-88.57500457763672,199.44483375549316,0.0005676536394886346
BLZ,Belize,2021,16.67499542236328,-88.5250015258789,859.0621121527391,0.0024450356789292617
BLZ,Belize,2021,16.67499542236328,-88.47500610351562,1125.1984907396468,0.0032025047046268114
BLZ,Belize,2021,16.67499542236328,-88.42500305175781,908.5460631251598,0.0025858753504156033
BLZ,Belize,2021,16.67499542236328,-88.37500762939453,461.36094957590103,0.0013131110854731752
BLZ,Belize,2021,16.67499542236328,-88.32500457763672,422.22352033878275,0.0012017193601105865
BLZ,Belize,2021,16.724998474121094,-89.12500762939453,1.2325646877288818,3.5080870119314465e-06
BLZ,Belize,2021,16.724998474121094,-89.07500457763672,0.0,0.0
BLZ,Belize,2021,16.724998474121094,-89.0250015258789,0.6854521632194519,1.9509124795074455e-06
BLZ,Belize,2021,16.724998474121094,-88.97500610351562,31.53639972219374,8.975791321131969e-05
BLZ,Belize,2021,16.724998474121094,-88.92500305175781,0.0,0.0
BLZ,Belize,2021,16.724998474121094,-88.87500762939453,0.0,0.0
BLZ,Belize,2021,16.724998474121094,-88.82500457763672,0.0,0.0
BLZ,Belize,2021,16.724998474121094,-88.7750015258789,0.0,0.0
BLZ,Belize,2021,16.724998474121094,-88.72500610351562,0.0,0.0
BLZ,Belize,2021,16.724998474121094,-88.67500305175781,0.0,0.0
BLZ,Belize,2021,16.724998474121094,-88.62500762939453,0.0,0.0
BLZ,Belize,2021,16.724998474121094,-88.57500457763672,0.0,0.0
BLZ,Belize,2021,16.724998474121094,-88.5250015258789,0.9463550448417664,2.693486090050517e-06
BLZ,Belize,2021,16.724998474121094,-88.47500610351562,16.512721522899554,4.699799084205695e-05
BLZ,Belize,2021,16.724998474121094,-88.42500305175781,1079.6305452589575,0.003072810645326965
BLZ,Belize,2021,16.724998474121094,-88.37500762939453,242.57080293478404,0.0006903974223188825
BLZ,Belize,2021,16.724998474121094,-88.32500457763672,322.2318259477988,0.0009171261311415057
BLZ,Belize,2021,16.774993896484375,-89.12500762939453,67.83475810289383,0.00019306916401828466
BLZ,Belize,2021,16.774993896484375,-89.07500457763672,10.256671011447906,2.9192215807523372e-05
BLZ,Belize,2021,16.774993896484375,-89.0250015258789,12.217505931854248,3.4773082747248805e-05
BLZ,Belize,2021,16.774993896484375,-88.97500610351562,0.0,0.0
BLZ,Belize,2021,16.774993896484375,-88.92500305175781,0.0,0.0
BLZ,Belize,2021,16.774993896484375,-88.87500762939453,0.0,0.0
BLZ,Belize,2021,16.774993896484375,-88.82500457763672,0.0,0.0
BLZ,Belize,2021,16.774993896484375,-88.7750015258789,0.0,0.0
BLZ,Belize,2021,16.774993896484375,-88.72500610351562,0.0,0.0
BLZ,Belize,2021,16.774993896484375,-88.67500305175781,0.0,0.0
BLZ,Belize,2021,16.774993896484375,-88.62500762939453,0.0,0.0
BLZ,Belize,2021,16.774993896484375,-88.57500457763672,0.0,0.0
BLZ,Belize,2021,16.774993896484375,-88.5250015258789,0.0,0.0
BLZ,Belize,2021,16.774993896484375,-88.47500610351562,36.47039520740509,0.00010380089663516872
BLZ,Belize,2021,16.774993896484375,-88.42500305175781,31.395020801806822,8.935552495591371e-05
BLZ,Belize,2021,16.774993896484375,-88.37500762939453,556.1618359684944,0.0015829303992864218
BLZ,Belize,2021,16.774993896484375,-88.32500457763672,220.2157695516944,0.0006267712264337697
BLZ,Belize,2021,16.824996948242188,-89.12500762939453,0.7505809664726257,2.1362800395793548e-06
BLZ,Belize,2021,16.824996948242188,-89.07500457763672,16.871575236320496,4.8019349042375835e-05
BLZ,Belize,2021,16.824996948242188,-89.0250015258789,20.200245559215546,5.749330626588372e-05
BLZ,Belize,2021,16.824996948242188,-88.97500610351562,0.0,0.0
BLZ,Belize,2021,16.824996948242188,-88.92500305175781,0.0,0.0
BLZ,Belize,2021,16.824996948242188,-88.87500762939453,0.0,0.0
BLZ,Belize,2021,16.824996948242188,-88.82500457763672,0.0,0.0
BLZ,Belize,2021,16.824996948242188,-88.7750015258789,0.0,0.0
BLZ,Belize,2021,16.824996948242188,-88.72500610351562,0.0,0.0
BLZ,Belize,2021,16.824996948242188,-88.67500305175781,0.0,0.0
BLZ,Belize,2021,16.824996948242188,-88.62500762939453,0.0,0.0
BLZ,Belize,2021,16.824996948242188,-88.57500457763672,0.0,0.0
BLZ,Belize,2021,16.824996948242188,-88.5250015258789,0.0,0.0
BLZ,Belize,2021,16.824996948242188,-88.47500610351562,4.1724615429394873e-10,1.1875529367582475e-15
BLZ,Belize,2021,16.824996948242188,-88.42500305175781,16.742941081523895,4.765323453964396e-05
BLZ,Belize,2021,16.824996948242188,-88.37500762939453,461.4174562692788,0.0013132719130541527
BLZ,Belize,2021,16.824996948242188,-88.32500457763672,1139.4157406092895,0.00324296939594048
BLZ,Belize,2021,16.875,-89.12500762939453,0.0,0.0
BLZ,Belize,2021,16.875,-89.07500457763672,0.0,0.0
BLZ,Belize,2021,16.875,-89.0250015258789,52.78618202498183,0.00015023837808666825
BLZ,Belize,2021,16.875,-88.97500610351562,0.0,0.0
BLZ,Belize,2021,16.875,-88.92500305175781,0.0,0.0
BLZ,Belize,2021,16.875,-88.87500762939453,0.0,0.0
BLZ,Belize,2021,16.875,-88.82500457763672,0.0,0.0
BLZ,Belize,2021,16.875,-88.7750015258789,0.0,0.0
BLZ,Belize,2021,16.875,-88.72500610351562,0.0,0.0
BLZ,Belize,2021,16.875,-88.67500305175781,0.0,0.0
BLZ,Belize,2021,16.875,-88.62500762939453,0.0,0.0
BLZ,Belize,2021,16.875,-88.57500457763672,1.3814969957009575,3.931973482520271e-06
BLZ,Belize,2021,16.875,-88.5250015258789,0.0,0.0
BLZ,Belize,2021,16.875,-88.47500610351562,0.0,0.0
BLZ,Belize,2021,16.875,-88.42500305175781,6.469449996948242,1.8413145966766656e-05
BLZ,Belize,2021,16.875,-88.37500762939453,306.7047075793873,0.000872933333129976
BLZ,Belize,2021,16.875,-88.32500457763672,1764.953161008656,0.005023354410883253
BLZ,Belize,2021,16.92499542236328,-89.12500762939453,2.1218031644821167,6.039009714703138e-06
BLZ,Belize,2021,16.92499542236328,-89.07500457763672,51.728120267398126,0.00014722695584931694
BLZ,Belize,2021,16.92499542236328,-89.0250015258789,15.32831963899702,4.3626983293981264e-05
BLZ,Belize,2021,16.92499542236328,-88.97500610351562,3.0692126750946045,8.73549699220582e-06
BLZ,Belize,2021,16.92499542236328,-88.92500305175781,3.1394333243421872,8.935356804877189e-06
BLZ,Belize,2021,16.92499542236328,-88.87500762939453,0.7517142893114477,2.1395056675490496e-06
BLZ,Belize,2021,16.92499542236328,-88.82500457763672,2.182985506951809,6.213144981690991e-06
BLZ,Belize,2021,16.92499542236328,-88.7750015258789,0.0,0.0
BLZ,Belize,2021,16.92499542236328,-88.72500610351562,0.0,0.0
BLZ,Belize,2021,16.92499542236328,-88.67500305175781,0.0,0.0
BLZ,Belize,2021,16.92499542236328,-88.62500762939453,0.4005158245563507,1.1399355962307149e-06
BLZ,Belize,2021,16.92499542236328,-88.57500457763672,0.0,0.0
BLZ,Belize,2021,16.92499542236328,-88.5250015258789,0.520578518575433,1.481654275744344e-06
BLZ,Belize,2021,16.92499542236328,-88.47500610351562,0.0,0.0
BLZ,Belize,2021,16.92499542236328,-88.42500305175781,0.0,0.0
BLZ,Belize,2021,16.92499542236328,-88.37500762939453,98.7866767651072,0.0002811635455418557
BLZ,Belize,2021,16.92499542236328,-88.32500457763672,297.240037709495,0.0008459952861671286
BLZ,Belize,2021,16.92499542236328,-88.2750015258789,22.910546895283435,6.520728104557627e-05
BLZ,Belize,2021,16.974998474121094,-89.12500762939453,13.775830984249438,3.920833870671325e-05
BLZ,Belize,2021,16.974998474121094,-89.07500457763672,83.9914966821969,0.00023905396735518841
BLZ,Belize,2021,16.974998474121094,-89.0250015258789,83.67567047476768,0.00023815507269485907
BLZ,Belize,2021,16.974998474121094,-88.97500610351562,124.14728335319992,0.0003533441097525031
BLZ,Belize,2021,16.974998474121094,-88.92500305175781,19.005158066761872,5.409188567340879e-05
BLZ,Belize,2021,16.974998474121094,-88.87500762939453,2.9419563418625927,8.37330400205954e-06
BLZ,Belize,2021,16.974998474121094,-88.82500457763672,40.13810843229294,0.0001142398271479569
BLZ,Belize,2021,16.974998474121094,-88.7750015258789,16.584974586963654,4.720363525012657e-05
BLZ,Belize,2021,16.974998474121094,-88.72500610351562,1.9123783707618713,5.442951425721864e-06
BLZ,Belize,2021,16.974998474121094,-88.67500305175781,0.42112937570384257,1.1986052399177707e-06
BLZ,Belize,2021,16.974998474121094,-88.62500762939453,0.0,0.0
BLZ,Belize,2021,16.974998474121094,-88.57500457763672,0.0,0.0
BLZ,Belize,2021,16.974998474121094,-88.5250015258789,12.702282905579706,3.6152839787297796e-05
BLZ,Belize,2021,16.974998474121094,-88.47500610351562,25.34438002148863,7.21343806649733e-05
BLZ,Belize,2021,16.974998474121094,-88.42500305175781,654.0674868228256,0.0018615863964735835
BLZ,Belize,2021,16.974998474121094,-88.37500762939453,1172.7628523708886,0.0033378809010492687
BLZ,Belize,2021,16.974998474121094,-88.32500457763672,1743.25950485564,0.004961610606156922
BLZ,Belize,2021,16.974998474121094,-88.2750015258789,1339.540198028134,0.0038125573590148385
BLZ,Belize,2021,17.024993896484375,-89.12500762939453,373.0116154924297,0.0010616539777881363
BLZ,Belize,2021,17.024993896484375,-89.07500457763672,237.71341311969857,0.0006765724715541583
BLZ,Belize,2021,17.024993896484375,-89.0250015258789,2.241848945617676,6.380680257297372e-06
BLZ,Belize,2021,17.024993896484375,-88.97500610351562,242.5835980029948,0.0006904338392412995
BLZ,Belize,2021,17.024993896484375,-88.92500305175781,68.99075537919998,0.00019635932726181396
BLZ,Belize,2021,17.024993896484375,-88.87500762939453,24.852047160287867,7.07331182946324e-05
BLZ,Belize,2021,17.024993896484375,-88.82500457763672,43.36559420824051,0.00012342579608290796
BLZ,Belize,2021,17.024993896484375,-88.7750015258789,37.26434779168311,0.00010606061961500454
BLZ,Belize,2021,17.024993896484375,-88.72500610351562,0.0716138705611229,2.0382515554013316e-07
BLZ,Belize,2021,17.024993896484375,-88.67500305175781,0.5235316753387451,1.4900594580351508e-06
BLZ,Belize,2021,17.024993896484375,-88.62500762939453,0.0,0.0
BLZ,Belize,2021,17.024993896484375,-88.57500457763672,38.40074664354324,0.00010929500243667211
BLZ,Belize,2021,17.024993896484375,-88.5250015258789,550.3635575177404,0.0015664275207542355
BLZ,Belize,2021,17.024993896484375,-88.47500610351562,581.0018014502878,0.0016536291310861053
BLZ,Belize,2021,17.024993896484375,-88.42500305175781,459.20531463625775,0.0013069757848195745
BLZ,Belize,2021,17.024993896484375,-88.37500762939453,229.6635241806507,0.000653661129767628
BLZ,Belize,2021,17.024993896484375,-88.32500457763672,1442.1550777260743,0.004104616615849912
BLZ,Belize,2021,17.024993896484375,-88.2750015258789,59.879403598610196,0.00017042688317928784
BLZ,Belize,2021,17.074996948242188,-89.12500762939453,6533.642685234652,0.018595849185738037
BLZ,Belize,2021,17.074996948242188,-89.07500457763672,277.5626194422549,0.0007899900345654117
BLZ,Belize,2021,17.074996948242188,-89.0250015258789,1186.9383272530322,0.0033782266937018544
BLZ,Belize,2021,17.074996948242188,-88.97500610351562,386.3573807478315,0.0010996382768864884
BLZ,Belize,2021,17.074996948242188,-88.92500305175781,73.68558850884438,0.00020972161427949438
BLZ,Belize,2021,17.074996948242188,-88.87500762939453,17.86724913178263,5.08532049004614e-05
BLZ,Belize,2021,17.074996948242188,-88.82500457763672,7.939780235290527,2.259795384235397e-05
BLZ,Belize,2021,17.074996948242188,-88.7750015258789,2.9177419544428655,8.304385770947837e-06
BLZ,Belize,2021,17.074996948242188,-88.72500610351562,0.5591482743761857,1.5914303067511242e-06
BLZ,Belize,2021,17.074996948242188,-88.67500305175781,106.24578016996384,0.0003023934120435861
BLZ,Belize,2021,17.074996948242188,-88.62500762939453,660.1937036520496,0.0018790226429479789
BLZ,Belize,2021,17.074996948242188,-88.57500457763672,265.7872220279132,0.0007564752672344577
BLZ,Belize,2021,17.074996948242188,-88.5250015258789,68.97173285484314,0.00019630518594874961
BLZ,Belize,2021,17.074996948242188,-88.47500610351562,0.0,0.0
BLZ,Belize,2021,17.074996948242188,-88.42500305175781,3.076714187860489,8.756847562902703e-06
BLZ,Belize,2021,17.074996948242188,-88.37500762939453,78.71477389335632,0.00022403552421351204
BLZ,Belize,2021,17.074996948242188,-88.32500457763672,451.4986484945419,0.0012850413130095302
BLZ,Belize,2021,17.074996948242188,-88.2750015258789,187.35320416092873,0.0005332388220303009
BLZ,Belize,2021,17.125,-89.12500762939453,822.1585796326399,0.0023400020004399856
BLZ,Belize,2021,17.125,-89.07500457763672,4320.453002691269,0.01229673802543281
BLZ,Belize,2021,17.125,-89.0250015258789,339.8694818318105,0.0009673258749307158
BLZ,Belize,2021,17.125,-88.97500610351562,451.65138506889343,0.0012854760270639438
BLZ,Belize,2021,17.125,-88.92500305175781,507.0913511514708,0.0014432675222223624
BLZ,Belize,2021,17.125,-88.87500762939453,17.40305471420288,4.953202928709612e-05
BLZ,Belize,2021,17.125,-88.82500457763672,176.56628039479256,0.0005025374174391931
BLZ,Belize,2021,17.125,-88.7750015258789,182.85944581043998,0.0005204488277516594
BLZ,Belize,2021,17.125,-88.72500610351562,78.34992384910583,0.0002229970994441832
BLZ,Belize,2021,17.125,-88.67500305175781,209.51247557997704,0.000596307846344363
BLZ,Belize,2021,17.125,-88.62500762939453,201.27387269639848,0.0005728593928391785
BLZ,Belize,2021,17.125,-88.57500457763672,316.8007363826204,0.0009016683341155782
BLZ,Belize,2021,17.125,-88.5250015258789,69.45364141464233,0.00019767677899891657
BLZ,Belize,2021,17.125,-88.47500610351562,0.0,0.0
BLZ,Belize,2021,17.125,-88.42500305175781,0.0,0.0
BLZ,Belize,2021,17.125,-88.37500762939453,78.21084320545197,0.00022260125247203585
BLZ,Belize,2021,17.125,-88.32500457763672,303.73523205523236,0.0008644817048931401
BLZ,Belize,2021,17.17499542236328,-89.12500762939453,2155.6705354303876,0.006135401965215208
BLZ,Belize,2021,17.17499542236328,-89.07500457763672,13061.00445985794,0.037173821840403756
BLZ,Belize,2021,17.17499542236328,-89.0250015258789,2662.8762890845537,0.007578995096257807
BLZ,Belize,2021,17.17499542236328,-88.97500610351562,1255.3927257061005,0.003573059458678496
BLZ,Belize,2021,17.17499542236328,-88.92500305175781,705.6952723860741,0.002008527782830299
BLZ,Belize,2021,17.17499542236328,-88.87500762939453,343.0523677468949,0.0009763849051384863
BLZ,Belize,2021,17.17499542236328,-88.82500457763672,317.37353863578176,0.0009032986259491232
BLZ,Belize,2021,17.17499542236328,-88.7750015258789,809.4539723398391,0.002303842545054576
BLZ,Belize,2021,17.17499542236328,-88.72500610351562,717.5519614815823,0.002042273919998242
BLZ,Belize,2021,17.17499542236328,-88.67500305175781,90.06685984136183,0.0002563454757065305
BLZ,Belize,2021,17.17499542236328,-88.62500762939453,36.316384732723236,0.00010336255684553193
BLZ,Belize,2021,17.17499542236328,-88.57500457763672,15.172992795705795,4.31848968972354e-05
BLZ,Belize,2021,17.17499542236328,-88.5250015258789,327.0478473903407,0.0009308333405398985
BLZ,Belize,2021,17.17499542236328,-88.47500610351562,1.1354342699050903,3.231637458716542e-06
BLZ,Belize,2021,17.17499542236328,-88.42500305175781,18.41681152629349,5.241735217615682e-05
BLZ,Belize,2021,17.17499542236328,-88.37500762939453,79.63915365934372,0.00022666646495312368
BLZ,Belize,2021,17.17499542236328,-88.32500457763672,531.7328033447266,0.0015134012517173815
BLZ,Belize,2021,17.224998474121094,-89.12500762939453,104.09369090199645,0.00029626820296966357
BLZ,Belize,2021,17.224998474121094,-89.07500457763672,364.5291495324876,0.0010375114488324723
BLZ,Belize,2021,17.224998474121094,-89.0250015258789,2513.234184741978,0.007153088425469141
BLZ,Belize,2021,17.224998474121094,-88.97500610351562,1851.4276933968067,0.0052694755166993595
BLZ,Belize,2021,17.224998474121094,-88.92500305175781,2454.2983469069245,0.006985347089614866
BLZ,Belize,2021,17.224998474121094,-88.87500762939453,1741.5422477128245,0.004956723002659245
BLZ,Belize,2021,17.224998474121094,-88.82500457763672,1705.756556391716,0.00485487088878124
BLZ,Belize,2021,17.224998474121094,-88.7750015258789,9281.818682432222,0.02641762163975399
BLZ,Belize,2021,17.224998474121094,-88.72500610351562,653.7389879008439,0.0018606514331299874
BLZ,Belize,2021,17.224998474121094,-88.67500305175781,118.81934057922444,0.0003381798858932774
BLZ,Belize,2021,17.224998474121094,-88.62500762939453,233.224445909307,0.0006637961136684091
BLZ,Belize,2021,17.224998474121094,-88.57500457763672,96.04706484824419,0.00027336614790507234
BLZ,Belize,2021,17.224998474121094,-88.5250015258789,0.0,0.0
BLZ,Belize,2021,17.224998474121094,-88.47500610351562,0.0,0.0
BLZ,Belize,2021,17.224998474121094,-88.42500305175781,31.55749735254063,8.981796062606337e-05
BLZ,Belize,2021,17.224998474121094,-88.37500762939453,22.72115910053253,6.466825143552945e-05
BLZ,Belize,2021,17.224998474121094,-88.32500457763672,26.672719210415476,7.591505806268471e-05
BLZ,Belize,2021,17.274993896484375,-89.12500762939453,44.99445581485999,0.00012806181097389476
BLZ,Belize,2021,17.274993896484375,-89.07500457763672,414.55695359408855,0.0011798990179484855
BLZ,Belize,2021,17.274993896484375,-89.0250015258789,3413.8767344653606,0.009716469043568108
BLZ,Belize,2021,17.274993896484375,-88.97500610351562,2005.1993349790703,0.005707135547048025
BLZ,Belize,2021,17.274993896484375,-88.92500305175781,534.0569519400815,0.0015200161706602458
BLZ,Belize,2021,17.274993896484375,-88.87500762939453,234.85534864713742,0.000668437937963123
BLZ,Belize,2021,17.274993896484375,-88.82500457763672,1977.5255383255667,0.005628371253719234
BLZ,Belize,2021,17.274993896484375,-88.7750015258789,9652.965597987548,0.027473968366981058
BLZ,Belize,2021,17.274993896484375,-88.72500610351562,1652.0087503793059,0.004701895566618335
BLZ,Belize,2021,17.274993896484375,-88.67500305175781,849.641149349575,0.0024182220296508888
BLZ,Belize,2021,17.274993896484375,-88.62500762939453,1174.1267750712213,0.0033417628551227156
BLZ,Belize,2021,17.274993896484375,-88.57500457763672,126.50123748932225,0.0003600438602920297
BLZ,Belize,2021,17.274993896484375,-88.5250015258789,19.0545871257782,5.423256911312884e-05
BLZ,Belize,2021,17.274993896484375,-88.47500610351562,30.452963694930077,8.667427152229356e-05
BLZ,Belize,2021,17.274993896484375,-88.42500305175781,24.7736097574234,7.050987221515443e-05
BLZ,Belize,2021,17.274993896484375,-88.37500762939453,41.6088690161705,0.00011842585985952887
BLZ,Belize,2021,17.274993896484375,-88.32500457763672,393.4411383540137,0.0011197998459313615
BLZ,Belize,2021,17.274993896484375,-88.2750015258789,0.0,0.0
BLZ,Belize,2021,17.324996948242188,-89.12500762939453,95.32262921333313,0.0002713042818893466
BLZ,Belize,2021,17.324996948242188,-89.07500457763672,431.88454252502135,0.001229216258886726
BLZ,Belize,2021,17.324996948242188,-89.0250015258789,1379.1882460119307,0.003925402391462325
BLZ,Belize,2021,17.324996948242188,-88.97500610351562,231.90874326229192,0.0006600514020005273
BLZ,Belize,2021,17.324996948242188,-88.92500305175781,206.5187892317772,0.0005877873100183812
BLZ,Belize,2021,17.324996948242188,-88.87500762939453,298.8175491094715,0.000850485149708188
BLZ,Belize,2021,17.324996948242188,-88.82500457763672,1851.4626635015184,0.005269575047516173
BLZ,Belize,2021,17.324996948242188,-88.7750015258789,160.13881057501953,0.0004557820673246052
BLZ,Belize,2021,17.324996948242188,-88.72500610351562,391.2591386437416,0.0011135895066933066
BLZ,Belize,2021,17.324996948242188,-88.67500305175781,127.18493735802325,0.00036198978544575824
BLZ,Belize,2021,17.324996948242188,-88.62500762939453,0.13676263391971588,3.892495254389626e-07
BLZ,Belize,2021,17.324996948242188,-88.57500457763672,1235.6117185503244,0.0035167593756264943
BLZ,Belize,2021,17.324996948242188,-88.5250015258789,441.8421190382756,0.0012575572013007316
BLZ,Belize,2021,17.324996948242188,-88.47500610351562,86.10344415925795,0.0002450649261210207
BLZ,Belize,2021,17.324996948242188,-88.42500305175781,0.0,0.0
BLZ,Belize,2021,17.324996948242188,-88.37500762939453,36.28015184402466,0.0001032594319324838
BLZ,Belize,2021,17.324996948242188,-88.32500457763672,66.432802260027,0.0001890789612057047
BLZ,Belize,2021,17.324996948242188,-88.2750015258789,0.0,0.0
BLZ,Belize,2021,17.375,-89.12500762939453,50.970501244080275,0.00014507064431276725
BLZ,Belize,2021,17.375,-89.07500457763672,118.26207131901069,0.00033659380357778715
BLZ,Belize,2021,17.375,-89.0250015258789,394.2517147512152,0.0011221068830869047
BLZ,Belize,2021,17.375,-88.97500610351562,180.07504212894412,0.0005125239451971964
BLZ,Belize,2021,17.375,-88.92500305175781,479.9347144515325,0.0013659751533566483
BLZ,Belize,2021,17.375,-88.87500762939453,34.54302573210142,9.831527799720139e-05
BLZ,Belize,2021,17.375,-88.82500457763672,122.9065828550492,0.00034981286685175175
BLZ,Belize,2021,17.375,-88.7750015258789,223.48923167586327,0.0006360880518111102
BLZ,Belize,2021,17.375,-88.72500610351562,22.051319003105164,6.276177352873034e-05
BLZ,Belize,2021,17.375,-88.67500305175781,107.98668364470288,0.00030734831699061283
BLZ,Belize,2021,17.375,-88.62500762939453,9.856658577919006,2.805371294706945e-05
BLZ,Belize,2021,17.375,-88.57500457763672,89.46155703068948,0.0002546226818040717
BLZ,Belize,2021,17.375,-88.5250015258789,446.11108422303283,0.0012697073963112903
BLZ,Belize,2021,17.375,-88.47500610351562,216.37060946240385,0.0006158272522129178
BLZ,Belize,2021,17.375,-88.42500305175781,257.06967597827315,0.0007316636606898905
BLZ,Belize,2021,17.375,-88.37500762939453,25.451743960467443,7.243995654559938e-05
BLZ,Belize,2021,17.375,-88.32500457763672,0.0,0.0
BLZ,Belize,2021,17.375,-88.2750015258789,0.0,0.0
BLZ,Belize,2021,17.42499542236328,-89.12500762939453,8.000372283059609e-13,2.2770409031052187e-18
BLZ,Belize,2021,17.42499542236328,-89.07500457763672,1.3662296120819928e-11,3.888519933418071e-17
BLZ,Belize,2021,17.42499542236328,-89.0250015258789,10.410307973623276,2.9629492517562114e-05
BLZ,Belize,2021,17.42499542236328,-88.97500610351562,5.2123301029273135,1.4835170695723106e-05
BLZ,Belize,2021,17.42499542236328,-88.92500305175781,17.15932227671292,4.883832565688714e-05
BLZ,Belize,2021,17.42499542236328,-88.87500762939453,12.10039114955044,3.4439754321734524e-05
BLZ,Belize,2021,17.42499542236328,-88.82500457763672,0.0,0.0
BLZ,Belize,2021,17.42499542236328,-88.7750015258789,45.073980465543414,0.0001282881515440639
BLZ,Belize,2021,17.42499542236328,-88.72500610351562,0.0,0.0
BLZ,Belize,2021,17.42499542236328,-88.67500305175781,3.348820269204836,9.531307369625346e-06
BLZ,Belize,2021,17.42499542236328,-88.62500762939453,0.5926210880334831,1.6866995806586334e-06
BLZ,Belize,2021,17.42499542236328,-88.57500457763672,0.7392798066139221,2.1041150323267703e-06
BLZ,Belize,2021,17.42499542236328,-88.5250015258789,56.587424248456955,0.00016105735465328535
BLZ,Belize,2021,17.42499542236328,-88.47500610351562,400.7668237854135,0.0011406499823755122
BLZ,Belize,2021,17.42499542236328,-88.42500305175781,1140.578158311677,0.003246277832799643
BLZ,Belize,2021,17.42499542236328,-88.37500762939453,1380.4287040239062,0.003928932944206519
BLZ,Belize,2021,17.42499542236328,-88.32500457763672,83.94012385621512,0.0002389077516268075
BLZ,Belize,2021,17.42499542236328,-88.2750015258789,54.64550590515137,0.00015553032748286211
BLZ,Belize,2021,17.42499542236328,-88.22500610351562,0.0,0.0
BLZ,Belize,2021,17.474998474121094,-89.12500762939453,0.0,0.0
BLZ,Belize,2021,17.474998474121094,-89.07500457763672,0.0,0.0
BLZ,Belize,2021,17.474998474121094,-89.0250015258789,8.932037054432129e-11,2.542208412483431e-16
BLZ,Belize,2021,17.474998474121094,-88.97500610351562,10.816471278668606,3.0785501795889004e-05
BLZ,Belize,2021,17.474998474121094,-88.92500305175781,0.0,0.0
BLZ,Belize,2021,17.474998474121094,-88.87500762939453,0.0,0.0
BLZ,Belize,2021,17.474998474121094,-88.82500457763672,41.40840897011938,0.00011785531675459952
BLZ,Belize,2021,17.474998474121094,-88.7750015258789,239.10837671160698,0.0006805427732410484
BLZ,Belize,2021,17.474998474121094,-88.72500610351562,0.5419566035270691,1.5424999116005756e-06
BLZ,Belize,2021,17.474998474121094,-88.67500305175781,0.0,0.0
BLZ,Belize,2021,17.474998474121094,-88.62500762939453,0.0,0.0
BLZ,Belize,2021,17.474998474121094,-88.57500457763672,145.60867095005383,0.00041442683898862615
BLZ,Belize,2021,17.474998474121094,-88.5250015258789,3.925600051879883,1.1172919923101359e-05
BLZ,Belize,2021,17.474998474121094,-88.47500610351562,1.46118825372632e-10,4.1587882452881183e-16
BLZ,Belize,2021,17.474998474121094,-88.42500305175781,635.6485516435554,0.0018091630000228345
BLZ,Belize,2021,17.474998474121094,-88.37500762939453,2896.625247345275,0.008244284060553784
BLZ,Belize,2021,17.474998474121094,-88.32500457763672,706.8357290185203,0.002011773714779986
BLZ,Belize,2021,17.474998474121094,-88.2750015258789,2914.359824925661,0.008294759659839756
BLZ,Belize,2021,17.474998474121094,-88.22500610351562,10422.352946342118,0.029663774541681998
BLZ,Belize,2021,17.524993896484375,-89.12500762939453,47.06830211356282,0.00013396432735916197
BLZ,Belize,2021,17.524993896484375,-89.07500457763672,3.784574866324146,1.0771538456693388e-05
BLZ,Belize,2021,17.524993896484375,-89.0250015258789,9.472272872924805,2.6959686391962688e-05
BLZ,Belize,2021,17.524993896484375,-88.97500610351562,4.387326717376709,1.2487071897774937e-05
BLZ,Belize,2021,17.524993896484375,-88.92500305175781,0.0,0.0
BLZ,Belize,2021,17.524993896484375,-88.87500762939453,0.0,0.0
BLZ,Belize,2021,17.524993896484375,-88.82500457763672,0.0,0.0
BLZ,Belize,2021,17.524993896484375,-88.7750015258789,30.575601488432746,8.702331936930869e-05
BLZ,Belize,2021,17.524993896484375,-88.72500610351562,0.7776326686255121,2.2132737470236595e-06
BLZ,Belize,2021,17.524993896484375,-88.67500305175781,16.691887497901917,4.750792742886925e-05
BLZ,Belize,2021,17.524993896484375,-88.62500762939453,290.7011775225917,0.0008273845870915464
BLZ,Belize,2021,17.524993896484375,-88.57500457763672,1547.4691138565845,0.004404358127189386
BLZ,Belize,2021,17.524993896484375,-88.5250015258789,167.2275435924705,0.0004759577972292083
BLZ,Belize,2021,17.524993896484375,-88.47500610351562,2.196442186832428,6.2514449625219386e-06
BLZ,Belize,2021,17.524993896484375,-88.42500305175781,360.1227626654222,0.0010249701285335918
BLZ,Belize,2021,17.524993896484375,-88.37500762939453,168.32121288777196,0.00047907056452523125
BLZ,Belize,2021,17.524993896484375,-88.32500457763672,5111.916214496114,0.014549375831299317
BLZ,Belize,2021,17.524993896484375,-88.2750015258789,2570.1881440282036,0.007315189000667534
BLZ,Belize,2021,17.524993896484375,-88.22500610351562,20510.269198834896,0.05837568583944131
BLZ,Belize,2021,17.574996948242188,-89.12500762939453,0.0,0.0
BLZ,Belize,2021,17.574996948242188,-89.07500457763672,164.3908796906625,0.0004678841732724133
BLZ,Belize,2021,17.574996948242188,-89.0250015258789,95.64950559294996,0.00027223462720367967
BLZ,Belize,2021,17.574996948242188,-88.97500610351562,8.107842236757278,2.3076286647450846e-05
BLZ,Belize,2021,17.574996948242188,-88.92500305175781,0.0,0.0
BLZ,Belize,2021,17.574996948242188,-88.87500762939453,0.0,0.0
BLZ,Belize,2021,17.574996948242188,-88.82500457763672,0.0,0.0
BLZ,Belize,2021,17.574996948242188,-88.7750015258789,0.0,0.0
BLZ,Belize,2021,17.574996948242188,-88.72500610351562,9.3954598903656,2.674106368668287e-05
BLZ,Belize,2021,17.574996948242188,-88.67500305175781,0.0,0.0
BLZ,Belize,2021,17.574996948242188,-88.62500762939453,64.22118663813089,0.00018278433008751626
BLZ,Belize,2021,17.574996948242188,-88.57500457763672,404.88435781002136,0.0011523691787606758
BLZ,Belize,2021,17.574996948242188,-88.5250015258789,1458.9469199031591,0.0041524090311562244
BLZ,Belize,2021,17.574996948242188,-88.47500610351562,544.0944578052099,0.0015485846054922748
BLZ,Belize,2021,17.574996948242188,-88.42500305175781,4301.865410268307,0.012243834602017185
BLZ,Belize,2021,17.574996948242188,-88.37500762939453,2052.1998408966,0.005840906914997324
BLZ,Belize,2021,17.574996948242188,-88.32500457763672,9852.283967256559,0.028041262067208965
BLZ,Belize,2021,17.574996948242188,-88.2750015258789,4214.066751718521,0.011993944809789698
BLZ,Belize,2021,17.625,-89.12500762939453,6.331999629740902,1.8021939036383346e-05
BLZ,Belize,2021,17.625,-89.07500457763672,1.3906415700912476,3.958000483754038e-06
BLZ,Belize,2021,17.625,-89.0250015258789,5.480035781915541,1.5597106215074496e-05
BLZ,Belize,2021,17.625,-88.97500610351562,0.0,0.0
BLZ,Belize,2021,17.625,-88.92500305175781,0.0,0.0
BLZ,Belize,2021,17.625,-88.87500762939453,0.41011303663253784,1.1672508806700735e-06
BLZ,Belize,2021,17.625,-88.82500457763672,0.0,0.0
BLZ,Belize,2021,17.625,-88.7750015258789,0.0,0.0
BLZ,Belize,2021,17.625,-88.72500610351562,29.663120329450162,8.442624407230564e-05
BLZ,Belize,2021,17.625,-88.67500305175781,19.858072519302368,5.651942407608619e-05
BLZ,Belize,2021,17.625,-88.62500762939453,92.94361996651355,0.0002645332202784461
BLZ,Belize,2021,17.625,-88.57500457763672,270.7237450480533,0.000770525444449062
BLZ,Belize,2021,17.625,-88.5250015258789,111.17707657823934,0.0003164287134391918
BLZ,Belize,2021,17.625,-88.47500610351562,253.8272968530655,0.0007224353027707152
BLZ,Belize,2021,17.625,-88.42500305175781,18.866108238702882,5.3696126407642494e-05
BLZ,Belize,2021,17.625,-88.37500762939453,3182.854352951691,0.00905894037661684
BLZ,Belize,2021,17.625,-88.32500457763672,107.6795799741705,0.00030647424814162107
BLZ,Belize,2021,17.625,-88.2750015258789,75.41374057531357,0.00021464022656766062
BLZ,Belize,2021,17.67499542236328,-89.12500762939453,0.0,0.0
BLZ,Belize,2021,17.67499542236328,-89.07500457763672,0.0,0.0
BLZ,Belize,2021,17.67499542236328,-89.0250015258789,12.93388968706131,3.681203175513517e-05
BLZ,Belize,2021,17.67499542236328,-88.97500610351562,6.328775405883789,1.8012762351419625e-05
BLZ,Belize,2021,17.67499542236328,-88.92500305175781,5.97528600692749,1.7006671894926835e-05
BLZ,Belize,2021,17.67499542236328,-88.87500762939453,0.0,0.0
BLZ,Belize,2021,17.67499542236328,-88.82500457763672,0.0,0.0
BLZ,Belize,2021,17.67499542236328,-88.7750015258789,0.0,0.0
BLZ,Belize,2021,17.67499542236328,-88.72500610351562,135.40733452141285,0.0003853921147376825
BLZ,Belize,2021,17.67499542236328,-88.67500305175781,14.032102525272142,3.9937730740689124e-05
BLZ,Belize,2021,17.67499542236328,-88.62500762939453,0.6311689019203186,1.796413161277214e-06
BLZ,Belize,2021,17.67499542236328,-88.57500457763672,14.373348921616131,4.0908975546581276e-05
BLZ,Belize,2021,17.67499542236328,-88.5250015258789,1.3999419212341309,3.984470851902316e-06
BLZ,Belize,2021,17.67499542236328,-88.47500610351562,151.99641072764706,0.00043260742388811965
BLZ,Belize,2021,17.67499542236328,-88.42500305175781,1296.3054029348364,0.003689503839276427
BLZ,Belize,2021,17.67499542236328,-88.37500762939453,1208.2939751148347,0.0034390084698157014
BLZ,Belize,2021,17.67499542236328,-88.32500457763672,121.93207132816315,0.00034703924266433025
BLZ,Belize,2021,17.67499542236328,-88.2750015258789,2.813654661178589,8.008135776734286e-06
BLZ,Belize,2021,17.724998474121094,-89.12500762939453,0.0,0.0
BLZ,Belize,2021,17.724998474121094,-89.07500457763672,0.0,0.0
BLZ,Belize,2021,17.724998474121094,-89.0250015258789,0.6545388102531433,1.8629278624597325e-06
BLZ,Belize,2021,17.724998474121094,-88.97500610351562,0.0,0.0
BLZ,Belize,2021,17.724998474121094,-88.92500305175781,0.0,0.0
BLZ,Belize,2021,17.724998474121094,-88.87500762939453,0.0,0.0
BLZ,Belize,2021,17.724998474121094,-88.82500457763672,0.0,0.0
BLZ,Belize,2021,17.724998474121094,-88.7750015258789,252.02832208578988,0.0007173151171295862
BLZ,Belize,2021,17.724998474121094,-88.72500610351562,635.7899603769183,0.001809565473130999
BLZ,Belize,2021,17.724998474121094,-88.67500305175781,260.6344439536333,0.0007418095916575809
BLZ,Belize,2021,17.724998474121094,-88.62500762939453,0.39480923116207123,1.1236936688348124e-06
BLZ,Belize,2021,17.724998474121094,-88.57500457763672,64.44230319559574,0.00018341366510829697
BLZ,Belize,2021,17.724998474121094,-88.5250015258789,1.1221681833267212,3.1938799385733302e-06
BLZ,Belize,2021,17.724998474121094,-88.47500610351562,709.9286894799437,0.002020576801977892
BLZ,Belize,2021,17.724998474121094,-88.42500305175781,204.81548696756363,0.0005829394244591322
BLZ,Belize,2021,17.724998474121094,-88.37500762939453,0.0,0.0
BLZ,Belize,2021,17.724998474121094,-88.32500457763672,242.26430130004883,0.0006895250669653216
BLZ,Belize,2021,17.724998474121094,-88.2750015258789,0.0,0.0
BLZ,Belize,2021,17.774993896484375,-89.12500762939453,0.0,0.0
BLZ,Belize,2021,17.774993896484375,-89.07500457763672,0.0,0.0
BLZ,Belize,2021,17.774993896484375,-89.0250015258789,2.3199799060821533,6.603054150013867e-06
BLZ,Belize,2021,17.774993896484375,-88.97500610351562,0.0,0.0
BLZ,Belize,2021,17.774993896484375,-88.92500305175781,0.0,0.0
BLZ,Belize,2021,17.774993896484375,-88.87500762939453,0.399795226752758,1.1378846533302917e-06
BLZ,Belize,2021,17.774993896484375,-88.82500457763672,0.0,0.0
BLZ,Belize,2021,17.774993896484375,-88.7750015258789,343.8798333257437,0.000978740011753887
BLZ,Belize,2021,17.774993896484375,-88.72500610351562,1127.1979499161669,0.003208195502714628
BLZ,Belize,2021,17.774993896484375,-88.67500305175781,567.139013633132,0.001614173298564946
BLZ,Belize,2021,17.774993896484375,-88.62500762939453,6.862937927263006,1.9533078990511246e-05
BLZ,Belize,2021,17.774993896484375,-88.57500457763672,256.3594796806574,0.0007296423222300176
BLZ,Belize,2021,17.774993896484375,-88.5250015258789,2033.8006707429886,0.0057885397731435905
BLZ,Belize,2021,17.774993896484375,-88.47500610351562,225.3018576801095,0.0006412470911753664
BLZ,Belize,2021,17.774993896484375,-88.42500305175781,0.641238808631897,1.8250738143836576e-06
BLZ,Belize,2021,17.774993896484375,-88.37500762939453,73.75103545188904,0.0002099078873190771
BLZ,Belize,2021,17.774993896484375,-88.32500457763672,1032.0691876412882,0.002937442998833856
BLZ,Belize,2021,17.774993896484375,-88.2750015258789,5.0415568351745605,1.4349121169436255e-05
BLZ,Belize,2021,17.824996948242188,-89.12500762939453,0.0,0.0
BLZ,Belize,2021,17.824996948242188,-89.07500457763672,0.0,0.0
BLZ,Belize,2021,17.824996948242188,-89.0250015258789,31.645074844435758,9.006722094068501e-05
BLZ,Belize,2021,17.824996948242188,-88.97500610351562,37.966602325476345,0.00010805935447541125
BLZ,Belize,2021,17.824996948242188,-88.92500305175781,125.2953523549176,0.00035661170778920166
BLZ,Belize,2021,17.824996948242188,-88.87500762939453,26.073143742978573,7.420856514516995e-05
BLZ,Belize,2021,17.824996948242188,-88.82500457763672,0.0,0.0
BLZ,Belize,2021,17.824996948242188,-88.7750015258789,72.60139453427372,0.00020663581534458098
BLZ,Belize,2021,17.824996948242188,-88.72500610351562,410.8485586275054,0.001169344300336582
BLZ,Belize,2021,17.824996948242188,-88.67500305175781,341.67570506073383,0.0009724666909163743
BLZ,Belize,2021,17.824996948242188,-88.62500762939453,59.308994263850764,0.00016880340199515532
BLZ,Belize,2021,17.824996948242188,-88.57500457763672,57.60047668236984,0.00016394067276323678
BLZ,Belize,2021,17.824996948242188,-88.5250015258789,31.746017456054688,9.03545206404868e-05
BLZ,Belize,2021,17.824996948242188,-88.47500610351562,50.49656820297241,0.00014372175093411695
BLZ,Belize,2021,17.824996948242188,-88.42500305175781,5.528684616088867,1.5735569003282e-05
BLZ,Belize,2021,17.824996948242188,-88.37500762939453,6.095796823501587,1.7349666006821944e-05
BLZ,Belize,2021,17.824996948242188,-88.32500457763672,469.0795165300369,0.0013350794290028119
BLZ,Belize,2021,17.824996948242188,-88.2750015258789,204.93166598677635,0.0005832700895450435
BLZ,Belize,2021,17.824996948242188,-88.22500610351562,10.123228468056721,2.8812415819765906e-05
BLZ,Belize,2021,17.875,-89.12500762939453,0.0,0.0
BLZ,Belize,2021,17.875,-89.07500457763672,57.92013552787122,0.000164850475758014
BLZ,Belize,2021,17.875,-89.0250015258789,31.53305086493492,8.97483817986714e-05
BLZ,Belize,2021,17.875,-88.97500610351562,760.6676737145716,0.0021649885098291603
BLZ,Belize,2021,17.875,-88.92500305175781,1868.6209417879581,0.0053184104018006405
BLZ,Belize,2021,17.875,-88.87500762939453,673.8695185780525,0.0019179463190820802
BLZ,Belize,2021,17.875,-88.82500457763672,44.160199992358685,0.00012568737817967148
BLZ,Belize,2021,17.875,-88.7750015258789,1226.2772266271168,0.0034901918370585008
BLZ,Belize,2021,17.875,-88.72500610351562,106.48743510262591,0.0003030812027446186
BLZ,Belize,2021,17.875,-88.67500305175781,1308.891319990158,0.0037253254822251437
BLZ,Belize,2021,17.875,-88.62500762939453,681.8882304057479,0.0019407689255507047
BLZ,Belize,2021,17.875,-88.57500457763672,25.920316517353058,7.377359308193954e-05
BLZ,Belize,2021,17.875,-88.5250015258789,165.81450286507607,0.00047193604496544966
BLZ,Belize,2021,17.875,-88.47500610351562,239.55204743149645,0.0006818055349488224
BLZ,Belize,2021,17.875,-88.42500305175781,0.0,0.0
BLZ,Belize,2021,17.875,-88.37500762939453,0.0,0.0
BLZ,Belize,2021,17.875,-88.32500457763672,1640.6266915429167,0.004669500307229109
BLZ,Belize,2021,17.875,-88.2750015258789,524.7421051265708,0.0014935045453882132
BLZ,Belize,2021,17.875,-88.22500610351562,23.02089275419712,6.552134397333123e-05
BLZ,Belize,2021,17.92499542236328,-89.12500762939453,45.070056937634945,0.00012827698452181046
BLZ,Belize,2021,17.92499542236328,-89.07500457763672,139.81258767855735,0.0003979302083068923
BLZ,Belize,2021,17.92499542236328,-89.0250015258789,288.81282003225147,0.0008220100031433786
BLZ,Belize,2021,17.92499542236328,-88.97500610351562,1303.3606265634583,0.003709584195808014
BLZ,Belize,2021,17.92499542236328,-88.92500305175781,145.34561222791672,0.0004136781294923279
BLZ,Belize,2021,17.92499542236328,-88.7750015258789,7.559101849794388,2.1514478943894287e-05
BLZ,Belize,2021,17.92499542236328,-88.72500610351562,573.8763434890517,0.0016333488757966773
BLZ,Belize,2021,17.92499542236328,-88.67500305175781,3333.1539815440774,0.009486718472332536
BLZ,Belize,2021,17.92499542236328,-88.62500762939453,2048.4205192625523,0.005830150328125811
BLZ,Belize,2021,17.92499542236328,-88.57500457763672,74.624475166323,0.00021239384407933183
BLZ,Belize,2021,17.92499542236328,-88.5250015258789,154.51009881508406,0.0004397618041972238
BLZ,Belize,2021,17.92499542236328,-88.47500610351562,80.09008258602645,0.00022794988474175539
BLZ,Belize,2021,17.92499542236328,-88.42500305175781,0.0,0.0
BLZ,Belize,2021,17.92499542236328,-88.37500762939453,30.20124986767769,8.595785151050924e-05
BLZ,Belize,2021,17.92499542236328,-88.32500457763672,89.23580956459045,0.00025398016643617035
BLZ,Belize,2021,17.92499542236328,-88.2750015258789,60.40906018044333,0.00017193437515436344
BLZ,Belize,2021,17.92499542236328,-88.22500610351562,8.1430879235297,2.31766018172946e-05
BLZ,Belize,2021,17.974998474121094,-89.07500457763672,26.1095254421366,7.431211359788723e-05
BLZ,Belize,2021,17.974998474121094,-89.0250015258789,94.83408750615303,0.0002699138097828454
BLZ,Belize,2021,17.974998474121094,-88.7750015258789,16.434750102460384,4.6776071027163915e-05
BLZ,Belize,2021,17.974998474121094,-88.72500610351562,1515.785360760992,0.00431418082142161
BLZ,Belize,2021,17.974998474121094,-88.67500305175781,233.04098978827366,0.0006632739666023251
BLZ,Belize,2021,17.974998474121094,-88.62500762939453,680.7967673391177,0.0019376624375536295
BLZ,Belize,2021,17.974998474121094,-88.57500457763672,1395.5417830203244,0.003971947316324642
BLZ,Belize,2021,17.974998474121094,-88.5250015258789,186.6328180134607,0.000531188481538911
BLZ,Belize,2021,17.974998474121094,-88.47500610351562,76.58836583818962,0.00021798340820316148
BLZ,Belize,2021,17.974998474121094,-88.42500305175781,34.093072887865894,9.703463630386135e-05
BLZ,Belize,2021,17.974998474121094,-88.37500762939453,621.7634849552514,0.0017696437580763578
BLZ,Belize,2021,17.974998474121094,-88.32500457763672,0.0,0.0
BLZ,Belize,2021,17.974998474121094,-88.2750015258789,1.340559720993042,3.8154590933474596e-06
BLZ,Belize,2021,17.974998474121094,-88.22500610351562,50.99273049831641,0.00014513391251998355
BLZ,Belize,2021,17.974998474121094,-88.17500305175781,90.36864396929741,0.00025720440423998423
BLZ,Belize,2021,18.024993896484375,-88.72500610351562,80.08130397742082,0.00022792489934087633
BLZ,Belize,2021,18.024993896484375,-88.67500305175781,1716.8566708564758,0.004886463686930056
BLZ,Belize,2021,18.024993896484375,-88.62500762939453,222.3369090632147,0.0006328083472801977
BLZ,Belize,2021,18.024993896484375,-88.57500457763672,1433.435325689642,0.004079798730694826
BLZ,Belize,2021,18.024993896484375,-88.5250015258789,1599.3673870570804,0.004552069366987923
BLZ,Belize,2021,18.024993896484375,-88.47500610351562,196.64575275795085,0.0005596869828169141
BLZ,Belize,2021,18.024993896484375,-88.42500305175781,125.31307202577591,0.0003566621409614421
BLZ,Belize,2021,18.024993896484375,-88.37500762939453,54.91969102640494,0.00015631070458786163
BLZ,Belize,2021,18.024993896484375,-88.32500457763672,0.0,0.0
BLZ,Belize,2021,18.024993896484375,-88.2750015258789,435.8692188686691,0.0012405573199012665
BLZ,Belize,2021,18.024993896484375,-88.22500610351562,184.62318366765976,0.0005254687232029604
BLZ,Belize,2021,18.024993896484375,-88.17500305175781,7.762179417535663,2.2092471957080867e-05
BLZ,Belize,2021,18.074996948242188,-88.72500610351562,2.297273524105549,6.538427956765662e-06
BLZ,Belize,2021,18.074996948242188,-88.67500305175781,64.7914980352948,0.00018440753252473165
BLZ,Belize,2021,18.074996948242188,-88.62500762939453,1575.7935830954993,0.004484974344452578
BLZ,Belize,2021,18.074996948242188,-88.57500457763672,13586.624683976203,0.0386698256605646
BLZ,Belize,2021,18.074996948242188,-88.5250015258789,492.6220076531575,0.0014020853299180076
BLZ,Belize,2021,18.074996948242188,-88.47500610351562,84.97700080275536,0.00024185887831844693
BLZ,Belize,2021,18.074996948242188,-88.42500305175781,65.40107929706573,0.00018614250362071182
BLZ,Belize,2021,18.074996948242188,-88.37500762939453,5.261993885040283,1.4976522196969607e-05
BLZ,Belize,2021,18.074996948242188,-88.32500457763672,0.0,0.0
BLZ,Belize,2021,18.074996948242188,-88.2750015258789,188.0236873702737,0.0005351471303420986
BLZ,Belize,2021,18.074996948242188,-88.22500610351562,347.9665338397026,0.0009903714507667062
BLZ,Belize,2021,18.074996948242188,-88.17500305175781,4.648243725299835,1.3229685714152962e-05
BLZ,Belize,2021,18.074996948242188,-88.12500762939453,22.426376938856187,6.382925167915046e-05
BLZ,Belize,2021,18.125,-88.67500305175781,616.4870242774487,0.0017546260609469083
BLZ,Belize,2021,18.125,-88.62500762939453,84.54568564146757,0.00024063128261460535
BLZ,Belize,2021,18.125,-88.57500457763672,2462.034684777444,0.007007366012170153
BLZ,Belize,2021,18.125,-88.5250015258789,762.5106588453054,0.002170233956388418
BLZ,Belize,2021,18.125,-88.47500610351562,80.71278095255158,0.00022972218933047666
BLZ,Belize,2021,18.125,-88.42500305175781,25.97401279214213,7.392642173754847e-05
BLZ,Belize,2021,18.125,-88.37500762939453,5.405684471130371,1.538548984290166e-05
BLZ,Belize,2021,18.125,-88.32500457763672,0.600558340549469,1.7092903401854674e-06
BLZ,Belize,2021,18.125,-88.2750015258789,15.453090727329254,4.398210285792836e-05
BLZ,Belize,2021,18.125,-88.22500610351562,0.0,0.0
BLZ,Belize,2021,18.125,-88.17500305175781,4.1409502029418945,1.1785842778574477e-05
BLZ,Belize,2021,18.125,-88.12500762939453,10.941192626953125,3.114047979127008e-05
BLZ,Belize,2021,18.17499542236328,-88.67500305175781,92.27994821593165,0.0002626442985272542
BLZ,Belize,2021,18.17499542236328,-88.62500762939453,441.9179964829236,0.0012577731613073084
BLZ,Belize,2021,18.17499542236328,-88.57500457763672,1105.9697670937096,0.0031477765136037296
BLZ,Belize,2021,18.17499542236328,-88.5250015258789,751.7708699405193,0.0021396667055634836
BLZ,Belize,2021,18.17499542236328,-88.47500610351562,21.9712800905155,6.253396928242966e-05
BLZ,Belize,2021,18.17499542236328,-88.42500305175781,187.86671672809106,0.0005347003654164296
BLZ,Belize,2021,18.17499542236328,-88.37500762939453,827.1517097353935,0.0023542132909602663
BLZ,Belize,2021,18.17499542236328,-88.32500457763672,787.8014357398727,0.002242215773512326
BLZ,Belize,2021,18.17499542236328,-88.2750015258789,657.596743658185,0.0018716312567467655
BLZ,Belize,2021,18.17499542236328,-88.22500610351562,1.2601391077218358,3.586568462521326e-06
BLZ,Belize,2021,18.17499542236328,-88.17500305175781,0.6001236438751221,1.7080531201250612e-06
BLZ,Belize,2021,18.17499542236328,-88.12500762939453,0.0,0.0
BLZ,Belize,2021,18.224998474121094,-88.62500762939453,215.0273642539978,0.0006120041497694013
BLZ,Belize,2021,18.224998474121094,-88.57500457763672,1793.1051097519405,0.0051034796057148925
BLZ,Belize,2021,18.224998474121094,-88.5250015258789,523.0625447258353,0.0014887242331772322
BLZ,Belize,2021,18.224998474121094,-88.47500610351562,890.7953924145686,0.0025353539473664563
BLZ,Belize,2021,18.224998474121094,-88.42500305175781,1181.4446737468597,0.003362590829146489
BLZ,Belize,2021,18.224998474121094,-88.37500762939453,1226.1939692795277,0.0034899548726033017
BLZ,Belize,2021,18.224998474121094,-88.32500457763672,419.80377781394793,0.001194832364719511
BLZ,Belize,2021,18.224998474121094,-88.2750015258789,31.685547754237213,9.018241366900434e-05
BLZ,Belize,2021,18.224998474121094,-88.22500610351562,13.34977887570858,3.7995722538768194e-05
BLZ,Belize,2021,18.224998474121094,-88.17500305175781,15.058585763008251,4.285927518384736e-05
BLZ,Belize,2021,18.224998474121094,-88.12500762939453,140.68821355700493,0.0004004223872586949
BLZ,Belize,2021,18.274993896484375,-88.57500457763672,667.8310767563287,0.001900759895085036
BLZ,Belize,2021,18.274993896484375,-88.5250015258789,1394.5836173744096,0.00396922021527171
BLZ,Belize,2021,18.274993896484375,-88.47500610351562,312.80339697003365,0.000890291231870814
BLZ,Belize,2021,18.274993896484375,-88.42500305175781,26.433276891823017,7.5233564834521e-05
BLZ,Belize,2021,18.274993896484375,-88.37500762939453,980.4150564265058,0.0027904266283088554
BLZ,Belize,2021,18.274993896484375,-88.32500457763672,117.5593332056444,0.00033459369236834473
BLZ,Belize,2021,18.274993896484375,-88.2750015258789,12.085431575775146,3.439717685136919e-05
BLZ,Belize,2021,18.274993896484375,-88.22500610351562,7.5110985934734344,2.1377853579151567e-05
BLZ,Belize,2021,18.274993896484375,-88.17500305175781,0.0,0.0
BLZ,Belize,2021,18.274993896484375,-88.12500762939453,4.390180006634737,1.2495192840299921e-05
BLZ,Belize,2021,18.324996948242188,-88.57500457763672,2.3580889105796814,6.711518805091526e-06
BLZ,Belize,2021,18.324996948242188,-88.5250015258789,3542.924861539364,0.01008376178123087
BLZ,Belize,2021,18.324996948242188,-88.47500610351562,3700.488538026826,0.010532214582565235
BLZ,Belize,2021,18.324996948242188,-88.42500305175781,806.7896388769666,0.00229625940259592
BLZ,Belize,2021,18.324996948242188,-88.37500762939453,716.1866607023444,0.002038388043679775
BLZ,Belize,2021,18.324996948242188,-88.32500457763672,268.37148240208626,0.0007638305081758401
BLZ,Belize,2021,18.324996948242188,-88.2750015258789,0.7347384691238403,2.091189619791134e-06
BLZ,Belize,2021,18.324996948242188,-88.22500610351562,47.05343928933712,0.00013392202525433462
BLZ,Belize,2021,18.324996948242188,-88.17500305175781,189.6753403544859,0.0005398480133381943
BLZ,Belize,2021,18.324996948242188,-88.12500762939453,130.9846339225769,0.0003728043628063611
BLZ,Belize,2021,18.375,-88.5250015258789,57.47003763935101,0.00016356942124417351
BLZ,Belize,2021,18.375,-88.47500610351562,894.9010387811145,0.0025470393094715496
BLZ,Belize,2021,18.375,-88.42500305175781,6725.2052800655365,0.01914106864366066
BLZ,Belize,2021,18.375,-88.37500762939453,6710.218687593937,0.019098414273528087
BLZ,Belize,2021,18.375,-88.32500457763672,52.370324760692256,0.00014905477816514227
BLZ,Belize,2021,18.42499542236328,-88.5250015258789,100.217653632164,0.0002852363470845853
BLZ,Belize,2021,18.42499542236328,-88.47500610351562,819.6682502925396,0.0023329141030659865
BLZ,Belize,2021,18.42499542236328,-88.42500305175781,1728.0818474292755,0.004918412432933996
BLZ,Belize,2021,18.42499542236328,-88.37500762939453,4067.155106499842,0.011575809486245129
BLZ,Belize,2021,18.42499542236328,-88.32500457763672,317.429436147213,0.0009034577196955232
BLZ,Belize,2021,18.474998474121094,-88.47500610351562,6.953585267066956,1.9791076610107432e-05
BLZ,Belize,2021,18.474998474121094,-88.42500305175781,377.8220208288016,0.0010753452028010372
BLZ,Belize,2021,18.474998474121094,-88.37500762939453,895.0949924588464,0.0025475913343547397
BLZ,Belize,2021,18.474998474121094,-88.32500457763672,454.06123647093773,0.0012923348706511096
BLZ,Belize,2022,15.924995422363281,-89.22500610351562,0.671761572470966,1.8925680060834038e-06
BLZ,Belize,2022,15.924995422363281,-89.17500305175781,55.13079649209976,0.00015532115242473585
BLZ,Belize,2022,15.924995422363281,-89.12500762939453,80.07318538444792,0.00022559186921985059
BLZ,Belize,2022,15.924995422363281,-89.07500457763672,2.5667242109775543,7.231286100911556e-06
BLZ,Belize,2022,15.924995422363281,-89.0250015258789,0.0,0.0
BLZ,Belize,2022,15.924995422363281,-88.97500610351562,0.0,0.0
BLZ,Belize,2022,15.924995422363281,-88.92500305175781,1.398799652496674e-11,3.940867679432805e-17
BLZ,Belize,2022,15.974998474121094,-89.17500305175781,21.582801043987274,6.08056792937188e-05
BLZ,Belize,2022,15.974998474121094,-89.12500762939453,205.2056005005152,0.0005781300540128663
BLZ,Belize,2022,15.974998474121094,-89.07500457763672,17.628299951553345,4.9664580198048525e-05
BLZ,Belize,2022,15.974998474121094,-89.0250015258789,19.730205416679382,5.558632267057039e-05
BLZ,Belize,2022,15.974998474121094,-88.97500610351562,3.715097188949585,1.0466621443429264e-05
BLZ,Belize,2022,15.974998474121094,-88.92500305175781,44.994727090001106,0.00012676459092436518
BLZ,Belize,2022,16.024993896484375,-89.17500305175781,168.47973912970278,0.0004746615123834505
BLZ,Belize,2022,16.024993896484375,-89.12500762939453,38.84453499330824,0.00010943752538435023
BLZ,Belize,2022,16.024993896484375,-89.07500457763672,214.99173104784094,0.0006057007254180465
BLZ,Belize,2022,16.024993896484375,-89.0250015258789,388.37320205576975,0.001094171990111392
BLZ,Belize,2022,16.024993896484375,-88.97500610351562,54.39732772111893,0.00015325473543051333
BLZ,Belize,2022,16.024993896484375,-88.92500305175781,269.2923521995555,0.0007586830073967205
BLZ,Belize,2022,16.024993896484375,-88.87500762939453,2.373249053955078,6.686204472014829e-06
BLZ,Belize,2022,16.074996948242188,-89.17500305175781,9.248169004939939,2.6055061037832734e-05
BLZ,Belize,2022,16.074996948242188,-89.12500762939453,220.08300375997857,0.0006200444751055944
BLZ,Belize,2022,16.074996948242188,-89.07500457763672,140.02240109464492,0.00039448805544493436
BLZ,Belize,2022,16.074996948242188,-89.0250015258789,46.555326521499424,0.000131161300524025
BLZ,Belize,2022,16.074996948242188,-88.97500610351562,259.05024105312384,0.0007298276922598539
BLZ,Belize,2022,16.074996948242188,-88.92500305175781,180.70633524656296,0.0005091077587636322
BLZ,Belize,2022,16.074996948242188,-88.87500762939453,94.08707427978516,0.0002650734931337714
BLZ,Belize,2022,16.074996948242188,-88.82500457763672,2396.9912651777267,0.006753093903019906
BLZ,Belize,2022,16.125,-89.17500305175781,308.6122162938118,0.0008694596874539194
BLZ,Belize,2022,16.125,-89.12500762939453,31.686415732104777,8.927080544582835e-05
BLZ,Belize,2022,16.125,-89.07500457763672,331.27065122127533,0.0009332957727094415
BLZ,Belize,2022,16.125,-89.0250015258789,132.72037151456573,0.00037391589393843527
BLZ,Belize,2022,16.125,-88.97500610351562,253.75441187620163,0.0007149076413419976
BLZ,Belize,2022,16.125,-88.92500305175781,361.63674918934703,0.0010188468191507749
BLZ,Belize,2022,16.125,-88.87500762939453,204.907071888536,0.0005772890030759184
BLZ,Belize,2022,16.125,-88.82500457763672,5041.358870744705,0.014203126372443043
BLZ,Belize,2022,16.17499542236328,-89.17500305175781,321.5810117726681,0.0009059969477060059
BLZ,Belize,2022,16.17499542236328,-89.12500762939453,37.102324128371166,0.00010452915807375462
BLZ,Belize,2022,16.17499542236328,-89.07500457763672,219.10858363037826,0.0006172992207812339
BLZ,Belize,2022,16.17499542236328,-89.0250015258789,376.2279082536932,0.0010599547984525366
BLZ,Belize,2022,16.17499542236328,-88.97500610351562,25.1467102766037,7.084635572810449e-05
BLZ,Belize,2022,16.17499542236328,-88.92500305175781,489.86144787089563,0.0013800969594672966
BLZ,Belize,2022,16.17499542236328,-88.87500762939453,988.2573831083171,0.002784238309682931
BLZ,Belize,2022,16.17499542236328,-88.82500457763672,272.10881781578064,0.0007666178952110007
BLZ,Belize,2022,16.17499542236328,-88.7750015258789,18.089539766311646,5.096404082860003e-05
BLZ,Belize,2022,16.224998474121094,-89.17500305175781,223.95918709072606,0.000630964927924148
BLZ,Belize,2022,16.224998474121094,-89.12500762939453,558.5369899496616,0.0015735780084957813
BLZ,Belize,2022,16.224998474121094,-89.07500457763672,308.1081939935684,0.0008680396948272432
BLZ,Belize,2022,16.224998474121094,-89.0250015258789,1358.267237127002,0.0038266748531659536
BLZ,Belize,2022,16.224998474121094,-88.97500610351562,586.7868358492851,0.0016531668934773268
BLZ,Belize,2022,16.224998474121094,-88.92500305175781,1140.5196139074396,0.00321320989477276
BLZ,Belize,2022,16.224998474121094,-88.87500762939453,211.06825596105142,0.0005946470365405927
BLZ,Belize,2022,16.224998474121094,-88.82500457763672,270.7634988427437,0.0007628276997745733
BLZ,Belize,2022,16.224998474121094,-88.7750015258789,16.61966323852539,4.682292677358096e-05
BLZ,Belize,2022,16.274993896484375,-89.17500305175781,38.35549068455201,0.00010805973056809612
BLZ,Belize,2022,16.274993896484375,-89.12500762939453,73.90739476680756,0.00020822085763871442
BLZ,Belize,2022,16.274993896484375,-89.07500457763672,665.7147634031425,0.001875532203724893
BLZ,Belize,2022,16.274993896484375,-89.0250015258789,519.5139860515393,0.0014636376789124808
BLZ,Belize,2022,16.274993896484375,-88.97500610351562,1366.5840103030205,0.0038501058731465814
BLZ,Belize,2022,16.274993896484375,-88.92500305175781,746.8505071403432,0.0021041176409388454
BLZ,Belize,2022,16.274993896484375,-88.87500762939453,1611.3362512590493,0.004539651509028599
BLZ,Belize,2022,16.274993896484375,-88.82500457763672,143.56905907392502,0.00040448012956048086
BLZ,Belize,2022,16.274993896484375,-88.7750015258789,0.0,0.0
BLZ,Belize,2022,16.274993896484375,-88.72500610351562,1.2192351423347527e-22,3.4349768084941016e-28
BLZ,Belize,2022,16.274993896484375,-88.67500305175781,8.21234548108203,2.3136813639442323e-05
BLZ,Belize,2022,16.274993896484375,-88.62500762939453,3.8546744883060455,1.0859855504386181e-05
BLZ,Belize,2022,16.274993896484375,-88.57500457763672,1.2495034039020538,3.5202522183859257e-06
BLZ,Belize,2022,16.324996948242188,-89.17500305175781,0.0,0.0
BLZ,Belize,2022,16.324996948242188,-89.12500762939453,1.0011012554168701,2.8204236212600363e-06
BLZ,Belize,2022,16.324996948242188,-89.07500457763672,12.946121156224544,3.6473379406067505e-05
BLZ,Belize,2022,16.324996948242188,-89.0250015258789,0.0,0.0
BLZ,Belize,2022,16.324996948242188,-88.97500610351562,18.847192943596138,5.309859305932925e-05
BLZ,Belize,2022,16.324996948242188,-88.92500305175781,53.381961591711,0.0001503941230797507
BLZ,Belize,2022,16.324996948242188,-88.87500762939453,102.12243831159194,0.00028771169321403593
BLZ,Belize,2022,16.324996948242188,-88.82500457763672,679.082493007304,0.0019131933894782705
BLZ,Belize,2022,16.324996948242188,-88.7750015258789,82.10256314294769,0.00023130927785914858
BLZ,Belize,2022,16.324996948242188,-88.72500610351562,0.0,0.0
BLZ,Belize,2022,16.324996948242188,-88.67500305175781,2.4497872889567036,6.901837251176858e-06
BLZ,Belize,2022,16.324996948242188,-88.62500762939453,28.809497982279016,8.116560456417325e-05
BLZ,Belize,2022,16.324996948242188,-88.57500457763672,0.09437845647335052,2.658944103158242e-07
BLZ,Belize,2022,16.324996948242188,-88.5250015258789,1.6487741470336914,4.6451260801588716e-06
BLZ,Belize,2022,16.375,-89.17500305175781,0.0,0.0
BLZ,Belize,2022,16.375,-89.12500762939453,0.0,0.0
BLZ,Belize,2022,16.375,-89.07500457763672,0.0,0.0
BLZ,Belize,2022,16.375,-89.0250015258789,0.0,0.0
BLZ,Belize,2022,16.375,-88.97500610351562,1.7862927913665771,5.032560249021859e-06
BLZ,Belize,2022,16.375,-88.92500305175781,1.0336257219314575,2.9120554848005778e-06
BLZ,Belize,2022,16.375,-88.87500762939453,0.0,0.0
BLZ,Belize,2022,16.375,-88.82500457763672,106.14519917966615,0.00029904510201120353
BLZ,Belize,2022,16.375,-88.7750015258789,179.64239835740648,0.0005061103069899279
BLZ,Belize,2022,16.375,-88.72500610351562,0.8802965879440308,2.4800780909200706e-06
BLZ,Belize,2022,16.375,-88.67500305175781,1.441187560558319,4.060288024284017e-06
BLZ,Belize,2022,16.375,-88.62500762939453,1.4168711155653,3.991780792400841e-06
BLZ,Belize,2022,16.375,-88.57500457763672,0.0,0.0
BLZ,Belize,2022,16.375,-88.5250015258789,44.6854810716502,0.00012589334561304618
BLZ,Belize,2022,16.375,-88.47500610351562,108.26796752266299,0.0003050256219083224
BLZ,Belize,2022,16.42499542236328,-89.17500305175781,0.42119064182043076,1.1866292533509487e-06
BLZ,Belize,2022,16.42499542236328,-89.12500762939453,0.0,0.0
BLZ,Belize,2022,16.42499542236328,-89.07500457763672,0.0,0.0
BLZ,Belize,2022,16.42499542236328,-89.0250015258789,0.0,0.0
BLZ,Belize,2022,16.42499542236328,-88.97500610351562,0.0,0.0
BLZ,Belize,2022,16.42499542236328,-88.92500305175781,0.0,0.0
BLZ,Belize,2022,16.42499542236328,-88.87500762939453,0.0,0.0
BLZ,Belize,2022,16.42499542236328,-88.82500457763672,0.9800847768783569,2.7612134542714387e-06
BLZ,Belize,2022,16.42499542236328,-88.7750015258789,28.148603498953644,7.93036526368878e-05
BLZ,Belize,2022,16.42499542236328,-88.72500610351562,117.84673398733702,0.0003320120821223297
BLZ,Belize,2022,16.42499542236328,-88.67500305175781,0.847594141960144,2.3879448020775477e-06
BLZ,Belize,2022,16.42499542236328,-88.62500762939453,12.989774525181518,3.65963649605133e-05
BLZ,Belize,2022,16.42499542236328,-88.57500457763672,28.83718818429547,8.124361675267276e-05
BLZ,Belize,2022,16.42499542236328,-88.5250015258789,323.414120903856,0.0009111614046138106
BLZ,Belize,2022,16.42499542236328,-88.47500610351562,182.65535061440272,0.0005145987607496051
BLZ,Belize,2022,16.474998474121094,-89.17500305175781,9.594655275344849,2.7031224094471162e-05
BLZ,Belize,2022,16.474998474121094,-89.12500762939453,0.0,0.0
BLZ,Belize,2022,16.474998474121094,-89.07500457763672,0.0,0.0
BLZ,Belize,2022,16.474998474121094,-89.0250015258789,0.0,0.0
BLZ,Belize,2022,16.474998474121094,-88.97500610351562,0.0,0.0
BLZ,Belize,2022,16.474998474121094,-88.92500305175781,0.6417964696884155,1.8081466918116545e-06
BLZ,Belize,2022,16.474998474121094,-88.87500762939453,0.32077381014823914,9.037228015930725e-07
BLZ,Belize,2022,16.474998474121094,-88.82500457763672,0.0,0.0
BLZ,Belize,2022,16.474998474121094,-88.7750015258789,0.791274905204773,2.229275431904757e-06
BLZ,Belize,2022,16.474998474121094,-88.72500610351562,12.23176634311676,3.446081256735046e-05
BLZ,Belize,2022,16.474998474121094,-88.67500305175781,87.26339417695999,0.00024584899566981
BLZ,Belize,2022,16.474998474121094,-88.62500762939453,524.7870983036944,0.001478493728960426
BLZ,Belize,2022,16.474998474121094,-88.57500457763672,25.85896873474121,7.285301646187489e-05
BLZ,Belize,2022,16.474998474121094,-88.5250015258789,392.416542083025,0.001105563377006525
BLZ,Belize,2022,16.474998474121094,-88.47500610351562,81.78878462318004,0.0002304252630362642
BLZ,Belize,2022,16.474998474121094,-88.42500305175781,199.42474231871452,0.0005618435206788175
BLZ,Belize,2022,16.524993896484375,-89.17500305175781,0.0,0.0
BLZ,Belize,2022,16.524993896484375,-89.12500762939453,2.739692449569702,7.718593157229142e-06
BLZ,Belize,2022,16.524993896484375,-89.07500457763672,0.0,0.0
BLZ,Belize,2022,16.524993896484375,-89.0250015258789,0.0,0.0
BLZ,Belize,2022,16.524993896484375,-88.97500610351562,0.0,0.0
BLZ,Belize,2022,16.524993896484375,-88.92500305175781,0.0,0.0
BLZ,Belize,2022,16.524993896484375,-88.87500762939453,0.4009677767753601,1.129654950348082e-06
BLZ,Belize,2022,16.524993896484375,-88.82500457763672,5.788328126112371,1.6307578565260145e-05
BLZ,Belize,2022,16.524993896484375,-88.7750015258789,0.0,0.0
BLZ,Belize,2022,16.524993896484375,-88.72500610351562,10.365044996142387,2.9201659257104647e-05
BLZ,Belize,2022,16.524993896484375,-88.67500305175781,107.07663077134808,0.0003016692438235855
BLZ,Belize,2022,16.524993896484375,-88.62500762939453,749.4137965142727,0.0021113392500011026
BLZ,Belize,2022,16.524993896484375,-88.57500457763672,445.7087760570275,0.0012557047085818248
BLZ,Belize,2022,16.524993896484375,-88.5250015258789,3313.0695490837097,0.009333980518506067
BLZ,Belize,2022,16.524993896484375,-88.47500610351562,232.47704212367535,0.0006549624600493025
BLZ,Belize,2022,16.524993896484375,-88.42500305175781,6026.255583209917,0.016977896594044174
BLZ,Belize,2022,16.524993896484375,-88.37500762939453,1711.0259748846638,0.004820509463994889
BLZ,Belize,2022,16.574996948242188,-89.17500305175781,0.0,0.0
BLZ,Belize,2022,16.574996948242188,-89.12500762939453,0.0,0.0
BLZ,Belize,2022,16.574996948242188,-89.07500457763672,0.0,0.0
BLZ,Belize,2022,16.574996948242188,-89.0250015258789,0.0,0.0
BLZ,Belize,2022,16.574996948242188,-88.97500610351562,0.0,0.0
BLZ,Belize,2022,16.574996948242188,-88.92500305175781,0.0,0.0
BLZ,Belize,2022,16.574996948242188,-88.87500762939453,0.0,0.0
BLZ,Belize,2022,16.574996948242188,-88.82500457763672,0.10426652431582867,2.937522718065023e-07
BLZ,Belize,2022,16.574996948242188,-88.7750015258789,0.0,0.0
BLZ,Belize,2022,16.574996948242188,-88.72500610351562,16.497950315475464,4.6480022395701954e-05
BLZ,Belize,2022,16.574996948242188,-88.67500305175781,22.122951924800873,6.232745773026336e-05
BLZ,Belize,2022,16.574996948242188,-88.62500762939453,17.771392941510285,5.006771908807341e-05
BLZ,Belize,2022,16.574996948242188,-88.57500457763672,389.55079871519,0.0010974896579462633
BLZ,Belize,2022,16.574996948242188,-88.5250015258789,1677.6108333915472,0.004726368283105362
BLZ,Belize,2022,16.574996948242188,-88.47500610351562,2.636739254006815,7.4285409541392e-06
BLZ,Belize,2022,16.574996948242188,-88.42500305175781,474.0892357827441,0.0013356615746425897
BLZ,Belize,2022,16.574996948242188,-88.37500762939453,1465.3220095456295,0.004128282514992711
BLZ,Belize,2022,16.625,-89.17500305175781,0.0,0.0
BLZ,Belize,2022,16.625,-89.12500762939453,0.0,0.0
BLZ,Belize,2022,16.625,-89.07500457763672,0.0,0.0
BLZ,Belize,2022,16.625,-89.0250015258789,0.0,0.0
BLZ,Belize,2022,16.625,-88.97500610351562,0.5641729831695557,1.5894564107259647e-06
BLZ,Belize,2022,16.625,-88.92500305175781,0.0,0.0
BLZ,Belize,2022,16.625,-88.87500762939453,0.0,0.0
BLZ,Belize,2022,16.625,-88.82500457763672,0.0,0.0
BLZ,Belize,2022,16.625,-88.7750015258789,1.4633442163467407,4.1227104366180915e-06
BLZ,Belize,2022,16.625,-88.72500610351562,1.2435349225997925,3.503437090488661e-06
BLZ,Belize,2022,16.625,-88.67500305175781,0.0,0.0
BLZ,Belize,2022,16.625,-88.62500762939453,14.035082176343321,3.954133219021968e-05
BLZ,Belize,2022,16.625,-88.57500457763672,1060.85364300032,0.002988765279464101
BLZ,Belize,2022,16.625,-88.5250015258789,266.6468791570809,0.0007512298605566487
BLZ,Belize,2022,16.625,-88.47500610351562,347.28051376388987,0.0009784006951575842
BLZ,Belize,2022,16.625,-88.42500305175781,25.79756121353773,7.268001176091364e-05
BLZ,Belize,2022,16.625,-88.37500762939453,833.7360940724611,0.002348902232312017
BLZ,Belize,2022,16.67499542236328,-89.12500762939453,0.0,0.0
BLZ,Belize,2022,16.67499542236328,-89.07500457763672,0.48032522201538086,1.3532303498061542e-06
BLZ,Belize,2022,16.67499542236328,-89.0250015258789,0.6001154780387878,1.6907179574353305e-06
BLZ,Belize,2022,16.67499542236328,-88.97500610351562,11.115337491147898,3.131547408284521e-05
BLZ,Belize,2022,16.67499542236328,-88.92500305175781,0.0,0.0
BLZ,Belize,2022,16.67499542236328,-88.87500762939453,0.0,0.0
BLZ,Belize,2022,16.67499542236328,-88.82500457763672,0.0,0.0
BLZ,Belize,2022,16.67499542236328,-88.7750015258789,0.7086524367332458,1.9965014138291616e-06
BLZ,Belize,2022,16.67499542236328,-88.72500610351562,0.0,0.0
BLZ,Belize,2022,16.67499542236328,-88.67500305175781,0.0,0.0
BLZ,Belize,2022,16.67499542236328,-88.62500762939453,0.0,0.0
BLZ,Belize,2022,16.67499542236328,-88.57500457763672,200.99263036251068,0.0005662607646391923
BLZ,Belize,2022,16.67499542236328,-88.5250015258789,867.3763926626887,0.0024436777530265617
BLZ,Belize,2022,16.67499542236328,-88.47500610351562,1136.946240828223,0.0032031425556443113
BLZ,Belize,2022,16.67499542236328,-88.42500305175781,921.5052352547908,0.0025961760796565283
BLZ,Belize,2022,16.67499542236328,-88.37500762939453,465.43736732006073,0.0013112864836633804
BLZ,Belize,2022,16.67499542236328,-88.32500457763672,427.21754294658933,0.001203608968646719
BLZ,Belize,2022,16.724998474121094,-89.12500762939453,1.2426694631576538,3.5009988134006617e-06
BLZ,Belize,2022,16.724998474121094,-89.07500457763672,0.0,0.0
BLZ,Belize,2022,16.724998474121094,-89.0250015258789,0.6905452609062195,1.945487686555802e-06
BLZ,Belize,2022,16.724998474121094,-88.97500610351562,31.804129898643062,8.960244404288842e-05
BLZ,Belize,2022,16.724998474121094,-88.92500305175781,0.0,0.0
BLZ,Belize,2022,16.724998474121094,-88.87500762939453,0.0,0.0
BLZ,Belize,2022,16.724998474121094,-88.82500457763672,0.0,0.0
BLZ,Belize,2022,16.724998474121094,-88.7750015258789,0.0,0.0
BLZ,Belize,2022,16.724998474121094,-88.72500610351562,0.0,0.0
BLZ,Belize,2022,16.724998474121094,-88.67500305175781,0.0,0.0
BLZ,Belize,2022,16.724998474121094,-88.62500762939453,0.0,0.0
BLZ,Belize,2022,16.724998474121094,-88.57500457763672,0.0,0.0
BLZ,Belize,2022,16.724998474121094,-88.5250015258789,0.9506604075431824,2.6783155597132624e-06
BLZ,Belize,2022,16.724998474121094,-88.47500610351562,16.61735739112178,4.6816430461196e-05
BLZ,Belize,2022,16.724998474121094,-88.42500305175781,1092.2937854532813,0.0030773422540211724
BLZ,Belize,2022,16.724998474121094,-88.37500762939453,245.01638592811491,0.000690289817067165
BLZ,Belize,2022,16.724998474121094,-88.32500457763672,325.1035432815927,0.0009159210498092108
BLZ,Belize,2022,16.774993896484375,-89.12500762939453,68.60117137432098,0.00019327152287874577
BLZ,Belize,2022,16.774993896484375,-89.07500457763672,10.33594834804535,2.911968465848305e-05
BLZ,Belize,2022,16.774993896484375,-89.0250015258789,12.308170735836029,3.467606826983554e-05
BLZ,Belize,2022,16.774993896484375,-88.97500610351562,0.0,0.0
BLZ,Belize,2022,16.774993896484375,-88.92500305175781,0.0,0.0
BLZ,Belize,2022,16.774993896484375,-88.87500762939453,0.0,0.0
BLZ,Belize,2022,16.774993896484375,-88.82500457763672,0.0,0.0
BLZ,Belize,2022,16.774993896484375,-88.7750015258789,0.0,0.0
BLZ,Belize,2022,16.774993896484375,-88.72500610351562,0.0,0.0
BLZ,Belize,2022,16.774993896484375,-88.67500305175781,0.0,0.0
BLZ,Belize,2022,16.774993896484375,-88.62500762939453,0.0,0.0
BLZ,Belize,2022,16.774993896484375,-88.57500457763672,0.0,0.0
BLZ,Belize,2022,16.774993896484375,-88.5250015258789,0.0,0.0
BLZ,Belize,2022,16.774993896484375,-88.47500610351562,36.785810589790344,0.00010363743782484712
BLZ,Belize,2022,16.774993896484375,-88.42500305175781,31.612307919189334,8.906201994592445e-05
BLZ,Belize,2022,16.774993896484375,-88.37500762939453,561.4749783873558,0.001581855265110759
BLZ,Belize,2022,16.774993896484375,-88.32500457763672,223.13941756635904,0.000628655374002401
BLZ,Belize,2022,16.824996948242188,-89.12500762939453,0.7558141946792603,2.129371226359461e-06
BLZ,Belize,2022,16.824996948242188,-89.07500457763672,17.003426134586334,4.79041100516528e-05
BLZ,Belize,2022,16.824996948242188,-89.0250015258789,20.36116313934326,5.7363933132437814e-05
BLZ,Belize,2022,16.824996948242188,-88.97500610351562,0.0,0.0
BLZ,Belize,2022,16.824996948242188,-88.92500305175781,0.0,0.0
BLZ,Belize,2022,16.824996948242188,-88.87500762939453,0.0,0.0
BLZ,Belize,2022,16.824996948242188,-88.82500457763672,0.0,0.0
BLZ,Belize,2022,16.824996948242188,-88.7750015258789,0.0,0.0
BLZ,Belize,2022,16.824996948242188,-88.72500610351562,0.0,0.0
BLZ,Belize,2022,16.824996948242188,-88.67500305175781,0.0,0.0
BLZ,Belize,2022,16.824996948242188,-88.62500762939453,0.0,0.0
BLZ,Belize,2022,16.824996948242188,-88.57500457763672,0.0,0.0
BLZ,Belize,2022,16.824996948242188,-88.5250015258789,0.0,0.0
BLZ,Belize,2022,16.824996948242188,-88.47500610351562,4.201021197580701e-10,1.1835625372517204e-15
BLZ,Belize,2022,16.824996948242188,-88.42500305175781,16.923065662384033,4.767770880323902e-05
BLZ,Belize,2022,16.824996948242188,-88.37500762939453,466.1055369377282,0.0013131689319796527
BLZ,Belize,2022,16.824996948242188,-88.32500457763672,1150.2370269299765,0.0032405869668501396
BLZ,Belize,2022,16.875,-89.12500762939453,0.0,0.0
BLZ,Belize,2022,16.875,-89.07500457763672,0.0,0.0
BLZ,Belize,2022,16.875,-89.0250015258789,53.56488831574097,0.0001509094863865313
BLZ,Belize,2022,16.875,-88.97500610351562,0.0,0.0
BLZ,Belize,2022,16.875,-88.92500305175781,0.0,0.0
BLZ,Belize,2022,16.875,-88.87500762939453,0.0,0.0
BLZ,Belize,2022,16.875,-88.82500457763672,0.0,0.0
BLZ,Belize,2022,16.875,-88.7750015258789,0.0,0.0
BLZ,Belize,2022,16.875,-88.72500610351562,0.0,0.0
BLZ,Belize,2022,16.875,-88.67500305175781,0.0,0.0
BLZ,Belize,2022,16.875,-88.62500762939453,0.0,0.0
BLZ,Belize,2022,16.875,-88.57500457763672,1.381855130209097,3.893129520428151e-06
BLZ,Belize,2022,16.875,-88.5250015258789,0.0,0.0
BLZ,Belize,2022,16.875,-88.47500610351562,0.0,0.0
BLZ,Belize,2022,16.875,-88.42500305175781,6.520554304122925,1.8370494776174247e-05
BLZ,Belize,2022,16.875,-88.37500762939453,309.5680794135623,0.0008721526607241537
BLZ,Belize,2022,16.875,-88.32500457763672,1783.8479967042804,0.0050256724776027726
BLZ,Belize,2022,16.92499542236328,-89.12500762939453,2.137138605117798,6.021005538816336e-06
BLZ,Belize,2022,16.92499542236328,-89.07500457763672,52.066055595881735,0.00014668679344260116
BLZ,Belize,2022,16.92499542236328,-89.0250015258789,15.452846109896806,4.3535628337515674e-05
BLZ,Belize,2022,16.92499542236328,-88.97500610351562,3.08759206533432,8.698738061473844e-06
BLZ,Belize,2022,16.92499542236328,-88.92500305175781,3.152183532720031,8.88071296097654e-06
BLZ,Belize,2022,16.92499542236328,-88.87500762939453,0.7562249304102086,2.130528400772533e-06
BLZ,Belize,2022,16.92499542236328,-88.82500457763672,2.199015401303768,6.1953323380551715e-06
BLZ,Belize,2022,16.92499542236328,-88.7750015258789,0.0,0.0
BLZ,Belize,2022,16.92499542236328,-88.72500610351562,0.0,0.0
BLZ,Belize,2022,16.92499542236328,-88.67500305175781,0.0,0.0
BLZ,Belize,2022,16.92499542236328,-88.62500762939453,0.4005170464515686,1.1283850983274585e-06
BLZ,Belize,2022,16.92499542236328,-88.57500457763672,0.0,0.0
BLZ,Belize,2022,16.92499542236328,-88.5250015258789,0.5211387724339995,1.468215223759015e-06
BLZ,Belize,2022,16.92499542236328,-88.47500610351562,0.0,0.0
BLZ,Belize,2022,16.92499542236328,-88.42500305175781,0.0,0.0
BLZ,Belize,2022,16.92499542236328,-88.37500762939453,99.50813037219389,0.00028034634847430177
BLZ,Belize,2022,16.92499542236328,-88.32500457763672,299.51400917770536,0.0008438271171993777
BLZ,Belize,2022,16.92499542236328,-88.2750015258789,23.039752252567716,6.49103785751042e-05
BLZ,Belize,2022,16.974998474121094,-89.12500762939453,13.856355846062677,3.903780274108844e-05
BLZ,Belize,2022,16.974998474121094,-89.07500457763672,84.59856504204895,0.00023834131650343502
BLZ,Belize,2022,16.974998474121094,-89.0250015258789,84.32936197519302,0.0002375828850415147
BLZ,Belize,2022,16.974998474121094,-88.97500610351562,125.39704018976546,0.000353283718578532
BLZ,Belize,2022,16.974998474121094,-88.92500305175781,19.095468580735126,5.3798065233378814e-05
BLZ,Belize,2022,16.974998474121094,-88.87500762939453,2.9522392159743993,8.317405632337488e-06
BLZ,Belize,2022,16.974998474121094,-88.82500457763672,40.511688232421875,0.00011413443126716055
BLZ,Belize,2022,16.974998474121094,-88.7750015258789,16.765966534614563,4.723511012658882e-05
BLZ,Belize,2022,16.974998474121094,-88.72500610351562,1.9163199067115784,5.398888375711335e-06
BLZ,Belize,2022,16.974998474121094,-88.67500305175781,0.4216983318405564,1.188059579121986e-06
BLZ,Belize,2022,16.974998474121094,-88.62500762939453,0.0,0.0
BLZ,Belize,2022,16.974998474121094,-88.57500457763672,0.0,0.0
BLZ,Belize,2022,16.974998474121094,-88.5250015258789,12.797806739808227,3.605553008146568e-05
BLZ,Belize,2022,16.974998474121094,-88.47500610351562,25.51510924140459,7.188425387951526e-05
BLZ,Belize,2022,16.974998474121094,-88.42500305175781,660.6950105132898,0.001861389948336817
BLZ,Belize,2022,16.974998474121094,-88.37500762939453,1183.4702488781522,0.003334215621979716
BLZ,Belize,2022,16.974998474121094,-88.32500457763672,1759.884312988295,0.004958159087484382
BLZ,Belize,2022,16.974998474121094,-88.2750015258789,1353.7246903181542,0.0038138770405061156
BLZ,Belize,2022,17.024993896484375,-89.12500762939453,376.29451400044223,0.0010601424482236525
BLZ,Belize,2022,17.024993896484375,-89.07500457763672,239.58969795742394,0.0006750010949175047
BLZ,Belize,2022,17.024993896484375,-89.0250015258789,2.2515289783477783,6.343279943085504e-06
BLZ,Belize,2022,17.024993896484375,-88.97500610351562,244.6625200810098,0.0006892928633738876
BLZ,Belize,2022,17.024993896484375,-88.92500305175781,69.59463340044022,0.0001960704243386433
BLZ,Belize,2022,17.024993896484375,-88.87500762939453,25.03972285242901,7.054493780790179e-05
BLZ,Belize,2022,17.024993896484375,-88.82500457763672,43.732194781303406,0.00012320763209848482
BLZ,Belize,2022,17.024993896484375,-88.7750015258789,37.658076763164445,0.00010609489165990996
BLZ,Belize,2022,17.024993896484375,-88.72500610351562,0.07215077430009842,2.0327189385399498e-07
BLZ,Belize,2022,17.024993896484375,-88.67500305175781,0.5239050984382629,1.4760088521900188e-06
BLZ,Belize,2022,17.024993896484375,-88.62500762939453,0.0,0.0
BLZ,Belize,2022,17.024993896484375,-88.57500457763672,38.68361747264862,0.00010898416906910519
BLZ,Belize,2022,17.024993896484375,-88.5250015258789,556.6058260800586,0.0015681372999112294
BLZ,Belize,2022,17.024993896484375,-88.47500610351562,587.0879884511404,0.0016540153370361384
BLZ,Belize,2022,17.024993896484375,-88.42500305175781,463.75344085696133,0.0013065423222238738
BLZ,Belize,2022,17.024993896484375,-88.37500762939453,231.5020501613617,0.0006522155946886123
BLZ,Belize,2022,17.024993896484375,-88.32500457763672,1456.9536575381276,0.00410470618088538
BLZ,Belize,2022,17.024993896484375,-88.2750015258789,60.39949927479391,0.0001701647795816324
BLZ,Belize,2022,17.074996948242188,-89.12500762939453,6600.0181014538875,0.018594369803614844
BLZ,Belize,2022,17.074996948242188,-89.07500457763672,279.86366979418847,0.0007884658027837156
BLZ,Belize,2022,17.074996948242188,-89.0250015258789,1199.143489003352,0.0033783721710116984
BLZ,Belize,2022,17.074996948242188,-88.97500610351562,390.1059037447342,0.0010990535670205304
BLZ,Belize,2022,17.074996948242188,-88.92500305175781,74.46928115189075,0.00020980387196856178
BLZ,Belize,2022,17.074996948242188,-88.87500762939453,18.016316414463844,5.075774713946329e-05
BLZ,Belize,2022,17.074996948242188,-88.82500457763672,8.006625175476074,2.2557233495911026e-05
BLZ,Belize,2022,17.074996948242188,-88.7750015258789,2.9375518561579494,8.276026624633606e-06
BLZ,Belize,2022,17.074996948242188,-88.72500610351562,0.5604772120856141,1.579044237124626e-06
BLZ,Belize,2022,17.074996948242188,-88.67500305175781,107.17074584960938,0.0003019343962129254
BLZ,Belize,2022,17.074996948242188,-88.62500762939453,667.4059795743524,0.0018802969026123707
BLZ,Belize,2022,17.074996948242188,-88.57500457763672,268.47632598890476,0.0007563839995914328
BLZ,Belize,2022,17.074996948242188,-88.5250015258789,69.75011420249939,0.00019650846367223453
BLZ,Belize,2022,17.074996948242188,-88.47500610351562,0.0,0.0
BLZ,Belize,2022,17.074996948242188,-88.42500305175781,3.0892940163612366,8.703533003896071e-06
BLZ,Belize,2022,17.074996948242188,-88.37500762939453,79.34554028511047,0.00022354185937822787
BLZ,Belize,2022,17.074996948242188,-88.32500457763672,455.8428735435611,0.0012842557145630023
BLZ,Belize,2022,17.074996948242188,-88.2750015258789,189.66529415547848,0.0005343480221154961
BLZ,Belize,2022,17.125,-89.12500762939453,830.7091084197164,0.002340374241971358
BLZ,Belize,2022,17.125,-89.07500457763672,4365.682632684708,0.012299529496665495
BLZ,Belize,2022,17.125,-89.0250015258789,343.1874857247092,0.0009668693211814546
BLZ,Belize,2022,17.125,-88.97500610351562,456.7060794830322,0.0012866876428105428
BLZ,Belize,2022,17.125,-88.92500305175781,512.9167035818145,0.0014450510162616701
BLZ,Belize,2022,17.125,-88.87500762939453,17.554101943969727,4.945554059080907e-05
BLZ,Belize,2022,17.125,-88.82500457763672,178.80813755095005,0.0005037599264743812
BLZ,Belize,2022,17.125,-88.7750015258789,184.5571367741859,0.0005199567028944328
BLZ,Belize,2022,17.125,-88.72500610351562,79.46110650897026,0.00022386744653120596
BLZ,Belize,2022,17.125,-88.67500305175781,211.43279008567333,0.000595674046196485
BLZ,Belize,2022,17.125,-88.62500762939453,202.9614452725063,0.0005718075482916894
BLZ,Belize,2022,17.125,-88.57500457763672,320.2494258731772,0.000902245442746503
BLZ,Belize,2022,17.125,-88.5250015258789,69.9133710861206,0.00019696841072395095
BLZ,Belize,2022,17.125,-88.47500610351562,0.0,0.0
BLZ,Belize,2022,17.125,-88.42500305175781,0.0,0.0
BLZ,Belize,2022,17.125,-88.37500762939453,79.09675908088684,0.00022284096285939804
BLZ,Belize,2022,17.125,-88.32500457763672,307.19703513388407,0.000865472667809078
BLZ,Belize,2022,17.17499542236328,-89.12500762939453,2179.657019123511,0.006140793560808467
BLZ,Belize,2022,17.17499542236328,-89.07500457763672,13191.349499702454,0.03716426637559743
BLZ,Belize,2022,17.17499542236328,-89.0250015258789,2689.1733391284943,0.007576264604904938
BLZ,Belize,2022,17.17499542236328,-88.97500610351562,1268.0440166592598,0.0035724870766383845
BLZ,Belize,2022,17.17499542236328,-88.92500305175781,712.6434516906738,0.0020077453842046104
BLZ,Belize,2022,17.17499542236328,-88.87500762939453,346.66793096072064,0.000976674852742856
BLZ,Belize,2022,17.17499542236328,-88.82500457763672,320.40899772208155,0.0009026950078724109
BLZ,Belize,2022,17.17499542236328,-88.7750015258789,817.8612204792224,0.002304177617069932
BLZ,Belize,2022,17.17499542236328,-88.72500610351562,727.2749890685193,0.002048967122178199
BLZ,Belize,2022,17.17499542236328,-88.67500305175781,90.79926517607302,0.0002558106793992685
BLZ,Belize,2022,17.17499542236328,-88.62500762939453,36.60969462990761,0.00010314126262713715
BLZ,Belize,2022,17.17499542236328,-88.57500457763672,15.30138535797596,4.310891477572569e-05
BLZ,Belize,2022,17.17499542236328,-88.5250015258789,329.87960374372045,0.0009293767453955098
BLZ,Belize,2022,17.17499542236328,-88.47500610351562,1.1398950815200806,3.2114503865431793e-06
BLZ,Belize,2022,17.17499542236328,-88.42500305175781,18.512805402753685,5.215651600793809e-05
BLZ,Belize,2022,17.17499542236328,-88.37500762939453,80.2307722568512,0.00022603584202971546
BLZ,Belize,2022,17.17499542236328,-88.32500457763672,539.6587598919868,0.0015203919739222103
BLZ,Belize,2022,17.224998474121094,-89.12500762939453,104.84589079022584,0.00029538453315960136
BLZ,Belize,2022,17.224998474121094,-89.07500457763672,368.49365285056024,0.0010381649180445146
BLZ,Belize,2022,17.224998474121094,-89.0250015258789,2539.379110813145,0.00715424617511773
BLZ,Belize,2022,17.224998474121094,-88.97500610351562,1871.2173491567373,0.005271819991750571
BLZ,Belize,2022,17.224998474121094,-88.92500305175781,2482.254017055059,0.006993306447063041
BLZ,Belize,2022,17.224998474121094,-88.87500762939453,1760.6258293392416,0.004960248177094892
BLZ,Belize,2022,17.224998474121094,-88.82500457763672,1725.1478772759438,0.004860295396602584
BLZ,Belize,2022,17.224998474121094,-88.7750015258789,9368.454736828851,0.026393944560038254
BLZ,Belize,2022,17.224998474121094,-88.72500610351562,660.4780424242555,0.0018607786795764784
BLZ,Belize,2022,17.224998474121094,-88.67500305175781,119.80361352117151,0.0003375252399885526
BLZ,Belize,2022,17.224998474121094,-88.62500762939453,235.13286670301954,0.0006624447704919023
BLZ,Belize,2022,17.224998474121094,-88.57500457763672,96.87838806957006,0.0002729375201784483
BLZ,Belize,2022,17.224998474121094,-88.5250015258789,0.0,0.0
BLZ,Belize,2022,17.224998474121094,-88.47500610351562,0.0,0.0
BLZ,Belize,2022,17.224998474121094,-88.42500305175781,31.709492504775717,8.933582012280673e-05
BLZ,Belize,2022,17.224998474121094,-88.37500762939453,22.895824074745178,6.450488669274054e-05
BLZ,Belize,2022,17.224998474121094,-88.32500457763672,26.989306479721925,7.603754076318333e-05
BLZ,Belize,2022,17.274993896484375,-89.12500762939453,45.29225176622944,0.00012760281345200822
BLZ,Belize,2022,17.274993896484375,-89.07500457763672,418.80743543058634,0.0011799149958671182
BLZ,Belize,2022,17.274993896484375,-89.0250015258789,3452.0972684323788,0.009725666236148699
BLZ,Belize,2022,17.274993896484375,-88.97500610351562,2026.7284649014603,0.005709944728725633
BLZ,Belize,2022,17.274993896484375,-88.92500305175781,539.3845037818176,0.0015196193064150915
BLZ,Belize,2022,17.274993896484375,-88.87500762939453,236.81252807428822,0.0006671769157984941
BLZ,Belize,2022,17.274993896484375,-88.82500457763672,1998.3937014343942,0.0056301166036954115
BLZ,Belize,2022,17.274993896484375,-88.7750015258789,9748.381202221291,0.027464319381302928
BLZ,Belize,2022,17.274993896484375,-88.72500610351562,1668.9981321694686,0.004702103538816843
BLZ,Belize,2022,17.274993896484375,-88.67500305175781,859.186086084228,0.0024206030300509794
BLZ,Belize,2022,17.274993896484375,-88.62500762939453,1186.45335420986,0.0033426199873690613
BLZ,Belize,2022,17.274993896484375,-88.57500457763672,127.65679007772569,0.00035965015946316434
BLZ,Belize,2022,17.274993896484375,-88.5250015258789,19.209673047065735,5.411981587823054e-05
BLZ,Belize,2022,17.274993896484375,-88.47500610351562,30.67265258729458,8.64147092172856e-05
BLZ,Belize,2022,17.274993896484375,-88.42500305175781,25.227843403816223,7.107493379372844e-05
BLZ,Belize,2022,17.274993896484375,-88.37500762939453,42.577484130859375,0.00011995444149802279
BLZ,Belize,2022,17.274993896484375,-88.32500457763672,403.08260904822964,0.001135613111787926
BLZ,Belize,2022,17.274993896484375,-88.2750015258789,0.0,0.0
BLZ,Belize,2022,17.324996948242188,-89.12500762939453,96.06716880947351,0.0002706520550960529
BLZ,Belize,2022,17.324996948242188,-89.07500457763672,435.873193353623,0.0012279947145772852
BLZ,Belize,2022,17.324996948242188,-89.0250015258789,1393.1301007272793,0.0039248947319953376
BLZ,Belize,2022,17.324996948242188,-88.97500610351562,234.36454868316747,0.0006602801719759129
BLZ,Belize,2022,17.324996948242188,-88.92500305175781,208.16688245534897,0.000586472935943572
BLZ,Belize,2022,17.324996948242188,-88.87500762939453,301.421735167516,0.0008492017937522635
BLZ,Belize,2022,17.324996948242188,-88.82500457763672,1871.4816178977662,0.005272564521632564
BLZ,Belize,2022,17.324996948242188,-88.7750015258789,161.51328594983744,0.00045503477732685273
BLZ,Belize,2022,17.324996948242188,-88.72500610351562,395.610159099102,0.0011145608213915597
BLZ,Belize,2022,17.324996948242188,-88.67500305175781,128.41114342224813,0.00036177541500565354
BLZ,Belize,2022,17.324996948242188,-88.62500762939453,0.13782243430614471,3.8829004274372186e-07
BLZ,Belize,2022,17.324996948242188,-88.57500457763672,1247.685411721468,0.0035151303507809798
BLZ,Belize,2022,17.324996948242188,-88.5250015258789,445.94816225784194,0.0012563791363599617
BLZ,Belize,2022,17.324996948242188,-88.47500610351562,86.85282346629043,0.0002446922861718404
BLZ,Belize,2022,17.324996948242188,-88.42500305175781,0.0,0.0
BLZ,Belize,2022,17.324996948242188,-88.37500762939453,36.56428050994873,0.00010301331647186297
BLZ,Belize,2022,17.324996948242188,-88.32500457763672,67.29789981256492,0.00018959978849842813
BLZ,Belize,2022,17.324996948242188,-88.2750015258789,0.0,0.0
BLZ,Belize,2022,17.375,-89.12500762939453,51.36550070346623,0.00014471310541067954
BLZ,Belize,2022,17.375,-89.07500457763672,119.19657580563162,0.00033581501986582236
BLZ,Belize,2022,17.375,-89.0250015258789,397.94792769858446,0.0011211470660329916
BLZ,Belize,2022,17.375,-88.97500610351562,181.69740691819456,0.0005118999258275596
BLZ,Belize,2022,17.375,-88.92500305175781,484.6195629985151,0.0013653288869731398
BLZ,Belize,2022,17.375,-88.87500762939453,34.83002102381177,9.812735074798804e-05
BLZ,Belize,2022,17.375,-88.82500457763672,123.90509869194699,0.000349080440419388
BLZ,Belize,2022,17.375,-88.7750015258789,225.4264764636755,0.0006350987531334343
BLZ,Belize,2022,17.375,-88.72500610351562,22.218645632267,6.259705762486247e-05
BLZ,Belize,2022,17.375,-88.67500305175781,108.95805683767182,0.0003069698250489124
BLZ,Belize,2022,17.375,-88.62500762939453,9.91827404499054,2.7942962060289355e-05
BLZ,Belize,2022,17.375,-88.57500457763672,90.41300034524184,0.00025472244736774976
BLZ,Belize,2022,17.375,-88.5250015258789,450.7185112240334,0.0012698187408286398
BLZ,Belize,2022,17.375,-88.47500610351562,219.18138188138744,0.0006175043168248376
BLZ,Belize,2022,17.375,-88.42500305175781,259.341644898057,0.0007306486704407604
BLZ,Belize,2022,17.375,-88.37500762939453,25.7235227824164,7.247142173179748e-05
BLZ,Belize,2022,17.375,-88.32500457763672,0.0,0.0
BLZ,Belize,2022,17.375,-88.2750015258789,0.0,0.0
BLZ,Belize,2022,17.42499542236328,-89.12500762939453,8.038391458541072e-13,2.264672931327352e-18
BLZ,Belize,2022,17.42499542236328,-89.07500457763672,1.3765304868185169e-11,3.878128290620159e-17
BLZ,Belize,2022,17.42499542236328,-89.0250015258789,10.488628894090652,2.954983477191362e-05
BLZ,Belize,2022,17.42499542236328,-88.97500610351562,5.250204324729121,1.479151106222664e-05
BLZ,Belize,2022,17.42499542236328,-88.92500305175781,17.276231124998596,4.8672689288561224e-05
BLZ,Belize,2022,17.42499542236328,-88.87500762939453,12.191272974044043,3.434672974703721e-05
BLZ,Belize,2022,17.42499542236328,-88.82500457763672,0.0,0.0
BLZ,Belize,2022,17.42499542236328,-88.7750015258789,45.44556932152534,0.00012803475822499756
BLZ,Belize,2022,17.42499542236328,-88.72500610351562,0.0,0.0
BLZ,Belize,2022,17.42499542236328,-88.67500305175781,3.3731079102534425,9.503127856109138e-06
BLZ,Belize,2022,17.42499542236328,-88.62500762939453,0.5936883091982037,1.6726105594895937e-06
BLZ,Belize,2022,17.42499542236328,-88.57500457763672,0.7436084747314453,2.094983794849382e-06
BLZ,Belize,2022,17.42499542236328,-88.5250015258789,57.10248547792435,0.00016087603327151118
BLZ,Belize,2022,17.42499542236328,-88.47500610351562,405.72501723471726,0.0011430576239447679
BLZ,Belize,2022,17.42499542236328,-88.42500305175781,1152.3340248168827,0.00324649488309933
BLZ,Belize,2022,17.42499542236328,-88.37500762939453,1394.7381138807045,0.00392942502127095
BLZ,Belize,2022,17.42499542236328,-88.32500457763672,84.67226570859407,0.00023854895494130704
BLZ,Belize,2022,17.42499542236328,-88.2750015258789,55.62104082107544,0.00015670232808319212
BLZ,Belize,2022,17.42499542236328,-88.22500610351562,0.0,0.0
BLZ,Belize,2022,17.474998474121094,-89.12500762939453,0.0,0.0
BLZ,Belize,2022,17.474998474121094,-89.07500457763672,0.0,0.0
BLZ,Belize,2022,17.474998474121094,-89.0250015258789,8.959288866350335e-11,2.524119294788441e-16
BLZ,Belize,2022,17.474998474121094,-88.97500610351562,10.893874824048254,3.069154265319678e-05
BLZ,Belize,2022,17.474998474121094,-88.92500305175781,0.0,0.0
BLZ,Belize,2022,17.474998474121094,-88.87500762939453,0.0,0.0
BLZ,Belize,2022,17.474998474121094,-88.82500457763672,41.722886354213635,0.00011754676520865058
BLZ,Belize,2022,17.474998474121094,-88.7750015258789,241.31906490027905,0.0006798732767762956
BLZ,Belize,2022,17.474998474121094,-88.72500610351562,0.5432605147361755,1.5305392735940175e-06
BLZ,Belize,2022,17.474998474121094,-88.67500305175781,0.0,0.0
BLZ,Belize,2022,17.474998474121094,-88.62500762939453,0.0,0.0
BLZ,Belize,2022,17.474998474121094,-88.57500457763672,147.05204933893623,0.0004142928312856083
BLZ,Belize,2022,17.474998474121094,-88.5250015258789,3.952781915664673,1.1136255622801878e-05
BLZ,Belize,2022,17.474998474121094,-88.47500610351562,1.4634377043520885e-10,4.122973822341724e-16
BLZ,Belize,2022,17.474998474121094,-88.42500305175781,642.3695927119927,0.001809761363359451
BLZ,Belize,2022,17.474998474121094,-88.37500762939453,2931.689238951515,0.008259509749879965
BLZ,Belize,2022,17.474998474121094,-88.32500457763672,715.6606031812041,0.0020162456685532382
BLZ,Belize,2022,17.474998474121094,-88.2750015258789,2947.4923002123833,0.008304032046727762
BLZ,Belize,2022,17.474998474121094,-88.22500610351562,10522.5665909063,0.029645448158903284
BLZ,Belize,2022,17.524993896484375,-89.12500762939453,47.4492037370801,0.00013367963960280284
BLZ,Belize,2022,17.524993896484375,-89.07500457763672,3.8169142008122536,1.075347265228526e-05
BLZ,Belize,2022,17.524993896484375,-89.0250015258789,9.55117416381836,2.690872384450705e-05
BLZ,Belize,2022,17.524993896484375,-88.97500610351562,4.425032615661621,1.2466737451908506e-05
BLZ,Belize,2022,17.524993896484375,-88.92500305175781,0.0,0.0
BLZ,Belize,2022,17.524993896484375,-88.87500762939453,0.0,0.0
BLZ,Belize,2022,17.524993896484375,-88.82500457763672,0.0,0.0
BLZ,Belize,2022,17.524993896484375,-88.7750015258789,30.852052867493644,8.692013739969599e-05
BLZ,Belize,2022,17.524993896484375,-88.72500610351562,0.781543746601814,2.201859634114568e-06
BLZ,Belize,2022,17.524993896484375,-88.67500305175781,16.815914392471313,4.73758292769927e-05
BLZ,Belize,2022,17.524993896484375,-88.62500762939453,293.2454155833048,0.0008261664766297437
BLZ,Belize,2022,17.524993896484375,-88.57500457763672,1562.7517363131356,0.0044027733332801765
BLZ,Belize,2022,17.524993896484375,-88.5250015258789,168.56199842693172,0.0004748932632315464
BLZ,Belize,2022,17.524993896484375,-88.47500610351562,2.205098867416382,6.212471415076912e-06
BLZ,Belize,2022,17.524993896484375,-88.42500305175781,365.22268177596067,0.0010289495424435548
BLZ,Belize,2022,17.524993896484375,-88.37500762939453,170.86096715927923,0.0004813701961912909
BLZ,Belize,2022,17.524993896484375,-88.32500457763672,5167.963572398045,0.01455981246106149
BLZ,Belize,2022,17.524993896484375,-88.2750015258789,2599.624678790586,0.0073239772808179684
BLZ,Belize,2022,17.524993896484375,-88.22500610351562,20706.7247300148,0.058337491069416283
BLZ,Belize,2022,17.574996948242188,-89.12500762939453,0.0,0.0
BLZ,Belize,2022,17.574996948242188,-89.07500457763672,166.00893318654656,0.0004677004588357495
BLZ,Belize,2022,17.574996948242188,-89.0250015258789,96.57361355430683,0.00027207887252681933
BLZ,Belize,2022,17.574996948242188,-88.97500610351562,8.174288779497147,2.302959569368862e-05
BLZ,Belize,2022,17.574996948242188,-88.92500305175781,0.0,0.0
BLZ,Belize,2022,17.574996948242188,-88.87500762939453,0.0,0.0
BLZ,Belize,2022,17.574996948242188,-88.82500457763672,0.0,0.0
BLZ,Belize,2022,17.574996948242188,-88.7750015258789,0.0,0.0
BLZ,Belize,2022,17.574996948242188,-88.72500610351562,9.466525375843048,2.6670241033877486e-05
BLZ,Belize,2022,17.574996948242188,-88.67500305175781,0.0,0.0
BLZ,Belize,2022,17.574996948242188,-88.62500762939453,64.72485256220493,0.00018235068836568326
BLZ,Belize,2022,17.574996948242188,-88.57500457763672,408.4565254449855,0.0011507531594724886
BLZ,Belize,2022,17.574996948242188,-88.5250015258789,1472.4672288447618,0.004148412891596788
BLZ,Belize,2022,17.574996948242188,-88.47500610351562,548.793014288002,0.0015461261009365567
BLZ,Belize,2022,17.574996948242188,-88.42500305175781,4353.666003674269,0.012265674795030096
BLZ,Belize,2022,17.574996948242188,-88.37500762939453,2075.799477034091,0.005848193523229819
BLZ,Belize,2022,17.574996948242188,-88.32500457763672,9963.446555972112,0.028070227525510454
BLZ,Belize,2022,17.574996948242188,-88.2750015258789,4258.862976431847,0.011998584232557329
BLZ,Belize,2022,17.625,-89.12500762939453,6.375353425746187,1.7961417287772814e-05
BLZ,Belize,2022,17.625,-89.07500457763672,1.4014883041381836,3.9484424742480365e-06
BLZ,Belize,2022,17.625,-89.0250015258789,5.523066520746501,1.5560251465689465e-05
BLZ,Belize,2022,17.625,-88.97500610351562,0.0,0.0
BLZ,Belize,2022,17.625,-88.92500305175781,0.0,0.0
BLZ,Belize,2022,17.625,-88.87500762939453,0.41116464138031006,1.1583827914520426e-06
BLZ,Belize,2022,17.625,-88.82500457763672,0.0,0.0
BLZ,Belize,2022,17.625,-88.7750015258789,0.0,0.0
BLZ,Belize,2022,17.625,-88.72500610351562,29.92487975962038,8.43079931033092e-05
BLZ,Belize,2022,17.625,-88.67500305175781,20.013297080993652,5.638388277020417e-05
BLZ,Belize,2022,17.625,-88.62500762939453,94.1702952385019,0.0002653079532910018
BLZ,Belize,2022,17.625,-88.57500457763672,273.88688886166335,0.0007716272921635577
BLZ,Belize,2022,17.625,-88.5250015258789,112.05763626108609,0.00031570233534641357
BLZ,Belize,2022,17.625,-88.47500610351562,255.99792331457138,0.0007212283333010844
BLZ,Belize,2022,17.625,-88.42500305175781,18.978938192135004,5.346976171880023e-05
BLZ,Belize,2022,17.625,-88.37500762939453,3217.643708229709,0.009065135290146872
BLZ,Belize,2022,17.625,-88.32500457763672,108.7915383586903,0.00030650068903599213
BLZ,Belize,2022,17.625,-88.2750015258789,76.27103799581528,0.00021487999941808292
BLZ,Belize,2022,17.67499542236328,-89.12500762939453,0.0,0.0
BLZ,Belize,2022,17.67499542236328,-89.07500457763672,0.0,0.0
BLZ,Belize,2022,17.67499542236328,-89.0250015258789,13.021410286426544,3.668549305600736e-05
BLZ,Belize,2022,17.67499542236328,-88.97500610351562,6.3651416301727295,1.793264738133726e-05
BLZ,Belize,2022,17.67499542236328,-88.92500305175781,6.025356769561768,1.69753643474501e-05
BLZ,Belize,2022,17.67499542236328,-88.87500762939453,0.0,0.0
BLZ,Belize,2022,17.67499542236328,-88.82500457763672,0.0,0.0
BLZ,Belize,2022,17.67499542236328,-88.7750015258789,0.0,0.0
BLZ,Belize,2022,17.67499542236328,-88.72500610351562,136.62823006510735,0.0003849255860198831
BLZ,Belize,2022,17.67499542236328,-88.67500305175781,14.136624336280837,3.982740905296647e-05
BLZ,Belize,2022,17.67499542236328,-88.62500762939453,0.6312537789344788,1.77844454742501e-06
BLZ,Belize,2022,17.67499542236328,-88.57500457763672,14.46002104886299,4.073852141274943e-05
BLZ,Belize,2022,17.67499542236328,-88.5250015258789,1.4029613733291626,3.952592583060215e-06
BLZ,Belize,2022,17.67499542236328,-88.47500610351562,153.54241454615982,0.0004325782736841747
BLZ,Belize,2022,17.67499542236328,-88.42500305175781,1311.7128551605235,0.003695516213756654
BLZ,Belize,2022,17.67499542236328,-88.37500762939453,1219.0537847280625,0.003434465865894603
BLZ,Belize,2022,17.67499542236328,-88.32500457763672,122.87501521408558,0.00034617836457330367
BLZ,Belize,2022,17.67499542236328,-88.2750015258789,2.838735282421112,7.997628613212368e-06
BLZ,Belize,2022,17.724998474121094,-89.12500762939453,0.0,0.0
BLZ,Belize,2022,17.724998474121094,-89.07500457763672,0.0,0.0
BLZ,Belize,2022,17.724998474121094,-89.0250015258789,0.6576140522956848,1.8527098999540688e-06
BLZ,Belize,2022,17.724998474121094,-88.97500610351562,0.0,0.0
BLZ,Belize,2022,17.724998474121094,-88.92500305175781,0.0,0.0
BLZ,Belize,2022,17.724998474121094,-88.87500762939453,0.0,0.0
BLZ,Belize,2022,17.724998474121094,-88.82500457763672,0.0,0.0
BLZ,Belize,2022,17.724998474121094,-88.7750015258789,254.51241377001242,0.0007170431760191303
BLZ,Belize,2022,17.724998474121094,-88.72500610351562,642.3635333254933,0.0018097442921224303
BLZ,Belize,2022,17.724998474121094,-88.67500305175781,263.02512887120247,0.0007410262273064405
BLZ,Belize,2022,17.724998474121094,-88.62500762939453,0.39733394980430603,1.119417293198741e-06
BLZ,Belize,2022,17.724998474121094,-88.57500457763672,65.08296576887369,0.0001833596082343864
BLZ,Belize,2022,17.724998474121094,-88.5250015258789,1.1221716403961182,3.1615177631191685e-06
BLZ,Belize,2022,17.724998474121094,-88.47500610351562,716.1356148720954,0.0020175839289800586
BLZ,Belize,2022,17.724998474121094,-88.42500305175781,206.57600718736649,0.0005819909295930478
BLZ,Belize,2022,17.724998474121094,-88.37500762939453,0.0,0.0
BLZ,Belize,2022,17.724998474121094,-88.32500457763672,244.2587959766388,0.0006881554429638354
BLZ,Belize,2022,17.724998474121094,-88.2750015258789,0.0,0.0
BLZ,Belize,2022,17.774993896484375,-89.12500762939453,0.0,0.0
BLZ,Belize,2022,17.774993896484375,-89.07500457763672,0.0,0.0
BLZ,Belize,2022,17.774993896484375,-89.0250015258789,2.334891974925995,6.57814026657028e-06
BLZ,Belize,2022,17.774993896484375,-88.97500610351562,0.0,0.0
BLZ,Belize,2022,17.774993896484375,-88.92500305175781,0.0,0.0
BLZ,Belize,2022,17.774993896484375,-88.87500762939453,0.40038809925317764,1.1280218126735157e-06
BLZ,Belize,2022,17.774993896484375,-88.82500457763672,0.0,0.0
BLZ,Belize,2022,17.774993896484375,-88.7750015258789,347.50673304498196,0.000979038027495871
BLZ,Belize,2022,17.774993896484375,-88.72500610351562,1139.321490973277,0.0032098343978323642
BLZ,Belize,2022,17.774993896484375,-88.67500305175781,572.6980452090502,0.0016134742473022312
BLZ,Belize,2022,17.774993896484375,-88.62500762939453,6.9267217368063765,1.9514798826467268e-05
BLZ,Belize,2022,17.774993896484375,-88.57500457763672,259.14103128015995,0.0007300834774759113
BLZ,Belize,2022,17.774993896484375,-88.5250015258789,2055.6765525341034,0.005791500784826485
BLZ,Belize,2022,17.774993896484375,-88.47500610351562,228.08293262126784,0.0006425828429347155
BLZ,Belize,2022,17.774993896484375,-88.42500305175781,0.6412407755851746,1.8065811231276724e-06
BLZ,Belize,2022,17.774993896484375,-88.37500762939453,74.27586960792542,0.00020925896955806877
BLZ,Belize,2022,17.774993896484375,-88.32500457763672,1041.2191697956575,0.0029334486651678105
BLZ,Belize,2022,17.774993896484375,-88.2750015258789,5.076833248138428,1.4303069081943577e-05
BLZ,Belize,2022,17.824996948242188,-89.12500762939453,0.0,0.0
BLZ,Belize,2022,17.824996948242188,-89.07500457763672,0.0,0.0
BLZ,Belize,2022,17.824996948242188,-89.0250015258789,31.88695472486433,8.983578816770819e-05
BLZ,Belize,2022,17.824996948242188,-88.97500610351562,38.571590423621146,0.00010866855290781531
BLZ,Belize,2022,17.824996948242188,-88.92500305175781,126.54898855862491,0.0003565291269449916
BLZ,Belize,2022,17.824996948242188,-88.87500762939453,26.25594522804022,7.397142668534351e-05
BLZ,Belize,2022,17.824996948242188,-88.82500457763672,0.0,0.0
BLZ,Belize,2022,17.824996948242188,-88.7750015258789,73.18744558112323,0.00020619252965648106
BLZ,Belize,2022,17.824996948242188,-88.72500610351562,415.2061953027472,0.0011697691463165075
BLZ,Belize,2022,17.824996948242188,-88.67500305175781,345.11341379620205,0.0009722952788418757
BLZ,Belize,2022,17.824996948242188,-88.62500762939453,59.75032469674595,0.0001683358463899688
BLZ,Belize,2022,17.824996948242188,-88.57500457763672,58.015557766144404,0.00016344845103213166
BLZ,Belize,2022,17.824996948242188,-88.5250015258789,31.990259170532227,9.012682995510618e-05
BLZ,Belize,2022,17.824996948242188,-88.47500610351562,50.84215950965881,0.00014323868525886562
BLZ,Belize,2022,17.824996948242188,-88.42500305175781,5.7595202922821045,1.6226417649146434e-05
BLZ,Belize,2022,17.824996948242188,-88.37500762939453,6.134962201118469,1.728415803491001e-05
BLZ,Belize,2022,17.824996948242188,-88.32500457763672,472.87358582019806,0.001332236698436515
BLZ,Belize,2022,17.824996948242188,-88.2750015258789,206.43941050767899,0.0005816060928945703
BLZ,Belize,2022,17.824996948242188,-88.22500610351562,10.19071058934567,2.8710503266372154e-05
BLZ,Belize,2022,17.875,-89.12500762939453,0.0,0.0
BLZ,Belize,2022,17.875,-89.07500457763672,58.68203130366647,0.00016532612094613972
BLZ,Belize,2022,17.875,-89.0250015258789,31.777673721313477,8.952790849809227e-05
BLZ,Belize,2022,17.875,-88.97500610351562,768.8493016288819,0.002166095307312746
BLZ,Belize,2022,17.875,-88.92500305175781,1889.3847970962524,0.005323003524914041
BLZ,Belize,2022,17.875,-88.87500762939453,681.0660551786423,0.001918781720900301
BLZ,Belize,2022,17.875,-88.82500457763672,44.51442187279463,0.0001254114169345279
BLZ,Belize,2022,17.875,-88.7750015258789,1239.6391826870538,0.003492461540500365
BLZ,Belize,2022,17.875,-88.72500610351562,107.34477596746379,0.00030242469492402114
BLZ,Belize,2022,17.875,-88.67500305175781,1322.9245892167091,0.003727103267909517
BLZ,Belize,2022,17.875,-88.62500762939453,688.9908686056733,0.0019411084644367176
BLZ,Belize,2022,17.875,-88.57500457763672,26.31954848766327,7.415061748633325e-05
BLZ,Belize,2022,17.875,-88.5250015258789,167.43551383912563,0.0004717195945109826
BLZ,Belize,2022,17.875,-88.47500610351562,242.18622249367635,0.0006823163381015502
BLZ,Belize,2022,17.875,-88.42500305175781,0.0,0.0
BLZ,Belize,2022,17.875,-88.37500762939453,0.0,0.0
BLZ,Belize,2022,17.875,-88.32500457763672,1656.5852005336233,0.004667132325460162
BLZ,Belize,2022,17.875,-88.2750015258789,530.046545624923,0.0014933112805110824
BLZ,Belize,2022,17.875,-88.22500610351562,23.202052861452103,6.53676314938929e-05
BLZ,Belize,2022,17.92499542236328,-89.12500762939453,45.4378771558404,0.0001280130869248378
BLZ,Belize,2022,17.92499542236328,-89.07500457763672,141.31194576633624,0.00039812111676917943
BLZ,Belize,2022,17.92499542236328,-89.0250015258789,291.3976342752701,0.0008209606834895346
BLZ,Belize,2022,17.92499542236328,-88.97500610351562,1316.9755139649203,0.0037103428130863814
BLZ,Belize,2022,17.92499542236328,-88.92500305175781,146.99263858795166,0.00041412545212737926
BLZ,Belize,2022,17.92499542236328,-88.7750015258789,7.600798517465591,2.1413889517271066e-05
BLZ,Belize,2022,17.92499542236328,-88.72500610351562,580.0804259631665,0.0016342727838612276
BLZ,Belize,2022,17.92499542236328,-88.67500305175781,3369.359901546035,0.009492568512352587
BLZ,Belize,2022,17.92499542236328,-88.62500762939453,2071.0240274071693,0.005834739548562392
BLZ,Belize,2022,17.92499542236328,-88.57500457763672,75.52137400967271,0.00021276795530358024
BLZ,Belize,2022,17.92499542236328,-88.5250015258789,156.02264046681057,0.00043956586633258455
BLZ,Belize,2022,17.92499542236328,-88.47500610351562,80.73567587158796,0.000227458317602249
BLZ,Belize,2022,17.92499542236328,-88.42500305175781,0.0,0.0
BLZ,Belize,2022,17.92499542236328,-88.37500762939453,30.387866646051407,8.561237579562732e-05
BLZ,Belize,2022,17.92499542236328,-88.32500457763672,89.89159697294235,0.00025325348668122483
BLZ,Belize,2022,17.92499542236328,-88.2750015258789,60.813464939852054,0.00017133105375600092
BLZ,Belize,2022,17.92499542236328,-88.22500610351562,8.200679540637108,2.310394694007796e-05
BLZ,Belize,2022,17.974998474121094,-89.07500457763672,26.429056108011164,7.445913560821751e-05
BLZ,Belize,2022,17.974998474121094,-89.0250015258789,95.65465740136247,0.0002694898780303662
BLZ,Belize,2022,17.974998474121094,-88.7750015258789,16.568893432617188,4.6679891931645164e-05
BLZ,Belize,2022,17.974998474121094,-88.72500610351562,1532.788757979875,0.004318358004264092
BLZ,Belize,2022,17.974998474121094,-88.67500305175781,235.52501880007475,0.0006635495888423703
BLZ,Belize,2022,17.974998474121094,-88.62500762939453,688.6261560097417,0.001940080951969851
BLZ,Belize,2022,17.974998474121094,-88.57500457763672,1409.5858932886817,0.00397125598246386
BLZ,Belize,2022,17.974998474121094,-88.5250015258789,188.64657889309706,0.0005314779741819708
BLZ,Belize,2022,17.974998474121094,-88.47500610351562,77.30151863422144,0.00021778319419292277
BLZ,Belize,2022,17.974998474121094,-88.42500305175781,34.73864750739385,9.786992221848792e-05
BLZ,Belize,2022,17.974998474121094,-88.37500762939453,628.2703537349137,0.0017700392808652234
BLZ,Belize,2022,17.974998474121094,-88.32500457763672,0.0,0.0
BLZ,Belize,2022,17.974998474121094,-88.2750015258789,1.3466671705245972,3.7939937415635226e-06
BLZ,Belize,2022,17.974998474121094,-88.22500610351562,51.3791004419352,0.00014475142023988717
BLZ,Belize,2022,17.974998474121094,-88.17500305175781,91.44210663437843,0.0002576217701594882
BLZ,Belize,2022,18.024993896484375,-88.72500610351562,80.89059209405852,0.00022789476633389142
BLZ,Belize,2022,18.024993896484375,-88.67500305175781,1733.8396404981613,0.004884782883926865
BLZ,Belize,2022,18.024993896484375,-88.62500762939453,225.3090894222807,0.0006347680361529208
BLZ,Belize,2022,18.024993896484375,-88.57500457763672,1447.85551971945,0.004079073805863942
BLZ,Belize,2022,18.024993896484375,-88.5250015258789,1616.6791950173576,0.004554704296847471
BLZ,Belize,2022,18.024993896484375,-88.47500610351562,198.77723422663155,0.0005600192825131112
BLZ,Belize,2022,18.024993896484375,-88.42500305175781,126.3590459227562,0.00035599399756223456
BLZ,Belize,2022,18.024993896484375,-88.37500762939453,55.311000466542154,0.00015582884487184065
BLZ,Belize,2022,18.024993896484375,-88.32500457763672,0.0,0.0
BLZ,Belize,2022,18.024993896484375,-88.2750015258789,441.0396630950272,0.0012425503184368707
BLZ,Belize,2022,18.024993896484375,-88.22500610351562,186.4859029352665,0.0005253906563643377
BLZ,Belize,2022,18.024993896484375,-88.17500305175781,7.831758541055024,2.2064578049099104e-05
BLZ,Belize,2022,18.074996948242188,-88.72500610351562,2.3113332092761993,6.511767660635685e-06
BLZ,Belize,2022,18.074996948242188,-88.67500305175781,65.29350075135994,0.00018395275286835105
BLZ,Belize,2022,18.074996948242188,-88.62500762939453,1590.8505995277878,0.004481936851568004
BLZ,Belize,2022,18.074996948242188,-88.57500457763672,13712.288765989273,0.038631919526492135
BLZ,Belize,2022,18.074996948242188,-88.5250015258789,498.21144959334623,0.0014036215949306244
BLZ,Belize,2022,18.074996948242188,-88.47500610351562,85.66471335291862,0.00024134499856204075
BLZ,Belize,2022,18.074996948242188,-88.42500305175781,65.91944640874863,0.00018571624273330887
BLZ,Belize,2022,18.074996948242188,-88.37500762939453,5.304145812988281,1.494348155155412e-05
BLZ,Belize,2022,18.074996948242188,-88.32500457763672,0.0,0.0
BLZ,Belize,2022,18.074996948242188,-88.2750015258789,190.59564635848213,0.0005369691229434539
BLZ,Belize,2022,18.074996948242188,-88.22500610351562,352.7749636620283,0.0009938803244105578
BLZ,Belize,2022,18.074996948242188,-88.17500305175781,4.686015784740448,1.3202010822946995e-05
BLZ,Belize,2022,18.074996948242188,-88.12500762939453,22.621635437048454,6.373240927723781e-05
BLZ,Belize,2022,18.125,-88.67500305175781,623.3308188319206,0.0017561230252986088
BLZ,Belize,2022,18.125,-88.62500762939453,85.17699545621872,0.000239970940674369
BLZ,Belize,2022,18.125,-88.57500457763672,2488.4884356262155,0.0070108708056209465
BLZ,Belize,2022,18.125,-88.5250015258789,769.8946091383696,0.0021690402741433106
BLZ,Belize,2022,18.125,-88.47500610351562,81.33464568863225,0.00022914580786486988
BLZ,Belize,2022,18.125,-88.42500305175781,26.173466071518302,7.373905642303758e-05
BLZ,Belize,2022,18.125,-88.37500762939453,5.446145057678223,1.53435390100355e-05
BLZ,Belize,2022,18.125,-88.32500457763672,0.6030886769294739,1.6990944132000405e-06
BLZ,Belize,2022,18.125,-88.2750015258789,15.587625920772552,4.391534633327888e-05
BLZ,Belize,2022,18.125,-88.22500610351562,0.0,0.0
BLZ,Belize,2022,18.125,-88.17500305175781,4.175858974456787,1.1764735312118119e-05
BLZ,Belize,2022,18.125,-88.12500762939453,11.149713635444641,3.141232271714445e-05
BLZ,Belize,2022,18.17499542236328,-88.67500305175781,93.03555975668132,0.0002621110391532047
BLZ,Belize,2022,18.17499542236328,-88.62500762939453,446.9245587717742,0.0012591299587934664
BLZ,Belize,2022,18.17499542236328,-88.57500457763672,1118.77008187776,0.003151934480766495
BLZ,Belize,2022,18.17499542236328,-88.5250015258789,758.4466745257378,0.002136787767195188
BLZ,Belize,2022,18.17499542236328,-88.47500610351562,22.15244161338083,6.241053965010361e-05
BLZ,Belize,2022,18.17499542236328,-88.42500305175781,189.74575278210938,0.0005345746998964458
BLZ,Belize,2022,18.17499542236328,-88.37500762939453,836.7292183637619,0.0023573348243269344
BLZ,Belize,2022,18.17499542236328,-88.32500457763672,796.6101253937557,0.002244306459949332
BLZ,Belize,2022,18.17499542236328,-88.2750015258789,664.8633175343275,0.0018731334073717406
BLZ,Belize,2022,18.17499542236328,-88.22500610351562,1.2709264755427316,3.5806078886723975e-06
BLZ,Belize,2022,18.17499542236328,-88.17500305175781,0.6041650176048279,1.7021268104214656e-06
BLZ,Belize,2022,18.17499542236328,-88.12500762939453,0.0,0.0
BLZ,Belize,2022,18.224998474121094,-88.62500762939453,217.63383289426565,0.0006131443745165865
BLZ,Belize,2022,18.224998474121094,-88.57500457763672,1811.15778207851,0.005102612910295512
BLZ,Belize,2022,18.224998474121094,-88.5250015258789,529.0087981149554,0.0014903876126261613
BLZ,Belize,2022,18.224998474121094,-88.47500610351562,900.0869978610563,0.0025358340289956395
BLZ,Belize,2022,18.224998474121094,-88.42500305175781,1193.2350310385584,0.0033617261481254453
BLZ,Belize,2022,18.224998474121094,-88.37500762939453,1239.927649974823,0.0034932742454570143
BLZ,Belize,2022,18.224998474121094,-88.32500457763672,424.1793615520368,0.0011950494363072049
BLZ,Belize,2022,18.224998474121094,-88.2750015258789,32.02168479568725,9.021536602977446e-05
BLZ,Belize,2022,18.224998474121094,-88.22500610351562,13.469716474413872,3.794851550784714e-05
BLZ,Belize,2022,18.224998474121094,-88.17500305175781,15.200119137794823,4.282361532385789e-05
BLZ,Belize,2022,18.224998474121094,-88.12500762939453,142.0428610444069,0.00040018033975412304
BLZ,Belize,2022,18.274993896484375,-88.57500457763672,674.9673334362229,0.001901599663871865
BLZ,Belize,2022,18.274993896484375,-88.5250015258789,1408.960446700563,0.0039694938986372524
BLZ,Belize,2022,18.274993896484375,-88.47500610351562,316.7972246706486,0.0008925194836946391
BLZ,Belize,2022,18.274993896484375,-88.42500305175781,26.635469436760825,7.504066822042668e-05
BLZ,Belize,2022,18.274993896484375,-88.37500762939453,991.2272400264296,0.002792605350038024
BLZ,Belize,2022,18.274993896484375,-88.32500457763672,118.72285532993803,0.0003344803972067344
BLZ,Belize,2022,18.274993896484375,-88.2750015258789,12.20987069606781,3.439912550042743e-05
BLZ,Belize,2022,18.274993896484375,-88.22500610351562,7.5839090049266815,2.1366306338388252e-05
BLZ,Belize,2022,18.274993896484375,-88.17500305175781,0.0,0.0
BLZ,Belize,2022,18.274993896484375,-88.12500762939453,4.427115611743562,1.2472605920578094e-05
BLZ,Belize,2022,18.324996948242188,-88.57500457763672,2.3768550157546997,6.696363624030654e-06
BLZ,Belize,2022,18.324996948242188,-88.5250015258789,3576.31334291792,0.010075622795211578
BLZ,Belize,2022,18.324996948242188,-88.47500610351562,3734.864224135892,0.01052231152738438
BLZ,Belize,2022,18.324996948242188,-88.42500305175781,813.8978646398111,0.0022930115713093763
BLZ,Belize,2022,18.324996948242188,-88.37500762939453,723.6910105422181,0.0020388699041006333
BLZ,Belize,2022,18.324996948242188,-88.32500457763672,271.77901090681553,0.0007656887232701339
BLZ,Belize,2022,18.324996948242188,-88.2750015258789,0.739057183265686,2.0821613456837165e-06
BLZ,Belize,2022,18.324996948242188,-88.22500610351562,47.51100299507949,0.00013385374795207793
BLZ,Belize,2022,18.324996948242188,-88.17500305175781,191.50525146727162,0.0005395317725465456
BLZ,Belize,2022,18.324996948242188,-88.12500762939453,132.15305602550507,0.0003723175840797716
BLZ,Belize,2022,18.375,-88.5250015258789,57.981011480304375,0.00016335112305448422
BLZ,Belize,2022,18.375,-88.47500610351562,903.1816854181986,0.0025445527573354112
BLZ,Belize,2022,18.375,-88.42500305175781,6790.131958246231,0.019129981570680996
BLZ,Belize,2022,18.375,-88.37500762939453,6769.30216807127,0.019071297364745318
BLZ,Belize,2022,18.375,-88.32500457763672,53.18137867750433,0.00014982901661705417
BLZ,Belize,2022,18.42499542236328,-88.5250015258789,100.8398449420929,0.0002840982159396515
BLZ,Belize,2022,18.42499542236328,-88.47500610351562,827.5859836041927,0.002331575396745479
BLZ,Belize,2022,18.42499542236328,-88.42500305175781,1745.6348252892494,0.0049180137061058445
BLZ,Belize,2022,18.42499542236328,-88.37500762939453,4105.2654966936025,0.011565850822549406
BLZ,Belize,2022,18.42499542236328,-88.32500457763672,321.8442986011505,0.0009067387112251308
BLZ,Belize,2022,18.474998474121094,-88.47500610351562,7.091625392436981,1.9979385363599334e-05
BLZ,Belize,2022,18.474998474121094,-88.42500305175781,383.20581424244125,0.0010796137997484661
BLZ,Belize,2022,18.474998474121094,-88.37500762939453,903.4454266429209,0.002545295801034619
BLZ,Belize,2022,18.474998474121094,-88.32500457763672,458.9697883427143,0.001293065237389469
BLZ,Belize,2023,15.924995422363281,-89.22500610351562,0.6810373665017204,1.8677675869796977e-06
BLZ,Belize,2023,15.924995422363281,-89.17500305175781,56.48216134309769,0.00015490420260064983
BLZ,Belize,2023,15.924995422363281,-89.12500762939453,81.6600313188415,0.00022395534687404532
BLZ,Belize,2023,15.924995422363281,-89.07500457763672,2.6096714437007904,7.157110571257525e-06
BLZ,Belize,2023,15.924995422363281,-89.0250015258789,0.0,0.0
BLZ,Belize,2023,15.924995422363281,-88.97500610351562,0.0,0.0
BLZ,Belize,2023,15.924995422363281,-88.92500305175781,1.4281656586512259e-11,3.91679173166122e-17
BLZ,Belize,2023,15.974998474121094,-89.17500305175781,21.733831584453583,5.960575464872889e-05
BLZ,Belize,2023,15.974998474121094,-89.12500762939453,211.78337091249014,0.0005808229255958876
BLZ,Belize,2023,15.974998474121094,-89.07500457763672,17.976894587278366,4.9302230209690676e-05
BLZ,Belize,2023,15.974998474121094,-89.0250015258789,20.105104699730873,5.5138917096255464e-05
BLZ,Belize,2023,15.974998474121094,-88.97500610351562,3.7884182929992676,1.038986293796423e-05
BLZ,Belize,2023,15.974998474121094,-88.92500305175781,46.075108010321856,0.00012636251333802607
BLZ,Belize,2023,16.024993896484375,-89.17500305175781,173.32358700053106,0.0004753456914141726
BLZ,Belize,2023,16.024993896484375,-89.12500762939453,39.63562554134761,0.00010870201888636998
BLZ,Belize,2023,16.024993896484375,-89.07500457763672,219.35345613977904,0.0006015841356464206
BLZ,Belize,2023,16.024993896484375,-89.0250015258789,398.1088138223478,0.00109182663848216
BLZ,Belize,2023,16.024993896484375,-88.97500610351562,55.29765635728836,0.00015165565835340122
BLZ,Belize,2023,16.024993896484375,-88.92500305175781,275.6286780834209,0.0007559208000740065
BLZ,Belize,2023,16.024993896484375,-88.87500762939453,2.4133968353271484,6.618820941790481e-06
BLZ,Belize,2023,16.074996948242188,-89.17500305175781,9.33644372227123,2.560550686329225e-05
BLZ,Belize,2023,16.074996948242188,-89.12500762939453,226.05396020472594,0.0006199604904905302
BLZ,Belize,2023,16.074996948242188,-89.07500457763672,143.3041207792488,0.0003930163087041546
BLZ,Belize,2023,16.074996948242188,-89.0250015258789,47.50493276129584,0.00013028385518546164
BLZ,Belize,2023,16.074996948242188,-88.97500610351562,265.25189089777047,0.0007274621167246617
BLZ,Belize,2023,16.074996948242188,-88.92500305175781,184.8588599562645,0.0005069815604478404
BLZ,Belize,2023,16.074996948242188,-88.87500762939453,95.7858250439167,0.00026269580511876925
BLZ,Belize,2023,16.074996948242188,-88.82500457763672,2455.2791415452957,0.0067336845570191714
BLZ,Belize,2023,16.125,-89.17500305175781,316.9349984526634,0.0008692047549902682
BLZ,Belize,2023,16.125,-89.12500762939453,32.07833200713222,8.797589047875479e-05
BLZ,Belize,2023,16.125,-89.07500457763672,341.04498040676117,0.000935327180912129
BLZ,Belize,2023,16.125,-89.0250015258789,135.61588373780947,0.0003719310633808633
BLZ,Belize,2023,16.125,-88.97500610351562,260.6912518143654,0.0007149544126325173
BLZ,Belize,2023,16.125,-88.92500305175781,371.7221470028162,0.0010194603287345593
BLZ,Belize,2023,16.125,-88.87500762939453,209.56287664184143,0.0005747331463417836
BLZ,Belize,2023,16.125,-88.82500457763672,5171.963238120079,0.014184280881432136
BLZ,Belize,2023,16.17499542236328,-89.17500305175781,329.125001550238,0.0009026362431739263
BLZ,Belize,2023,16.17499542236328,-89.12500762939453,37.736339688523735,0.00010349316438175514
BLZ,Belize,2023,16.17499542236328,-89.07500457763672,225.2430154386296,0.0006177364475474449
BLZ,Belize,2023,16.17499542236328,-89.0250015258789,387.35132420065395,0.0010623238660632556
BLZ,Belize,2023,16.17499542236328,-88.97500610351562,25.404523015022278,6.967274775813419e-05
BLZ,Belize,2023,16.17499542236328,-88.92500305175781,503.4116117359867,0.0013806230576443842
BLZ,Belize,2023,16.17499542236328,-88.87500762939453,1017.045443535031,0.0027892808931730215
BLZ,Belize,2023,16.17499542236328,-88.82500457763672,277.9279553890228,0.0007622266444169401
BLZ,Belize,2023,16.17499542236328,-88.7750015258789,18.47858476638794,5.067813218120832e-05
BLZ,Belize,2023,16.224998474121094,-89.17500305175781,230.67344403300294,0.000632629578249037
BLZ,Belize,2023,16.224998474121094,-89.12500762939453,574.0490550399008,0.0015743485909552404
BLZ,Belize,2023,16.224998474121094,-89.07500457763672,316.9621911048889,0.000869279331741749
BLZ,Belize,2023,16.224998474121094,-89.0250015258789,1395.978909850296,0.003828518504526212
BLZ,Belize,2023,16.224998474121094,-88.97500610351562,601.1563749313354,0.0016486913156770618
BLZ,Belize,2023,16.224998474121094,-88.92500305175781,1174.6846870873123,0.003221611751985312
BLZ,Belize,2023,16.224998474121094,-88.87500762939453,215.0673880578193,0.0005898294516410571
BLZ,Belize,2023,16.224998474121094,-88.82500457763672,279.66310954096707,0.0007669853622829833
BLZ,Belize,2023,16.224998474121094,-88.7750015258789,16.965442657470703,4.6528289713610645e-05
BLZ,Belize,2023,16.274993896484375,-89.17500305175781,39.00408685211722,0.00010697000306508364
BLZ,Belize,2023,16.274993896484375,-89.12500762939453,74.99130463600159,0.00020566614255532228
BLZ,Belize,2023,16.274993896484375,-89.07500457763672,683.6077814104232,0.001874817035200469
BLZ,Belize,2023,16.274993896484375,-89.0250015258789,533.2540076528678,0.0014624668191661316
BLZ,Belize,2023,16.274993896484375,-88.97500610351562,1402.7368548512459,0.0038470523930442565
BLZ,Belize,2023,16.274993896484375,-88.92500305175781,768.6203691961243,0.0021079668794843766
BLZ,Belize,2023,16.274993896484375,-88.87500762939453,1654.596389413081,0.004537785527912856
BLZ,Belize,2023,16.274993896484375,-88.82500457763672,148.5957561135292,0.0004075287942822282
BLZ,Belize,2023,16.274993896484375,-88.7750015258789,0.0,0.0
BLZ,Belize,2023,16.274993896484375,-88.72500610351562,1.2463752391357213e-22,3.4182254709894673e-28
BLZ,Belize,2023,16.274993896484375,-88.67500305175781,8.348153293297651,2.2895087552174393e-05
BLZ,Belize,2023,16.274993896484375,-88.62500762939453,3.91463640332222,1.0736020295763837e-05
BLZ,Belize,2023,16.274993896484375,-88.57500457763672,1.2727103233337402,3.490450313685109e-06
BLZ,Belize,2023,16.324996948242188,-89.17500305175781,0.0,0.0
BLZ,Belize,2023,16.324996948242188,-89.12500762939453,1.0141834020614624,2.781431649416571e-06
BLZ,Belize,2023,16.324996948242188,-89.07500457763672,13.152577638635082,3.607138081844811e-05
BLZ,Belize,2023,16.324996948242188,-89.0250015258789,0.0,0.0
BLZ,Belize,2023,16.324996948242188,-88.97500610351562,19.106535912066963,5.2400309045204344e-05
BLZ,Belize,2023,16.324996948242188,-88.92500305175781,54.266434289686536,0.00014882749759808383
BLZ,Belize,2023,16.324996948242188,-88.87500762939453,103.4566219449195,0.00028373322027792875
BLZ,Belize,2023,16.324996948242188,-88.82500457763672,694.8805816174765,0.001905733064007207
BLZ,Belize,2023,16.324996948242188,-88.7750015258789,83.80031168478202,0.00022982513683151402
BLZ,Belize,2023,16.324996948242188,-88.72500610351562,0.0,0.0
BLZ,Belize,2023,16.324996948242188,-88.67500305175781,2.497780978732172,6.850247256497035e-06
BLZ,Belize,2023,16.324996948242188,-88.62500762939453,29.43138986827514,8.071656378870382e-05
BLZ,Belize,2023,16.324996948242188,-88.57500457763672,0.09596867859363556,2.6319728704931794e-07
BLZ,Belize,2023,16.324996948242188,-88.5250015258789,1.665172040462494,4.5667896020105306e-06
BLZ,Belize,2023,16.375,-89.17500305175781,0.0,0.0
BLZ,Belize,2023,16.375,-89.12500762939453,0.0,0.0
BLZ,Belize,2023,16.375,-89.07500457763672,0.0,0.0
BLZ,Belize,2023,16.375,-89.0250015258789,0.0,0.0
BLZ,Belize,2023,16.375,-88.97500610351562,1.8124722242355347,4.970765246138045e-06
BLZ,Belize,2023,16.375,-88.92500305175781,1.0489702224731445,2.876835659262277e-06
BLZ,Belize,2023,16.375,-88.87500762939453,0.0,0.0
BLZ,Belize,2023,16.375,-88.82500457763672,108.81570971013807,0.00029843069638716275
BLZ,Belize,2023,16.375,-88.7750015258789,184.41348665954217,0.0005057601093959
BLZ,Belize,2023,16.375,-88.72500610351562,0.88988196849823,2.4405308412610917e-06
BLZ,Belize,2023,16.375,-88.67500305175781,1.449036717414856,3.974031303206166e-06
BLZ,Belize,2023,16.375,-88.62500762939453,1.4218013510107994,3.89933740667254e-06
BLZ,Belize,2023,16.375,-88.57500457763672,0.0,0.0
BLZ,Belize,2023,16.375,-88.5250015258789,45.82051837462364,0.00012566429281015595
BLZ,Belize,2023,16.375,-88.47500610351562,110.91367626244848,0.00030418443930600015
BLZ,Belize,2023,16.42499542236328,-89.17500305175781,0.4272287115454674,1.171688924721735e-06
BLZ,Belize,2023,16.42499542236328,-89.12500762939453,0.0,0.0
BLZ,Belize,2023,16.42499542236328,-89.07500457763672,0.0,0.0
BLZ,Belize,2023,16.42499542236328,-89.0250015258789,0.0,0.0
BLZ,Belize,2023,16.42499542236328,-88.97500610351562,0.0,0.0
BLZ,Belize,2023,16.42499542236328,-88.92500305175781,0.0,0.0
BLZ,Belize,2023,16.42499542236328,-88.87500762939453,0.0,0.0
BLZ,Belize,2023,16.42499542236328,-88.82500457763672,0.9933743476867676,2.7243621269667265e-06
BLZ,Belize,2023,16.42499542236328,-88.7750015258789,28.6482540369216,7.856878777236265e-05
BLZ,Belize,2023,16.42499542236328,-88.72500610351562,120.48329424858659,0.00033042943432895906
BLZ,Belize,2023,16.42499542236328,-88.67500305175781,0.8586869835853577,2.3549775595140524e-06
BLZ,Belize,2023,16.42499542236328,-88.62500762939453,13.160918891446032,3.609425698119836e-05
BLZ,Belize,2023,16.42499542236328,-88.57500457763672,29.46091505888594,8.079753760414293e-05
BLZ,Belize,2023,16.42499542236328,-88.5250015258789,330.6795537813309,0.0009068996542763404
BLZ,Belize,2023,16.42499542236328,-88.47500610351562,187.1543913447016,0.000513277131488591
BLZ,Belize,2023,16.474998474121094,-89.17500305175781,9.715940952301025,2.664629061534859e-05
BLZ,Belize,2023,16.474998474121094,-89.12500762939453,0.0,0.0
BLZ,Belize,2023,16.474998474121094,-89.07500457763672,0.0,0.0
BLZ,Belize,2023,16.474998474121094,-89.0250015258789,0.0,0.0
BLZ,Belize,2023,16.474998474121094,-88.97500610351562,0.0,0.0
BLZ,Belize,2023,16.474998474121094,-88.92500305175781,0.6435749530792236,1.7650256744764342e-06
BLZ,Belize,2023,16.474998474121094,-88.87500762939453,0.32078108191490173,8.797527665692616e-07
BLZ,Belize,2023,16.474998474121094,-88.82500457763672,0.0,0.0
BLZ,Belize,2023,16.474998474121094,-88.7750015258789,0.7994121313095093,2.192414309317472e-06
BLZ,Belize,2023,16.474998474121094,-88.72500610351562,12.465645968914032,3.418744790920799e-05
BLZ,Belize,2023,16.474998474121094,-88.67500305175781,89.1856318116188,0.0002445945560633584
BLZ,Belize,2023,16.474998474121094,-88.62500762939453,538.2221517565486,0.0014760921193048954
BLZ,Belize,2023,16.474998474121094,-88.57500457763672,26.778318405151367,7.34404272233677e-05
BLZ,Belize,2023,16.474998474121094,-88.5250015258789,404.85005325078964,0.0011103147114130032
BLZ,Belize,2023,16.474998474121094,-88.47500610351562,83.45759610835219,0.00022888522798554753
BLZ,Belize,2023,16.474998474121094,-88.42500305175781,208.40960258481255,0.0005715702539535321
BLZ,Belize,2023,16.524993896484375,-89.17500305175781,0.0,0.0
BLZ,Belize,2023,16.524993896484375,-89.12500762939453,2.805558443069458,7.69433717016043e-06
BLZ,Belize,2023,16.524993896484375,-89.07500457763672,0.0,0.0
BLZ,Belize,2023,16.524993896484375,-89.0250015258789,0.0,0.0
BLZ,Belize,2023,16.524993896484375,-88.97500610351562,0.0,0.0
BLZ,Belize,2023,16.524993896484375,-88.92500305175781,0.0,0.0
BLZ,Belize,2023,16.524993896484375,-88.87500762939453,0.40097686648368835,1.0996923681206369e-06
BLZ,Belize,2023,16.524993896484375,-88.82500457763672,5.862041816155457,1.6076844291196614e-05
BLZ,Belize,2023,16.524993896484375,-88.7750015258789,0.0,0.0
BLZ,Belize,2023,16.524993896484375,-88.72500610351562,10.575119331479073,2.900261584358914e-05
BLZ,Belize,2023,16.524993896484375,-88.67500305175781,109.76326729376277,0.0003010294045176462
BLZ,Belize,2023,16.524993896484375,-88.62500762939453,771.4713777005672,0.0021157858649567232
BLZ,Belize,2023,16.524993896484375,-88.57500457763672,455.84861451413724,0.001250179958748207
BLZ,Belize,2023,16.524993896484375,-88.5250015258789,3421.784996986389,0.009384358952011269
BLZ,Belize,2023,16.524993896484375,-88.47500610351562,238.0718031823635,0.000652919823829821
BLZ,Belize,2023,16.524993896484375,-88.42500305175781,6185.832598157227,0.016964851260171332
BLZ,Belize,2023,16.524993896484375,-88.37500762939453,1762.3259666487927,0.004833237469931047
BLZ,Belize,2023,16.574996948242188,-89.17500305175781,0.0,0.0
BLZ,Belize,2023,16.574996948242188,-89.12500762939453,0.0,0.0
BLZ,Belize,2023,16.574996948242188,-89.07500457763672,0.0,0.0
BLZ,Belize,2023,16.574996948242188,-89.0250015258789,0.0,0.0
BLZ,Belize,2023,16.574996948242188,-88.97500610351562,0.0,0.0
BLZ,Belize,2023,16.574996948242188,-88.92500305175781,0.0,0.0
BLZ,Belize,2023,16.574996948242188,-88.87500762939453,0.0,0.0
BLZ,Belize,2023,16.574996948242188,-88.82500457763672,0.10519236326313323,2.884935484669589e-07
BLZ,Belize,2023,16.574996948242188,-88.7750015258789,0.0,0.0
BLZ,Belize,2023,16.574996948242188,-88.72500610351562,16.760131359100342,4.596521666182398e-05
BLZ,Belize,2023,16.574996948242188,-88.67500305175781,22.590488255023956,6.195516400739622e-05
BLZ,Belize,2023,16.574996948242188,-88.62500762939453,18.075176596677448,4.9571771883272804e-05
BLZ,Belize,2023,16.574996948242188,-88.57500457763672,398.7939437042231,0.0010937056299284169
BLZ,Belize,2023,16.574996948242188,-88.5250015258789,1727.7877454310656,0.004738515251627858
BLZ,Belize,2023,16.574996948242188,-88.47500610351562,2.6803348064514254,7.350907189511498e-06
BLZ,Belize,2023,16.574996948242188,-88.42500305175781,486.0950651170051,0.0013331318536602412
BLZ,Belize,2023,16.574996948242188,-88.37500762939453,1512.6712046720918,0.004148550997072093
BLZ,Belize,2023,16.625,-89.17500305175781,0.0,0.0
BLZ,Belize,2023,16.625,-89.12500762939453,0.0,0.0
BLZ,Belize,2023,16.625,-89.07500457763672,0.0,0.0
BLZ,Belize,2023,16.625,-89.0250015258789,0.0,0.0
BLZ,Belize,2023,16.625,-88.97500610351562,0.5715674757957458,1.5675427774936928e-06
BLZ,Belize,2023,16.625,-88.92500305175781,0.0,0.0
BLZ,Belize,2023,16.625,-88.87500762939453,0.0,0.0
BLZ,Belize,2023,16.625,-88.82500457763672,0.0,0.0
BLZ,Belize,2023,16.625,-88.7750015258789,1.48190176486969,4.064164786917935e-06
BLZ,Belize,2023,16.625,-88.72500610351562,1.251847267150879,3.4332326894835943e-06
BLZ,Belize,2023,16.625,-88.67500305175781,0.0,0.0
BLZ,Belize,2023,16.625,-88.62500762939453,14.545033797637512,3.989023806182437e-05
BLZ,Belize,2023,16.625,-88.57500457763672,1091.6944906117496,0.0029940083830096082
BLZ,Belize,2023,16.625,-88.5250015258789,273.5273879841268,0.0007501579422172299
BLZ,Belize,2023,16.625,-88.47500610351562,355.4928259854249,0.0009749508770569246
BLZ,Belize,2023,16.625,-88.42500305175781,26.26768408732154,7.20399956544787e-05
BLZ,Belize,2023,16.625,-88.37500762939453,860.9960788339376,0.002361310329891543
BLZ,Belize,2023,16.67499542236328,-89.12500762939453,0.0,0.0
BLZ,Belize,2023,16.67499542236328,-89.07500457763672,0.48033809661865234,1.3173431764313841e-06
BLZ,Belize,2023,16.67499542236328,-89.0250015258789,0.6087900400161743,1.6696268955976748e-06
BLZ,Belize,2023,16.67499542236328,-88.97500610351562,11.279538750762175,3.0934509486568445e-05
BLZ,Belize,2023,16.67499542236328,-88.92500305175781,0.0,0.0
BLZ,Belize,2023,16.67499542236328,-88.87500762939453,0.0,0.0
BLZ,Belize,2023,16.67499542236328,-88.82500457763672,0.0,0.0
BLZ,Belize,2023,16.67499542236328,-88.7750015258789,0.7151297330856323,1.9612670341479896e-06
BLZ,Belize,2023,16.67499542236328,-88.72500610351562,0.0,0.0
BLZ,Belize,2023,16.67499542236328,-88.67500305175781,0.0,0.0
BLZ,Belize,2023,16.67499542236328,-88.62500762939453,0.0,0.0
BLZ,Belize,2023,16.67499542236328,-88.57500457763672,205.03055036067963,0.000562303091049731
BLZ,Belize,2023,16.67499542236328,-88.5250015258789,889.2154530288442,0.0024387029004590563
BLZ,Belize,2023,16.67499542236328,-88.47500610351562,1168.0697118647863,0.003203469962830962
BLZ,Belize,2023,16.67499542236328,-88.42500305175781,956.8149365783,0.002624096728287917
BLZ,Belize,2023,16.67499542236328,-88.37500762939453,476.55431801080704,0.0013069660379839848
BLZ,Belize,2023,16.67499542236328,-88.32500457763672,441.35288202788826,0.0012104249311695903
BLZ,Belize,2023,16.724998474121094,-89.12500762939453,1.268837571144104,3.479829162235868e-06
BLZ,Belize,2023,16.724998474121094,-89.07500457763672,0.0,0.0
BLZ,Belize,2023,16.724998474121094,-89.0250015258789,0.7036033868789673,1.929655647019996e-06
BLZ,Belize,2023,16.724998474121094,-88.97500610351562,32.49048525104609,8.910623443301552e-05
BLZ,Belize,2023,16.724998474121094,-88.92500305175781,0.0,0.0
BLZ,Belize,2023,16.724998474121094,-88.87500762939453,0.0,0.0
BLZ,Belize,2023,16.724998474121094,-88.82500457763672,0.0,0.0
BLZ,Belize,2023,16.724998474121094,-88.7750015258789,0.0,0.0
BLZ,Belize,2023,16.724998474121094,-88.72500610351562,0.0,0.0
BLZ,Belize,2023,16.724998474121094,-88.67500305175781,0.0,0.0
BLZ,Belize,2023,16.724998474121094,-88.62500762939453,0.0,0.0
BLZ,Belize,2023,16.724998474121094,-88.57500457763672,0.0,0.0
BLZ,Belize,2023,16.724998474121094,-88.5250015258789,0.9618045687675476,2.637780960214718e-06
BLZ,Belize,2023,16.724998474121094,-88.47500610351562,16.888089182046187,4.6316145239247544e-05
BLZ,Belize,2023,16.724998474121094,-88.42500305175781,1126.3934627775852,0.0030891714661246588
BLZ,Belize,2023,16.724998474121094,-88.37500762939453,251.8196522745755,0.0006906237563717618
BLZ,Belize,2023,16.724998474121094,-88.32500457763672,332.62109547857284,0.000912224396837098
BLZ,Belize,2023,16.774993896484375,-89.12500762939453,70.5705999135971,0.00019354221309381847
BLZ,Belize,2023,16.774993896484375,-89.07500457763672,10.539652228355408,2.8905346135821525e-05
BLZ,Belize,2023,16.774993896484375,-89.0250015258789,12.53297609090805,3.437210300402869e-05
BLZ,Belize,2023,16.774993896484375,-88.97500610351562,0.0,0.0
BLZ,Belize,2023,16.774993896484375,-88.92500305175781,0.0,0.0
BLZ,Belize,2023,16.774993896484375,-88.87500762939453,0.0,0.0
BLZ,Belize,2023,16.774993896484375,-88.82500457763672,0.0,0.0
BLZ,Belize,2023,16.774993896484375,-88.7750015258789,0.0,0.0
BLZ,Belize,2023,16.774993896484375,-88.72500610351562,0.0,0.0
BLZ,Belize,2023,16.774993896484375,-88.67500305175781,0.0,0.0
BLZ,Belize,2023,16.774993896484375,-88.62500762939453,0.0,0.0
BLZ,Belize,2023,16.774993896484375,-88.57500457763672,0.0,0.0
BLZ,Belize,2023,16.774993896484375,-88.5250015258789,0.0,0.0
BLZ,Belize,2023,16.774993896484375,-88.47500610351562,37.605541467666626,0.00010313444591876328
BLZ,Belize,2023,16.774993896484375,-88.42500305175781,32.17267327848822,8.823462454742758e-05
BLZ,Belize,2023,16.774993896484375,-88.37500762939453,575.4688779711723,0.0015782425024800976
BLZ,Belize,2023,16.774993896484375,-88.32500457763672,230.7143509760499,0.0006327417668983883
BLZ,Belize,2023,16.824996948242188,-89.12500762939453,0.7692435383796692,2.1096759416584662e-06
BLZ,Belize,2023,16.824996948242188,-89.07500457763672,17.344514548778534,4.7567906960101436e-05
BLZ,Belize,2023,16.824996948242188,-89.0250015258789,20.790615141391754,5.701895224035808e-05
BLZ,Belize,2023,16.824996948242188,-88.97500610351562,0.0,0.0
BLZ,Belize,2023,16.824996948242188,-88.92500305175781,0.0,0.0
BLZ,Belize,2023,16.824996948242188,-88.87500762939453,0.0,0.0
BLZ,Belize,2023,16.824996948242188,-88.82500457763672,0.0,0.0
BLZ,Belize,2023,16.824996948242188,-88.7750015258789,0.0,0.0
BLZ,Belize,2023,16.824996948242188,-88.72500610351562,0.0,0.0
BLZ,Belize,2023,16.824996948242188,-88.67500305175781,0.0,0.0
BLZ,Belize,2023,16.824996948242188,-88.62500762939453,0.0,0.0
BLZ,Belize,2023,16.824996948242188,-88.57500457763672,0.0,0.0
BLZ,Belize,2023,16.824996948242188,-88.5250015258789,0.0,0.0
BLZ,Belize,2023,16.824996948242188,-88.47500610351562,4.274743059529129e-10,1.1723624755374948e-15
BLZ,Belize,2023,16.824996948242188,-88.42500305175781,17.388917446136475,4.76896833802106e-05
BLZ,Belize,2023,16.824996948242188,-88.37500762939453,479.29351454974835,0.001314478375428965
BLZ,Belize,2023,16.824996948242188,-88.32500457763672,1179.2329252363484,0.003234085446103258
BLZ,Belize,2023,16.875,-89.12500762939453,0.0,0.0
BLZ,Belize,2023,16.875,-89.07500457763672,0.0,0.0
BLZ,Belize,2023,16.875,-89.0250015258789,55.54219504725188,0.00015232631382891865
BLZ,Belize,2023,16.875,-88.97500610351562,0.0,0.0
BLZ,Belize,2023,16.875,-88.92500305175781,0.0,0.0
BLZ,Belize,2023,16.875,-88.87500762939453,0.0,0.0
BLZ,Belize,2023,16.875,-88.82500457763672,0.0,0.0
BLZ,Belize,2023,16.875,-88.7750015258789,0.0,0.0
BLZ,Belize,2023,16.875,-88.72500610351562,0.0,0.0
BLZ,Belize,2023,16.875,-88.67500305175781,0.0,0.0
BLZ,Belize,2023,16.875,-88.62500762939453,0.0,0.0
BLZ,Belize,2023,16.875,-88.57500457763672,1.3827988505498425,3.7923717543378795e-06
BLZ,Belize,2023,16.875,-88.5250015258789,0.0,0.0
BLZ,Belize,2023,16.875,-88.47500610351562,0.0,0.0
BLZ,Belize,2023,16.875,-88.42500305175781,6.653366565704346,1.824707868754748e-05
BLZ,Belize,2023,16.875,-88.37500762939453,317.1898977325753,0.0008699038247276738
BLZ,Belize,2023,16.875,-88.32500457763672,1834.9933490008116,0.005032530178472053
BLZ,Belize,2023,16.92499542236328,-89.12500762939453,2.176365375518799,5.968754294201626e-06
BLZ,Belize,2023,16.92499542236328,-89.07500457763672,52.9285177588533,0.00014515821709558982
BLZ,Belize,2023,16.92499542236328,-89.0250015258789,15.771087884933188,4.325273209926285e-05
BLZ,Belize,2023,16.92499542236328,-88.97500610351562,3.134691894054413,8.596996586189575e-06
BLZ,Belize,2023,16.92499542236328,-88.92500305175781,3.1848599910788105,8.734584257779377e-06
BLZ,Belize,2023,16.92499542236328,-88.87500762939453,0.7678263784711898,2.105789333562025e-06
BLZ,Belize,2023,16.92499542236328,-88.82500457763672,2.240228496491909,6.143901023623612e-06
BLZ,Belize,2023,16.92499542236328,-88.7750015258789,0.0,0.0
BLZ,Belize,2023,16.92499542236328,-88.72500610351562,0.0,0.0
BLZ,Belize,2023,16.92499542236328,-88.67500305175781,0.0,0.0
BLZ,Belize,2023,16.92499542236328,-88.62500762939453,0.40052610635757446,1.098456143510256e-06
BLZ,Belize,2023,16.92499542236328,-88.57500457763672,0.0,0.0
BLZ,Belize,2023,16.92499542236328,-88.5250015258789,0.52259873605371,1.4332443830675067e-06
BLZ,Belize,2023,16.92499542236328,-88.47500610351562,0.0,0.0
BLZ,Belize,2023,16.92499542236328,-88.42500305175781,0.0,0.0
BLZ,Belize,2023,16.92499542236328,-88.37500762939453,101.47761774126565,0.00027830573554964123
BLZ,Belize,2023,16.92499542236328,-88.32500457763672,305.4168205261441,0.0008376157696417476
BLZ,Belize,2023,16.92499542236328,-88.2750015258789,23.3708831706855,6.409542297145807e-05
BLZ,Belize,2023,16.974998474121094,-89.12500762939453,14.052519559996362,3.853950141441043e-05
BLZ,Belize,2023,16.974998474121094,-89.07500457763672,86.13276261094293,0.0002362219609301417
BLZ,Belize,2023,16.974998474121094,-89.0250015258789,85.97819697856903,0.00023579805955202508
BLZ,Belize,2023,16.974998474121094,-88.97500610351562,128.7041270714821,0.0003529753412642201
BLZ,Belize,2023,16.974998474121094,-88.92500305175781,19.32722610236451,5.300555921865587e-05
BLZ,Belize,2023,16.974998474121094,-88.87500762939453,2.978648961202179,8.16904366246712e-06
BLZ,Belize,2023,16.974998474121094,-88.82500457763672,41.44799029827118,0.00011367248939983723
BLZ,Belize,2023,16.974998474121094,-88.7750015258789,17.258829027414322,4.733291157313815e-05
BLZ,Belize,2023,16.974998474121094,-88.72500610351562,1.926449477672577,5.283351647551219e-06
BLZ,Belize,2023,16.974998474121094,-88.67500305175781,0.4231580793934546,1.1605250809063785e-06
BLZ,Belize,2023,16.974998474121094,-88.62500762939453,0.0,0.0
BLZ,Belize,2023,16.974998474121094,-88.57500457763672,0.0,0.0
BLZ,Belize,2023,16.974998474121094,-88.5250015258789,13.04460334777943,3.577525774120314e-05
BLZ,Belize,2023,16.974998474121094,-88.47500610351562,25.961686075135958,7.12007859474163e-05
BLZ,Belize,2023,16.974998474121094,-88.42500305175781,678.9318660499946,0.0018619931820916
BLZ,Belize,2023,16.974998474121094,-88.37500762939453,1211.6742895843113,0.0033230569648288327
BLZ,Belize,2023,16.974998474121094,-88.32500457763672,1804.2591343531917,0.004948240574474302
BLZ,Belize,2023,16.974998474121094,-88.2750015258789,1391.9182273149963,0.003817381947865002
BLZ,Belize,2023,17.024993896484375,-89.12500762939453,384.98312877121293,0.001055829011477722
BLZ,Belize,2023,17.024993896484375,-89.07500457763672,244.44277954140864,0.0006703924380007035
BLZ,Belize,2023,17.024993896484375,-89.0250015258789,2.2762227058410645,6.242616337713715e-06
BLZ,Belize,2023,17.024993896484375,-88.97500610351562,250.0711022021477,0.0006858282997490694
BLZ,Belize,2023,17.024993896484375,-88.92500305175781,71.13875848054886,0.0001951004068256372
BLZ,Belize,2023,17.024993896484375,-88.87500762939453,25.52372832598336,6.999967228087017e-05
BLZ,Belize,2023,17.024993896484375,-88.82500457763672,44.68903088569641,0.0001225611508082024
BLZ,Belize,2023,17.024993896484375,-88.7750015258789,38.71701478959271,0.00010618269840327794
BLZ,Belize,2023,17.024993896484375,-88.72500610351562,0.07352761179208755,2.016519163386322e-07
BLZ,Belize,2023,17.024993896484375,-88.67500305175781,0.5248634219169617,1.4394553592314144e-06
BLZ,Belize,2023,17.024993896484375,-88.62500762939453,0.0,0.0
BLZ,Belize,2023,17.024993896484375,-88.57500457763672,39.41750603914261,0.00010810381891035499
BLZ,Belize,2023,17.024993896484375,-88.5250015258789,573.187467694499,0.0015719856590571573
BLZ,Belize,2023,17.024993896484375,-88.47500610351562,603.6229881113582,0.0016554560842108772
BLZ,Belize,2023,17.024993896484375,-88.42500305175781,476.15750503542944,0.001305877765225457
BLZ,Belize,2023,17.024993896484375,-88.37500762939453,236.43052810430527,0.000648418572440545
BLZ,Belize,2023,17.024993896484375,-88.32500457763672,1496.5006194119067,0.00410420263015853
BLZ,Belize,2023,17.024993896484375,-88.2750015258789,61.75471246987948,0.00016936434910609337
BLZ,Belize,2023,17.074996948242188,-89.12500762939453,6778.1867505909095,0.018589402188428906
BLZ,Belize,2023,17.074996948242188,-89.07500457763672,285.92210238813266,0.000784150857954863
BLZ,Belize,2023,17.074996948242188,-89.0250015258789,1231.2993164660336,0.003376879252571386
BLZ,Belize,2023,17.074996948242188,-88.97500610351562,399.8846653104202,0.001096696970143621
BLZ,Belize,2023,17.074996948242188,-88.92500305175781,76.58396354317665,0.00021003406248197226
BLZ,Belize,2023,17.074996948242188,-88.87500762939453,18.399008453488356,5.04598915012752e-05
BLZ,Belize,2023,17.074996948242188,-88.82500457763672,8.178070068359375,2.242862866129078e-05
BLZ,Belize,2023,17.074996948242188,-88.7750015258789,2.982693493485189,8.180135926525262e-06
BLZ,Belize,2023,17.074996948242188,-88.72500610351562,0.5638709291960186,1.5464347429309328e-06
BLZ,Belize,2023,17.074996948242188,-88.67500305175781,109.6189956665039,0.00030063373479030203
BLZ,Belize,2023,17.074996948242188,-88.62500762939453,686.3778197771721,0.0018824139573821108
BLZ,Belize,2023,17.074996948242188,-88.57500457763672,275.4819322825847,0.0007555183448434879
BLZ,Belize,2023,17.074996948242188,-88.5250015258789,71.80263066291809,0.00019692109832527695
BLZ,Belize,2023,17.074996948242188,-88.47500610351562,0.0,0.0
BLZ,Belize,2023,17.074996948242188,-88.42500305175781,3.12182155251503,8.561699247243112e-06
BLZ,Belize,2023,17.074996948242188,-88.37500762939453,80.89838671684265,0.00022186651126768374
BLZ,Belize,2023,17.074996948242188,-88.32500457763672,467.45650297409463,0.0012820149782129275
BLZ,Belize,2023,17.074996948242188,-88.2750015258789,195.70968076586723,0.0005367402967480307
BLZ,Belize,2023,17.125,-89.12500762939453,853.7173320502043,0.0023413481251944304
BLZ,Belize,2023,17.125,-89.07500457763672,4488.977704524994,0.01231117038152286
BLZ,Belize,2023,17.125,-89.0250015258789,351.91915020348836,0.0009651499525846571
BLZ,Belize,2023,17.125,-88.97500610351562,470.2115137577057,0.001289570686748922
BLZ,Belize,2023,17.125,-88.92500305175781,528.6728581190157,0.0014499028644827223
BLZ,Belize,2023,17.125,-88.87500762939453,17.969483494758606,4.928190504241884e-05
BLZ,Belize,2023,17.125,-88.82500457763672,184.81019188463688,0.0005068480866456997
BLZ,Belize,2023,17.125,-88.7750015258789,189.0553987027463,0.0005184907072784252
BLZ,Belize,2023,17.125,-88.72500610351562,82.68213444948196,0.0002267584986420121
BLZ,Belize,2023,17.125,-88.67500305175781,216.40802615880966,0.0005935061961400588
BLZ,Belize,2023,17.125,-88.62500762939453,207.2605707054801,0.0005684189958784466
BLZ,Belize,2023,17.125,-88.57500457763672,329.7475777566603,0.0009043436790885713
BLZ,Belize,2023,17.125,-88.5250015258789,71.12057328224182,0.0001950505333155607
BLZ,Belize,2023,17.125,-88.47500610351562,0.0,0.0
BLZ,Belize,2023,17.125,-88.42500305175781,0.0,0.0
BLZ,Belize,2023,17.125,-88.37500762939453,81.47234869003296,0.0002234406210337755
BLZ,Belize,2023,17.125,-88.32500457763672,316.2822124213443,0.0008674144676279258
BLZ,Belize,2023,17.17499542236328,-89.12500762939453,2244.036750070828,0.0061543452854917104
BLZ,Belize,2023,17.17499542236328,-89.07500457763672,13543.924659729004,0.037144663015891886
BLZ,Belize,2023,17.17499542236328,-89.0250015258789,2759.1854769587517,0.007567157771093688
BLZ,Belize,2023,17.17499542236328,-88.97500610351562,1301.7779074907303,0.0035701691282328473
BLZ,Belize,2023,17.17499542236328,-88.92500305175781,731.0320249795914,0.002004879597597769
BLZ,Belize,2023,17.17499542236328,-88.87500762939453,356.3639818430614,0.0009773400509174707
BLZ,Belize,2023,17.17499542236328,-88.82500457763672,328.2869300843422,0.0009003378043560779
BLZ,Belize,2023,17.17499542236328,-88.7750015258789,840.4723609688057,0.002305023352291889
BLZ,Belize,2023,17.17499542236328,-88.72500610351562,753.1193616986388,0.002065454851813925
BLZ,Belize,2023,17.17499542236328,-88.67500305175781,92.66594937445281,0.0002541394425203941
BLZ,Belize,2023,17.17499542236328,-88.62500762939453,37.366306722164154,0.00010247833668701273
BLZ,Belize,2023,17.17499542236328,-88.57500457763672,15.62898176908493,4.2863001358853784e-05
BLZ,Belize,2023,17.17499542236328,-88.5250015258789,337.18534803407607,0.0009247420109964331
BLZ,Belize,2023,17.17499542236328,-88.47500610351562,1.1514482498168945,3.1578850513587265e-06
BLZ,Belize,2023,17.17499542236328,-88.42500305175781,18.76903438616367,5.147469990590499e-05
BLZ,Belize,2023,17.17499542236328,-88.37500762939453,81.79338842630386,0.00022432108316850302
BLZ,Belize,2023,17.17499542236328,-88.32500457763672,561.3892472535372,0.0015396286478158157
BLZ,Belize,2023,17.224998474121094,-89.12500762939453,106.81731027364908,0.00029295001958893425
BLZ,Belize,2023,17.224998474121094,-89.07500457763672,379.31706880050416,0.001040289653903946
BLZ,Belize,2023,17.224998474121094,-89.0250015258789,2608.958632588391,0.007155155663117584
BLZ,Belize,2023,17.224998474121094,-88.97500610351562,1925.3675292134285,0.00528038436798305
BLZ,Belize,2023,17.224998474121094,-88.92500305175781,2556.717274904277,0.007011882005339579
BLZ,Belize,2023,17.224998474121094,-88.87500762939453,1811.4259338977135,0.004967895760151408
BLZ,Belize,2023,17.224998474121094,-88.82500457763672,1778.4487135410309,0.00487745463853236
BLZ,Belize,2023,17.224998474121094,-88.7750015258789,9604.447278678466,0.026340515514027503
BLZ,Belize,2023,17.224998474121094,-88.72500610351562,678.1160296877647,0.0018597557237837253
BLZ,Belize,2023,17.224998474121094,-88.67500305175781,122.35308551044578,0.00033555739893868016
BLZ,Belize,2023,17.224998474121094,-88.62500762939453,240.15832924102443,0.0006586421908150187
BLZ,Belize,2023,17.224998474121094,-88.57500457763672,99.07470911741257,0.00027171567887601016
BLZ,Belize,2023,17.224998474121094,-88.5250015258789,0.0,0.0
BLZ,Belize,2023,17.224998474121094,-88.47500610351562,0.0,0.0
BLZ,Belize,2023,17.224998474121094,-88.42500305175781,32.140917286455974,8.814753268503113e-05
BLZ,Belize,2023,17.224998474121094,-88.37500762939453,23.348292231559753,6.403346657092275e-05
BLZ,Belize,2023,17.224998474121094,-88.32500457763672,27.61405143144772,7.573245279298208e-05
BLZ,Belize,2023,17.274993896484375,-89.12500762939453,46.07618805817029,0.00012636547540510623
BLZ,Belize,2023,17.274993896484375,-89.07500457763672,429.7764230296016,0.0011786761080469098
BLZ,Belize,2023,17.274993896484375,-89.0250015258789,3555.1052164137363,0.009749994079808316
BLZ,Belize,2023,17.274993896484375,-88.97500610351562,2084.496007204069,0.005716799501682736
BLZ,Belize,2023,17.274993896484375,-88.92500305175781,553.6559743881451,0.0015184198902502167
BLZ,Belize,2023,17.274993896484375,-88.87500762939453,241.9369981890063,0.0006635202494538165
BLZ,Belize,2023,17.274993896484375,-88.82500457763672,2053.6323968174715,0.005632155025575109
BLZ,Belize,2023,17.274993896484375,-88.7750015258789,10004.440800309563,0.027437511026244435
BLZ,Belize,2023,17.274993896484375,-88.72500610351562,1713.858356833685,0.004700313440966172
BLZ,Belize,2023,17.274993896484375,-88.67500305175781,884.5675797266886,0.002425955953625952
BLZ,Belize,2023,17.274993896484375,-88.62500762939453,1219.356928482855,0.0033441268570593833
BLZ,Belize,2023,17.274993896484375,-88.57500457763672,130.5854929238957,0.00035813504957279453
BLZ,Belize,2023,17.274993896484375,-88.5250015258789,19.609888553619385,5.3780770375162585e-05
BLZ,Belize,2023,17.274993896484375,-88.47500610351562,31.2456097304821,8.569212198999728e-05
BLZ,Belize,2023,17.274993896484375,-88.42500305175781,26.399485170841217,7.240146450161607e-05
BLZ,Belize,2023,17.274993896484375,-88.37500762939453,44.95201122760773,0.00012328238312641992
BLZ,Belize,2023,17.274993896484375,-88.32500457763672,425.3130214307457,0.0011664350809842702
BLZ,Belize,2023,17.274993896484375,-88.2750015258789,0.0,0.0
BLZ,Belize,2023,17.324996948242188,-89.12500762939453,97.99687499552965,0.0002687596830143814
BLZ,Belize,2023,17.324996948242188,-89.07500457763672,446.4164839389069,0.0012243120275140244
BLZ,Belize,2023,17.324996948242188,-89.0250015258789,1430.0890901090731,0.003922066806289207
BLZ,Belize,2023,17.324996948242188,-88.97500610351562,240.98838293552498,0.0006609186406286384
BLZ,Belize,2023,17.324996948242188,-88.92500305175781,212.46256923675537,0.0005826856495484804
BLZ,Belize,2023,17.324996948242188,-88.87500762939453,308.36809039117185,0.0008457097252240143
BLZ,Belize,2023,17.324996948242188,-88.82500457763672,1927.112453497964,0.005285169880762077
BLZ,Belize,2023,17.324996948242188,-88.7750015258789,165.15640830994786,0.0004529469327180093
BLZ,Belize,2023,17.324996948242188,-88.72500610351562,407.32922250032425,0.0011171139153842964
BLZ,Belize,2023,17.324996948242188,-88.67500305175781,131.60067927849678,0.0003609192318528474
BLZ,Belize,2023,17.324996948242188,-88.62500762939453,0.1404999941587448,3.8532589835491424e-07
BLZ,Belize,2023,17.324996948242188,-88.57500457763672,1279.7594096511602,0.003509782666928998
BLZ,Belize,2023,17.324996948242188,-88.5250015258789,457.2371971608914,0.0012539881927556482
BLZ,Belize,2023,17.324996948242188,-88.47500610351562,88.76263624452712,0.00024343447667783474
BLZ,Belize,2023,17.324996948242188,-88.42500305175781,0.0,0.0
BLZ,Belize,2023,17.324996948242188,-88.37500762939453,37.31954383850098,0.0001023500879261137
BLZ,Belize,2023,17.324996948242188,-88.32500457763672,69.77883702527053,0.00019137077708732432
BLZ,Belize,2023,17.324996948242188,-88.2750015258789,0.0,0.0
BLZ,Belize,2023,17.375,-89.12500762939453,52.39957153053336,0.0001437075645042556
BLZ,Belize,2023,17.375,-89.07500457763672,121.61619944879286,0.0003335364644511611
BLZ,Belize,2023,17.375,-89.0250015258789,407.6863701344469,0.0011180934046276067
BLZ,Belize,2023,17.375,-88.97500610351562,186.09062716404026,0.0005103597229078619
BLZ,Belize,2023,17.375,-88.92500305175781,496.9268765152533,0.0013628384560187097
BLZ,Belize,2023,17.375,-88.87500762939453,35.57274603849949,9.755943696872313e-05
BLZ,Belize,2023,17.375,-88.82500457763672,126.50620690025417,0.0003469474722272015
BLZ,Belize,2023,17.375,-88.7750015258789,230.53548826277256,0.0006322512299692698
BLZ,Belize,2023,17.375,-88.72500610351562,22.649901390075684,6.211810650269641e-05
BLZ,Belize,2023,17.375,-88.67500305175781,111.42297427392154,0.0003055812060103425
BLZ,Belize,2023,17.375,-88.62500762939453,10.075105011463165,2.763130997127171e-05
BLZ,Belize,2023,17.375,-88.57500457763672,93.04102969170809,0.0002551681127425319
BLZ,Belize,2023,17.375,-88.5250015258789,463.34037822509293,0.0012707263694400476
BLZ,Belize,2023,17.375,-88.47500610351562,226.75615024583698,0.0006218862699898608
BLZ,Belize,2023,17.375,-88.42500305175781,265.4487911630422,0.0007280021222389425
BLZ,Belize,2023,17.375,-88.37500762939453,26.40775951753165,7.242415717210963e-05
BLZ,Belize,2023,17.375,-88.32500457763672,0.0,0.0
BLZ,Belize,2023,17.375,-88.2750015258789,0.0,0.0
BLZ,Belize,2023,17.42499542236328,-89.12500762939453,8.136742148112663e-13,2.2315285467993477e-18
BLZ,Belize,2023,17.42499542236328,-89.07500457763672,1.4032980506784032e-11,3.848591491231037e-17
BLZ,Belize,2023,17.42499542236328,-89.0250015258789,10.691574394702911,2.9321997720601916e-05
BLZ,Belize,2023,17.42499542236328,-88.97500610351562,5.348631620414064,1.4668799784980447e-05
BLZ,Belize,2023,17.42499542236328,-88.92500305175781,17.57874600589421,4.821029450735003e-05
BLZ,Belize,2023,17.42499542236328,-88.87500762939453,12.425997972518672,3.40787119628438e-05
BLZ,Belize,2023,17.42499542236328,-88.82500457763672,0.0,0.0
BLZ,Belize,2023,17.42499542236328,-88.7750015258789,46.38615491987515,0.0001272155698137347
BLZ,Belize,2023,17.42499542236328,-88.72500610351562,0.0,0.0
BLZ,Belize,2023,17.42499542236328,-88.67500305175781,3.435230553247813,9.421233836429137e-06
BLZ,Belize,2023,17.42499542236328,-88.62500762939453,0.5964002013262379,1.6356473516677434e-06
BLZ,Belize,2023,17.42499542236328,-88.57500457763672,0.7545890212059021,2.069485441802934e-06
BLZ,Belize,2023,17.42499542236328,-88.5250015258789,58.563355416059494,0.00016061194643805424
BLZ,Belize,2023,17.42499542236328,-88.47500610351562,419.6494358331313,0.0011509025094608505
BLZ,Belize,2023,17.42499542236328,-88.42500305175781,1183.5466554762245,0.0032459159944950465
BLZ,Belize,2023,17.42499542236328,-88.37500762939453,1432.495213747577,0.003928665680247251
BLZ,Belize,2023,17.42499542236328,-88.32500457763672,86.60715115085125,0.00023752298724977926
BLZ,Belize,2023,17.42499542236328,-88.2750015258789,58.22070837020874,0.00015967222553947598
BLZ,Belize,2023,17.42499542236328,-88.22500610351562,0.0,0.0
BLZ,Belize,2023,17.474998474121094,-89.12500762939453,0.0,0.0
BLZ,Belize,2023,17.474998474121094,-89.07500457763672,0.0,0.0
BLZ,Belize,2023,17.474998474121094,-89.0250015258789,9.030026726364326e-11,2.476514807946455e-16
BLZ,Belize,2023,17.474998474121094,-88.97500610351562,11.09391736984372,3.042543668706732e-05
BLZ,Belize,2023,17.474998474121094,-88.92500305175781,0.0,0.0
BLZ,Belize,2023,17.474998474121094,-88.87500762939453,0.0,0.0
BLZ,Belize,2023,17.474998474121094,-88.82500457763672,42.542029530302365,0.0001166729283140313
BLZ,Belize,2023,17.474998474121094,-88.7750015258789,246.992189347744,0.0006773842790308965
BLZ,Belize,2023,17.474998474121094,-88.72500610351562,0.5466028451919556,1.4990764492770852e-06
BLZ,Belize,2023,17.474998474121094,-88.67500305175781,0.0,0.0
BLZ,Belize,2023,17.474998474121094,-88.62500762939453,0.0,0.0
BLZ,Belize,2023,17.474998474121094,-88.57500457763672,150.96254336845993,0.0004140197869024182
BLZ,Belize,2023,17.474998474121094,-88.5250015258789,4.022140979766846,1.103085516564281e-05
BLZ,Belize,2023,17.474998474121094,-88.47500610351562,1.469235011430925e-10,4.029425795096215e-16
BLZ,Belize,2023,17.474998474121094,-88.42500305175781,660.8991525477918,0.0018125378666546306
BLZ,Belize,2023,17.474998474121094,-88.37500762939453,3026.5782945761302,0.00830049145042221
BLZ,Belize,2023,17.474998474121094,-88.32500457763672,739.5648850805626,0.0020282812497019577
BLZ,Belize,2023,17.474998474121094,-88.2750015258789,3037.139551669359,0.008329456048617194
BLZ,Belize,2023,17.474998474121094,-88.22500610351562,10790.530880690838,0.02959338916862049
BLZ,Belize,2023,17.524993896484375,-89.12500762939453,48.434804264456034,0.0001328340586531216
BLZ,Belize,2023,17.524993896484375,-89.07500457763672,3.9005734920801425,1.0697452294816332e-05
BLZ,Belize,2023,17.524993896484375,-89.0250015258789,9.747507095336914,2.6732861810569855e-05
BLZ,Belize,2023,17.524993896484375,-88.97500610351562,4.522814750671387,1.2403969603915027e-05
BLZ,Belize,2023,17.524993896484375,-88.92500305175781,0.0,0.0
BLZ,Belize,2023,17.524993896484375,-88.87500762939453,0.0,0.0
BLZ,Belize,2023,17.524993896484375,-88.82500457763672,0.0,0.0
BLZ,Belize,2023,17.524993896484375,-88.7750015258789,31.56908243902724,8.657925663195765e-05
BLZ,Belize,2023,17.524993896484375,-88.72500610351562,0.7915257364625392,2.170785609633991e-06
BLZ,Belize,2023,17.524993896484375,-88.67500305175781,17.132758140563965,4.6987157980599715e-05
BLZ,Belize,2023,17.524993896484375,-88.62500762939453,299.8069481403162,0.0008222305083848451
BLZ,Belize,2023,17.524993896484375,-88.57500457763672,1603.0866797268704,0.004396518439058642
BLZ,Belize,2023,17.524993896484375,-88.5250015258789,172.13818109037243,0.0004720946763519868
BLZ,Belize,2023,17.524993896484375,-88.47500610351562,2.2274019718170166,6.108723853882663e-06
BLZ,Belize,2023,17.524993896484375,-88.42500305175781,379.3192386480949,0.001040295604782999
BLZ,Belize,2023,17.524993896484375,-88.37500762939453,177.68304955960122,0.0004873016622095904
BLZ,Belize,2023,17.524993896484375,-88.32500457763672,5319.943828582984,0.014590122563495013
BLZ,Belize,2023,17.524993896484375,-88.2750015258789,2679.9114549756223,0.007349746134034518
BLZ,Belize,2023,17.524993896484375,-88.22500610351562,21225.640629410744,0.058212024083398935
BLZ,Belize,2023,17.574996948242188,-89.12500762939453,0.0,0.0
BLZ,Belize,2023,17.574996948242188,-89.07500457763672,170.2133990526357,0.000466815897713816
BLZ,Belize,2023,17.574996948242188,-89.0250015258789,98.97081314779183,0.0002714307407301457
BLZ,Belize,2023,17.574996948242188,-88.97500610351562,8.346459478139877,2.289044220787225e-05
BLZ,Belize,2023,17.574996948242188,-88.92500305175781,0.0,0.0
BLZ,Belize,2023,17.574996948242188,-88.87500762939453,0.0,0.0
BLZ,Belize,2023,17.574996948242188,-88.82500457763672,0.0,0.0
BLZ,Belize,2023,17.574996948242188,-88.7750015258789,0.0,0.0
BLZ,Belize,2023,17.574996948242188,-88.72500610351562,9.64909565448761,2.6462965166938578e-05
BLZ,Belize,2023,17.574996948242188,-88.67500305175781,0.0,0.0
BLZ,Belize,2023,17.574996948242188,-88.62500762939453,65.92153120066737,0.0001807919878069808
BLZ,Belize,2023,17.574996948242188,-88.57500457763672,417.78116142749946,0.0011457787048796903
BLZ,Belize,2023,17.574996948242188,-88.5250015258789,1508.733112245798,0.004137750647854628
BLZ,Belize,2023,17.574996948242188,-88.47500610351562,561.138656348044,0.0015389413939382846
BLZ,Belize,2023,17.574996948242188,-88.42500305175781,4494.7581831514835,0.012327023536058631
BLZ,Belize,2023,17.574996948242188,-88.37500762939453,2138.836299748017,0.005865829557995108
BLZ,Belize,2023,17.574996948242188,-88.32500457763672,10273.173374772085,0.028174519033198543
BLZ,Belize,2023,17.574996948242188,-88.2750015258789,4381.317068576813,0.012015907513274462
BLZ,Belize,2023,17.625,-89.12500762939453,6.487342208628972,1.779175137652578e-05
BLZ,Belize,2023,17.625,-89.07500457763672,1.4294569492340088,3.92033313895328e-06
BLZ,Belize,2023,17.625,-89.0250015258789,5.634389877375932,1.5452501291414375e-05
BLZ,Belize,2023,17.625,-88.97500610351562,0.0,0.0
BLZ,Belize,2023,17.625,-88.92500305175781,0.0,0.0
BLZ,Belize,2023,17.625,-88.87500762939453,0.4138694107532501,1.1350505987917104e-06
BLZ,Belize,2023,17.625,-88.82500457763672,0.0,0.0
BLZ,Belize,2023,17.625,-88.7750015258789,0.0,0.0
BLZ,Belize,2023,17.625,-88.72500610351562,30.628540009330877,8.399978779401459e-05
BLZ,Belize,2023,17.625,-88.67500305175781,20.414845943450928,5.5988392740070425e-05
BLZ,Belize,2023,17.625,-88.62500762939453,97.54246830941067,0.0002675134575921266
BLZ,Belize,2023,17.625,-88.57500457763672,282.3906757831646,0.0007744658032530365
BLZ,Belize,2023,17.625,-88.5250015258789,114.41852760325094,0.0003137966104635964
BLZ,Belize,2023,17.625,-88.47500610351562,261.6435168981552,0.000717566031238485
BLZ,Belize,2023,17.625,-88.42500305175781,19.25789113343358,5.2815405764552995e-05
BLZ,Belize,2023,17.625,-88.37500762939453,3312.698204279596,0.00908518480150626
BLZ,Belize,2023,17.625,-88.32500457763672,111.98524499036617,0.00030712325211667825
BLZ,Belize,2023,17.625,-88.2750015258789,78.49199065566063,0.00021526689018140074
BLZ,Belize,2023,17.67499542236328,-89.12500762939453,0.0,0.0
BLZ,Belize,2023,17.67499542236328,-89.07500457763672,0.0,0.0
BLZ,Belize,2023,17.67499542236328,-89.0250015258789,13.247721552848816,3.6332316161804694e-05
BLZ,Belize,2023,17.67499542236328,-88.97500610351562,6.458624005317688,1.7712990750546276e-05
BLZ,Belize,2023,17.67499542236328,-88.92500305175781,6.15468692779541,1.6879433225217726e-05
BLZ,Belize,2023,17.67499542236328,-88.87500762939453,0.0,0.0
BLZ,Belize,2023,17.67499542236328,-88.82500457763672,0.0,0.0
BLZ,Belize,2023,17.67499542236328,-88.7750015258789,0.0,0.0
BLZ,Belize,2023,17.67499542236328,-88.72500610351562,139.9425433576107,0.00038379707102633104
BLZ,Belize,2023,17.67499542236328,-88.67500305175781,14.40439909700457,3.9504542726491935e-05
BLZ,Belize,2023,17.67499542236328,-88.62500762939453,0.6314799189567566,1.7318546418598263e-06
BLZ,Belize,2023,17.67499542236328,-88.57500457763672,14.684177994806824,4.027184564192548e-05
BLZ,Belize,2023,17.67499542236328,-88.5250015258789,1.4107037782669067,3.868901945000791e-06
BLZ,Belize,2023,17.67499542236328,-88.47500610351562,157.51160645499823,0.0004319808098356445
BLZ,Belize,2023,17.67499542236328,-88.42500305175781,1352.8213597539009,0.003710157490625375
BLZ,Belize,2023,17.67499542236328,-88.37500762939453,1247.4989431202537,0.003421307266472218
BLZ,Belize,2023,17.67499542236328,-88.32500457763672,125.38744334876537,0.0003438792260460872
BLZ,Belize,2023,17.67499542236328,-88.2750015258789,2.901199519634247,7.956635997769774e-06
BLZ,Belize,2023,17.724998474121094,-89.12500762939453,0.0,0.0
BLZ,Belize,2023,17.724998474121094,-89.07500457763672,0.0,0.0
BLZ,Belize,2023,17.724998474121094,-89.0250015258789,0.665557324886322,1.8253130589369034e-06
BLZ,Belize,2023,17.724998474121094,-88.97500610351562,0.0,0.0
BLZ,Belize,2023,17.724998474121094,-88.92500305175781,0.0,0.0
BLZ,Belize,2023,17.724998474121094,-88.87500762939453,0.0,0.0
BLZ,Belize,2023,17.724998474121094,-88.82500457763672,0.0,0.0
BLZ,Belize,2023,17.724998474121094,-88.7750015258789,261.10502094035667,0.0007160891881970201
BLZ,Belize,2023,17.724998474121094,-88.72500610351562,660.0116079002619,0.0018101037459937205
BLZ,Belize,2023,17.724998474121094,-88.67500305175781,269.27362763881683,0.0007384918632521936
BLZ,Belize,2023,17.724998474121094,-88.62500762939453,0.4037732481956482,1.1073615378010764e-06
BLZ,Belize,2023,17.724998474121094,-88.57500457763672,66.72906815260649,0.00018300668470660596
BLZ,Belize,2023,17.724998474121094,-88.5250015258789,1.1221981048583984,3.077665557752132e-06
BLZ,Belize,2023,17.724998474121094,-88.47500610351562,732.637942791104,0.002009283880509739
BLZ,Belize,2023,17.724998474121094,-88.42500305175781,211.55902683734894,0.0005802076545219492
BLZ,Belize,2023,17.724998474121094,-88.37500762939453,0.0,0.0
BLZ,Belize,2023,17.724998474121094,-88.32500457763672,249.50831627845764,0.000684284840669759
BLZ,Belize,2023,17.724998474121094,-88.2750015258789,0.0,0.0
BLZ,Belize,2023,17.774993896484375,-89.12500762939453,0.0,0.0
BLZ,Belize,2023,17.774993896484375,-89.07500457763672,0.0,0.0
BLZ,Belize,2023,17.774993896484375,-89.0250015258789,2.3734647631645203,6.509305908203697e-06
BLZ,Belize,2023,17.774993896484375,-88.97500610351562,0.0,0.0
BLZ,Belize,2023,17.774993896484375,-88.92500305175781,0.0,0.0
BLZ,Belize,2023,17.774993896484375,-88.87500762939453,0.40190932154655457,1.1022496570865605e-06
BLZ,Belize,2023,17.774993896484375,-88.82500457763672,0.0,0.0
BLZ,Belize,2023,17.774993896484375,-88.7750015258789,357.2854500859976,0.0009798672081649915
BLZ,Belize,2023,17.774993896484375,-88.72500610351562,1171.4148380160766,0.003212644082353701
BLZ,Belize,2023,17.774993896484375,-88.67500305175781,588.0365527272224,0.0016127097677252184
BLZ,Belize,2023,17.774993896484375,-88.62500762939453,7.089277148266192,1.9442577931755832e-05
BLZ,Belize,2023,17.774993896484375,-88.57500457763672,266.4359650760889,0.0007307094794680644
BLZ,Belize,2023,17.774993896484375,-88.5250015258789,2113.4256722927094,0.005796140068606833
BLZ,Belize,2023,17.774993896484375,-88.47500610351562,235.92941388490547,0.0006470442500576524
BLZ,Belize,2023,17.774993896484375,-88.42500305175781,0.6412553191184998,1.7586640013310204e-06
BLZ,Belize,2023,17.774993896484375,-88.37500762939453,75.69872975349426,0.0002076062794254257
BLZ,Belize,2023,17.774993896484375,-88.32500457763672,1065.8209483326925,0.002923049334349171
BLZ,Belize,2023,17.774993896484375,-88.2750015258789,5.168398857116699,1.417450544819863e-05
BLZ,Belize,2023,17.824996948242188,-89.12500762939453,0.0,0.0
BLZ,Belize,2023,17.824996948242188,-89.07500457763672,0.0,0.0
BLZ,Belize,2023,17.824996948242188,-89.0250015258789,32.50881665952687,8.915650892934743e-05
BLZ,Belize,2023,17.824996948242188,-88.97500610351562,40.16289520267458,0.00011014807343706664
BLZ,Belize,2023,17.824996948242188,-88.92500305175781,129.84669511047775,0.0003561088720425928
BLZ,Belize,2023,17.824996948242188,-88.87500762939453,26.72464969009161,7.329323899060101e-05
BLZ,Belize,2023,17.824996948242188,-88.82500457763672,0.0,0.0
BLZ,Belize,2023,17.824996948242188,-88.7750015258789,74.69001913087381,0.00020483985705531358
BLZ,Belize,2023,17.824996948242188,-88.72500610351562,426.69087533697564,0.0011702138910646464
BLZ,Belize,2023,17.824996948242188,-88.67500305175781,353.9347888831112,0.0009706779085794955
BLZ,Belize,2023,17.824996948242188,-88.62500762939453,60.883051723693896,0.00016697379057194008
BLZ,Belize,2023,17.824996948242188,-88.57500457763672,59.15329074877991,0.00016222986367294724
BLZ,Belize,2023,17.824996948242188,-88.5250015258789,32.63629913330078,8.950613384588614e-05
BLZ,Belize,2023,17.824996948242188,-88.47500610351562,51.73510003089905,0.00014188522935712
BLZ,Belize,2023,17.824996948242188,-88.42500305175781,6.354924559593201,1.7428591577991522e-05
BLZ,Belize,2023,17.824996948242188,-88.37500762939453,6.235987991094589,1.7102404090380684e-05
BLZ,Belize,2023,17.824996948242188,-88.32500457763672,483.04036843776703,0.0013247542466063983
BLZ,Belize,2023,17.824996948242188,-88.2750015258789,210.31731262803078,0.0005768022120799731
BLZ,Belize,2023,17.824996948242188,-88.22500610351562,10.366265155431451,2.842982633215473e-05
BLZ,Belize,2023,17.875,-89.12500762939453,0.0,0.0
BLZ,Belize,2023,17.875,-89.07500457763672,60.64548060300264,0.00016632224388646397
BLZ,Belize,2023,17.875,-89.0250015258789,32.4224436879158,8.89196281872599e-05
BLZ,Belize,2023,17.875,-88.97500610351562,790.6130579711163,0.002168282558571801
BLZ,Belize,2023,17.875,-88.92500305175781,1944.9595359563828,0.005334116096898816
BLZ,Belize,2023,17.875,-88.87500762939453,700.1377171874046,0.0019201509328362076
BLZ,Belize,2023,17.875,-88.82500457763672,45.42941157519817,0.0001245916694286129
BLZ,Belize,2023,17.875,-88.7750015258789,1275.5034331085892,0.003498110509969399
BLZ,Belize,2023,17.875,-88.72500610351562,109.57757150398373,0.00030052012764937466
BLZ,Belize,2023,17.875,-88.67500305175781,1360.1932463645935,0.0037303751343900162
BLZ,Belize,2023,17.875,-88.62500762939453,707.7291600257158,0.0019409707168440077
BLZ,Belize,2023,17.875,-88.57500457763672,27.40652823448181,7.516331353586563e-05
BLZ,Belize,2023,17.875,-88.5250015258789,171.61901810765266,0.0004706708546364991
BLZ,Belize,2023,17.875,-88.47500610351562,249.11538934710515,0.0006832072255159806
BLZ,Belize,2023,17.875,-88.42500305175781,0.0,0.0
BLZ,Belize,2023,17.875,-88.37500762939453,0.0,0.0
BLZ,Belize,2023,17.875,-88.32500457763672,1698.8312736753214,0.00465910116652929
BLZ,Belize,2023,17.875,-88.2750015258789,544.2490665914534,0.001492621133323532
BLZ,Belize,2023,17.875,-88.22500610351562,23.67507776618004,6.492968674837472e-05
BLZ,Belize,2023,17.92499542236328,-89.12500762939453,46.38551616668701,0.00012721381801191064
BLZ,Belize,2023,17.92499542236328,-89.07500457763672,145.19030529273405,0.00039818923235068987
BLZ,Belize,2023,17.92499542236328,-89.0250015258789,298.0912513882049,0.0008175251530837984
BLZ,Belize,2023,17.92499542236328,-88.97500610351562,1352.8578992337286,0.0037102577013618547
BLZ,Belize,2023,17.92499542236328,-88.92500305175781,151.49809210002422,0.00041548854707809256
BLZ,Belize,2023,17.92499542236328,-88.7750015258789,7.716225430369377,2.116200440910166e-05
BLZ,Belize,2023,17.92499542236328,-88.72500610351562,596.5843322206229,0.0016361523367584444
BLZ,Belize,2023,17.92499542236328,-88.67500305175781,3467.1576076252386,0.009508794842986246
BLZ,Belize,2023,17.92499542236328,-88.62500762939453,2131.49234521389,0.005845688518877748
BLZ,Belize,2023,17.92499542236328,-88.57500457763672,77.82506641013264,0.00021343782829722448
BLZ,Belize,2023,17.92499542236328,-88.5250015258789,160.03324449074586,0.00043889648586302243
BLZ,Belize,2023,17.92499542236328,-88.47500610351562,82.38843452952253,0.00022595301686115685
BLZ,Belize,2023,17.92499542236328,-88.42500305175781,0.0,0.0
BLZ,Belize,2023,17.92499542236328,-88.37500762939453,30.870084315538406,8.466223107267247e-05
BLZ,Belize,2023,17.92499542236328,-88.32500457763672,91.66997933387756,0.00025140796161950786
BLZ,Belize,2023,17.92499542236328,-88.2750015258789,61.84532588746536,0.00016961285941204283
BLZ,Belize,2023,17.92499542236328,-88.22500610351562,8.350524842742097,2.2901591605257425e-05
BLZ,Belize,2023,17.974998474121094,-89.07500457763672,27.222610503448614,7.465891305273328e-05
BLZ,Belize,2023,17.974998474121094,-89.0250015258789,97.66661790780519,0.00026785394198729126
BLZ,Belize,2023,17.974998474121094,-88.7750015258789,16.91741431504488,4.639657039004386e-05
BLZ,Belize,2023,17.974998474121094,-88.72500610351562,1578.9636550545747,0.004330360243049126
BLZ,Belize,2023,17.974998474121094,-88.67500305175781,242.36520332100525,0.0006646946162440475
BLZ,Belize,2023,17.974998474121094,-88.62500762939453,709.9039357677206,0.0019469351115155237
BLZ,Belize,2023,17.974998474121094,-88.57500457763672,1446.9743632976592,0.003968375228572904
BLZ,Belize,2023,17.974998474121094,-88.5250015258789,193.85344733301127,0.0005316495149344492
BLZ,Belize,2023,17.974998474121094,-88.47500610351562,79.10676088955611,0.00021695291795724528
BLZ,Belize,2023,17.974998474121094,-88.42500305175781,36.407007918932706,9.984742787196817e-05
BLZ,Belize,2023,17.974998474121094,-88.37500762939453,645.4058656100739,0.0017700470128756518
BLZ,Belize,2023,17.974998474121094,-88.32500457763672,0.0,0.0
BLZ,Belize,2023,17.974998474121094,-88.2750015258789,1.3625625371932983,3.7368729931443966e-06
BLZ,Belize,2023,17.974998474121094,-88.22500610351562,52.38470995426434,0.0001436668061379573
BLZ,Belize,2023,17.974998474121094,-88.17500305175781,94.22945794463158,0.0002584274166800873
BLZ,Belize,2023,18.024993896484375,-88.72500610351562,83.01229670272635,0.0002276639795823923
BLZ,Belize,2023,18.024993896484375,-88.67500305175781,1779.200990319252,0.004879517782571014
BLZ,Belize,2023,18.024993896484375,-88.62500762939453,233.2367576435767,0.0006396595509239379
BLZ,Belize,2023,18.024993896484375,-88.57500457763672,1486.5469579473424,0.004076904383146359
BLZ,Belize,2023,18.024993896484375,-88.5250015258789,1662.869458154593,0.004560474693589072
BLZ,Belize,2023,18.024993896484375,-88.47500610351562,204.52425465005305,0.0005609145582551317
BLZ,Belize,2023,18.024993896484375,-88.42500305175781,129.1649236381054,0.00035423909114589173
BLZ,Belize,2023,18.024993896484375,-88.37500762939453,56.326286971767686,0.0001544767119624981
BLZ,Belize,2023,18.024993896484375,-88.32500457763672,0.0,0.0
BLZ,Belize,2023,18.024993896484375,-88.2750015258789,453.9315374493599,0.00124492231125417
BLZ,Belize,2023,18.024993896484375,-88.22500610351562,191.10835283994675,0.0005241210021544835
BLZ,Belize,2023,18.024993896484375,-88.17500305175781,8.00051712244749,2.1941683812654286e-05
BLZ,Belize,2023,18.074996948242188,-88.72500610351562,2.3477286621928215,6.438723796891521e-06
BLZ,Belize,2023,18.074996948242188,-88.67500305175781,66.57325437675466,0.0001825793602535648
BLZ,Belize,2023,18.074996948242188,-88.62500762939453,1630.9756883387163,0.004473004971047003
BLZ,Belize,2023,18.074996948242188,-88.57500457763672,14052.081391200454,0.03853829972194115
BLZ,Belize,2023,18.074996948242188,-88.5250015258789,513.4714343697249,0.0014082124551873946
BLZ,Belize,2023,18.074996948242188,-88.47500610351562,87.41211187839508,0.00023973061876847383
BLZ,Belize,2023,18.074996948242188,-88.42500305175781,67.28173649311066,0.00018452239597814153
BLZ,Belize,2023,18.074996948242188,-88.37500762939453,5.420265197753906,1.4865257248954888e-05
BLZ,Belize,2023,18.074996948242188,-88.32500457763672,0.0,0.0
BLZ,Belize,2023,18.074996948242188,-88.2750015258789,196.8993209322642,0.0005400029243985207
BLZ,Belize,2023,18.074996948242188,-88.22500610351562,365.06055560708046,0.0010011906931775996
BLZ,Belize,2023,18.074996948242188,-88.17500305175781,4.777666509151459,1.3102909012216428e-05
BLZ,Belize,2023,18.074996948242188,-88.12500762939453,23.09601581100429,6.334159011237668e-05
BLZ,Belize,2023,18.125,-88.67500305175781,642.2932973206043,0.0017615106910095044
BLZ,Belize,2023,18.125,-88.62500762939453,86.80842676758766,0.00023807499231070665
BLZ,Belize,2023,18.125,-88.57500457763672,2562.6371324660286,0.007028117411232463
BLZ,Belize,2023,18.125,-88.5250015258789,789.4521034508944,0.0021650986022582635
BLZ,Belize,2023,18.125,-88.47500610351562,82.95038138339956,0.00022749417476364923
BLZ,Belize,2023,18.125,-88.42500305175781,26.66321812573313,7.312476088591844e-05
BLZ,Belize,2023,18.125,-88.37500762939453,5.544126749038696,1.5204951665358353e-05
BLZ,Belize,2023,18.125,-88.32500457763672,0.6091918349266052,1.6707288314784786e-06
BLZ,Belize,2023,18.125,-88.2750015258789,15.930067002773285,4.3688737607791156e-05
BLZ,Belize,2023,18.125,-88.22500610351562,0.0,0.0
BLZ,Belize,2023,18.125,-88.17500305175781,4.261214256286621,1.1686521563347793e-05
BLZ,Belize,2023,18.125,-88.12500762939453,11.660058379173279,3.197809720012751e-05
BLZ,Belize,2023,18.17499542236328,-88.67500305175781,94.97442708723247,0.00026047051928545145
BLZ,Belize,2023,18.17499542236328,-88.62500762939453,460.2910739770159,0.0012623635513076838
BLZ,Belize,2023,18.17499542236328,-88.57500457763672,1152.9226839542914,0.003161928735929387
BLZ,Belize,2023,18.17499542236328,-88.5250015258789,776.0803380012512,0.0021284260915914416
BLZ,Belize,2023,18.17499542236328,-88.47500610351562,22.601364016537673,6.198499114440544e-05
BLZ,Belize,2023,18.17499542236328,-88.42500305175781,194.27496331233934,0.0005328055365014111
BLZ,Belize,2023,18.17499542236328,-88.37500762939453,860.4445221424103,0.002359797667354231
BLZ,Belize,2023,18.17499542236328,-88.32500457763672,818.792950601489,0.0022455668496378554
BLZ,Belize,2023,18.17499542236328,-88.2750015258789,682.9154850244522,0.0018729183893788134
BLZ,Belize,2023,18.17499542236328,-88.22500610351562,1.2973210811797122,3.557946134115392e-06
BLZ,Belize,2023,18.17499542236328,-88.17500305175781,0.6139720678329468,1.683838778920189e-06
BLZ,Belize,2023,18.17499542236328,-88.12500762939453,0.0,0.0
BLZ,Belize,2023,18.224998474121094,-88.62500762939453,225.11185186356306,0.0006173767270884045
BLZ,Belize,2023,18.224998474121094,-88.57500457763672,1859.6289182312669,0.005100094044947979
BLZ,Belize,2023,18.224998474121094,-88.5250015258789,544.891032487154,0.0014943817461047296
BLZ,Belize,2023,18.224998474121094,-88.47500610351562,923.3683725465228,0.002532368416058464
BLZ,Belize,2023,18.224998474121094,-88.42500305175781,1222.9457851946718,0.0033539694157358304
BLZ,Belize,2023,18.224998474121094,-88.37500762939453,1274.7317242622375,0.0034959940728387833
BLZ,Belize,2023,18.224998474121094,-88.32500457763672,435.2476134300607,0.0011936810293549187
BLZ,Belize,2023,18.224998474121094,-88.2750015258789,32.91416493065245,9.026819001982207e-05
BLZ,Belize,2023,18.224998474121094,-88.22500610351562,13.762449979782104,3.77439759608278e-05
BLZ,Belize,2023,18.224998474121094,-88.17500305175781,15.52520012858662,4.257837676440309e-05
BLZ,Belize,2023,18.224998474121094,-88.12500762939453,145.23705110698938,0.00039831743429817124
BLZ,Belize,2023,18.274993896484375,-88.57500457763672,693.4928215818765,0.0019019270860381656
BLZ,Belize,2023,18.274993896484375,-88.5250015258789,1447.8377113343397,0.0039707429892252705
BLZ,Belize,2023,18.274993896484375,-88.47500610351562,326.8465997055173,0.0008963876504754912
BLZ,Belize,2023,18.274993896484375,-88.42500305175781,27.14641195547358,7.444993600524211e-05
BLZ,Belize,2023,18.274993896484375,-88.37500762939453,1020.0705474470534,0.002797577341080343
BLZ,Belize,2023,18.274993896484375,-88.32500457763672,121.5851106200964,0.00033345120230636184
BLZ,Belize,2023,18.274993896484375,-88.2750015258789,12.514400601387024,3.43211591073408e-05
BLZ,Belize,2023,18.274993896484375,-88.22500610351562,7.763170033693314,2.1290751542203122e-05
BLZ,Belize,2023,18.274993896484375,-88.17500305175781,0.0,0.0
BLZ,Belize,2023,18.274993896484375,-88.12500762939453,4.517435736965983,1.2389217480253327e-05
BLZ,Belize,2023,18.324996948242188,-88.57500457763672,2.4226264357566833,6.644133427376419e-06
BLZ,Belize,2023,18.324996948242188,-88.5250015258789,3668.1259269865486,0.010059957130660649
BLZ,Belize,2023,18.324996948242188,-88.47500610351562,3829.5789384246045,0.010502747374510657
BLZ,Belize,2023,18.324996948242188,-88.42500305175781,833.3951928020055,0.0022856139836438024
BLZ,Belize,2023,18.324996948242188,-88.37500762939453,744.1110220365268,0.0020407491812281485
BLZ,Belize,2023,18.324996948242188,-88.32500457763672,280.3361891359091,0.0007688313054172752
BLZ,Belize,2023,18.324996948242188,-88.2750015258789,0.747399091720581,2.049766821495309e-06
BLZ,Belize,2023,18.324996948242188,-88.22500610351562,48.58949413896178,0.00013325830076940946
BLZ,Belize,2023,18.324996948242188,-88.17500305175781,196.16049098972962,0.00053797665875315
BLZ,Belize,2023,18.324996948242188,-88.12500762939453,135.1564444899559,0.0003706710359909784
BLZ,Belize,2023,18.375,-88.5250015258789,59.22208985707783,0.00016241854751147442
BLZ,Belize,2023,18.375,-88.47500610351562,926.1630087945026,0.0025400327987459915
BLZ,Belize,2023,18.375,-88.42500305175781,6971.871564149857,0.019120589219639612
BLZ,Belize,2023,18.375,-88.37500762939453,6939.614865869284,0.019032124153734474
BLZ,Belize,2023,18.375,-88.32500457763672,55.15661646427452,0.00015126885176451244
BLZ,Belize,2023,18.42499542236328,-88.5250015258789,101.92893731594086,0.0002795434944662743
BLZ,Belize,2023,18.42499542236328,-88.47500610351562,849.4718399941921,0.002329704722287287
BLZ,Belize,2023,18.42499542236328,-88.42500305175781,1794.216479241848,0.004920698259431392
BLZ,Belize,2023,18.42499542236328,-88.37500762939453,4216.283695414715,0.011563298008534001
BLZ,Belize,2023,18.42499542236328,-88.32500457763672,333.2615917921066,0.0009139809792404152
BLZ,Belize,2023,18.474998474121094,-88.47500610351562,7.379317998886108,2.02380245934722e-05
BLZ,Belize,2023,18.474998474121094,-88.42500305175781,397.61828666933405,0.0010904813514803048
BLZ,Belize,2023,18.474998474121094,-88.37500762939453,925.8486950397757,0.0025391707828389403
BLZ,Belize,2023,18.474998474121094,-88.32500457763672,472.1329192519188,0.0012948402051043834
BLZ,Belize,2024,15.924995422363281,-89.22500610351562,0.686074376218579,1.854208821547683e-06
BLZ,Belize,2024,15.924995422363281,-89.17500305175781,57.22310411930084,0.00015465318066411102
BLZ,Belize,2024,15.924995422363281,-89.12500762939453,82.52745825070095,0.0002230416211603355
BLZ,Belize,2024,15.924995422363281,-89.07500457763672,2.6330641210079193,7.1162120173952175e-06
BLZ,Belize,2024,15.924995422363281,-89.0250015258789,0.0,0.0
BLZ,Belize,2024,15.924995422363281,-88.97500610351562,0.0,0.0
BLZ,Belize,2024,15.924995422363281,-88.92500305175781,1.4442318001239851e-11,3.903231831670126e-17
BLZ,Belize,2024,15.974998474121094,-89.17500305175781,21.815311312675476,5.895883024187551e-05
BLZ,Belize,2024,15.974998474121094,-89.12500762939453,215.49881273549948,0.0005824146965079361
BLZ,Belize,2024,15.974998474121094,-89.07500457763672,18.16748397052288,4.9100083330815725e-05
BLZ,Belize,2024,15.974998474121094,-89.0250015258789,20.309980124235153,5.489046904707168e-05
BLZ,Belize,2024,15.974998474121094,-88.97500610351562,3.8284966945648193,1.034703027892502e-05
BLZ,Belize,2024,15.974998474121094,-88.92500305175781,46.66732885316014,0.00012612476990399657
BLZ,Belize,2024,16.024993896484375,-89.17500305175781,176.09747594611142,0.0004759272531809772
BLZ,Belize,2024,16.024993896484375,-89.12500762939453,40.067458614844895,0.00010828772768066867
BLZ,Belize,2024,16.024993896484375,-89.07500457763672,221.73684966585841,0.0005992738352636542
BLZ,Belize,2024,16.024993896484375,-89.0250015258789,403.47991639383594,0.0010904590613313048
BLZ,Belize,2024,16.024993896484375,-88.97500610351562,55.78890681266785,0.00015077706840867884
BLZ,Belize,2024,16.024993896484375,-88.92500305175781,279.1542315483104,0.0007544520778667504
BLZ,Belize,2024,16.024993896484375,-88.87500762939453,2.4352779388427734,6.581668101366483e-06
BLZ,Belize,2024,16.074996948242188,-89.17500305175781,9.384200394176942,2.5362071164876897e-05
BLZ,Belize,2024,16.074996948242188,-89.12500762939453,229.4108774668071,0.000620013933624051
BLZ,Belize,2024,16.074996948242188,-89.07500457763672,145.12518310568174,0.00039222044150144254
BLZ,Belize,2024,16.074996948242188,-89.0250015258789,48.024323165520634,0.00012979223062252254
BLZ,Belize,2024,16.074996948242188,-88.97500610351562,268.7355809211928,0.0007262942649953512
BLZ,Belize,2024,16.074996948242188,-88.92500305175781,187.1964517235756,0.0005059237368131855
BLZ,Belize,2024,16.074996948242188,-88.87500762939453,96.7116364389658,0.00026137628170843003
BLZ,Belize,2024,16.074996948242188,-88.82500457763672,2487.303414106369,0.006722273986854671
BLZ,Belize,2024,16.125,-89.17500305175781,321.5569240450859,0.0008690510910499013
BLZ,Belize,2024,16.125,-89.12500762939453,32.29097157737007,8.72707193717282e-05
BLZ,Belize,2024,16.125,-89.07500457763672,346.50627875328064,0.0009364800975766197
BLZ,Belize,2024,16.125,-89.0250015258789,137.19796675444348,0.00037079606682970855
BLZ,Belize,2024,16.125,-88.97500610351562,264.54661613702774,0.0007149730209361256
BLZ,Belize,2024,16.125,-88.92500305175781,377.2636380791664,0.001019606022354489
BLZ,Belize,2024,16.125,-88.87500762939453,212.13338226089155,0.0005733191653372233
BLZ,Belize,2024,16.125,-88.82500457763672,5244.40059876442,0.01417370213934482
BLZ,Belize,2024,16.17499542236328,-89.17500305175781,333.349672794862,0.0009009225900011516
BLZ,Belize,2024,16.17499542236328,-89.12500762939453,38.081840515360675,0.00010292132613018224
BLZ,Belize,2024,16.17499542236328,-89.07500457763672,228.670916766242,0.0006180140897206121
BLZ,Belize,2024,16.17499542236328,-89.0250015258789,393.55589431526664,0.0010636380490312409
BLZ,Belize,2024,16.17499542236328,-88.97500610351562,25.54415273666382,6.903652866958772e-05
BLZ,Belize,2024,16.17499542236328,-88.92500305175781,510.9372530581235,0.0013808770516972092
BLZ,Belize,2024,16.17499542236328,-88.87500762939453,1033.0445125104807,0.002791942556878263
BLZ,Belize,2024,16.17499542236328,-88.82500457763672,281.10853350162506,0.000759733843295415
BLZ,Belize,2024,16.17499542236328,-88.7750015258789,18.69119381904602,5.0515480049776745e-05
BLZ,Belize,2024,16.224998474121094,-89.17500305175781,234.46744248304634,0.0006336799846891225
BLZ,Belize,2024,16.224998474121094,-89.12500762939453,582.6823775917474,0.001574777957232413
BLZ,Belize,2024,16.224998474121094,-89.07500457763672,321.9746642112732,0.0008701800903655855
BLZ,Belize,2024,16.224998474121094,-89.0250015258789,1417.0162655116887,0.0038296781673584023
BLZ,Belize,2024,16.224998474121094,-88.97500610351562,609.2495367527008,0.0016465792991673972
BLZ,Belize,2024,16.224998474121094,-88.92500305175781,1193.7987425513566,0.0032264026121943848
BLZ,Belize,2024,16.224998474121094,-88.87500762939453,217.2682975680744,0.0005871969686636738
BLZ,Belize,2024,16.224998474121094,-88.82500457763672,284.6514848470967,0.0007693091486366464
BLZ,Belize,2024,16.224998474121094,-88.7750015258789,17.154659271240234,4.6362787554748224e-05
BLZ,Belize,2024,16.274993896484375,-89.17500305175781,39.35780096058476,0.000106369781859604
BLZ,Belize,2024,16.274993896484375,-89.12500762939453,75.58409631252289,0.00020427624614672844
BLZ,Belize,2024,16.274993896484375,-89.07500457763672,693.5008847119495,0.0018742799654921686
BLZ,Belize,2024,16.274993896484375,-89.0250015258789,540.9265140895864,0.0014619270869174706
BLZ,Belize,2024,16.274993896484375,-88.97500610351562,1422.8929175138474,0.003845560614453463
BLZ,Belize,2024,16.274993896484375,-88.92500305175781,780.7754960061997,0.0021101514100006677
BLZ,Belize,2024,16.274993896484375,-88.87500762939453,1678.8886445762746,0.004537423700805545
BLZ,Belize,2024,16.274993896484375,-88.82500457763672,151.45979058742523,0.00040934057523742194
BLZ,Belize,2024,16.274993896484375,-88.7750015258789,0.0,0.0
BLZ,Belize,2024,16.274993896484375,-88.72500610351562,1.2612334658399952e-22,3.4086540752057136e-28
BLZ,Belize,2024,16.274993896484375,-88.67500305175781,8.422156870530944,2.276201838621299e-05
BLZ,Belize,2024,16.274993896484375,-88.62500762939453,3.947254866361618,1.066799030513994e-05
BLZ,Belize,2024,16.274993896484375,-88.57500457763672,1.2853803038597107,3.4739141718083813e-06
BLZ,Belize,2024,16.324996948242188,-89.17500305175781,0.0,0.0
BLZ,Belize,2024,16.324996948242188,-89.12500762939453,1.0212770700454712,2.7601394515853117e-06
BLZ,Belize,2024,16.324996948242188,-89.07500457763672,13.26500654221485,3.585047481882101e-05
BLZ,Belize,2024,16.324996948242188,-89.0250015258789,0.0,0.0
BLZ,Belize,2024,16.324996948242188,-88.97500610351562,19.247373223815412,5.2018630137338084e-05
BLZ,Belize,2024,16.324996948242188,-88.92500305175781,54.748630926185754,0.0001479655820853011
BLZ,Belize,2024,16.324996948242188,-88.87500762939453,104.18206971885296,0.00028156613833111357
BLZ,Belize,2024,16.324996948242188,-88.82500457763672,703.627937138202,0.001901649694775063
BLZ,Belize,2024,16.324996948242188,-88.7750015258789,84.72835445421535,0.0002289898409121938
BLZ,Belize,2024,16.324996948242188,-88.72500610351562,0.0,0.0
BLZ,Belize,2024,16.324996948242188,-88.67500305175781,2.5240073502588904,6.821471340025963e-06
BLZ,Belize,2024,16.324996948242188,-88.62500762939453,29.771890655175802,8.046256237004917e-05
BLZ,Belize,2024,16.324996948242188,-88.57500457763672,0.09683473408222198,2.6170896974335617e-07
BLZ,Belize,2024,16.324996948242188,-88.5250015258789,1.6740754842758179,4.524415483915389e-06
BLZ,Belize,2024,16.375,-89.17500305175781,0.0,0.0
BLZ,Belize,2024,16.375,-89.12500762939453,0.0,0.0
BLZ,Belize,2024,16.375,-89.07500457763672,0.0,0.0
BLZ,Belize,2024,16.375,-89.0250015258789,0.0,0.0
BLZ,Belize,2024,16.375,-88.97500610351562,1.8267064094543457,4.936921208829455e-06
BLZ,Belize,2024,16.375,-88.92500305175781,1.0573104619979858,2.8575245683373643e-06
BLZ,Belize,2024,16.375,-88.87500762939453,0.0,0.0
BLZ,Belize,2024,16.375,-88.82500457763672,110.30723011495381,0.00029812021298179884
BLZ,Belize,2024,16.375,-88.7750015258789,187.10831159354805,0.0005056855261872033
BLZ,Belize,2024,16.375,-88.72500610351562,0.8950681090354919,2.4190426594956527e-06
BLZ,Belize,2024,16.375,-88.67500305175781,1.4532514810562134,3.927608739672815e-06
BLZ,Belize,2024,16.375,-88.62500762939453,1.4244649410247803,3.849809220672686e-06
BLZ,Belize,2024,16.375,-88.57500457763672,0.0,0.0
BLZ,Belize,2024,16.375,-88.5250015258789,46.45614516753274,0.00012555401742229692
BLZ,Belize,2024,16.375,-88.47500610351562,112.49879340827465,0.00030404320928119853
BLZ,Belize,2024,16.42499542236328,-89.17500305175781,0.43057922273874283,1.1636986030257476e-06
BLZ,Belize,2024,16.42499542236328,-89.12500762939453,0.0,0.0
BLZ,Belize,2024,16.42499542236328,-89.07500457763672,0.0,0.0
BLZ,Belize,2024,16.42499542236328,-89.0250015258789,0.0,0.0
BLZ,Belize,2024,16.42499542236328,-88.97500610351562,0.0,0.0
BLZ,Belize,2024,16.42499542236328,-88.92500305175781,0.0,0.0
BLZ,Belize,2024,16.42499542236328,-88.87500762939453,0.0,0.0
BLZ,Belize,2024,16.42499542236328,-88.82500457763672,1.000585913658142,2.7042188021174395e-06
BLZ,Belize,2024,16.42499542236328,-88.7750015258789,28.920929551142944,7.816272485886221e-05
BLZ,Belize,2024,16.42499542236328,-88.72500610351562,121.92486542463868,0.00032951844416989753
BLZ,Belize,2024,16.42499542236328,-88.67500305175781,0.8647034168243408,2.3369779707197537e-06
BLZ,Belize,2024,16.42499542236328,-88.62500762939453,13.253838062302602,3.582029049086125e-05
BLZ,Belize,2024,16.42499542236328,-88.57500457763672,29.80252447727842,8.054535441876767e-05
BLZ,Belize,2024,16.42499542236328,-88.5250015258789,334.70586418702965,0.0009045878807192284
BLZ,Belize,2024,16.42499542236328,-88.47500610351562,189.67020415521273,0.0005126093874365886
BLZ,Belize,2024,16.474998474121094,-89.17500305175781,9.811033725738525,2.6515645990210308e-05
BLZ,Belize,2024,16.474998474121094,-89.12500762939453,0.0,0.0
BLZ,Belize,2024,16.474998474121094,-89.07500457763672,0.0,0.0
BLZ,Belize,2024,16.474998474121094,-89.0250015258789,0.0,0.0
BLZ,Belize,2024,16.474998474121094,-88.97500610351562,0.0,0.0
BLZ,Belize,2024,16.474998474121094,-88.92500305175781,0.6445251107215881,1.7419163102926021e-06
BLZ,Belize,2024,16.474998474121094,-88.87500762939453,0.3207828998565674,8.669591859617784e-07
BLZ,Belize,2024,16.474998474121094,-88.82500457763672,0.0,0.0
BLZ,Belize,2024,16.474998474121094,-88.7750015258789,0.8038102388381958,2.1724059189018455e-06
BLZ,Belize,2024,16.474998474121094,-88.72500610351562,12.593348860740662,3.403522906527179e-05
BLZ,Belize,2024,16.474998474121094,-88.67500305175781,90.23800939321518,0.00024388042879259947
BLZ,Belize,2024,16.474998474121094,-88.62500762939453,545.6088620650435,0.0014745817658015606
BLZ,Belize,2024,16.474998474121094,-88.57500457763672,27.299120903015137,7.377956757087914e-05
BLZ,Belize,2024,16.474998474121094,-88.5250015258789,411.778826713562,0.0011128879892397955
BLZ,Belize,2024,16.474998474121094,-88.47500610351562,84.37076242271613,0.0002280234000680166
BLZ,Belize,2024,16.474998474121094,-88.42500305175781,213.40156158901266,0.0005767465915449577
BLZ,Belize,2024,16.524993896484375,-89.17500305175781,0.0,0.0
BLZ,Belize,2024,16.524993896484375,-89.12500762939453,2.841515064239502,7.679578893054185e-06
BLZ,Belize,2024,16.524993896484375,-89.07500457763672,0.0,0.0
BLZ,Belize,2024,16.524993896484375,-89.0250015258789,0.0,0.0
BLZ,Belize,2024,16.524993896484375,-88.97500610351562,0.0,0.0
BLZ,Belize,2024,16.524993896484375,-88.92500305175781,0.0,0.0
BLZ,Belize,2024,16.524993896484375,-88.87500762939453,0.4009791314601898,1.0837003517139632e-06
BLZ,Belize,2024,16.524993896484375,-88.82500457763672,5.902252994518147,1.5951637240500995e-05
BLZ,Belize,2024,16.524993896484375,-88.7750015258789,0.0,0.0
BLZ,Belize,2024,16.524993896484375,-88.72500610351562,10.689853444695473,2.889077517725471e-05
BLZ,Belize,2024,16.524993896484375,-88.67500305175781,111.28041892517895,0.000300750387405302
BLZ,Belize,2024,16.524993896484375,-88.62500762939453,783.7293424904346,0.002118134579753711
BLZ,Belize,2024,16.524993896484375,-88.57500457763672,461.4998250010274,0.0012472657139245653
BLZ,Belize,2024,16.524993896484375,-88.5250015258789,3481.697565495968,0.009409758713750504
BLZ,Belize,2024,16.524993896484375,-88.47500610351562,241.17375601828098,0.0006518047043232152
BLZ,Belize,2024,16.524993896484375,-88.42500305175781,6274.633727269247,0.016958046550592326
BLZ,Belize,2024,16.524993896484375,-88.37500762939453,1790.6849626228568,0.004839568375383044
BLZ,Belize,2024,16.574996948242188,-89.17500305175781,0.0,0.0
BLZ,Belize,2024,16.574996948242188,-89.12500762939453,0.0,0.0
BLZ,Belize,2024,16.574996948242188,-89.07500457763672,0.0,0.0
BLZ,Belize,2024,16.574996948242188,-89.0250015258789,0.0,0.0
BLZ,Belize,2024,16.574996948242188,-88.97500610351562,0.0,0.0
BLZ,Belize,2024,16.574996948242188,-88.92500305175781,0.0,0.0
BLZ,Belize,2024,16.574996948242188,-88.87500762939453,0.0,0.0
BLZ,Belize,2024,16.574996948242188,-88.82500457763672,0.10569167137242122,2.8564604103568196e-07
BLZ,Belize,2024,16.574996948242188,-88.7750015258789,0.0,0.0
BLZ,Belize,2024,16.574996948242188,-88.72500610351562,16.90307855606079,4.5682856635322106e-05
BLZ,Belize,2024,16.574996948242188,-88.67500305175781,22.84646427631378,6.174566063201682e-05
BLZ,Belize,2024,16.574996948242188,-88.62500762939453,18.24087226394459,4.9298425122577245e-05
BLZ,Belize,2024,16.574996948242188,-88.57500457763672,403.9569543610674,0.0010917483209767808
BLZ,Belize,2024,16.574996948242188,-88.5250015258789,1755.708767786622,0.004745040476867191
BLZ,Belize,2024,16.574996948242188,-88.47500610351562,2.7041225433442087,7.308257017337368e-06
BLZ,Belize,2024,16.574996948242188,-88.42500305175781,492.85413748038275,0.0013320049853621874
BLZ,Belize,2024,16.574996948242188,-88.37500762939453,1538.936476391647,0.004159184031991582
BLZ,Belize,2024,16.625,-89.17500305175781,0.0,0.0
BLZ,Belize,2024,16.625,-89.12500762939453,0.0,0.0
BLZ,Belize,2024,16.625,-89.07500457763672,0.0,0.0
BLZ,Belize,2024,16.625,-89.0250015258789,0.0,0.0
BLZ,Belize,2024,16.625,-88.97500610351562,0.5755794644355774,1.555581373466309e-06
BLZ,Belize,2024,16.625,-88.92500305175781,0.0,0.0
BLZ,Belize,2024,16.625,-88.87500762939453,0.0,0.0
BLZ,Belize,2024,16.625,-88.82500457763672,0.0,0.0
BLZ,Belize,2024,16.625,-88.7750015258789,1.4919623732566833,4.032230163087155e-06
BLZ,Belize,2024,16.625,-88.72500610351562,1.2563149333000183,3.3953610755823187e-06
BLZ,Belize,2024,16.625,-88.67500305175781,0.0,0.0
BLZ,Belize,2024,16.625,-88.62500762939453,14.831928811983248,4.008529424364448e-05
BLZ,Belize,2024,16.625,-88.57500457763672,1108.7301364543032,0.0029964931951843724
BLZ,Belize,2024,16.625,-88.5250015258789,277.3024064116479,0.0007494472698992985
BLZ,Belize,2024,16.625,-88.47500610351562,360.0697309379553,0.0009731371621212537
BLZ,Belize,2024,16.625,-88.42500305175781,26.524768009946506,7.168677411423883e-05
BLZ,Belize,2024,16.625,-88.37500762939453,876.112866550684,0.0023678135522031967
BLZ,Belize,2024,16.67499542236328,-89.12500762939453,0.0,0.0
BLZ,Belize,2024,16.67499542236328,-89.07500457763672,0.4803418219089508,1.2981887597243624e-06
BLZ,Belize,2024,16.67499542236328,-89.0250015258789,0.6135028004646301,1.6580743197779838e-06
BLZ,Belize,2024,16.67499542236328,-88.97500610351562,11.368843495960142,3.0725837652167716e-05
BLZ,Belize,2024,16.67499542236328,-88.92500305175781,0.0,0.0
BLZ,Belize,2024,16.67499542236328,-88.87500762939453,0.0,0.0
BLZ,Belize,2024,16.67499542236328,-88.82500457763672,0.0,0.0
BLZ,Belize,2024,16.67499542236328,-88.7750015258789,0.7186248302459717,1.942180827346286e-06
BLZ,Belize,2024,16.67499542236328,-88.72500610351562,0.0,0.0
BLZ,Belize,2024,16.67499542236328,-88.67500305175781,0.0,0.0
BLZ,Belize,2024,16.67499542236328,-88.62500762939453,0.0,0.0
BLZ,Belize,2024,16.67499542236328,-88.57500457763672,207.23681020736694,0.000560085516899526
BLZ,Belize,2024,16.67499542236328,-88.5250015258789,901.3181117178672,0.002435934137315056
BLZ,Belize,2024,16.67499542236328,-88.47500610351562,1185.2904309191326,0.0032034077489087164
BLZ,Belize,2024,16.67499542236328,-88.42500305175781,977.0045930147434,0.002640487092733785
BLZ,Belize,2024,16.67499542236328,-88.37500762939453,482.7512804865837,0.0013047006475089271
BLZ,Belize,2024,16.67499542236328,-88.32500457763672,449.2909322979752,0.0012142695296389768
BLZ,Belize,2024,16.724998474121094,-89.12500762939453,1.2831655740737915,3.467928564928512e-06
BLZ,Belize,2024,16.724998474121094,-89.07500457763672,0.0,0.0
BLZ,Belize,2024,16.724998474121094,-89.0250015258789,0.7107353210449219,1.9208583613493813e-06
BLZ,Belize,2024,16.724998474121094,-88.97500610351562,32.86668419847645,8.882666061911226e-05
BLZ,Belize,2024,16.724998474121094,-88.92500305175781,0.0,0.0
BLZ,Belize,2024,16.724998474121094,-88.87500762939453,0.0,0.0
BLZ,Belize,2024,16.724998474121094,-88.82500457763672,0.0,0.0
BLZ,Belize,2024,16.724998474121094,-88.7750015258789,0.0,0.0
BLZ,Belize,2024,16.724998474121094,-88.72500610351562,0.0,0.0
BLZ,Belize,2024,16.724998474121094,-88.67500305175781,0.0,0.0
BLZ,Belize,2024,16.724998474121094,-88.62500762939453,0.0,0.0
BLZ,Belize,2024,16.724998474121094,-88.57500457763672,0.0,0.0
BLZ,Belize,2024,16.724998474121094,-88.5250015258789,0.9678505659103394,2.615747096024937e-06
BLZ,Belize,2024,16.724998474121094,-88.47500610351562,17.035915613366292,4.604186675437343e-05
BLZ,Belize,2024,16.724998474121094,-88.42500305175781,1145.6977285151236,0.003096403114118163
BLZ,Belize,2024,16.724998474121094,-88.37500762939453,255.59909629854553,0.0006907911380520446
BLZ,Belize,2024,16.724998474121094,-88.32500457763672,336.79383710030635,0.0009102309100016933
BLZ,Belize,2024,16.774993896484375,-89.12500762939453,71.65005260705948,0.00019364396079126956
BLZ,Belize,2024,16.774993896484375,-89.07500457763672,10.651049554347992,2.878590241376624e-05
BLZ,Belize,2024,16.774993896484375,-89.0250015258789,12.655945062637329,3.420440376961202e-05
BLZ,Belize,2024,16.774993896484375,-88.97500610351562,0.0,0.0
BLZ,Belize,2024,16.774993896484375,-88.92500305175781,0.0,0.0
BLZ,Belize,2024,16.774993896484375,-88.87500762939453,0.0,0.0
BLZ,Belize,2024,16.774993896484375,-88.82500457763672,0.0,0.0
BLZ,Belize,2024,16.774993896484375,-88.7750015258789,0.0,0.0
BLZ,Belize,2024,16.774993896484375,-88.72500610351562,0.0,0.0
BLZ,Belize,2024,16.774993896484375,-88.67500305175781,0.0,0.0
BLZ,Belize,2024,16.774993896484375,-88.62500762939453,0.0,0.0
BLZ,Belize,2024,16.774993896484375,-88.57500457763672,0.0,0.0
BLZ,Belize,2024,16.774993896484375,-88.5250015258789,0.0,0.0
BLZ,Belize,2024,16.774993896484375,-88.47500610351562,38.05479645729065,0.00010284823590442527
BLZ,Belize,2024,16.774993896484375,-88.42500305175781,32.47911158576608,8.777919319810353e-05
BLZ,Belize,2024,16.774993896484375,-88.37500762939453,583.2480209469795,0.001576306684926489
BLZ,Belize,2024,16.774993896484375,-88.32500457763672,234.88583253324032,0.0006348107404042585
BLZ,Belize,2024,16.824996948242188,-89.12500762939453,0.7765697240829468,2.0987847423741993e-06
BLZ,Belize,2024,16.824996948242188,-89.07500457763672,17.53106528520584,4.738007573190683e-05
BLZ,Belize,2024,16.824996948242188,-89.0250015258789,21.025469183921814,5.682417503023931e-05
BLZ,Belize,2024,16.824996948242188,-88.97500610351562,0.0,0.0
BLZ,Belize,2024,16.824996948242188,-88.92500305175781,0.0,0.0
BLZ,Belize,2024,16.824996948242188,-88.87500762939453,0.0,0.0
BLZ,Belize,2024,16.824996948242188,-88.82500457763672,0.0,0.0
BLZ,Belize,2024,16.824996948242188,-88.7750015258789,0.0,0.0
BLZ,Belize,2024,16.824996948242188,-88.72500610351562,0.0,0.0
BLZ,Belize,2024,16.824996948242188,-88.67500305175781,0.0,0.0
BLZ,Belize,2024,16.824996948242188,-88.62500762939453,0.0,0.0
BLZ,Belize,2024,16.824996948242188,-88.57500457763672,0.0,0.0
BLZ,Belize,2024,16.824996948242188,-88.5250015258789,0.0,0.0
BLZ,Belize,2024,16.824996948242188,-88.47500610351562,4.3150283346449214e-10,1.1661947859684769e-15
BLZ,Belize,2024,16.824996948242188,-88.42500305175781,17.643713176250458,4.768452189772184e-05
BLZ,Belize,2024,16.824996948242188,-88.37500762939453,486.92197424175083,0.0013159725116403764
BLZ,Belize,2024,16.824996948242188,-88.32500457763672,1195.262415170794,0.003230358385470421
BLZ,Belize,2024,16.875,-89.12500762939453,0.0,0.0
BLZ,Belize,2024,16.875,-89.07500457763672,0.0,0.0
BLZ,Belize,2024,16.875,-89.0250015258789,56.62724426947534,0.00015304278880537103
BLZ,Belize,2024,16.875,-88.97500610351562,0.0,0.0
BLZ,Belize,2024,16.875,-88.92500305175781,0.0,0.0
BLZ,Belize,2024,16.875,-88.87500762939453,0.0,0.0
BLZ,Belize,2024,16.875,-88.82500457763672,0.0,0.0
BLZ,Belize,2024,16.875,-88.7750015258789,0.0,0.0
BLZ,Belize,2024,16.875,-88.72500610351562,0.0,0.0
BLZ,Belize,2024,16.875,-88.67500305175781,0.0,0.0
BLZ,Belize,2024,16.875,-88.62500762939453,0.0,0.0
BLZ,Belize,2024,16.875,-88.57500457763672,1.3833003938333142,3.738556462687283e-06
BLZ,Belize,2024,16.875,-88.5250015258789,0.0,0.0
BLZ,Belize,2024,16.875,-88.47500610351562,0.0,0.0
BLZ,Belize,2024,16.875,-88.42500305175781,6.726162910461426,1.817836525608851e-05
BLZ,Belize,2024,16.875,-88.37500762939453,321.42245513993703,0.0008686876706412786
BLZ,Belize,2024,16.875,-88.32500457763672,1863.3530861958861,0.005035963810695877
BLZ,Belize,2024,16.92499542236328,-89.12500762939453,2.1977845430374146,5.9398100684389926e-06
BLZ,Belize,2024,16.92499542236328,-89.07500457763672,53.39918160439244,0.00014431851272455365
BLZ,Belize,2024,16.92499542236328,-89.0250015258789,15.945247113735201,4.309418757628408e-05
BLZ,Belize,2024,16.92499542236328,-88.97500610351562,3.160369098186493,8.541325057936773e-06
BLZ,Belize,2024,16.92499542236328,-88.92500305175781,3.202587962155784,8.655427249654017e-06
BLZ,Belize,2024,16.92499542236328,-88.87500762939453,0.774137139447107,2.092210353288579e-06
BLZ,Belize,2024,16.92499542236328,-88.82500457763672,2.262739636003971,6.115359995032764e-06
BLZ,Belize,2024,16.92499542236328,-88.7750015258789,0.0,0.0
BLZ,Belize,2024,16.92499542236328,-88.72500610351562,0.0,0.0
BLZ,Belize,2024,16.92499542236328,-88.67500305175781,0.0,0.0
BLZ,Belize,2024,16.92499542236328,-88.62500762939453,0.4005284011363983,1.082482192034076e-06
BLZ,Belize,2024,16.92499542236328,-88.57500457763672,0.0,0.0
BLZ,Belize,2024,16.92499542236328,-88.5250015258789,0.5233882740795663,1.4145276205210765e-06
BLZ,Belize,2024,16.92499542236328,-88.47500610351562,0.0,0.0
BLZ,Belize,2024,16.92499542236328,-88.42500305175781,0.0,0.0
BLZ,Belize,2024,16.92499542236328,-88.37500762939453,102.5554646856039,0.0002771700181634317
BLZ,Belize,2024,16.92499542236328,-88.32500457763672,308.6518036425326,0.0008341732572129388
BLZ,Belize,2024,16.92499542236328,-88.2750015258789,23.55160833912357,6.365140786153779e-05
BLZ,Belize,2024,16.974998474121094,-89.12500762939453,14.159337997573548,3.826752657209238e-05
BLZ,Belize,2024,16.974998474121094,-89.07500457763672,86.97060787680857,0.00023504983414387987
BLZ,Belize,2024,16.974998474121094,-89.0250015258789,86.88037547469139,0.00023480596886950937
BLZ,Belize,2024,16.974998474121094,-88.97500610351562,130.53635308664428,0.00035279215463485835
BLZ,Belize,2024,16.974998474121094,-88.92500305175781,19.453040182602876,5.257447291838826e-05
BLZ,Belize,2024,16.974998474121094,-88.87500762939453,2.99292659821327,8.088789048264503e-06
BLZ,Belize,2024,16.974998474121094,-88.82500457763672,41.96089160442352,0.00011340498649980224
BLZ,Belize,2024,16.974998474121094,-88.7750015258789,17.540635734796524,4.740594116672315e-05
BLZ,Belize,2024,16.974998474121094,-88.72500610351562,1.9319102764129639,5.221248892441196e-06
BLZ,Belize,2024,16.974998474121094,-88.67500305175781,0.423937022693716,1.1457471587729318e-06
BLZ,Belize,2024,16.974998474121094,-88.62500762939453,0.0,0.0
BLZ,Belize,2024,16.974998474121094,-88.57500457763672,0.0,0.0
BLZ,Belize,2024,16.974998474121094,-88.5250015258789,13.179553031922504,3.561952514614907e-05
BLZ,Belize,2024,16.974998474121094,-88.47500610351562,26.20621234219114,7.082583432435543e-05
BLZ,Belize,2024,16.974998474121094,-88.42500305175781,689.1668956282065,0.0018625667736428238
BLZ,Belize,2024,16.974998474121094,-88.37500762939453,1227.5061200262635,0.003317501360131442
BLZ,Belize,2024,16.974998474121094,-88.32500457763672,1828.809349120657,0.004942604687786865
BLZ,Belize,2024,16.974998474121094,-88.2750015258789,1413.1947805285931,0.0038193500871783457
BLZ,Belize,2024,17.024993896484375,-89.12500762939453,389.8587562516605,0.0010536460332241468
BLZ,Belize,2024,17.024993896484375,-89.07500457763672,247.1557120088736,0.0006679717496937204
BLZ,Belize,2024,17.024993896484375,-89.0250015258789,2.2897238731384277,6.188288546618115e-06
BLZ,Belize,2024,17.024993896484375,-88.97500610351562,253.06736263653906,0.0006839487853092189
BLZ,Belize,2024,17.024993896484375,-88.92500305175781,71.98696774244308,0.00019455451952629245
BLZ,Belize,2024,17.024993896484375,-88.87500762939453,25.78862246127982,6.969724117496178e-05
BLZ,Belize,2024,17.024993896484375,-88.82500457763672,45.21251493692398,0.00012219293847186622
BLZ,Belize,2024,17.024993896484375,-88.7750015258789,39.31180143357467,0.0001062454619145286
BLZ,Belize,2024,17.024993896484375,-88.72500610351562,0.0742776095867157,2.007452890140941e-07
BLZ,Belize,2024,17.024993896484375,-88.67500305175781,0.5253721475601196,1.4198893070028704e-06
BLZ,Belize,2024,17.024993896484375,-88.62500762939453,0.0,0.0
BLZ,Belize,2024,17.024993896484375,-88.57500457763672,39.819081366062164,0.00010761645456258043
BLZ,Belize,2024,17.024993896484375,-88.5250015258789,582.3924121262826,0.0015739942863322223
BLZ,Belize,2024,17.024993896484375,-88.47500610351562,612.7715016659544,0.0016560978858362798
BLZ,Belize,2024,17.024993896484375,-88.42500305175781,483.05583953860395,0.0013055237595511675
BLZ,Belize,2024,17.024993896484375,-88.37500762939453,239.13180887699127,0.0006462860659164264
BLZ,Belize,2024,17.024993896484375,-88.32500457763672,1518.398442283716,0.004103677216199878
BLZ,Belize,2024,17.024993896484375,-88.2750015258789,62.49625084549558,0.00016890457310193399
BLZ,Belize,2024,17.074996948242188,-89.12500762939453,6877.056566417326,0.01858617577589121
BLZ,Belize,2024,17.074996948242188,-89.07500457763672,289.23312266557457,0.0007816916446963033
BLZ,Belize,2024,17.074996948242188,-89.0250015258789,1248.9895794989511,0.003375563315879121
BLZ,Belize,2024,17.074996948242188,-88.97500610351562,405.2408661842724,0.0010952182663809475
BLZ,Belize,2024,17.074996948242188,-88.92500305175781,77.7476177662611,0.0002101234555808423
BLZ,Belize,2024,17.074996948242188,-88.87500762939453,18.608561874038365,5.029215603901961e-05
BLZ,Belize,2024,17.074996948242188,-88.82500457763672,8.271915435791016,2.2355970582486237e-05
BLZ,Belize,2024,17.074996948242188,-88.7750015258789,3.007217347741927,8.127411732278172e-06
BLZ,Belize,2024,17.074996948242188,-88.72500610351562,0.5656990930583816,1.5288783330922624e-06
BLZ,Belize,2024,17.074996948242188,-88.67500305175781,110.96351301670074,0.000299893906313063
BLZ,Belize,2024,17.074996948242188,-88.62500762939453,696.9439144140954,0.0018835852190737944
BLZ,Belize,2024,17.074996948242188,-88.57500457763672,279.41113233580063,0.0007551463870013554
BLZ,Belize,2024,17.074996948242188,-88.5250015258789,72.93951606750488,0.00019712891024616588
BLZ,Belize,2024,17.074996948242188,-88.47500610351562,0.0,0.0
BLZ,Belize,2024,17.074996948242188,-88.42500305175781,3.1395212411880493,8.484980903867153e-06
BLZ,Belize,2024,17.074996948242188,-88.37500762939453,81.7489572763443,0.00022093761695281548
BLZ,Belize,2024,17.074996948242188,-88.32500457763672,473.8317233324669,0.0012805943375624482
BLZ,Belize,2024,17.074996948242188,-88.2750015258789,199.0659696161747,0.0005380027147591037
BLZ,Belize,2024,17.125,-89.12500762939453,866.4708274751902,0.00234175463711876
BLZ,Belize,2024,17.125,-89.07500457763672,4557.943185806274,0.012318458109186964
BLZ,Belize,2024,17.125,-89.0250015258789,356.75046417119336,0.0009641663946165375
BLZ,Belize,2024,17.125,-88.97500610351562,477.7276690006256,0.0012911236578177626
BLZ,Belize,2024,17.125,-88.92500305175781,537.4053304195454,0.0014524106116640652
BLZ,Belize,2024,17.125,-88.87500762939453,18.196695685386658,4.917903194232267e-05
BLZ,Belize,2024,17.125,-88.82500457763672,188.19247837364674,0.0005086156335886309
BLZ,Belize,2024,17.125,-88.7750015258789,191.5271568895646,0.0005176280534305148
BLZ,Belize,2024,17.125,-88.72500610351562,84.51356855034828,0.00022840935294835308
BLZ,Belize,2024,17.125,-88.67500305175781,219.13181848824024,0.00059223338606838
BLZ,Belize,2024,17.125,-88.62500762939453,209.613268890033,0.0005665082180033479
BLZ,Belize,2024,17.125,-88.57500457763672,335.0925719142132,0.0009056330106700896
BLZ,Belize,2024,17.125,-88.5250015258789,71.78378677368164,0.00019400539546962016
BLZ,Belize,2024,17.125,-88.47500610351562,0.0,0.0
BLZ,Belize,2024,17.125,-88.42500305175781,0.0,0.0
BLZ,Belize,2024,17.125,-88.37500762939453,82.77913796901703,0.00022372181964913263
BLZ,Belize,2024,17.125,-88.32500457763672,321.30139923100376,0.0008683605006695887
BLZ,Belize,2024,17.17499542236328,-89.12500762939453,2279.970591723997,0.006161928984062593
BLZ,Belize,2024,17.17499542236328,-89.07500457763672,13741.489289283752,0.037138233906691326
BLZ,Belize,2024,17.17499542236328,-89.0250015258789,2798.0749950408936,0.007562176228986405
BLZ,Belize,2024,17.17499542236328,-88.97500610351562,1320.534537255764,0.003568923243619192
BLZ,Belize,2024,17.17499542236328,-88.92500305175781,741.2667173147202,0.002003373590397364
BLZ,Belize,2024,17.17499542236328,-88.87500762939453,361.8121660352428,0.0009778463287077863
BLZ,Belize,2024,17.17499542236328,-88.82500457763672,332.6289332286672,0.0008989746938137986
BLZ,Belize,2024,17.17499542236328,-88.7750015258789,853.0063227417271,0.002305364991447743
BLZ,Belize,2024,17.17499542236328,-88.72500610351562,767.3613904118652,0.0020738979748217055
BLZ,Belize,2024,17.17499542236328,-88.67500305175781,93.6880160123266,0.00025320453843623997
BLZ,Belize,2024,17.17499542236328,-88.62500762939453,37.7801139652729,0.00010210586930762682
BLZ,Belize,2024,17.17499542236328,-88.57500457763672,15.80824339389801,4.2723916488028146e-05
BLZ,Belize,2024,17.17499542236328,-88.5250015258789,341.2084747554603,0.000922162065526317
BLZ,Belize,2024,17.17499542236328,-88.47500610351562,1.1577202081680298,3.1288954919156893e-06
BLZ,Belize,2024,17.17499542236328,-88.42500305175781,18.909385741243742,5.110517323896031e-05
BLZ,Belize,2024,17.17499542236328,-88.37500762939453,82.65269261598587,0.000223380083975624
BLZ,Belize,2024,17.17499542236328,-88.32500457763672,573.5992810279131,0.0015502296599057318
BLZ,Belize,2024,17.224998474121094,-89.12500762939453,107.89483341574848,0.00029160038452618264
BLZ,Belize,2024,17.224998474121094,-89.07500457763672,385.2911326439946,0.0010413014124652086
BLZ,Belize,2024,17.224998474121094,-89.0250015258789,2647.8840157985733,0.007156264788068122
BLZ,Belize,2024,17.224998474121094,-88.97500610351562,1956.0996443331242,0.005286623931853736
BLZ,Belize,2024,17.224998474121094,-88.92500305175781,2598.2686927020814,0.00702217266488388
BLZ,Belize,2024,17.224998474121094,-88.87500762939453,1839.5213028194726,0.0049715551918908495
BLZ,Belize,2024,17.224998474121094,-88.82500457763672,1808.0142462849617,0.004886403108979245
BLZ,Belize,2024,17.224998474121094,-88.7750015258789,9734.587262630512,0.02630903908112814
BLZ,Belize,2024,17.224998474121094,-88.72500610351562,687.8147442122768,0.0018589124015071033
BLZ,Belize,2024,17.224998474121094,-88.67500305175781,123.74929197878964,0.00033444920376132526
BLZ,Belize,2024,17.224998474121094,-88.62500762939453,242.90858378266046,0.0006564933110633587
BLZ,Belize,2024,17.224998474121094,-88.57500457763672,100.2810130417347,0.0002710230048826117
BLZ,Belize,2024,17.224998474121094,-88.5250015258789,0.0,0.0
BLZ,Belize,2024,17.224998474121094,-88.47500610351562,0.0,0.0
BLZ,Belize,2024,17.224998474121094,-88.42500305175781,32.37630121427817,8.750133425982024e-05
BLZ,Belize,2024,17.224998474121094,-88.37500762939453,23.597116827964783,6.377440070952866e-05
BLZ,Belize,2024,17.224998474121094,-88.32500457763672,27.957445621521174,7.555877918817455e-05
BLZ,Belize,2024,17.274993896484375,-89.12500762939453,46.50424595228522,0.00012568401630070277
BLZ,Belize,2024,17.274993896484375,-89.07500457763672,435.8460053727031,0.0011779327956433013
BLZ,Belize,2024,17.274993896484375,-89.0250015258789,3612.6193574666977,0.009763592569116087
BLZ,Belize,2024,17.274993896484375,-88.97500610351562,2116.740662634386,0.0057207780171270005
BLZ,Belize,2024,17.274993896484375,-88.92500305175781,561.5994622111548,0.0015177985260837069
BLZ,Belize,2024,17.274993896484375,-88.87500762939453,244.77753377012374,0.0006615444012569412
BLZ,Belize,2024,17.274993896484375,-88.82500457763672,2084.409357190399,0.005633398290023924
BLZ,Belize,2024,17.274993896484375,-88.7750015258789,10145.992120504765,0.027420916368985013
BLZ,Belize,2024,17.274993896484375,-88.72500610351562,1738.629475355378,0.004698881378394001
BLZ,Belize,2024,17.274993896484375,-88.67500305175781,898.6250926898792,0.0024286558890501764
BLZ,Belize,2024,17.274993896484375,-88.62500762939453,1237.5714632870827,0.003344704312046047
BLZ,Belize,2024,17.274993896484375,-88.57500457763672,132.18993768099995,0.00035726119071652774
BLZ,Belize,2024,17.274993896484375,-88.5250015258789,19.829696536064148,5.359243767190263e-05
BLZ,Belize,2024,17.274993896484375,-88.47500610351562,31.560868933796883,8.529751820101811e-05
BLZ,Belize,2024,17.274993896484375,-88.42500305175781,27.04232633113861,7.30855454983403e-05
BLZ,Belize,2024,17.274993896484375,-88.37500762939453,46.466150522232056,0.00012558105824700814
BLZ,Belize,2024,17.274993896484375,-88.32500457763672,437.9108469823841,0.0011835133094483374
BLZ,Belize,2024,17.274993896484375,-88.2750015258789,0.0,0.0
BLZ,Belize,2024,17.324996948242188,-89.12500762939453,99.05313032120466,0.00026770448570866807
BLZ,Belize,2024,17.324996948242188,-89.07500457763672,452.2806646229989,0.0012223496857317895
BLZ,Belize,2024,17.324996948242188,-89.0250015258789,1450.6267225744375,0.003920514974769125
BLZ,Belize,2024,17.324996948242188,-88.97500610351562,244.6139858365069,0.0006611023908397476
BLZ,Belize,2024,17.324996948242188,-88.92500305175781,214.8123877644539,0.000580559540156436
BLZ,Belize,2024,17.324996948242188,-88.87500762939453,312.1794573664794,0.0008437072186623658
BLZ,Belize,2024,17.324996948242188,-88.82500457763672,1957.8805060982884,0.0052914369517089955
BLZ,Belize,2024,17.324996948242188,-88.7750015258789,167.15139940382193,0.0004517492710001223
BLZ,Belize,2024,17.324996948242188,-88.72500610351562,413.8624239563942,0.0011185191926808944
BLZ,Belize,2024,17.324996948242188,-88.67500305175781,133.3469852210331,0.0003603882682318028
BLZ,Belize,2024,17.324996948242188,-88.62500762939453,0.1419629603624344,3.836741067169469e-07
BLZ,Belize,2024,17.324996948242188,-88.57500457763672,1297.4314060807228,0.0035064839059685948
BLZ,Belize,2024,17.324996948242188,-88.5250015258789,463.5242527128972,0.0012527370037031223
BLZ,Belize,2024,17.324996948242188,-88.47500610351562,89.81219279789211,0.00024272960183450607
BLZ,Belize,2024,17.324996948242188,-88.42500305175781,0.0,0.0
BLZ,Belize,2024,17.324996948242188,-88.37500762939453,37.73458480834961,0.00010198282060134793
BLZ,Belize,2024,17.324996948242188,-88.32500457763672,71.14598399411209,0.00019228164716873807
BLZ,Belize,2024,17.324996948242188,-88.2750015258789,0.0,0.0
BLZ,Belize,2024,17.375,-89.12500762939453,52.96589004249637,0.00014314748365799965
BLZ,Belize,2024,17.375,-89.07500457763672,122.94131502145476,0.0003322655367219658
BLZ,Belize,2024,17.375,-89.0250015258789,413.10009424397833,0.0011164588934965986
BLZ,Belize,2024,17.375,-88.97500610351562,188.5016970042372,0.0005094513387723573
BLZ,Belize,2024,17.375,-88.92500305175781,503.7155671269745,0.001361359468437815
BLZ,Belize,2024,17.375,-88.87500762939453,35.97898650175695,9.723807866080184e-05
BLZ,Belize,2024,17.375,-88.82500457763672,127.9306872043808,0.00034574999006441024
BLZ,Belize,2024,17.375,-88.7750015258789,233.3696501404047,0.000630713052361504
BLZ,Belize,2024,17.375,-88.72500610351562,22.885588943958282,6.185140033954883e-05
BLZ,Belize,2024,17.375,-88.67500305175781,112.77304536885589,0.0003047844123085427
BLZ,Belize,2024,17.375,-88.62500762939453,10.160628020763397,2.7460471869542292e-05
BLZ,Belize,2024,17.375,-88.57500457763672,94.49229311944256,0.0002553782061298256
BLZ,Belize,2024,17.375,-88.5250015258789,470.483631968743,0.0012715456676847285
BLZ,Belize,2024,17.375,-88.47500610351562,230.93905788678194,0.0006241440479583765
BLZ,Belize,2024,17.375,-88.42500305175781,268.8711141142994,0.0007266605617861684
BLZ,Belize,2024,17.375,-88.37500762939453,26.783608436690194,7.238632538634232e-05
BLZ,Belize,2024,17.375,-88.32500457763672,0.0,0.0
BLZ,Belize,2024,17.375,-88.2750015258789,0.0,0.0
BLZ,Belize,2024,17.42499542236328,-89.12500762939453,8.190145068219523e-13,2.2134975101314156e-18
BLZ,Belize,2024,17.42499542236328,-89.07500457763672,1.4179223767341043e-11,3.8321270555258433e-17
BLZ,Belize,2024,17.42499542236328,-89.0250015258789,10.80266410112381,2.9195661238539944e-05
BLZ,Belize,2024,17.42499542236328,-88.97500610351562,5.402515411383983,1.4601028811989928e-05
BLZ,Belize,2024,17.42499542236328,-88.92500305175781,17.74452298879769,4.7956974054809975e-05
BLZ,Belize,2024,17.42499542236328,-88.87500762939453,12.55449485781863,3.393022086577082e-05
BLZ,Belize,2024,17.42499542236328,-88.82500457763672,0.0,0.0
BLZ,Belize,2024,17.42499542236328,-88.7750015258789,46.90169815720381,0.00012675818465627598
BLZ,Belize,2024,17.42499542236328,-88.72500610351562,0.0,0.0
BLZ,Belize,2024,17.42499542236328,-88.67500305175781,3.4691628814722333,9.375882034344076e-06
BLZ,Belize,2024,17.42499542236328,-88.62500762939453,0.5978537797983989,1.6157807242529073e-06
BLZ,Belize,2024,17.42499542236328,-88.57500457763672,0.7605568766593933,2.0555078558149053e-06
BLZ,Belize,2024,17.42499542236328,-88.5250015258789,59.377566903829575,0.00016047590781912815
BLZ,Belize,2024,17.42499542236328,-88.47500610351562,427.62870391648045,0.0011557244267293887
BLZ,Belize,2024,17.42499542236328,-88.42500305175781,1200.9259047286034,0.003245664732220628
BLZ,Belize,2024,17.42499542236328,-88.37500762939453,1453.3269722467255,0.003927812764828467
BLZ,Belize,2024,17.42499542236328,-88.32500457763672,87.67220002427591,0.00023694598184164503
BLZ,Belize,2024,17.42499542236328,-88.2750015258789,59.748122692108154,0.0001614773849698836
BLZ,Belize,2024,17.42499542236328,-88.22500610351562,0.0,0.0
BLZ,Belize,2024,17.474998474121094,-89.12500762939453,0.0,0.0
BLZ,Belize,2024,17.474998474121094,-89.07500457763672,0.0,0.0
BLZ,Belize,2024,17.474998474121094,-89.0250015258789,9.068217704522041e-11,2.450808519641126e-16
BLZ,Belize,2024,17.474998474121094,-88.97500610351562,11.203489363194715,3.0278945737412192e-05
BLZ,Belize,2024,17.474998474121094,-88.92500305175781,0.0,0.0
BLZ,Belize,2024,17.474998474121094,-88.87500762939453,0.0,0.0
BLZ,Belize,2024,17.474998474121094,-88.82500457763672,42.990921766063735,0.0001161887823656385
BLZ,Belize,2024,17.474998474121094,-88.7750015258789,250.1056105196476,0.0006759442495143592
BLZ,Belize,2024,17.474998474121094,-88.72500610351562,0.5484029650688171,1.4821332071867719e-06
BLZ,Belize,2024,17.474998474121094,-88.67500305175781,0.0,0.0
BLZ,Belize,2024,17.474998474121094,-88.62500762939453,0.0,0.0
BLZ,Belize,2024,17.474998474121094,-88.57500457763672,153.13811528694845,0.0004138764748004248
BLZ,Belize,2024,17.474998474121094,-88.5250015258789,4.060128688812256,1.0973047081146248e-05
BLZ,Belize,2024,17.474998474121094,-88.47500610351562,1.4723502972380231e-10,3.9792258743056746e-16
BLZ,Belize,2024,17.474998474121094,-88.42500305175781,671.5830571062161,0.001815044071098753
BLZ,Belize,2024,17.474998474121094,-88.37500762939453,3079.748439745037,0.008323436821234133
BLZ,Belize,2024,17.474998474121094,-88.32500457763672,753.0308529294736,0.002035167758480111
BLZ,Belize,2024,17.474998474121094,-88.2750015258789,3087.972829192877,0.008345664346404333
BLZ,Belize,2024,17.474998474121094,-88.22500610351562,10939.312427760466,0.029564971828589866
BLZ,Belize,2024,17.524993896484375,-89.12500762939453,48.97554802522063,0.0001323630444982025
BLZ,Belize,2024,17.524993896484375,-89.07500457763672,3.9463346004788495,1.0665503162087892e-05
BLZ,Belize,2024,17.524993896484375,-89.0250015258789,9.85525894165039,2.6635170619494097e-05
BLZ,Belize,2024,17.524993896484375,-88.97500610351562,4.576498031616211,1.236860509029544e-05
BLZ,Belize,2024,17.524993896484375,-88.92500305175781,0.0,0.0
BLZ,Belize,2024,17.524993896484375,-88.87500762939453,0.0,0.0
BLZ,Belize,2024,17.524993896484375,-88.82500457763672,0.0,0.0
BLZ,Belize,2024,17.524993896484375,-88.7750015258789,31.9635478556973,8.638581246636345e-05
BLZ,Belize,2024,17.524993896484375,-88.72500610351562,0.7969550937529111,2.1538789618681453e-06
BLZ,Belize,2024,17.524993896484375,-88.67500305175781,17.30638587474823,4.677284922800093e-05
BLZ,Belize,2024,17.524993896484375,-88.62500762939453,303.41041038935714,0.0008200076828319153
BLZ,Belize,2024,17.524993896484375,-88.57500457763672,1625.4616346061548,0.00439302997815768
BLZ,Belize,2024,17.524993896484375,-88.5250015258789,174.13533747197948,0.00047062430849459174
BLZ,Belize,2024,17.524993896484375,-88.47500610351562,2.2395337224006653,6.052642873964225e-06
BLZ,Belize,2024,17.524993896484375,-88.42500305175781,387.2270132455039,0.0010465333916983724
BLZ,Belize,2024,17.524993896484375,-88.37500762939453,181.49275439978447,0.0004905087231356568
BLZ,Belize,2024,17.524993896484375,-88.32500457763672,5404.184015259369,0.014605538439710557
BLZ,Belize,2024,17.524993896484375,-88.2750015258789,2725.1607415080243,0.00736511559415789
BLZ,Belize,2024,17.524993896484375,-88.22500610351562,21512.08484441042,0.05813931968752026
BLZ,Belize,2024,17.574996948242188,-89.12500762939453,0.0,0.0
BLZ,Belize,2024,17.574996948242188,-89.07500457763672,172.62396398188278,0.0004665396171620914
BLZ,Belize,2024,17.574996948242188,-89.0250015258789,100.33942256874732,0.00027118086453165757
BLZ,Belize,2024,17.574996948242188,-88.97500610351562,8.440921783447266,2.2812733102096696e-05
BLZ,Belize,2024,17.574996948242188,-88.92500305175781,0.0,0.0
BLZ,Belize,2024,17.574996948242188,-88.87500762939453,0.0,0.0
BLZ,Belize,2024,17.574996948242188,-88.82500457763672,0.0,0.0
BLZ,Belize,2024,17.574996948242188,-88.7750015258789,0.0,0.0
BLZ,Belize,2024,17.574996948242188,-88.72500610351562,9.74906837940216,2.6348176258371003e-05
BLZ,Belize,2024,17.574996948242188,-88.67500305175781,0.0,0.0
BLZ,Belize,2024,17.574996948242188,-88.62500762939453,66.57780742671335,0.00017993553196131115
BLZ,Belize,2024,17.574996948242188,-88.57500457763672,422.91599428653905,0.0011429876913663906
BLZ,Belize,2024,17.574996948242188,-88.5250015258789,1528.8045631796122,0.00413180116577749
BLZ,Belize,2024,17.574996948242188,-88.47500610351562,567.9569750428743,0.0015349805646268885
BLZ,Belize,2024,17.574996948242188,-88.42500305175781,4573.4620346874,0.012360399897851699
BLZ,Belize,2024,17.574996948242188,-88.37500762939453,2174.102301896415,0.005875805607756919
BLZ,Belize,2024,17.574996948242188,-88.32500457763672,10446.959120988859,0.028234320405976128
BLZ,Belize,2024,17.574996948242188,-88.2750015258789,4449.90474152565,0.01202646959686917
BLZ,Belize,2024,17.625,-89.12500762939453,6.548515081410776,1.7698247963893405e-05
BLZ,Belize,2024,17.625,-89.07500457763672,1.4447792768478394,3.904711461585118e-06
BLZ,Belize,2024,17.625,-89.0250015258789,5.695369720516134,1.5392507203026772e-05
BLZ,Belize,2024,17.625,-88.97500610351562,0.0,0.0
BLZ,Belize,2024,17.625,-88.92500305175781,0.0,0.0
BLZ,Belize,2024,17.625,-88.87500762939453,0.41532692313194275,1.1224771998366467e-06
BLZ,Belize,2024,17.625,-88.82500457763672,0.0,0.0
BLZ,Belize,2024,17.625,-88.7750015258789,0.0,0.0
BLZ,Belize,2024,17.625,-88.72500610351562,31.01505786187588,8.382238993572361e-05
BLZ,Belize,2024,17.625,-88.67500305175781,20.635095834732056,5.5769138239980065e-05
BLZ,Belize,2024,17.625,-88.62500762939453,99.42396938801696,0.00026870672845798595
BLZ,Belize,2024,17.625,-88.57500457763672,287.1043827533796,0.0007759384370838461
BLZ,Belize,2024,17.625,-88.5250015258789,115.71657753000973,0.0003127397062080221
BLZ,Belize,2024,17.625,-88.47500610351562,264.74675381183624,0.0007155139200791592
BLZ,Belize,2024,17.625,-88.42500305175781,19.410568237310702,5.245968674015625e-05
BLZ,Belize,2024,17.625,-88.37500762939453,3366.0747615105483,0.00909727244323347
BLZ,Belize,2024,17.625,-88.32500457763672,113.96337139704423,0.0003080014294403434
BLZ,Belize,2024,17.625,-88.2750015258789,79.7115760743618,0.00021543131861473586
BLZ,Belize,2024,17.67499542236328,-89.12500762939453,0.0,0.0
BLZ,Belize,2024,17.67499542236328,-89.07500457763672,0.0,0.0
BLZ,Belize,2024,17.67499542236328,-89.0250015258789,13.37152886390686,3.613836580472505e-05
BLZ,Belize,2024,17.67499542236328,-88.97500610351562,6.509557485580444,1.7592959790542535e-05
BLZ,Belize,2024,17.67499542236328,-88.92500305175781,6.225545406341553,1.6825378722068008e-05
BLZ,Belize,2024,17.67499542236328,-88.87500762939453,0.0,0.0
BLZ,Belize,2024,17.67499542236328,-88.82500457763672,0.0,0.0
BLZ,Belize,2024,17.67499542236328,-88.7750015258789,0.0,0.0
BLZ,Belize,2024,17.67499542236328,-88.72500610351562,141.84539672732353,0.00038335637508773605
BLZ,Belize,2024,17.67499542236328,-88.67500305175781,14.55078542236425,3.932546619697614e-05
BLZ,Belize,2024,17.67499542236328,-88.62500762939453,0.6315975189208984,1.7069777444619939e-06
BLZ,Belize,2024,17.67499542236328,-88.57500457763672,14.806953787882385,4.001779586211123e-05
BLZ,Belize,2024,17.67499542236328,-88.5250015258789,1.4148802757263184,3.823905365982845e-06
BLZ,Belize,2024,17.67499542236328,-88.47500610351562,159.6941189767431,0.00043159496174161835
BLZ,Belize,2024,17.67499542236328,-88.42500305175781,1375.8611689212887,0.003718450950900963
BLZ,Belize,2024,17.67499542236328,-88.37500762939453,1263.1389884203797,0.003413804007779615
BLZ,Belize,2024,17.67499542236328,-88.32500457763672,126.76731631159782,0.00034260582283283486
BLZ,Belize,2024,17.67499542236328,-88.2750015258789,2.9351826310157776,7.932728164663396e-06
BLZ,Belize,2024,17.724998474121094,-89.12500762939453,0.0,0.0
BLZ,Belize,2024,17.724998474121094,-89.07500457763672,0.0,0.0
BLZ,Belize,2024,17.724998474121094,-89.0250015258789,0.6698706150054932,1.810415964643224e-06
BLZ,Belize,2024,17.724998474121094,-88.97500610351562,0.0,0.0
BLZ,Belize,2024,17.724998474121094,-88.92500305175781,0.0,0.0
BLZ,Belize,2024,17.724998474121094,-88.87500762939453,0.0,0.0
BLZ,Belize,2024,17.724998474121094,-88.82500457763672,0.0,0.0
BLZ,Belize,2024,17.724998474121094,-88.7750015258789,264.7487394065198,0.000715519286417425
BLZ,Belize,2024,17.724998474121094,-88.72500610351562,669.9313373044133,0.0018105800748712479
BLZ,Belize,2024,17.724998474121094,-88.67500305175781,272.701548025012,0.000737012827653821
BLZ,Belize,2024,17.724998474121094,-88.62500762939453,0.40728653967380524,1.1007469757480052e-06
BLZ,Belize,2024,17.724998474121094,-88.57500457763672,67.63086220622063,0.00018278155497196102
BLZ,Belize,2024,17.724998474121094,-88.5250015258789,1.1222054958343506,3.0329121770063212e-06
BLZ,Belize,2024,17.724998474121094,-88.47500610351562,741.7174367905864,0.0020045917207592657
BLZ,Belize,2024,17.724998474121094,-88.42500305175781,214.30356845259666,0.0005791843871273731
BLZ,Belize,2024,17.724998474121094,-88.37500762939453,0.0,0.0
BLZ,Belize,2024,17.724998474121094,-88.32500457763672,252.4509334564209,0.0006822828020525139
BLZ,Belize,2024,17.724998474121094,-88.2750015258789,0.0,0.0
BLZ,Belize,2024,17.774993896484375,-89.12500762939453,0.0,0.0
BLZ,Belize,2024,17.774993896484375,-89.07500457763672,0.0,0.0
BLZ,Belize,2024,17.774993896484375,-89.0250015258789,2.3945141434669495,6.471498429381041e-06
BLZ,Belize,2024,17.774993896484375,-88.97500610351562,0.0,0.0
BLZ,Belize,2024,17.774993896484375,-88.92500305175781,0.0,0.0
BLZ,Belize,2024,17.774993896484375,-88.87500762939453,0.40273912996053696,1.0884569857734382e-06
BLZ,Belize,2024,17.774993896484375,-88.82500457763672,0.0,0.0
BLZ,Belize,2024,17.774993896484375,-88.7750015258789,362.83337745815516,0.0009806062907391129
BLZ,Belize,2024,17.774993896484375,-88.72500610351562,1189.3489719629727,0.003214376505164531
BLZ,Belize,2024,17.774993896484375,-88.67500305175781,596.4878714680672,0.0016120891721948258
BLZ,Belize,2024,17.774993896484375,-88.62500762939453,7.178064942380307,1.939969163571175e-05
BLZ,Belize,2024,17.774993896484375,-88.57500457763672,270.43643468176015,0.0007308910523938091
BLZ,Belize,2024,17.774993896484375,-88.5250015258789,2145.37208878994,0.005798158319892025
BLZ,Belize,2024,17.774993896484375,-88.47500610351562,240.39825922253482,0.0006497088193148288
BLZ,Belize,2024,17.774993896484375,-88.42500305175781,0.641258955001831,1.7330890825778732e-06
BLZ,Belize,2024,17.774993896484375,-88.37500762939453,76.48014068603516,0.00020669792729305255
BLZ,Belize,2024,17.774993896484375,-88.32500457763672,1079.5000504852785,0.002917494933280046
BLZ,Belize,2024,17.774993896484375,-88.2750015258789,5.218564033508301,1.4103875326280568e-05
BLZ,Belize,2024,17.824996948242188,-89.12500762939453,0.0,0.0
BLZ,Belize,2024,17.824996948242188,-89.07500457763672,0.0,0.0
BLZ,Belize,2024,17.824996948242188,-89.0250015258789,32.84958770878833,8.878045504272572e-05
BLZ,Belize,2024,17.824996948242188,-88.97500610351562,41.04542160038004,0.00011093080495885089
BLZ,Belize,2024,17.824996948242188,-88.92500305175781,131.6687036308441,0.00035585248517760803
BLZ,Belize,2024,17.824996948242188,-88.87500762939453,26.981121622025967,7.292013149150562e-05
BLZ,Belize,2024,17.824996948242188,-88.82500457763672,0.0,0.0
BLZ,Belize,2024,17.824996948242188,-88.7750015258789,75.51308900134747,0.00020408433928161343
BLZ,Belize,2024,17.824996948242188,-88.72500610351562,433.0524278436654,0.001170382774424656
BLZ,Belize,2024,17.824996948242188,-88.67500305175781,358.88821141459977,0.0009699439457602062
BLZ,Belize,2024,17.824996948242188,-88.62500762939453,61.50293868825814,0.00016622001261061862
BLZ,Belize,2024,17.824996948242188,-88.57500457763672,59.778603613560335,0.00016155976378390817
BLZ,Belize,2024,17.824996948242188,-88.5250015258789,32.99104309082031,8.916275735033376e-05
BLZ,Belize,2024,17.824996948242188,-88.47500610351562,52.225231409072876,0.0001411457534965867
BLZ,Belize,2024,17.824996948242188,-88.42500305175781,6.682058811187744,1.8059167960905425e-05
BLZ,Belize,2024,17.824996948242188,-88.37500762939453,6.2912790179252625,1.7003032700551342e-05
BLZ,Belize,2024,17.824996948242188,-88.32500457763672,488.6310541629791,0.0013205915313509477
BLZ,Belize,2024,17.824996948242188,-88.2750015258789,212.44724464416504,0.0005741674208908344
BLZ,Belize,2024,17.824996948242188,-88.22500610351562,10.462437674459878,2.8276153290843433e-05
BLZ,Belize,2024,17.875,-89.12500762939453,0.0,0.0
BLZ,Belize,2024,17.875,-89.07500457763672,61.722365677380076,0.00016681304373525856
BLZ,Belize,2024,17.875,-89.0250015258789,32.775729328393936,8.858084277732191e-05
BLZ,Belize,2024,17.875,-88.97500610351562,802.8253483847951,0.002169744119204531
BLZ,Belize,2024,17.875,-88.92500305175781,1976.1807117462158,0.00534089573332907
BLZ,Belize,2024,17.875,-88.87500762939453,710.7869551181793,0.0019209979094179947
BLZ,Belize,2024,17.875,-88.82500457763672,45.93054845929146,0.00012413352120967214
BLZ,Belize,2024,17.875,-88.7750015258789,1295.413528800276,0.0035010303196171743
BLZ,Belize,2024,17.875,-88.72500610351562,110.8013892175434,0.00029945574481191897
BLZ,Belize,2024,17.875,-88.67500305175781,1381.0328795909882,0.0037324281986727027
BLZ,Belize,2024,17.875,-88.62500762939453,718.238533206284,0.001941136807333945
BLZ,Belize,2024,17.875,-88.57500457763672,28.064390420913696,7.584781197722173e-05
BLZ,Belize,2024,17.875,-88.5250015258789,173.91719248890877,0.00047003474216474934
BLZ,Belize,2024,17.875,-88.47500610351562,252.93223661187233,0.0006835835889461968
BLZ,Belize,2024,17.875,-88.42500305175781,0.0,0.0
BLZ,Belize,2024,17.875,-88.37500762939453,0.0,0.0
BLZ,Belize,2024,17.875,-88.32500457763672,1722.6469541791687,0.004655686452621029
BLZ,Belize,2024,17.875,-88.2750015258789,552.162519097519,0.001492293910583867
BLZ,Belize,2024,17.875,-88.22500610351562,23.934821292757988,6.468709271407031e-05
BLZ,Belize,2024,17.92499542236328,-89.12500762939453,46.90510815382004,0.00012676740063347384
BLZ,Belize,2024,17.92499542236328,-89.07500457763672,147.34238463653094,0.0003982127286063902
BLZ,Belize,2024,17.92499542236328,-89.0250015258789,301.81994745881644,0.0008157092415865109
BLZ,Belize,2024,17.92499542236328,-88.97500610351562,1373.1072701216046,0.0037110081668165784
BLZ,Belize,2024,17.92499542236328,-88.92500305175781,154.01195868849754,0.0004162381548164226
BLZ,Belize,2024,17.92499542236328,-88.7750015258789,7.779248371720314,2.1024471188323094e-05
BLZ,Belize,2024,17.92499542236328,-88.72500610351562,605.7313513461471,0.0016370709271267049
BLZ,Belize,2024,17.92499542236328,-88.67500305175781,3521.4133729161695,0.00951709605650234
BLZ,Belize,2024,17.92499542236328,-88.62500762939453,2165.1734177470207,0.005851674090343842
BLZ,Belize,2024,17.92499542236328,-88.57500457763672,79.11260770367156,0.00021381252555780343
BLZ,Belize,2024,17.92499542236328,-88.5250015258789,162.23856544506972,0.0004384716725634549
BLZ,Belize,2024,17.92499542236328,-88.47500610351562,83.29566115162842,0.0002251177934311746
BLZ,Belize,2024,17.92499542236328,-88.42500305175781,0.0,0.0
BLZ,Belize,2024,17.92499542236328,-88.37500762939453,31.134226620197296,8.414445962757004e-05
BLZ,Belize,2024,17.92499542236328,-88.32500457763672,92.64657664299011,0.0002503899076430393
BLZ,Belize,2024,17.92499542236328,-88.2750015258789,62.4108850362562,0.00016867386045322285
BLZ,Belize,2024,17.92499542236328,-88.22500610351562,8.432682514193688,2.2790465362238382e-05
BLZ,Belize,2024,17.974998474121094,-89.07500457763672,27.663581609739545,7.476457193912362e-05
BLZ,Belize,2024,17.974998474121094,-89.0250015258789,98.80064715467395,0.00026702211579237147
BLZ,Belize,2024,17.974998474121094,-88.7750015258789,17.108348093926907,4.623762533256479e-05
BLZ,Belize,2024,17.974998474121094,-88.72500610351562,1604.420598648494,0.004336163731815364
BLZ,Belize,2024,17.974998474121094,-88.67500305175781,246.18511939796372,0.0006653485918501097
BLZ,Belize,2024,17.974998474121094,-88.62500762939453,721.704315178108,0.001950503552002557
BLZ,Belize,2024,17.974998474121094,-88.57500457763672,1467.6472905878647,0.003966515362558268
BLZ,Belize,2024,17.974998474121094,-88.5250015258789,196.77768415216013,0.0005318183137077468
BLZ,Belize,2024,17.974998474121094,-88.47500610351562,80.0954168069051,0.0002164687001247026
BLZ,Belize,2024,17.974998474121094,-88.42500305175781,37.32204559818592,0.00010086787757296099
BLZ,Belize,2024,17.974998474121094,-88.37500762939453,654.878950417474,0.0017698989628539999
BLZ,Belize,2024,17.974998474121094,-88.32500457763672,0.0,0.0
BLZ,Belize,2024,17.974998474121094,-88.2750015258789,1.371205449104309,3.7058682382177135e-06
BLZ,Belize,2024,17.974998474121094,-88.22500610351562,52.93746674061079,0.0001430706658392316
BLZ,Belize,2024,17.974998474121094,-88.17500305175781,95.76131981611252,0.0002588079224657048
BLZ,Belize,2024,18.024993896484375,-88.72500610351562,84.20627193154272,0.00022757884226150661
BLZ,Belize,2024,18.024993896484375,-88.67500305175781,1804.222557425499,0.004876155556854459
BLZ,Belize,2024,18.024993896484375,-88.62500762939453,237.68728818005013,0.0006423820533020228
BLZ,Belize,2024,18.024993896484375,-88.57500457763672,1508.2104875818186,0.004076142890277512
BLZ,Belize,2024,18.024993896484375,-88.5250015258789,1688.4035631127772,0.00456313905543507
BLZ,Belize,2024,18.024993896484375,-88.47500610351562,207.91186340530433,0.0005619099394957004
BLZ,Belize,2024,18.024993896484375,-88.42500305175781,130.70680087804794,0.00035325281285121085
BLZ,Belize,2024,18.024993896484375,-88.37500762939453,56.88213270922672,0.00015373165929795878
BLZ,Belize,2024,18.024993896484375,-88.32500457763672,0.0,0.0
BLZ,Belize,2024,18.024993896484375,-88.2750015258789,461.1317448467016,0.001246270927509499
BLZ,Belize,2024,18.024993896484375,-88.22500610351562,193.63918831944466,0.0005233361041090055
BLZ,Belize,2024,18.024993896484375,-88.17500305175781,8.092540786601603,2.1871186325242576e-05
BLZ,Belize,2024,18.074996948242188,-88.72500610351562,2.3675856217741966,6.398720456314703e-06
BLZ,Belize,2024,18.074996948242188,-88.67500305175781,67.2737093568906,0.0001818163010770136
BLZ,Belize,2024,18.074996948242188,-88.62500762939453,1653.1354385022757,0.004467822177208735
BLZ,Belize,2024,18.074996948242188,-88.57500457763672,14240.068348161907,0.038485711266662406
BLZ,Belize,2024,18.074996948242188,-88.5250015258789,521.9750866592351,0.001410708290325827
BLZ,Belize,2024,18.074996948242188,-88.47500610351562,88.36857676506042,0.0002388280341972513
BLZ,Belize,2024,18.074996948242188,-88.42500305175781,68.02818566560745,0.00018385537537531652
BLZ,Belize,2024,18.074996948242188,-88.37500762939453,5.4837870597839355,1.4820676437128611e-05
BLZ,Belize,2024,18.074996948242188,-88.32500457763672,0.0,0.0
BLZ,Belize,2024,18.074996948242188,-88.2750015258789,200.3880503258422,0.000541575816742849
BLZ,Belize,2024,18.074996948242188,-88.22500610351562,371.89649572968483,0.001005100594027954
BLZ,Belize,2024,18.074996948242188,-88.17500305175781,4.827696263790131,1.304750229765255e-05
BLZ,Belize,2024,18.074996948242188,-88.12500762939453,23.355115294494855,6.312035882465137e-05
BLZ,Belize,2024,18.125,-88.67500305175781,653.0474287569523,0.0017649490277776999
BLZ,Belize,2024,18.125,-88.62500762939453,87.70145373791456,0.00023702504396052313
BLZ,Belize,2024,18.125,-88.57500457763672,2603.5051562788017,0.007036324916147341
BLZ,Belize,2024,18.125,-88.5250015258789,800.2860359996557,0.0021628812839371045
BLZ,Belize,2024,18.125,-88.47500610351562,83.83543872843295,0.00022657661535963812
BLZ,Belize,2024,18.125,-88.42500305175781,26.93037052455802,7.278296978442225e-05
BLZ,Belize,2024,18.125,-88.37500762939453,5.597506880760193,1.5128019638606552e-05
BLZ,Belize,2024,18.125,-88.32500457763672,0.6124864220619202,1.6553274196376194e-06
BLZ,Belize,2024,18.125,-88.2750015258789,16.116985619068146,4.3558334121652667e-05
BLZ,Belize,2024,18.125,-88.22500610351562,0.0,0.0
BLZ,Belize,2024,18.125,-88.17500305175781,4.307807922363281,1.1642433718635486e-05
BLZ,Belize,2024,18.125,-88.12500762939453,11.938976287841797,3.226669865617025e-05
BLZ,Belize,2024,18.17499542236328,-88.67500305175781,96.08121304772794,0.0002596724772028806
BLZ,Belize,2024,18.17499542236328,-88.62500762939453,467.7045972747728,0.0012640349504453707
BLZ,Belize,2024,18.17499542236328,-88.57500457763672,1172.1018440723951,0.0031677638086558342
BLZ,Belize,2024,18.17499542236328,-88.5250015258789,785.8593553602695,0.00212389122770641
BLZ,Belize,2024,18.17499542236328,-88.47500610351562,22.84623928368574,6.174505255900003e-05
BLZ,Belize,2024,18.17499542236328,-88.42500305175781,196.75265555133046,0.0005317506705278556
BLZ,Belize,2024,18.17499542236328,-88.37500762939453,873.630895614624,0.0023611056899596997
BLZ,Belize,2024,18.17499542236328,-88.32500457763672,831.1620580565168,0.002246327910799456
BLZ,Belize,2024,18.17499542236328,-88.2750015258789,692.9928522408009,0.0018729069390065732
BLZ,Belize,2024,18.17499542236328,-88.22500610351562,1.3117332458680326,3.5451365629066857e-06
BLZ,Belize,2024,18.17499542236328,-88.17500305175781,0.61930251121521,1.6737488227311796e-06
BLZ,Belize,2024,18.17499542236328,-88.12500762939453,0.0,0.0
BLZ,Belize,2024,18.224998474121094,-88.62500762939453,229.30131016671658,0.0006197178131720662
BLZ,Belize,2024,18.224998474121094,-88.57500457763672,1886.5989663608323,0.005098788946804373
BLZ,Belize,2024,18.224998474121094,-88.5250015258789,553.7593869641423,0.0014966096620355664
BLZ,Belize,2024,18.224998474121094,-88.47500610351562,936.1567086149148,0.002530090158784467
BLZ,Belize,2024,18.224998474121094,-88.42500305175781,1239.290552437342,0.003349350383052235
BLZ,Belize,2024,18.224998474121094,-88.37500762939453,1294.1242785453796,0.003497545946379119
BLZ,Belize,2024,18.224998474121094,-88.32500457763672,441.3894492686174,0.0011929147027511164
BLZ,Belize,2024,18.224998474121094,-88.2750015258789,33.42912960059596,9.034674541224651e-05
BLZ,Belize,2024,18.224998474121094,-88.22500610351562,13.922328338027,3.762697590184958e-05
BLZ,Belize,2024,18.224998474121094,-88.17500305175781,15.702931582959287,4.24392970712063e-05
BLZ,Belize,2024,18.224998474121094,-88.12500762939453,146.9824034422636,0.0003972398307265995
BLZ,Belize,2024,18.274993896484375,-88.57500457763672,703.8271751256968,0.0019021881623914117
BLZ,Belize,2024,18.274993896484375,-88.5250015258789,1470.06446233403,0.003973048096224315
BLZ,Belize,2024,18.274993896484375,-88.47500610351562,332.45158906280994,0.0008984953972124665
BLZ,Belize,2024,18.274993896484375,-88.42500305175781,27.42510443937646,7.412005512235785e-05
BLZ,Belize,2024,18.274993896484375,-88.37500762939453,1035.945167009239,0.0027997819680941486
BLZ,Belize,2024,18.274993896484375,-88.32500457763672,123.1487021823121,0.00033282602858183806
BLZ,Belize,2024,18.274993896484375,-88.2750015258789,12.68053525686264,3.42708620963425e-05
BLZ,Belize,2024,18.274993896484375,-88.22500610351562,7.861012101173401,2.12454487290821e-05
BLZ,Belize,2024,18.274993896484375,-88.17500305175781,0.0,0.0
BLZ,Belize,2024,18.274993896484375,-88.12500762939453,4.566775202763047,1.2342327829906704e-05
BLZ,Belize,2024,18.324996948242188,-88.57500457763672,2.4475908279418945,6.614945349982243e-06
BLZ,Belize,2024,18.324996948242188,-88.5250015258789,3720.269745480489,0.010054532306872171
BLZ,Belize,2024,18.324996948242188,-88.47500610351562,3881.8395203948203,0.01049119648254484
BLZ,Belize,2024,18.324996948242188,-88.42500305175781,844.0993559957087,0.0022812927087825217
BLZ,Belize,2024,18.324996948242188,-88.37500762939453,755.4115923401012,0.0020416020288303934
BLZ,Belize,2024,18.324996948242188,-88.32500457763672,285.05963326990604,0.0007704122249681734
BLZ,Belize,2024,18.324996948242188,-88.2750015258789,0.7519118189811707,2.0321434178393904e-06
BLZ,Belize,2024,18.324996948242188,-88.22500610351562,49.18979235739088,0.00013294206879126266
BLZ,Belize,2024,18.324996948242188,-88.17500305175781,198.7242760658715,0.0005370792417112831
BLZ,Belize,2024,18.324996948242188,-88.12500762939453,136.8247019648552,0.0003697872682364096
BLZ,Belize,2024,18.375,-88.5250015258789,60.00003027937623,0.00016215819930535214
BLZ,Belize,2024,18.375,-88.47500610351562,938.8473649028136,0.0025373620214245974
BLZ,Belize,2024,18.375,-88.42500305175781,7072.256917953491,0.019113731134805027
BLZ,Belize,2024,18.375,-88.37500762939453,7032.952915728092,0.019007506751305758
BLZ,Belize,2024,18.375,-88.32500457763672,56.24140790106611,0.00015200001381948465
BLZ,Belize,2024,18.42499542236328,-88.5250015258789,102.84110844135284,0.0002779420090584261
BLZ,Belize,2024,18.42499542236328,-88.47500610351562,861.4764500260353,0.0023282566563671636
BLZ,Belize,2024,18.42499542236328,-88.42500305175781,1821.02353566885,0.00492156247358141
BLZ,Belize,2024,18.42499542236328,-88.37500762939453,4277.718935288542,0.011561114160291213
BLZ,Belize,2024,18.42499542236328,-88.32500457763672,339.72728955745697,0.0009181589621374089
BLZ,Belize,2024,18.474998474121094,-88.47500610351562,7.554681897163391,2.0417549908968026e-05
BLZ,Belize,2024,18.474998474121094,-88.42500305175781,405.6192458868832,0.0010962408887186922
BLZ,Belize,2024,18.474998474121094,-88.37500762939453,938.5619090199738,0.0025365905382815574
BLZ,Belize,2024,18.474998474121094,-88.32500457763672,479.4187631011009,0.0012956940684144258
