id,time,year,month,year_month,mag,place,country,iso_a3,dist_km,shake_proxy
usp000f2ux,2007-01-17 08:55:45.110000+00:00,2007,1,2007-01,4.9,"75 km SSE of Champerico, Guatemala",Belize,BLZ,381.6330938196425,41.811357315477835
usp000f2yn,2007-01-19 01:43:14.070000+00:00,2007,1,2007-01,5.4,"56 km S of El Rosario, El Salvador",Belize,BLZ,332.59882441934883,95.01033061338245
usp000f304,2007-01-19 14:50:26.590000+00:00,2007,1,2007-01,4.6,"107 km SW of Corinto, Nicaragua",Belize,BLZ,472.5834181957109,18.784435404304773
usp000f39t,2007-01-22 09:04:06.620000+00:00,2007,1,2007-01,4.7,"79 km SW of Corinto, Nicaragua",Belize,BLZ,481.40445203369694,20.167102916695008
usp000f3h9,2007-01-25 00:06:55.300000+00:00,2007,1,2007-01,5.1,"3 km WNW of Estación Huehuetán, Mexico",Belize,BLZ,370.7642076024421,55.57708350536489
usp000f3r0,2007-01-27 09:12:41.180000+00:00,2007,1,2007-01,4.6,"21 km SSW of La Libertad, El Salvador",Belize,BLZ,295.9995358953082,45.41979550746373
usp000f3rg,2007-01-27 11:22:16.970000+00:00,2007,1,2007-01,4.5,"73 km SSW of Corinto, Nicaragua",Belize,BLZ,480.5325270266888,16.08928985293273
usp000f4ch,2007-02-06 11:32:40.800000+00:00,2007,2,2007-02,4.5,"1 km ENE of Monte Redondo, Mexico",Belize,BLZ,313.2575335117082,37.133844026119355
usp000f4k5,2007-02-09 20:42:24.760000+00:00,2007,2,2007-02,4.8,Gulf of America,Belize,BLZ,376.10447935845144,38.30888395711161
usp000f4tn,2007-02-13 18:38:49.750000+00:00,2007,2,2007-02,5.0,"59 km SSW of Puerto San José, Guatemala",Belize,BLZ,347.2636548477391,55.70915289208543
usp000f511,2007-02-17 08:57:18.880000+00:00,2007,2,2007-02,4.6,"141 km SSW of Chirilagua, El Salvador",Belize,BLZ,448.66305281876953,21.170960391332855
usp000f5sw,2007-02-27 22:14:20.300000+00:00,2007,2,2007-02,4.6,"58 km SSW of Puerto El Triunfo, El Salvador",Belize,BLZ,354.1188525905507,33.96570879887524
usp000f631,2007-03-04 16:56:17.300000+00:00,2007,3,2007-03,4.7,"78 km SW of Champerico, Guatemala",Belize,BLZ,431.0723368528786,25.938109182559273
usp000f6d2,2007-03-09 21:01:37.800000+00:00,2007,3,2007-03,5.6,"4 km W of Santa Cruz, Honduras",Belize,BLZ,347.5552375268798,110.99243798705942
usp000f6k2,2007-03-12 18:44:21.600000+00:00,2007,3,2007-03,4.5,"75 km S of Iztapa, Guatemala",Belize,BLZ,342.3025483268046,32.11437398496455
usp000f769,2007-03-22 16:12:07.680000+00:00,2007,3,2007-03,4.5,"16 km SW of Champerico, Guatemala",Belize,BLZ,366.5214609978131,28.451735322980692
usp000f7kv,2007-03-27 07:28:14.370000+00:00,2007,3,2007-03,4.6,"11 km SSE of Río Chiquito, Honduras",Belize,BLZ,90.22718824744673,127.07910577267101
usp000f7yn,2007-03-31 05:03:21.320000+00:00,2007,3,2007-03,5.1,"74 km WSW of Puerto Madero, Mexico",Belize,BLZ,456.96813541894966,36.116553647890655
usp000f9y3,2007-04-17 18:42:20.180000+00:00,2007,4,2007-04,4.5,"7 km S of Jalapa, Guatemala",Belize,BLZ,173.56235126906842,74.6644968627844
usp000fa8d,2007-04-21 07:24:18.820000+00:00,2007,4,2007-04,4.5,Guatemala,Belize,BLZ,341.7812885800319,32.19818280519008
usp000fa9t,2007-04-21 23:21:47.300000+00:00,2007,4,2007-04,4.8,"68 km SW of El Arenal, Mexico",Belize,BLZ,459.51260401100524,25.245330378927758
usp000faft,2007-04-24 10:00:24.750000+00:00,2007,4,2007-04,4.5,"58 km WSW of Corinto, Nicaragua",Belize,BLZ,445.04748626153065,19.212844273106143
usp000fags,2007-04-24 17:51:36.280000+00:00,2007,4,2007-04,4.6,"35 km S of Jiquilillo, Nicaragua",Belize,BLZ,427.320975353207,23.55506418671494
usp000fbfb,2007-05-07 12:32:38.730000+00:00,2007,5,2007-05,4.6,"32 km S of Iztapa, Guatemala",Belize,BLZ,302.93649619127393,43.87142657696642
usp000fbmq,2007-05-09 21:11:00.900000+00:00,2007,5,2007-05,4.5,"13 km NE of Hermenegildo Galeana, Mexico",Belize,BLZ,413.4382479239205,22.502473120057406
usp000fcg6,2007-05-22 10:48:45.430000+00:00,2007,5,2007-05,4.5,"31 km SW of Puerto El Triunfo, El Salvador",Belize,BLZ,324.1153574404767,35.17162579011093
usp000fdmh,2007-06-08 13:32:00.770000+00:00,2007,6,2007-06,5.8,"11 km SSE of Puerto San José, Guatemala",Belize,BLZ,291.76439037359654,184.689274894988
usp000fdmm,2007-06-08 13:55:58.590000+00:00,2007,6,2007-06,4.6,"17 km S of Puerto San José, Guatemala",Belize,BLZ,300.77502055803797,44.34813300810062
usp000fdmu,2007-06-08 15:08:38.050000+00:00,2007,6,2007-06,5.5,"31 km S of Puerto San José, Guatemala",Belize,BLZ,312.4662816184151,117.89301935924426
usp000fdvm,2007-06-12 06:08:10.900000+00:00,2007,6,2007-06,4.6,"8 km NNW of Nentón, Guatemala",Belize,BLZ,285.8642210530574,47.780834567330416
usp000fdyv,2007-06-13 19:29:40.180000+00:00,2007,6,2007-06,6.7,"43 km SSE of Iztapa, Guatemala",Belize,BLZ,309.86382580286124,475.4876611872521
usp000fehx,2007-06-22 05:03:49.330000+00:00,2007,6,2007-06,5.0,"59 km SSW of Puerto El Triunfo, El Salvador",Belize,BLZ,353.13482632765823,54.09753390740521
usp000fex4,2007-06-26 15:55:27.290000+00:00,2007,6,2007-06,4.6,"53 km SSE of La Libertad, El Salvador",Belize,BLZ,329.96065304861185,38.32653394610375
usp000ff2b,2007-06-29 01:17:13.260000+00:00,2007,6,2007-06,4.9,"40 km SW of El Arenal, Mexico",Belize,BLZ,433.32618649444305,32.288222826456135
usp000ffad,2007-07-02 18:36:02.590000+00:00,2007,7,2007-07,4.7,"9 km NE of Izalco, El Salvador",Belize,BLZ,243.32799828265,66.31625079071136
usp000fg1c,2007-07-12 14:44:53.570000+00:00,2007,7,2007-07,4.8,"31 km SSE of Puerto El Triunfo, El Salvador",Belize,BLZ,334.239641549068,47.228901043058165
usp000fg75,2007-07-15 09:07:20.550000+00:00,2007,7,2007-07,4.8,"18 km WSW of San Francisco Menéndez, El Salvador",Belize,BLZ,263.7381653846694,67.1892588533908
usp000fgdn,2007-07-17 02:47:19.430000+00:00,2007,7,2007-07,4.8,"72 km SSW of Corinto, Nicaragua",Belize,BLZ,493.2874293910166,21.322590045523405
usp000fgen,2007-07-17 11:37:37.300000+00:00,2007,7,2007-07,4.5,"13 km WNW of Siltepec, Mexico",Belize,BLZ,358.24997551506334,29.653097288613115
usp000fgmr,2007-07-19 11:40:38.350000+00:00,2007,7,2007-07,4.6,"73 km S of Intipucá, El Salvador",Belize,BLZ,392.8239280724566,27.989405778514183
usp000fgys,2007-07-23 22:30:08.450000+00:00,2007,7,2007-07,5.5,"9 km NE of Santa Lucía Cotzumalguapa, Guatemala",Belize,BLZ,258.9009901702627,154.10035636532896
usp000fh5d,2007-07-26 21:05:09.790000+00:00,2007,7,2007-07,4.6,"25 km SW of Puerto El Triunfo, El Salvador",Belize,BLZ,320.83786753330435,40.115242576706606
usp000fh98,2007-07-28 09:15:01.720000+00:00,2007,7,2007-07,4.5,"54 km SW of Brisas Barra de Suchiate, Mexico",Belize,BLZ,422.4550204637494,21.510503633253965
usp000fhnh,2007-08-02 04:50:21.330000+00:00,2007,8,2007-08,5.2,"42 km SW of Jiquilillo, Nicaragua",Belize,BLZ,407.9887614043348,51.76827111013384
usp000fhp8,2007-08-02 08:42:37.300000+00:00,2007,8,2007-08,4.5,"86 km SSW of Puerto San José, Guatemala",Belize,BLZ,375.31890669798224,27.227348446139164
usp000fht5,2007-08-03 12:36:07.520000+00:00,2007,8,2007-08,4.5,"7 km N of San Carlos Sija, Guatemala",Belize,BLZ,274.7057362111759,45.02814677747795
usp000fj2m,2007-08-07 01:25:36.230000+00:00,2007,8,2007-08,4.6,"66 km SSW of Ocós, Guatemala",Belize,BLZ,423.9084342963081,23.96042575279669
usp000fjfd,2007-08-12 06:13:37.850000+00:00,2007,8,2007-08,4.8,"10 km SSW of Nueva Concepción, Guatemala",Belize,BLZ,310.73087058622605,53.11980691374054
usp000fjz7,2007-08-17 00:31:13.880000+00:00,2007,8,2007-08,4.6,"31 km S of Puerto El Triunfo, El Salvador",Belize,BLZ,334.5337483147025,37.46012269282091
usp000fkgv,2007-08-23 09:16:42.940000+00:00,2007,8,2007-08,4.9,"2 km SSW of Fraijanes, Guatemala",Belize,BLZ,214.30260578221822,96.52677673021428
usp000fkh0,2007-08-23 10:52:31.070000+00:00,2007,8,2007-08,4.5,"124 km SSW of Acajutla, El Salvador",Belize,BLZ,399.3807181809045,24.14102965723611
usp000fkhm,2007-08-23 17:30:03.020000+00:00,2007,8,2007-08,4.7,"60 km SW of Corinto, Nicaragua",Belize,BLZ,451.11981306902277,23.464201122907372
usp000fkj2,2007-08-23 22:30:35.290000+00:00,2007,8,2007-08,4.5,"114 km SSW of Acajutla, El Salvador",Belize,BLZ,390.5887724699464,25.225934115370915
usp000fkmn,2007-08-25 00:12:43.400000+00:00,2007,8,2007-08,4.5,"102 km WSW of Puerto Madero, Mexico",Belize,BLZ,485.94657564883,15.659591129468344
usp000fkzj,2007-08-30 04:05:35.570000+00:00,2007,8,2007-08,4.5,near the coast of Guatemala,Belize,BLZ,327.393668123962,34.59980750527322
usp000fm0m,2007-08-30 12:54:29.570000+00:00,2007,8,2007-08,4.9,"20 km SSW of Manuel Ávila Camacho (Ponte Duro), Mexico",Belize,BLZ,495.89990695337366,23.61386272238477
usp000fm1c,2007-08-30 19:32:50.210000+00:00,2007,8,2007-08,4.9,"111 km S of Puerto El Triunfo, El Salvador",Belize,BLZ,416.26897335244297,35.16279667630864
usp000fmcn,2007-09-03 21:21:16.050000+00:00,2007,9,2007-09,4.5,"36 km SW of San Francisco Menéndez, El Salvador",Belize,BLZ,287.19852534103376,42.301554404629506
usp000fmr1,2007-09-09 01:25:43.830000+00:00,2007,9,2007-09,4.7,"11 km S of Puerto San José, Guatemala",Belize,BLZ,296.84028683091657,50.74806729712336
usp000fmwt,2007-09-11 11:01:17.780000+00:00,2007,9,2007-09,4.6,"28 km SW of Jiquilillo, Nicaragua",Belize,BLZ,411.5811168951134,25.483727963740115
usp000fmyh,2007-09-12 05:04:46.550000+00:00,2007,9,2007-09,4.6,"103 km SSW of La Gomera, Guatemala",Belize,BLZ,395.07444443078975,27.676218090390407
usp000fn18,2007-09-12 17:47:38.630000+00:00,2007,9,2007-09,4.7,"5 km NNE of San José Ojetenán, Guatemala",Belize,BLZ,310.51157185442673,47.39501760055686
usp000fn59,2007-09-13 15:47:04.740000+00:00,2007,9,2007-09,4.9,"70 km S of El Rosario, El Salvador",Belize,BLZ,347.3318089749125,49.63391811368375
usp000fnc9,2007-09-15 17:59:41.890000+00:00,2007,9,2007-09,5.3,"6 km SSE of Marale, Honduras",Belize,BLZ,230.20524224621587,141.2913803288608
usp000fnph,2007-09-19 11:35:10.500000+00:00,2007,9,2007-09,4.5,"128 km SW of Champerico, Guatemala",Belize,BLZ,480.3966020403626,16.10022825203236
usp000fns7,2007-09-20 10:46:57.220000+00:00,2007,9,2007-09,4.5,"43 km SSE of La Libertad, El Salvador",Belize,BLZ,319.55980457411215,35.9819504510791
usp000fpax,2007-09-28 04:36:52.800000+00:00,2007,9,2007-09,4.5,"15 km ESE of Maravilla Tenejapa, Mexico",Belize,BLZ,215.24281370114022,60.61863722323573
usp000fpn9,2007-10-01 16:05:41.230000+00:00,2007,10,2007-10,4.8,"121 km SSW of Acajutla, El Salvador",Belize,BLZ,393.4729222175101,35.12241786101911
usp000fpya,2007-10-05 16:14:12.580000+00:00,2007,10,2007-10,4.6,"69 km SW of Corinto, Nicaragua",Belize,BLZ,476.8037083426245,18.392209388820568
usp000fpyb,2007-10-05 16:17:08.030000+00:00,2007,10,2007-10,4.6,"70 km SW of Corinto, Nicaragua",Belize,BLZ,457.6300071142142,20.242729222046098
usp000fq1d,2007-10-07 03:49:30.930000+00:00,2007,10,2007-10,4.7,"60 km SW of Jiquilillo, Nicaragua",Belize,BLZ,426.2282081229395,26.574016841336128
usp000fq3n,2007-10-08 07:20:00.620000+00:00,2007,10,2007-10,4.6,"63 km WSW of Corinto, Nicaragua",Belize,BLZ,447.01187272654175,21.34646922784507
usp000fq41,2007-10-08 10:39:11.610000+00:00,2007,10,2007-10,4.6,"21 km E of Champerico, Guatemala",Belize,BLZ,329.73701506018614,38.36941426057916
usp000fqaz,2007-10-11 14:52:01.690000+00:00,2007,10,2007-10,4.7,"44 km S of Champerico, Guatemala",Belize,BLZ,378.5100270556678,33.7346275399354
usp000fqb3,2007-10-11 16:16:57.990000+00:00,2007,10,2007-10,5.2,"40 km S of Champerico, Guatemala",Belize,BLZ,368.18154765488134,63.16898919961775
usp000fqb9,2007-10-11 17:45:42+00:00,2007,10,2007-10,4.5,"80 km SSW of Champerico, Guatemala",Belize,BLZ,420.76283285642694,21.693274789000622
usp000fqch,2007-10-12 09:41:34.200000+00:00,2007,10,2007-10,4.7,"131 km SW of Champerico, Guatemala",Belize,BLZ,480.7934072333519,20.228812153340296
usp000fqqk,2007-10-16 20:25:03.860000+00:00,2007,10,2007-10,5.1,"80 km WSW of Puerto Madero, Mexico",Belize,BLZ,462.796024136666,35.07932292561258
usp000fr0r,2007-10-21 16:31:03.920000+00:00,2007,10,2007-10,4.7,"4 km SSE of Guaymango, El Salvador",Belize,BLZ,259.3028625239768,61.2253093754756
usp000fram,2007-10-26 18:28:26.730000+00:00,2007,10,2007-10,4.6,"34 km WSW of Champerico, Guatemala",Belize,BLZ,386.5217833452935,28.885415020541565
usp000frh4,2007-10-29 04:31:07.440000+00:00,2007,10,2007-10,4.7,"3 km ENE of Santa Cruz Balanyá, Guatemala",Belize,BLZ,229.85679155810132,70.93691853264559
usp000frn2,2007-10-30 23:46:00.200000+00:00,2007,10,2007-10,4.5,"103 km SSW of La Esperanza (El Zapotal), Mexico",Belize,BLZ,497.00023059573397,14.81759470751082
usp000fs8s,2007-11-09 11:34:33.560000+00:00,2007,11,2007-11,4.6,"13 km WSW of Corinto, Nicaragua",Belize,BLZ,434.9322630819167,22.675485306325797
usp000fsjh,2007-11-14 17:35:41.250000+00:00,2007,11,2007-11,5.2,"15 km SSW of Iztapa, Guatemala",Belize,BLZ,293.8664341707756,91.59613449291518
usp000fste,2007-11-17 23:09:41.900000+00:00,2007,11,2007-11,4.6,"51 km S of Champerico, Guatemala",Belize,BLZ,380.2236265855574,29.809513304108194
usp000ft8t,2007-11-25 09:38:38+00:00,2007,11,2007-11,4.5,"92 km SW of Puerto Madero, Mexico",Belize,BLZ,465.0674756655337,17.382762963021907
usp000ft9e,2007-11-25 17:32:14.200000+00:00,2007,11,2007-11,4.5,"76 km SW of Brisas Barra de Suchiate, Mexico",Belize,BLZ,446.5019309672317,19.073630983540433
usp000ftc6,2007-11-26 17:41:40.600000+00:00,2007,11,2007-11,5.7,"28 km SW of La Esperanza (El Zapotal), Mexico",Belize,BLZ,465.49626806300205,69.05381821583364
usp000fthw,2007-11-29 17:42:13.200000+00:00,2007,11,2007-11,4.5,"5 km NNW of Cucuyulapa Primera Sección, Mexico",Belize,BLZ,459.84683801500375,17.84248246615708
usp000ftmp,2007-12-01 01:39:31.030000+00:00,2007,12,2007-12,4.5,"12 km SSE of Chinique, Guatemala",Belize,BLZ,221.84385129134375,58.65056466617364
usp000fu5a,2007-12-09 21:50:16.830000+00:00,2007,12,2007-12,4.7,"45 km SSW of Puerto El Triunfo, El Salvador",Belize,BLZ,342.6134962541514,40.36679282780694
usp000fudx,2007-12-14 02:38:30.400000+00:00,2007,12,2007-12,4.5,"7 km SSE of Malacatancito, Guatemala",Belize,BLZ,263.43950365800373,47.63743686828325
usp000fujr,2007-12-16 11:06:03.180000+00:00,2007,12,2007-12,4.6,"34 km WSW of Champerico, Guatemala",Belize,BLZ,386.1055909616953,28.94558705532704
usp000fumj,2007-12-17 09:05:19.100000+00:00,2007,12,2007-12,4.5,"65 km SSW of Puerto San José, Guatemala",Belize,BLZ,353.04911363014895,30.434319150490616
usp000funm,2007-12-17 22:23:48.720000+00:00,2007,12,2007-12,4.6,"8 km NNE of Quesada, Guatemala",Belize,BLZ,198.3789081566897,73.99896991967222
usp000fv5t,2007-12-24 20:46:20.630000+00:00,2007,12,2007-12,4.7,"131 km S of Puerto El Triunfo, El Salvador",Belize,BLZ,436.96083575161504,25.185559379677375
usp000fv71,2007-12-25 11:51:38.900000+00:00,2007,12,2007-12,4.5,"77 km SW of Brisas Barra de Suchiate, Mexico",Belize,BLZ,442.6736503048525,19.44224367420736
usp000fvmt,2007-12-30 04:45:20.040000+00:00,2007,12,2007-12,4.6,"87 km SSW of Puerto El Triunfo, El Salvador",Belize,BLZ,385.54395641402164,29.026985500748356
usp000fvs2,2008-01-01 07:58:35.310000+00:00,2008,1,2008-01,4.5,"89 km SW of Puerto San José, Guatemala",Belize,BLZ,379.392931353146,26.678334724350243
usp000fvzg,2008-01-04 21:49:14.860000+00:00,2008,1,2008-01,4.7,"27 km SW of Acajutla, El Salvador",Belize,BLZ,298.2804225811925,50.3839592530335
usp000fvzw,2008-01-05 01:56:45.460000+00:00,2008,1,2008-01,5.6,"20 km WSW of Nueva Concepción, Guatemala",Belize,BLZ,322.1486422755571,126.02685876107614
usp000fw3y,2008-01-06 16:55:17.760000+00:00,2008,1,2008-01,5.1,"31 km WSW of Nueva Concepción, Guatemala",Belize,BLZ,332.9291728793054,67.15115497442382
usp000fw6q,2008-01-07 17:27:04.050000+00:00,2008,1,2008-01,4.7,"4 km S of La Democracia, Guatemala",Belize,BLZ,274.3562382709583,56.78622491322465
usp000fwdt,2008-01-10 18:04:21.150000+00:00,2008,1,2008-01,4.8,"1 km NNW of El Adelanto, Guatemala",Belize,BLZ,207.67063542199162,88.93013363202795
usp000fwzv,2008-01-19 00:38:16.720000+00:00,2008,1,2008-01,4.6,"65 km SSW of Acajutla, El Salvador",Belize,BLZ,339.699911875838,36.504887455224384
usp000fxge,2008-01-26 05:20:36.400000+00:00,2008,1,2008-01,4.6,"69 km SSW of Puerto San José, Guatemala",Belize,BLZ,358.18952727150594,33.28137986984712
usp000fxmr,2008-01-28 11:24:53.850000+00:00,2008,1,2008-01,4.7,"65 km S of Puerto El Triunfo, El Salvador",Belize,BLZ,369.70056244323274,35.25375880431178
usp000fxqt,2008-01-29 21:37:01.910000+00:00,2008,1,2008-01,5.0,"61 km SSW of Puerto El Triunfo, El Salvador",Belize,BLZ,354.5040566147607,53.72843887982983
usp000fxuq,2008-01-31 07:36:42.500000+00:00,2008,1,2008-01,4.5,"132 km SSW of Champerico, Guatemala",Belize,BLZ,475.9376757454803,16.46320812398205
usp000fycx,2008-02-07 16:35:52.050000+00:00,2008,2,2008-02,4.5,"16 km SSE of Sonsonate, El Salvador",Belize,BLZ,269.43859038718375,46.22974893944615
usp000fyuv,2008-02-13 22:23:35+00:00,2008,2,2008-02,4.8,"89 km SW of El Arenal, Mexico",Belize,BLZ,475.1213880929823,23.350006972448618
usp000fz2t,2008-02-17 01:15:31.070000+00:00,2008,2,2008-02,4.7,"40 km N of Guanaja, Honduras",Belize,BLZ,261.24667747151744,60.63313835639825
usp000g0rq,2008-03-05 09:53:59.100000+00:00,2008,3,2008-03,4.6,"99 km SW of Puerto Madero, Mexico",Belize,BLZ,479.91831527412825,18.108005576213714
usp000g19v,2008-03-12 04:51:52.200000+00:00,2008,3,2008-03,4.9,"27 km SSW of Mapastepec, Mexico",Belize,BLZ,429.0098078228857,32.99263777076956
usp000g1e5,2008-03-13 23:01:18.320000+00:00,2008,3,2008-03,5.7,"113 km SW of El Arenal, Mexico",Belize,BLZ,499.00620083421984,58.401204280437305
usp000g2fy,2008-03-27 09:42:57.620000+00:00,2008,3,2008-03,5.6,"136 km NE of Savannah Bight, Honduras",Belize,BLZ,375.88224362556207,96.33455126517744
usp000g33m,2008-04-04 12:11:55.230000+00:00,2008,4,2008-04,5.0,"3 km WSW of La Gomera, Guatemala",Belize,BLZ,294.1453831765432,72.65598853828463
usp000g355,2008-04-05 08:45:46.300000+00:00,2008,4,2008-04,4.6,"56 km SW of Puerto El Triunfo, El Salvador",Belize,BLZ,348.5263331875311,34.92888187820383
usp000g38a,2008-04-06 20:50:44.290000+00:00,2008,4,2008-04,4.7,"1 km WSW of Villa Canales, Guatemala",Belize,BLZ,218.92996072336533,74.92032120844809
usp000g3y3,2008-04-15 03:03:04.660000+00:00,2008,4,2008-04,6.1,"42 km SSE of Iztapa, Guatemala",Belize,BLZ,307.8186965221528,240.7577042058067
usp000g3y5,2008-04-15 03:14:34.170000+00:00,2008,4,2008-04,4.5,"73 km SSW of Puerto San José, Guatemala",Belize,BLZ,359.10303650643067,29.526887139492974
usp000g3ya,2008-04-15 03:55:59.360000+00:00,2008,4,2008-04,4.5,"63 km S of Puerto San José, Guatemala",Belize,BLZ,343.389748845833,31.940273797898573
usp000g41p,2008-04-16 04:53:34.900000+00:00,2008,4,2008-04,4.7,"67 km WSW of Puerto Madero, Mexico",Belize,BLZ,449.16166564830684,23.69506124869043
usp000g440,2008-04-16 22:44:12+00:00,2008,4,2008-04,4.5,"104 km SW of Puerto Madero, Mexico",Belize,BLZ,480.0903143883327,16.124903647174165
usp000g44c,2008-04-17 01:53:00.100000+00:00,2008,4,2008-04,5.2,"31 km W of El Palmarcito, Mexico",Belize,BLZ,478.1103172635065,36.45831873021763
usp000g452,2008-04-17 07:29:42.820000+00:00,2008,4,2008-04,4.5,"7 km SW of Poptún, Guatemala",Belize,BLZ,29.675651169675543,153.306349435841
usp000g49n,2008-04-19 05:29:56.540000+00:00,2008,4,2008-04,4.5,El Salvador,Belize,BLZ,318.4807754051584,36.17660293866639
usp000g4yz,2008-04-27 09:51:52.870000+00:00,2008,4,2008-04,4.8,"112 km SSW of Nueva Concepción, Guatemala",Belize,BLZ,410.49258229691935,32.25720121168523
usp000g4zb,2008-04-27 15:15:45.920000+00:00,2008,4,2008-04,4.5,"32 km NNE of French Harbor, Honduras",Belize,BLZ,225.39630521245627,57.61799506158626
usp000g7qt,2008-05-25 05:45:12.700000+00:00,2008,5,2008-05,5.0,"7 km NW of Concepción Tutuapa, Guatemala",Belize,BLZ,304.62155580001,68.94816245498079
usp000g7t6,2008-05-26 00:33:20.780000+00:00,2008,5,2008-05,4.9,"3 km NNW of San Juan Opico, El Salvador",Belize,BLZ,229.17957770195176,89.6071924219529
usp000g7wm,2008-05-27 11:27:55.800000+00:00,2008,5,2008-05,5.7,"40 km SSW of Puerto San José, Guatemala",Belize,BLZ,328.77471019275004,136.79643762128194
usp000g86p,2008-05-31 08:05:30.500000+00:00,2008,5,2008-05,4.8,"4 km NW of Emiliano Zapata, Mexico",Belize,BLZ,161.2575457775509,112.15888637019809
usp000g8zn,2008-06-09 07:33:28.220000+00:00,2008,6,2008-06,5.0,"65 km S of Iztapa, Guatemala",Belize,BLZ,333.5620063212462,59.659458396585876
usp000g94j,2008-06-10 12:42:22.610000+00:00,2008,6,2008-06,4.7,"55 km SSW of Acajutla, El Salvador",Belize,BLZ,328.4173567842025,43.336194416973335
usp000g9bc,2008-06-12 11:29:58+00:00,2008,6,2008-06,4.5,"18 km S of San Isidro, Mexico",Belize,BLZ,463.4352051820559,17.525210308371246
usp000g9dv,2008-06-13 03:00:48.810000+00:00,2008,6,2008-06,5.0,"8 km SW of San José El Ídolo, Guatemala",Belize,BLZ,303.70404071801175,69.26519399665946
usp000g9ft,2008-06-13 14:20:22.750000+00:00,2008,6,2008-06,4.5,"92 km S of Intipucá, El Salvador",Belize,BLZ,411.29878129074365,22.74448168740779
usp000ga1q,2008-06-19 02:26:38.310000+00:00,2008,6,2008-06,5.0,"38 km SW of Jiquilillo, Nicaragua",Belize,BLZ,410.2198720796892,40.664821093421914
usp000ga5z,2008-06-20 16:53:22+00:00,2008,6,2008-06,4.5,"22 km SW of La Esperanza (El Zapotal), Mexico",Belize,BLZ,461.18648776377484,17.72336845338652
usp000gacj,2008-06-23 04:34:45.030000+00:00,2008,6,2008-06,4.6,"69 km SW of Acajutla, El Salvador",Belize,BLZ,338.25499867050576,36.769574397824414
usp000gavd,2008-06-28 16:28:35.680000+00:00,2008,6,2008-06,4.5,"58 km SW of Puerto Madero, Mexico",Belize,BLZ,437.79583416380683,19.92225180958711
usp000gave,2008-06-28 16:28:55.860000+00:00,2008,6,2008-06,5.1,"52 km SW of Puerto Madero, Mexico",Belize,BLZ,425.7499377550479,42.217815422281504
usp000gaxk,2008-06-29 09:42:19.520000+00:00,2008,6,2008-06,5.5,"66 km SW of Brisas Barra de Suchiate, Mexico",Belize,BLZ,435.4803282818549,63.73331117804739
usp000gb06,2008-06-30 11:49:22+00:00,2008,6,2008-06,5.0,"74 km WSW of Puerto Madero, Mexico",Belize,BLZ,456.6980511555648,32.23241027788081
usp000gb9d,2008-07-04 01:18:56.500000+00:00,2008,7,2008-07,4.6,"37 km SSW of Jiquilillo, Nicaragua",Belize,BLZ,418.18295293011073,24.656263097147132
usp000gbhf,2008-07-07 04:43:57.710000+00:00,2008,7,2008-07,4.6,"72 km SSW of Nueva Concepción, Guatemala",Belize,BLZ,370.95090162843815,31.22413038750598
usp000gdh4,2008-07-31 06:31:49.010000+00:00,2008,7,2008-07,4.9,"58 km SSW of Intipucá, El Salvador",Belize,BLZ,376.18264081548085,42.96647986867198
usp000gdhk,2008-07-31 09:33:52.030000+00:00,2008,7,2008-07,4.6,"43 km S of Iztapa, Guatemala",Belize,BLZ,313.4917740378047,41.616088849879695
usp000gdyp,2008-08-06 08:51:23.300000+00:00,2008,8,2008-08,4.6,"36 km S of Puerto El Triunfo, El Salvador",Belize,BLZ,339.5153570731112,36.538588763693106
usp000ge4z,2008-08-07 23:41:27.610000+00:00,2008,8,2008-08,5.1,"35 km WSW of Jiquilillo, Nicaragua",Belize,BLZ,403.9025314562931,47.09087897120776
usp000ge95,2008-08-09 14:23:30.540000+00:00,2008,8,2008-08,4.5,"90 km S of Puerto San José, Guatemala",Belize,BLZ,370.778865434469,27.85248337520765
usp000ges6,2008-08-16 01:46:38.990000+00:00,2008,8,2008-08,4.7,"45 km SW of Nueva Concepción, Guatemala",Belize,BLZ,347.8348386185519,39.32658587154562
usp000gew2,2008-08-17 14:25:08.190000+00:00,2008,8,2008-08,5.0,"15 km SW of Flores Costa Cuca, Guatemala",Belize,BLZ,342.48356661807776,57.056665146406765
usp000gewh,2008-08-17 17:17:33.270000+00:00,2008,8,2008-08,4.6,"45 km SW of Nueva Concepción, Guatemala",Belize,BLZ,348.0251176908979,35.01652613837417
usp000geyr,2008-08-18 19:11:50.500000+00:00,2008,8,2008-08,4.7,"2 km SSE of Quesada, Guatemala",Belize,BLZ,209.37993632519382,78.58456349153681
usp000gf63,2008-08-21 16:13:03.170000+00:00,2008,8,2008-08,4.5,"58 km SW of Puerto El Triunfo, El Salvador",Belize,BLZ,343.7098507121782,31.88919397939421
usp000gfd5,2008-08-24 07:32:51.830000+00:00,2008,8,2008-08,4.5,"94 km SW of Jiquilillo, Nicaragua",Belize,BLZ,451.15164629563037,18.63531111070238
usp000gfpz,2008-08-27 11:53:42.950000+00:00,2008,8,2008-08,4.5,"54 km SW of Jiquilillo, Nicaragua",Belize,BLZ,420.8845618965926,21.680075298720737
usp000gfq1,2008-08-27 12:08:29.400000+00:00,2008,8,2008-08,4.6,"69 km SW of Puerto Madero, Mexico",Belize,BLZ,449.1348407672647,21.121078229117977
usp000gfzx,2008-08-30 08:22:59.150000+00:00,2008,8,2008-08,4.5,"12 km SSE of San Miguel, El Salvador",Belize,BLZ,301.9790565197071,39.28808045802173
usp000ggea,2008-09-04 21:39:29.030000+00:00,2008,9,2008-09,5.2,"50 km SSW of La Gomera, Guatemala",Belize,BLZ,341.19713042518487,72.29359887708753
usp000ggj4,2008-09-06 17:48:15.190000+00:00,2008,9,2008-09,4.5,"70 km SW of Champerico, Guatemala",Belize,BLZ,418.3280910953888,21.95897640497504
usp000gh4j,2008-09-16 02:53:29.750000+00:00,2008,9,2008-09,4.7,"36 km SSW of La Gomera, Guatemala",Belize,BLZ,326.0505914914849,43.85207381465545
usp000ghcy,2008-09-20 02:25:57.280000+00:00,2008,9,2008-09,4.5,"63 km S of Iztapa, Guatemala",Belize,BLZ,330.45644789590943,34.07398601718174
usp000ghd8,2008-09-20 04:52:26.030000+00:00,2008,9,2008-09,5.2,"16 km SE of Ocós, Guatemala",Belize,BLZ,362.87177075669894,64.86851584172129
usp000ghe5,2008-09-20 16:30:10.020000+00:00,2008,9,2008-09,4.7,"5 km NW of Santa Bárbara, Guatemala",Belize,BLZ,279.3867383789751,55.375722552988236
usp000ghvr,2008-09-28 09:23:09.540000+00:00,2008,9,2008-09,5.0,"36 km NW of Guanaja, Honduras",Belize,BLZ,236.39806349571157,96.97686210084666
usp000ghw6,2008-09-28 15:33:21.670000+00:00,2008,9,2008-09,4.5,"35 km NW of Guanaja, Honduras",Belize,BLZ,239.12483095088868,53.7956336247116
usp000gjb5,2008-10-04 18:50:34.060000+00:00,2008,10,2008-10,4.6,"76 km WSW of Puerto Madero, Mexico",Belize,BLZ,458.64812596362134,20.13994354318366
usp000gjrq,2008-10-09 03:23:05+00:00,2008,10,2008-10,4.5,"95 km SW of Puerto Madero, Mexico",Belize,BLZ,472.58058816603966,16.741882574845494
usp000gkde,2008-10-16 19:41:25.720000+00:00,2008,10,2008-10,6.7,"19 km SW of Brisas Barra de Suchiate, Mexico",Belize,BLZ,387.67222103595594,322.24075624018866
usp000gkdf,2008-10-16 19:43:37.380000+00:00,2008,10,2008-10,5.8,"47 km SW of Brisas Barra de Suchiate, Mexico",Belize,BLZ,415.14680428552936,99.65983609948083
usp000gkru,2008-10-21 17:27:57.340000+00:00,2008,10,2008-10,4.5,"38 km SSW of Jiquilillo, Nicaragua",Belize,BLZ,420.401278417085,21.7325267566379
usp000gksq,2008-10-22 06:03:35.070000+00:00,2008,10,2008-10,4.8,"105 km S of La Libertad, El Salvador",Belize,BLZ,384.785795163423,36.68159928214259
usp000gmbh,2008-10-29 18:12:04.890000+00:00,2008,10,2008-10,5.0,"near the coast of Chiapas, Mexico",Belize,BLZ,463.3098663570186,31.18425751650259
usp000gn4t,2008-11-07 07:34:23.620000+00:00,2008,11,2008-11,4.5,"85 km SSW of Corinto, Nicaragua",Belize,BLZ,490.6785222353926,15.29343800840044
usp000gnfg,2008-11-11 15:05:55.730000+00:00,2008,11,2008-11,5.1,"15 km WSW of Taxisco, Guatemala",Belize,BLZ,263.06997335405634,95.22496267179463
usp000gnsv,2008-11-15 23:03:16.620000+00:00,2008,11,2008-11,5.8,"33 km SW of Puerto El Triunfo, El Salvador",Belize,BLZ,326.84582531663875,154.97559347968965
usp000gnyj,2008-11-18 00:57:58.450000+00:00,2008,11,2008-11,4.9,"82 km WSW of Jiquilillo, Nicaragua",Belize,BLZ,417.8966081488253,34.87779698077592
usp000gnyp,2008-11-18 01:38:51.280000+00:00,2008,11,2008-11,4.5,"1 km ENE of San Martín, El Salvador",Belize,BLZ,241.33059660273597,53.20559054308889
usp000gp1j,2008-11-19 10:23:20+00:00,2008,11,2008-11,4.7,"88 km SW of Puerto Madero, Mexico",Belize,BLZ,467.2070846899858,21.650738074884256
usp000gp2k,2008-11-19 23:27:54+00:00,2008,11,2008-11,4.5,"94 km SW of Puerto Madero, Mexico",Belize,BLZ,470.5693284886485,16.911093332503068
usp000gp40,2008-11-20 17:55:14.100000+00:00,2008,11,2008-11,4.7,"25 km SSW of Acajutla, El Salvador",Belize,BLZ,298.0924174220905,50.431343742243094
usp000gpre,2008-12-01 12:09:59.210000+00:00,2008,12,2008-12,4.7,"84 km S of La Libertad, El Salvador",Belize,BLZ,363.3041621714898,36.399467946393955
usp000gqpk,2008-12-16 00:24:17+00:00,2008,12,2008-12,4.5,"26 km SSW of San Francisco Menéndez, El Salvador",Belize,BLZ,278.64163054088806,44.15067900936024
usp000grz7,2009-01-01 11:44:51.680000+00:00,2009,1,2009-01,4.7,"8 km SSW of Santa Catarina Ixtahuacán, Guatemala",Belize,BLZ,275.0978680923544,56.57604305769361
usp000gs69,2009-01-04 19:02:23+00:00,2009,1,2009-01,4.7,"1 km SE of Tacaná, Guatemala",Belize,BLZ,323.6051313321602,44.39155780690289
usp000gs7r,2009-01-05 14:53:06.160000+00:00,2009,1,2009-01,4.6,"23 km S of Conchagua, El Salvador",Belize,BLZ,342.08164119132306,36.072741893632184
usp000gsad,2009-01-07 06:35:52.970000+00:00,2009,1,2009-01,4.5,off the coast of Central America,Belize,BLZ,374.9390153804893,27.279114760874016
usp000gsc4,2009-01-08 12:31:43.440000+00:00,2009,1,2009-01,4.6,"52 km WSW of Jiquilillo, Nicaragua",Belize,BLZ,388.8504098240372,28.55104862261718
usp000gsqq,2009-01-17 02:57:31.900000+00:00,2009,1,2009-01,5.8,"5 km NNW of Nueva Colombia, Mexico",Belize,BLZ,391.6486533363632,112.08455064933997
usp000gsws,2009-01-20 15:03:39.650000+00:00,2009,1,2009-01,4.7,"106 km S of Puerto El Triunfo, El Salvador",Belize,BLZ,409.5750176316915,28.881460393195535
usp000gszg,2009-01-22 14:03:13.800000+00:00,2009,1,2009-01,5.1,"2 km N of Ixchiguán, Guatemala",Belize,BLZ,311.39481302281297,74.78504426596217
usp000gt23,2009-01-24 16:15:43.190000+00:00,2009,1,2009-01,4.7,"40 km S of La Libertad, El Salvador",Belize,BLZ,317.67286599523965,45.72799253775586
usp000gt70,2009-01-28 17:24:41.580000+00:00,2009,1,2009-01,5.2,"30 km SSE of Acajutla, El Salvador",Belize,BLZ,297.81947551625507,89.80349229068429
usp000gtct,2009-02-02 04:12:59.050000+00:00,2009,2,2009-02,4.6,"78 km S of La Libertad, El Salvador",Belize,BLZ,357.70560545281194,33.36200530090132
usp000gth7,2009-02-07 09:40:05.920000+00:00,2009,2,2009-02,4.5,"51 km S of La Libertad, El Salvador",Belize,BLZ,328.4739405648514,34.41342522497254
usp000gtym,2009-02-14 12:33:40.460000+00:00,2009,2,2009-02,4.6,"55 km SSW of Puerto El Triunfo, El Salvador",Belize,BLZ,347.3007137838008,35.14358664902895
usp000gu8e,2009-02-21 10:33:35.830000+00:00,2009,2,2009-02,4.7,"4 km ENE of Santiago de María, El Salvador",Belize,BLZ,279.94934664100765,55.22016725218852
usp000gub1,2009-02-24 01:50:35.300000+00:00,2009,2,2009-02,4.5,"54 km S of La Esperanza (El Zapotal), Mexico",Belize,BLZ,453.62291429043,18.406463641342885
usp000guhk,2009-03-01 23:57:20.260000+00:00,2009,3,2009-03,4.9,"55 km S of Puerto El Triunfo, El Salvador",Belize,BLZ,359.515019071457,46.7006639761331
usp000guhr,2009-03-02 01:16:19.560000+00:00,2009,3,2009-03,4.8,"15 km SW of Corinto, Nicaragua",Belize,BLZ,441.3478886909508,27.64555013934443
usp000gury,2009-03-08 22:15:02.790000+00:00,2009,3,2009-03,5.0,"18 km SSW of Nueva Concepción, Guatemala",Belize,BLZ,317.8986246648874,64.5196358439324
usp000gusg,2009-03-09 06:01:11.140000+00:00,2009,3,2009-03,5.4,"45 km SSE of Iztapa, Guatemala",Belize,BLZ,308.6347670950957,107.10459877510363
usp000gut6,2009-03-10 00:36:44+00:00,2009,3,2009-03,5.0,"4 km SSW of Nueva Palestina, Mexico",Belize,BLZ,495.45428439045406,26.55428984006204
usp000gutj,2009-03-10 07:10:11+00:00,2009,3,2009-03,5.1,"151 km SW of Jiquilillo, Nicaragua",Belize,BLZ,481.1230540209909,32.007706983302704
usp000guz3,2009-03-14 01:01:02.980000+00:00,2009,3,2009-03,4.5,"7 km WSW of Jujutla, El Salvador",Belize,BLZ,257.2742132052461,49.128798640263305
usp000gvca,2009-03-24 10:52:28.440000+00:00,2009,3,2009-03,4.7,"45 km WSW of Puerto Madero, Mexico",Belize,BLZ,426.8626754811884,26.489848685475025
usp000gvj7,2009-03-30 07:08:30.740000+00:00,2009,3,2009-03,4.9,"19 km ESE of Champerico, Guatemala",Belize,BLZ,340.7890303731407,51.284487881333966
usp000gvnz,2009-04-02 07:00:53.750000+00:00,2009,4,2009-04,4.5,"40 km SW of Champerico, Guatemala",Belize,BLZ,392.88925536601937,24.937437351004515
usp000gvs0,2009-04-04 20:55:51.820000+00:00,2009,4,2009-04,4.5,"11 km W of Taxisco, Guatemala",Belize,BLZ,259.0841569284157,48.68620254232626
usp000gvs1,2009-04-04 21:22:05.820000+00:00,2009,4,2009-04,5.2,"4 km WSW of Santa Cruz Naranjo, Guatemala",Belize,BLZ,218.28657694733855,133.6585424409562
usp000gvsc,2009-04-05 03:22:15.600000+00:00,2009,4,2009-04,4.9,"6 km W of Barberena, Guatemala",Belize,BLZ,225.90781180447527,91.08511680112512
usp000gvw5,2009-04-07 20:50:10.910000+00:00,2009,4,2009-04,4.6,"1 km NW of Santa Cruz Naranjo, Guatemala",Belize,BLZ,214.4519239146334,68.28472489276824
usp000gvwj,2009-04-08 01:20:31.860000+00:00,2009,4,2009-04,4.7,"14 km WSW of Manuel Ávila Camacho (Ponte Duro), Mexico",Belize,BLZ,499.61331943162895,18.41210578502973
usp000gw2u,2009-04-13 00:33:20.650000+00:00,2009,4,2009-04,4.6,"3 km WNW of Santiago de María, El Salvador",Belize,BLZ,279.4164486029711,49.34633367754957
usp000gw6u,2009-04-16 04:29:08.110000+00:00,2009,4,2009-04,4.6,"74 km S of Iztapa, Guatemala",Belize,BLZ,341.5891241277699,36.16168356647222
usp000gwan,2009-04-18 07:06:29.400000+00:00,2009,4,2009-04,5.0,"140 km SSW of Champerico, Guatemala",Belize,BLZ,486.22939963238275,27.807777126453153
usp000gwt5,2009-05-03 16:21:45.270000+00:00,2009,5,2009-05,6.3,"5 km S of San Lucas Tolimán, Guatemala",Belize,BLZ,263.29305295454327,378.6747957978339
usp000gwtr,2009-05-04 05:17:57.240000+00:00,2009,5,2009-05,4.7,"6 km SE of Atiquizaya, El Salvador",Belize,BLZ,231.26821910634922,70.4380692221255
usp000gx5r,2009-05-15 23:08:15+00:00,2009,5,2009-05,4.6,"116 km NE of Savannah Bight, Honduras",Belize,BLZ,343.4863190304141,35.82027660674976
usp000gxd3,2009-05-22 00:24:21.100000+00:00,2009,5,2009-05,5.5,"7 km SSW of Iztapa, Guatemala",Belize,BLZ,286.48325758635866,134.24852116557136
usp000gxew,2009-05-24 00:23:24.200000+00:00,2009,5,2009-05,4.7,"3 km SSE of Amapala, Honduras",Belize,BLZ,334.130100311762,42.11586316460904
usp000gxkb,2009-05-28 00:23:43.950000+00:00,2009,5,2009-05,5.1,"16 km SW of Ocós, Guatemala",Belize,BLZ,382.5937752778621,52.38514772279543
usp000gxkj,2009-05-28 08:24:46.560000+00:00,2009,5,2009-05,7.3,"46 km NW of Guanaja, Honduras",Belize,BLZ,227.92561258550512,1429.1105353826003
usp000gxkm,2009-05-28 09:06:24.600000+00:00,2009,5,2009-05,4.8,"59 km N of Tela, Honduras",Belize,BLZ,108.94174686884968,145.6920997249876
usp000gxmm,2009-05-29 02:45:44.390000+00:00,2009,5,2009-05,4.5,"37 km NE of Baja Mar, Honduras",Belize,BLZ,99.12113792776232,108.33310322666209
usp000gxmt,2009-05-29 05:11:02.700000+00:00,2009,5,2009-05,4.5,"79 km S of Puerto El Triunfo, El Salvador",Belize,BLZ,384.43726182914025,26.01387761610734
usp000gxmx,2009-05-29 05:47:24.040000+00:00,2009,5,2009-05,4.6,"86 km S of Puerto El Triunfo, El Salvador",Belize,BLZ,391.15809429145776,28.22350785124413
usp000gxn7,2009-05-29 12:51:03.340000+00:00,2009,5,2009-05,4.5,"8 km WSW of Tepusteca, Honduras",Belize,BLZ,256.5130137567641,49.31613899470228
usp000gxpg,2009-05-30 06:33:05.490000+00:00,2009,5,2009-05,4.6,"32 km NNE of Baja Mar, Honduras",Belize,BLZ,84.61281674224043,130.69699518206306
usp000gxsy,2009-06-02 06:43:41.050000+00:00,2009,6,2009-06,5.1,"4 km SE of El Juncal, Honduras",Belize,BLZ,252.09303437349885,100.59744052728902
usp000gxvp,2009-06-05 00:41:15.030000+00:00,2009,6,2009-06,4.7,"1 km SW of Armenia, Honduras",Belize,BLZ,252.98105487318008,63.19149341122904
usp000gxx0,2009-06-06 04:37:37.040000+00:00,2009,6,2009-06,5.0,"38 km NE of Baja Mar, Honduras",Belize,BLZ,89.03988023897143,202.60602530736585
usp000gxxe,2009-06-06 11:53:45.600000+00:00,2009,6,2009-06,4.5,"54 km W of Sandy Bay, Honduras",Belize,BLZ,143.93951453661845,86.58433296466487
usp000gxyz,2009-06-07 15:46:39.630000+00:00,2009,6,2009-06,4.6,"67 km SSW of Jucuarán, El Salvador",Belize,BLZ,375.15558684752557,30.574544377051435
usp000gxz8,2009-06-07 21:26:47.700000+00:00,2009,6,2009-06,5.4,"5 km SW of Emiliano Zapata, Mexico",Belize,BLZ,454.6259918134704,51.616933745693615
usp000gxzj,2009-06-08 05:13:14.680000+00:00,2009,6,2009-06,5.4,"8 km ENE of El Porvenir, Honduras",Belize,BLZ,186.70536987177283,197.04909319454796
usp000gy5x,2009-06-14 03:55:29.570000+00:00,2009,6,2009-06,4.5,"37 km SW of La Libertad, El Salvador",Belize,BLZ,303.85948233570883,38.92041995841642
usp000gy6p,2009-06-14 14:18:19.900000+00:00,2009,6,2009-06,5.1,"6 km S of San Cristóbal Verapaz, Guatemala",Belize,BLZ,162.80628930926204,157.20654918170288
usp000gy88,2009-06-15 16:00:53.750000+00:00,2009,6,2009-06,5.1,"50 km W of Sandy Bay, Honduras",Belize,BLZ,148.7560573111502,168.6476623705935
usp000gysy,2009-06-30 16:22:33.130000+00:00,2009,6,2009-06,5.0,"4 km SW of Armenia, Honduras",Belize,BLZ,251.97822464028718,89.70904582372161
usp000gyyq,2009-07-05 10:35:50.900000+00:00,2009,7,2009-07,5.0,"48 km S of Puerto El Triunfo, El Salvador",Belize,BLZ,352.39334003939393,54.29846905199261
usp000gzct,2009-07-17 13:47:42.660000+00:00,2009,7,2009-07,4.5,"43 km SSW of Jiquilillo, Nicaragua",Belize,BLZ,430.24656081544896,20.688617196996884
usp000gzxg,2009-08-02 23:55:35.060000+00:00,2009,8,2009-08,4.5,"23 km SW of Jiquilisco, El Salvador",Belize,BLZ,314.6922194948615,36.868420136513045
usp000h00z,2009-08-06 03:59:24+00:00,2009,8,2009-08,4.6,"6 km W of Sibacá, Mexico",Belize,BLZ,337.9469773856415,36.82624708535718
usp000h051,2009-08-10 00:10:02.050000+00:00,2009,8,2009-08,4.6,"126 km S of La Libertad, El Salvador",Belize,BLZ,406.560146124621,26.13159146294515
usp000h0rz,2009-08-22 21:23:22.010000+00:00,2009,8,2009-08,4.9,"71 km WSW of Corinto, Nicaragua",Belize,BLZ,449.20648775389077,29.82363020147694
usp000h0vb,2009-08-25 20:13:36.380000+00:00,2009,8,2009-08,4.5,"64 km SSW of Corinto, Nicaragua",Belize,BLZ,480.0136532166646,16.131085601921342
usp000h132,2009-08-31 09:21:21.110000+00:00,2009,8,2009-08,5.2,"62 km SSW of León, Nicaragua",Belize,BLZ,499.292890966184,32.7943677909019
usp000h1j1,2009-09-15 08:36:23.100000+00:00,2009,9,2009-09,4.6,"108 km SW of Puerto Madero, Mexico",Belize,BLZ,487.5230912209126,17.43239501602596
usp000h1uz,2009-09-25 12:20:37.510000+00:00,2009,9,2009-09,4.7,"19 km SE of Champerico, Guatemala",Belize,BLZ,348.3980236102383,39.21600092938232
usp000h27f,2009-10-02 04:42:05.670000+00:00,2009,10,2009-10,4.8,"1 km SSW of Patzún, Guatemala",Belize,BLZ,244.14712045285546,74.1039339711205
usp000h2ct,2009-10-04 20:13:32.940000+00:00,2009,10,2009-10,4.6,"64 km SSW of Ocós, Guatemala",Belize,BLZ,419.2849076671568,24.520786233716173
usp000h2ef,2009-10-06 08:10:10.150000+00:00,2009,10,2009-10,4.5,"23 km S of Taxisco, Guatemala",Belize,BLZ,272.66346871236897,45.49029996627253
usp000h2ux,2009-10-13 07:35:41.500000+00:00,2009,10,2009-10,4.5,"106 km SSW of La Esperanza (El Zapotal), Mexico",Belize,BLZ,498.10176448948556,14.736208623099202
usp000h2wc,2009-10-13 16:31:33.300000+00:00,2009,10,2009-10,4.6,"10 km WSW of Soconusco, Mexico",Belize,BLZ,405.05694577120573,26.328736493692908
usp000h2y2,2009-10-14 10:31:58.950000+00:00,2009,10,2009-10,4.6,"86 km SW of Jiquilillo, Nicaragua",Belize,BLZ,431.4040326950411,23.07905624973499
usp000h31r,2009-10-16 05:20:44.250000+00:00,2009,10,2009-10,4.7,"41 km SSE of La Libertad, El Salvador",Belize,BLZ,315.566920957794,46.21203970196002
usp000h350,2009-10-18 16:19:47.090000+00:00,2009,10,2009-10,4.6,"19 km NNW of Omoa, Honduras",Belize,BLZ,62.82187234764107,145.7417692806345
usp000h38f,2009-10-22 00:33:51.700000+00:00,2009,10,2009-10,4.8,"5 km S of Posoltega, Nicaragua",Belize,BLZ,446.30390247136154,26.96890972411386
usp000h3u6,2009-11-07 11:04:41.390000+00:00,2009,11,2009-11,4.5,"53 km SW of Nueva Concepción, Guatemala",Belize,BLZ,356.1967682210292,29.959085020065896
usp000h3xz,2009-11-10 15:19:27.790000+00:00,2009,11,2009-11,4.5,"1 km NE of Nueva Santa Rosa, Guatemala",Belize,BLZ,207.9818375066607,62.85982652762692
usp000h49u,2009-11-21 21:18:46.930000+00:00,2009,11,2009-11,5.1,"29 km WSW of Champerico, Guatemala",Belize,BLZ,380.41573356788103,52.95875056476482
usp000h4c6,2009-11-24 00:21:03.900000+00:00,2009,11,2009-11,4.9,"121 km SSW of Ocós, Guatemala",Belize,BLZ,475.4036545398611,26.16218912238238
usp000h4fa,2009-11-26 19:08:11.360000+00:00,2009,11,2009-11,5.9,"12 km SW of Acajutla, El Salvador",Belize,BLZ,283.34906772350314,216.13013123830228
usp000h4gk,2009-11-28 01:41:58.100000+00:00,2009,11,2009-11,4.8,"119 km SW of Ocós, Guatemala",Belize,BLZ,481.0869032392439,22.663817430005675
usp000h4mm,2009-12-01 05:45:29.300000+00:00,2009,12,2009-12,4.9,"53 km SW of Acajutla, El Salvador",Belize,BLZ,318.14094847221025,57.43355621005229
usp000h4ny,2009-12-02 11:46:17.770000+00:00,2009,12,2009-12,5.1,"48 km S of Iztapa, Guatemala",Belize,BLZ,315.2317044219354,73.36400828546309
usp000h4tc,2009-12-06 17:43:40.180000+00:00,2009,12,2009-12,4.8,"48 km SSE of Intipucá, El Salvador",Belize,BLZ,374.5252499113715,38.6125739578414
usp000h4tk,2009-12-06 18:30:22.390000+00:00,2009,12,2009-12,4.8,off the coast of Central America,Belize,BLZ,408.18504523533534,32.63152993922251
usp000h4u0,2009-12-07 02:02:37.400000+00:00,2009,12,2009-12,5.1,"50 km SW of Champerico, Guatemala",Belize,BLZ,402.98245756445215,47.3080134791716
usp000h4v1,2009-12-07 22:40:43+00:00,2009,12,2009-12,4.5,"3 km SE of Benito Juárez, Mexico",Belize,BLZ,396.6944206602756,24.46746695953573
usp000h4vv,2009-12-08 18:57:37.430000+00:00,2009,12,2009-12,4.8,"103 km SSW of Chirilagua, El Salvador",Belize,BLZ,413.74826756647303,31.736355513148023
usp000h4yx,2009-12-11 21:30:53.950000+00:00,2009,12,2009-12,4.6,"22 km S of La Libertad, El Salvador",Belize,BLZ,299.32237621177563,44.6714159481309
usp000h54b,2009-12-17 13:38:14.760000+00:00,2009,12,2009-12,4.8,"153 km NE of Savannah Bight, Honduras",Belize,BLZ,394.54829684360215,34.93407587538536
usp000h5me,2010-01-02 16:09:20.960000+00:00,2010,1,2010-01,4.9,"37 km SW of Ocós, Guatemala",Belize,BLZ,403.06028488166834,37.563470670048936
usp000h5rc,2010-01-05 05:36:21.640000+00:00,2010,1,2010-01,5.0,"30 km S of Champerico, Guatemala",Belize,BLZ,365.07016370890295,50.96361332850002
usp000h5se,2010-01-06 00:28:34.850000+00:00,2010,1,2010-01,5.2,"8 km SSE of Champerico, Guatemala",Belize,BLZ,351.61853554931145,68.62305548384215
usp000h5z8,2010-01-11 23:30:44.470000+00:00,2010,1,2010-01,5.1,"9 km ESE of Morales, Guatemala",Belize,BLZ,55.37558079675569,269.0007272557175
usp000h69z,2010-01-18 15:40:26.440000+00:00,2010,1,2010-01,5.9,"17 km SW of San Francisco Menéndez, El Salvador",Belize,BLZ,268.15271439903637,233.19207083597067
usp000h6da,2010-01-20 14:42:47.100000+00:00,2010,1,2010-01,4.5,"77 km S of Intipucá, El Salvador",Belize,BLZ,397.6054030311161,24.35627323529244
usp000h6mg,2010-01-26 00:08:14.330000+00:00,2010,1,2010-01,4.7,"38 km SSE of Champerico, Guatemala",Belize,BLZ,365.47576720779256,36.00637955066614
usp000h6t2,2010-01-30 22:50:09.660000+00:00,2010,1,2010-01,4.8,"5 km NNE of Lolotique, El Salvador",Belize,BLZ,271.8055680037263,64.53297820690675
usp000h6vm,2010-02-02 09:38:10.540000+00:00,2010,2,2010-02,4.5,"74 km SW of Corinto, Nicaragua",Belize,BLZ,454.8104325138267,18.29749740494305
usp000h6yh,2010-02-04 20:33:20.030000+00:00,2010,2,2010-02,4.8,"37 km SSW of Jucuarán, El Salvador",Belize,BLZ,343.7210631868004,45.04215852257055
usp000h745,2010-02-09 17:58:12.830000+00:00,2010,2,2010-02,4.9,"10 km ENE of Rizo de Oro, Mexico",Belize,BLZ,353.3370966346197,48.165740708871056
usp000h75m,2010-02-10 23:56:45.790000+00:00,2010,2,2010-02,4.6,"21 km SSW of La Libertad, El Salvador",Belize,BLZ,296.30157828243017,45.3512537594855
usp000h76g,2010-02-11 17:43:02.660000+00:00,2010,2,2010-02,4.8,"21 km WSW of Mangulile, Honduras",Belize,BLZ,229.42647462712733,79.7639661164696
usp000h76h,2010-02-11 17:56:09.080000+00:00,2010,2,2010-02,4.9,"12 km S of Jocón, Honduras",Belize,BLZ,217.53440769985605,94.97953423965755
usp000h7d7,2010-02-17 15:38:29.690000+00:00,2010,2,2010-02,4.5,"3 km WNW of San Marcos, Guatemala",Belize,BLZ,306.8835863900048,38.33634980968321
usp000h7h6,2010-02-21 00:56:48.030000+00:00,2010,2,2010-02,5.1,"67 km NNE of Savannah Bight, Honduras",Belize,BLZ,304.0854460182909,77.56875908699865
usp000h7m4,2010-02-23 10:52:13.980000+00:00,2010,2,2010-02,5.3,"16 km NE of Barillas, Guatemala",Belize,BLZ,220.1886537514007,148.54786472327214
usp000h7mb,2010-02-23 15:16:00.360000+00:00,2010,2,2010-02,5.6,"19 km NNE of Barillas, Guatemala",Belize,BLZ,226.26624487258096,203.54905574828075
usp000h8sp,2010-03-05 21:34:36.970000+00:00,2010,3,2010-03,5.0,"38 km SSW of Puerto San José, Guatemala",Belize,BLZ,324.6321298088566,62.38357898431828
usp000h8u5,2010-03-06 12:31:42.680000+00:00,2010,3,2010-03,4.5,"56 km SSW of Jiquilillo, Nicaragua",Belize,BLZ,430.88956547346856,20.622209619024648
usp000h942,2010-03-11 06:57:21.640000+00:00,2010,3,2010-03,4.6,"21 km SSW of La Paz Centro, Nicaragua",Belize,BLZ,489.0504216463906,17.29977690324421
usp000h96w,2010-03-12 02:47:30.740000+00:00,2010,3,2010-03,4.6,"6 km N of Plan de Ayala, Mexico",Belize,BLZ,482.1243443260138,17.909369152559044
usp000h9bw,2010-03-14 02:52:50.040000+00:00,2010,3,2010-03,4.7,"58 km SSW of Puerto El Triunfo, El Salvador",Belize,BLZ,352.5077295814364,38.41839266716389
usp000h9d6,2010-03-14 17:32:38.300000+00:00,2010,3,2010-03,4.5,"86 km SW of Jiquilillo, Nicaragua",Belize,BLZ,434.61139540952854,20.241996526923494
usp000h9s0,2010-03-20 21:55:43.510000+00:00,2010,3,2010-03,5.2,"13 km N of Barillas, Guatemala",Belize,BLZ,229.9079767361514,126.11338182825189
usp000h9sg,2010-03-21 06:35:23.400000+00:00,2010,3,2010-03,4.5,"50 km SSE of Champerico, Guatemala",Belize,BLZ,367.6930326525531,28.285556291620377
usp000h9vn,2010-03-22 23:00:09.650000+00:00,2010,3,2010-03,4.5,"52 km SSW of Acajutla, El Salvador",Belize,BLZ,326.6038651096429,34.736712809223576
usp000h9y1,2010-03-24 17:08:28.460000+00:00,2010,3,2010-03,5.0,"23 km SSW of Nueva Concepción, Guatemala",Belize,BLZ,323.521981600594,62.73081689880815
usp000ha2q,2010-03-28 14:32:54.770000+00:00,2010,3,2010-03,4.5,"14 km NW of Champerico, Guatemala",Belize,BLZ,354.8719033574476,30.158202496744575
usp000hadq,2010-04-05 00:47:16.290000+00:00,2010,4,2010-04,4.6,"22 km SW of La Paz Centro, Nicaragua",Belize,BLZ,481.7911275164347,17.93923253735852
usp000hahn,2010-04-05 10:00:54.990000+00:00,2010,4,2010-04,4.7,"8 km ENE of Nahualá, Guatemala",Belize,BLZ,252.62796260425435,63.30315408745723
usp000hb8n,2010-04-12 10:15:12.790000+00:00,2010,4,2010-04,4.5,"37 km SSW of Acajutla, El Salvador",Belize,BLZ,310.84428000868803,37.584625075097826
usp000hb8v,2010-04-12 11:10:03.080000+00:00,2010,4,2010-04,4.6,"4 km SSE of Miguel Hidalgo, Mexico",Belize,BLZ,379.69352652694806,29.888628228605402
usp000hbfh,2010-04-16 00:14:20.430000+00:00,2010,4,2010-04,4.7,"96 km S of La Libertad, El Salvador",Belize,BLZ,374.4875348799297,34.41998290541332
usp000hbm3,2010-04-18 13:30:58.260000+00:00,2010,4,2010-04,5.6,"18 km SW of Flores Costa Cuca, Guatemala",Belize,BLZ,345.4513690894677,112.16616803302497
usp000hbqp,2010-04-21 03:38:18.640000+00:00,2010,4,2010-04,4.8,"4 km S of Flores Costa Cuca, Guatemala",Belize,BLZ,329.3677783831118,48.39349148695233
usp000hbuy,2010-04-24 15:45:20.980000+00:00,2010,4,2010-04,4.7,"11 km SW of Jiquilisco, El Salvador",Belize,BLZ,305.21890712662,48.66599019801864
usp000hcp1,2010-05-12 17:23:00.370000+00:00,2010,5,2010-05,4.7,"56 km SW of Jiquilisco, El Salvador",Belize,BLZ,335.81989961662316,41.761525390305216
usp000hdc0,2010-05-29 16:11:44.390000+00:00,2010,5,2010-05,5.0,"115 km SSW of Chirilagua, El Salvador",Belize,BLZ,422.03212959297616,38.33265272433742
usp000he80,2010-06-18 09:50:14.380000+00:00,2010,6,2010-06,4.6,"11 km NE of Jiquilillo, Nicaragua",Belize,BLZ,392.036960290421,28.099756545310075
usp000hezp,2010-07-07 07:19:43.860000+00:00,2010,7,2010-07,4.7,"9 km SSW of Masagua, Guatemala",Belize,BLZ,274.5065643953559,56.743558684303544
usp000hf37,2010-07-10 02:08:28.240000+00:00,2010,7,2010-07,4.6,"15 km NNW of El Triunfo, Mexico",Belize,BLZ,380.022169693622,29.8395550913826
usp000hfb7,2010-07-16 00:06:42.520000+00:00,2010,7,2010-07,5.1,"50 km S of Puerto El Triunfo, El Salvador",Belize,BLZ,354.5576454863966,60.26814926978501
usp000hgtz,2010-07-26 02:18:36.080000+00:00,2010,7,2010-07,4.5,"49 km S of Iztapa, Guatemala",Belize,BLZ,322.4381545300017,35.46781574665998
usp000hgym,2010-07-28 07:38:22.700000+00:00,2010,7,2010-07,4.6,"0 km NNW of Ignacio Zaragoza, Mexico",Belize,BLZ,374.3865450682477,30.692336209057785
usp000hh73,2010-07-31 05:15:13.640000+00:00,2010,7,2010-07,5.0,"59 km SSE of Iztapa, Guatemala",Belize,BLZ,315.1889510166831,65.3997200191802
usp000hhes,2010-08-03 19:10:35.570000+00:00,2010,8,2010-08,4.7,"47 km W of Jiquilillo, Nicaragua",Belize,BLZ,374.1411197574309,34.47965257966219
usp000hhx2,2010-08-10 20:56:00.230000+00:00,2010,8,2010-08,5.0,"4 km NE of San Francisco la Unión, Guatemala",Belize,BLZ,276.1447941160472,79.4985483626984
usp000hjd9,2010-08-18 15:12:35.030000+00:00,2010,8,2010-08,4.8,"7 km SSE of Taxisco, Guatemala",Belize,BLZ,255.9693443982935,69.8505179739858
usp000hjfs,2010-08-19 22:13:02.600000+00:00,2010,8,2010-08,5.5,"9 km SW of La Gomera, Guatemala",Belize,BLZ,300.23112065086065,125.33039402007824
usp000hjwc,2010-08-29 04:39:26.400000+00:00,2010,8,2010-08,4.6,"42 km SE of Champerico, Guatemala",Belize,BLZ,345.79774238264287,35.408680501008085
usp000hke2,2010-09-07 22:00:10.180000+00:00,2010,9,2010-09,4.7,"56 km SSW of Puerto El Triunfo, El Salvador",Belize,BLZ,357.5392199665412,37.46393993858983
usp000hkkf,2010-09-11 21:53:38.500000+00:00,2010,9,2010-09,4.7,"75 km SSW of Puerto El Triunfo, El Salvador",Belize,BLZ,375.33215195777547,34.274930877634425
usp000hkr7,2010-09-15 06:05:47.200000+00:00,2010,9,2010-09,5.1,"12 km ENE of Pijijiapan, Mexico",Belize,BLZ,431.3265139170138,41.056920860134895
usp000hm3f,2010-09-23 09:58:35.220000+00:00,2010,9,2010-09,4.8,"55 km SSW of Jucuarán, El Salvador",Belize,BLZ,361.55919979194186,41.19876269484495
usp000hm3y,2010-09-24 01:27:43.090000+00:00,2010,9,2010-09,4.6,"73 km SW of El Arenal, Mexico",Belize,BLZ,457.5882882155011,20.246952184324574
usp000hm63,2010-09-25 18:43:18.040000+00:00,2010,9,2010-09,4.7,"103 km WSW of Jiquilillo, Nicaragua",Belize,BLZ,420.8546418260207,27.297681160454964
usp000hm6w,2010-09-26 08:03:38.560000+00:00,2010,9,2010-09,4.6,"6 km SSW of Jucuarán, El Salvador",Belize,BLZ,317.8977701262783,40.709312036939494
usp000hme8,2010-10-01 03:18:40.720000+00:00,2010,10,2010-10,4.8,"23 km S of El Rosario, El Salvador",Belize,BLZ,298.541214854216,56.45806492816254
usp000hmec,2010-10-01 04:52:59.680000+00:00,2010,10,2010-10,4.6,"33 km SE of Iztapa, Guatemala",Belize,BLZ,280.01577442636125,49.19868235585129
usp000hn28,2010-10-13 15:13:00.550000+00:00,2010,10,2010-10,4.5,"69 km S of Intipucá, El Salvador",Belize,BLZ,390.0925237873524,25.288603515095954
usp000hn4n,2010-10-15 11:23:25.820000+00:00,2010,10,2010-10,4.6,"29 km SW of Nueva Concepción, Guatemala",Belize,BLZ,331.45150847140343,38.04189953115887
usp000hn55,2010-10-15 23:41:06.550000+00:00,2010,10,2010-10,5.0,"15 km SSW of Nueva Concepción, Guatemala",Belize,BLZ,316.5557297327189,64.95430897171252
usp000hn5n,2010-10-16 06:43:11.910000+00:00,2010,10,2010-10,4.6,"28 km SW of Nueva Concepción, Guatemala",Belize,BLZ,330.5713963685135,38.209674092440025
usp000hnqa,2010-10-28 17:11:48.310000+00:00,2010,10,2010-10,4.8,"35 km SW of Puerto San José, Guatemala",Belize,BLZ,324.1447753413976,49.67393488209793
usp000hnwd,2010-11-02 03:36:57.390000+00:00,2010,11,2010-11,4.9,"68 km SSW of La Gomera, Guatemala",Belize,BLZ,360.1436399244145,46.55410935889489
usp000hnz8,2010-11-03 18:00:36.390000+00:00,2010,11,2010-11,5.0,"43 km SSW of Puerto El Triunfo, El Salvador",Belize,BLZ,342.7429642638673,56.98271129233494
usp000hpak,2010-11-09 10:26:49.140000+00:00,2010,11,2010-11,4.8,"4 km SSW of San Vicente Pacaya, Guatemala",Belize,BLZ,235.35874006923356,77.43280459953124
usp000hpd0,2010-11-11 02:28:10.480000+00:00,2010,11,2010-11,4.9,"128 km SW of Corinto, Nicaragua",Belize,BLZ,480.63427768341313,25.486836148929775
usp000hph5,2010-11-13 19:04:47.110000+00:00,2010,11,2010-11,4.6,"53 km S of Acajutla, El Salvador",Belize,BLZ,327.42313410675507,38.81590337121625
usp000hq8d,2010-11-28 07:35:52.700000+00:00,2010,11,2010-11,4.5,"102 km WSW of Puerto Madero, Mexico",Belize,BLZ,485.69937483440526,15.678958414428067
usp000hq8w,2010-11-28 14:00:55.200000+00:00,2010,11,2010-11,4.7,"91 km WSW of Puerto Madero, Mexico",Belize,BLZ,474.30997258450753,20.895317809382377
usp000hqqp,2010-12-09 14:17:38.410000+00:00,2010,12,2010-12,4.6,"47 km NE of Savannah Bight, Honduras",Belize,BLZ,300.4864720624276,44.41216212106784
usp000hr0z,2010-12-17 09:32:02.380000+00:00,2010,12,2010-12,4.6,"50 km SSW of Jiquilillo, Nicaragua",Belize,BLZ,429.1251975624713,23.343526922141532
usp000hr7g,2010-12-20 17:21:26.180000+00:00,2010,12,2010-12,5.7,"33 km SSW of Puerto El Triunfo, El Salvador",Belize,BLZ,334.0810781670496,133.2147015746497
usp000hrc2,2010-12-21 21:35:07.740000+00:00,2010,12,2010-12,4.9,"42 km S of Acajutla, El Salvador",Belize,BLZ,315.3240280590723,58.24820855428754
usp000hsf9,2011-01-02 14:11:33.740000+00:00,2011,1,2011-01,4.5,"28 km SW of Acajutla, El Salvador",Belize,BLZ,300.44712771972024,39.590168634754455
usp000hsjb,2011-01-04 00:49:41.500000+00:00,2011,1,2011-01,4.8,"47 km S of La Libertad, El Salvador",Belize,BLZ,325.07866567316944,49.44252554228982
usp000hsmb,2011-01-05 19:01:56.840000+00:00,2011,1,2011-01,4.6,"64 km SW of Jiquilillo, Nicaragua",Belize,BLZ,435.2134620808293,22.64362608968371
usp000hsva,2011-01-10 06:29:07.630000+00:00,2011,1,2011-01,4.5,"86 km WSW of Jiquilillo, Nicaragua",Belize,BLZ,412.9583765462458,22.556529408173972
usp000hsvc,2011-01-10 07:07:53.480000+00:00,2011,1,2011-01,4.5,"89 km SSW of Intipucá, El Salvador",Belize,BLZ,407.5402559773544,23.175951768077535
usp000hsy1,2011-01-12 01:05:36.610000+00:00,2011,1,2011-01,5.1,"122 km SSW of Acajutla, El Salvador",Belize,BLZ,398.64535849714156,48.34511557918702
usp000htdb,2011-01-20 10:01:54.920000+00:00,2011,1,2011-01,5.0,"4 km NNW of Vicente Guerrero, Mexico",Belize,BLZ,491.52169205229666,27.08159300563557
usp000htmu,2011-01-25 06:18:45.960000+00:00,2011,1,2011-01,5.0,"116 km S of Puerto El Triunfo, El Salvador",Belize,BLZ,421.68312610291093,38.39960226933191
usp000hu5j,2011-02-06 10:08:35.270000+00:00,2011,2,2011-02,4.5,"48 km SSW of Jiquilillo, Nicaragua",Belize,BLZ,427.3302259546001,20.992502065410633
usp000hurz,2011-02-19 14:57:08.300000+00:00,2011,2,2011-02,4.8,"55 km S of Iztapa, Guatemala",Belize,BLZ,321.5344616376906,50.32650692775948
usp000hus3,2011-02-19 15:49:00.940000+00:00,2011,2,2011-02,4.5,"62 km SSW of Puerto San José, Guatemala",Belize,BLZ,345.5751967874176,31.593154750252427
usp000husk,2011-02-20 00:58:19.300000+00:00,2011,2,2011-02,4.5,"31 km SSE of Iztapa, Guatemala",Belize,BLZ,298.59283482783565,39.958934333640215
usp000huyp,2011-02-23 03:01:36.370000+00:00,2011,2,2011-02,5.7,"55 km SW of Jiquilillo, Nicaragua",Belize,BLZ,420.53045553145444,86.46288419256749
usp000hv80,2011-03-01 21:46:42.050000+00:00,2011,3,2011-03,4.7,"8 km N of Santiago de María, El Salvador",Belize,BLZ,273.0223080681162,57.16623507468533
usp000hv84,2011-03-02 00:59:52+00:00,2011,3,2011-03,4.5,"10 km SW of Santo Domingo de las Palmas, Mexico",Belize,BLZ,240.2368569886458,53.497352906429704
usp000hvmw,2011-03-10 14:30:48.940000+00:00,2011,3,2011-03,4.6,Guatemala,Belize,BLZ,225.8919361764243,64.48844322902286
usp000hvza,2011-03-11 16:54:51.350000+00:00,2011,3,2011-03,4.8,"54 km WSW of Corinto, Nicaragua",Belize,BLZ,439.77814090732625,27.863386597102853
usp000hvzd,2011-03-11 16:57:50.640000+00:00,2011,3,2011-03,4.6,"71 km SW of Corinto, Nicaragua",Belize,BLZ,453.5228323807322,20.662729124333897
usp000hx4r,2011-03-14 09:39:14.160000+00:00,2011,3,2011-03,4.5,"107 km S of La Libertad, El Salvador",Belize,BLZ,386.46189699193366,25.751863006945953
usp000hx57,2011-03-14 11:45:42.320000+00:00,2011,3,2011-03,4.6,"35 km SSW of Acajutla, El Salvador",Belize,BLZ,308.68711302927244,42.62795031203214
usp000hx9f,2011-03-15 00:32:44.730000+00:00,2011,3,2011-03,4.8,"24 km S of Iztapa, Guatemala",Belize,BLZ,300.58304892795013,55.8846071694187
usp000hxxv,2011-03-19 12:43:40.770000+00:00,2011,3,2011-03,4.5,"98 km SSW of Puerto El Triunfo, El Salvador",Belize,BLZ,395.392317865277,24.627282421001116
usp000hyd3,2011-03-23 14:30:47.570000+00:00,2011,3,2011-03,4.7,"59 km WSW of Puerto Madero, Mexico",Belize,BLZ,440.739468082504,24.714191372153895
usp000hyqk,2011-03-27 06:20:56.010000+00:00,2011,3,2011-03,5.6,"22 km SW of Brisas Barra de Suchiate, Mexico",Belize,BLZ,388.46610082677245,90.45999929439101
usp000hyt4,2011-03-28 12:19:16.670000+00:00,2011,3,2011-03,4.5,"16 km S of Puerto San José, Guatemala",Belize,BLZ,299.91926860679706,39.69479680282892
usp000hyxg,2011-03-30 09:45:22.910000+00:00,2011,3,2011-03,4.7,"4 km SSW of Manuel Ávila Camacho (Ponte Duro), Mexico",Belize,BLZ,487.62349111885703,19.549652531365172
usp000hyyk,2011-03-30 22:26:37.340000+00:00,2011,3,2011-03,4.5,"5 km W of Mojimán, Honduras",Belize,BLZ,153.6384073395029,82.48565690583115
usp000hzbe,2011-04-05 14:14:55.760000+00:00,2011,4,2011-04,4.6,"11 km SSW of San Juan Tecuaco, Guatemala",Belize,BLZ,249.80384491946697,57.22131617052307
usp000hzbj,2011-04-05 15:27:29.010000+00:00,2011,4,2011-04,4.5,"68 km SSW of Jiquilillo, Nicaragua",Belize,BLZ,443.94011794190607,19.319517793166757
usp000hzcc,2011-04-05 23:30:24.230000+00:00,2011,4,2011-04,4.5,off the coast of Central America,Belize,BLZ,362.7116002679514,28.998916229652288
usp000hzfv,2011-04-07 20:41:51.470000+00:00,2011,4,2011-04,5.8,"109 km NE of Savannah Bight, Honduras",Belize,BLZ,350.1532470351168,137.9278240913751
usp000hzfx,2011-04-07 21:06:03.880000+00:00,2011,4,2011-04,5.0,"112 km NE of Savannah Bight, Honduras",Belize,BLZ,349.59039321145247,55.06480511489954
usp000j0bw,2011-04-21 09:18:06.260000+00:00,2011,4,2011-04,4.5,"95 km SSW of Puerto El Triunfo, El Salvador",Belize,BLZ,391.94297628845646,25.0557057938227
usp000j0nb,2011-04-26 21:25:53.280000+00:00,2011,4,2011-04,4.7,"0 km SSW of Jaltenango de la Paz, Mexico",Belize,BLZ,389.1632355953948,31.9847360498961
usp000j0u8,2011-04-30 21:46:55.580000+00:00,2011,4,2011-04,4.7,"48 km SSE of Acajutla, El Salvador",Belize,BLZ,313.56150567965966,46.67774226994001
usp000j0xh,2011-05-02 23:55:39.470000+00:00,2011,5,2011-05,5.4,"50 km SW of Corinto, Nicaragua",Belize,BLZ,460.91072507031816,50.0201600784048
usp000j1mt,2011-05-15 08:34:48.590000+00:00,2011,5,2011-05,4.9,"69 km S of Intipucá, El Salvador",Belize,BLZ,392.44354563964714,39.611352229393816
usp000j1p7,2011-05-16 05:51:03.160000+00:00,2011,5,2011-05,4.5,"3 km S of Reforma, Mexico",Belize,BLZ,381.92407810040265,26.34282834136864
usp000j221,2011-05-22 17:15:09.560000+00:00,2011,5,2011-05,4.8,"71 km WSW of Acajutla, El Salvador",Belize,BLZ,323.4735283581411,49.84093236140456
usp000j2nh,2011-06-03 19:20:13.190000+00:00,2011,6,2011-06,4.6,"25 km WSW of Tiquisate, Guatemala",Belize,BLZ,325.5960119816713,39.172135069966004
usp000j2uh,2011-06-07 14:55:20.070000+00:00,2011,6,2011-06,5.3,"13 km SE of La Esperanza (El Zapotal), Mexico",Belize,BLZ,433.1751251282384,51.212050761825395
usp000j30e,2011-06-11 22:23:35.390000+00:00,2011,6,2011-06,4.7,"61 km SSW of Jucuarán, El Salvador",Belize,BLZ,369.2014773572502,35.341841787080824
usp000j316,2011-06-12 10:17:57.020000+00:00,2011,6,2011-06,5.0,"55 km S of Puerto El Triunfo, El Salvador",Belize,BLZ,359.95793372592567,52.28309376573606
usp000j3cw,2011-06-18 17:30:19.520000+00:00,2011,6,2011-06,5.5,"41 km WSW of Nueva Concepción, Guatemala",Belize,BLZ,343.88186817225983,100.75578966893487
usp000j430,2011-07-03 06:34:36.870000+00:00,2011,7,2011-07,5.7,"49 km SSW of Jiquilillo, Nicaragua",Belize,BLZ,434.0922709260135,80.79427914850898
usp000j4nq,2011-07-11 16:02:41.970000+00:00,2011,7,2011-07,4.6,"3 km WSW of Chicomuselo, Mexico",Belize,BLZ,343.4179536131337,35.832523040498494
usp000j4ur,2011-07-14 05:25:20.110000+00:00,2011,7,2011-07,4.8,"68 km SW of Jiquilillo, Nicaragua",Belize,BLZ,434.94908380945435,28.54434389278607
usp000j504,2011-07-16 01:57:05.280000+00:00,2011,7,2011-07,5.1,"78 km SSW of Jiquilillo, Nicaragua",Belize,BLZ,444.86008999234934,38.370599839606776
usp000j5ap,2011-07-22 10:07:41.750000+00:00,2011,7,2011-07,5.0,"77 km WSW of Puerto Madero, Mexico",Belize,BLZ,458.92389450899293,31.875677556913416
usp000j5as,2011-07-22 10:48:32.200000+00:00,2011,7,2011-07,5.1,"90 km WSW of Jiquilillo, Nicaragua",Belize,BLZ,413.94231811113565,44.78531952652873
usp000j5c1,2011-07-23 06:07:49.700000+00:00,2011,7,2011-07,4.5,"off the coast of Chiapas, Mexico",Belize,BLZ,475.5637875769255,16.494013903471604
usp000j5h4,2011-07-26 06:35:42.400000+00:00,2011,7,2011-07,5.1,"49 km NNE of Savannah Bight, Honduras",Belize,BLZ,281.53370591962897,86.82750571071564
usp000j5jj,2011-07-27 05:59:15.080000+00:00,2011,7,2011-07,4.6,"0 km SE of San Francisco Zapotitlán, Guatemala",Belize,BLZ,295.60928864055023,45.50850678018659
usp000j5kd,2011-07-28 01:19:25.720000+00:00,2011,7,2011-07,5.0,"64 km S of Iztapa, Guatemala",Belize,BLZ,333.5610451328669,59.65974511716548
usp000j6d3,2011-08-13 00:53:51.810000+00:00,2011,8,2011-08,4.7,"39 km S of Puerto El Triunfo, El Salvador",Belize,BLZ,342.7382357582576,40.34162400888932
usp000j6fc,2011-08-14 15:21:24.750000+00:00,2011,8,2011-08,5.0,"22 km SSW of San Lorenzo, Guatemala",Belize,BLZ,319.01343441315686,64.16100070241019
usp000j6gs,2011-08-15 12:58:08.320000+00:00,2011,8,2011-08,4.6,"6 km SW of Punta Piedra, Honduras",Belize,BLZ,346.1085331137832,35.353699782308205
usp000j746,2011-08-27 11:28:09.830000+00:00,2011,8,2011-08,5.0,"3 km ENE of Oratorio, Guatemala",Belize,BLZ,216.0727176629892,107.35049594154694
usp000j7q5,2011-09-06 17:24:58.990000+00:00,2011,9,2011-09,5.0,"6 km NW of Nuevo México, Mexico",Belize,BLZ,477.33978349620355,29.071659956988057
usp000j7yf,2011-09-12 10:25:20.300000+00:00,2011,9,2011-09,4.5,"9 km NNW of El Palmar, Guatemala",Belize,BLZ,297.71815672694976,40.13407305347944
usp000j89x,2011-09-19 17:59:54.050000+00:00,2011,9,2011-09,5.2,"3 km WNW of Oratorio, Guatemala",Belize,BLZ,219.1254916795017,133.09907602113637
usp000j89y,2011-09-19 18:33:55.870000+00:00,2011,9,2011-09,5.6,"3 km E of Santa María Ixhuatán, Guatemala",Belize,BLZ,225.9556886438525,203.8653684024594
usp000j8a1,2011-09-19 19:17:50.910000+00:00,2011,9,2011-09,4.9,"4 km NNW of Santa María Ixhuatán, Guatemala",Belize,BLZ,224.36190110593338,91.79189209363179
usp000j8a3,2011-09-19 20:30:00.820000+00:00,2011,9,2011-09,4.6,"7 km ESE of Santa María Ixhuatán, Guatemala",Belize,BLZ,227.96073321183175,63.824813931223076
usp000j8ah,2011-09-20 04:28:48.790000+00:00,2011,9,2011-09,4.8,"5 km SSE of Santa María Ixhuatán, Guatemala",Belize,BLZ,231.85590583338623,78.80092174120053
usp000j8jj,2011-09-25 21:29:37.150000+00:00,2011,9,2011-09,4.6,"12 km WSW of Pasaco, Guatemala",Belize,BLZ,254.74995241839338,55.823557169498315
usp000j96x,2011-10-11 00:20:10.990000+00:00,2011,10,2011-10,4.5,"14 km NNE of Cubulco, Guatemala",Belize,BLZ,168.71402176428117,76.49660420844793
usp000j9jj,2011-10-19 19:03:18.390000+00:00,2011,10,2011-10,5.0,"5 km SSW of Soconusco, Mexico",Belize,BLZ,398.0191442912816,43.22275147061587
usp000ja5f,2011-10-31 06:28:32.550000+00:00,2011,10,2011-10,4.5,"18 km SE of Ocós, Guatemala",Belize,BLZ,357.1099832028643,29.82260142793593
usp000janu,2011-11-10 12:49:56.410000+00:00,2011,11,2011-11,4.5,"33 km S of Iztapa, Guatemala",Belize,BLZ,304.0693071226698,38.879609025891696
usp000jaq4,2011-11-11 18:09:42.630000+00:00,2011,11,2011-11,4.5,"5 km SE of Santa María Ixhuatán, Guatemala",Belize,BLZ,229.67898679256362,56.397313549797765
usp000jazf,2011-11-17 12:44:46.580000+00:00,2011,11,2011-11,4.6,"42 km SSE of Champerico, Guatemala",Belize,BLZ,359.32601391820674,33.09279696315161
usp000jazg,2011-11-17 13:06:36.490000+00:00,2011,11,2011-11,5.2,"47 km SW of Nueva Concepción, Guatemala",Belize,BLZ,350.86964019100435,68.88049460908212
usp000jazh,2011-11-17 13:30:58.910000+00:00,2011,11,2011-11,5.8,"41 km SSE of Champerico, Guatemala",Belize,BLZ,354.1032127074549,135.23049678997992
usp000jb6r,2011-11-21 05:32:16.030000+00:00,2011,11,2011-11,4.7,"62 km WSW of Puerto Madero, Mexico",Belize,BLZ,445.07115413442875,24.184675719752008
usp000jbby,2011-11-24 21:13:15.650000+00:00,2011,11,2011-11,5.0,"3 km WSW of Conchagua, El Salvador",Belize,BLZ,319.3903592880983,64.04019518884506
usp000jbk4,2011-11-29 06:26:34.130000+00:00,2011,11,2011-11,4.7,"8 km NNW of Zacatecoluca, El Salvador",Belize,BLZ,265.9739982074138,59.216781766214254
usp000jbmd,2011-11-29 22:05:29.100000+00:00,2011,11,2011-11,4.5,"46 km WSW of Puerto Madero, Mexico",Belize,BLZ,428.30221182087786,20.89072749780383
usp000jbqb,2011-12-02 05:01:01.390000+00:00,2011,12,2011-12,4.5,"104 km SW of Puerto Madero, Mexico",Belize,BLZ,478.6917547018045,16.238057016383692
usp000jbqe,2011-12-02 05:55:01.590000+00:00,2011,12,2011-12,4.5,"112 km SW of Puerto Madero, Mexico",Belize,BLZ,492.4892790168264,15.155599447310268
usp000jbr3,2011-12-02 19:36:46.810000+00:00,2011,12,2011-12,4.7,"9 km NNE of Barillas, Guatemala",Belize,BLZ,229.8616559893938,70.93519321479589
usp000jbyt,2011-12-08 14:02:57.230000+00:00,2011,12,2011-12,4.6,"48 km S of Acajutla, El Salvador",Belize,BLZ,322.12881779349306,39.857142544375364
usp000jbyu,2011-12-08 14:34:04.540000+00:00,2011,12,2011-12,5.1,"49 km SSW of Acajutla, El Salvador",Belize,BLZ,323.03743796904826,70.55586428851105
usp000jbyv,2011-12-08 14:35:40.470000+00:00,2011,12,2011-12,4.6,"7 km ENE of Izalco, El Salvador",Belize,BLZ,247.0355475385078,58.01885107035533
usp000jc14,2011-12-10 14:07:57.030000+00:00,2011,12,2011-12,4.5,"52 km N of Savannah Bight, Honduras",Belize,BLZ,270.4448252464061,45.997743135077236
usp000jc23,2011-12-11 03:34:29.960000+00:00,2011,12,2011-12,4.5,"61 km SSW of Jucuarán, El Salvador",Belize,BLZ,370.12340796548153,27.94391370639718
usp000jc7t,2011-12-15 13:28:02.680000+00:00,2011,12,2011-12,5.1,"49 km SSW of Puerto El Triunfo, El Salvador",Belize,BLZ,347.9671807977527,62.28720846643843
usp000jcbu,2011-12-18 05:03:20.180000+00:00,2011,12,2011-12,4.5,"5 km SE of San Caralampio, Mexico",Belize,BLZ,309.0075308009543,37.93138255590833
usp000jcdw,2011-12-20 01:54:17.090000+00:00,2011,12,2011-12,5.1,"off the coast of Chiapas, Mexico",Belize,BLZ,490.9203570162107,30.477545582079422
usp000jcet,2011-12-20 22:52:58.010000+00:00,2011,12,2011-12,4.5,"92 km SSW of La Libertad, El Salvador",Belize,BLZ,369.69695196102634,28.00356152566458
usp000jcg3,2011-12-22 04:50:20.020000+00:00,2011,12,2011-12,4.7,"25 km S of Champerico, Guatemala",Belize,BLZ,368.54158627086343,35.45864320351142
usp000jck7,2011-12-24 09:38:23.940000+00:00,2011,12,2011-12,4.5,"46 km SSW of Puerto El Triunfo, El Salvador",Belize,BLZ,347.48760151114254,31.292499983128604
usp000jcpj,2011-12-27 02:24:27.160000+00:00,2011,12,2011-12,4.5,"79 km SSW of La Libertad, El Salvador",Belize,BLZ,354.5385566203515,30.208510101783194
usp000jcqb,2011-12-27 17:21:12.010000+00:00,2011,12,2011-12,4.5,"21 km ENE of Francisco I. Madero, Mexico",Belize,BLZ,489.5869425044511,15.377136243603603
usp000jcsu,2011-12-29 05:19:57.210000+00:00,2011,12,2011-12,4.6,"7 km N of Aguacatán, Guatemala",Belize,BLZ,237.7088218140653,60.788559479802586
usp000jd07,2012-01-03 22:32:48.630000+00:00,2012,1,2012-01,4.5,"28 km S of Jucuarán, El Salvador",Belize,BLZ,339.1505183471362,32.62451068928873
usp000jd1p,2012-01-04 18:42:34.590000+00:00,2012,1,2012-01,4.5,"55 km SSE of Iztapa, Guatemala",Belize,BLZ,315.37324897382484,36.74309123452557
usp000jd32,2012-01-05 17:56:35.880000+00:00,2012,1,2012-01,4.5,"58 km SSE of Iztapa, Guatemala",Belize,BLZ,316.84707308439545,36.473322166916645
usp000jd9f,2012-01-09 18:34:10.460000+00:00,2012,1,2012-01,4.5,"17 km SE of Iztapa, Guatemala",Belize,BLZ,281.26763039197937,43.574769744670675
usp000jde4,2012-01-13 05:35:08.830000+00:00,2012,1,2012-01,4.5,"33 km SSW of Jucuarán, El Salvador",Belize,BLZ,343.1498155910946,31.97861446054803
usp000jdjw,2012-01-16 08:26:17.520000+00:00,2012,1,2012-01,4.7,"90 km SW of Jiquilillo, Nicaragua",Belize,BLZ,444.0875174491951,24.303913367005897
usp000jdn9,2012-01-18 14:05:02.570000+00:00,2012,1,2012-01,4.5,"61 km S of Corinto, Nicaragua",Belize,BLZ,490.6115015530268,15.298563750434507
usp000jdp7,2012-01-19 03:47:44.350000+00:00,2012,1,2012-01,4.5,"5 km S of Guazacapán, Guatemala",Belize,BLZ,252.35760607022823,50.35150094181805
usp000jdt7,2012-01-21 18:47:11.560000+00:00,2012,1,2012-01,6.2,"46 km SW of El Arenal, Mexico",Belize,BLZ,436.3262123318638,142.07892692757008
usp000jdt8,2012-01-21 19:46:47.430000+00:00,2012,1,2012-01,4.6,"75 km SW of El Arenal, Mexico",Belize,BLZ,462.68847984806985,19.737163183703426
usp000je12,2012-01-27 04:19:51.420000+00:00,2012,1,2012-01,4.6,"5 km E of Santa María Ixhuatán, Guatemala",Belize,BLZ,224.4063818428343,64.9692320448254
usp000je9q,2012-02-02 04:24:21.770000+00:00,2012,2,2012-02,4.6,"34 km SSE of La Libertad, El Salvador",Belize,BLZ,308.3599278343351,42.697743555920155
usp000jed7,2012-02-03 04:10:45.490000+00:00,2012,2,2012-02,4.5,"110 km S of Puerto El Triunfo, El Salvador",Belize,BLZ,414.2263920060094,22.413971659234512
usp000jehk,2012-02-05 13:18:55.600000+00:00,2012,2,2012-02,4.9,"102 km WSW of Aquiles Serdán, Mexico",Belize,BLZ,485.7927230311295,24.837878894030403
usp000jehp,2012-02-05 14:19:39.320000+00:00,2012,2,2012-02,4.8,"20 km S of El Rosario, El Salvador",Belize,BLZ,296.031953832828,57.17086720376826
usp000jen7,2012-02-07 16:16:42.540000+00:00,2012,2,2012-02,4.5,"7 km NE of La Libertad, Honduras",Belize,BLZ,197.91974568700155,66.10323791799775
usp000jenn,2012-02-07 22:30:33.800000+00:00,2012,2,2012-02,4.6,"67 km SW of El Arenal, Mexico",Belize,BLZ,457.9302461479842,20.21236373269918
usp000jf0n,2012-02-16 20:14:41.090000+00:00,2012,2,2012-02,4.9,"12 km S of Puerto Madero, Mexico",Belize,BLZ,382.3199485205164,41.668011963327366
usp000jf5k,2012-02-20 19:09:36.290000+00:00,2012,2,2012-02,5.6,"near the coast of Chiapas, Mexico",Belize,BLZ,436.64229186753465,71.09569603748538
usp000jfb7,2012-02-24 20:01:48.090000+00:00,2012,2,2012-02,4.7,"3 km SSW of Santa María de Jesús, Guatemala",Belize,BLZ,233.80661193971585,69.54972113760681
usp000jfgp,2012-02-27 16:14:12.880000+00:00,2012,2,2012-02,4.6,"69 km S of El Rosario, El Salvador",Belize,BLZ,346.7737678390609,35.23630258845667
usp000jfnf,2012-03-01 17:12:21.710000+00:00,2012,3,2012-03,4.5,"60 km SSW of Jucuarán, El Salvador",Belize,BLZ,367.3989886362426,28.3271728697663
usp000jg6k,2012-03-13 23:06:43.560000+00:00,2012,3,2012-03,5.5,"42 km SW of El Arenal, Mexico",Belize,BLZ,436.03875669653405,63.55560692164514
usp000jgaa,2012-03-15 16:21:22.950000+00:00,2012,3,2012-03,4.6,"73 km SW of Corinto, Nicaragua",Belize,BLZ,461.41641531583207,19.863097978388765
usp000jgbz,2012-03-16 19:59:41.500000+00:00,2012,3,2012-03,4.6,"97 km SW of Ocós, Guatemala",Belize,BLZ,455.8387812140798,20.424840013028046
usp000jgt6,2012-03-26 02:01:19.670000+00:00,2012,3,2012-03,4.5,"5 km SE of San Juan Tecuaco, Guatemala",Belize,BLZ,239.21137849836384,53.772359260147276
usp000jh0c,2012-03-30 18:16:08.300000+00:00,2012,3,2012-03,5.4,"78 km WSW of Puerto Madero, Mexico",Belize,BLZ,460.76746452058404,50.056002492035084
usp000jh20,2012-03-31 17:13:56.730000+00:00,2012,3,2012-03,4.6,"122 km SSW of Acajutla, El Salvador",Belize,BLZ,395.544906105535,27.611191601984448
usp000jh32,2012-04-01 05:11:01.960000+00:00,2012,4,2012-04,4.5,"23 km SE of Acajutla, El Salvador",Belize,BLZ,287.24971510626153,42.290728756900805
usp000jh4c,2012-04-02 01:46:05.990000+00:00,2012,4,2012-04,4.5,"67 km SSW of Jiquilillo, Nicaragua",Belize,BLZ,443.37905042747286,19.373791654965668
usp000jhb0,2012-04-06 15:38:48.900000+00:00,2012,4,2012-04,4.9,"80 km SW of El Arenal, Mexico",Belize,BLZ,471.0182774037486,26.74217991073142
usp000jhv8,2012-04-13 13:49:54.200000+00:00,2012,4,2012-04,4.6,"14 km S of Puerto Madero, Mexico",Belize,BLZ,387.4925779688239,28.745545728054726
usp000jj08,2012-04-15 05:32:13.300000+00:00,2012,4,2012-04,4.6,"31 km NE of Nuevo Francisco León, Mexico",Belize,BLZ,220.79422194633213,66.15328863596616
usp000jj68,2012-04-18 10:50:58.590000+00:00,2012,4,2012-04,4.5,"8 km WNW of Unión Roja, Mexico",Belize,BLZ,353.5608584573648,30.356545666392936
usp000jjem,2012-04-23 00:20:34.440000+00:00,2012,4,2012-04,5.2,"28 km NNE of El Estor, Guatemala",Belize,BLZ,13.995513198020042,371.2009929176649
usp000jjuu,2012-05-01 13:35:11.270000+00:00,2012,5,2012-05,4.6,"85 km SW of Puerto Madero, Mexico",Belize,BLZ,466.04031329253695,19.409141131213328
usp000jjv9,2012-05-01 16:06:06.600000+00:00,2012,5,2012-05,4.8,"112 km WSW of Puerto Madero, Mexico",Belize,BLZ,494.36603583196205,21.207906155638447
usp000jjvz,2012-05-01 22:43:33.340000+00:00,2012,5,2012-05,6.0,"63 km SW of Puerto Madero, Mexico",Belize,BLZ,443.93116096501376,108.64649799038516
usp000jjw1,2012-05-01 22:56:16.580000+00:00,2012,5,2012-05,4.6,"93 km SW of Puerto Madero, Mexico",Belize,BLZ,471.270115682369,18.908189507201595
usp000jjw5,2012-05-01 23:52:38.540000+00:00,2012,5,2012-05,4.5,"70 km WSW of Puerto Madero, Mexico",Belize,BLZ,451.2556403818225,18.625623818724016
usp000jjyv,2012-05-03 18:08:02.850000+00:00,2012,5,2012-05,4.8,"121 km NE of Savannah Bight, Honduras",Belize,BLZ,360.130318328176,41.494157390106146
usp000jkxr,2012-05-26 01:19:28.380000+00:00,2012,5,2012-05,4.7,"83 km S of Champerico, Guatemala",Belize,BLZ,412.6999729957485,28.433701198438442
usp000jm02,2012-05-27 13:41:59.810000+00:00,2012,5,2012-05,4.9,"104 km WSW of Puerto Madero, Mexico",Belize,BLZ,487.70237842400326,24.601848581769055
usp000jm63,2012-05-31 17:37:30.670000+00:00,2012,5,2012-05,4.6,"6 km SW of Barberena, Guatemala",Belize,BLZ,228.34619580278672,63.70192200413943
usp000jmac,2012-06-04 05:12:00.260000+00:00,2012,6,2012-06,4.7,"22 km S of Puerto San José, Guatemala",Belize,BLZ,304.010316846919,48.96096677847088
usp000jmnx,2012-06-12 13:13:11.500000+00:00,2012,6,2012-06,4.6,"10 km SW of El Palmarcito, Mexico",Belize,BLZ,453.8434029228969,20.62963634145731
usp000jmwt,2012-06-18 02:53:14.500000+00:00,2012,6,2012-06,4.8,"88 km WSW of Puerto Madero, Mexico",Belize,BLZ,470.87552325202256,23.8510110131793
usp000jn72,2012-06-25 03:42:49.690000+00:00,2012,6,2012-06,4.6,"75 km SSW of Nueva Concepción, Guatemala",Belize,BLZ,370.492615396496,31.295760369054598
usp000jn7j,2012-06-25 14:37:49.650000+00:00,2012,6,2012-06,4.6,"7 km S of Pasaco, Guatemala",Belize,BLZ,253.12129963892102,56.27999906831338
usp000jn91,2012-06-26 17:19:04.150000+00:00,2012,6,2012-06,5.4,"8 km N of Tectitán, Guatemala",Belize,BLZ,319.3727604318048,101.5058009357318
usp000jn9s,2012-06-27 06:30:59.860000+00:00,2012,6,2012-06,5.7,"5 km E of San Francisco Menéndez, El Salvador",Belize,BLZ,250.31534421852498,202.51030900964705
usp000jncj,2012-06-29 13:00:26.080000+00:00,2012,6,2012-06,5.2,"46 km WSW of El Arenal, Mexico",Belize,BLZ,440.49143643401385,44.00327485249738
usp000jntt,2012-07-10 02:36:02.250000+00:00,2012,7,2012-07,4.6,"42 km SSW of Jiquilillo, Nicaragua",Belize,BLZ,421.4608905318303,24.25544822514098
usp000jnwm,2012-07-12 01:43:01.620000+00:00,2012,7,2012-07,5.2,"5 km W of Comalapa, Guatemala",Belize,BLZ,231.10339356769887,125.36183978410598
usp000jny2,2012-07-12 19:52:27.650000+00:00,2012,7,2012-07,4.5,"121 km SW of Jiquilillo, Nicaragua",Belize,BLZ,468.7793841614416,17.063122203668847
usp000jp2w,2012-07-16 21:03:01.200000+00:00,2012,7,2012-07,4.7,"7 km NNE of Chiquimulilla, Guatemala",Belize,BLZ,237.11849401953506,68.40750209997663
usp000jp45,2012-07-17 16:01:43.410000+00:00,2012,7,2012-07,4.5,"9 km SW of Acajutla, El Salvador",Belize,BLZ,280.68730213595086,43.70139171225721
usp000jpgg,2012-07-27 02:06:56.620000+00:00,2012,7,2012-07,4.7,"4 km S of Mixco, Guatemala",Belize,BLZ,214.4466741971931,76.6187325837077
usp000jpm2,2012-07-29 12:22:11.810000+00:00,2012,7,2012-07,5.9,"36 km SSW of Ocós, Guatemala",Belize,BLZ,393.2205389595482,124.77639925703309
usp000jpss,2012-08-02 15:36:33.560000+00:00,2012,8,2012-08,4.6,"8 km WNW of Lucerna, Honduras",Belize,BLZ,150.70292207757674,93.91884924460804
usp000jq3c,2012-08-09 12:36:27.600000+00:00,2012,8,2012-08,4.7,"43 km SW of Acajutla, El Salvador",Belize,BLZ,312.35630767210364,46.959871078806216
usp000jq4e,2012-08-10 09:01:20.910000+00:00,2012,8,2012-08,5.0,"107 km SW of Jiquilillo, Nicaragua",Belize,BLZ,445.5463577427119,34.080689847881644
usp000jqc7,2012-08-15 23:45:52.330000+00:00,2012,8,2012-08,5.5,"39 km SSE of La Libertad, El Salvador",Belize,BLZ,314.98883431496944,116.4154006061906
usp000jqq9,2012-08-25 09:31:22.800000+00:00,2012,8,2012-08,4.7,"143 km S of Puerto El Triunfo, El Salvador",Belize,BLZ,449.05848007279025,23.707289345486434
usp000jqvm,2012-08-27 04:37:19.430000+00:00,2012,8,2012-08,7.3,"126 km S of Puerto El Triunfo, El Salvador",Belize,BLZ,431.8084247820803,515.6320684571103
usp000jqvn,2012-08-27 04:39:27.940000+00:00,2012,8,2012-08,5.1,"57 km SSW of Jucuarán, El Salvador",Belize,BLZ,364.1864015513848,57.435350686575035
usp000jqvq,2012-08-27 04:44:45.900000+00:00,2012,8,2012-08,4.5,"102 km SSW of Puerto El Triunfo, El Salvador",Belize,BLZ,403.37063740751285,23.664197979308955
usp000jqvs,2012-08-27 04:53:54.990000+00:00,2012,8,2012-08,4.8,"80 km SSW of Puerto El Triunfo, El Salvador",Belize,BLZ,375.2988691996147,38.46350528978692
usp000jqvw,2012-08-27 05:01:33.460000+00:00,2012,8,2012-08,4.5,"113 km S of Puerto El Triunfo, El Salvador",Belize,BLZ,417.7980282202153,22.01725178574887
usp000jqw3,2012-08-27 05:38:04.420000+00:00,2012,8,2012-08,5.5,"109 km S of Puerto El Triunfo, El Salvador",Belize,BLZ,413.66767603103096,71.0774853969975
usp000jqwm,2012-08-27 07:47:15.630000+00:00,2012,8,2012-08,4.7,"128 km SSW of Chirilagua, El Salvador",Belize,BLZ,438.06068599826705,25.047437791940723
usp000jqwn,2012-08-27 08:05:56.400000+00:00,2012,8,2012-08,4.7,"114 km SSW of Puerto El Triunfo, El Salvador",Belize,BLZ,400.9545938273972,30.153530054847398
usp000jqwq,2012-08-27 08:14:52.690000+00:00,2012,8,2012-08,4.5,"88 km SSW of Puerto El Triunfo, El Salvador",Belize,BLZ,377.48194796564616,26.93446570313506
usp000jqwr,2012-08-27 08:16:19.330000+00:00,2012,8,2012-08,4.6,"107 km S of Puerto El Triunfo, El Salvador",Belize,BLZ,410.1258896290316,25.66982726350856
usp000jqwu,2012-08-27 09:05:03.870000+00:00,2012,8,2012-08,5.1,"110 km SW of Jiquilillo, Nicaragua",Belize,BLZ,432.4528871603788,40.82634367396045
usp000jqwx,2012-08-27 10:59:42.850000+00:00,2012,8,2012-08,4.6,"127 km S of Puerto El Triunfo, El Salvador",Belize,BLZ,433.68050737647513,22.81785120042244
usp000jqx3,2012-08-27 12:55:18.980000+00:00,2012,8,2012-08,4.5,"98 km SSW of Chirilagua, El Salvador",Belize,BLZ,404.8223098967016,23.49305650816108
usp000jqx8,2012-08-27 13:46:15.210000+00:00,2012,8,2012-08,4.5,"131 km S of Puerto El Triunfo, El Salvador",Belize,BLZ,436.9774312775269,20.00394097413048
usp000jqxb,2012-08-27 14:36:36.290000+00:00,2012,8,2012-08,4.6,"103 km SSW of Puerto El Triunfo, El Salvador",Belize,BLZ,392.5285412535496,28.030774828354357
usp000jqxp,2012-08-27 17:17:34.210000+00:00,2012,8,2012-08,4.6,"60 km SW of Jiquilillo, Nicaragua",Belize,BLZ,422.0672004632624,24.18202797418755
usp000jqxv,2012-08-27 18:27:20.100000+00:00,2012,8,2012-08,4.5,"70 km S of La Libertad, El Salvador",Belize,BLZ,348.0066896407731,31.21138746358848
usp000jqxz,2012-08-27 21:13:28.860000+00:00,2012,8,2012-08,4.8,"144 km S of Puerto El Triunfo, El Salvador",Belize,BLZ,448.8592594500605,26.62652570695494
usp000jqy1,2012-08-27 22:07:39.310000+00:00,2012,8,2012-08,4.8,"99 km S of Puerto El Triunfo, El Salvador",Belize,BLZ,402.4644907323078,33.57835857835338
usp000jqy7,2012-08-27 23:05:49.560000+00:00,2012,8,2012-08,4.5,"81 km SSW of Puerto El Triunfo, El Salvador",Belize,BLZ,382.44960107344446,26.273700394611147
usp000jqyg,2012-08-28 01:11:31.300000+00:00,2012,8,2012-08,4.6,"104 km SSW of Puerto El Triunfo, El Salvador",Belize,BLZ,401.8627810298847,26.752603848533912
usp000jqz0,2012-08-28 06:08:16.100000+00:00,2012,8,2012-08,5.5,off the coast of Central America,Belize,BLZ,394.9974848265526,78.03220152829142
usp000jqz9,2012-08-28 08:53:36.880000+00:00,2012,8,2012-08,5.3,"145 km S of Puerto El Triunfo, El Salvador",Belize,BLZ,449.1637929563031,47.277359890188364
usp000jr0c,2012-08-28 22:02:48.500000+00:00,2012,8,2012-08,4.6,"57 km S of Puerto El Triunfo, El Salvador",Belize,BLZ,359.8208487497622,33.01102082601573
usp000jrc9,2012-09-01 01:56:30.880000+00:00,2012,9,2012-09,4.5,"143 km SW of Jiquilillo, Nicaragua",Belize,BLZ,452.4342400772297,18.51618582160978
usp000jre1,2012-09-01 11:55:30.330000+00:00,2012,9,2012-09,4.6,"81 km SSW of Puerto El Triunfo, El Salvador",Belize,BLZ,378.58696793430533,30.054454137741445
usp000jrer,2012-09-01 18:01:48.200000+00:00,2012,9,2012-09,5.5,"11 km N of Plan de Agua Prieta, Mexico",Belize,BLZ,396.26316023377257,77.53994357586684
usp000jrp4,2012-09-04 12:12:56.640000+00:00,2012,9,2012-09,4.6,"62 km NNE of Savannah Bight, Honduras",Belize,BLZ,299.72898514748607,44.58068922064926
usp000jruk,2012-09-06 06:47:34.450000+00:00,2012,9,2012-09,4.9,"100 km S of Puerto El Triunfo, El Salvador",Belize,BLZ,406.34184646483953,36.95216526386285
usp000jrwd,2012-09-06 23:30:03.030000+00:00,2012,9,2012-09,4.8,"96 km SSW of Intipucá, El Salvador",Belize,BLZ,409.0986449692431,32.48280909080224
usp000jry6,2012-09-07 18:10:05.900000+00:00,2012,9,2012-09,4.5,"3 km WNW of Santa Lucía Utatlán, Guatemala",Belize,BLZ,263.30683662310184,47.66904693865816
usp000jry8,2012-09-07 19:12:25.030000+00:00,2012,9,2012-09,4.7,"87 km S of Puerto El Triunfo, El Salvador",Belize,BLZ,390.07068835445983,31.839941598728387
usp000js2f,2012-09-09 22:57:59.340000+00:00,2012,9,2012-09,4.6,"90 km S of Puerto El Triunfo, El Salvador",Belize,BLZ,394.9916441196498,27.687678459877418
usp000js3b,2012-09-10 11:31:19.360000+00:00,2012,9,2012-09,4.7,"99 km S of Puerto El Triunfo, El Salvador",Belize,BLZ,401.3860470010387,30.08855098741621
usp000js3h,2012-09-10 13:15:31.070000+00:00,2012,9,2012-09,4.5,"92 km SSW of Puerto El Triunfo, El Salvador",Belize,BLZ,391.8506781467817,25.067271437751632
usp000js6e,2012-09-12 01:13:27.380000+00:00,2012,9,2012-09,4.6,"142 km S of Puerto El Triunfo, El Salvador",Belize,BLZ,445.63600364023426,21.493825238717566
usp000jsdk,2012-09-16 08:25:42.870000+00:00,2012,9,2012-09,4.5,"59 km SW of Puerto Madero, Mexico",Belize,BLZ,435.27281036091404,20.175165300020875
usp000jsey,2012-09-16 18:33:25.510000+00:00,2012,9,2012-09,4.5,"109 km S of La Libertad, El Salvador",Belize,BLZ,388.89050945715604,25.441047474867187
usp000jshc,2012-09-18 08:20:41.830000+00:00,2012,9,2012-09,4.5,"112 km S of La Libertad, El Salvador",Belize,BLZ,391.86958216375945,25.064902189099964
usp000jsrr,2012-09-23 01:51:36.790000+00:00,2012,9,2012-09,4.5,"40 km SSW of Puerto El Triunfo, El Salvador",Belize,BLZ,341.80250519292673,32.1947673044542
usp000jt3q,2012-09-27 13:14:32.100000+00:00,2012,9,2012-09,4.6,"5 km ENE of Santa Bárbara, Guatemala",Belize,BLZ,269.84828040193565,51.76448580313368
usp000jtcr,2012-10-02 03:10:51.360000+00:00,2012,10,2012-10,4.6,"99 km SW of Jiquilillo, Nicaragua",Belize,BLZ,441.64679030712085,21.926846690993887
usp000jtm0,2012-10-05 18:22:56.830000+00:00,2012,10,2012-10,5.5,"123 km SW of Puerto San José, Guatemala",Belize,BLZ,414.939170996838,70.62704542021875
usp000jtpb,2012-10-07 09:16:49.340000+00:00,2012,10,2012-10,4.5,"119 km S of La Libertad, El Salvador",Belize,BLZ,398.5443260243511,24.242197889866436
usp000jttt,2012-10-10 14:48:14.980000+00:00,2012,10,2012-10,4.6,"65 km S of Acajutla, El Salvador",Belize,BLZ,336.38218723061834,37.11550391985172
usp000jtz6,2012-10-14 10:41:23.260000+00:00,2012,10,2012-10,5.5,"5 km SE of Tinajas 1ra. Sección, Mexico",Belize,BLZ,367.8273262119522,89.3867422921321
usp000jtzx,2012-10-14 22:40:55.310000+00:00,2012,10,2012-10,4.5,"64 km SSW of Puerto El Triunfo, El Salvador",Belize,BLZ,358.00436452047484,29.689535291557505
usp000ju15,2012-10-15 17:52:20.960000+00:00,2012,10,2012-10,5.5,"5 km ESE of La Gomera, Guatemala",Belize,BLZ,289.01356702364694,132.5607685184411
usp000ju9c,2012-10-21 20:28:17+00:00,2012,10,2012-10,5.4,"75 km SSW of Chirilagua, El Salvador",Belize,BLZ,387.61096804802526,72.16281682703041
usp000ju9e,2012-10-21 20:44:15+00:00,2012,10,2012-10,5.1,"72 km SSW of Chirilagua, El Salvador",Belize,BLZ,384.5605964367738,51.872511429197736
usp000jub1,2012-10-22 20:31:28.300000+00:00,2012,10,2012-10,4.6,"84 km SW of Jiquilillo, Nicaragua",Belize,BLZ,438.7087690474394,22.25133192568427
usp000jub9,2012-10-23 00:21:11.640000+00:00,2012,10,2012-10,4.5,"7 km NNW of Yupiltepeque, Guatemala",Belize,BLZ,198.04343036501803,66.06237076741243
usp000jugw,2012-10-27 16:22:05.800000+00:00,2012,10,2012-10,4.9,"near the coast of Chiapas, Mexico",Belize,BLZ,424.05499259536236,33.820208716991814
usp000jupz,2012-10-29 04:59:35.660000+00:00,2012,10,2012-10,4.5,"35 km SW of La Libertad, El Salvador",Belize,BLZ,305.6967472619318,38.5645215478759
usp000juqs,2012-10-29 14:35:13.680000+00:00,2012,10,2012-10,4.8,"112 km SW of Jiquilillo, Nicaragua",Belize,BLZ,441.9976675301468,27.55587841779596
usp000juwb,2012-11-01 15:30:48.590000+00:00,2012,11,2012-11,4.7,"67 km NE of Savannah Bight, Honduras",Belize,BLZ,305.66403878418384,48.55779677905114
usp000jux4,2012-11-02 03:28:21+00:00,2012,11,2012-11,4.5,"37 km SW of Champerico, Guatemala",Belize,BLZ,388.96505105414195,25.43156716013258
usp000jv1f,2012-11-04 19:12:56.170000+00:00,2012,11,2012-11,4.6,"25 km SSW of Nueva Concepción, Guatemala",Belize,BLZ,323.1606997936221,39.65203278220713
usp000jv5f,2012-11-07 16:35:46.930000+00:00,2012,11,2012-11,7.4,"33 km S of Champerico, Guatemala",Belize,BLZ,368.6997799016006,793.1925026490078
usp000jv5g,2012-11-07 16:49:46.320000+00:00,2012,11,2012-11,4.7,"70 km SSW of Champerico, Guatemala",Belize,BLZ,412.10438489631986,28.518501270837657
usp000jv5h,2012-11-07 16:52:26.820000+00:00,2012,11,2012-11,4.8,"79 km SSW of Champerico, Guatemala",Belize,BLZ,423.6981325165897,30.196123662698472
usp000jv5k,2012-11-07 16:57:05.760000+00:00,2012,11,2012-11,4.7,"23 km SE of Champerico, Guatemala",Belize,BLZ,344.8268613785121,39.922523430943784
usp000jv5m,2012-11-07 17:04:04.170000+00:00,2012,11,2012-11,4.9,"55 km SSE of Champerico, Guatemala",Belize,BLZ,368.60106466126535,44.626513457070594
usp000jv5p,2012-11-07 17:07:11.970000+00:00,2012,11,2012-11,4.7,"24 km SSW of Champerico, Guatemala",Belize,BLZ,373.0415152289476,34.669744576453574
usp000jv5q,2012-11-07 17:16:00.800000+00:00,2012,11,2012-11,4.6,"44 km SSW of Champerico, Guatemala",Belize,BLZ,386.89600552828347,28.831417738419713
usp000jv5x,2012-11-07 19:55:33.240000+00:00,2012,11,2012-11,5.1,"47 km SW of Champerico, Guatemala",Belize,BLZ,397.22688593024475,48.68921547842098
usp000jv65,2012-11-07 22:42:48.220000+00:00,2012,11,2012-11,5.7,"55 km SSW of Champerico, Guatemala",Belize,BLZ,401.56966647321065,95.06103725105362
usp000jv66,2012-11-07 22:44:50.240000+00:00,2012,11,2012-11,4.9,"35 km S of Champerico, Guatemala",Belize,BLZ,366.62350585503424,45.06995997144361
usp000jv6j,2012-11-08 01:07:36.800000+00:00,2012,11,2012-11,4.5,"44 km SSW of Ocós, Guatemala",Belize,BLZ,402.80094573935884,23.731700554916625
usp000jv6p,2012-11-08 02:20:36.700000+00:00,2012,11,2012-11,4.9,"55 km SSW of Ocós, Guatemala",Belize,BLZ,411.90961590453867,35.93764661649978
usp000jv6q,2012-11-08 02:26:41.130000+00:00,2012,11,2012-11,4.5,"52 km SW of Brisas Barra de Suchiate, Mexico",Belize,BLZ,419.7069371618367,21.80810682616611
usp000jv6r,2012-11-08 02:27:15.040000+00:00,2012,11,2012-11,4.8,"35 km SSW of Ocós, Guatemala",Belize,BLZ,398.27056114309823,34.2899194527265
usp000jv7y,2012-11-08 18:58:19+00:00,2012,11,2012-11,4.6,"79 km S of Champerico, Guatemala",Belize,BLZ,397.53991617388107,27.337137698896374
usp000jv94,2012-11-09 14:42:42.520000+00:00,2012,11,2012-11,4.6,"near the coast of Chiapas, Mexico",Belize,BLZ,396.5664343171757,27.470523094028813
usp000jvb3,2012-11-10 17:15:09.900000+00:00,2012,11,2012-11,5.1,"62 km SSW of Champerico, Guatemala",Belize,BLZ,409.9918913475502,45.67871938140362
usp000jvb6,2012-11-10 17:51:56.580000+00:00,2012,11,2012-11,4.5,"49 km SSW of Champerico, Guatemala",Belize,BLZ,397.06209155041284,24.42252840190836
usp000jvb9,2012-11-10 20:22:09.480000+00:00,2012,11,2012-11,4.5,"71 km SSW of Ocós, Guatemala",Belize,BLZ,425.4977557581019,21.18572658100646
usp000jvcc,2012-11-11 05:40:08.610000+00:00,2012,11,2012-11,4.5,"54 km SSE of Champerico, Guatemala",Belize,BLZ,359.63311766420077,29.44873252336597
usp000jvd6,2012-11-11 15:45:16.750000+00:00,2012,11,2012-11,4.7,"47 km SSW of Champerico, Guatemala",Belize,BLZ,392.3135674335114,31.48487057889853
usp000jvdf,2012-11-11 22:14:59.240000+00:00,2012,11,2012-11,6.5,"32 km SW of Champerico, Guatemala",Belize,BLZ,384.43564015629175,260.14088546957555
usp000jvdg,2012-11-11 22:25:40.200000+00:00,2012,11,2012-11,4.8,"48 km SW of Champerico, Guatemala",Belize,BLZ,399.76000191093675,34.03550395082428
usp000jvdh,2012-11-11 22:28:05.770000+00:00,2012,11,2012-11,4.8,"78 km SSW of Champerico, Guatemala",Belize,BLZ,425.81829968213157,29.87771021931215
usp000jvdp,2012-11-11 22:44:30.370000+00:00,2012,11,2012-11,4.9,"61 km SSW of Champerico, Guatemala",Belize,BLZ,400.0063538842509,38.14145347604001
usp000jvdr,2012-11-11 22:54:52.370000+00:00,2012,11,2012-11,4.6,"52 km SSW of Champerico, Guatemala",Belize,BLZ,396.1235649322715,27.531419760647236
usp000jvdu,2012-11-11 23:21:13.510000+00:00,2012,11,2012-11,5.0,Near the coast of Guatemala,Belize,BLZ,411.4987190589134,40.40563022210997
usp000jvdw,2012-11-11 23:49:26.920000+00:00,2012,11,2012-11,4.5,"near the coast of Chiapas, Mexico",Belize,BLZ,403.17822157329385,23.686975766545928
usp000jvdy,2012-11-12 00:00:13.330000+00:00,2012,11,2012-11,4.5,"55 km SSW of Champerico, Guatemala",Belize,BLZ,400.9129734170556,23.95678523662672
usp000jve2,2012-11-12 03:02:59.720000+00:00,2012,11,2012-11,4.6,"46 km SW of Champerico, Guatemala",Belize,BLZ,397.3841626216804,27.35843527226977
usp000jve3,2012-11-12 03:31:14.600000+00:00,2012,11,2012-11,4.7,"47 km SW of Champerico, Guatemala",Belize,BLZ,400.0341998137983,30.292615485634872
usp000jvea,2012-11-12 05:56:49.390000+00:00,2012,11,2012-11,4.5,"68 km SSW of Champerico, Guatemala",Belize,BLZ,414.1180388546449,22.426118071511905
usp000jveb,2012-11-12 06:05:21.890000+00:00,2012,11,2012-11,4.5,"15 km SSE of Ocós, Guatemala",Belize,BLZ,370.14792755165684,27.940488050389646
usp000jvf0,2012-11-12 15:08:08.200000+00:00,2012,11,2012-11,4.5,"80 km SW of Champerico, Guatemala",Belize,BLZ,433.2751703705477,20.377688623110775
usp000jvgz,2012-11-13 05:31:57.020000+00:00,2012,11,2012-11,4.6,"64 km S of Champerico, Guatemala",Belize,BLZ,398.8832261747017,27.154141685453272
usp000jvhh,2012-11-13 09:08:02.550000+00:00,2012,11,2012-11,4.8,"50 km SW of Champerico, Guatemala",Belize,BLZ,402.15835774967076,33.62979514970642
usp000jvhw,2012-11-13 15:02:56.940000+00:00,2012,11,2012-11,4.5,"75 km SSW of Champerico, Guatemala",Belize,BLZ,420.1101093190092,21.764188999785727
usp000jvjk,2012-11-14 00:43:01.380000+00:00,2012,11,2012-11,4.6,"7 km SSW of Nuevo Juan del Grijalva, Mexico",Belize,BLZ,473.2616898056679,18.720838558876462
usp000jvma,2012-11-15 06:42:34.800000+00:00,2012,11,2012-11,5.0,"93 km SW of Ocós, Guatemala",Belize,BLZ,455.0189297027758,32.50416009188421
usp000jvmh,2012-11-15 08:01:01.400000+00:00,2012,11,2012-11,4.9,"32 km S of Champerico, Guatemala",Belize,BLZ,365.57501186542925,45.30685830578599
usp000jvn2,2012-11-15 17:11:19.690000+00:00,2012,11,2012-11,4.7,"49 km SSW of Champerico, Guatemala",Belize,BLZ,395.25372138705126,31.025404274209187
usp000jvp9,2012-11-16 13:02:01.280000+00:00,2012,11,2012-11,4.8,"47 km S of Champerico, Guatemala",Belize,BLZ,374.24835202302063,38.666069682392795
usp000jvpn,2012-11-16 21:06:47.880000+00:00,2012,11,2012-11,4.7,"48 km SSW of Puerto El Triunfo, El Salvador",Belize,BLZ,341.63536510589694,40.56469645971057
usp000jvqu,2012-11-17 20:44:01.610000+00:00,2012,11,2012-11,4.5,"73 km S of Champerico, Guatemala",Belize,BLZ,387.1629232974677,25.661757348369168
usp000jvqx,2012-11-17 21:19:28.750000+00:00,2012,11,2012-11,4.5,"62 km SW of Champerico, Guatemala",Belize,BLZ,412.1324782488834,22.649868994209047
usp000jvv1,2012-11-20 00:59:18.960000+00:00,2012,11,2012-11,4.5,"54 km SSE of Champerico, Guatemala",Belize,BLZ,369.8676136721499,27.97967603932121
usp000jw0u,2012-11-24 11:21:07.530000+00:00,2012,11,2012-11,4.9,"47 km SW of Champerico, Guatemala",Belize,BLZ,398.13565677084114,38.49988267864628
usp000jw38,2012-11-26 12:27:57.510000+00:00,2012,11,2012-11,4.5,"92 km SSW of Chirilagua, El Salvador",Belize,BLZ,401.85618069699353,23.844070158544678
usp000jw4t,2012-11-27 10:15:27.320000+00:00,2012,11,2012-11,4.6,"70 km S of Champerico, Guatemala",Belize,BLZ,398.9760993709418,27.14153515305477
usp000jw60,2012-11-28 04:31:28.950000+00:00,2012,11,2012-11,4.5,"18 km NNE of El Triunfo, Mexico",Belize,BLZ,367.0573348848255,28.375604649626755
usp000jw63,2012-11-28 05:28:23.990000+00:00,2012,11,2012-11,4.6,"87 km SSW of Chirilagua, El Salvador",Belize,BLZ,398.1036277162907,27.26019488343064
usp000jw6a,2012-11-28 06:46:37.200000+00:00,2012,11,2012-11,4.5,"75 km SSW of Chirilagua, El Salvador",Belize,BLZ,385.96172770655306,25.816345057779035
usp000jw85,2012-11-29 19:32:31.750000+00:00,2012,11,2012-11,5.5,"63 km SSW of Champerico, Guatemala",Belize,BLZ,404.0100367286933,74.59390653895704
usp000jw88,2012-11-29 22:06:22.700000+00:00,2012,11,2012-11,4.5,"38 km SSW of Champerico, Guatemala",Belize,BLZ,387.07286617816004,25.673315070027513
usp000jwb5,2012-12-02 04:44:37.270000+00:00,2012,12,2012-12,5.1,"165 km SSW of Puerto El Triunfo, El Salvador",Belize,BLZ,462.79462403385634,35.0795684997651
usp000jwds,2012-12-03 23:58:35.430000+00:00,2012,12,2012-12,5.4,"43 km SSW of Ocós, Guatemala",Belize,BLZ,402.5257566259034,66.97711326361632
usp000jwn9,2012-12-07 23:52:04.110000+00:00,2012,12,2012-12,4.5,"51 km WSW of Jiquilillo, Nicaragua",Belize,BLZ,392.4356708134816,24.994057713852076
usp000jwx4,2012-12-13 16:07:15.460000+00:00,2012,12,2012-12,4.5,"87 km SSW of Ocós, Guatemala",Belize,BLZ,443.19346087292183,19.391777865623137
usp000jwxg,2012-12-13 21:26:39.180000+00:00,2012,12,2012-12,5.3,"59 km SSW of Acajutla, El Salvador",Belize,BLZ,334.04461437539345,84.06812016621991
usp000jwxv,2012-12-14 04:04:06.860000+00:00,2012,12,2012-12,5.2,"47 km SSE of Champerico, Guatemala",Belize,BLZ,354.1311704753331,67.76632495015822
usp000jwxz,2012-12-14 04:58:48.460000+00:00,2012,12,2012-12,5.1,"55 km SSE of Champerico, Guatemala",Belize,BLZ,365.580681541496,57.036338338981196
usp000jwyt,2012-12-14 19:18:51+00:00,2012,12,2012-12,4.8,"94 km SSW of Acajutla, El Salvador",Belize,BLZ,368.967494174347,39.70061792025578
usp000jwzr,2012-12-15 12:43:30.090000+00:00,2012,12,2012-12,5.0,"114 km S of Puerto El Triunfo, El Salvador",Belize,BLZ,419.40974471662184,38.838577141262775
usp000jwzt,2012-12-15 13:03:26.040000+00:00,2012,12,2012-12,4.5,"51 km S of Acajutla, El Salvador",Belize,BLZ,324.6869686023015,35.071246833364036
usp000jx0r,2012-12-16 03:06:47.620000+00:00,2012,12,2012-12,4.8,"45 km S of Champerico, Guatemala",Belize,BLZ,382.812699640797,37.04527173026153
usp000jx14,2012-12-16 10:07:12.040000+00:00,2012,12,2012-12,5.2,"6 km NW of Santo Tomás La Unión, Guatemala",Belize,BLZ,284.7242694918111,95.88023823901574
usp000jx3q,2012-12-18 08:12:22.030000+00:00,2012,12,2012-12,5.1,"61 km SSW of Acajutla, El Salvador",Belize,BLZ,336.2295177788425,66.05213789293208
usp000jx45,2012-12-18 18:13:51.150000+00:00,2012,12,2012-12,4.6,"50 km SSW of Puerto El Triunfo, El Salvador",Belize,BLZ,349.44801701609487,34.7682852827542
usp000jx5j,2012-12-19 18:27:48.190000+00:00,2012,12,2012-12,4.5,"106 km SSW of Intipucá, El Salvador",Belize,BLZ,420.8059707635835,21.688596281202507
usp000jxfk,2012-12-27 10:41:16.780000+00:00,2012,12,2012-12,4.5,"46 km SW of Puerto Madero, Mexico",Belize,BLZ,423.0022787057169,21.451725085529183
usp000jxh8,2012-12-28 13:27:40.860000+00:00,2012,12,2012-12,4.6,"42 km SW of La Gomera, Guatemala",Belize,BLZ,334.63045760001404,37.442013363058095
usp000jxhh,2012-12-28 16:23:48+00:00,2012,12,2012-12,4.7,"7 km W of El Rosario, El Salvador",Belize,BLZ,274.62115817737316,56.7110557018182
usp000jxkv,2012-12-30 07:13:06.900000+00:00,2012,12,2012-12,4.5,"65 km SSW of Ocós, Guatemala",Belize,BLZ,419.81862325691054,21.795931914441542
usp000jxm7,2012-12-30 10:29:58.410000+00:00,2012,12,2012-12,4.6,"126 km SSW of Champerico, Guatemala",Belize,BLZ,471.00874859676185,18.93291555204635
usp000jxmd,2012-12-30 12:21:21.870000+00:00,2012,12,2012-12,5.3,"68 km WSW of Puerto Madero, Mexico",Belize,BLZ,450.5445663315207,46.95208740219581
usp000jxqw,2013-01-02 07:44:50.440000+00:00,2013,1,2013-01,4.8,"39 km SW of Jiquilillo, Nicaragua",Belize,BLZ,415.5858411401195,31.446101521594652
usp000jxrx,2013-01-03 03:30:06.860000+00:00,2013,1,2013-01,4.5,"104 km SSW of Chirilagua, El Salvador",Belize,BLZ,412.0742328944613,22.656466203040246
usp000jy88,2013-01-11 16:30:42.170000+00:00,2013,1,2013-01,5.3,"16 km SW of Buenos Aires, Mexico",Belize,BLZ,396.5764079313053,61.49577398606451
usp000jy8q,2013-01-11 20:32:52.040000+00:00,2013,1,2013-01,4.9,"4 km NW of San Juan Atitán, Guatemala",Belize,BLZ,273.99524489632944,71.61877450515762
usp000jymp,2013-01-20 19:10:11.390000+00:00,2013,1,2013-01,5.1,"42 km WSW of Jiquilillo, Nicaragua",Belize,BLZ,403.1069261177358,47.278580838734634
usp000jyn8,2013-01-21 00:33:00.830000+00:00,2013,1,2013-01,4.6,"33 km SSW of Ocós, Guatemala",Belize,BLZ,390.40471715496494,28.330023068251716
usp000jyrn,2013-01-23 12:36:55.210000+00:00,2013,1,2013-01,4.5,"57 km SW of Ocós, Guatemala",Belize,BLZ,421.1156706718507,21.655037489401447
usp000jyu7,2013-01-26 09:36:40.890000+00:00,2013,1,2013-01,4.5,"44 km S of La Libertad, El Salvador",Belize,BLZ,321.1664829352798,35.69405129682587
us2013kycg,2013-01-28 15:54:46.830000+00:00,2013,1,2013-01,4.6,"134 km SW of Brisas Barra de Suchiate, Mexico",Belize,BLZ,497.6428376163351,16.572281752735872
usc000ex75,2013-01-29 00:56:44.210000+00:00,2013,1,2013-01,4.6,"102 km SW of Jiquilillo, Nicaragua",Belize,BLZ,445.7698808271981,21.479442388793075
usc000f4m9,2013-02-07 13:07:10.610000+00:00,2013,2,2013-02,4.6,"45 km W of Jiquilillo, Nicaragua",Belize,BLZ,374.70664193123247,30.643252895381103
usc000f46p,2013-02-08 21:06:11.220000+00:00,2013,2,2013-02,4.7,"10 km SW of Francisco I. Madero, Mexico",Belize,BLZ,391.11493636561124,31.67413086578557
usp000jz74,2013-02-09 04:22:07.140000+00:00,2013,2,2013-02,4.5,"68 km SW of Champerico, Guatemala",Belize,BLZ,419.6210138747375,21.817477960138135
usp000jz7b,2013-02-09 18:25:05.120000+00:00,2013,2,2013-02,4.5,"87 km SW of Corinto, Nicaragua",Belize,BLZ,484.1194144709925,15.803309606791016
usc000f4ld,2013-02-09 18:56:10.120000+00:00,2013,2,2013-02,4.5,"65 km WSW of Jiquilillo, Nicaragua",Belize,BLZ,403.64701934252815,23.631518780219675
usc000fb2n,2013-02-21 17:27:20.900000+00:00,2013,2,2013-02,4.6,"90 km SW of Puerto Madero, Mexico",Belize,BLZ,470.46365201162195,18.98458727332832
us2013mdcs,2013-02-27 13:06:30.160000+00:00,2013,2,2013-02,4.6,"71 km S of Puerto El Triunfo, El Salvador",Belize,BLZ,374.20647554446737,30.71998242461676
us2013miah,2013-03-04 14:16:32.880000+00:00,2013,3,2013-03,4.5,"94 km WSW of Jiquilillo, Nicaragua",Belize,BLZ,416.25729711950464,22.187520110835553
usb000fi8j,2013-03-10 10:18:15.300000+00:00,2013,3,2013-03,5.5,"123 km SW of Acajutla, El Salvador",Belize,BLZ,386.8065824106922,81.29431546911796
usb000fkfw,2013-03-13 19:34:27.900000+00:00,2013,3,2013-03,4.6,"59 km SSE of Champerico, Guatemala",Belize,BLZ,363.3737524679472,32.42977400349015
usb000fq1t,2013-03-21 03:54:02.570000+00:00,2013,3,2013-03,4.8,"22 km SW of Jiquilillo, Nicaragua",Belize,BLZ,402.87291433874856,33.509857574182156
us2013neae,2013-03-25 00:00:04.840000+00:00,2013,3,2013-03,4.6,"88 km SW of Jiquilillo, Nicaragua",Belize,BLZ,446.97469735460527,21.35043741129577
usb000fshy,2013-03-25 23:02:12.770000+00:00,2013,3,2013-03,6.2,"3 km NW of Fraijanes, Guatemala",Belize,BLZ,211.9989240891708,436.16437005178364
usb000fuau,2013-03-28 02:53:08.670000+00:00,2013,3,2013-03,4.9,"35 km SW of Tiquisate, Guatemala",Belize,BLZ,337.31708736680315,52.18254442629329
usb000fx4z,2013-03-31 20:33:30.230000+00:00,2013,3,2013-03,4.9,near the coast of Nicaragua,Belize,BLZ,441.052978266634,31.064590037483413
usb000g16u,2013-04-06 10:59:44.750000+00:00,2013,4,2013-04,4.8,"80 km WSW of Corinto, Nicaragua",Belize,BLZ,451.6591255905118,26.256369185203003
usb000g1kr,2013-04-07 05:18:24.330000+00:00,2013,4,2013-04,4.6,"99 km SW of Corinto, Nicaragua",Belize,BLZ,464.5975802682267,19.549658388509364
usb000g4a2,2013-04-10 19:14:01.540000+00:00,2013,4,2013-04,5.4,"8 km S of San Antonio, Honduras",Belize,BLZ,176.37360928366223,207.4959257764322
usb000g71c,2013-04-15 03:32:49+00:00,2013,4,2013-04,4.5,"65 km SSW of Intipucá, El Salvador",Belize,BLZ,380.6336327711268,26.51334776373683
usb000g9j1,2013-04-17 19:19:08.180000+00:00,2013,4,2013-04,4.5,"92 km S of Puerto San José, Guatemala",Belize,BLZ,362.6897950962513,29.002078033745878
usb000gaey,2013-04-18 12:37:01.430000+00:00,2013,4,2013-04,4.6,"6 km N of San José Ojetenán, Guatemala",Belize,BLZ,313.28417333334,41.65930892410522
usb000gasz,2013-04-18 17:59:50.110000+00:00,2013,4,2013-04,4.6,"13 km SSE of San Antonio, Honduras",Belize,BLZ,183.79733182262788,79.59561908961666
usb000gcjh,2013-04-20 08:55:42.490000+00:00,2013,4,2013-04,4.5,"94 km SSW of Puerto El Triunfo, El Salvador",Belize,BLZ,386.15209797115006,25.791783426946004
usb000gcsq,2013-04-20 19:28:30.290000+00:00,2013,4,2013-04,4.5,"76 km SSW of Puerto El Triunfo, El Salvador",Belize,BLZ,371.19038912356297,27.79523251207771
usb000gd3b,2013-04-21 07:46:44.230000+00:00,2013,4,2013-04,4.7,"4 km ENE of San Juan Pueblo, Honduras",Belize,BLZ,167.9544353887023,96.66996859346708
usb000gd9b,2013-04-21 23:59:32+00:00,2013,4,2013-04,4.8,"140 km SSW of Puerto El Triunfo, El Salvador",Belize,BLZ,432.62904760735614,28.87739141988671
usb000gdg8,2013-04-22 11:20:12.750000+00:00,2013,4,2013-04,4.5,"124 km SW of Acajutla, El Salvador",Belize,BLZ,388.85399369849165,25.44569289468067
usb000geq5,2013-04-24 02:04:21.430000+00:00,2013,4,2013-04,4.7,"6 km NNW of San Antonio, Honduras",Belize,BLZ,183.43331080943085,89.4704510130856
usp000k0dk,2013-04-24 02:05:11.680000+00:00,2013,4,2013-04,4.8,"6 km WNW of San José, Honduras",Belize,BLZ,182.92412651355986,100.64340145456438
usp000k0dn,2013-04-24 02:15:51.040000+00:00,2013,4,2013-04,4.5,"8 km SSW of San Antonio, Honduras",Belize,BLZ,175.17925440091244,74.06330401964976
us2013pvad,2013-05-05 00:42:24.850000+00:00,2013,5,2013-05,4.7,"6 km S of San Antonio, Honduras",Belize,BLZ,176.06259750570803,92.82926827928584
usc000gtil,2013-05-10 20:49:27.560000+00:00,2013,5,2013-05,5.1,"26 km SW of Nueva Concepción, Guatemala",Belize,BLZ,328.6704869691615,68.59636550070498
usc000gulu,2013-05-12 07:29:59.440000+00:00,2013,5,2013-05,5.8,"75 km SSW of La Gomera, Guatemala",Belize,BLZ,366.20134546875465,127.29281243445212
usb000gwzt,2013-05-16 14:15:45.400000+00:00,2013,5,2013-05,4.6,"13 km W of Aquiles Serdán, Mexico",Belize,BLZ,395.80198533483616,27.57572308313111
usb000h0ky,2013-05-21 08:41:16+00:00,2013,5,2013-05,4.7,"4 km SSE of Nueva Colombia, Mexico",Belize,BLZ,387.45822769445385,32.25857276422152
usb000hbq1,2013-06-02 00:58:44.880000+00:00,2013,6,2013-06,5.0,"96 km WSW of Jiquilillo, Nicaragua",Belize,BLZ,416.56929204617705,39.3941084049809
usc000hmir,2013-06-12 07:54:42.180000+00:00,2013,6,2013-06,4.6,"31 km SW of Nueva Concepción, Guatemala",Belize,BLZ,334.5807757864091,37.451315454016616
usc000hrec,2013-06-15 04:21:49.100000+00:00,2013,6,2013-06,4.6,"3 km SSE of Tejutla, Guatemala",Belize,BLZ,299.6771976799582,44.59223432029035
usc000hrhf,2013-06-15 13:08:42+00:00,2013,6,2013-06,4.5,"59 km SW of Puerto El Triunfo, El Salvador",Belize,BLZ,346.91693136749535,31.381915967346423
us2013rlal,2013-06-15 14:00:01.200000+00:00,2013,6,2013-06,4.6,"59 km S of Champerico, Guatemala",Belize,BLZ,388.53752051153896,28.595750169964163
usc000hrzf,2013-06-16 01:04:01.570000+00:00,2013,6,2013-06,4.6,"58 km WSW of Corinto, Nicaragua",Belize,BLZ,446.2341328470702,21.429640839755717
usc000hy59,2013-06-22 17:35:31.790000+00:00,2013,6,2013-06,4.8,"11 km SW of Monjas, Guatemala",Belize,BLZ,185.1653321647469,99.52188426693013
usb000i8nx,2013-07-08 02:52:42.840000+00:00,2013,7,2013-07,5.7,"27 km SE of La Libertad, El Salvador",Belize,BLZ,298.756827283493,158.948997228742
usb000iec7,2013-07-15 06:27:42.520000+00:00,2013,7,2013-07,5.1,"130 km S of La Libertad, El Salvador",Belize,BLZ,410.7129769232631,45.51432458795661
usb000ih4f,2013-07-18 19:48:13.160000+00:00,2013,7,2013-07,4.8,"29 km SW of La Gomera, Guatemala",Belize,BLZ,320.45393997860714,50.59913712551957
usc000isi5,2013-07-30 13:29:59.780000+00:00,2013,7,2013-07,5.4,"9 km W of Querétaro, Mexico",Belize,BLZ,402.4584784193486,66.99964755387339
usb000iv1x,2013-08-03 22:18:28.520000+00:00,2013,8,2013-08,4.6,"51 km SSW of La Libertad, El Salvador",Belize,BLZ,326.46994763272295,39.001338877110115
usb000iw7z,2013-08-06 05:57:42.780000+00:00,2013,8,2013-08,5.6,"29 km WSW of Tiquisate, Guatemala",Belize,BLZ,330.7131546016991,120.74398617695054
usb000iwaj,2013-08-06 06:54:40.890000+00:00,2013,8,2013-08,4.8,"88 km SW of Corinto, Nicaragua",Belize,BLZ,471.3252744895122,23.797436165548465
usb000izeq,2013-08-09 08:25:10.690000+00:00,2013,8,2013-08,4.5,"5 km NE of Tectitán, Guatemala",Belize,BLZ,317.80941962396105,36.29824384289144
usb000izgr,2013-08-09 13:25:42.240000+00:00,2013,8,2013-08,4.7,"62 km SW of Puerto El Triunfo, El Salvador",Belize,BLZ,348.6623874164535,39.164198717148594
usb000j00s,2013-08-09 20:57:16+00:00,2013,8,2013-08,4.5,"34 km SW of Tiquisate, Guatemala",Belize,BLZ,335.979607490684,33.14587988182601
usb000j1pk,2013-08-12 21:34:27.200000+00:00,2013,8,2013-08,5.0,"77 km WSW of Puerto Madero, Mexico",Belize,BLZ,459.8996594477778,31.720540465176544
usb000j4ia,2013-08-16 00:56:35.290000+00:00,2013,8,2013-08,4.9,"91 km SSW of Nueva Concepción, Guatemala",Belize,BLZ,390.49868220668503,39.99842453854884
usb000j5ra,2013-08-17 23:45:41.270000+00:00,2013,8,2013-08,4.9,"14 km NNE of Jiquilillo, Nicaragua",Belize,BLZ,388.07135566705193,40.48682852049027
usb000jbep,2013-08-24 18:59:06.800000+00:00,2013,8,2013-08,4.6,"11 km SSE of Nueva Esperanza, Honduras",Belize,BLZ,167.58205834397012,86.31776444596393
usb000jbke,2013-08-25 03:08:39.550000+00:00,2013,8,2013-08,4.5,"62 km SSW of Champerico, Guatemala",Belize,BLZ,400.82178398914374,23.967710754868524
usc000jrdm,2013-08-29 21:32:49.090000+00:00,2013,8,2013-08,4.5,"39 km WSW of El Arenal, Mexico",Belize,BLZ,435.9721474676628,20.104742286695423
usb000jkmw,2013-09-07 00:13:29.570000+00:00,2013,9,2013-09,6.4,"7 km ESE of Ignacio López Rayón, Mexico",Belize,BLZ,354.2183111395912,269.6650792765122
usb000jkn0,2013-09-07 00:20:39.090000+00:00,2013,9,2013-09,5.4,"19 km SSW of Champerico, Guatemala",Belize,BLZ,368.3260894675422,79.46759303273063
usb000jlu0,2013-09-09 00:40:06.630000+00:00,2013,9,2013-09,4.9,"29 km SSE of Acajutla, El Salvador",Belize,BLZ,299.7037838483443,62.97983265737508
usc000jsj8,2013-09-12 13:03:07.460000+00:00,2013,9,2013-09,5.2,"70 km SW of Acajutla, El Salvador",Belize,BLZ,335.462334626798,74.39654991477067
usb000k036,2013-09-26 06:46:03.530000+00:00,2013,9,2013-09,5.5,"108 km WSW of Puerto Madero, Mexico",Belize,BLZ,492.036793098651,48.03476599223936
usb000k0tz,2013-09-27 05:40:41.860000+00:00,2013,9,2013-09,4.8,"114 km WSW of Puerto Madero, Mexico",Belize,BLZ,498.64110950779303,20.7593900251278
usb000k2xz,2013-09-30 18:41:21.780000+00:00,2013,9,2013-09,4.5,"14 km SE of Ocós, Guatemala",Belize,BLZ,361.0251496226323,29.24447629191032
usb000k5qh,2013-10-03 19:58:32.580000+00:00,2013,10,2013-10,4.7,"29 km WSW of Puerto Madero, Mexico",Belize,BLZ,409.9531167236954,28.826911701716554
usb000keem,2013-10-16 03:29:38.660000+00:00,2013,10,2013-10,4.8,"48 km S of Puerto El Triunfo, El Salvador",Belize,BLZ,352.8301229964288,43.03671584405026
usb000kicr,2013-10-22 13:47:50.430000+00:00,2013,10,2013-10,4.8,"2 km WSW of San Isidro, Mexico",Belize,BLZ,462.1618705606982,24.91312742530961
usc000km0u,2013-10-23 23:26:40+00:00,2013,10,2013-10,4.7,"80 km SW of Ocós, Guatemala",Belize,BLZ,440.851214716063,24.700386590672814
usb000krel,2013-11-01 22:57:30.080000+00:00,2013,11,2013-11,4.7,"2 km N of Patzicía, Guatemala",Belize,BLZ,236.00938140579382,68.78791404154295
usb000ksak,2013-11-04 08:10:54.910000+00:00,2013,11,2013-11,4.5,"33 km WSW of Corinto, Nicaragua",Belize,BLZ,438.97839192852393,19.804803308017362
usb000l50k,2013-11-23 06:49:17.930000+00:00,2013,11,2013-11,4.8,"72 km SW of Ocós, Guatemala",Belize,BLZ,435.82021426762793,28.42028503068556
usb000l65t,2013-11-25 09:55:02.450000+00:00,2013,11,2013-11,4.9,"82 km SSW of Nueva Concepción, Guatemala",Belize,BLZ,381.0616001905726,41.93100279728713
usb000l82l,2013-11-29 16:01:57.850000+00:00,2013,11,2013-11,4.8,"38 km SSW of El Rosario, El Salvador",Belize,BLZ,313.7219830274522,52.33128145516435
usc000lhkq,2013-12-10 20:19:42.680000+00:00,2013,12,2013-12,4.7,"100 km SSW of Puerto El Triunfo, El Salvador",Belize,BLZ,399.82023360344255,30.325040808036707
usc000lj06,2013-12-12 13:30:08+00:00,2013,12,2013-12,4.5,"62 km WSW of Aquiles Serdán, Mexico",Belize,BLZ,445.0369375253156,19.213857655961565
usc000ljv7,2013-12-13 04:45:11.460000+00:00,2013,12,2013-12,5.6,"40 km S of El Rosario, El Salvador",Belize,BLZ,316.67410574491913,129.52419940299367
usc000llbq,2013-12-16 04:59:11.700000+00:00,2013,12,2013-12,4.7,"9 km NW of Jucuapa, El Salvador",Belize,BLZ,271.532560638296,57.59364117523956
usc000lpya,2013-12-22 11:57:36.210000+00:00,2013,12,2013-12,4.5,"108 km WSW of Jiquilillo, Nicaragua",Belize,BLZ,425.4919902799803,21.186337319024872
usc000lq45,2013-12-22 23:30:29+00:00,2013,12,2013-12,4.6,"53 km SW of Acajutla, El Salvador",Belize,BLZ,321.727556291713,39.93718850029613
usc000lqwn,2013-12-24 15:05:33.080000+00:00,2013,12,2013-12,4.5,"90 km S of La Libertad, El Salvador",Belize,BLZ,368.32978139768005,28.195645531606154
usc000lr22,2013-12-24 20:08:57.320000+00:00,2013,12,2013-12,4.6,"111 km SW of Jiquilillo, Nicaragua",Belize,BLZ,449.1254308921188,21.12207198604103
usc000lvmt,2014-01-02 15:19:45.260000+00:00,2014,1,2014-01,4.5,"28 km WSW of Tiquisate, Guatemala",Belize,BLZ,330.08973424893577,34.136520308503385
usc000lzbf,2014-01-09 12:27:13.340000+00:00,2014,1,2014-01,4.6,"30 km S of Acajutla, El Salvador",Belize,BLZ,301.55496532284224,44.17552431911686
usc000m0xb,2014-01-11 13:10:51.110000+00:00,2014,1,2014-01,5.5,"8 km SSW of Pajapita, Guatemala",Belize,BLZ,346.16932617456155,99.60998144303163
usb000m0ev,2014-01-13 23:03:41.250000+00:00,2014,1,2014-01,4.8,"34 km SE of Champerico, Guatemala",Belize,BLZ,341.22797850083475,45.607142165018004
usb000m3vm,2014-01-18 19:53:15.490000+00:00,2014,1,2014-01,4.5,"64 km S of Puerto El Triunfo, El Salvador",Belize,BLZ,369.5218335128541,28.028091964616728
usb000m47x,2014-01-19 10:58:13.330000+00:00,2014,1,2014-01,4.9,"49 km SSW of Puerto El Triunfo, El Salvador",Belize,BLZ,342.93462382107487,50.737250197832736
usb000m6kb,2014-01-23 07:29:39+00:00,2014,1,2014-01,4.9,"51 km SSW of Puerto El Triunfo, El Salvador",Belize,BLZ,353.03841882490343,48.237724635187824
usc000mp78,2014-02-12 18:00:45.240000+00:00,2014,2,2014-02,4.5,"56 km SW of Champerico, Guatemala",Belize,BLZ,405.583326391394,23.403833348985994
usc000n4dl,2014-02-14 02:12:57.600000+00:00,2014,2,2014-02,4.5,"6 km NW of Belisario Domínguez, Mexico",Belize,BLZ,360.7576184348156,29.283621514890633
usc000mri3,2014-02-16 12:48:33.480000+00:00,2014,2,2014-02,4.6,"67 km S of Puerto San José, Guatemala",Belize,BLZ,346.4232364220866,35.29811389502249
usc000n4fi,2014-02-20 02:07:22.280000+00:00,2014,2,2014-02,4.5,"93 km SSW of La Gomera, Guatemala",Belize,BLZ,385.3392653866799,25.89681873257244
usc000myzz,2014-02-27 11:31:23.500000+00:00,2014,2,2014-02,4.6,"105 km WSW of Puerto Madero, Mexico",Belize,BLZ,487.6375965505677,17.422417361845024
usc000mz0d,2014-02-27 13:18:11.150000+00:00,2014,2,2014-02,4.5,"99 km SW of Puerto El Triunfo, El Salvador",Belize,BLZ,384.6098301009398,25.99144144741137
usb000mybu,2014-02-28 17:22:11.770000+00:00,2014,2,2014-02,4.8,"29 km SW of Champerico, Guatemala",Belize,BLZ,381.17163569600484,37.350490525509244
usb000myht,2014-02-28 19:05:52.680000+00:00,2014,2,2014-02,4.9,"48 km SW of Champerico, Guatemala",Belize,BLZ,399.6517147563021,38.20914573310814
usb000mzef,2014-03-02 09:37:54.840000+00:00,2014,3,2014-03,6.2,"33 km SW of Jiquilillo, Nicaragua",Belize,BLZ,406.8721648653487,164.62216911495426
usb000n1dt,2014-03-02 09:41:23.630000+00:00,2014,3,2014-03,5.0,"53 km SW of Jiquilillo, Nicaragua",Belize,BLZ,417.1886199935349,39.27230772723867
usb000mzqn,2014-03-02 22:17:14.400000+00:00,2014,3,2014-03,6.0,"98 km SW of Puerto Madero, Mexico",Belize,BLZ,478.9687602897667,91.18692107522439
usb000mzqq,2014-03-02 22:26:07+00:00,2014,3,2014-03,5.1,"105 km SW of Puerto Madero, Mexico",Belize,BLZ,486.9015292476311,31.096160062306133
usb000mzsm,2014-03-03 00:32:03.200000+00:00,2014,3,2014-03,4.9,"114 km SW of Puerto Madero, Mexico",Belize,BLZ,492.61130157046,24.005355948784
usb000mzup,2014-03-03 06:10:08.810000+00:00,2014,3,2014-03,4.6,"78 km SW of Puerto Madero, Mexico",Belize,BLZ,459.1873685939773,20.085715101097225
usc000nz7m,2014-03-10 15:26:40.660000+00:00,2014,3,2014-03,4.5,"58 km SSW of La Gomera, Guatemala",Belize,BLZ,347.05790557400127,31.35980355794972
usc000na10,2014-03-13 05:45:22.270000+00:00,2014,3,2014-03,4.6,"30 km WSW of Jiquilillo, Nicaragua",Belize,BLZ,398.02561882419883,27.270829645316113
usc000nbvl,2014-03-14 19:24:40.610000+00:00,2014,3,2014-03,4.6,"26 km SSE of Puerto El Triunfo, El Salvador",Belize,BLZ,329.33242227900575,38.447112764856094
usc000nex7,2014-03-17 22:38:09.420000+00:00,2014,3,2014-03,4.6,"150 km SSW of Acajutla, El Salvador",Belize,BLZ,427.01044248956697,23.59166570197079
usc000nh33,2014-03-19 17:31:22+00:00,2014,3,2014-03,4.6,"107 km S of La Libertad, El Salvador",Belize,BLZ,386.39456222944494,28.90379503939138
usc000nimh,2014-03-20 17:04:47+00:00,2014,3,2014-03,4.8,"37 km SSW of Acajutla, El Salvador",Belize,BLZ,311.34352873394613,52.95733447838872
usc000ntt2,2014-03-27 20:36:12+00:00,2014,3,2014-03,4.7,"55 km SSW of Puerto El Triunfo, El Salvador",Belize,BLZ,347.72649159750574,39.347896235446036
usc000nvgq,2014-03-28 23:16:03.710000+00:00,2014,3,2014-03,4.6,"36 km SW of Jiquilillo, Nicaragua",Belize,BLZ,408.5972509094971,25.866778432060737
usc000p7k1,2014-04-06 13:04:10.580000+00:00,2014,4,2014-04,4.7,"42 km SSW of Champerico, Guatemala",Belize,BLZ,383.5321840997342,32.898071796258044
usc000p8ub,2014-04-07 13:32:05.220000+00:00,2014,4,2014-04,4.7,"11 km SSW of Tinajas 1ra. Sección, Mexico",Belize,BLZ,379.38615877475723,33.58717086831617
usc000pdl7,2014-04-09 23:55:41.170000+00:00,2014,4,2014-04,4.9,"4 km NW of Barberena, Guatemala",Belize,BLZ,220.29828918238152,93.67600113290828
usd0003cqx,2014-04-10 23:27:45.600000+00:00,2014,4,2014-04,6.1,"16 km SW of Valle San Francisco, Nicaragua",Belize,BLZ,490.700014538214,96.4847013883071
usb000qprz,2014-04-10 23:35:03.440000+00:00,2014,4,2014-04,4.6,"19 km N of Ciudad Sandino, Nicaragua",Belize,BLZ,497.8059840935481,16.558768718058502
usb000qprv,2014-04-10 23:37:24.050000+00:00,2014,4,2014-04,4.6,"18 km SSW of Valle San Francisco, Nicaragua",Belize,BLZ,499.0246211445868,16.4581798372169
usc000pjwd,2014-04-14 13:19:45.280000+00:00,2014,4,2014-04,4.6,"3 km NW of San Miguel Ixtahuacán, Guatemala",Belize,BLZ,291.6004046855216,46.42990195976292
usb000plc9,2014-04-15 15:57:45.600000+00:00,2014,4,2014-04,4.6,"110 km SW of Jiquilillo, Nicaragua",Belize,BLZ,459.78292137189925,20.02599354644626
usb000ql2m,2014-04-19 16:46:32.330000+00:00,2014,4,2014-04,4.7,"143 km SSW of Champerico, Guatemala",Belize,BLZ,479.8871411244971,20.320683580427687
usb000prek,2014-04-19 17:33:30.480000+00:00,2014,4,2014-04,4.5,"5 km SSW of Nueva Concepción, Guatemala",Belize,BLZ,306.41963456872185,38.42538413542833
usb000qq9j,2014-04-20 14:02:32.010000+00:00,2014,4,2014-04,4.6,"71 km SW of Champerico, Guatemala",Belize,BLZ,423.6505167734026,23.99134475318133
usb000q0g7,2014-04-26 13:33:21.020000+00:00,2014,4,2014-04,5.0,"36 km SSW of Ocós, Guatemala",Belize,BLZ,397.40159553952174,43.3564185102909
usb000q248,2014-04-28 08:55:25.850000+00:00,2014,4,2014-04,4.5,"75 km WSW of Puerto Madero, Mexico",Belize,BLZ,457.31467259161843,18.06981915046093
usb000q4xb,2014-04-30 06:09:06.390000+00:00,2014,4,2014-04,4.5,"53 km SSW of Acajutla, El Salvador",Belize,BLZ,326.95400428177174,34.67595259174554
usb000q6ap,2014-05-01 13:25:28.240000+00:00,2014,5,2014-05,4.8,"2 km SE of Valle San Francisco, Nicaragua",Belize,BLZ,488.6119006077196,21.8269341827489
usb000qa5q,2014-05-05 04:03:38.680000+00:00,2014,5,2014-05,4.5,"103 km S of Acajutla, El Salvador",Belize,BLZ,378.6796987347358,26.773643859954515
usb000qi67,2014-05-11 22:38:41.930000+00:00,2014,5,2014-05,4.5,"59 km SW of Nueva Concepción, Guatemala",Belize,BLZ,362.7443567805091,28.994167101756886
usb000qmmp,2014-05-14 17:29:43.370000+00:00,2014,5,2014-05,4.5,"46 km SW of Puerto El Triunfo, El Salvador",Belize,BLZ,335.88053059249745,33.16230390442494
usb000qs8f,2014-05-17 05:11:44+00:00,2014,5,2014-05,4.5,"43 km WSW of Jiquilillo, Nicaragua",Belize,BLZ,401.9576359997321,23.831977689134586
usb000qvbi,2014-05-19 19:27:23.690000+00:00,2014,5,2014-05,4.7,"0 km NNW of Aguacatán, Guatemala",Belize,BLZ,240.21966301164036,67.35496728752152
usc000rc27,2014-05-20 16:22:55.590000+00:00,2014,5,2014-05,4.5,"88 km SSW of Jiquilillo, Nicaragua",Belize,BLZ,452.72219084671553,18.489546253645383
usb000qy4p,2014-05-21 15:09:06.320000+00:00,2014,5,2014-05,4.9,"42 km SSW of Champerico, Guatemala",Belize,BLZ,390.89018939965155,39.92020276991911
usb000r13u,2014-05-23 13:20:35.860000+00:00,2014,5,2014-05,4.5,"25 km SW of Corinto, Nicaragua",Belize,BLZ,448.0687378955232,18.92479126664247
usb000r3r1,2014-05-25 22:36:20.810000+00:00,2014,5,2014-05,5.0,"48 km S of Puerto San José, Guatemala",Belize,BLZ,328.88733046354173,61.07032568304778
usc000ra0c,2014-06-02 03:46:17.320000+00:00,2014,6,2014-06,4.5,"6 km ESE of Oratorio, Guatemala",Belize,BLZ,218.45214029891056,59.65367510187702
usc000rmkv,2014-06-12 20:27:24.290000+00:00,2014,6,2014-06,4.5,"62 km SSW of La Gomera, Guatemala",Belize,BLZ,352.26264639070916,30.55423274107831
usc000rf0w,2014-06-13 12:26:32.670000+00:00,2014,6,2014-06,5.0,"14 km E of Nueva Concepción, Guatemala",Belize,BLZ,290.56207704870644,73.96946310119289
usc000rg0c,2014-06-16 10:04:31.750000+00:00,2014,6,2014-06,5.2,"6 km SSW of Cuilco, Guatemala",Belize,BLZ,311.2965708907914,83.95142748173495
usc000rjup,2014-06-22 00:26:54.360000+00:00,2014,6,2014-06,4.7,"5 km NNW of San Lucas Tolimán, Guatemala",Belize,BLZ,260.1027733977896,60.980924463011675
usc000rr6a,2014-07-07 11:23:54.780000+00:00,2014,7,2014-07,6.9,"4 km W of Puerto Madero, Mexico",Belize,BLZ,384.0344273142855,413.12343989921123
usc000rr6d,2014-07-07 11:33:54.900000+00:00,2014,7,2014-07,5.1,"13 km E of Ocós, Guatemala",Belize,BLZ,352.3601868375755,60.93398426293206
usb000rtpp,2014-07-17 12:14:14.230000+00:00,2014,7,2014-07,4.8,"43 km SSW of Ocós, Guatemala",Belize,BLZ,397.5394454761453,34.41549833124736
usb000rukz,2014-07-19 16:26:25.200000+00:00,2014,7,2014-07,4.7,"105 km S of La Libertad, El Salvador",Belize,BLZ,384.7970743318187,32.690666102828864
usb000rurw,2014-07-20 09:23:29.730000+00:00,2014,7,2014-07,5.1,"5 km WSW of Buenos Aires, Mexico",Belize,BLZ,385.28334202800653,51.685396579199995
usb000ry71,2014-07-29 03:32:59.800000+00:00,2014,7,2014-07,5.4,"27 km WSW of Puerto Madero, Mexico",Belize,BLZ,408.03066605265457,65.1587383247912
usb000s1vs,2014-08-11 13:35:36.380000+00:00,2014,8,2014-08,4.6,"83 km SW of Puerto Madero, Mexico",Belize,BLZ,464.8183679247752,19.528088680203677
usb000s2rm,2014-08-14 19:52:12.880000+00:00,2014,8,2014-08,4.7,"15 km WSW of Manuel Ávila Camacho (Ponte Duro), Mexico",Belize,BLZ,499.56914217812266,18.416173215557215
usb000s57a,2014-08-22 02:07:08.160000+00:00,2014,8,2014-08,4.9,"53 km SSW of Intipucá, El Salvador",Belize,BLZ,372.59036417047605,43.74518969731436
usc000s7ku,2014-08-28 08:27:41.360000+00:00,2014,8,2014-08,5.2,"18 km SSE of Champerico, Guatemala",Belize,BLZ,357.08564176360744,66.77261443699089
usc000s8h5,2014-08-31 13:48:46.580000+00:00,2014,8,2014-08,4.7,"81 km SW of Jiquilillo, Nicaragua",Belize,BLZ,446.2977712684402,24.036802953348534
usc000s8h6,2014-08-31 13:55:02.620000+00:00,2014,8,2014-08,4.6,"32 km SSW of Puerto El Triunfo, El Salvador",Belize,BLZ,332.2607054798965,37.88829352800848
usc000s8nh,2014-09-01 09:07:13.890000+00:00,2014,9,2014-09,4.6,"89 km SW of Jiquilillo, Nicaragua",Belize,BLZ,450.33313358062736,20.994910390319234
usc000s8uk,2014-09-02 00:41:14.320000+00:00,2014,9,2014-09,4.5,"51 km SW of Puerto San José, Guatemala",Belize,BLZ,339.89514196087043,32.503271617796074
usb000sa0a,2014-09-06 18:18:14.250000+00:00,2014,9,2014-09,4.5,"95 km SSW of La Esperanza (El Zapotal), Mexico",Belize,BLZ,492.8185812751174,15.130666113831909
usb000sa6p,2014-09-07 16:26:34+00:00,2014,9,2014-09,4.5,"47 km SSW of Jucuarán, El Salvador",Belize,BLZ,355.7801185708965,30.021562286758154
usb000sbay,2014-09-11 08:26:24.040000+00:00,2014,9,2014-09,4.5,"42 km SSW of La Gomera, Guatemala",Belize,BLZ,330.107582952156,34.13347398133809
usb000sefq,2014-09-20 05:12:16.610000+00:00,2014,9,2014-09,5.0,"64 km SSW of Ocós, Guatemala",Belize,BLZ,418.072774088076,39.09907705748154
usb000sffq,2014-09-24 04:43:30.520000+00:00,2014,9,2014-09,4.8,"192 km S of Puerto El Triunfo, El Salvador",Belize,BLZ,495.83721362446,21.052475518933537
usb000sfiy,2014-09-24 10:45:38.640000+00:00,2014,9,2014-09,4.7,"96 km SSW of Puerto El Triunfo, El Salvador",Belize,BLZ,391.78396262694,31.568353756811355
usb000sgt7,2014-09-28 02:57:17.050000+00:00,2014,9,2014-09,4.5,"71 km SW of Puerto Madero, Mexico",Belize,BLZ,446.3358440960967,19.08947696060787
usb000shnp,2014-10-01 10:58:25.710000+00:00,2014,10,2014-10,4.8,"113 km SSW of Chirilagua, El Salvador",Belize,BLZ,421.4455210275304,30.538146835813407
usb000shnz,2014-10-01 11:47:01.640000+00:00,2014,10,2014-10,4.6,"105 km SSW of Chirilagua, El Salvador",Belize,BLZ,415.0429639128502,25.046419778991385
usb000shqq,2014-10-01 15:01:33.190000+00:00,2014,10,2014-10,4.8,"93 km SSW of Intipucá, El Salvador",Belize,BLZ,406.7870170293643,32.86042801840967
usb000sisc,2014-10-04 16:07:40.970000+00:00,2014,10,2014-10,4.5,"6 km ENE of San Sebastián, El Salvador",Belize,BLZ,245.11169427171274,52.20916153791841
usb000sjv6,2014-10-08 09:24:26+00:00,2014,10,2014-10,4.7,"19 km SSW of Puerto Madero, Mexico",Belize,BLZ,394.03194437687114,31.215514993624144
usb000sli8,2014-10-13 08:29:40.200000+00:00,2014,10,2014-10,4.7,"18 km SW of Puerto Madero, Mexico",Belize,BLZ,398.0375801054611,30.59654420209546
usb000slwn,2014-10-14 03:51:34.460000+00:00,2014,10,2014-10,7.3,"74 km S of Intipucá, El Salvador",Belize,BLZ,396.36284620542443,615.6147477589116
usb000slws,2014-10-14 04:01:32.070000+00:00,2014,10,2014-10,4.5,"94 km WSW of Jiquilillo, Nicaragua",Belize,BLZ,418.2822429757728,21.964010870889286
usb000sm19,2014-10-14 12:27:22.830000+00:00,2014,10,2014-10,4.6,"95 km WSW of Jiquilillo, Nicaragua",Belize,BLZ,418.5808090015304,24.607263630285544
usb000smaq,2014-10-15 03:59:53.530000+00:00,2014,10,2014-10,4.8,"21 km WSW of Puerto Madero, Mexico",Belize,BLZ,402.2639757336738,33.612040282371545
usb000spj2,2014-10-21 19:06:05.340000+00:00,2014,10,2014-10,4.6,"90 km SSW of Chirilagua, El Salvador",Belize,BLZ,399.93373567463533,27.011887192735532
usb000sq7e,2014-10-23 23:05:32+00:00,2014,10,2014-10,4.9,"41 km SSW of Puerto El Triunfo, El Salvador",Belize,BLZ,338.1761459085512,51.95888580717993
usc000stc9,2014-11-01 12:55:30.290000+00:00,2014,11,2014-11,4.5,"67 km SSW of Champerico, Guatemala",Belize,BLZ,401.6794036099247,23.865154901753147
usc000sv8v,2014-11-07 01:59:19.990000+00:00,2014,11,2014-11,5.2,"33 km S of Iztapa, Guatemala",Belize,BLZ,304.8144893672429,86.71690044471792
usc000sv9q,2014-11-07 04:48:11.040000+00:00,2014,11,2014-11,4.6,"65 km SSW of Champerico, Guatemala",Belize,BLZ,401.11434548546083,26.85290440086097
usc000svrq,2014-11-08 23:14:06.760000+00:00,2014,11,2014-11,4.9,"82 km SSW of Puerto San José, Guatemala",Belize,BLZ,366.3809220371515,45.12465935250779
usc000sw2y,2014-11-10 18:22:35.090000+00:00,2014,11,2014-11,4.9,"77 km S of Puerto San José, Guatemala",Belize,BLZ,355.9427171214851,47.54230243202222
usc000swzu,2014-11-13 16:14:00.080000+00:00,2014,11,2014-11,5.2,"20 km SSE of Amapala, Honduras",Belize,BLZ,351.62518240941006,68.62077488249277
usc000sxg4,2014-11-15 00:15:31.640000+00:00,2014,11,2014-11,4.7,"32 km SSW of Pasaco, Guatemala",Belize,BLZ,278.73465597353936,55.55656487485388
usc000sxr4,2014-11-16 03:08:30.060000+00:00,2014,11,2014-11,4.7,"47 km S of Puerto San José, Guatemala",Belize,BLZ,328.0422302705536,43.41755347059921
usb000t10z,2014-11-16 03:09:02.010000+00:00,2014,11,2014-11,4.8,"41 km SSE of Iztapa, Guatemala",Belize,BLZ,306.4633339616457,54.265439628566035
usc000syqa,2014-11-19 02:05:39.750000+00:00,2014,11,2014-11,4.5,"73 km WSW of Jiquilillo, Nicaragua",Belize,BLZ,403.8953765264279,23.602191705684746
usc000syun,2014-11-19 11:39:49.820000+00:00,2014,11,2014-11,5.0,"74 km SSW of La Esperanza (El Zapotal), Mexico",Belize,BLZ,472.48774483399353,29.785568816560854
usc000syur,2014-11-19 11:50:25.100000+00:00,2014,11,2014-11,4.5,"79 km SSW of La Esperanza (El Zapotal), Mexico",Belize,BLZ,479.7073082307046,16.15581292077335
usb000syjh,2014-11-21 13:43:32.220000+00:00,2014,11,2014-11,4.6,"74 km SSW of Puerto San José, Guatemala",Belize,BLZ,363.3214905460423,32.438249322364896
usb000szex,2014-11-24 00:01:44.680000+00:00,2014,11,2014-11,4.6,"52 km S of Champerico, Guatemala",Belize,BLZ,388.67056020364475,28.576734646223173
usb000t2dz,2014-12-03 05:47:08.600000+00:00,2014,12,2014-12,4.5,"5 km NW of Usipa, Mexico",Belize,BLZ,370.70486437403724,27.862790848527066
usc000t3z6,2014-12-05 10:17:42.790000+00:00,2014,12,2014-12,4.8,"53 km S of Puerto San José, Guatemala",Belize,BLZ,337.0841302503377,46.5619447824797
usc000t4ep,2014-12-07 12:11:31.220000+00:00,2014,12,2014-12,5.9,"50 km S of Nueva Concepción, Guatemala",Belize,BLZ,343.80331206417577,159.74989947796908
usc000t4ew,2014-12-07 14:09:22.580000+00:00,2014,12,2014-12,4.5,"51 km SSW of Nueva Concepción, Guatemala",Belize,BLZ,350.4229315928537,30.836584738600212
usc000t4g0,2014-12-07 19:40:59.820000+00:00,2014,12,2014-12,4.5,near the coast of Guatemala,Belize,BLZ,364.31098090384984,28.767939484508492
usc000t4gc,2014-12-07 21:16:35.740000+00:00,2014,12,2014-12,6.1,"61 km SSW of Nueva Concepción, Guatemala",Belize,BLZ,357.004683507939,188.26699021850266
usc000t4gm,2014-12-07 22:23:12.010000+00:00,2014,12,2014-12,4.7,"67 km SSW of Nueva Concepción, Guatemala",Belize,BLZ,362.9679688895009,36.46070568422215
usc000t4hv,2014-12-08 04:00:22.380000+00:00,2014,12,2014-12,4.7,"66 km SSW of Nueva Concepción, Guatemala",Belize,BLZ,363.7345902173716,36.32121542250336
usc000t5fg,2014-12-11 01:20:40.820000+00:00,2014,12,2014-12,4.8,"63 km SSW of Nueva Concepción, Guatemala",Belize,BLZ,360.24629506021114,41.470102581412185
usc000t6f8,2014-12-13 23:52:46+00:00,2014,12,2014-12,4.8,"118 km SSW of Puerto El Triunfo, El Salvador",Belize,BLZ,415.00845035687513,31.537016137541595
usc000t6j0,2014-12-14 13:22:57.300000+00:00,2014,12,2014-12,4.7,"92 km S of Puerto El Triunfo, El Salvador",Belize,BLZ,395.05648210066073,31.05601650956186
usc000t6rf,2014-12-15 04:57:43.520000+00:00,2014,12,2014-12,4.6,"39 km S of Champerico, Guatemala",Belize,BLZ,378.9290899136463,30.003086638455596
usc000t7qe,2014-12-17 18:12:24.010000+00:00,2014,12,2014-12,4.8,"25 km S of Jiquilillo, Nicaragua",Belize,BLZ,420.769182212656,30.641592317915023
usc000t810,2014-12-18 22:12:30.900000+00:00,2014,12,2014-12,4.8,"34 km WSW of Puerto Madero, Mexico",Belize,BLZ,415.5263658248805,31.455454246171513
usc000t8av,2014-12-19 16:05:20.800000+00:00,2014,12,2014-12,4.7,"76 km SW of Brisas Barra de Suchiate, Mexico",Belize,BLZ,445.0161003168265,24.191333929738885
usc000t8p1,2014-12-20 08:25:40.990000+00:00,2014,12,2014-12,4.5,"45 km SW of La Gomera, Guatemala",Belize,BLZ,337.65830459410455,32.86883473280703
usc000t8pc,2014-12-20 10:54:51.160000+00:00,2014,12,2014-12,4.5,"181 km S of Puerto El Triunfo, El Salvador",Belize,BLZ,484.5344305246794,15.770550471522565
usc000tera,2015-01-12 03:45:55.270000+00:00,2015,1,2015-01,4.6,"43 km S of Intipucá, El Salvador",Belize,BLZ,364.97237607728545,32.17159220504906
usc000tes3,2015-01-12 07:57:27.070000+00:00,2015,1,2015-01,5.5,"18 km W of El Palmarcito, Mexico",Belize,BLZ,464.59044225221015,55.10039001646553
usc000th1g,2015-01-18 23:32:57.240000+00:00,2015,1,2015-01,4.6,"106 km S of La Libertad, El Salvador",Belize,BLZ,386.17955864722796,28.934883844274083
usc000tm5u,2015-01-19 13:22:53.490000+00:00,2015,1,2015-01,4.5,"20 km WSW of El Palmarcito, Mexico",Belize,BLZ,464.85252897332794,17.40145484261845
usc000the9,2015-01-20 06:59:52.020000+00:00,2015,1,2015-01,5.5,"4 km NNW of San Francisco El Alto, Guatemala",Belize,BLZ,269.39590502744323,146.22250677786954
usc000thr5,2015-01-21 10:42:55.240000+00:00,2015,1,2015-01,4.5,"98 km S of La Libertad, El Salvador",Belize,BLZ,377.0967143285959,26.986396011257195
usc000tiz4,2015-01-25 21:02:25.600000+00:00,2015,1,2015-01,4.7,"51 km SW of Puerto Madero, Mexico",Belize,BLZ,429.7335941690399,26.112313839640724
usc000tk9d,2015-01-30 01:26:07.300000+00:00,2015,1,2015-01,4.5,"82 km SSW of Ocós, Guatemala",Belize,BLZ,435.40829477664124,20.16150282575985
usc000tkks,2015-01-31 11:40:27.830000+00:00,2015,1,2015-01,4.6,"10 km NNE of Sinuapa, Honduras",Belize,BLZ,156.7713219818928,91.11196218896433
usc000tkpf,2015-02-01 05:53:47.060000+00:00,2015,2,2015-02,4.9,"110 km S of Champerico, Guatemala",Belize,BLZ,424.77207542687154,33.69916638496076
usc000tl36,2015-02-02 21:31:08.910000+00:00,2015,2,2015-02,4.6,"3 km WNW of Jerez, Guatemala",Belize,BLZ,214.02875768021107,68.42935679666418
usc000tlx2,2015-02-05 14:11:09.300000+00:00,2015,2,2015-02,4.7,"2 km NE of Piedra Labrada, Mexico",Belize,BLZ,341.39204102100547,40.61407833134106
usc000tmvl,2015-02-06 22:02:28.120000+00:00,2015,2,2015-02,5.4,"36 km SW of Jiquilillo, Nicaragua",Belize,BLZ,406.90664581184797,65.52596799586689
usc000tn0k,2015-02-07 12:11:20.660000+00:00,2015,2,2015-02,4.5,"44 km SW of Champerico, Guatemala",Belize,BLZ,394.5419523494715,24.73221630189644
usc000tn6r,2015-02-08 12:19:47.400000+00:00,2015,2,2015-02,4.6,"39 km SSW of Puerto Madero, Mexico",Belize,BLZ,410.18147363539373,25.662694095569947
usc000tnx9,2015-02-11 05:20:12.860000+00:00,2015,2,2015-02,4.5,"39 km S of Puerto San José, Guatemala",Belize,BLZ,317.4264322037131,36.36781929177925
usb000tpdr,2015-02-14 19:22:40+00:00,2015,2,2015-02,4.5,"105 km SSW of Acajutla, El Salvador",Belize,BLZ,380.384997969288,26.546328965011888
usc000tt4d,2015-02-22 20:25:18+00:00,2015,2,2015-02,4.6,"28 km SW of Pasaco, Guatemala",Belize,BLZ,272.0824674625541,51.18944592776453
usc000ttvt,2015-02-27 23:46:44.990000+00:00,2015,2,2015-02,4.9,"14 km S of Masagua, Guatemala",Belize,BLZ,276.36400193729725,70.7755405214234
usc000tu2q,2015-02-28 22:06:32.950000+00:00,2015,2,2015-02,4.8,"44 km S of Champerico, Guatemala",Belize,BLZ,376.64233509378295,38.205999097396045
usc000tu5z,2015-03-01 08:30:03.030000+00:00,2015,3,2015-03,5.5,"57 km SSW of Puerto San José, Guatemala",Belize,BLZ,343.75740284022993,100.81851219793693
usc000tuxh,2015-03-04 13:23:21.050000+00:00,2015,3,2015-03,4.5,"110 km WSW of Jiquilillo, Nicaragua",Belize,BLZ,424.8938522297731,21.24979393374201
us10001mbh,2015-03-14 06:13:37.050000+00:00,2015,3,2015-03,4.7,"58 km W of Jiquilillo, Nicaragua",Belize,BLZ,386.7701765431919,32.36974161986815
us10001mjg,2015-03-15 16:25:36.820000+00:00,2015,3,2015-03,5.1,"114 km SW of Brisas Barra de Suchiate, Mexico",Belize,BLZ,478.07842232600143,32.49869307677468
us10001mjq,2015-03-15 17:22:03+00:00,2015,3,2015-03,4.5,"150 km SSW of Puerto El Triunfo, El Salvador",Belize,BLZ,440.13180743072144,19.69091618582996
us10001p2i,2015-03-20 03:30:09.870000+00:00,2015,3,2015-03,4.5,"18 km SW of Puerto Madero, Mexico",Belize,BLZ,398.18408680769755,24.285902189946682
us10001sq1,2015-04-01 10:00:38.210000+00:00,2015,4,2015-04,4.5,"9 km NE of San Mateo Ixtatán, Guatemala",Belize,BLZ,242.00638350433454,53.026115724771444
us10001szg,2015-04-02 00:44:54.070000+00:00,2015,4,2015-04,4.8,"3 km NNW of Cantel, Guatemala",Belize,BLZ,276.89658221790194,62.9110177985654
us10001tk0,2015-04-03 12:36:58+00:00,2015,4,2015-04,4.6,"36 km SSW of Puerto El Triunfo, El Salvador",Belize,BLZ,332.24171870045865,37.891890582109426
us10001u1e,2015-04-05 00:07:49.060000+00:00,2015,4,2015-04,5.3,"55 km S of Intipucá, El Salvador",Belize,BLZ,375.8466679839653,68.21177176737675
us20002515,2015-04-08 15:44:45.140000+00:00,2015,4,2015-04,5.4,"43 km S of Acajutla, El Salvador",Belize,BLZ,315.25739559510413,103.61610517580918
us20002a56,2015-04-29 11:22:42.260000+00:00,2015,4,2015-04,5.0,"151 km SSW of Puerto El Triunfo, El Salvador",Belize,BLZ,450.99533860732447,33.16469940942201
us20002al5,2015-05-01 02:55:53.840000+00:00,2015,5,2015-05,4.5,"7 km S of Manuel Ávila Camacho (Ponte Duro), Mexico",Belize,BLZ,486.94544243302767,15.581576879071633
us20002aur,2015-05-02 11:59:16.090000+00:00,2015,5,2015-05,4.8,"5 km W of San Bartolo, Guatemala",Belize,BLZ,270.1571174319499,65.06707338113216
us20002b4s,2015-05-04 08:20:36.290000+00:00,2015,5,2015-05,4.7,"4 km SW of Cuilco, Guatemala",Belize,BLZ,311.24703003326243,47.22105239028327
us1000297y,2015-05-15 09:08:25.600000+00:00,2015,5,2015-05,4.7,"53 km SSW of La Gomera, Guatemala",Belize,BLZ,342.6756481359679,40.35425041605839
us100029m8,2015-05-15 22:20:59.750000+00:00,2015,5,2015-05,4.9,"22 km SE of Champerico, Guatemala",Belize,BLZ,349.93913959206833,48.99105742257431
us10002aah,2015-05-18 20:05:45.370000+00:00,2015,5,2015-05,5.1,"14 km S of Génova, Guatemala",Belize,BLZ,329.8871827350702,68.18032772498273
us20002n6c,2015-06-09 06:37:51.670000+00:00,2015,6,2015-06,4.6,"10 km ENE of Telica, Nicaragua",Belize,BLZ,453.7305253980701,20.641282739131018
us20002q9z,2015-06-16 13:14:26.550000+00:00,2015,6,2015-06,4.8,"14 km S of Monterrey, Mexico",Belize,BLZ,458.42913999253204,25.382463526130316
us10002k0d,2015-06-18 16:58:42.560000+00:00,2015,6,2015-06,4.7,"53 km W of Jiquilillo, Nicaragua",Belize,BLZ,384.8370120526235,32.68413880108575
us10002kq9,2015-06-21 17:19:59.200000+00:00,2015,6,2015-06,4.8,"37 km S of Acajutla, El Salvador",Belize,BLZ,309.7165049994968,53.389905802831706
us10002m37,2015-06-27 15:16:01.860000+00:00,2015,6,2015-06,4.7,"6 km S of Pasaco, Guatemala",Belize,BLZ,251.53275529511572,63.65075534266074
us20002w9y,2015-07-09 13:25:54.450000+00:00,2015,7,2015-07,5.6,"55 km SW of Acajutla, El Salvador",Belize,BLZ,318.8734287785162,128.10767439190508
us20002xdk,2015-07-14 13:14:11.270000+00:00,2015,7,2015-07,4.8,Mexico-Guatemala border region,Belize,BLZ,376.25962365977665,38.27917845501925
us20002y46,2015-07-17 11:01:12.680000+00:00,2015,7,2015-07,5.1,"95 km S of Champerico, Guatemala",Belize,BLZ,421.7163913608748,43.07789680140187
us20002ybs,2015-07-18 07:53:34.380000+00:00,2015,7,2015-07,4.6,"59 km S of Puerto San José, Guatemala",Belize,BLZ,341.24876011676565,36.22327664008749
us10002x0r,2015-07-31 23:39:25.070000+00:00,2015,7,2015-07,5.0,"15 km WSW of Nueva Concepción, Guatemala",Belize,BLZ,317.0095162543578,64.80709908984818
us10002x7u,2015-08-01 23:35:06+00:00,2015,8,2015-08,4.7,"7 km ENE of Concepción, Guatemala",Belize,BLZ,240.9353131776746,67.11438500847747
us10002y1z,2015-08-05 09:13:24.190000+00:00,2015,8,2015-08,5.7,"11 km ENE of Tonalá, Mexico",Belize,BLZ,494.5630783959883,59.71314157467026
us100030ix,2015-08-09 07:05:58.380000+00:00,2015,8,2015-08,4.5,"13 km WSW of Sesori, El Salvador",Belize,BLZ,260.4154721940937,48.363195372607066
us1000322j,2015-08-13 19:30:14.420000+00:00,2015,8,2015-08,5.2,"11 km S of Nueva Concepción, Guatemala",Belize,BLZ,309.8254696822063,84.57120932407258
us100032kv,2015-08-15 13:09:28.710000+00:00,2015,8,2015-08,4.9,"15 km ESE of La Gomera, Guatemala",Belize,BLZ,285.5281808728473,67.60571855440864
us100033w3,2015-08-21 07:09:51.790000+00:00,2015,8,2015-08,4.5,"101 km SSW of Jiquilillo, Nicaragua",Belize,BLZ,460.4178788100508,17.791611197774838
us100034a7,2015-08-23 04:48:48.220000+00:00,2015,8,2015-08,5.3,"67 km SW of Acajutla, El Salvador",Belize,BLZ,337.94827465143396,82.44316304891933
us100034ze,2015-08-26 10:23:01.140000+00:00,2015,8,2015-08,4.8,"85 km SSW of Acajutla, El Salvador",Belize,BLZ,357.0171461961695,42.14510278147236
us1000369r,2015-08-31 08:13:00.390000+00:00,2015,8,2015-08,4.7,"35 km SSE of Champerico, Guatemala",Belize,BLZ,361.6574650714473,36.70039959611507
us20003few,2015-09-01 17:04:14.620000+00:00,2015,9,2015-09,5.4,"4 km NNE of Hidalgo, Mexico",Belize,BLZ,393.00459976856644,70.24272556957521
us20003fxe,2015-09-03 03:55:25.570000+00:00,2015,9,2015-09,4.6,"43 km SSW of Ocós, Guatemala",Belize,BLZ,402.4155413447164,26.678767042046307
us20003g1v,2015-09-03 18:46:03.250000+00:00,2015,9,2015-09,4.5,"47 km SSW of Jiquilillo, Nicaragua",Belize,BLZ,432.4142245247951,20.465598132506628
us20003h26,2015-09-07 07:06:10.950000+00:00,2015,9,2015-09,4.6,"52 km SSW of Intipucá, El Salvador",Belize,BLZ,370.09515051537863,31.35801703903724
us20003j0c,2015-09-12 11:22:02.140000+00:00,2015,9,2015-09,4.5,"8 km NNW of El Sauce, Nicaragua",Belize,BLZ,426.5932257591248,21.070002162306352
us20003j5v,2015-09-13 14:56:13.820000+00:00,2015,9,2015-09,4.5,"102 km SW of Jiquilillo, Nicaragua",Belize,BLZ,435.2791897498165,20.17452178415592
us20003j9k,2015-09-14 08:13:07.130000+00:00,2015,9,2015-09,4.6,"9 km WSW of El Sauce, Nicaragua",Belize,BLZ,432.55170739500153,22.946999263480667
us20003jqe,2015-09-15 17:47:34.300000+00:00,2015,9,2015-09,4.5,"90 km SW of Puerto Madero, Mexico",Belize,BLZ,466.6736528580333,17.243723030157682
us20003lw9,2015-09-19 16:02:15.310000+00:00,2015,9,2015-09,4.5,"77 km WSW of Puerto Madero, Mexico",Belize,BLZ,459.07595820158355,17.911387221836083
us20003pca,2015-09-26 16:13:25.170000+00:00,2015,9,2015-09,4.6,"10 km NW of Puerto Madero, Mexico",Belize,BLZ,386.4500263228639,28.895780536794412
us20003pnj,2015-09-28 13:37:04.560000+00:00,2015,9,2015-09,4.9,"30 km N of French Harbor, Honduras",Belize,BLZ,210.5514448016006,98.35429887334578
us10003jyz,2015-10-03 06:51:15.550000+00:00,2015,10,2015-10,4.6,"75 km SW of Puerto Madero, Mexico",Belize,BLZ,453.4506284370503,20.670190123686847
us10003k0r,2015-10-03 14:21:07.620000+00:00,2015,10,2015-10,4.6,"99 km SW of Puerto El Triunfo, El Salvador",Belize,BLZ,379.5729005174568,29.906660395691596
us10003knh,2015-10-06 09:21:23.740000+00:00,2015,10,2015-10,5.1,"137 km SSW of Puerto El Triunfo, El Salvador",Belize,BLZ,432.55696714092977,40.8051031759386
us10003n1l,2015-10-12 15:18:53.770000+00:00,2015,10,2015-10,4.7,"43 km SSE of Puerto El Triunfo, El Salvador",Belize,BLZ,347.6407976769708,39.36475922529341
us20004005,2015-10-27 22:49:41.760000+00:00,2015,10,2015-10,4.9,El Salvador,Belize,BLZ,309.789541941488,59.88258738546171
us20004198,2015-11-02 03:35:03.550000+00:00,2015,11,2015-11,5.1,"156 km SSW of Puerto El Triunfo, El Salvador",Belize,BLZ,456.5108357760383,36.199228565328845
us10003vrp,2015-11-08 16:34:39.720000+00:00,2015,11,2015-11,4.6,"32 km S of Iztapa, Guatemala",Belize,BLZ,303.4951328663019,43.74905661803499
us10003yge,2015-11-15 04:56:18.750000+00:00,2015,11,2015-11,4.5,"49 km SSW of La Libertad, El Salvador",Belize,BLZ,324.22502866798516,35.15234450023155
us10003yxm,2015-11-17 11:39:43.200000+00:00,2015,11,2015-11,4.5,"4 km NNE of El Encanto, Mexico",Belize,BLZ,375.21530198578466,27.241456507976213
us1000412r,2015-11-25 00:19:16.290000+00:00,2015,11,2015-11,4.7,"17 km ENE of Nagarote, Nicaragua",Belize,BLZ,493.18331459133174,19.01367382984432
us10004173,2015-11-25 10:23:02.640000+00:00,2015,11,2015-11,4.7,"10 km SE of Nueva Concepción, Guatemala",Belize,BLZ,299.089146373901,50.18063707568646
us100041q5,2015-11-27 11:46:27.180000+00:00,2015,11,2015-11,5.6,"45 km S of El Rosario, El Salvador",Belize,BLZ,321.5846387136452,126.38275833297321
us1000430u,2015-12-03 11:41:30.800000+00:00,2015,12,2015-12,4.7,"3 km SW of Quintana Roo, Mexico",Belize,BLZ,489.02484845919935,19.413151062784582
us100044xh,2015-12-07 22:53:35.110000+00:00,2015,12,2015-12,5.7,"4 km WNW of Masagua, Guatemala",Belize,BLZ,266.729510844828,186.5538543758063
us100047vm,2015-12-17 09:09:44.040000+00:00,2015,12,2015-12,4.5,"105 km SSW of Acajutla, El Salvador",Belize,BLZ,378.3028595424566,26.824138207271215
us100047zq,2015-12-17 19:49:53.050000+00:00,2015,12,2015-12,6.6,"4 km W of Manuel Ávila Camacho (Ponte Duro), Mexico",Belize,BLZ,490.33717193925554,171.88831717832397
us100048t4,2015-12-18 12:12:52.010000+00:00,2015,12,2015-12,4.5,"34 km SW of Ocós, Guatemala",Belize,BLZ,397.707182669194,24.343881525245205
us10004gdq,2015-12-23 11:15:06.950000+00:00,2015,12,2015-12,4.5,"52 km SSW of Pasaco, Guatemala",Belize,BLZ,299.4032439566528,39.797346509544134
us10004acp,2015-12-30 03:25:34.030000+00:00,2015,12,2015-12,5.0,"8 km NW of La Gomera, Guatemala",Belize,BLZ,290.70704860810963,73.9158651869027
us10004au3,2016-01-02 04:50:24.290000+00:00,2016,1,2016-01,4.6,"131 km S of Puerto El Triunfo, El Salvador",Belize,BLZ,433.93091173367407,22.78930063030738
us10004fa2,2016-01-18 03:17:56.470000+00:00,2016,1,2016-01,4.5,"148 km ENE of Savannah Bight, Honduras",Belize,BLZ,396.97037419526976,24.43373081890683
us10004fa4,2016-01-18 03:20:38.750000+00:00,2016,1,2016-01,5.4,"150 km ENE of Savannah Bight, Honduras",Belize,BLZ,398.84032754330065,68.22275180313204
us10004fkk,2016-01-19 13:00:35.100000+00:00,2016,1,2016-01,4.6,"4 km E of San Pablo Jocopilas, Guatemala",Belize,BLZ,285.60687466088035,47.84235526612245
us10004g4c,2016-01-21 17:27:57.840000+00:00,2016,1,2016-01,4.7,"82 km S of Puerto El Triunfo, El Salvador",Belize,BLZ,384.21823269281293,32.78541674446696
us10004h1j,2016-01-25 09:59:24.730000+00:00,2016,1,2016-01,4.6,"74 km SSW of Puerto El Triunfo, El Salvador",Belize,BLZ,370.0784975263927,31.360628171305482
us20004wai,2016-02-01 16:45:30.510000+00:00,2016,2,2016-02,4.5,"10 km N of Tacuba, El Salvador",Belize,BLZ,231.95672514338688,55.75866551564735
us20004wjv,2016-02-02 13:32:52.280000+00:00,2016,2,2016-02,4.6,"98 km S of Acajutla, El Salvador",Belize,BLZ,372.32229497341166,31.01075993748406
us20004wnp,2016-02-02 19:36:19.630000+00:00,2016,2,2016-02,5.0,"57 km NW of Guanaja, Honduras",Belize,BLZ,225.194502110942,102.56433107287229
us20004wrk,2016-02-03 03:00:26.120000+00:00,2016,2,2016-02,4.5,"146 km ENE of Savannah Bight, Honduras",Belize,BLZ,395.4672466620098,24.61805768591174
us20004yb8,2016-02-06 10:12:10.330000+00:00,2016,2,2016-02,4.6,"31 km WSW of La Libertad, El Salvador",Belize,BLZ,295.19754238803597,45.60229307306936
us20004z3q,2016-02-09 21:26:49.850000+00:00,2016,2,2016-02,4.9,"7 km SSW of Nueva América, Mexico",Belize,BLZ,346.40973383212827,49.8632774343995
us20004zzs,2016-02-13 19:47:12.150000+00:00,2016,2,2016-02,4.5,"54 km SSW of La Gomera, Guatemala",Belize,BLZ,345.14521372214733,31.661150424138057
us10004qj7,2016-02-14 08:18:59.510000+00:00,2016,2,2016-02,4.6,"4 km S of Santa Rosa de Lima, Guatemala",Belize,BLZ,214.3436265967414,68.32171016817428
us2000505a,2016-02-14 16:33:20.660000+00:00,2016,2,2016-02,4.6,"96 km SW of Jiquilillo, Nicaragua",Belize,BLZ,443.0973728908726,21.768388517664402
us2000505p,2016-02-14 17:17:24.110000+00:00,2016,2,2016-02,4.6,"106 km SW of Jiquilillo, Nicaragua",Belize,BLZ,444.9988802684177,21.56240550799829
us10004qz4,2016-02-19 04:42:38.920000+00:00,2016,2,2016-02,5.0,"8 km N of San Sebastián, El Salvador",Belize,BLZ,239.76122267139243,95.35975357206611
us10004rmw,2016-02-22 05:33:10.550000+00:00,2016,2,2016-02,4.5,"86 km S of Puerto El Triunfo, El Salvador",Belize,BLZ,388.8395947593936,25.44752491553925
us10004s2k,2016-02-23 16:09:28.540000+00:00,2016,2,2016-02,4.6,"93 km SSW of Intipucá, El Salvador",Belize,BLZ,410.2120105000437,25.658776103604783
us10004spd,2016-02-25 20:12:48.180000+00:00,2016,2,2016-02,4.6,"69 km SSW of Puerto El Triunfo, El Salvador",Belize,BLZ,368.42472558630254,31.62101989341281
us10004tl3,2016-02-29 15:07:55.600000+00:00,2016,2,2016-02,4.5,"76 km S of Puerto El Triunfo, El Salvador",Belize,BLZ,381.4079370303857,26.410899217062564
us10004tqy,2016-03-01 01:08:43.010000+00:00,2016,3,2016-03,5.1,"36 km SW of Jiquilisco, El Salvador",Belize,BLZ,322.5917296883139,70.71327628778121
us10004tt2,2016-03-01 12:17:15.870000+00:00,2016,3,2016-03,4.9,"76 km SW of El Arenal, Mexico",Belize,BLZ,467.0732519486709,27.274909620971226
us10004wjn,2016-03-07 13:32:08.050000+00:00,2016,3,2016-03,4.5,"53 km SSE of Champerico, Guatemala",Belize,BLZ,368.5824422595222,28.160048340881556
us10004vzl,2016-03-08 08:25:29.300000+00:00,2016,3,2016-03,4.7,Gulf of America,Belize,BLZ,377.38755443642503,33.92449081104412
us20005azr,2016-03-19 10:24:45.110000+00:00,2016,3,2016-03,5.6,"158 km S of Puerto El Triunfo, El Salvador",Belize,BLZ,461.38450768137625,62.82265281054957
us20005b14,2016-03-19 15:30:55.480000+00:00,2016,3,2016-03,4.5,"161 km S of Puerto El Triunfo, El Salvador",Belize,BLZ,464.42288640252406,17.4388770526349
us20005cpd,2016-03-27 09:39:28.180000+00:00,2016,3,2016-03,4.5,"96 km NE of Savannah Bight, Honduras",Belize,BLZ,340.22224123835,32.45015608146012
us20005dur,2016-04-01 05:48:11.840000+00:00,2016,4,2016-04,4.5,"17 km SSW of San Lorenzo, Guatemala",Belize,BLZ,315.66605488066097,36.68933762182063
us20005ghy,2016-04-09 02:05:10.520000+00:00,2016,4,2016-04,4.5,"53 km SW of Champerico, Guatemala",Belize,BLZ,404.014193502097,23.588174164713422
us20005ih9,2016-04-15 14:11:26.430000+00:00,2016,4,2016-04,6.1,"110 km SSW of Champerico, Guatemala",Belize,BLZ,451.5010503404243,117.37562730077774
us20005ihg,2016-04-15 14:36:42.600000+00:00,2016,4,2016-04,4.6,"106 km SW of Champerico, Guatemala",Belize,BLZ,453.05247929933404,20.711380201439326
us20005irm,2016-04-15 20:39:09.790000+00:00,2016,4,2016-04,4.6,"98 km SSW of Champerico, Guatemala",Belize,BLZ,441.2927637081298,21.96569449854619
us20005j5t,2016-04-17 06:32:41.680000+00:00,2016,4,2016-04,4.5,"73 km SW of Champerico, Guatemala",Belize,BLZ,424.9786674865039,21.24078431062095
us20005j8r,2016-04-17 17:19:00.870000+00:00,2016,4,2016-04,4.9,"58 km S of Intipucá, El Salvador",Belize,BLZ,382.8264455600985,41.562621845586925
us20005jw6,2016-04-19 19:21:21.400000+00:00,2016,4,2016-04,4.5,"26 km S of Iztapa, Guatemala",Belize,BLZ,301.77206490939744,39.328763021963816
us20005k9e,2016-04-20 20:13:00.880000+00:00,2016,4,2016-04,4.5,"43 km SSW of Puerto El Triunfo, El Salvador",Belize,BLZ,340.471968690834,32.40966289331833
us20005li9,2016-04-25 07:07:08.600000+00:00,2016,4,2016-04,6.0,"83 km WSW of Puerto Madero, Mexico",Belize,BLZ,465.79912105652636,97.39351951676711
us20005lif,2016-04-25 07:27:24.840000+00:00,2016,4,2016-04,4.7,"88 km WSW of Puerto Madero, Mexico",Belize,BLZ,470.477356977901,21.299597666632785
us20005liz,2016-04-25 08:24:46.850000+00:00,2016,4,2016-04,4.5,"76 km WSW of Puerto Madero, Mexico",Belize,BLZ,459.27610806260236,17.893471379649096
us20005lja,2016-04-25 09:13:59.330000+00:00,2016,4,2016-04,4.8,"88 km WSW of Puerto Madero, Mexico",Belize,BLZ,471.3431858144888,23.795305042914116
us10005bxb,2016-04-27 12:51:19.440000+00:00,2016,4,2016-04,6.0,"75 km WSW of Puerto Madero, Mexico",Belize,BLZ,457.7052490705249,101.41581379969385
us10005d03,2016-05-02 11:50:28.260000+00:00,2016,5,2016-05,4.9,"66 km SW of Puerto El Triunfo, El Salvador",Belize,BLZ,353.455718563129,48.13718161379077
us10005d61,2016-05-02 21:49:38+00:00,2016,5,2016-05,4.7,"66 km SSW of La Gomera, Guatemala",Belize,BLZ,357.3746608864968,37.49477778092316
us10005d7j,2016-05-03 02:38:51.640000+00:00,2016,5,2016-05,4.5,"63 km SW of La Gomera, Guatemala",Belize,BLZ,355.8865132913232,30.005595855363342
us10005d9n,2016-05-03 07:46:54.180000+00:00,2016,5,2016-05,4.7,"53 km SSW of La Gomera, Guatemala",Belize,BLZ,344.20760707252856,40.04632596787387
us10005fu3,2016-05-08 07:52:41.840000+00:00,2016,5,2016-05,4.7,"7 km SSE of Patulul, Guatemala",Belize,BLZ,275.86210986870765,56.36026670528079
us10005hpb,2016-05-16 07:15:04.600000+00:00,2016,5,2016-05,4.9,"68 km SSW of Puerto San José, Guatemala",Belize,BLZ,352.33809629379806,48.40693053611607
us10005j8b,2016-05-22 14:51:22.650000+00:00,2016,5,2016-05,5.0,"37 km SE of Iztapa, Guatemala",Belize,BLZ,285.00082367962,76.05514080252453
us20005z1h,2016-05-29 16:44:49.960000+00:00,2016,5,2016-05,4.6,"95 km S of La Libertad, El Salvador",Belize,BLZ,374.23299422798186,30.715909427191608
us20005zah,2016-05-31 02:14:41.430000+00:00,2016,5,2016-05,4.7,"97 km S of La Libertad, El Salvador",Belize,BLZ,375.22290295384175,34.29365850239603
us200060d8,2016-06-02 23:39:21.570000+00:00,2016,6,2016-06,4.7,"100 km S of La Libertad, El Salvador",Belize,BLZ,378.824554785233,33.68161685514739
us200062r4,2016-06-08 09:56:54.130000+00:00,2016,6,2016-06,4.5,"84 km SW of Puerto El Triunfo, El Salvador",Belize,BLZ,364.14334051419183,28.7920629361824
us200062rb,2016-06-08 10:38:27.510000+00:00,2016,6,2016-06,5.2,"45 km S of Puerto San José, Guatemala",Belize,BLZ,328.5703668449405,77.00492705700114
us200063cy,2016-06-10 03:25:22.920000+00:00,2016,6,2016-06,6.1,Nicaragua,Belize,BLZ,413.84450775376985,141.69289366337188
us200063d2,2016-06-10 03:28:06.950000+00:00,2016,6,2016-06,5.2,"21 km S of Somotillo, Nicaragua",Belize,BLZ,412.9310468398976,50.504680117690654
us200063d3,2016-06-10 03:34:20.220000+00:00,2016,6,2016-06,4.7,"70 km W of Sandy Bay, Honduras",Belize,BLZ,126.29985112381304,119.05382632659231
us200063d6,2016-06-10 03:39:30.860000+00:00,2016,6,2016-06,4.6,Nicaragua,Belize,BLZ,415.282194840703,25.016478298666073
us200063db,2016-06-10 03:45:11.320000+00:00,2016,6,2016-06,4.7,"21 km SSW of Somotillo, Nicaragua",Belize,BLZ,411.868828420501,28.55210964690414
us200063dm,2016-06-10 04:33:02.410000+00:00,2016,6,2016-06,4.8,"24 km S of Somotillo, Nicaragua",Belize,BLZ,418.73640460473484,30.95461811642806
us200063sv,2016-06-11 09:25:20.630000+00:00,2016,6,2016-06,4.5,"17 km E of Puerto Morazán, Nicaragua",Belize,BLZ,407.9678171874454,23.126458999981608
us20006411,2016-06-13 01:51:18.450000+00:00,2016,6,2016-06,4.5,"148 km S of Puerto El Triunfo, El Salvador",Belize,BLZ,451.84730121233633,18.570604979791806
us20006488,2016-06-14 03:45:29.860000+00:00,2016,6,2016-06,5.2,"16 km ESE of Puerto Morazán, Nicaragua",Belize,BLZ,413.29102298353655,50.41385947544794
us200064ir,2016-06-15 13:46:55.140000+00:00,2016,6,2016-06,5.4,"35 km SE of Champerico, Guatemala",Belize,BLZ,338.01389068811784,92.47240703040114
us10005zpc,2016-07-03 23:43:23.970000+00:00,2016,7,2016-07,4.5,"37 km SW of Brisas Barra de Suchiate, Mexico",Belize,BLZ,403.8056276573596,23.612785432510066
us100062k2,2016-07-04 15:58:45.070000+00:00,2016,7,2016-07,4.5,"42 km SSW of Ocós, Guatemala",Belize,BLZ,404.2317502960315,23.56252927756052
us10006281,2016-07-09 17:29:36.670000+00:00,2016,7,2016-07,4.5,"67 km SSW of Puerto El Triunfo, El Salvador",Belize,BLZ,364.30102702524346,28.76937128302499
us20006fl8,2016-07-18 19:02:15.330000+00:00,2016,7,2016-07,4.9,"4 km SSW of Puerto Madero, Mexico",Belize,BLZ,383.19611440150743,41.48587076732537
us100068rx,2016-07-30 13:53:13.950000+00:00,2016,7,2016-07,4.8,"27 km ESE of Champerico, Guatemala",Belize,BLZ,332.0150181257006,47.75716617153939
us10006c7t,2016-08-09 00:49:10.300000+00:00,2016,8,2016-08,4.5,"31 km WSW of Jiquilillo, Nicaragua",Belize,BLZ,399.0552354841711,24.18034908021142
us10006ccu,2016-08-09 14:26:02.510000+00:00,2016,8,2016-08,4.6,"85 km SSW of Puerto El Triunfo, El Salvador",Belize,BLZ,377.5478590893328,30.211009726944397
us10006dq1,2016-08-14 05:13:03.120000+00:00,2016,8,2016-08,4.8,"10 km N of Tacuba, El Salvador",Belize,BLZ,231.3905270771109,78.98449661275087
us10006fr8,2016-08-22 11:42:31.700000+00:00,2016,8,2016-08,4.9,"7 km N of Tamaulipas, Mexico",Belize,BLZ,464.55180074295333,27.62094810424526
us10006m17,2016-08-25 22:41:07.890000+00:00,2016,8,2016-08,4.5,"31 km S of Puerto San José, Guatemala",Belize,BLZ,311.0709203673024,37.542058233536565
us20006v1e,2016-08-29 13:05:04.930000+00:00,2016,8,2016-08,4.6,"0 km NE of Candelaria de La Frontera, El Salvador",Belize,BLZ,208.47743443077604,70.35532978928705
us10006jjv,2016-09-02 05:03:30.520000+00:00,2016,9,2016-09,4.5,"62 km SW of Corinto, Nicaragua",Belize,BLZ,453.9135480340197,18.37973536921921
us10006kne,2016-09-05 20:10:31.630000+00:00,2016,9,2016-09,4.9,"69 km NNE of Savannah Bight, Honduras",Belize,BLZ,305.698245579576,61.12018978273946
us10006n8k,2016-09-09 01:16:37.630000+00:00,2016,9,2016-09,4.5,"92 km SSW of Nueva Concepción, Guatemala",Belize,BLZ,391.5080413011995,25.110253099055075
us10006ppy,2016-09-15 05:57:24.330000+00:00,2016,9,2016-09,5.7,"11 km NNE of La Paz Centro, Nicaragua",Belize,BLZ,470.7276291166471,67.27100888348942
us10006ry8,2016-09-15 06:02:29.560000+00:00,2016,9,2016-09,4.6,"20 km NE of La Paz Centro, Nicaragua",Belize,BLZ,473.31942661931373,18.715434931048787
us10006qav,2016-09-17 01:39:29.340000+00:00,2016,9,2016-09,4.5,"88 km SSW of Puerto El Triunfo, El Salvador",Belize,BLZ,379.14033910018543,26.712049713597796
us10006qfq,2016-09-17 16:27:47.270000+00:00,2016,9,2016-09,4.9,off the coast of Central America,Belize,BLZ,336.46295712412024,52.40587441577895
us10006tk4,2016-09-28 16:48:55.610000+00:00,2016,9,2016-09,5.5,"20 km NNE of Nagarote, Nicaragua",Belize,BLZ,478.4093747343006,51.42179614350723
us20007dgk,2016-09-28 16:50:46.400000+00:00,2016,9,2016-09,4.8,"17 km NE of La Paz Centro, Nicaragua",Belize,BLZ,476.0023899051178,23.24737619088426
us10006txy,2016-09-29 20:23:14.390000+00:00,2016,9,2016-09,5.3,"40 km NE of Cusuna, Honduras",Belize,BLZ,377.80278898287946,67.54787133806506
us10006ub7,2016-10-01 04:39:34.530000+00:00,2016,10,2016-10,4.5,"91 km WSW of Puerto Madero, Mexico",Belize,BLZ,474.1976024580073,16.607068981003696
us10006v3z,2016-10-05 07:25:08.060000+00:00,2016,10,2016-10,4.6,"19 km WSW of Jiquilillo, Nicaragua",Belize,BLZ,394.79999712374416,27.714222477551626
us20007d06,2016-10-09 22:55:07.580000+00:00,2016,10,2016-10,4.8,"4 km N of San José Acatempa, Guatemala",Belize,BLZ,207.58345114563036,88.96890862957628
us20007fm9,2016-10-20 15:13:13.860000+00:00,2016,10,2016-10,4.6,"8 km NNW of El Palmar, Guatemala",Belize,BLZ,297.58826655922763,45.06042564264855
us20007fzp,2016-10-21 19:51:16.760000+00:00,2016,10,2016-10,4.6,"3 km SE of San José El Ídolo, Guatemala",Belize,BLZ,294.9033368876624,45.66942466443102
us10007396,2016-10-31 15:22:12.140000+00:00,2016,10,2016-10,4.5,"96 km SW of Acajutla, El Salvador",Belize,BLZ,358.03668795286535,29.68473734085002
us100073ca,2016-11-01 04:24:28.710000+00:00,2016,11,2016-11,4.5,"63 km SW of Brisas Barra de Suchiate, Mexico",Belize,BLZ,431.33830478502153,20.575991507387098
us100073w7,2016-11-03 04:59:12.030000+00:00,2016,11,2016-11,5.1,"66 km SW of Jiquilillo, Nicaragua",Belize,BLZ,432.3800888915267,40.84120681453874
us100076l6,2016-11-10 02:55:59.310000+00:00,2016,11,2016-11,4.6,"88 km WSW of Puerto Madero, Mexico",Belize,BLZ,470.01925391091373,19.02681774644324
us100078xc,2016-11-16 17:48:01.370000+00:00,2016,11,2016-11,4.6,"118 km SW of Puerto Madero, Mexico",Belize,BLZ,494.82966246817284,16.80703252579521
us100079r5,2016-11-18 00:23:48.070000+00:00,2016,11,2016-11,4.5,"9 km SSE of Nueva Concepción, Guatemala",Belize,BLZ,303.43109869934386,39.00387365716112
us10007e2z,2016-11-23 07:55:40.390000+00:00,2016,11,2016-11,4.5,"95 km SW of Jiquilillo, Nicaragua",Belize,BLZ,455.8206962411295,18.2053039605643
us10007c4w,2016-11-24 18:43:47.710000+00:00,2016,11,2016-11,6.9,"156 km SSW of Puerto El Triunfo, El Salvador",Belize,BLZ,456.25419678017704,287.90990085271716
us10007eb4,2016-11-24 18:53:03.100000+00:00,2016,11,2016-11,5.1,"143 km SSW of Puerto El Triunfo, El Salvador",Belize,BLZ,441.65981168256957,38.989521429050825
us10007eap,2016-11-24 19:04:10.250000+00:00,2016,11,2016-11,4.7,"140 km SSW of Puerto El Triunfo, El Salvador",Belize,BLZ,432.4452234345227,25.76066848395132
us10007c68,2016-11-24 23:22:35.970000+00:00,2016,11,2016-11,4.6,"139 km SSW of Puerto El Triunfo, El Salvador",Belize,BLZ,432.2423514548766,22.98252068095325
us10007c7a,2016-11-25 02:40:17.550000+00:00,2016,11,2016-11,4.7,"134 km SSW of Puerto El Triunfo, El Salvador",Belize,BLZ,428.08071674804444,26.3290103078024
us10007cam,2016-11-25 15:08:41.160000+00:00,2016,11,2016-11,4.7,"2 km ESE of Santa Apolonia, Guatemala",Belize,BLZ,230.4761125263779,70.7175946821905
us10007cbc,2016-11-25 16:08:31.620000+00:00,2016,11,2016-11,4.5,"70 km SSW of La Libertad, El Salvador",Belize,BLZ,347.7714422991543,31.248121042690606
us10007cgf,2016-11-26 04:37:44.200000+00:00,2016,11,2016-11,4.7,"92 km SW of Jiquilillo, Nicaragua",Belize,BLZ,434.1746628016749,25.538871257142727
us10007cli,2016-11-26 20:30:01.970000+00:00,2016,11,2016-11,4.9,"8 km WSW of Pasaco, Guatemala",Belize,BLZ,251.8156816217771,80.01827689167348
us10007cu8,2016-11-27 22:38:31.650000+00:00,2016,11,2016-11,4.5,"141 km S of Puerto El Triunfo, El Salvador",Belize,BLZ,446.40254427439464,19.083111664498386
us10007eky,2016-12-03 11:17:59.590000+00:00,2016,12,2016-12,4.7,"16 km ESE of Puerto Morazán, Nicaragua",Belize,BLZ,411.75973743015646,28.56768778469314
us10007sk7,2016-12-05 16:56:29.050000+00:00,2016,12,2016-12,4.5,off the coast of Central America,Belize,BLZ,411.39595876208085,22.733433115719524
us10007gk0,2016-12-07 07:15:35.590000+00:00,2016,12,2016-12,4.5,"155 km SSW of Puerto El Triunfo, El Salvador",Belize,BLZ,454.87482173835286,18.291607544759376
us20007zg3,2016-12-09 10:06:10.360000+00:00,2016,12,2016-12,5.0,"139 km S of Puerto El Triunfo, El Salvador",Belize,BLZ,442.46601805018963,34.6096533682889
us10007m28,2016-12-14 20:05:19.200000+00:00,2016,12,2016-12,4.5,"150 km SSW of Puerto El Triunfo, El Salvador",Belize,BLZ,451.8309440698498,18.572123852060553
us20008124,2016-12-15 16:34:53.460000+00:00,2016,12,2016-12,4.8,"72 km S of Puerto San José, Guatemala",Belize,BLZ,347.0786248954346,44.292311146753384
us2000816k,2016-12-16 00:34:26.400000+00:00,2016,12,2016-12,4.6,"79 km S of Puerto San José, Guatemala",Belize,BLZ,356.2393452418353,33.607490970703005
us2000819r,2016-12-16 11:34:58.440000+00:00,2016,12,2016-12,5.5,"12 km S of Masagua, Guatemala",Belize,BLZ,276.25303216191446,141.29414397585526
us200081yf,2016-12-17 16:12:11.170000+00:00,2016,12,2016-12,5.0,"54 km SW of La Esperanza (El Zapotal), Mexico",Belize,BLZ,488.3245738250945,27.517986993730908
us200082mc,2016-12-19 21:18:32.060000+00:00,2016,12,2016-12,4.9,"9 km S of San José El Ídolo, Guatemala",Belize,BLZ,300.4789565955252,62.736203848905994
us10007liz,2016-12-20 20:08:09.080000+00:00,2016,12,2016-12,4.9,"69 km S of Acajutla, El Salvador",Belize,BLZ,342.1136546511185,50.94594682944714
us10007mf3,2016-12-24 01:31:38.280000+00:00,2016,12,2016-12,4.6,"81 km S of La Libertad, El Salvador",Belize,BLZ,360.10505434317207,32.964144556334396
us10007mz5,2016-12-27 05:14:24.810000+00:00,2016,12,2016-12,4.6,"33 km SSW of Puerto El Triunfo, El Salvador",Belize,BLZ,334.44419698066264,37.476899468299386
us10007n1g,2016-12-27 15:09:59.430000+00:00,2016,12,2016-12,4.7,"157 km SSW of Puerto El Triunfo, El Salvador",Belize,BLZ,458.04148872117526,22.666034466384954
us10007nbg,2016-12-28 14:35:36.040000+00:00,2016,12,2016-12,4.7,off the coast of Central America,Belize,BLZ,396.8599138131658,30.777238267115266
us10007nfe,2016-12-28 23:31:36.110000+00:00,2016,12,2016-12,4.6,"49 km S of La Esperanza (El Zapotal), Mexico",Belize,BLZ,449.0977004378448,21.125000812337454
us10007pxt,2017-01-04 16:45:08.790000+00:00,2017,1,2017-01,5.0,"43 km S of La Libertad, El Salvador",Belize,BLZ,320.7542834691106,63.60495112157267
us10007rvi,2017-01-07 13:27:23.230000+00:00,2017,1,2017-01,4.9,"60 km SW of Puerto San José, Guatemala",Belize,BLZ,349.3419746630316,49.13755472801568
us10007s3q,2017-01-09 10:27:31.570000+00:00,2017,1,2017-01,4.6,"6 km NNE of Concepción Tutuapa, Guatemala",Belize,BLZ,296.2720550130165,45.35794884003996
us10007srd,2017-01-12 03:22:46.930000+00:00,2017,1,2017-01,5.3,"28 km SW of La Gomera, Guatemala",Belize,BLZ,319.7197091251193,90.31033907367828
us10007te1,2017-01-15 14:13:00.020000+00:00,2017,1,2017-01,4.6,"6 km ESE of Casillas, Guatemala",Belize,BLZ,202.25253184864812,72.57953932590577
us10007tig,2017-01-16 12:29:22.180000+00:00,2017,1,2017-01,4.5,"46 km S of Puerto El Triunfo, El Salvador",Belize,BLZ,349.25010664964026,31.017945558840452
us10007vvq,2017-01-28 01:08:35.530000+00:00,2017,1,2017-01,4.7,"66 km S of Champerico, Guatemala",Belize,BLZ,387.17991378554973,32.30349405993437
us20008hhs,2017-02-03 20:17:11.490000+00:00,2017,2,2017-02,4.6,"26 km W of Puerto Madero, Mexico",Belize,BLZ,406.14250449092475,26.18621668025603
us20008it5,2017-02-09 22:14:56.950000+00:00,2017,2,2017-02,4.5,"43 km N of Savannah Bight, Honduras",Belize,BLZ,271.77013797480606,45.6939438471477
us20008jvc,2017-02-15 02:47:38.200000+00:00,2017,2,2017-02,4.8,"111 km SW of Jiquilillo, Nicaragua",Belize,BLZ,434.86239916861564,28.556718355273553
us20008k7u,2017-02-16 13:33:42.080000+00:00,2017,2,2017-02,4.8,"2 km S of Petapa, Guatemala",Belize,BLZ,219.54560908839292,83.80361774551723
us20008kcb,2017-02-16 21:48:30.290000+00:00,2017,2,2017-02,4.5,"74 km SW of La Gomera, Guatemala",Belize,BLZ,366.8930583808449,28.398921449972818
us20008kq3,2017-02-18 23:31:18.220000+00:00,2017,2,2017-02,4.5,"44 km SSW of Champerico, Guatemala",Belize,BLZ,383.46895628129164,26.140129906557352
us20008lsw,2017-02-23 15:16:12.160000+00:00,2017,2,2017-02,4.6,"96 km SW of Jiquilillo, Nicaragua",Belize,BLZ,433.6515404695081,22.82115625262406
us20008m19,2017-02-24 13:41:14.840000+00:00,2017,2,2017-02,4.9,"43 km WSW of Jiquilillo, Nicaragua",Belize,BLZ,397.5071556131526,38.621059081871046
us1000887y,2017-03-03 11:01:20.530000+00:00,2017,3,2017-03,4.6,"12 km S of Masagua, Guatemala",Belize,BLZ,273.8508410500406,50.738830683026194
us1000876g,2017-03-05 22:50:15.840000+00:00,2017,3,2017-03,4.7,"71 km SSW of Jiquilillo, Nicaragua",Belize,BLZ,445.6585612028639,24.113748681019533
us100088x9,2017-03-06 13:26:54.320000+00:00,2017,3,2017-03,4.6,"142 km SSW of Puerto El Triunfo, El Salvador",Belize,BLZ,439.20912210160583,22.19573389185612
us100087et,2017-03-07 07:08:21.820000+00:00,2017,3,2017-03,4.5,"129 km SSW of Puerto El Triunfo, El Salvador",Belize,BLZ,426.928113076757,21.034751300675584
us100087m8,2017-03-08 03:39:44.720000+00:00,2017,3,2017-03,4.8,"7 km ENE of Tres Picos, Mexico",Belize,BLZ,472.41641970515343,23.667957393981517
us1000885d,2017-03-10 13:13:21.270000+00:00,2017,3,2017-03,4.6,"39 km SW of Acajutla, El Salvador",Belize,BLZ,304.8606953484022,43.45136371845952
us100088hp,2017-03-12 09:12:38.540000+00:00,2017,3,2017-03,4.8,"62 km S of Puerto San José, Guatemala",Belize,BLZ,339.7448765718141,45.94659943640795
us100088rh,2017-03-13 21:04:02.570000+00:00,2017,3,2017-03,4.7,"63 km SW of Champerico, Guatemala",Belize,BLZ,415.23854821858976,28.075076555535222
us20008thd,2017-03-21 08:44:13.040000+00:00,2017,3,2017-03,4.6,"12 km SW of Pasaco, Guatemala",Belize,BLZ,258.23152612697015,54.86019737248099
us10008dh0,2017-03-31 09:58:05.730000+00:00,2017,3,2017-03,5.2,"7 km SE of Pijijiapan, Mexico",Belize,BLZ,437.5745401402493,44.64974253816041
us10008dqk,2017-04-01 01:54:19.840000+00:00,2017,4,2017-04,4.8,"13 km WSW of Tiquisate, Guatemala",Belize,BLZ,314.7267219346993,52.069044333558715
us10008dyt,2017-04-02 16:24:42.420000+00:00,2017,4,2017-04,4.5,"91 km S of La Libertad, El Salvador",Belize,BLZ,370.51936148377774,27.888645978342264
us10008ge2,2017-04-10 23:53:58.630000+00:00,2017,4,2017-04,4.8,"4 km WSW of Tonacatepeque, El Salvador",Belize,BLZ,244.21295331718665,74.07954561407156
us10008iur,2017-04-18 23:39:28.490000+00:00,2017,4,2017-04,4.9,"52 km S of Champerico, Guatemala",Belize,BLZ,388.94382393043287,40.31059582869721
us10008qsy,2017-05-09 14:15:48.140000+00:00,2017,5,2017-05,5.1,"30 km SE of Iztapa, Guatemala",Belize,BLZ,284.35915616734576,85.6094955483018
us10008rtu,2017-05-12 10:41:26.710000+00:00,2017,5,2017-05,6.2,"78 km SSW of Acajutla, El Salvador",Belize,BLZ,353.5345642594055,214.93614133965602
us10008rtx,2017-05-12 10:51:08.070000+00:00,2017,5,2017-05,5.2,"76 km SSW of Acajutla, El Salvador",Belize,BLZ,350.5488807533366,68.99105358605776
us10008rvv,2017-05-12 15:22:33.290000+00:00,2017,5,2017-05,4.6,"75 km SSW of Acajutla, El Salvador",Belize,BLZ,350.2027833112397,34.63732290379944
us10008s59,2017-05-13 11:26:15.620000+00:00,2017,5,2017-05,5.0,"78 km SSW of Acajutla, El Salvador",Belize,BLZ,353.64159742811813,53.960632091410254
us10008s65,2017-05-13 13:28:58.360000+00:00,2017,5,2017-05,4.7,"85 km SSW of Acajutla, El Salvador",Belize,BLZ,359.51437731386255,37.095775008899345
us10008s95,2017-05-13 22:57:49.450000+00:00,2017,5,2017-05,4.5,"83 km SSW of Acajutla, El Salvador",Belize,BLZ,357.73462310066526,29.729604793509626
us10008sau,2017-05-14 04:29:02.130000+00:00,2017,5,2017-05,4.6,"83 km SSW of Acajutla, El Salvador",Belize,BLZ,357.79055442740196,33.34783796916218
us10008sgc,2017-05-14 21:36:42.680000+00:00,2017,5,2017-05,4.7,"72 km SSW of Acajutla, El Salvador",Belize,BLZ,346.7431233379054,39.54184000128362
us10008sng,2017-05-16 04:03:48.160000+00:00,2017,5,2017-05,5.2,"83 km SSW of Acajutla, El Salvador",Belize,BLZ,358.09610648580565,66.43610836509288
us10008v9u,2017-05-25 12:19:56.630000+00:00,2017,5,2017-05,4.5,"85 km SW of Corinto, Nicaragua",Belize,BLZ,478.12035425093046,16.28451551630429
us10008vh0,2017-05-26 15:01:48.380000+00:00,2017,5,2017-05,4.7,"106 km SSW of La Libertad, El Salvador",Belize,BLZ,381.0756346694286,33.30464228369761
us10008vh6,2017-05-26 15:23:34.130000+00:00,2017,5,2017-05,5.3,"97 km SSW of Acajutla, El Salvador",Belize,BLZ,372.57581483875987,69.33649716921774
us10008wq0,2017-05-30 21:53:20.580000+00:00,2017,5,2017-05,5.3,"79 km SW of Puerto Madero, Mexico",Belize,BLZ,456.98844343352386,45.46343057932218
us10008wsj,2017-05-31 05:17:22.340000+00:00,2017,5,2017-05,5.4,"80 km SW of Puerto Madero, Mexico",Belize,BLZ,455.8064362728777,51.31317643184323
us20009kp4,2017-06-04 23:57:15.950000+00:00,2017,6,2017-06,4.8,"0 km SW of Amatitlán, Guatemala",Belize,BLZ,226.19974037846072,81.06128887180488
us20009krt,2017-06-05 13:07:45.280000+00:00,2017,6,2017-06,4.6,"145 km NE of Savannah Bight, Honduras",Belize,BLZ,384.93756308461656,29.115127907546
us20009kta,2017-06-05 18:01:06.580000+00:00,2017,6,2017-06,4.5,Near the coast of Guatemala,Belize,BLZ,439.7197511074939,19.73152683877817
us20009lsg,2017-06-10 18:47:31.100000+00:00,2017,6,2017-06,5.5,"77 km SW of Puerto Madero, Mexico",Belize,BLZ,458.58073489305445,56.78120262582782
us20009lt2,2017-06-10 21:23:01.350000+00:00,2017,6,2017-06,4.9,"90 km SW of Puerto Madero, Mexico",Belize,BLZ,470.64755934284653,26.79179492488442
us20009m1f,2017-06-12 20:00:55.810000+00:00,2017,6,2017-06,4.5,"98 km SW of Puerto Madero, Mexico",Belize,BLZ,475.9889021293459,16.45899191086339
us20009m37,2017-06-13 04:37:23.660000+00:00,2017,6,2017-06,5.0,"74 km SW of Champerico, Guatemala",Belize,BLZ,426.53814479564414,37.478671400151285
us20009m3v,2017-06-13 08:43:49.150000+00:00,2017,6,2017-06,5.0,"63 km SW of Champerico, Guatemala",Belize,BLZ,415.09078198992273,39.68641042967196
us20009m4l,2017-06-13 14:03:17.180000+00:00,2017,6,2017-06,4.5,"69 km SSW of Champerico, Guatemala",Belize,BLZ,416.3804362415518,22.173863556672927
us20009m84,2017-06-13 21:24:11.150000+00:00,2017,6,2017-06,4.9,"69 km SW of Champerico, Guatemala",Belize,BLZ,418.53503210314415,34.76664038241863
us20009mbf,2017-06-14 06:38:47.060000+00:00,2017,6,2017-06,5.5,"110 km SW of Puerto Madero, Mexico",Belize,BLZ,491.5942203338217,48.141178082514514
us20009mbr,2017-06-14 07:23:51.470000+00:00,2017,6,2017-06,5.4,"87 km WSW of Puerto Madero, Mexico",Belize,BLZ,468.7253044340402,48.103417713092455
us20009mbt,2017-06-14 07:29:04.390000+00:00,2017,6,2017-06,6.9,"2 km SSW of San Pablo, Guatemala",Belize,BLZ,329.42963598393624,542.8159927243464
us20009mc1,2017-06-14 07:52:42.430000+00:00,2017,6,2017-06,5.1,"8 km NNE of Pajapita, Guatemala",Belize,BLZ,333.1769944503099,67.06799898108318
us20009mim,2017-06-14 21:14:52.460000+00:00,2017,6,2017-06,5.1,"63 km SW of Champerico, Guatemala",Belize,BLZ,415.9878055167761,44.329614809170344
us20009p1a,2017-06-22 12:31:03.490000+00:00,2017,6,2017-06,6.8,"28 km SW of Puerto San José, Guatemala",Belize,BLZ,316.2959687798704,516.6209700558027
us20009p52,2017-06-22 22:25:16.340000+00:00,2017,6,2017-06,4.5,"74 km SW of Puerto Madero, Mexico",Belize,BLZ,452.8151629901447,18.480953187358438
us20009p75,2017-06-23 03:08:13.260000+00:00,2017,6,2017-06,4.5,"36 km SW of Puerto San José, Guatemala",Belize,BLZ,323.8069224897788,35.225908429343136
us100095hc,2017-06-30 13:01:01.250000+00:00,2017,6,2017-06,4.9,"42 km S of Puerto San José, Guatemala",Belize,BLZ,325.2792729840783,55.419810102597374
us100095ve,2017-07-02 13:39:36.790000+00:00,2017,7,2017-07,4.5,"6 km ESE of Nuevo Vicente Guerrero, Mexico",Belize,BLZ,411.8586483775049,22.68090128685024
us100096yu,2017-07-05 15:45:43.470000+00:00,2017,7,2017-07,4.6,"36 km SSW of Puerto San José, Guatemala",Belize,BLZ,322.6979445669936,39.743884930965976
us100096z1,2017-07-05 16:07:36.540000+00:00,2017,7,2017-07,5.1,"24 km S of Iztapa, Guatemala",Belize,BLZ,300.5825095038957,78.93931870184745
us1000993a,2017-07-12 10:08:41.850000+00:00,2017,7,2017-07,4.6,"21 km S of Acajutla, El Salvador",Belize,BLZ,293.6306902044468,45.96095643219797
us20009xwz,2017-07-19 11:26:18.080000+00:00,2017,7,2017-07,4.8,"3 km WSW of Fraijanes, Guatemala",Belize,BLZ,215.9839667981505,85.30937794515303
us20009yd9,2017-07-20 08:03:19.570000+00:00,2017,7,2017-07,4.7,"61 km SSW of Chirilagua, El Salvador",Belize,BLZ,374.170168397208,34.47464500829171
us2000a16h,2017-07-26 02:37:27.250000+00:00,2017,7,2017-07,4.7,"13 km SW of Amapala, Honduras",Belize,BLZ,333.82841002336215,42.17944083899251
us2000a5fz,2017-08-07 06:15:01.270000+00:00,2017,8,2017-08,4.7,"76 km SSW of Acajutla, El Salvador",Belize,BLZ,350.69028647996794,38.7690999437033
us2000a763,2017-08-11 01:07:17.190000+00:00,2017,8,2017-08,4.5,"67 km SSW of Ocós, Guatemala",Belize,BLZ,421.4591653279555,21.617877460936942
us2000a9xx,2017-08-20 15:39:20.380000+00:00,2017,8,2017-08,4.9,"9 km WNW of La Paz Centro, Nicaragua",Belize,BLZ,469.9338048707004,26.887579557220466
us2000aa12,2017-08-20 23:28:57.090000+00:00,2017,8,2017-08,5.3,"32 km SSE of Champerico, Guatemala",Belize,BLZ,363.6026885683085,72.5181629253099
us2000aa6g,2017-08-21 13:59:31.850000+00:00,2017,8,2017-08,5.3,"near the coast of Chiapas, Mexico",Belize,BLZ,464.2968558559657,43.83209086024813
us2000aasp,2017-08-22 22:14:57.320000+00:00,2017,8,2017-08,4.9,"94 km WSW of Puerto Madero, Mexico",Belize,BLZ,476.66257087223835,25.998026296688547
us2000aasv,2017-08-22 22:22:21.150000+00:00,2017,8,2017-08,4.5,"84 km WSW of Puerto Madero, Mexico",Belize,BLZ,467.69614054014045,17.155790524481873
us2000ac50,2017-08-26 23:33:13.100000+00:00,2017,8,2017-08,4.7,"10 km N of Champerico, Guatemala",Belize,BLZ,344.2888759226185,40.03005667925499
us2000addm,2017-08-31 05:48:32.240000+00:00,2017,8,2017-08,5.0,"53 km SSW of Nueva Concepción, Guatemala",Belize,BLZ,353.22189153491036,54.0739889676323
us2000aerc,2017-09-03 03:21:42.570000+00:00,2017,9,2017-09,5.0,"99 km SW of Corinto, Nicaragua",Belize,BLZ,462.22635564376935,31.353658356760572
us2000ahew,2017-09-07 08:42:33.230000+00:00,2017,9,2017-09,4.7,"58 km SSW of Intipucá, El Salvador",Belize,BLZ,375.6061028854387,34.22801477119946
us2000ajp5,2017-09-10 21:23:10.520000+00:00,2017,9,2017-09,4.6,"59 km SSE of Champerico, Guatemala",Belize,BLZ,362.9599372969218,32.496943130914886
us2000akvp,2017-09-12 16:58:13.410000+00:00,2017,9,2017-09,4.5,"20 km SSW of La Esperanza (El Zapotal), Mexico",Belize,BLZ,452.50746129552357,18.509408173934464
us2000ala9,2017-09-13 05:09:33.890000+00:00,2017,9,2017-09,4.5,"27 km WSW of El Palmarcito, Mexico",Belize,BLZ,473.19294697604295,16.690700772444785
us2000alfh,2017-09-13 12:48:32.090000+00:00,2017,9,2017-09,4.5,"4 km S of Doctor Belisario Domínguez (La Barra), Mexico",Belize,BLZ,497.97316925799754,14.745686700657323
us2000am56,2017-09-14 05:03:19.680000+00:00,2017,9,2017-09,4.7,"75 km WSW of Puerto Madero, Mexico",Belize,BLZ,458.090334559578,22.66049943503669
us2000arfs,2017-09-20 02:37:35.560000+00:00,2017,9,2017-09,4.9,"4 km ENE of Acatenango, Guatemala",Belize,BLZ,240.7384916367272,84.57519494433141
us2000arj1,2017-09-20 10:39:28.280000+00:00,2017,9,2017-09,4.7,"33 km SW of La Esperanza (El Zapotal), Mexico",Belize,BLZ,469.1700359296864,21.439280757630247
us2000asex,2017-09-21 11:44:27.080000+00:00,2017,9,2017-09,4.8,"16 km SW of Tamaulipas, Mexico",Belize,BLZ,478.15554052078147,22.998443059710407
us2000axrm,2017-10-02 10:22:14.140000+00:00,2017,10,2017-10,4.9,"94 km WSW of Jiquilillo, Nicaragua",Belize,BLZ,420.51884247944207,34.4234929348377
us2000b2q3,2017-10-08 03:38:47+00:00,2017,10,2017-10,4.9,"80 km SW of Corinto, Nicaragua",Belize,BLZ,459.0816190019131,28.386832203106852
us2000b2qc,2017-10-08 04:13:22.680000+00:00,2017,10,2017-10,4.5,"96 km SW of Corinto, Nicaragua",Belize,BLZ,473.49993871883584,16.665100888260923
us2000b2qg,2017-10-08 04:27:59.570000+00:00,2017,10,2017-10,4.5,"91 km SW of Corinto, Nicaragua",Belize,BLZ,465.3326161863821,17.359733857138508
us1000apz3,2017-10-10 23:55:45.620000+00:00,2017,10,2017-10,4.7,"10 km N of El Palmarcito, Mexico",Belize,BLZ,446.5482194319867,24.00672192583867
us1000aquq,2017-10-12 17:44:36.350000+00:00,2017,10,2017-10,4.6,"2 km NW of Cuyotenango, Guatemala",Belize,BLZ,304.4983913725542,43.53014806577635
us1000as1i,2017-10-14 06:19:17.360000+00:00,2017,10,2017-10,4.8,"48 km SSW of Puerto El Triunfo, El Salvador",Belize,BLZ,346.8928846791561,44.333464570669534
us1000atj1,2017-10-17 23:03:40.150000+00:00,2017,10,2017-10,4.8,"43 km W of Jiquilillo, Nicaragua",Belize,BLZ,384.90590643427817,36.65957652822302
us2000bh8x,2017-10-29 14:39:25.380000+00:00,2017,10,2017-10,4.6,"28 km SSW of Ocós, Guatemala",Belize,BLZ,385.19601169891416,29.07752838432594
us1000ayit,2017-10-30 14:28:00.540000+00:00,2017,10,2017-10,4.5,"39 km SSW of Champerico, Guatemala",Belize,BLZ,381.79457850797456,26.359890792391706
us2000bhe0,2017-11-02 22:13:09.410000+00:00,2017,11,2017-11,4.6,"64 km SSW of Nueva Concepción, Guatemala",Belize,BLZ,359.7118848875378,33.02901076783045
us2000biid,2017-11-04 18:12:27.820000+00:00,2017,11,2017-11,5.2,"9 km SW of Champerico, Guatemala",Belize,BLZ,360.27038209301077,65.71776806514467
us2000bmjs,2017-11-13 10:01:27.200000+00:00,2017,11,2017-11,4.6,"28 km SSW of Puerto El Triunfo, El Salvador",Belize,BLZ,326.94571677293726,38.90867097480669
us2000bnme,2017-11-14 23:53:38.390000+00:00,2017,11,2017-11,4.5,"81 km SSW of La Gomera, Guatemala",Belize,BLZ,373.9663625492426,27.412103419278953
us2000bnqn,2017-11-15 04:22:05.090000+00:00,2017,11,2017-11,4.7,"79 km WSW of Puerto Madero, Mexico",Belize,BLZ,461.99110752071454,22.222814268344695
us2000buht,2017-11-26 14:14:18.900000+00:00,2017,11,2017-11,4.8,"50 km S of Puerto El Triunfo, El Salvador",Belize,BLZ,354.14261554341965,42.7552136840679
us2000bul8,2017-11-26 20:32:59.790000+00:00,2017,11,2017-11,4.7,"62 km SSW of Acajutla, El Salvador",Belize,BLZ,336.50973297143696,41.61773105237797
us2000bvpw,2017-11-28 23:34:21.170000+00:00,2017,11,2017-11,4.5,"62 km S of Champerico, Guatemala",Belize,BLZ,378.96141521359885,26.73595752496684
us1000bmum,2017-12-06 18:17:36.680000+00:00,2017,12,2017-12,4.6,"18 km SSW of Flores Costa Cuca, Guatemala",Belize,BLZ,341.9114940050383,36.103443328861424
us1000buca,2017-12-14 23:25:06.070000+00:00,2017,12,2017-12,4.5,"10 km NNE of Jiquilillo, Nicaragua",Belize,BLZ,388.94552616934067,25.434050023420244
us2000c4rw,2017-12-15 09:07:43.960000+00:00,2017,12,2017-12,5.1,"8 km SSW of Zunil, Guatemala",Belize,BLZ,288.56532396301174,83.82785638281305
us1000bt2g,2017-12-19 14:13:35.640000+00:00,2017,12,2017-12,4.5,"99 km SSW of La Gomera, Guatemala",Belize,BLZ,391.2357440262656,25.144463649828797
us1000bxl7,2017-12-29 09:42:40.870000+00:00,2017,12,2017-12,5.3,"51 km SSW of Champerico, Guatemala",Belize,BLZ,392.6198241140071,62.724453266926616
us1000bxyc,2017-12-29 22:12:02.650000+00:00,2017,12,2017-12,4.5,"44 km S of Puerto El Triunfo, El Salvador",Belize,BLZ,346.89049845316435,31.386063818921436
us1000byr6,2018-01-01 09:40:08.750000+00:00,2018,1,2018-01,4.5,"39 km NW of Guanaja, Honduras",Belize,BLZ,233.04694998469228,55.455545028639015
us1000byz2,2018-01-02 09:40:29.790000+00:00,2018,1,2018-01,4.6,"7 km S of La Paz Centro, Nicaragua",Belize,BLZ,485.30680073361066,17.626645573604005
us1000bzb5,2018-01-03 13:38:40.300000+00:00,2018,1,2018-01,5.2,"32 km S of La Libertad, El Salvador",Belize,BLZ,309.34472557801485,84.77473939211006
us1000c0mp,2018-01-04 11:43:06.610000+00:00,2018,1,2018-01,4.6,"11 km N of San Cristóbal Verapaz, Guatemala",Belize,BLZ,155.70803617225792,91.59764236953687
us1000c1nx,2018-01-07 08:55:29.710000+00:00,2018,1,2018-01,5.3,"54 km S of Intipucá, El Salvador",Belize,BLZ,375.05663844910976,68.48175121727438
us1000c1sh,2018-01-07 19:01:28.720000+00:00,2018,1,2018-01,4.5,"68 km SW of Puerto San José, Guatemala",Belize,BLZ,357.65336021516885,29.74168681524422
us2000ciqn,2018-01-12 04:23:25+00:00,2018,1,2018-01,4.6,"82 km SSW of Puerto El Triunfo, El Salvador",Belize,BLZ,379.7570865108406,29.87913113412936
us2000cpsh,2018-01-12 22:11:19.560000+00:00,2018,1,2018-01,4.8,"4 km N of Armenia, El Salvador",Belize,BLZ,243.64157287686095,74.29148623369045
us2000cjie,2018-01-14 15:21:00.080000+00:00,2018,1,2018-01,4.8,"101 km SW of Jiquilillo, Nicaragua",Belize,BLZ,455.82217833862126,25.71548479058277
us2000cjqf,2018-01-15 19:09:23.920000+00:00,2018,1,2018-01,4.5,"87 km SW of Jiquilillo, Nicaragua",Belize,BLZ,440.5376956910594,19.650995149655802
us2000cjvr,2018-01-16 08:24:04.960000+00:00,2018,1,2018-01,4.9,"130 km SSW of La Libertad, El Salvador",Belize,BLZ,409.5592425887755,36.36247240342615
us2000cksw,2018-01-18 14:58:42.040000+00:00,2018,1,2018-01,5.0,"81 km WSW of Aquiles Serdán, Mexico",Belize,BLZ,464.8202465545471,30.949644095052246
us2000cqd2,2018-01-27 14:40:36.020000+00:00,2018,1,2018-01,4.7,"27 km NNW of Brus Laguna, Honduras",Belize,BLZ,427.9275765845831,26.349178172803942
us2000crjv,2018-01-31 00:09:49.290000+00:00,2018,1,2018-01,4.5,"6 km SSE of La Paz Centro, Nicaragua",Belize,BLZ,484.8820832183039,15.743160911797874
us2000d07k,2018-02-10 11:04:13.530000+00:00,2018,2,2018-02,5.0,"1 km SSE of Cantón Villaflor, Mexico",Belize,BLZ,358.61911794569295,52.63425495965669
us2000d0qb,2018-02-11 23:44:21.700000+00:00,2018,2,2018-02,4.5,"8 km ENE of Hermenegildo Galeana, Mexico",Belize,BLZ,414.70638409144703,22.36024351273759
us2000d0t8,2018-02-12 05:29:04.810000+00:00,2018,2,2018-02,4.5,"126 km SSW of Puerto El Triunfo, El Salvador",Belize,BLZ,424.083477172001,21.336070120812757
us2000d303,2018-02-16 01:03:28.500000+00:00,2018,2,2018-02,4.7,"33 km SW of Jiquilillo, Nicaragua",Belize,BLZ,416.203427156311,27.939957501214614
us2000d35e,2018-02-16 11:01:27.460000+00:00,2018,2,2018-02,5.0,"50 km S of Intipucá, El Salvador",Belize,BLZ,373.41574758322315,48.880766430021275
us2000d364,2018-02-16 11:43:33.320000+00:00,2018,2,2018-02,4.8,"70 km SW of Acajutla, El Salvador",Belize,BLZ,342.0890565784079,45.41120770335629
us2000d4xl,2018-02-19 20:54:29.660000+00:00,2018,2,2018-02,4.5,"126 km S of La Libertad, El Salvador",Belize,BLZ,406.3110564032375,23.3188297323778
us2000d6bt,2018-02-22 11:19:04.300000+00:00,2018,2,2018-02,4.7,"107 km SW of Jiquilillo, Nicaragua",Belize,BLZ,439.570519799439,24.85906238440423
us2000d7a6,2018-02-24 01:50:53.720000+00:00,2018,2,2018-02,4.9,"51 km SSW of Intipucá, El Salvador",Belize,BLZ,371.61766451009663,43.95846255883397
us2000dbyd,2018-03-04 05:01:26.170000+00:00,2018,3,2018-03,4.5,"23 km S of La Libertad, El Salvador",Belize,BLZ,300.2449552211129,39.630209085605735
us2000dcdu,2018-03-05 11:35:52.600000+00:00,2018,3,2018-03,4.6,"41 km N of Savannah Bight, Honduras",Belize,BLZ,264.3452074596803,53.208580800722395
us1000dcx1,2018-03-09 03:29:42.250000+00:00,2018,3,2018-03,4.5,"132 km SW of Champerico, Guatemala",Belize,BLZ,480.4879153922154,16.092879100812656
us1000d696,2018-03-18 22:30:33.920000+00:00,2018,3,2018-03,4.6,"8 km W of Cuilco, Guatemala",Belize,BLZ,316.5567464370869,40.98318996186691
us1000d865,2018-03-23 17:16:25.420000+00:00,2018,3,2018-03,4.6,"5 km S of Santa Bárbara, Guatemala",Belize,BLZ,281.43036508690807,48.851930099820045
us1000ddag,2018-03-26 15:21:43.590000+00:00,2018,3,2018-03,4.5,"80 km SW of Puerto Madero, Mexico",Belize,BLZ,458.0162305270768,18.00654506634408
us1000d9db,2018-03-26 23:21:22.490000+00:00,2018,3,2018-03,4.5,"94 km WSW of Puerto Madero, Mexico",Belize,BLZ,477.32610575794274,16.349313855642073
us1000daje,2018-03-29 01:21:48.590000+00:00,2018,3,2018-03,4.7,"11 km SE of Nueva Concepción, Guatemala",Belize,BLZ,302.6487273420065,49.29542767536545
us1000dc3u,2018-04-01 12:13:04.730000+00:00,2018,4,2018-04,4.7,"18 km WSW of Champerico, Guatemala",Belize,BLZ,368.7093821101241,35.428906615468165
us1000dcmj,2018-04-02 20:29:13.320000+00:00,2018,4,2018-04,4.5,"85 km SW of Corinto, Nicaragua",Belize,BLZ,481.2616838976411,16.030738569238743
us1000dcru,2018-04-02 23:23:17.670000+00:00,2018,4,2018-04,5.9,"24 km SW of Puerto El Triunfo, El Salvador",Belize,BLZ,320.72511214122534,179.28925720647027
us1000ddpb,2018-04-03 16:00:50.900000+00:00,2018,4,2018-04,4.8,"36 km SW of Puerto El Triunfo, El Salvador",Belize,BLZ,325.307354646745,49.38602305010219
us2000dwar,2018-04-08 05:08:20.900000+00:00,2018,4,2018-04,5.2,"43 km SW of Nueva Concepción, Guatemala",Belize,BLZ,345.3258303749043,70.81650463954288
us2000dwb7,2018-04-08 05:34:28.230000+00:00,2018,4,2018-04,4.5,"58 km SSE of Champerico, Guatemala",Belize,BLZ,364.7423065720562,28.705964583337934
us1000dqc6,2018-04-22 17:25:54.820000+00:00,2018,4,2018-04,4.6,"108 km SW of Jiquilillo, Nicaragua",Belize,BLZ,439.9655873193256,22.111940954502906
us1000dr32,2018-04-24 02:29:52.640000+00:00,2018,4,2018-04,5.6,"42 km SW of Jiquilillo, Nicaragua",Belize,BLZ,411.50693101874424,80.61652112862068
us1000dsd7,2018-04-25 22:18:24.560000+00:00,2018,4,2018-04,4.9,"5 km ENE of Quesada, Guatemala",Belize,BLZ,203.68406729645764,101.79012966923125
us1000dtrv,2018-04-28 01:48:22.050000+00:00,2018,4,2018-04,4.6,"37 km SW of La Paz Centro, Nicaragua",Belize,BLZ,493.0672140154523,16.955794669486316
us1000dxty,2018-05-04 11:09:31.430000+00:00,2018,5,2018-05,4.7,"39 km S of Champerico, Guatemala",Belize,BLZ,370.6952648641153,35.07885910159061
us1000dz60,2018-05-06 04:58:22.070000+00:00,2018,5,2018-05,4.9,"2 km ESE of Conchagua, El Salvador",Belize,BLZ,320.99694486682534,56.619234152728176
us1000dzap,2018-05-06 12:37:58.950000+00:00,2018,5,2018-05,5.2,"3 km NE of Intipucá, El Salvador",Belize,BLZ,322.2371491139567,79.48239067760721
us1000dzau,2018-05-06 12:44:28.080000+00:00,2018,5,2018-05,5.2,"10 km WSW of Conchagua, El Salvador",Belize,BLZ,319.74687035301406,80.4782442407544
us1000dzcv,2018-05-06 14:52:54.180000+00:00,2018,5,2018-05,4.8,"4 km NW of Intipucá, El Salvador",Belize,BLZ,320.3280848532151,50.6309879496805
us1000dzfb,2018-05-06 17:43:41.120000+00:00,2018,5,2018-05,4.5,"13 km NE of Chirilagua, El Salvador",Belize,BLZ,310.86484751340583,37.58076016406243
us1000dzgj,2018-05-06 18:58:16.660000+00:00,2018,5,2018-05,4.5,"11 km S of San Alejo, El Salvador",Belize,BLZ,313.0031721712893,37.18110114241508
us1000dzgr,2018-05-06 19:02:22.360000+00:00,2018,5,2018-05,5.4,"10 km S of Intipucá, El Salvador",Belize,BLZ,334.40279253039887,94.15720588864531
us1000dzs2,2018-05-07 06:57:03.270000+00:00,2018,5,2018-05,4.6,"75 km SW of Acajutla, El Salvador",Belize,BLZ,346.4902570924637,35.28628736040739
us1000e133,2018-05-08 23:07:32.830000+00:00,2018,5,2018-05,4.7,"11 km W of Conchagua, El Salvador",Belize,BLZ,315.8508292104547,46.146486343598276
us1000e1ki,2018-05-09 20:25:21.120000+00:00,2018,5,2018-05,4.6,"5 km N of Puerto Morazán, Nicaragua",Belize,BLZ,394.43265440287774,27.765172342841645
us1000e3av,2018-05-11 21:34:26.750000+00:00,2018,5,2018-05,4.5,"83 km SSW of Nueva Concepción, Guatemala",Belize,BLZ,383.1992369660623,26.175406177632105
us1000e45f,2018-05-13 15:59:48.500000+00:00,2018,5,2018-05,4.7,"11 km NW of Puerto Morazán, Nicaragua",Belize,BLZ,388.53809980862235,32.08486647182588
us1000e7u8,2018-05-18 06:04:13.700000+00:00,2018,5,2018-05,4.5,"94 km SSW of La Libertad, El Salvador",Belize,BLZ,366.87984574702165,28.400797634695955
us1000eigv,2018-06-04 15:06:45.380000+00:00,2018,6,2018-06,5.1,"104 km SSW of Champerico, Guatemala",Belize,BLZ,442.77486126918177,38.77275001896936
us1000eis8,2018-06-05 04:54:47.550000+00:00,2018,6,2018-06,4.6,"102 km S of Champerico, Guatemala",Belize,BLZ,426.524247541458,23.649086211005315
us1000eu39,2018-06-18 02:32:55.870000+00:00,2018,6,2018-06,5.7,"12 km SW of Guanagazapa, Guatemala",Belize,BLZ,261.2728798994491,191.71370042286634
us1000ezw9,2018-06-23 21:54:34.240000+00:00,2018,6,2018-06,4.5,"92 km SSW of Puerto El Triunfo, El Salvador",Belize,BLZ,389.8246343870322,25.322498954753733
us1000f0ez,2018-06-24 18:02:41.460000+00:00,2018,6,2018-06,4.5,"108 km SSW of Champerico, Guatemala",Belize,BLZ,449.9650267133291,18.746204882633414
us1000f0tn,2018-06-25 05:19:58.830000+00:00,2018,6,2018-06,4.5,"34 km S of Iztapa, Guatemala",Belize,BLZ,309.52241347778534,37.8338570862774
us1000f2vn,2018-06-27 00:13:59.330000+00:00,2018,6,2018-06,4.5,"95 km SSW of Puerto El Triunfo, El Salvador",Belize,BLZ,384.07157962247123,26.06148518680146
us1000f3bt,2018-06-27 14:45:20.930000+00:00,2018,6,2018-06,4.8,"27 km SW of Tiquisate, Guatemala",Belize,BLZ,329.48937662531387,48.36407761205294
us2000g032,2018-07-09 04:15:21.570000+00:00,2018,7,2018-07,4.7,"25 km SW of Mapastepec, Mexico",Belize,BLZ,430.26631381709706,26.042853674501384
us2000g060,2018-07-09 07:11:48.750000+00:00,2018,7,2018-07,4.7,"5 km S of Jucuapa, El Salvador",Belize,BLZ,284.5715719617816,53.95860123396181
us2000g2ta,2018-07-12 07:56:23.020000+00:00,2018,7,2018-07,4.6,"45 km SSW of La Libertad, El Salvador",Belize,BLZ,318.5417505586034,40.57844284118508
us2000g8d0,2018-07-19 01:27:19.230000+00:00,2018,7,2018-07,4.5,"54 km SSW of La Gomera, Guatemala",Belize,BLZ,344.29429807415715,31.796142228752924
us2000gci3,2018-07-24 10:51:21+00:00,2018,7,2018-07,4.8,"30 km S of Intipucá, El Salvador",Belize,BLZ,356.079089446021,42.3432395678663
us2000gfiz,2018-07-27 20:42:02.690000+00:00,2018,7,2018-07,5.3,"57 km SSW of Intipucá, El Salvador",Belize,BLZ,375.97468075277294,68.16812584810816
us1000g3aa,2018-08-04 05:46:02.740000+00:00,2018,8,2018-08,4.9,"77 km S of Puerto San José, Guatemala",Belize,BLZ,353.8127668252822,48.051321791644256
us1000g5cv,2018-08-04 05:47:18.370000+00:00,2018,8,2018-08,4.6,"96 km S of Puerto San José, Guatemala",Belize,BLZ,366.0862320191858,31.99291761556908
us1000g3dz,2018-08-04 10:27:08.620000+00:00,2018,8,2018-08,5.1,"76 km S of Puerto San José, Guatemala",Belize,BLZ,352.3046708007814,60.95090067721589
us1000g3ln,2018-08-04 20:18:36.480000+00:00,2018,8,2018-08,4.5,"77 km S of Puerto San José, Guatemala",Belize,BLZ,357.136426294116,29.81865867973319
us1000g5kw,2018-08-09 00:25:58.620000+00:00,2018,8,2018-08,5.0,"131 km S of La Libertad, El Salvador",Belize,BLZ,411.61735008697104,40.38167052145943
us1000g60s,2018-08-09 19:21:51.990000+00:00,2018,8,2018-08,5.6,"59 km SW of Puerto San José, Guatemala",Belize,BLZ,347.2650549340702,111.15359523854724
us1000g9n5,2018-08-15 14:19:36.160000+00:00,2018,8,2018-08,4.7,"8 km W of Amapala, Honduras",Belize,BLZ,325.99429634951235,43.86441884559306
us2000h78f,2018-09-03 18:11:34.460000+00:00,2018,9,2018-09,4.6,"9 km N of San Carlos Sija, Guatemala",Belize,BLZ,275.0296927939611,50.44064255016238
us2000hbvx,2018-09-10 12:39:17.210000+00:00,2018,9,2018-09,4.6,"73 km WSW of Puerto Madero, Mexico",Belize,BLZ,456.1500965082129,20.39307191879498
us2000hdas,2018-09-12 06:29:53.150000+00:00,2018,9,2018-09,5.4,"20 km SW of La Paz Centro, Nicaragua",Belize,BLZ,486.6678910095005,43.975835770969915
us2000hdfj,2018-09-12 15:35:16.080000+00:00,2018,9,2018-09,4.7,"9 km SSE of Conchagua, El Salvador",Belize,BLZ,329.63187940910666,43.07382790541638
us2000hgxx,2018-09-19 00:59:28.710000+00:00,2018,9,2018-09,4.5,"10 km SW of Posoltega, Nicaragua",Belize,BLZ,445.2372923942922,19.194619344128093
us1000h3d9,2018-09-27 17:32:11.750000+00:00,2018,9,2018-09,4.5,"28 km SW of Puerto Madero, Mexico",Belize,BLZ,408.75877591677005,23.035179242133697
us1000h4pt,2018-09-30 17:13:21.030000+00:00,2018,9,2018-09,4.5,"79 km SW of Acajutla, El Salvador",Belize,BLZ,345.61388426761295,31.587044043547554
us1000h8au,2018-10-07 00:26:43.620000+00:00,2018,10,2018-10,4.9,"63 km SSW of Intipucá, El Salvador",Belize,BLZ,379.74200029205883,42.208578246816685
us1000hbcu,2018-10-12 21:09:49.310000+00:00,2018,10,2018-10,5.7,"11 km E of Nueva Concepción, Guatemala",Belize,BLZ,293.1537693695863,163.4649620829488
us1000hc9i,2018-10-15 09:05:42.040000+00:00,2018,10,2018-10,4.9,"109 km S of Puerto San José, Guatemala",Belize,BLZ,380.0703784681195,42.13933322906017
us1000hgcf,2018-10-23 23:38:58.830000+00:00,2018,10,2018-10,4.5,"46 km SSW of La Libertad, El Salvador",Belize,BLZ,323.3623559222739,35.304296825205384
us1000hib5,2018-10-28 22:23:53.420000+00:00,2018,10,2018-10,6.1,"85 km SW of Acajutla, El Salvador",Belize,BLZ,351.62828505882413,193.39662042613114
us2000i4sw,2018-10-31 17:46:59.550000+00:00,2018,10,2018-10,4.7,"52 km SSW of Corinto, Nicaragua",Belize,BLZ,473.50131352907766,20.97997478042854
us2000i6x6,2018-11-05 07:27:20.750000+00:00,2018,11,2018-11,4.5,"94 km SSW of Puerto El Triunfo, El Salvador",Belize,BLZ,388.16038037615454,25.53409345353019
us2000i74a,2018-11-05 19:39:35.160000+00:00,2018,11,2018-11,4.5,"88 km SW of Acajutla, El Salvador",Belize,BLZ,353.45225197583864,30.37303473111657
us2000i7xq,2018-11-07 10:21:33.540000+00:00,2018,11,2018-11,4.7,"100 km SW of Acajutla, El Salvador",Belize,BLZ,361.6616822404485,36.699625745336206
us1000hqtw,2018-11-12 14:12:21.040000+00:00,2018,11,2018-11,4.5,"75 km SW of Acajutla, El Salvador",Belize,BLZ,341.3948177748999,32.26046124597157
us1000hwxg,2018-11-27 04:30:23.230000+00:00,2018,11,2018-11,4.6,"77 km SW of Acajutla, El Salvador",Belize,BLZ,344.1058312352248,35.70949278246978
us1000i12y,2018-12-03 09:07:29.630000+00:00,2018,12,2018-12,4.5,"94 km S of Puerto El Triunfo, El Salvador",Belize,BLZ,397.11820174490754,24.415677598859606
us1000i3dq,2018-12-06 09:43:55.680000+00:00,2018,12,2018-12,5.1,"5 km ENE of Chichigalpa, Nicaragua",Belize,BLZ,436.05298626552855,40.098023980623495
us2000itfs,2018-12-14 00:52:30.510000+00:00,2018,12,2018-12,4.5,"76 km WSW of Jiquilillo, Nicaragua",Belize,BLZ,407.768777989889,23.149485815386644
us2000ivaf,2018-12-20 08:52:36.270000+00:00,2018,12,2018-12,4.6,"73 km SW of Corinto, Nicaragua",Belize,BLZ,454.9625629287532,20.514519407871557
us2000j1sa,2018-12-20 17:01:49.130000+00:00,2018,12,2018-12,4.6,"6 km NE of San Juan Tecuaco, Guatemala",Belize,BLZ,231.66176844994982,62.65458553975551
us2000iyh5,2018-12-28 02:20:09.560000+00:00,2018,12,2018-12,4.8,"91 km SSW of Chirilagua, El Salvador",Belize,BLZ,402.2237556876551,33.61880035110915
us2000iyhg,2018-12-28 02:51:14.470000+00:00,2018,12,2018-12,4.9,"94 km SSW of Chirilagua, El Salvador",Belize,BLZ,405.1250471559771,37.17766739113464
us2000j0hj,2019-01-05 11:19:27.340000+00:00,2019,1,2019-01,4.6,"41 km SSW of Puerto El Triunfo, El Salvador",Belize,BLZ,342.2930239674649,36.03463625274717
us2000j0ig,2019-01-05 17:08:31.460000+00:00,2019,1,2019-01,4.5,"0 km SE of San Andrés Xecul, Guatemala",Belize,BLZ,275.2726010777232,44.90070309908497
us2000j0ix,2019-01-05 18:52:57.150000+00:00,2019,1,2019-01,4.7,"87 km WSW of Puerto Madero, Mexico",Belize,BLZ,470.74810142378095,21.270783435427173
us2000j408,2019-01-15 03:10:53.400000+00:00,2019,1,2019-01,4.5,near the coast of Nicaragua,Belize,BLZ,410.6159497887348,22.822267641563574
us2000j8cp,2019-01-24 16:20:01.930000+00:00,2019,1,2019-01,4.6,"58 km S of El Rosario, El Salvador",Belize,BLZ,334.855257685511,37.39995216686164
us2000j9z8,2019-01-29 06:48:54.060000+00:00,2019,1,2019-01,4.5,"90 km S of Champerico, Guatemala",Belize,BLZ,399.5100987329268,24.125417808737293
us1000irta,2019-01-29 22:52:52+00:00,2019,1,2019-01,4.5,"42 km SSW of Chirilagua, El Salvador",Belize,BLZ,355.0591646031287,30.12997839917046
us1000is0e,2019-01-30 11:41:02.470000+00:00,2019,1,2019-01,4.5,"50 km SW of Jiquilillo, Nicaragua",Belize,BLZ,424.8612530969973,21.253257840304737
us2000jb2y,2019-01-31 04:40:30.060000+00:00,2019,1,2019-01,5.0,"0 km S of Chinameca, El Salvador",Belize,BLZ,283.0766766863428,76.79037824627527
us2000jbub,2019-02-01 16:14:12.329000+00:00,2019,2,2019-02,6.7,"5 km SW of Puerto Madero, Mexico",Belize,BLZ,384.9220842055224,326.7023920719899
us2000jdnt,2019-02-05 16:15:34.060000+00:00,2019,2,2019-02,4.9,"12 km E of Nueva Independencia, Mexico",Belize,BLZ,360.2431166325565,46.5309598687123
us2000jg5r,2019-02-11 00:08:48.720000+00:00,2019,2,2019-02,4.7,Honduras,Belize,BLZ,337.36253740961865,41.440649930856885
us2000jjzy,2019-02-19 14:13:09.900000+00:00,2019,2,2019-02,4.6,"85 km WSW of Puerto Madero, Mexico",Belize,BLZ,468.70118061752345,19.152625552515598
us2000jm9u,2019-02-24 03:07:35.090000+00:00,2019,2,2019-02,4.5,"101 km S of La Libertad, El Salvador",Belize,BLZ,380.0273563920693,26.593841788555906
us2000jmky,2019-02-24 23:58:54.300000+00:00,2019,2,2019-02,4.5,"59 km S of Puerto El Triunfo, El Salvador",Belize,BLZ,364.0499456823687,28.805511225318607
us2000jn4i,2019-02-25 22:29:17.720000+00:00,2019,2,2019-02,4.5,off the coast of Central America,Belize,BLZ,333.75084691654905,33.5173167992178
us2000jpji,2019-02-27 13:53:23.040000+00:00,2019,2,2019-02,4.5,"5 km SSW of San Gaspar Ixchil, Guatemala",Belize,BLZ,287.6998284940565,42.1956576629941
us1000j93r,2019-03-01 02:01:28.610000+00:00,2019,3,2019-03,4.5,"14 km WSW of Sesori, El Salvador",Belize,BLZ,260.58063128470906,48.32327375158733
us2000k98t,2019-03-04 17:29:50.120000+00:00,2019,3,2019-03,4.6,"76 km SW of Champerico, Guatemala",Belize,BLZ,427.54269126811243,23.528965992316273
us1000jash,2019-03-05 11:41:10.275000+00:00,2019,3,2019-03,4.8,"near the coast of Chiapas, Mexico",Belize,BLZ,444.80598365476175,27.171654199993473
us1000jatq,2019-03-05 13:44:57.986000+00:00,2019,3,2019-03,4.9,"78 km SW of Puerto Madero, Mexico",Belize,BLZ,459.2032970215554,28.369567187939577
us1000jaur,2019-03-05 15:58:20.273000+00:00,2019,3,2019-03,5.4,"79 km WSW of Puerto Madero, Mexico",Belize,BLZ,461.08034316543575,49.977756440657174
us1000javr,2019-03-05 17:43:59.622000+00:00,2019,3,2019-03,4.7,"75 km SW of Puerto Madero, Mexico",Belize,BLZ,455.2828463691259,22.980837964197065
us1000jb0d,2019-03-05 21:52:53.194000+00:00,2019,3,2019-03,4.9,"69 km SW of Puerto Madero, Mexico",Belize,BLZ,448.3457914742374,29.952252201964992
us1000jff2,2019-03-14 10:05:25.050000+00:00,2019,3,2019-03,4.6,"3 km N of Bejucal de Ocampo, Mexico",Belize,BLZ,329.7357999580729,38.369647375069064
us1000jkxw,2019-03-24 09:30:01.419000+00:00,2019,3,2019-03,5.3,"28 km SW of Nagarote, Nicaragua",Belize,BLZ,498.90543899931987,36.86723814194092
us1000jl0d,2019-03-24 16:19:47.500000+00:00,2019,3,2019-03,4.5,"8 km SE of León, Nicaragua",Belize,BLZ,466.1713932670886,17.287081576862814
us1000jlpq,2019-03-26 12:01:47.542000+00:00,2019,3,2019-03,5.5,"104 km S of La Libertad, El Salvador",Belize,BLZ,383.4068289904154,82.68803076502427
us1000jlsb,2019-03-26 15:01:45.610000+00:00,2019,3,2019-03,4.9,"105 km SW of Puerto El Triunfo, El Salvador",Belize,BLZ,383.50224446380713,41.42241897995002
us1000jlst,2019-03-26 15:26:53.440000+00:00,2019,3,2019-03,4.8,"99 km SW of Puerto El Triunfo, El Salvador",Belize,BLZ,381.7096932215305,37.25014200667589
us2000k9ny,2019-03-26 15:28:42.170000+00:00,2019,3,2019-03,4.6,"112 km S of La Libertad, El Salvador",Belize,BLZ,392.37299725864864,28.05258340122134
us1000jlxq,2019-03-26 19:07:24.730000+00:00,2019,3,2019-03,4.7,"117 km S of La Libertad, El Salvador",Belize,BLZ,397.41211930247334,30.692378671276714
us2000k678,2019-03-27 23:48:48.070000+00:00,2019,3,2019-03,4.6,"107 km SW of Puerto El Triunfo, El Salvador",Belize,BLZ,387.04913231190324,28.809351875356807
us2000k6xj,2019-03-29 04:07:20.564000+00:00,2019,3,2019-03,4.6,"144 km S of La Libertad, El Salvador",Belize,BLZ,425.0963249637841,23.818535713849126
us2000k8bd,2019-04-01 03:36:05.653000+00:00,2019,4,2019-04,4.6,"5 km SSW of Hermenegildo Galeana, Mexico",Belize,BLZ,424.22430293943336,23.922613883759507
us2000kcll,2019-04-08 22:25:42.595000+00:00,2019,4,2019-04,5.0,"105 km S of La Libertad, El Salvador",Belize,BLZ,383.9315168170525,46.37706964520689
us700034yw,2019-04-12 13:31:45.629000+00:00,2019,4,2019-04,4.6,"90 km WSW of Puerto Madero, Mexico",Belize,BLZ,472.20158585470847,18.820332184504647
us700035nk,2019-04-14 02:53:11.011000+00:00,2019,4,2019-04,4.6,"100 km SW of Puerto Madero, Mexico",Belize,BLZ,481.27157329370453,17.98589514058496
us700036ss,2019-04-16 04:04:50.240000+00:00,2019,4,2019-04,4.5,"5 km NW of Palín, Guatemala",Belize,BLZ,235.84572323798932,54.68491219014946
us700039as,2019-04-19 19:43:01.690000+00:00,2019,4,2019-04,4.8,"47 km SSW of Ocós, Guatemala",Belize,BLZ,401.4713527268919,33.74551297365312
us70003dbt,2019-04-28 07:43:46.092000+00:00,2019,4,2019-04,5.1,"42 km NNW of Guanaja, Honduras",Belize,BLZ,238.74436395978975,107.54078460979146
us70003h3p,2019-05-05 20:12:43.092000+00:00,2019,5,2019-05,4.6,"54 km S of Puerto El Triunfo, El Salvador",Belize,BLZ,358.9028425585741,33.16289071059242
us70003izk,2019-05-09 18:23:59.669000+00:00,2019,5,2019-05,4.7,"83 km SW of Ocós, Guatemala",Belize,BLZ,444.4028843852963,24.26562031237941
us70003kiy,2019-05-13 19:03:40.384000+00:00,2019,5,2019-05,4.5,"97 km SW of Ocós, Guatemala",Belize,BLZ,460.0977852561753,17.82010889680351
us70003l2h,2019-05-14 16:14:29.351000+00:00,2019,5,2019-05,4.5,"7 km SW of Posoltega, Nicaragua",Belize,BLZ,442.3719638829174,19.47159310909961
us70003m2q,2019-05-16 16:22:17.474000+00:00,2019,5,2019-05,5.9,"41 km WSW of Jiquilillo, Nicaragua",Belize,BLZ,392.71548334440075,125.09189254893374
us60003rbt,2019-05-16 16:28:37.563000+00:00,2019,5,2019-05,4.9,"56 km WSW of Jiquilillo, Nicaragua",Belize,BLZ,395.07440511614413,39.09370483061894
us70003mbd,2019-05-16 22:30:55.318000+00:00,2019,5,2019-05,4.8,"151 km SSW of Puerto El Triunfo, El Salvador",Belize,BLZ,444.32912755751755,27.236516338919614
us60003qhe,2019-05-22 04:13:28.605000+00:00,2019,5,2019-05,4.5,"18 km S of Nueva Concepción, Guatemala",Belize,BLZ,315.3710848175784,36.74348882562874
us60003tl3,2019-05-29 13:49:14.378000+00:00,2019,5,2019-05,4.6,"3 km SSE of El Arenal, Mexico",Belize,BLZ,394.13610462204593,27.80637165827848
us70003t2n,2019-05-30 09:03:32.337000+00:00,2019,5,2019-05,6.6,"32 km S of La Libertad, El Salvador",Belize,BLZ,309.2279588603178,425.12830291583276
us70003u0r,2019-06-01 01:44:17.800000+00:00,2019,6,2019-06,4.5,"48 km S of La Libertad, El Salvador",Belize,BLZ,326.0903572757633,34.82601527470768
us70003xl5,2019-06-10 09:12:18.942000+00:00,2019,6,2019-06,5.1,"25 km S of Puerto El Triunfo, El Salvador",Belize,BLZ,328.73562258677185,68.57402880502501
us70003y70,2019-06-11 18:49:45.654000+00:00,2019,6,2019-06,4.6,"70 km NNE of Savannah Bight, Honduras",Belize,BLZ,306.6194214556332,43.070943568174684
us6000408k,2019-06-13 03:31:12.130000+00:00,2019,6,2019-06,4.7,"7 km E of Fraijanes, Guatemala",Belize,BLZ,207.91214906093194,79.16341206719495
us600040uu,2019-06-14 16:26:26.921000+00:00,2019,6,2019-06,5.1,"89 km WSW of Puerto Madero, Mexico",Belize,BLZ,472.0148904239677,33.49906523520437
us600040uy,2019-06-14 16:34:45.784000+00:00,2019,6,2019-06,4.6,"87 km WSW of Puerto Madero, Mexico",Belize,BLZ,470.33620914146474,18.996688379872538
us600040w2,2019-06-14 18:08:18.817000+00:00,2019,6,2019-06,4.7,"103 km SW of Puerto Madero, Mexico",Belize,BLZ,482.62472676665254,20.044430501743015
us600040wa,2019-06-14 18:12:59.159000+00:00,2019,6,2019-06,5.0,"74 km WSW of Puerto Madero, Mexico",Belize,BLZ,456.1981212577753,32.31308078775475
us600040wk,2019-06-14 18:36:25.561000+00:00,2019,6,2019-06,4.7,"85 km WSW of Puerto Madero, Mexico",Belize,BLZ,467.92478339457676,21.57318377630845
us600044qb,2019-06-22 21:48:24.945000+00:00,2019,6,2019-06,4.7,"64 km SW of Puerto Madero, Mexico",Belize,BLZ,443.7602001597204,24.343721387989092
us600044qf,2019-06-22 22:31:34.880000+00:00,2019,6,2019-06,5.6,"68 km WSW of Puerto Madero, Mexico",Belize,BLZ,449.75672513295086,66.58335588779539
us60004562,2019-06-24 10:12:07.866000+00:00,2019,6,2019-06,4.5,"53 km WSW of Puerto Madero, Mexico",Belize,BLZ,435.30347858046787,20.172071855208277
us700047t5,2019-06-30 23:34:53.538000+00:00,2019,6,2019-06,4.8,"69 km SW of Puerto Madero, Mexico",Belize,BLZ,450.05658085204357,26.46759935097903
us7000491e,2019-07-03 00:55:09.799000+00:00,2019,7,2019-07,4.5,"15 km NE of Chajul, Guatemala",Belize,BLZ,191.3131389399467,68.32329413207657
us7000496i,2019-07-03 09:39:26.638000+00:00,2019,7,2019-07,4.7,"34 km SW of Jiquilillo, Nicaragua",Belize,BLZ,409.16749841845365,28.94036913901144
us70004gj7,2019-07-10 03:05:53.086000+00:00,2019,7,2019-07,4.8,"48 km SSW of La Libertad, El Salvador",Belize,BLZ,322.84553409532174,49.99767741799327
us70004jfe,2019-07-13 01:36:09.745000+00:00,2019,7,2019-07,4.6,"34 km SSW of Puerto San José, Guatemala",Belize,BLZ,322.40733907461384,39.80167586295105
us70004jfh,2019-07-13 01:40:22.013000+00:00,2019,7,2019-07,4.5,"45 km SSW of Puerto San José, Guatemala",Belize,BLZ,334.3227046341959,33.42161799822939
us70004jvb,2019-07-14 01:57:16.256000+00:00,2019,7,2019-07,4.8,"10 km SE of San Luis Ixcán, Guatemala",Belize,BLZ,201.06992515144395,91.91411398904462
us70004n85,2019-07-18 16:24:24.419000+00:00,2019,7,2019-07,4.9,"3 km ESE of Congregación Reforma, Mexico",Belize,BLZ,364.13486868641473,45.63427753222723
us70004pha,2019-07-20 02:10:46.344000+00:00,2019,7,2019-07,4.6,"42 km S of Nueva Concepción, Guatemala",Belize,BLZ,335.3482389712959,37.30787830766605
us70004qaj,2019-07-22 01:08:56.185000+00:00,2019,7,2019-07,4.5,"11 km SSE of San Luis Ixcán, Guatemala",Belize,BLZ,203.4976172148247,64.28513182464475
us60004x35,2019-07-29 17:44:28.074000+00:00,2019,7,2019-07,4.5,"56 km SSW of La Libertad, El Salvador",Belize,BLZ,331.7860163300188,33.84821879989077
us60004xtc,2019-07-31 05:54:53.150000+00:00,2019,7,2019-07,5.9,"38 km SSW of La Libertad, El Salvador",Belize,BLZ,315.5742972812096,183.9666585995521
us600052ya,2019-08-09 17:03:59.384000+00:00,2019,8,2019-08,4.5,"41 km SSW of La Libertad, El Salvador",Belize,BLZ,317.35286236382564,36.38119962581271
us600056en,2019-08-17 12:34:34.501000+00:00,2019,8,2019-08,4.8,"81 km SW of Jiquilillo, Nicaragua",Belize,BLZ,435.95567027481394,28.401043055857073
us600056y1,2019-08-19 11:37:02.606000+00:00,2019,8,2019-08,4.8,"24 km SSW of Jiquilillo, Nicaragua",Belize,BLZ,411.54145615549925,32.08847535324245
us700057a3,2019-08-22 21:19:40.820000+00:00,2019,8,2019-08,4.9,"93 km SSW of Jiquilillo, Nicaragua",Belize,BLZ,457.4828138375116,28.61466671693487
us700058t2,2019-08-27 15:58:58.343000+00:00,2019,8,2019-08,4.7,"85 km S of Puerto El Triunfo, El Salvador",Belize,BLZ,388.0339514740266,32.165846153362665
us70005gyt,2019-09-05 17:09:34.447000+00:00,2019,9,2019-09,4.5,"70 km SSW of Puerto El Triunfo, El Salvador",Belize,BLZ,367.0789829863227,28.37253342599765
us70005crr,2019-09-06 13:28:21.943000+00:00,2019,9,2019-09,4.9,"39 km SSW of Puerto El Triunfo, El Salvador",Belize,BLZ,336.25765967252704,52.459695996967085
us70005e4e,2019-09-10 14:16:46.649000+00:00,2019,9,2019-09,5.0,"49 km SSW of Puerto El Triunfo, El Salvador",Belize,BLZ,343.529859898175,56.75895453029652
us70005eji,2019-09-10 23:54:56.710000+00:00,2019,9,2019-09,4.8,"38 km S of Ocós, Guatemala",Belize,BLZ,390.81076080138604,35.59305089334007
us70005glk,2019-09-15 06:59:17.238000+00:00,2019,9,2019-09,5.2,"63 km SSW of Nueva Concepción, Guatemala",Belize,BLZ,357.5068296440805,66.63214332099368
us70005hl7,2019-09-17 19:11:42.323000+00:00,2019,9,2019-09,4.6,"18 km NNW of Champerico, Guatemala",Belize,BLZ,346.36728098817616,35.30799088303202
us60005lv5,2019-09-21 22:51:11.416000+00:00,2019,9,2019-09,4.6,"83 km SW of Corinto, Nicaragua",Belize,BLZ,466.16857361996244,19.396698007554892
us70005nlq,2019-09-29 20:25:08.764000+00:00,2019,9,2019-09,4.5,"98 km SSW of Acajutla, El Salvador",Belize,BLZ,371.6583395217116,27.730274583829395
us70005nlt,2019-09-29 21:00:00.595000+00:00,2019,9,2019-09,5.2,"91 km SSW of Acajutla, El Salvador",Belize,BLZ,364.6119578892667,64.3065474297111
us70005tt1,2019-10-13 02:53:14.189000+00:00,2019,10,2019-10,4.5,"81 km S of Acajutla, El Salvador",Belize,BLZ,355.47697857456325,30.06710047055988
us70005wmf,2019-10-21 08:55:25.678000+00:00,2019,10,2019-10,4.7,"63 km SW of Acajutla, El Salvador",Belize,BLZ,329.30943561267236,43.143328358320915
us6000622u,2019-10-24 03:54:19.823000+00:00,2019,10,2019-10,5.0,"8 km ESE of Potrerillo, Mexico",Belize,BLZ,304.92232185842556,68.8445540439573
us600062rf,2019-10-25 00:37:45.422000+00:00,2019,10,2019-10,4.5,"82 km SW of Jiquilillo, Nicaragua",Belize,BLZ,445.3411052915501,19.18465868423475
us600062wl,2019-10-25 15:02:17.312000+00:00,2019,10,2019-10,4.6,"80 km SSW of Chirilagua, El Salvador",Belize,BLZ,393.2743246535188,27.926445035038558
us600063lq,2019-10-27 14:17:13.808000+00:00,2019,10,2019-10,4.6,"91 km S of Acajutla, El Salvador",Belize,BLZ,365.9228966116389,32.01905616868112
us600063p6,2019-10-27 18:39:22.075000+00:00,2019,10,2019-10,4.6,"93 km SW of Puerto Madero, Mexico",Belize,BLZ,470.86914094268724,18.94613606534672
us700063xp,2019-11-06 14:04:05.451000+00:00,2019,11,2019-11,4.5,"87 km SW of Jiquilillo, Nicaragua",Belize,BLZ,431.27672350281364,20.58232796255324
us70006453,2019-11-06 20:38:48.654000+00:00,2019,11,2019-11,4.8,"119 km SW of Jiquilillo, Nicaragua",Belize,BLZ,463.1384105372302,24.791780592120734
us70006465,2019-11-06 21:05:06.254000+00:00,2019,11,2019-11,4.6,"76 km SW of Jiquilillo, Nicaragua",Belize,BLZ,424.966911135684,23.833952940749423
us600069n1,2019-11-09 08:32:52.323000+00:00,2019,11,2019-11,5.5,"9 km WSW of Mataquescuintla, Guatemala",Belize,BLZ,197.02360291859185,209.97552811487077
us60006a8e,2019-11-11 16:03:57.808000+00:00,2019,11,2019-11,4.6,"80 km S of Intipucá, El Salvador",Belize,BLZ,401.4823450031398,26.803540550132286
us60006av9,2019-11-12 21:35:06.516000+00:00,2019,11,2019-11,5.1,"39 km S of Puerto El Triunfo, El Salvador",Belize,BLZ,343.798240877647,63.599193073791085
us60006b3s,2019-11-13 16:28:52.886000+00:00,2019,11,2019-11,5.5,"30 km SSW of Puerto San José, Guatemala",Belize,BLZ,317.78848653606394,114.79714027208726
us70006a6q,2019-11-20 04:27:05.252000+00:00,2019,11,2019-11,6.3,"125 km SW of Puerto Madero, Mexico",Belize,BLZ,499.1971115558287,116.41454507177777
us70006ad6,2019-11-20 11:30:55.920000+00:00,2019,11,2019-11,5.3,"121 km SW of Puerto Madero, Mexico",Belize,BLZ,493.9853431345371,37.7854376393187
us70006b84,2019-11-21 19:01:47.866000+00:00,2019,11,2019-11,4.5,"48 km SW of Puerto San José, Guatemala",Belize,BLZ,337.27902314127203,32.93122657122805
us70006c7v,2019-11-23 15:56:01.721000+00:00,2019,11,2019-11,4.6,"95 km SSW of Intipucá, El Salvador",Belize,BLZ,413.0463999183273,25.297705863617555
us70006eqm,2019-11-30 07:44:21.562000+00:00,2019,11,2019-11,5.7,"49 km S of Champerico, Guatemala",Belize,BLZ,378.637246085287,106.61042309799896
us70006etm,2019-11-30 17:59:16.055000+00:00,2019,11,2019-11,4.7,near the coast of Guatemala,Belize,BLZ,375.32041254151824,34.2769427750839
us70006fit,2019-12-03 13:37:58.957000+00:00,2019,12,2019-12,4.9,"55 km S of Puerto El Triunfo, El Salvador",Belize,BLZ,358.90566257822707,46.84316771900859
us70006fjl,2019-12-03 16:11:05.120000+00:00,2019,12,2019-12,4.6,"59 km SW of Brisas Barra de Suchiate, Mexico",Belize,BLZ,428.0178754757634,23.473129384958288
us60006mf1,2019-12-05 15:11:45.251000+00:00,2019,12,2019-12,4.6,"37 km S of Champerico, Guatemala",Belize,BLZ,374.4113512611457,30.688529645066108
us60006rfn,2019-12-14 07:27:01.421000+00:00,2019,12,2019-12,4.5,"99 km SW of Acajutla, El Salvador",Belize,BLZ,366.8656827616334,28.402808906318715
us60006rvv,2019-12-15 19:42:55.366000+00:00,2019,12,2019-12,4.6,"2 km NNW of Telica, Nicaragua",Belize,BLZ,447.01743692835817,21.345875355791915
us70006ng5,2019-12-19 12:35:31.287000+00:00,2019,12,2019-12,5.9,"42 km SSW of La Gomera, Guatemala",Belize,BLZ,332.8240884364945,168.76472448441228
us70006ngc,2019-12-19 12:39:11.130000+00:00,2019,12,2019-12,5.1,"52 km SSW of La Gomera, Guatemala",Belize,BLZ,343.22762296572904,63.780906366433314
us70006nhs,2019-12-19 14:41:54.884000+00:00,2019,12,2019-12,4.8,"55 km SSW of La Gomera, Guatemala",Belize,BLZ,346.4632696935783,44.428798529966436
us70006nwm,2019-12-20 03:08:52.430000+00:00,2019,12,2019-12,4.5,"6 km W of Ixtahuacán, Guatemala",Belize,BLZ,294.0240302620783,40.88226326246638
us70006pb2,2019-12-21 02:06:00.329000+00:00,2019,12,2019-12,4.5,"53 km S of Nueva Concepción, Guatemala",Belize,BLZ,346.8852367036385,31.386889557815557
us70006ph7,2019-12-21 17:47:27.576000+00:00,2019,12,2019-12,4.5,"27 km SW of Puerto El Triunfo, El Salvador",Belize,BLZ,320.0398168531012,35.89569511134682
us70006q68,2019-12-23 15:47:56.102000+00:00,2019,12,2019-12,5.8,"109 km SW of Ocós, Guatemala",Belize,BLZ,472.5074588625101,74.81059171097786
us70006qce,2019-12-23 23:09:46.039000+00:00,2019,12,2019-12,4.5,"15 km WNW of Champerico, Guatemala",Belize,BLZ,358.91827011448265,29.55417762547469
us70006qrz,2019-12-24 23:55:17.431000+00:00,2019,12,2019-12,4.6,"113 km SW of Brisas Barra de Suchiate, Mexico",Belize,BLZ,476.94109852643027,18.379579182340603
us70006tdt,2020-01-02 01:21:59.261000+00:00,2020,1,2020-01,4.5,"49 km SW of Champerico, Guatemala",Belize,BLZ,400.2186484834987,24.040098736139303
us70006tej,2020-01-02 03:35:22.502000+00:00,2020,1,2020-01,4.6,"63 km S of Intipucá, El Salvador",Belize,BLZ,384.86972712629006,29.125004845497227
us70006xke,2020-01-10 16:00:05.635000+00:00,2020,1,2020-01,4.8,"54 km S of Puerto El Triunfo, El Salvador",Belize,BLZ,357.1533287750788,42.11641540545697
us70006y2u,2020-01-11 02:16:50.793000+00:00,2020,1,2020-01,4.9,"58 km SSW of La Gomera, Guatemala",Belize,BLZ,347.4334463664799,49.60870121182505
us70006zz8,2020-01-15 00:30:11.192000+00:00,2020,1,2020-01,4.6,"125 km SW of Puerto Madero, Mexico",Belize,BLZ,498.2063721848515,16.525652208751858
us7000708m,2020-01-15 14:36:15.705000+00:00,2020,1,2020-01,4.6,"106 km SW of Puerto Madero, Mexico",Belize,BLZ,478.4557786789715,18.240909028468483
us60007chu,2020-01-22 00:01:03.364000+00:00,2020,1,2020-01,4.7,"109 km SW of Brisas Barra de Suchiate, Mexico",Belize,BLZ,477.3058389072651,20.584652502974397
us60007dvq,2020-01-23 15:16:03.184000+00:00,2020,1,2020-01,4.6,"104 km SW of Jiquilillo, Nicaragua",Belize,BLZ,430.0475525965287,23.236119683678375
us70007k02,2020-01-25 14:29:08.774000+00:00,2020,1,2020-01,4.6,"13 km WNW of El Palmarcito, Mexico",Belize,BLZ,457.9710921551694,20.208236182427118
us60007gag,2020-01-26 07:24:04.115000+00:00,2020,1,2020-01,4.7,"11 km NE of Chinandega, Nicaragua",Belize,BLZ,422.00119244126574,27.14163800061677
us60007mj2,2020-02-02 03:32:44.517000+00:00,2020,2,2020-02,5.6,"104 km SW of Brisas Barra de Suchiate, Mexico",Belize,BLZ,469.2518883915007,60.39937869769284
us70007lz9,2020-02-09 08:29:04.311000+00:00,2020,2,2020-02,4.8,"41 km S of El Rosario, El Salvador",Belize,BLZ,316.91253936844294,51.50307560353549
us70007qf8,2020-02-14 20:16:30.405000+00:00,2020,2,2020-02,4.9,"46 km SSE of Puerto El Triunfo, El Salvador",Belize,BLZ,350.23082734843643,48.91965904220492
us70007vnd,2020-02-24 09:00:23.275000+00:00,2020,2,2020-02,4.9,"80 km SW of Ocós, Guatemala",Belize,BLZ,444.2066915182689,30.578587840352768
us70007w6u,2020-02-25 00:13:31.842000+00:00,2020,2,2020-02,4.7,"74 km SSW of Nueva Concepción, Guatemala",Belize,BLZ,370.9720262863643,35.03035029806598
us60008bc6,2020-03-06 20:30:43.168000+00:00,2020,3,2020-03,4.9,"near the coast of Chiapas, Mexico",Belize,BLZ,471.4307870778872,26.687079714071693
us60008bdv,2020-03-06 22:01:02.069000+00:00,2020,3,2020-03,4.7,"77 km WSW of Puerto Madero, Mexico",Belize,BLZ,460.1779450062106,22.42519813831045
us60008blq,2020-03-07 10:29:10.461000+00:00,2020,3,2020-03,4.5,"6 km SSE of Manuel Ávila Camacho, Mexico",Belize,BLZ,419.1964451402417,21.86384224983319
us60008fuy,2020-03-15 01:22:16.792000+00:00,2020,3,2020-03,5.1,"14 km SSW of El Arenal, Mexico",Belize,BLZ,405.47137207313716,46.72293355909624
us70008h21,2020-03-26 23:45:58.917000+00:00,2020,3,2020-03,4.8,"69 km SW of El Arenal, Mexico",Belize,BLZ,459.53555039236176,25.242434100187
us70008iee,2020-03-29 20:26:02.806000+00:00,2020,3,2020-03,4.7,"66 km SW of La Gomera, Guatemala",Belize,BLZ,358.5848684758305,37.268580512082615
us70008lfz,2020-04-02 10:15:37.321000+00:00,2020,4,2020-04,5.2,"155 km SW of Jiquilillo, Nicaragua",Belize,BLZ,480.2223768684579,36.07533379566556
us70008rx6,2020-04-08 20:04:46.651000+00:00,2020,4,2020-04,4.5,"85 km SSW of Champerico, Guatemala",Belize,BLZ,418.41732434870767,21.94918123575373
us70008sc0,2020-04-09 12:11:18.152000+00:00,2020,4,2020-04,4.6,"5 km WSW of Amapala, Honduras",Belize,BLZ,331.3173625021264,38.06742392761795
us70008xeb,2020-04-16 08:04:37.829000+00:00,2020,4,2020-04,6.1,"59 km NNE of Savannah Bight, Honduras",Belize,BLZ,284.49761435453706,270.53364243829657
us60009ax1,2020-04-23 19:48:48.644000+00:00,2020,4,2020-04,4.6,"1 km NW of Posoltega, Nicaragua",Belize,BLZ,440.0825506199938,22.099013307031054
us60009b3q,2020-04-24 00:30:35.490000+00:00,2020,4,2020-04,5.4,"119 km SW of Puerto Madero, Mexico",Belize,BLZ,492.13952828898863,42.78904490406611
us70009acp,2020-05-05 11:03:39.328000+00:00,2020,5,2020-05,4.7,"2 km SE of Chinameca, El Salvador",Belize,BLZ,284.2303587493749,54.050736744567814
us70009adl,2020-05-05 12:02:32.991000+00:00,2020,5,2020-05,5.5,"78 km SSW of Puerto San José, Guatemala",Belize,BLZ,366.4263241494405,90.01509558489425
us70009cdh,2020-05-08 14:08:01.113000+00:00,2020,5,2020-05,4.5,"18 km SW of Puerto El Triunfo, El Salvador",Belize,BLZ,314.1816905837954,36.962652327915286
us70009l9s,2020-05-20 00:58:59.139000+00:00,2020,5,2020-05,4.5,"84 km S of Puerto San José, Guatemala",Belize,BLZ,364.8923808751132,28.684432524727857
us6000a1m2,2020-05-29 10:04:16.548000+00:00,2020,5,2020-05,4.7,"62 km SW of La Gomera, Guatemala",Belize,BLZ,354.7213161533892,37.99552492914578
us6000a3e1,2020-06-01 01:00:35.647000+00:00,2020,6,2020-06,4.7,"34 km S of Puerto El Triunfo, El Salvador",Belize,BLZ,337.11321501843014,41.492342554149474
us6000a5w7,2020-06-04 12:36:45.651000+00:00,2020,6,2020-06,4.5,"48 km WSW of Jiquilillo, Nicaragua",Belize,BLZ,392.28911042229885,25.012380120758888
us6000a7re,2020-06-08 06:05:42.861000+00:00,2020,6,2020-06,4.6,"75 km SSW of Puerto San José, Guatemala",Belize,BLZ,360.19079932007475,32.95001503632125
us7000af4e,2020-06-30 14:45:12.742000+00:00,2020,6,2020-06,4.6,"87 km S of La Libertad, El Salvador",Belize,BLZ,367.0826584467839,31.83392107230194
us7000ahpy,2020-07-04 02:03:46.738000+00:00,2020,7,2020-07,4.5,"96 km SSW of Puerto El Triunfo, El Salvador",Belize,BLZ,388.2291879003949,25.525310275717327
us7000an8y,2020-07-14 08:25:22.377000+00:00,2020,7,2020-07,4.6,"30 km SSW of Puerto El Triunfo, El Salvador",Belize,BLZ,331.24331878352206,38.08151980486131
us6000b9cc,2020-08-04 19:17:51.654000+00:00,2020,8,2020-08,5.8,"105 km S of Champerico, Guatemala",Belize,BLZ,425.35682949250065,94.69986950616011
us6000bbu3,2020-08-10 14:13:27.331000+00:00,2020,8,2020-08,5.7,"45 km N of Savannah Bight, Honduras",Belize,BLZ,266.3546953577799,186.90379855357088
us6000bcqc,2020-08-11 15:59:29.643000+00:00,2020,8,2020-08,4.5,"35 km N of Guanaja, Honduras",Belize,BLZ,261.1621284257897,48.182978575857064
us6000bd3b,2020-08-12 03:25:11.427000+00:00,2020,8,2020-08,4.9,"60 km SSW of Intipucá, El Salvador",Belize,BLZ,376.3723767823192,42.92573776433641
us6000bfjy,2020-08-16 09:19:03.145000+00:00,2020,8,2020-08,4.7,"21 km S of Puerto El Triunfo, El Salvador",Belize,BLZ,324.525947680552,44.18764522141703
us6000bg5k,2020-08-17 19:32:40.249000+00:00,2020,8,2020-08,4.8,"55 km S of Intipucá, El Salvador",Belize,BLZ,378.7606233872843,37.803477896964715
us6000bggm,2020-08-18 10:01:35.465000+00:00,2020,8,2020-08,4.8,"5 km S of Santa Lucía Cotzumalguapa, Guatemala",Belize,BLZ,272.20224320289475,64.40511189239689
us6000bj78,2020-08-22 22:17:58.002000+00:00,2020,8,2020-08,4.6,"112 km S of Puerto El Triunfo, El Salvador",Belize,BLZ,414.4293320904707,25.12338418920895
us6000bjd0,2020-08-23 10:06:39.545000+00:00,2020,8,2020-08,4.5,"109 km SSW of Puerto El Triunfo, El Salvador",Belize,BLZ,410.42616532415485,22.84393447923498
us7000bn35,2020-09-09 11:59:36.864000+00:00,2020,9,2020-09,4.5,"6 km WNW of Santa Bárbara, Guatemala",Belize,BLZ,281.85085211302334,43.44788607684051
us7000bn11,2020-09-14 14:29:28.426000+00:00,2020,9,2020-09,4.6,"6 km ESE of Patulul, Guatemala",Belize,BLZ,269.2608867178888,51.91673993657546
us7000bp1y,2020-09-16 18:14:10.110000+00:00,2020,9,2020-09,4.7,"44 km SW of Jiquilillo, Nicaragua",Belize,BLZ,413.85195985363765,28.270395713856303
us7000bp7s,2020-09-17 01:13:59.399000+00:00,2020,9,2020-09,5.2,"7 km SW of Belisario Domínguez, Mexico",Belize,BLZ,364.15117807330387,64.45487402430366
us6000bzvq,2020-09-22 22:56:31.099000+00:00,2020,9,2020-09,4.8,"34 km SSW of Ocós, Guatemala",Belize,BLZ,393.87229842646065,35.052352549874726
us6000c09c,2020-09-23 20:42:52.732000+00:00,2020,9,2020-09,4.6,"68 km SSW of Acajutla, El Salvador",Belize,BLZ,342.01995682472244,36.083869230677095
us6000c1vb,2020-09-27 07:23:16.123000+00:00,2020,9,2020-09,4.5,"112 km SW of Puerto Madero, Mexico",Belize,BLZ,486.1542924317457,15.643335772749566
us6000c1w6,2020-09-27 09:40:56.522000+00:00,2020,9,2020-09,5.3,"6 km E of Masagua, Guatemala",Belize,BLZ,260.59999270255133,121.37082553766123
us6000c2fy,2020-09-29 06:44:22.399000+00:00,2020,9,2020-09,4.5,"104 km SSW of Puerto El Triunfo, El Salvador",Belize,BLZ,404.88585158793586,23.485593751000426
us6000c3hq,2020-10-01 00:24:39.564000+00:00,2020,10,2020-10,4.5,"77 km SSW of Intipucá, El Salvador",Belize,BLZ,392.92284752463974,24.93324919098229
us6000c4dl,2020-10-01 22:56:18.239000+00:00,2020,10,2020-10,4.6,"near the coast of Chiapas, Mexico",Belize,BLZ,448.7290387988064,21.163976610626516
us6000c6ly,2020-10-08 03:18:29.229000+00:00,2020,10,2020-10,4.6,"102 km SSW of Puerto El Triunfo, El Salvador",Belize,BLZ,398.6700295873047,27.18310297053386
us6000c6z8,2020-10-09 06:27:50.354000+00:00,2020,10,2020-10,4.5,"2 km S of San Rafael Pie de la Cuesta, Guatemala",Belize,BLZ,319.8305329868597,35.933276720250184
us6000c7q4,2020-10-12 06:06:55.814000+00:00,2020,10,2020-10,5.1,"3 km SSW of El Asintal, Guatemala",Belize,BLZ,318.26901152687725,72.25828050566923
us6000c86y,2020-10-14 06:56:15.033000+00:00,2020,10,2020-10,4.5,"62 km SW of Champerico, Guatemala",Belize,BLZ,414.3705233842782,22.397824695005234
us6000cbh1,2020-10-18 14:00:44.630000+00:00,2020,10,2020-10,4.5,"84 km SSW of Corinto, Nicaragua",Belize,BLZ,489.3854051010262,15.392639394006661
us6000c9as,2020-10-19 03:24:17.226000+00:00,2020,10,2020-10,4.5,"46 km WSW of Sandy Bay, Honduras",Belize,BLZ,157.37834856618613,80.9575316373825
us6000cad1,2020-10-20 21:37:19.527000+00:00,2020,10,2020-10,4.5,"28 km SSE of Iztapa, Guatemala",Belize,BLZ,296.6775256809398,40.34344108041458
us6000cb02,2020-10-21 20:51:18.849000+00:00,2020,10,2020-10,4.5,"48 km WSW of Champerico, Guatemala",Belize,BLZ,401.1680446132288,23.92625128226224
us6000ccys,2020-10-25 12:47:58.915000+00:00,2020,10,2020-10,5.1,"18 km SW of Buenos Aires, Mexico",Belize,BLZ,395.84691844147704,49.02632481287717
us7000c7ni,2020-10-29 19:01:24.001000+00:00,2020,10,2020-10,4.6,"53 km SW of San Francisco Menéndez, El Salvador",Belize,BLZ,302.7950881584304,43.90245640599289
us7000c9i8,2020-11-02 23:25:27.736000+00:00,2020,11,2020-11,4.7,"79 km WSW of Puerto Madero, Mexico",Belize,BLZ,460.8854243514318,22.34601145576257
us7000cmqr,2020-11-05 22:54:27.027000+00:00,2020,11,2020-11,4.6,"59 km SW of Puerto Madero, Mexico",Belize,BLZ,439.5105578675729,22.16230614874287
us7000cbz0,2020-11-08 01:23:25.659000+00:00,2020,11,2020-11,4.5,near the coast of Guatemala,Belize,BLZ,331.91280177221023,33.82676829269954
us7000cehf,2020-11-10 16:40:58.917000+00:00,2020,11,2020-11,4.8,"52 km SSW of La Gomera, Guatemala",Belize,BLZ,342.68807303535283,45.27540087746665
us7000cdmk,2020-11-12 03:21:45.155000+00:00,2020,11,2020-11,4.7,"7 km SSE of Champerico, Guatemala",Belize,BLZ,352.9970232950946,38.32451815440337
us6000crlg,2020-11-23 11:05:19.100000+00:00,2020,11,2020-11,4.5,"46 km S of Corinto, Nicaragua",Belize,BLZ,482.1660500398198,15.958413926388493
us6000cs3t,2020-11-24 18:40:14.669000+00:00,2020,11,2020-11,4.8,"64 km SSW of Intipucá, El Salvador",Belize,BLZ,380.4123626413231,37.49255612651682
us7000ckt2,2020-11-29 08:07:31.784000+00:00,2020,11,2020-11,4.6,"4 km NNE of Chulum Cárdenas, Mexico",Belize,BLZ,379.1401668561209,29.97143854288905
us7000cpci,2020-12-09 04:56:40.879000+00:00,2020,12,2020-12,4.9,"103 km SW of Jiquilillo, Nicaragua",Belize,BLZ,447.7232449191665,30.045630815028172
us6000d3we,2020-12-29 03:54:39.261000+00:00,2020,12,2020-12,4.6,"82 km S of Puerto San José, Guatemala",Belize,BLZ,356.81878538281734,33.510264234864465
us6000d4vf,2021-01-01 22:11:31.133000+00:00,2021,1,2021-01,4.8,"66 km S of Puerto San José, Guatemala",Belize,BLZ,345.3434461285266,44.67825833347073
us6000d58i,2021-01-03 11:52:59.498000+00:00,2021,1,2021-01,4.8,"70 km S of Puerto San José, Guatemala",Belize,BLZ,349.0664252104055,43.854270247045584
us6000d593,2021-01-03 13:22:21.983000+00:00,2021,1,2021-01,4.7,"64 km S of Puerto San José, Guatemala",Belize,BLZ,341.1357555498241,40.66615568189443
us7000d0d0,2021-01-15 16:10:52.240000+00:00,2021,1,2021-01,5.8,"46 km SW of Champerico, Guatemala",Belize,BLZ,394.6165508807455,110.43355360843663
us7000d2fv,2021-01-15 16:18:06.893000+00:00,2021,1,2021-01,4.5,"57 km SSW of Champerico, Guatemala",Belize,BLZ,404.5627872496867,23.523561196581817
us7000d0e6,2021-01-15 17:09:07.534000+00:00,2021,1,2021-01,4.5,"44 km SSW of Puerto El Triunfo, El Salvador",Belize,BLZ,339.6589536728351,32.541678752015436
us7000d0gm,2021-01-15 21:32:56.390000+00:00,2021,1,2021-01,4.9,"39 km SW of Champerico, Guatemala",Belize,BLZ,389.66028368803114,40.16644957174839
us6000dcvd,2021-01-21 12:41:59.307000+00:00,2021,1,2021-01,4.7,"2 km NNW of La Esperanza, Mexico",Belize,BLZ,441.4493072098271,24.626631347716287
us7000d2lp,2021-01-23 04:58:16.930000+00:00,2021,1,2021-01,4.7,near the coast of Guatemala,Belize,BLZ,334.64207770809435,42.00818919017437
us6000dcme,2021-01-28 10:38:44.260000+00:00,2021,1,2021-01,4.9,"42 km SSW of Champerico, Guatemala",Belize,BLZ,382.29133644318256,41.67397343164539
us6000dd68,2021-01-30 05:35:28.173000+00:00,2021,1,2021-01,4.9,"55 km S of Intipucá, El Salvador",Belize,BLZ,380.31602136629647,42.087608860163954
us6000ddrb,2021-02-01 20:53:19.898000+00:00,2021,2,2021-02,4.6,"26 km SSE of Puerto San José, Guatemala",Belize,BLZ,305.00799218766235,43.41937425708547
us6000de5f,2021-02-03 10:37:28.529000+00:00,2021,2,2021-02,4.7,"91 km SSW of Puerto El Triunfo, El Salvador",Belize,BLZ,389.07851274148493,31.998288110715112
us6000deqg,2021-02-05 12:29:34.461000+00:00,2021,2,2021-02,4.8,Nicaragua,Belize,BLZ,467.5550157643729,24.250303781176274
us6000dg5d,2021-02-10 08:47:37.327000+00:00,2021,2,2021-02,5.0,"35 km SSW of Puerto El Triunfo, El Salvador",Belize,BLZ,331.56466721249814,60.25824421311497
us6000dhkh,2021-02-14 09:20:54.773000+00:00,2021,2,2021-02,4.9,"54 km SW of La Gomera, Guatemala",Belize,BLZ,346.99304898194,49.71805928147778
us6000dieq,2021-02-17 15:27:39.072000+00:00,2021,2,2021-02,4.5,"6 km S of Francisco I. Madero, Mexico",Belize,BLZ,383.1046298455578,26.187791005665975
us7000ddvw,2021-02-22 14:52:24.683000+00:00,2021,2,2021-02,4.5,"108 km SW of Puerto Madero, Mexico",Belize,BLZ,488.61610993619195,15.451960825391511
us6000dk3a,2021-02-22 15:21:21.693000+00:00,2021,2,2021-02,5.2,"84 km WSW of Puerto Madero, Mexico",Belize,BLZ,466.8554220619052,38.56881820456545
us7000ddw4,2021-02-22 15:24:11.314000+00:00,2021,2,2021-02,4.6,"96 km WSW of Puerto Madero, Mexico",Belize,BLZ,479.53423181256807,18.14281391610345
us6000dk7z,2021-02-22 21:05:00.893000+00:00,2021,2,2021-02,4.6,"91 km SW of Jiquilillo, Nicaragua",Belize,BLZ,453.5864194706802,20.656160754471042
us6000dk88,2021-02-22 21:27:01.581000+00:00,2021,2,2021-02,4.8,"81 km SSW of Jiquilillo, Nicaragua",Belize,BLZ,449.10773680481464,26.59346580443037
us7000ddfi,2021-02-24 21:19:52.647000+00:00,2021,2,2021-02,4.6,"90 km SW of Puerto Madero, Mexico",Belize,BLZ,468.86618975055194,19.136830278634505
us7000de4x,2021-02-27 10:27:38.623000+00:00,2021,2,2021-02,4.6,"46 km SSW of Ocós, Guatemala",Belize,BLZ,406.0568274462158,26.19743687165291
us7000dg29,2021-03-02 14:53:31.447000+00:00,2021,3,2021-03,4.5,"90 km SW of Puerto Madero, Mexico",Belize,BLZ,461.3447887631029,17.70934586890328
us7000dgc1,2021-03-06 04:10:01.584000+00:00,2021,3,2021-03,4.5,"99 km SSW of Acajutla, El Salvador",Belize,BLZ,373.58513745596406,27.464404157743164
us7000dgst,2021-03-07 07:38:13.190000+00:00,2021,3,2021-03,4.7,"37 km WSW of Puerto Madero, Mexico",Belize,BLZ,418.43676632131195,27.629696016249824
us7000djgi,2021-03-15 09:53:42.155000+00:00,2021,3,2021-03,4.5,"99 km S of La Libertad, El Salvador",Belize,BLZ,378.5562885013171,26.79016966625532
us7000dkfy,2021-03-18 01:55:17.402000+00:00,2021,3,2021-03,4.8,"1 km WNW of La Libertad, Guatemala",Belize,BLZ,298.7724784142222,56.39281919240346
us7000dkv9,2021-03-19 07:32:43.099000+00:00,2021,3,2021-03,4.7,"76 km SW of Ocós, Guatemala",Belize,BLZ,439.232594850969,24.90110037549453
us7000dldd,2021-03-21 05:02:07.371000+00:00,2021,3,2021-03,5.1,"66 km SW of Ocós, Guatemala",Belize,BLZ,430.45167805483595,41.23690454741514
us7000dljm,2021-03-22 07:19:00.179000+00:00,2021,3,2021-03,4.6,"70 km SW of Brisas Barra de Suchiate, Mexico",Belize,BLZ,436.2967479926961,22.52131004117065
us6000dvxk,2021-03-24 00:40:07.633000+00:00,2021,3,2021-03,4.9,"65 km SSW of Ocós, Guatemala",Belize,BLZ,422.9790612926804,34.00264009219484
us6000dw0t,2021-03-24 12:35:15.889000+00:00,2021,3,2021-03,4.6,"91 km S of Acajutla, El Salvador",Belize,BLZ,364.01168175585417,32.326499282785996
us6000dw9p,2021-03-25 08:13:17.247000+00:00,2021,3,2021-03,4.8,"32 km S of Acajutla, El Salvador",Belize,BLZ,305.6080363058788,54.49800206592025
us6000dwju,2021-03-26 04:06:27.348000+00:00,2021,3,2021-03,4.9,"77 km SW of Acajutla, El Salvador",Belize,BLZ,343.376057966625,50.62538791937517
us6000dx9w,2021-03-29 01:49:08.471000+00:00,2021,3,2021-03,4.6,"3 km WSW of Asunción Mita, Guatemala",Belize,BLZ,189.1648522978858,77.4878734417427
us6000dzn6,2021-03-29 13:42:56.629000+00:00,2021,3,2021-03,4.5,"12 km WSW of Nuevo San Juan Chamula, Mexico",Belize,BLZ,259.0684060456399,48.69003694665764
us6000e0vj,2021-04-11 18:19:16.466000+00:00,2021,4,2021-04,4.5,"near the coast of Chiapas, Mexico",Belize,BLZ,378.6137204718736,26.782477709541386
us6000e1gp,2021-04-14 12:48:51.450000+00:00,2021,4,2021-04,4.6,"56 km W of Jiquilillo, Nicaragua",Belize,BLZ,382.7204543264687,29.439680530431712
us6000e3ah,2021-04-20 17:23:37.601000+00:00,2021,4,2021-04,4.6,"81 km SW of Puerto Madero, Mexico",Belize,BLZ,457.6288986978382,20.24284140921979
us7000dzf3,2021-05-02 05:54:19.203000+00:00,2021,5,2021-05,4.6,"30 km SE of Champerico, Guatemala",Belize,BLZ,348.8700219096402,34.86891010812759
us7000e2bd,2021-05-12 06:17:06.629000+00:00,2021,5,2021-05,5.6,"69 km WSW of Acajutla, El Salvador",Belize,BLZ,327.2590450959721,122.8474123070256
us7000e2c6,2021-05-12 08:45:44.539000+00:00,2021,5,2021-05,6.0,"55 km SW of Acajutla, El Salvador",Belize,BLZ,320.4122180240931,201.4808196191281
us7000e57b,2021-05-21 22:19:51.407000+00:00,2021,5,2021-05,5.6,"40 km SW of Jiquilillo, Nicaragua",Belize,BLZ,418.7050174052546,77.76668867446381
us7000eavc,2021-06-07 19:37:57.486000+00:00,2021,6,2021-06,4.7,"103 km SSW of Nueva Concepción, Guatemala",Belize,BLZ,401.0551941216625,30.138366598804183
us7000ecge,2021-06-12 15:57:48.939000+00:00,2021,6,2021-06,4.5,"81 km SW of Puerto Madero, Mexico",Belize,BLZ,457.9372856355151,18.013654093043453
us7000eckp,2021-06-13 02:58:15.452000+00:00,2021,6,2021-06,5.4,"22 km SW of Nueva Concepción, Guatemala",Belize,BLZ,325.0601707933049,98.65993106744696
us7000eegn,2021-06-19 18:57:16.196000+00:00,2021,6,2021-06,5.4,"11 km NE of Rizo de Oro, Mexico",Belize,BLZ,355.06610898763967,84.91486838091728
us7000ef3b,2021-06-22 02:25:16.109000+00:00,2021,6,2021-06,4.9,"3 km ENE of Villa Comaltitlán, Mexico",Belize,BLZ,376.6542534256735,42.86528156294892
us7000ef4t,2021-06-22 06:26:44.914000+00:00,2021,6,2021-06,4.8,"48 km SW of Acajutla, El Salvador",Belize,BLZ,315.3104271239943,51.91730101777505
us6000epg5,2021-06-24 20:02:21.461000+00:00,2021,6,2021-06,4.6,"48 km SW of Nueva Concepción, Guatemala",Belize,BLZ,350.8558448524299,34.524405841214445
us6000epk0,2021-06-25 02:44:34.373000+00:00,2021,6,2021-06,4.6,"83 km S of Champerico, Guatemala",Belize,BLZ,408.97011172674974,25.818599815081882
us6000eqns,2021-06-29 00:00:18.701000+00:00,2021,6,2021-06,4.6,El Salvador,Belize,BLZ,314.43386785161954,41.42051852617466
us6000equq,2021-06-29 15:41:14.131000+00:00,2021,6,2021-06,4.5,"70 km SW of Jiquilillo, Nicaragua",Belize,BLZ,419.33600355046065,21.848591156169658
us6000etah,2021-07-08 20:31:36.388000+00:00,2021,7,2021-07,5.3,"64 km SSW of Acajutla, El Salvador",Belize,BLZ,337.9796479817116,82.43023148029444
us7000elgr,2021-07-13 08:29:05.305000+00:00,2021,7,2021-07,4.6,"26 km WSW of Champerico, Guatemala",Belize,BLZ,377.47976333421656,30.221297685861746
us7000en2v,2021-07-18 04:33:00.314000+00:00,2021,7,2021-07,4.6,"6 km SSW of Barillas, Guatemala",Belize,BLZ,235.3353160646211,61.51426711779714
us6000eykn,2021-07-24 04:51:21.158000+00:00,2021,7,2021-07,4.6,"50 km SW of Puerto El Triunfo, El Salvador",Belize,BLZ,335.29469541795424,37.31786762662663
us6000eyux,2021-07-25 05:21:32.129000+00:00,2021,7,2021-07,5.0,Mexico-Guatemala border region,Belize,BLZ,338.05973770316785,58.33277092768695
us6000ez99,2021-07-26 17:33:07.076000+00:00,2021,7,2021-07,4.6,"91 km SSW of Corinto, Nicaragua",Belize,BLZ,499.019604354534,16.458592678559196
us6000f2yc,2021-08-06 17:30:02.639000+00:00,2021,8,2021-08,4.8,Honduras,Belize,BLZ,347.26233436066485,44.251645242418576
us6000f3t8,2021-08-10 08:02:18.645000+00:00,2021,8,2021-08,4.5,El Salvador,Belize,BLZ,281.46523817753877,43.53173743819089
us6000f5fm,2021-08-13 09:04:05.072000+00:00,2021,8,2021-08,4.7,"61 km SW of Corinto, Nicaragua",Belize,BLZ,449.7977125244848,23.61982509795752
us6000f7x6,2021-08-18 12:12:01.970000+00:00,2021,8,2021-08,4.6,"103 km SSW of Puerto El Triunfo, El Salvador",Belize,BLZ,393.9688819410661,27.829630660590375
us6000f7xc,2021-08-18 12:31:09.068000+00:00,2021,8,2021-08,4.6,"99 km SSW of Puerto El Triunfo, El Salvador",Belize,BLZ,388.34651462698287,28.62307299771844
us7000f2xz,2021-08-24 08:04:59.967000+00:00,2021,8,2021-08,4.6,"37 km N of Guanaja, Honduras",Belize,BLZ,260.2920050744623,54.297907403796756
us7000f39r,2021-08-24 16:16:42.787000+00:00,2021,8,2021-08,5.4,"113 km S of Champerico, Guatemala",Belize,BLZ,420.20716880092317,61.310057956659236
us7000f3w2,2021-08-25 21:04:19.627000+00:00,2021,8,2021-08,5.2,"11 km NNE of Pinalejo, Honduras",Belize,BLZ,81.54768797906017,264.80211253684814
us7000fbfk,2021-09-08 02:00:50.955000+00:00,2021,9,2021-09,4.5,"42 km S of Acajutla, El Salvador",Belize,BLZ,316.524006323288,36.53228636782534
us7000fbll,2021-09-15 22:31:40.471000+00:00,2021,9,2021-09,5.0,"4 km ENE of La Esperanza, Mexico",Belize,BLZ,436.69992564923655,35.62198859107095
us7000fcf7,2021-09-18 14:43:55.861000+00:00,2021,9,2021-09,5.0,"27 km SW of La Libertad, El Salvador",Belize,BLZ,294.67273033225035,72.46466623780366
us7000fcr5,2021-09-19 22:08:53.355000+00:00,2021,9,2021-09,5.0,Guatemala,Belize,BLZ,295.2182996323387,72.26726311671649
us7000fdds,2021-09-22 09:57:07.023000+00:00,2021,9,2021-09,6.5,"80 km SW of Jiquilillo, Nicaragua",Belize,BLZ,446.1406858885078,191.08113392297835
us7000fde5,2021-09-22 10:20:12.825000+00:00,2021,9,2021-09,4.5,"70 km WSW of Corinto, Nicaragua",Belize,BLZ,451.0023823806653,18.649224199326653
us7000fdf4,2021-09-22 12:27:11.484000+00:00,2021,9,2021-09,5.2,"66 km SW of Corinto, Nicaragua",Belize,BLZ,457.807581369808,40.35370995840225
us7000fdfd,2021-09-22 12:57:00.189000+00:00,2021,9,2021-09,5.6,"69 km SW of Corinto, Nicaragua",Belize,BLZ,456.80663785269013,64.2772058252378
us7000fevt,2021-09-22 13:01:49.943000+00:00,2021,9,2021-09,4.6,"58 km SW of Corinto, Nicaragua",Belize,BLZ,454.3514118149274,20.577302641053446
us7000fdjk,2021-09-22 16:20:46.509000+00:00,2021,9,2021-09,4.5,"85 km SW of Corinto, Nicaragua",Belize,BLZ,462.4881385865552,17.608394812405002
us7000fdnw,2021-09-23 00:39:25.669000+00:00,2021,9,2021-09,4.5,"70 km SSW of Jiquilillo, Nicaragua",Belize,BLZ,441.5413963385335,19.552623612279348
us7000fdrk,2021-09-23 11:13:30.410000+00:00,2021,9,2021-09,4.6,"77 km SSW of Jiquilillo, Nicaragua",Belize,BLZ,446.2235154725546,21.430778502565587
us7000fdwr,2021-09-23 22:17:45.646000+00:00,2021,9,2021-09,4.8,"75 km SW of Jiquilillo, Nicaragua",Belize,BLZ,442.32218759144513,27.511202496413485
us7000fdyg,2021-09-24 01:59:53.721000+00:00,2021,9,2021-09,4.9,"27 km SSW of La Esperanza (El Zapotal), Mexico",Belize,BLZ,453.80507922232715,29.145720188442425
us7000fe12,2021-09-24 09:44:27.870000+00:00,2021,9,2021-09,4.6,"52 km WSW of Jiquilillo, Nicaragua",Belize,BLZ,400.84330568985297,26.88932009914764
us6000ft8y,2021-10-09 09:33:12.512000+00:00,2021,10,2021-10,4.6,"1 km WSW of Lázaro Cárdenas, Mexico",Belize,BLZ,338.98515086427034,36.63558220632529
us6000fu7u,2021-10-13 14:21:48.777000+00:00,2021,10,2021-10,4.5,"14 km SSE of Iztapa, Guatemala",Belize,BLZ,284.916223774175,42.78704373832966
us6000fuzs,2021-10-15 18:44:34.905000+00:00,2021,10,2021-10,4.6,"108 km NE of Savannah Bight, Honduras",Belize,BLZ,341.5063136968737,36.17665948965526
us7000fqez,2021-11-01 03:07:56.341000+00:00,2021,11,2021-11,5.0,off the coast of Central America,Belize,BLZ,348.95137441051537,55.241023711169106
us7000fqrl,2021-11-02 07:58:12.769000+00:00,2021,11,2021-11,4.5,"82 km SW of Jiquilillo, Nicaragua",Belize,BLZ,432.9064130048692,20.415295395769355
us7000fsfp,2021-11-08 17:45:45.153000+00:00,2021,11,2021-11,4.5,"38 km SSE of La Libertad, El Salvador",Belize,BLZ,312.90149871334955,37.20000760333683
us7000ft4m,2021-11-11 03:39:29.105000+00:00,2021,11,2021-11,4.5,"42 km WSW of Champerico, Guatemala",Belize,BLZ,394.5456010701156,24.731765101271233
us7000fuke,2021-11-16 15:58:54.729000+00:00,2021,11,2021-11,4.8,"101 km SW of Jiquilillo, Nicaragua",Belize,BLZ,437.70528585935944,28.153672105873703
us7000fuvy,2021-11-17 17:48:01.077000+00:00,2021,11,2021-11,4.5,"50 km SSW of Chirilagua, El Salvador",Belize,BLZ,361.9387422788928,29.111193245818363
us7000fuwd,2021-11-17 19:01:49.746000+00:00,2021,11,2021-11,4.9,"3 km NNE of San Francisco Menéndez, El Salvador",Belize,BLZ,247.27650601322065,81.85512756808859
us7000fv5p,2021-11-18 16:56:56.794000+00:00,2021,11,2021-11,5.8,"40 km S of Puerto San José, Guatemala",Belize,BLZ,318.08529552605324,161.9148034153591
us7000fwhj,2021-11-18 17:00:25.964000+00:00,2021,11,2021-11,5.0,"6 km SSE of Oratorio, Guatemala",Belize,BLZ,223.7422649324165,103.31178014598768
us7000fv60,2021-11-18 17:23:51.920000+00:00,2021,11,2021-11,4.5,"39 km S of Puerto San José, Guatemala",Belize,BLZ,318.8460282306044,36.11059519860433
us7000fv63,2021-11-18 17:26:54.589000+00:00,2021,11,2021-11,4.7,"27 km S of Iztapa, Guatemala",Belize,BLZ,304.3171229994709,48.88591672851859
us7000fwde,2021-11-23 05:56:32.752000+00:00,2021,11,2021-11,5.5,"81 km SW of Acajutla, El Salvador",Belize,BLZ,352.42484217077333,96.54264181920722
us6000g8aj,2021-12-01 22:30:46.086000+00:00,2021,12,2021-12,4.7,"98 km S of La Libertad, El Salvador",Belize,BLZ,377.8893126240221,33.83948802761218
us6000g928,2021-12-04 18:44:49.952000+00:00,2021,12,2021-12,4.9,"105 km S of La Libertad, El Salvador",Belize,BLZ,384.86963694166394,41.14018138263971
us6000g9cu,2021-12-05 23:15:05.780000+00:00,2021,12,2021-12,4.5,"96 km SW of Corinto, Nicaragua",Belize,BLZ,484.0186368337662,15.811274714396944
us6000ga55,2021-12-07 18:11:33.086000+00:00,2021,12,2021-12,4.6,"90 km SW of Puerto Madero, Mexico",Belize,BLZ,469.94258619663253,19.034112857735995
us6000gbt6,2021-12-13 07:03:07.238000+00:00,2021,12,2021-12,5.7,"3 km SSE of El Pacayal, Mexico",Belize,BLZ,313.71993742212663,147.49109895960416
us6000gc1b,2021-12-13 23:40:29.026000+00:00,2021,12,2021-12,4.5,"47 km SW of Puerto El Triunfo, El Salvador",Belize,BLZ,338.5930548500024,32.715572408399446
us6000gd5f,2021-12-14 21:22:15.873000+00:00,2021,12,2021-12,4.5,"7 km NNE of Guanagazapa, Guatemala",Belize,BLZ,240.2816682913828,53.48536781876473
us6000gclp,2021-12-16 00:59:40.358000+00:00,2021,12,2021-12,4.8,"16 km SSW of Mapastepec, Mexico",Belize,BLZ,421.4803857014806,30.53282378713041
us6000gd33,2021-12-17 13:58:34.168000+00:00,2021,12,2021-12,4.9,"76 km NE of Savannah Bight, Honduras",Belize,BLZ,318.67550937061236,57.280252509696695
us6000gdcs,2021-12-18 06:12:14.932000+00:00,2021,12,2021-12,4.5,"57 km S of Puerto El Triunfo, El Salvador",Belize,BLZ,360.0216551112331,29.391578380887786
us6000gdfl,2021-12-18 17:48:42.958000+00:00,2021,12,2021-12,4.5,"37 km SSW of Champerico, Guatemala",Belize,BLZ,384.50940469268437,26.00449573018379
us6000gdqy,2021-12-20 03:58:40.614000+00:00,2021,12,2021-12,4.5,"84 km SW of Champerico, Guatemala",Belize,BLZ,435.9840226299162,20.103548586750644
us6000ged2,2021-12-22 02:12:52.614000+00:00,2021,12,2021-12,4.6,"2 km SE of Cantón Rancho Nuevo, Mexico",Belize,BLZ,377.7965940528699,30.173460409340382
us6000gfgl,2021-12-26 16:06:26.236000+00:00,2021,12,2021-12,4.5,"13 km SE of Río Bravo, Guatemala",Belize,BLZ,287.97079978820204,42.138527313623754
us7000g9nb,2022-01-06 16:25:05.973000+00:00,2022,1,2022-01,6.1,near the coast of Nicaragua,Belize,BLZ,495.198355999414,94.338818472357
us7000g9p3,2022-01-06 16:50:04.217000+00:00,2022,1,2022-01,4.7,near the coast of Nicaragua,Belize,BLZ,493.55197837575076,18.978657847821182
us7000g9qx,2022-01-06 21:44:49.460000+00:00,2022,1,2022-01,4.5,"7 km SSW of San Isidro, Mexico",Belize,BLZ,462.9598482030177,17.56691350364739
us7000g9ze,2022-01-07 17:04:13.894000+00:00,2022,1,2022-01,5.1,"59 km S of Corinto, Nicaragua",Belize,BLZ,492.49130266960935,30.2390904693355
us7000gadx,2022-01-09 17:10:30.404000+00:00,2022,1,2022-01,4.9,"58 km S of Corinto, Nicaragua",Belize,BLZ,492.5470479142541,24.013069347193948
us7000gc8d,2022-01-15 12:50:53.001000+00:00,2022,1,2022-01,4.6,"61 km SSW of El Rosario, El Salvador",Belize,BLZ,336.89282808831916,37.020861328422136
us7000gg47,2022-01-29 03:19:29.325000+00:00,2022,1,2022-01,4.9,"26 km SSW of Puerto El Triunfo, El Salvador",Belize,BLZ,325.8158812280847,55.27131576498078
us7000gggu,2022-01-30 22:01:09.778000+00:00,2022,1,2022-01,4.5,"47 km NNW of Guanaja, Honduras",Belize,BLZ,235.56271405439446,54.76234862705462
us7000ghg0,2022-02-02 22:13:42.061000+00:00,2022,2,2022-02,4.8,Near the coast of Guatemala,Belize,BLZ,418.221974021685,31.034340612929075
us7000ghm9,2022-02-03 16:17:55.218000+00:00,2022,2,2022-02,4.5,"114 km SSW of Puerto El Triunfo, El Salvador",Belize,BLZ,414.2832979674523,22.407595123399666
us7000gicq,2022-02-06 03:51:17.967000+00:00,2022,2,2022-02,4.6,"69 km SW of Champerico, Guatemala",Belize,BLZ,419.8410614394546,24.452694312722752
us7000gkfd,2022-02-13 04:43:34.127000+00:00,2022,2,2022-02,4.8,"38 km SSE of Champerico, Guatemala",Belize,BLZ,362.6638662510741,40.971835512338295
us7000gkzc,2022-02-15 05:01:51.757000+00:00,2022,2,2022-02,4.6,"91 km WSW of Puerto Madero, Mexico",Belize,BLZ,473.25611980976095,18.7213599411074
us7000gl8w,2022-02-16 07:12:22.847000+00:00,2022,2,2022-02,6.2,"12 km WSW of Nueva Concepción, Guatemala",Belize,BLZ,313.83828076303257,262.1252346660159
us7000gla0,2022-02-16 07:50:14.394000+00:00,2022,2,2022-02,4.5,"14 km WSW of Nueva Concepción, Guatemala",Belize,BLZ,316.08776455254434,36.61205788183651
us7000glaw,2022-02-16 09:56:07.145000+00:00,2022,2,2022-02,4.6,"4 km NW of Telica, Nicaragua",Belize,BLZ,445.3014390773075,21.529810690201153
us7000glug,2022-02-17 23:36:25.243000+00:00,2022,2,2022-02,5.2,"25 km SSE of Intipucá, El Salvador",Belize,BLZ,350.5676612281965,68.98457546648076
us6000h1pf,2022-03-03 11:30:27.817000+00:00,2022,3,2022-03,4.9,"52 km SSW of Jiquilillo, Nicaragua",Belize,BLZ,428.29126922060755,33.111383370433835
us6000h3ms,2022-03-10 19:34:20.390000+00:00,2022,3,2022-03,5.1,"71 km WSW of Puerto Madero, Mexico",Belize,BLZ,453.65486824711695,36.71985606327781
us6000h3pb,2022-03-11 00:35:16.692000+00:00,2022,3,2022-03,4.5,"38 km SSW of Puerto El Triunfo, El Salvador",Belize,BLZ,333.66238685961434,33.53214479695167
us6000h472,2022-03-13 16:47:27.499000+00:00,2022,3,2022-03,4.6,north of Honduras,Belize,BLZ,358.2623115659657,33.26927026469106
us6000h6dj,2022-03-21 11:32:07.031000+00:00,2022,3,2022-03,4.8,"3 km SSW of Sipacapa, Guatemala",Belize,BLZ,280.44926770680144,61.80336943947234
us7000gxn0,2022-03-27 08:58:44.518000+00:00,2022,3,2022-03,4.7,"115 km SW of Jiquilillo, Nicaragua",Belize,BLZ,450.2748046035343,23.563548090616408
us7000gxwl,2022-03-28 18:43:40.527000+00:00,2022,3,2022-03,5.4,"152 km ENE of Savannah Bight, Honduras",Belize,BLZ,398.7445919200517,68.25541635873047
us7000gyfc,2022-03-30 16:00:58.820000+00:00,2022,3,2022-03,5.3,"37 km S of Champerico, Guatemala",Belize,BLZ,374.7426646266698,68.58934303369783
us7000gzgk,2022-04-03 23:15:28.592000+00:00,2022,4,2022-04,4.6,"72 km SSW of Ocós, Guatemala",Belize,BLZ,428.95013288368415,23.363969002763938
us7000h03p,2022-04-06 06:14:05.148000+00:00,2022,4,2022-04,4.5,"57 km SSW of Chirilagua, El Salvador",Belize,BLZ,370.42210939372876,27.902210421551274
us7000h07k,2022-04-06 18:42:51.498000+00:00,2022,4,2022-04,4.6,El Salvador,Belize,BLZ,284.89028709937406,48.01407890345546
us7000h2l4,2022-04-15 22:53:42.037000+00:00,2022,4,2022-04,5.0,"58 km SSW of Intipucá, El Salvador",Belize,BLZ,378.03458019918,47.764841313815936
us6000hf5a,2022-04-20 23:42:45.948000+00:00,2022,4,2022-04,4.5,"122 km S of Iztapa, Guatemala",Belize,BLZ,387.8090866356488,25.578982701267165
us7000h607,2022-04-30 05:09:11.215000+00:00,2022,4,2022-04,4.7,"64 km WSW of Jiquilillo, Nicaragua",Belize,BLZ,396.97606558621743,30.75936930242554
us7000h7l0,2022-05-06 16:51:07.328000+00:00,2022,5,2022-05,4.9,"111 km SW of Ocós, Guatemala",Belize,BLZ,471.0783234348957,26.734152307016767
us7000h7p6,2022-05-07 01:17:54.939000+00:00,2022,5,2022-05,4.7,"10 km SSE of Nueva Concepción, Guatemala",Belize,BLZ,306.9248796234754,48.25264140437097
us7000h83m,2022-05-09 13:00:24.868000+00:00,2022,5,2022-05,4.6,"26 km SW of Nueva Concepción, Guatemala",Belize,BLZ,328.3751870680957,38.63156848198822
us7000h89n,2022-05-10 06:35:37.740000+00:00,2022,5,2022-05,4.7,"104 km S of La Libertad, El Salvador",Belize,BLZ,384.0157732605544,32.81862213279376
us7000hczt,2022-05-27 05:57:02.122000+00:00,2022,5,2022-05,4.6,"97 km SW of Corinto, Nicaragua",Belize,BLZ,470.9985462802055,18.9338813746692
us7000hdfk,2022-05-29 12:03:29.665000+00:00,2022,5,2022-05,4.9,"56 km WSW of Puerto Madero, Mexico",Belize,BLZ,437.6298207436312,31.60086122310635
us7000he0l,2022-06-01 06:29:28.762000+00:00,2022,6,2022-06,4.9,"99 km SW of Corinto, Nicaragua",Belize,BLZ,463.69735021079754,27.73920420337507
us7000he3b,2022-06-01 15:05:00.305000+00:00,2022,6,2022-06,4.7,"90 km SW of Jiquilillo, Nicaragua",Belize,BLZ,448.33034360471174,23.793757360925536
us7000hery,2022-06-03 20:58:50.942000+00:00,2022,6,2022-06,4.7,"12 km WSW of Nueva Concepción, Guatemala",Belize,BLZ,314.26157324590525,46.5146400258063
us7000hger,2022-06-10 08:18:34.209000+00:00,2022,6,2022-06,4.9,"15 km SSW of Nueva Concepción, Guatemala",Belize,BLZ,315.31376371784296,58.25119802844234
us7000hik6,2022-06-19 17:57:28.419000+00:00,2022,6,2022-06,5.1,"84 km S of Iztapa, Guatemala",Belize,BLZ,353.1526957289642,60.69300839545743
us7000hjqr,2022-06-23 20:37:41.997000+00:00,2022,6,2022-06,4.8,"51 km NNE of Savannah Bight, Honduras",Belize,BLZ,278.37836898135765,62.44663664019627
us7000hkby,2022-06-26 07:05:00.894000+00:00,2022,6,2022-06,4.6,"2 km NE of San Andrés Itzapa, Guatemala",Belize,BLZ,229.10509273925913,63.460664051132845
us6000i1yg,2022-07-12 22:50:53.248000+00:00,2022,7,2022-07,4.7,"54 km SW of Brisas Barra de Suchiate, Mexico",Belize,BLZ,419.6929348204713,27.456702089869673
us7000hs0v,2022-07-20 03:42:28.264000+00:00,2022,7,2022-07,4.6,"50 km SSW of Champerico, Guatemala",Belize,BLZ,388.4867706863109,28.603007237279428
us6000i64e,2022-07-28 09:23:16.304000+00:00,2022,7,2022-07,5.2,"44 km SW of Jiquilillo, Nicaragua",Belize,BLZ,422.2615756884704,48.202619369337135
us6000i7hp,2022-08-02 15:17:01.396000+00:00,2022,8,2022-08,5.4,"38 km N of Tela, Honduras",Belize,BLZ,106.25574940982548,294.62430550443446
us6000i7v7,2022-08-03 21:55:37.535000+00:00,2022,8,2022-08,5.3,"4 km N of La Paz Centro, Nicaragua",Belize,BLZ,474.66004921815005,41.61872767015967
us6000ib7v,2022-08-16 03:44:36.737000+00:00,2022,8,2022-08,4.6,"31 km SW of La Libertad, El Salvador",Belize,BLZ,302.7827681899485,43.90516087368543
us7000i47f,2022-09-01 04:03:13.894000+00:00,2022,9,2022-09,4.7,"46 km S of Champerico, Guatemala",Belize,BLZ,380.04114739933436,33.47735471304552
us7000i54l,2022-09-04 13:25:27.531000+00:00,2022,9,2022-09,4.6,"37 km NNW of Guanaja, Honduras",Belize,BLZ,243.73417484018074,58.98450838517194
us7000i5kj,2022-09-06 07:35:35.061000+00:00,2022,9,2022-09,5.2,"21 km WNW of Puerto Morazán, Nicaragua",Belize,BLZ,381.75181090069043,59.02506518190365
us7000i7vn,2022-09-14 07:26:58.324000+00:00,2022,9,2022-09,4.8,"20 km NW of Puerto Morazán, Nicaragua",Belize,BLZ,380.9698009254606,37.38820268979836
us7000i7w6,2022-09-14 08:44:35.359000+00:00,2022,9,2022-09,5.3,"45 km WSW of Jiquilillo, Nicaragua",Belize,BLZ,403.20142906063234,59.49208932139796
us7000i8e3,2022-09-15 22:31:35.279000+00:00,2022,9,2022-09,4.6,"13 km SW of El Arenal, Mexico",Belize,BLZ,405.93838828280633,26.21295547875924
us7000iapl,2022-09-24 06:58:29.638000+00:00,2022,9,2022-09,4.6,"35 km SW of Puerto El Triunfo, El Salvador",Belize,BLZ,323.5874968599584,39.56750614725522
us7000iavn,2022-09-25 04:19:20.029000+00:00,2022,9,2022-09,4.5,"57 km SW of Corinto, Nicaragua",Belize,BLZ,450.6566165373142,18.68149340893114
us7000iazy,2022-09-25 21:30:21.709000+00:00,2022,9,2022-09,5.1,"24 km NE of Puerto Barrios, Guatemala",Belize,BLZ,50.622440810658546,275.47029016366173
us6000ipny,2022-09-30 17:32:38.750000+00:00,2022,9,2022-09,5.2,"106 km SSW of Intipucá, El Salvador",Belize,BLZ,420.9493759770679,48.519916440059916
us7000ikyc,2022-10-24 18:11:51.168000+00:00,2022,10,2022-10,4.5,"110 km SW of Jiquilillo, Nicaragua",Belize,BLZ,440.7821899589325,19.626987048892765
us7000il8g,2022-10-29 23:04:02.965000+00:00,2022,10,2022-10,4.8,"19 km SSE of La Esperanza (El Zapotal), Mexico",Belize,BLZ,438.1198864254364,28.095369915094455
us7000ilc4,2022-10-30 15:09:16.616000+00:00,2022,10,2022-10,4.5,near the coast of Guatemala,Belize,BLZ,314.07721441714085,36.981965953132935
us7000ilnq,2022-11-01 09:18:28.261000+00:00,2022,11,2022-11,4.6,"10 km NNE of La Paz Centro, Nicaragua",Belize,BLZ,472.40095488121847,18.801580575751295
us7000ilpg,2022-11-01 13:35:39.643000+00:00,2022,11,2022-11,5.0,"110 km SSW of Puerto El Triunfo, El Salvador",Belize,BLZ,394.62660591642305,43.96217929925591
us7000im2r,2022-11-02 23:37:22.568000+00:00,2022,11,2022-11,4.8,"31 km WSW of Champerico, Guatemala",Belize,BLZ,383.4308388199497,36.93095281447095
us7000imeu,2022-11-04 04:26:09.876000+00:00,2022,11,2022-11,5.7,El Salvador,Belize,BLZ,317.4507075040402,144.76532419949885
us7000ip7p,2022-11-12 04:39:46.329000+00:00,2022,11,2022-11,5.8,"12 km E of La Gomera, Guatemala",Belize,BLZ,280.30562792829573,195.5798292894649
us7000ipwz,2022-11-15 16:13:01.900000+00:00,2022,11,2022-11,4.5,"49 km SW of Puerto El Triunfo, El Salvador",Belize,BLZ,333.60323390033193,33.542063891718016
us7000iqig,2022-11-17 17:43:05.131000+00:00,2022,11,2022-11,4.7,"83 km S of Champerico, Guatemala",Belize,BLZ,398.5242657457504,30.522180224962796
us7000it9z,2022-11-29 13:24:12.611000+00:00,2022,11,2022-11,4.5,"87 km SSW of Oc?s, Guatemala",Belize,BLZ,443.474447170316,19.364552875412496
us6000j8lw,2022-12-11 15:03:11.145000+00:00,2022,12,2022-12,5.0,"4 km W of Zapotitlán, Guatemala",Belize,BLZ,213.24107729407865,108.88119634424656
us6000j9es,2022-12-15 14:32:23.385000+00:00,2022,12,2022-12,5.6,"40 km S of Puerto El Triunfo, El Salvador",Belize,BLZ,344.7666481357303,112.55083876533566
us6000ja0y,2022-12-17 16:50:37.467000+00:00,2022,12,2022-12,4.7,"136 km SSW of Chirilagua, El Salvador",Belize,BLZ,443.8738247877074,24.32989508444982
us7000j0k0,2022-12-28 01:44:44.623000+00:00,2022,12,2022-12,4.5,"94 km SSW of Acajutla, El Salvador",Belize,BLZ,367.88222062915133,28.258812506812067
us7000j1gs,2023-01-01 19:37:15.835000+00:00,2023,1,2023-01,4.6,"1 km S of Nueva Libertad, Mexico",Belize,BLZ,331.4581092692762,38.040644017429955
us7000j1tw,2023-01-03 13:55:56.034000+00:00,2023,1,2023-01,4.6,off the coast of Central America,Belize,BLZ,366.51551985128737,31.924320410540467
us7000j3d2,2023-01-10 08:27:46.406000+00:00,2023,1,2023-01,4.7,"93 km SW of Jiquilillo, Nicaragua",Belize,BLZ,428.03122671112,26.3355262324141
us7000j4gd,2023-01-15 02:37:58.151000+00:00,2023,1,2023-01,4.5,"35 km N of Tela, Honduras",Belize,BLZ,107.99467188641974,103.63168261338615
us7000j4ld,2023-01-15 23:07:53.815000+00:00,2023,1,2023-01,5.2,"7 km NW of Atiquizaya, El Salvador",Belize,BLZ,223.95384833891703,129.92430349933295
us7000j4mi,2023-01-16 04:47:12.256000+00:00,2023,1,2023-01,5.0,"6 km ESE of Comapa, Guatemala",Belize,BLZ,219.69196868709844,105.4253257022902
us6000jjqy,2023-01-21 20:36:03.215000+00:00,2023,1,2023-01,4.5,"37 km SE of Iztapa, Guatemala",Belize,BLZ,293.85908687389855,40.915993464583956
us6000jj31,2023-01-25 05:15:30.350000+00:00,2023,1,2023-01,4.6,"40 km SSW of Puerto El Triunfo, El Salvador",Belize,BLZ,337.08579146223,36.9851602021809
us6000jka2,2023-01-30 09:52:07.173000+00:00,2023,1,2023-01,4.9,"70 km SSW of Chirilagua, El Salvador",Belize,BLZ,385.32652082247307,41.04630721880804
us6000jl0g,2023-02-02 17:42:18.946000+00:00,2023,2,2023-02,4.7,"22 km SSW of Nueva Concepción, Guatemala",Belize,BLZ,323.67562550517664,44.37591383330476
us6000jl37,2023-02-03 00:46:49.353000+00:00,2023,2,2023-02,4.5,"103 km SW of Jiquilillo, Nicaragua",Belize,BLZ,439.7072077861434,19.732764371994076
us6000jle9,2023-02-04 12:48:43.300000+00:00,2023,2,2023-02,4.7,"106 km SW of Jiquilillo, Nicaragua",Belize,BLZ,446.8695152174603,23.968186594336213
us6000jlf4,2023-02-04 16:35:39.336000+00:00,2023,2,2023-02,4.6,off the coast of Central America,Belize,BLZ,386.17831359226585,28.935063972438297
us6000jmhm,2023-02-08 15:16:16.982000+00:00,2023,2,2023-02,5.5,north of Honduras,Belize,BLZ,245.44592130603513,164.82419140417196
us6000jmui,2023-02-09 19:43:49.768000+00:00,2023,2,2023-02,4.5,"82 km SW of Corinto, Nicaragua",Belize,BLZ,467.32674990306094,17.187505745687815
us6000jpdh,2023-02-16 12:02:40.836000+00:00,2023,2,2023-02,5.1,near the coast of Guatemala,Belize,BLZ,383.5195146029135,52.14323307299383
us6000jq2k,2023-02-19 07:54:32.142000+00:00,2023,2,2023-02,5.0,"35 km SSW of Jiquilillo, Nicaragua",Belize,BLZ,425.45610593008524,37.68198779023811
us7000jg2l,2023-02-27 18:46:06.643000+00:00,2023,2,2023-02,5.2,"50 km W of Jiquilillo, Nicaragua",Belize,BLZ,376.75581690054815,60.51807963171381
us7000jg81,2023-02-28 10:51:23.575000+00:00,2023,2,2023-02,4.5,"104 km SW of Puerto Madero, Mexico",Belize,BLZ,473.93128992085036,16.62919706357405
us7000jgbl,2023-02-28 19:44:35.386000+00:00,2023,2,2023-02,5.2,"36 km S of Iztapa, Guatemala",Belize,BLZ,311.72787299277996,83.7705804154318
us7000jhlk,2023-03-06 09:25:38.105000+00:00,2023,3,2023-03,4.9,"93 km SW of Jiquilillo, Nicaragua",Belize,BLZ,454.66976450117704,29.019982816493634
us7000jhqd,2023-03-06 20:22:00.374000+00:00,2023,3,2023-03,4.7,"91 km SW of Jiquilillo, Nicaragua",Belize,BLZ,444.824237688047,24.21455212932752
us7000jhqh,2023-03-06 20:32:00.589000+00:00,2023,3,2023-03,4.5,"86 km SW of Jiquilillo, Nicaragua",Belize,BLZ,442.40910579812464,19.467977383546394
us7000jicu,2023-03-09 02:35:35.260000+00:00,2023,3,2023-03,4.5,"103 km SSW of Jiquilillo, Nicaragua",Belize,BLZ,464.29508437164736,17.450024233354103
us7000jidj,2023-03-09 04:22:44.388000+00:00,2023,3,2023-03,4.9,"7 km NE of Mapastepec, Mexico",Belize,BLZ,406.76827199276255,36.873462462983724
us7000jjah,2023-03-12 04:39:10.799000+00:00,2023,3,2023-03,4.6,"23 km SSE of Iztapa, Guatemala",Belize,BLZ,293.82754404787835,45.91574073345119
us7000jjqm,2023-03-14 02:55:35.768000+00:00,2023,3,2023-03,4.5,"99 km WSW of Puerto Madero, Mexico",Belize,BLZ,482.2284425008862,15.953436279250077
us6000k1lp,2023-04-02 22:32:40.591000+00:00,2023,4,2023-04,4.6,"89 km SW of Jiquilillo, Nicaragua",Belize,BLZ,438.0297492885431,22.327005783303036
us6000k1pd,2023-04-03 12:36:06.547000+00:00,2023,4,2023-04,5.0,"134 km S of La Libertad, El Salvador",Belize,BLZ,415.42023367371394,39.621090470170415
us6000k2c2,2023-04-06 10:03:37.008000+00:00,2023,4,2023-04,4.6,"76 km SW of Jiquilillo, Nicaragua",Belize,BLZ,427.5059081258887,23.533293736786533
us6000k2j4,2023-04-06 21:38:17.867000+00:00,2023,4,2023-04,4.8,"33 km SW of La Esperanza (El Zapotal), Mexico",Belize,BLZ,465.0463088477018,24.55640408168383
us6000k33w,2023-04-09 18:27:53.168000+00:00,2023,4,2023-04,4.6,"88 km SW of Champerico, Guatemala",Belize,BLZ,440.9303222260546,22.005536983409794
us6000k383,2023-04-10 05:34:22.561000+00:00,2023,4,2023-04,4.7,near the coast of Nicaragua,Belize,BLZ,412.3075729973093,28.48954288274669
us6000k47f,2023-04-14 00:56:18.890000+00:00,2023,4,2023-04,4.5,off the coast of Central America,Belize,BLZ,382.0547257647969,26.32562581567318
us6000k4ke,2023-04-14 21:27:13.415000+00:00,2023,4,2023-04,4.6,"85 km SW of Puerto Madero, Mexico",Belize,BLZ,461.50173995963803,19.854625726947415
us6000k5ss,2023-04-20 15:00:00.526000+00:00,2023,4,2023-04,4.8,"50 km SW of La Gomera, Guatemala",Belize,BLZ,343.2297409258263,45.15294562309855
us7000jxqc,2023-05-03 10:03:19.286000+00:00,2023,5,2023-05,4.5,"92 km SSW of Intipucá, El Salvador",Belize,BLZ,408.7211974868246,23.03950777811708
us6000k9yt,2023-05-06 04:56:24.543000+00:00,2023,5,2023-05,5.0,"11 km WSW of Nueva América, Mexico",Belize,BLZ,353.37064133892034,54.033786443474625
us6000kcnb,2023-05-17 23:01:59.919000+00:00,2023,5,2023-05,6.4,"8 km SE of Canillá, Guatemala",Belize,BLZ,197.2515002460574,591.1174900331213
us6000kcz3,2023-05-18 22:13:40.372000+00:00,2023,5,2023-05,4.5,near the coast of Nicaragua,Belize,BLZ,435.8795663171894,20.114051041921737
us6000kdiy,2023-05-21 00:30:17.865000+00:00,2023,5,2023-05,4.6,"108 km SSW of Jucuarán, El Salvador",Belize,BLZ,414.8084219202983,25.075809194259566
us7000k5gi,2023-06-01 10:02:08.943000+00:00,2023,6,2023-06,4.6,Guatemala,Belize,BLZ,214.91664047115702,68.1262438748776
us7000k84v,2023-06-13 07:36:14.133000+00:00,2023,6,2023-06,4.5,"77 km SSW of Puerto El Triunfo, El Salvador",Belize,BLZ,376.8134208275933,27.024648449556736
us7000k857,2023-06-13 09:31:53.165000+00:00,2023,6,2023-06,4.6,"116 km S of Puerto San José, Guatemala",Belize,BLZ,395.91917844023504,27.559569393237357
us7000kaf1,2023-06-22 19:27:57.696000+00:00,2023,6,2023-06,4.8,"89 km WSW of Jiquilillo, Nicaragua",Belize,BLZ,417.8718129817856,31.088723290682964
us7000kawm,2023-06-24 22:54:08.250000+00:00,2023,6,2023-06,4.5,"95 km SW of Jiquilillo, Nicaragua",Belize,BLZ,433.7659384707587,20.32774632572545
us7000kgpb,2023-07-19 00:22:07.656000+00:00,2023,7,2023-07,6.5,"43 km S of Intipucá, El Salvador",Belize,BLZ,367.2105156803047,283.5387998173135
us7000kgr8,2023-07-19 02:46:57.152000+00:00,2023,7,2023-07,5.0,"41 km S of Chirilagua, El Salvador",Belize,BLZ,359.04085366494184,52.523383170361356
us7000kgtg,2023-07-19 10:11:36.602000+00:00,2023,7,2023-07,4.7,"49 km S of Chirilagua, El Salvador",Belize,BLZ,365.8708219102035,35.93532729979136
us7000kgvt,2023-07-19 13:27:00.847000+00:00,2023,7,2023-07,4.5,"52 km SSW of Chirilagua, El Salvador",Belize,BLZ,367.5112734589944,28.311273775327706
us7000khiy,2023-07-22 01:11:58.217000+00:00,2023,7,2023-07,4.6,"28 km W of La Libertad, El Salvador",Belize,BLZ,283.3511553534137,48.385004295926784
us7000khuf,2023-07-23 18:23:08.997000+00:00,2023,7,2023-07,4.7,"13 km SSE of Maravilla Tenejapa, Mexico",Belize,BLZ,223.32189949047017,73.2930267303201
us7000khus,2023-07-23 19:37:26.626000+00:00,2023,7,2023-07,4.8,"50 km SSW of Chirilagua, El Salvador",Belize,BLZ,364.71265712647886,40.554264340229935
us7000ki5i,2023-07-25 03:42:19.364000+00:00,2023,7,2023-07,4.5,"36 km SSW of Champerico, Guatemala",Belize,BLZ,384.19050724873136,26.045992640636918
us6000kvl1,2023-07-26 04:32:26.434000+00:00,2023,7,2023-07,4.6,"104 km S of La Libertad, El Salvador",Belize,BLZ,383.25618838173057,29.36092685790161
us6000kwfu,2023-07-29 02:10:37.827000+00:00,2023,7,2023-07,4.5,"20 km SW of Monjarás, Honduras",Belize,BLZ,364.1081014273247,28.797136413165475
us6000kwl1,2023-07-30 00:11:47.161000+00:00,2023,7,2023-07,4.6,Honduras,Belize,BLZ,350.8749545423367,34.521107245355616
us6000kwl6,2023-07-30 01:10:29.594000+00:00,2023,7,2023-07,5.7,off the coast of Central America,Belize,BLZ,400.1687948379864,95.72921615494451
us6000kyey,2023-08-07 13:12:48.316000+00:00,2023,8,2023-08,4.7,"99 km SSW of La Libertad, El Salvador",Belize,BLZ,377.2895852812032,33.941112650311084
us6000kyl1,2023-08-08 08:12:14.476000+00:00,2023,8,2023-08,4.8,"33 km NNW of Guanaja, Honduras",Belize,BLZ,248.97800652330722,72.33544012275095
us6000kzng,2023-08-13 06:22:03.852000+00:00,2023,8,2023-08,4.8,"6 km W of Asunción Mita, Guatemala",Belize,BLZ,188.5209898720038,97.86600761062242
us7000knzu,2023-08-17 11:12:39.336000+00:00,2023,8,2023-08,4.7,"92 km WSW of Puerto Madero, Mexico",Belize,BLZ,475.2073885519562,20.801768887845473
us7000kp4e,2023-08-17 21:11:31.920000+00:00,2023,8,2023-08,4.7,"70 km NE of Savannah Bight, Honduras",Belize,BLZ,308.6438640410571,47.83969089184909
us7000kqz8,2023-08-25 14:38:56.666000+00:00,2023,8,2023-08,4.5,near the coast of Guatemala,Belize,BLZ,400.8838648057105,23.960272234127363
us7000krbv,2023-08-27 11:33:01.308000+00:00,2023,8,2023-08,4.5,"109 km WSW of Puerto Madero, Mexico",Belize,BLZ,493.61194605759954,15.070764314176161
us7000kv78,2023-09-12 02:40:50.492000+00:00,2023,9,2023-09,5.1,"45 km SW of La Esperanza (El Zapotal), Mexico",Belize,BLZ,477.8948004108468,32.52854413926489
us7000kxan,2023-09-22 05:07:15.192000+00:00,2023,9,2023-09,4.6,"67 km S of Corinto, Nicaragua",Belize,BLZ,497.6980689869271,16.567705835425212
us7000kxy5,2023-09-25 06:57:45.859000+00:00,2023,9,2023-09,4.6,"48 km S of Champerico, Guatemala",Belize,BLZ,385.24295381125216,29.070704382170316
us6000lbi6,2023-09-28 19:46:18.424000+00:00,2023,9,2023-09,4.6,"52 km SW of Acajutla, El Salvador",Belize,BLZ,319.11169838379533,40.46296947757788
us6000lcik,2023-09-29 03:41:51.793000+00:00,2023,9,2023-09,4.5,"7 km NE of Tonalá, Mexico",Belize,BLZ,498.49201805337407,14.707482368854565
us6000lcw7,2023-10-04 18:33:45.136000+00:00,2023,10,2023-10,4.6,"98 km SSW of Intipucá, El Salvador",Belize,BLZ,413.5591419745423,25.232932939989777
us6000lf7c,2023-10-12 20:00:40.564000+00:00,2023,10,2023-10,4.5,"13 km NNE of La Libertad, Honduras",Belize,BLZ,193.30166675798088,67.64734619869637
us6000lflx,2023-10-14 22:11:04.614000+00:00,2023,10,2023-10,4.9,"16 km NE of La Libertad, Honduras",Belize,BLZ,195.08223027475202,106.2635497212224
us6000lfsv,2023-10-15 22:44:41.285000+00:00,2023,10,2023-10,4.9,"102 km SSW of Chirilagua, El Salvador",Belize,BLZ,409.21799754315344,36.424567930610465
us6000lgie,2023-10-19 05:23:17.850000+00:00,2023,10,2023-10,4.6,"65 km WSW of Jiquilillo, Nicaragua",Belize,BLZ,405.8231733209813,26.22806045246297
us6000lh1j,2023-10-20 23:00:21.109000+00:00,2023,10,2023-10,4.9,"114 km WSW of Puerto Madero, Mexico",Belize,BLZ,498.5975060993912,23.297497406074733
us7000l6hq,2023-10-26 09:34:20.440000+00:00,2023,10,2023-10,4.6,"36 km SW of Puerto Madero, Mexico",Belize,BLZ,416.47175728282997,24.86812660492828
us7000l875,2023-11-01 21:52:16.903000+00:00,2023,11,2023-11,5.3,"42 km S of Puerto San José, Guatemala",Belize,BLZ,319.03520161128023,90.61995914296975
us7000l9va,2023-11-04 05:54:28.610000+00:00,2023,11,2023-11,4.5,"106 km SSW of Chirilagua, El Salvador",Belize,BLZ,416.39392603254396,22.172368003185916
us7000lgts,2023-12-07 02:22:07.908000+00:00,2023,12,2023-12,4.7,"76 km SSW of Puerto El Triunfo, El Salvador",Belize,BLZ,367.1311531534593,35.709587236293196
us7000lii1,2023-12-12 21:07:08.497000+00:00,2023,12,2023-12,4.6,"1 km W of San Felipe, Guatemala",Belize,BLZ,302.5233769826249,43.9621408794133
us7000lj2f,2023-12-14 16:21:26.606000+00:00,2023,12,2023-12,5.0,"70 km SW of Puerto Madero, Mexico",Belize,BLZ,447.1903493053977,33.8016962438187
us7000lj2l,2023-12-14 17:00:46.452000+00:00,2023,12,2023-12,4.6,"101 km SW of Puerto Madero, Mexico",Belize,BLZ,476.3245157045673,18.436329279214522
us7000lj39,2023-12-14 17:55:01.836000+00:00,2023,12,2023-12,5.4,"24 km SSW of Nueva Concepción, Guatemala",Belize,BLZ,324.00793243807146,99.18036774351691
us7000lj9w,2023-12-15 10:10:48.776000+00:00,2023,12,2023-12,4.5,"177 km SSW of Puerto El Triunfo, El Salvador",Belize,BLZ,472.6413815887575,16.73679436648635
us7000lkhk,2023-12-20 22:37:00.203000+00:00,2023,12,2023-12,4.6,"69 km SSW of Intipucá, El Salvador",Belize,BLZ,388.6207294705625,28.583855531466252
us6000lzzs,2023-12-27 09:35:40.171000+00:00,2023,12,2023-12,4.6,"121 km S of Puerto San José, Guatemala",Belize,BLZ,399.65980573225255,27.048909364162917
us6000m074,2023-12-28 13:54:49.861000+00:00,2023,12,2023-12,4.8,"74 km S of Intipucá, El Salvador",Belize,BLZ,395.4025080866564,34.78518865267436
us6000m0me,2023-12-30 15:02:00.704000+00:00,2023,12,2023-12,4.6,"98 km SSW of Puerto El Triunfo, El Salvador",Belize,BLZ,385.4813207129566,29.03607755232483
us6000m2rr,2023-12-30 18:38:39.731000+00:00,2023,12,2023-12,4.5,"125 km SSW of Puerto El Triunfo, El Salvador",Belize,BLZ,408.3971993004651,23.076861820226213
us6000m0y4,2024-01-01 08:54:02.503000+00:00,2024,1,2024-01,4.5,"103 km SSW of Puerto El Triunfo, El Salvador",Belize,BLZ,392.95181545812284,24.929638128980706
us6000m298,2024-01-06 20:56:13.346000+00:00,2024,1,2024-01,4.6,"28 km E of Savannah Bight, Honduras",Belize,BLZ,304.1574994221727,43.60440671861362
us7000lt1e,2024-01-22 21:52:54.093000+00:00,2024,1,2024-01,4.6,"57 km SSW of Champerico, Guatemala",Belize,BLZ,398.01947173466596,27.271667839354514
us7000lt1k,2024-01-22 22:05:08.235000+00:00,2024,1,2024-01,4.5,"61 km SSW of Champerico, Guatemala",Belize,BLZ,401.61374016329313,23.872991529759
us7000ltub,2024-01-25 22:08:05.260000+00:00,2024,1,2024-01,4.7,"29 km S of La Libertad, El Salvador",Belize,BLZ,306.3086084710931,48.40155426792061
us7000luai,2024-01-27 05:52:48.419000+00:00,2024,1,2024-01,6.1,"15 km W of Taxisco, Guatemala",Belize,BLZ,260.7331319031334,304.6668468253
us7000luun,2024-01-29 21:38:33.921000+00:00,2024,1,2024-01,4.5,"13 km NNW of San Agustín, El Salvador",Belize,BLZ,271.66696088920736,45.717522768414
us7000lvj9,2024-01-31 23:43:17.478000+00:00,2024,1,2024-01,4.6,"97 km S of La Libertad, El Salvador",Belize,BLZ,376.57699019754426,30.358020907377096
us7000lwnw,2024-02-03 07:24:43.609000+00:00,2024,2,2024-02,4.5,"65 km SSE of Acajutla, El Salvador",Belize,BLZ,334.5957323863424,33.376023980215
us7000lwur,2024-02-04 01:25:52.329000+00:00,2024,2,2024-02,4.8,"39 km NW of Guanaja, Honduras",Belize,BLZ,236.2125641632413,77.10293924682124
us7000lx1c,2024-02-05 08:11:57.569000+00:00,2024,2,2024-02,4.5,"164 km SSW of Puerto El Triunfo, El Salvador",Belize,BLZ,451.18248972206646,18.632437448055295
us7000lxb4,2024-02-06 13:53:19.290000+00:00,2024,2,2024-02,5.1,"47 km SW of La Libertad, El Salvador",Belize,BLZ,318.7687356208754,72.07795985711662
us7000lxg3,2024-02-07 02:04:53.438000+00:00,2024,2,2024-02,5.0,"46 km SW of La Libertad, El Salvador",Belize,BLZ,316.30688558713285,65.0351767675649
us7000lzuc,2024-02-17 08:56:21.641000+00:00,2024,2,2024-02,4.5,"106 km S of Puerto El Triunfo, El Salvador",Belize,BLZ,409.2946517443574,22.97354187524609
us7000m0iw,2024-02-21 11:01:07.955000+00:00,2024,2,2024-02,4.7,"8 km W of Mataquescuintla, Guatemala",Belize,BLZ,194.56802397919412,84.62543306172604
us7000m1ea,2024-02-24 21:57:41.904000+00:00,2024,2,2024-02,5.3,"9 km W of El Realejo, Nicaragua",Belize,BLZ,427.6899996480886,52.63601062751918
us7000m1qy,2024-02-26 21:35:38.435000+00:00,2024,2,2024-02,5.0,"12 km WNW of Puerto Morazán, Nicaragua",Belize,BLZ,389.0455123084249,45.20624183247615
us7000m1sh,2024-02-27 03:23:01.906000+00:00,2024,2,2024-02,4.8,"84 km SW of Brisas Barra de Suchiate, Mexico",Belize,BLZ,450.8683861125155,26.360384410388363
us6000mizf,2024-03-15 03:13:58.475000+00:00,2024,3,2024-03,4.9,"42 km S of Puerto El Triunfo, El Salvador",Belize,BLZ,346.3031981366382,49.889845604621954
us6000mja9,2024-03-16 13:56:30.246000+00:00,2024,3,2024-03,4.7,"124 km SW of Puerto Madero, Mexico",Belize,BLZ,499.0308257220469,18.46580862999179
us6000mjct,2024-03-17 00:44:02.920000+00:00,2024,3,2024-03,5.6,"45 km SSW of Jiquilillo, Nicaragua",Belize,BLZ,426.40300975557614,74.83032457681516
us6000mje0,2024-03-17 04:03:20.246000+00:00,2024,3,2024-03,4.9,"50 km SSW of Jiquilillo, Nicaragua",Belize,BLZ,431.9086324120055,32.5178872798659
us7000m86c,2024-03-27 00:24:46.644000+00:00,2024,3,2024-03,4.7,"160 km S of La Libertad, El Salvador",Belize,BLZ,441.77336049970063,24.58676195142752
us7000m9u3,2024-04-04 07:38:05.187000+00:00,2024,4,2024-04,5.1,"56 km SW of Puerto El Triunfo, El Salvador",Belize,BLZ,343.9110773082575,63.563321664066386
us7000ma26,2024-04-05 09:01:55.258000+00:00,2024,4,2024-04,5.0,"48 km WSW of El Palmarcito, Mexico",Belize,BLZ,492.2067154434046,26.988994053895233
us7000man5,2024-04-07 17:49:32.447000+00:00,2024,4,2024-04,5.0,"2 km S of Tenancingo, El Salvador",Belize,BLZ,238.74477093482432,95.84563013702413
us7000mc2f,2024-04-14 19:14:58.353000+00:00,2024,4,2024-04,4.7,"19 km SW of La Gomera, Guatemala",Belize,BLZ,310.98910275748415,47.28198966231103
us7000mdh8,2024-04-20 14:09:10.712000+00:00,2024,4,2024-04,4.9,"4 km ESE of Hidalgo, Mexico",Belize,BLZ,384.38898002261953,41.23917185028866
us7000mdp9,2024-04-21 16:51:21.957000+00:00,2024,4,2024-04,4.9,"50 km SSW of La Esperanza (El Zapotal), Mexico",Belize,BLZ,466.87990453122313,27.30129003706166
us6000mteu,2024-04-24 07:15:58.760000+00:00,2024,4,2024-04,4.5,"39 km SSW of Puerto El Triunfo, El Salvador",Belize,BLZ,338.14487050944234,32.78896765041005
us6000mtxr,2024-04-26 08:37:54.174000+00:00,2024,4,2024-04,4.7,"158 km SSW of Puerto El Triunfo, El Salvador",Belize,BLZ,445.4595180932949,24.137759004365503
us6000mv2u,2024-04-29 23:42:14.279000+00:00,2024,4,2024-04,5.1,"5 km WNW of Francisco Villa, Mexico",Belize,BLZ,464.13058812906695,34.84602416531798
us6000mxae,2024-05-08 17:53:44.955000+00:00,2024,5,2024-05,4.7,"52 km SSW of León, Nicaragua",Belize,BLZ,490.17727741273876,19.301611338597265
us6000my20,2024-05-12 11:39:12.718000+00:00,2024,5,2024-05,6.4,"28 km WSW of Brisas Barra de Suchiate, Mexico",Belize,BLZ,397.3248325111071,217.38025235449516
us6000mz64,2024-05-17 13:56:12.492000+00:00,2024,5,2024-05,4.6,"53 km SW of Puerto Madero, Mexico",Belize,BLZ,433.6268305094203,22.823975976109416
us6000mzj6,2024-05-18 22:40:38.815000+00:00,2024,5,2024-05,4.8,"63 km SW of Puerto Madero, Mexico",Belize,BLZ,444.11597029159634,27.265560120183
us6000n0e0,2024-05-23 08:15:16.821000+00:00,2024,5,2024-05,4.6,"16 km SSW of Amapala, Honduras",Belize,BLZ,343.083389159812,35.89251464656691
us7000mrv6,2024-06-12 02:55:06.200000+00:00,2024,6,2024-06,4.9,"5 km N of San Pedro Ayampuc, Guatemala",Belize,BLZ,183.07545764706256,112.83834165532372
us7000mtvs,2024-06-22 00:38:03.188000+00:00,2024,6,2024-06,4.5,"27 km SSW of San Lorenzo, Guatemala",Belize,BLZ,326.16492224880596,34.813033690336056
us7000n0ka,2024-07-21 02:53:48.910000+00:00,2024,7,2024-07,6.2,"6 km E of Jalapa, Guatemala",Belize,BLZ,163.30937506062153,556.3885677272273
us6000ng9n,2024-07-26 23:15:30.576000+00:00,2024,7,2024-07,4.5,"4 km NE of Santiago de María, El Salvador",Belize,BLZ,278.19886962070206,44.248528255278046
us6000ngbp,2024-07-27 09:27:05.955000+00:00,2024,7,2024-07,4.8,"51 km SSW of Jucuarán, El Salvador",Belize,BLZ,358.8018957068999,41.77068361935069
us6000ngyv,2024-07-30 20:35:32.627000+00:00,2024,7,2024-07,4.7,"12 km SSE of Conchagua, El Salvador",Belize,BLZ,332.41880622047114,42.47777242844553
us6000ni92,2024-08-05 20:35:25.578000+00:00,2024,8,2024-08,4.9,"66 km WSW of Puerto Madero, Mexico",Belize,BLZ,448.658564256989,29.905447563192407
us6000nib4,2024-08-06 07:18:39.017000+00:00,2024,8,2024-08,5.0,"23 km S of Acajutla, El Salvador",Belize,BLZ,295.11481543704537,72.30466539009086
us7000n83h,2024-08-20 07:34:39.662000+00:00,2024,8,2024-08,4.8,"49 km SW of La Libertad, El Salvador",Belize,BLZ,317.29823274879146,51.40384933493526
us7000n8id,2024-08-21 17:55:41.683000+00:00,2024,8,2024-08,4.9,"98 km S of Puerto San José, Guatemala",Belize,BLZ,368.5521421260511,44.6374310031817
us6000nncs,2024-08-28 21:57:54.957000+00:00,2024,8,2024-08,6.1,"56 km SSW of La Libertad, El Salvador",Belize,BLZ,328.88712062862606,216.68591971324358
us6000nq33,2024-09-06 15:52:38.308000+00:00,2024,9,2024-09,5.1,"64 km S of Puerto San José, Guatemala",Belize,BLZ,336.80426999244514,65.86259231539387
us7000ndnm,2024-09-13 21:21:09.216000+00:00,2024,9,2024-09,4.9,"55 km S of Acajutla, El Salvador",Belize,BLZ,329.3151045467835,54.31269292246408
us7000ndvl,2024-09-15 02:00:14.953000+00:00,2024,9,2024-09,4.6,"58 km S of Acajutla, El Salvador",Belize,BLZ,332.08819783066116,37.920987728230855
us7000ndx1,2024-09-15 04:58:33.250000+00:00,2024,9,2024-09,5.2,"59 km S of Acajutla, El Salvador",Belize,BLZ,333.58000957481164,75.10004769905707
us7000ndxj,2024-09-15 05:16:04.683000+00:00,2024,9,2024-09,4.7,"54 km S of Acajutla, El Salvador",Belize,BLZ,328.0714641056516,43.41120762640132
us6000nszm,2024-09-19 04:57:49.290000+00:00,2024,9,2024-09,4.6,"76 km S of Intipucá, El Salvador",Belize,BLZ,396.9802865638266,27.41373817720863
us6000ntl2,2024-09-22 02:25:47.516000+00:00,2024,9,2024-09,5.0,"28 km SSW of La Libertad, El Salvador",Belize,BLZ,304.2995902509537,69.05924650899314
us7000ng3m,2024-09-25 06:43:21.209000+00:00,2024,9,2024-09,5.3,"98 km WSW of Puerto Madero, Mexico",Belize,BLZ,482.05319923167104,40.10834832401833
us7000ngi9,2024-09-26 07:54:31.761000+00:00,2024,9,2024-09,4.7,"78 km SW of Jiquilillo, Nicaragua",Belize,BLZ,420.2020613435678,27.386896301158913
us7000ngr0,2024-09-27 03:39:30.561000+00:00,2024,9,2024-09,5.0,"93 km SW of Corinto, Nicaragua",Belize,BLZ,482.3065867579635,28.358584787121618
us7000nha6,2024-09-30 17:38:29.391000+00:00,2024,9,2024-09,4.6,"94 km SSW of Puerto San José, Guatemala",Belize,BLZ,378.9937049152984,29.99339495664642
us7000nhpp,2024-10-02 10:51:11.450000+00:00,2024,10,2024-10,4.5,"47 km S of Acajutla, El Salvador",Belize,BLZ,320.7620722171063,35.76629960177865
us6000nzhn,2024-10-18 07:17:17.481000+00:00,2024,10,2024-10,4.5,"141 km SSW of Puerto El Triunfo, El Salvador",Belize,BLZ,430.9700679713286,20.613910592438998
us7000nn6t,2024-10-25 14:46:23.800000+00:00,2024,10,2024-10,5.8,"69 km SW of Brisas Barra de Suchiate, Mexico",Belize,BLZ,435.5015969456175,90.01612175997258
us7000nn9u,2024-10-26 01:21:57.916000+00:00,2024,10,2024-10,4.8,"59 km S of Intipucá, El Salvador",Belize,BLZ,381.7282761287442,37.24668108780016
us7000npl2,2024-11-02 19:59:14.759000+00:00,2024,11,2024-11,5.1,"61 km WSW of Jiquilillo, Nicaragua",Belize,BLZ,399.71590842527587,48.087027635442524
us7000ns4l,2024-11-16 07:03:06.199000+00:00,2024,11,2024-11,4.9,"89 km SW of Puerto Madero, Mexico",Belize,BLZ,470.1358720847859,26.860427784264775
us7000nsm9,2024-11-19 14:56:40.701000+00:00,2024,11,2024-11,4.7,"1 km SSW of Antigua Guatemala, Guatemala",Belize,BLZ,228.1515903670398,71.54431276650696
us7000nwj2,2024-11-21 15:31:49.434000+00:00,2024,11,2024-11,4.6,"94 km WSW of Jiquilillo, Nicaragua",Belize,BLZ,417.8323165621868,24.69952792431485
us6000p6s9,2024-11-21 15:47:51.939000+00:00,2024,11,2024-11,4.5,"90 km SW of Jiquilillo, Nicaragua",Belize,BLZ,431.9348326527267,20.51471217818605
us7000nu5z,2024-11-25 23:56:28.466000+00:00,2024,11,2024-11,4.7,"83 km SSW of Ocós, Guatemala",Belize,BLZ,441.0982291624635,24.669898660348558
us7000nwun,2024-12-07 09:06:12.994000+00:00,2024,12,2024-12,4.9,"22 km S of Amapala, Honduras",Belize,BLZ,351.9485833458715,48.501298030756566
us7000nx79,2024-12-09 03:50:29.291000+00:00,2024,12,2024-12,5.6,"2 km SSE of Conchagua, El Salvador",Belize,BLZ,321.97248054969,126.13791320747843
us7000nxar,2024-12-09 13:46:39.507000+00:00,2024,12,2024-12,4.5,"8 km ESE of Conchagua, El Salvador",Belize,BLZ,326.5178542551354,34.75165469366143
us7000nydz,2024-12-13 08:52:58.653000+00:00,2024,12,2024-12,4.7,"70 km SW of Puerto Madero, Mexico",Belize,BLZ,450.2856709170518,23.562267880888935
us7000nzmv,2024-12-17 21:03:20.021000+00:00,2024,12,2024-12,4.6,"110 km SW of Jiquilillo, Nicaragua",Belize,BLZ,457.24631432965583,20.281601443312034
us6000pfba,2024-12-23 17:13:33.523000+00:00,2024,12,2024-12,4.6,"113 km SW of Acajutla, El Salvador",Belize,BLZ,381.86779680325,29.56545827870983
us6000pfy2,2024-12-27 16:28:23.293000+00:00,2024,12,2024-12,4.7,"21 km SW of Acajutla, El Salvador",Belize,BLZ,292.4371140620583,51.87771934190592
