id,time,year,month,year_month,mag,place,country,iso_a3,dist_km,shake_proxy
usp000f2ux,2007-01-17 08:55:45.110000+00:00,2007,1,2007-01,4.9,"75 km SSE of Champerico, Guatemala",Nicaragua,NIC,458.2681918187006,28.502520408258242
usp000f2yn,2007-01-19 01:43:14.070000+00:00,2007,1,2007-01,5.4,"56 km S of El Rosario, El Salvador",Nicaragua,NIC,161.0752195446629,223.9905029385795
usp000f304,2007-01-19 14:50:26.590000+00:00,2007,1,2007-01,4.6,"107 km SW of Corinto, Nicaragua",Nicaragua,NIC,107.34857544292849,116.65289741250575
usp000f39t,2007-01-22 09:04:06.620000+00:00,2007,1,2007-01,4.7,"79 km SW of Corinto, Nicaragua",Nicaragua,NIC,78.78974341201963,150.976810394646
usp000f3r0,2007-01-27 09:12:41.180000+00:00,2007,1,2007-01,4.6,"21 km SSW of La Libertad, El Salvador",Nicaragua,NIC,198.14567191774378,74.08531646489475
usp000f3rg,2007-01-27 11:22:16.970000+00:00,2007,1,2007-01,4.5,"73 km SSW of Corinto, Nicaragua",Nicaragua,NIC,72.83286186235387,123.55076817330404
usp000f432,2007-02-01 11:18:58.190000+00:00,2007,2,2007-02,4.6,"165 km WSW of Masachapa, Nicaragua",Nicaragua,NIC,167.01882044395342,86.56119423919596
usp000f4tn,2007-02-13 18:38:49.750000+00:00,2007,2,2007-02,5.0,"59 km SSW of Puerto San José, Guatemala",Nicaragua,NIC,379.7491767947889,47.357104400343836
usp000f4xj,2007-02-15 17:16:53.730000+00:00,2007,2,2007-02,4.7,"47 km SW of San Juan del Sur, Nicaragua",Nicaragua,NIC,45.17696965863136,178.60740344500275
usp000f511,2007-02-17 08:57:18.880000+00:00,2007,2,2007-02,4.6,"141 km SSW of Chirilagua, El Salvador",Nicaragua,NIC,139.89657659452334,99.13304441518034
usp000f5pf,2007-02-26 10:42:28.200000+00:00,2007,2,2007-02,4.5,"15 km N of Quepos, Costa Rica",Nicaragua,NIC,132.34587062911797,91.75180007525151
usp000f5sw,2007-02-27 22:14:20.300000+00:00,2007,2,2007-02,4.6,"58 km SSW of Puerto El Triunfo, El Salvador",Nicaragua,NIC,123.12342119979502,107.80549248657854
usp000f6d2,2007-03-09 21:01:37.800000+00:00,2007,3,2007-03,5.6,"4 km W of Santa Cruz, Honduras",Nicaragua,NIC,29.270189901771772,545.0553291434724
usp000f6k2,2007-03-12 18:44:21.600000+00:00,2007,3,2007-03,4.5,"75 km S of Iztapa, Guatemala",Nicaragua,NIC,333.15268569952167,33.61771064869175
usp000f6qs,2007-03-14 21:59:13.050000+00:00,2007,3,2007-03,5.5,"31 km SSW of Masachapa, Nicaragua",Nicaragua,NIC,28.47541042084519,487.71535836028477
usp000f6qt,2007-03-14 22:10:56.220000+00:00,2007,3,2007-03,4.9,"77 km SSW of Masachapa, Nicaragua",Nicaragua,NIC,75.83275059183246,192.8995765781296
usp000f6qv,2007-03-14 22:44:08.170000+00:00,2007,3,2007-03,5.2,"29 km SW of Masachapa, Nicaragua",Nicaragua,NIC,28.840648294965025,344.6460679030098
usp000f7kv,2007-03-27 07:28:14.370000+00:00,2007,3,2007-03,4.6,"11 km SSE of Río Chiquito, Honduras",Nicaragua,NIC,260.8632746404468,54.14303498386164
usp000f95f,2007-04-09 09:37:04.170000+00:00,2007,4,2007-04,4.6,"4 km ESE of Villa El Carmen, Nicaragua",Nicaragua,NIC,0.0,199.52623149688787
usp000f9bu,2007-04-10 16:45:44.460000+00:00,2007,4,2007-04,5.2,"43 km WSW of Tola, Nicaragua",Nicaragua,NIC,29.033502785132168,344.3138953725905
usp000f9y3,2007-04-17 18:42:20.180000+00:00,2007,4,2007-04,4.5,"7 km S of Jalapa, Guatemala",Nicaragua,NIC,315.07921774903525,36.79714904208868
usp000fa8d,2007-04-21 07:24:18.820000+00:00,2007,4,2007-04,4.5,Guatemala,Nicaragua,NIC,475.0376358571083,16.53746279910075
usp000faft,2007-04-24 10:00:24.750000+00:00,2007,4,2007-04,4.5,"58 km WSW of Corinto, Nicaragua",Nicaragua,NIC,56.17871471702549,134.27942441533662
usp000fags,2007-04-24 17:51:36.280000+00:00,2007,4,2007-04,4.6,"35 km S of Jiquilillo, Nicaragua",Nicaragua,NIC,27.81039912782758,173.62429112055003
usp000far3,2007-04-27 18:28:32.330000+00:00,2007,4,2007-04,4.7,"44 km SW of Masachapa, Nicaragua",Nicaragua,NIC,44.32450258125314,179.37031283389686
usp000fbfb,2007-05-07 12:32:38.730000+00:00,2007,5,2007-05,4.6,"32 km S of Iztapa, Guatemala",Nicaragua,NIC,339.66700429431495,36.51089438719445
usp000fc0b,2007-05-15 09:54:37.930000+00:00,2007,5,2007-05,4.6,"57 km SSW of Masachapa, Nicaragua",Nicaragua,NIC,52.99460353788871,153.08184242676055
usp000fc0z,2007-05-15 15:59:30.510000+00:00,2007,5,2007-05,4.7,"9 km SSE of Golfito, Costa Rica",Nicaragua,NIC,263.1366908805362,60.06285000940142
usp000fc90,2007-05-18 23:47:50.430000+00:00,2007,5,2007-05,4.6,"36 km SW of San Juan del Sur, Nicaragua",Nicaragua,NIC,35.561462224165496,167.02414833400252
usp000fcg6,2007-05-22 10:48:45.430000+00:00,2007,5,2007-05,4.5,"31 km SW of Puerto El Triunfo, El Salvador",Nicaragua,NIC,119.23068204810427,97.97017043263305
usp000fdmh,2007-06-08 13:32:00.770000+00:00,2007,6,2007-06,5.8,"11 km SSE of Puerto San José, Guatemala",Nicaragua,NIC,357.60553290323867,132.88300841885098
usp000fdmm,2007-06-08 13:55:58.590000+00:00,2007,6,2007-06,4.6,"17 km S of Puerto San José, Guatemala",Nicaragua,NIC,360.63952011625844,32.87617112064206
usp000fdmu,2007-06-08 15:08:38.050000+00:00,2007,6,2007-06,5.5,"31 km S of Puerto San José, Guatemala",Nicaragua,NIC,355.7930049695731,94.93039899087407
usp000fdyv,2007-06-13 19:29:40.180000+00:00,2007,6,2007-06,6.7,"43 km SSE of Iztapa, Guatemala",Nicaragua,NIC,333.6952518979583,422.07532866022456
usp000fehx,2007-06-22 05:03:49.330000+00:00,2007,6,2007-06,5.0,"59 km SSW of Puerto El Triunfo, El Salvador",Nicaragua,NIC,127.81093410343496,166.9022083186045
usp000feq9,2007-06-24 06:25:03.520000+00:00,2007,6,2007-06,4.6,"72 km SW of Masachapa, Nicaragua",Nicaragua,NIC,73.98918441636013,137.82707115714783
usp000fex4,2007-06-26 15:55:27.290000+00:00,2007,6,2007-06,4.6,"53 km SSE of La Libertad, El Salvador",Nicaragua,NIC,170.0784681317399,85.24703821615503
usp000ffad,2007-07-02 18:36:02.590000+00:00,2007,7,2007-07,4.7,"9 km NE of Izalco, El Salvador",Nicaragua,NIC,235.3428435643568,69.01754521237707
usp000fg1c,2007-07-12 14:44:53.570000+00:00,2007,7,2007-07,4.8,"31 km SSE of Puerto El Triunfo, El Salvador",Nicaragua,NIC,83.80760418883688,165.20154316595523
usp000fg75,2007-07-15 09:07:20.550000+00:00,2007,7,2007-07,4.8,"18 km WSW of San Francisco Menéndez, El Salvador",Nicaragua,NIC,293.7639647770778,57.82287156931918
usp000fgdn,2007-07-17 02:47:19.430000+00:00,2007,7,2007-07,4.8,"72 km SSW of Corinto, Nicaragua",Nicaragua,NIC,68.74237681490925,178.12620913232305
usp000fgmr,2007-07-19 11:40:38.350000+00:00,2007,7,2007-07,4.6,"73 km S of Intipucá, El Salvador",Nicaragua,NIC,68.89387425019541,141.38354046709424
usp000fgny,2007-07-19 22:43:04.700000+00:00,2007,7,2007-07,4.5,"14 km S of La Mesa, Panama",Nicaragua,NIC,197.39715162020406,66.2761895780325
usp000fgyk,2007-07-23 20:48:28.250000+00:00,2007,7,2007-07,4.7,"18 km S of La Cruz, Costa Rica",Nicaragua,NIC,21.24490632568139,201.3108914825465
usp000fgys,2007-07-23 22:30:08.450000+00:00,2007,7,2007-07,5.5,"9 km NE of Santa Lucía Cotzumalguapa, Guatemala",Nicaragua,NIC,399.15857886862995,76.4254771696573
usp000fh5d,2007-07-26 21:05:09.790000+00:00,2007,7,2007-07,4.6,"25 km SW of Puerto El Triunfo, El Salvador",Nicaragua,NIC,114.55964444664538,112.52185749902736
usp000fhnh,2007-08-02 04:50:21.330000+00:00,2007,8,2007-08,5.2,"42 km SW of Jiquilillo, Nicaragua",Nicaragua,NIC,41.675302980202936,323.2237238271141
usp000fhp8,2007-08-02 08:42:37.300000+00:00,2007,8,2007-08,4.5,"86 km SSW of Puerto San José, Guatemala",Nicaragua,NIC,391.6764039312255,25.089123852479776
usp000fht5,2007-08-03 12:36:07.520000+00:00,2007,8,2007-08,4.5,"7 km N of San Carlos Sija, Guatemala",Nicaragua,NIC,492.01205929940255,15.191805380022785
usp000fjfd,2007-08-12 06:13:37.850000+00:00,2007,8,2007-08,4.8,"10 km SSW of Nueva Concepción, Guatemala",Nicaragua,NIC,425.9890676246089,29.852210331769257
usp000fjse,2007-08-15 18:06:49.990000+00:00,2007,8,2007-08,4.5,"19 km NNE of San Vito, Costa Rica",Nicaragua,NIC,219.89517052797723,59.22481382957695
usp000fjz7,2007-08-17 00:31:13.880000+00:00,2007,8,2007-08,4.6,"31 km S of Puerto El Triunfo, El Salvador",Nicaragua,NIC,96.282242207198,123.28940808241411
usp000fkgv,2007-08-23 09:16:42.940000+00:00,2007,8,2007-08,4.9,"2 km SSW of Fraijanes, Guatemala",Nicaragua,NIC,352.10792483072845,48.46267207536386
usp000fkh0,2007-08-23 10:52:31.070000+00:00,2007,8,2007-08,4.5,"124 km SSW of Acajutla, El Salvador",Nicaragua,NIC,291.5390526625698,41.39338957263567
usp000fkhm,2007-08-23 17:30:03.020000+00:00,2007,8,2007-08,4.7,"60 km SW of Corinto, Nicaragua",Nicaragua,NIC,60.09848970499328,165.7668892845632
usp000fkj2,2007-08-23 22:30:35.290000+00:00,2007,8,2007-08,4.5,"114 km SSW of Acajutla, El Salvador",Nicaragua,NIC,269.6144150794002,46.189125141836676
usp000fkzj,2007-08-30 04:05:35.570000+00:00,2007,8,2007-08,4.5,near the coast of Guatemala,Nicaragua,NIC,421.0962031528819,21.657145441256738
usp000fm1c,2007-08-30 19:32:50.210000+00:00,2007,8,2007-08,4.9,"111 km S of Puerto El Triunfo, El Salvador",Nicaragua,NIC,126.45460593015736,149.76395902612134
usp000fm28,2007-08-31 05:24:35.520000+00:00,2007,8,2007-08,5.1,"96 km WSW of Masachapa, Nicaragua",Nicaragua,NIC,90.79454236734811,225.34200611226336
usp000fm67,2007-09-02 00:07:28.040000+00:00,2007,9,2007-09,5.2,"84 km WSW of Masachapa, Nicaragua",Nicaragua,NIC,80.22327545760952,266.5614675549162
usp000fmcn,2007-09-03 21:21:16.050000+00:00,2007,9,2007-09,4.5,"36 km SW of San Francisco Menéndez, El Salvador",Nicaragua,NIC,291.8025583749706,41.338888510832305
usp000fmr1,2007-09-09 01:25:43.830000+00:00,2007,9,2007-09,4.7,"11 km S of Puerto San José, Guatemala",Nicaragua,NIC,363.1105663623608,36.43471892699149
usp000fmwt,2007-09-11 11:01:17.780000+00:00,2007,9,2007-09,4.6,"28 km SW of Jiquilillo, Nicaragua",Nicaragua,NIC,27.687995763870795,173.73058463042898
usp000fmyh,2007-09-12 05:04:46.550000+00:00,2007,9,2007-09,4.6,"103 km SSW of La Gomera, Guatemala",Nicaragua,NIC,426.9219606453668,23.60210518150684
usp000fn59,2007-09-13 15:47:04.740000+00:00,2007,9,2007-09,4.9,"70 km S of El Rosario, El Salvador",Nicaragua,NIC,161.78838796273922,125.51076578269449
usp000fnc9,2007-09-15 17:59:41.890000+00:00,2007,9,2007-09,5.3,"6 km SSE of Marale, Honduras",Nicaragua,NIC,129.35632232609146,233.94098549332227
usp000fns7,2007-09-20 10:46:57.220000+00:00,2007,9,2007-09,4.5,"43 km SSE of La Libertad, El Salvador",Nicaragua,NIC,172.31829216956334,75.13037955829853
usp000fpn9,2007-10-01 16:05:41.230000+00:00,2007,10,2007-10,4.8,"121 km SSW of Acajutla, El Salvador",Nicaragua,NIC,306.64217557361195,54.21693672415585
usp000fpya,2007-10-05 16:14:12.580000+00:00,2007,10,2007-10,4.6,"69 km SW of Corinto, Nicaragua",Nicaragua,NIC,68.93187600843656,141.35667890352113
usp000fpyb,2007-10-05 16:17:08.030000+00:00,2007,10,2007-10,4.6,"70 km SW of Corinto, Nicaragua",Nicaragua,NIC,69.83957274438997,140.7165875440932
usp000fq1d,2007-10-07 03:49:30.930000+00:00,2007,10,2007-10,4.7,"60 km SW of Jiquilillo, Nicaragua",Nicaragua,NIC,60.64154357811192,165.3173980493129
usp000fq3n,2007-10-08 07:20:00.620000+00:00,2007,10,2007-10,4.6,"63 km WSW of Corinto, Nicaragua",Nicaragua,NIC,61.30116932513987,146.854142640537
usp000fq41,2007-10-08 10:39:11.610000+00:00,2007,10,2007-10,4.6,"21 km E of Champerico, Guatemala",Nicaragua,NIC,475.4131207531988,18.520534882034077
usp000fqaz,2007-10-11 14:52:01.690000+00:00,2007,10,2007-10,4.7,"44 km S of Champerico, Guatemala",Nicaragua,NIC,484.2123831014966,19.8859420616396
usp000fqb3,2007-10-11 16:16:57.990000+00:00,2007,10,2007-10,5.2,"40 km S of Champerico, Guatemala",Nicaragua,NIC,476.34781210490087,36.7810284598225
usp000fr0r,2007-10-21 16:31:03.920000+00:00,2007,10,2007-10,4.7,"4 km SSE of Guaymango, El Salvador",Nicaragua,NIC,254.51868550082915,62.70753030790133
usp000fr2p,2007-10-22 17:20:23.420000+00:00,2007,10,2007-10,4.7,"41 km SSE of Quepos, Costa Rica",Nicaragua,NIC,185.85633949944273,88.39304331707955
usp000fr2z,2007-10-22 21:41:02.260000+00:00,2007,10,2007-10,4.8,"36 km S of Quepos, Costa Rica",Nicaragua,NIC,182.94533491039368,100.63272959442321
usp000fr3p,2007-10-23 06:49:40.130000+00:00,2007,10,2007-10,4.9,"33 km SSE of Quepos, Costa Rica",Nicaragua,NIC,179.37265994384393,114.94688799008594
usp000frh4,2007-10-29 04:31:07.440000+00:00,2007,10,2007-10,4.7,"3 km ENE of Santa Cruz Balanyá, Guatemala",Nicaragua,NIC,409.14151424195376,28.944129341568967
usp000fs1m,2007-11-06 05:35:21.500000+00:00,2007,11,2007-11,4.6,near the coast of Nicaragua,Nicaragua,NIC,91.38436816495778,126.34596182090294
usp000fs8s,2007-11-09 11:34:33.560000+00:00,2007,11,2007-11,4.6,"13 km WSW of Corinto, Nicaragua",Nicaragua,NIC,12.51597874777726,187.4225737537772
usp000fsf2,2007-11-13 04:03:42.850000+00:00,2007,11,2007-11,4.5,"70 km WSW of Masachapa, Nicaragua",Nicaragua,NIC,68.0727226526237,126.52663583627441
usp000fsjh,2007-11-14 17:35:41.250000+00:00,2007,11,2007-11,5.2,"15 km SSW of Iztapa, Guatemala",Nicaragua,NIC,354.5600506401857,67.62116248595868
usp000fsnf,2007-11-15 22:33:02.460000+00:00,2007,11,2007-11,4.8,"61 km SSW of Masachapa, Nicaragua",Nicaragua,NIC,60.0077134871173,186.07794698692086
usp000fsnk,2007-11-15 23:23:39.780000+00:00,2007,11,2007-11,4.6,"75 km SW of Masachapa, Nicaragua",Nicaragua,NIC,76.02098377161808,136.4339745985163
usp000fste,2007-11-17 23:09:41.900000+00:00,2007,11,2007-11,4.6,"51 km S of Champerico, Guatemala",Nicaragua,NIC,479.7075653394533,18.12709693816676
usp000fsth,2007-11-17 23:41:00.260000+00:00,2007,11,2007-11,4.7,"61 km W of Sámara, Costa Rica",Nicaragua,NIC,150.60989706929703,105.42770772375789
usp000fsy0,2007-11-20 02:36:39.990000+00:00,2007,11,2007-11,4.7,"87 km SSW of Masachapa, Nicaragua",Nicaragua,NIC,82.42405141213847,148.25810558240514
usp000ft40,2007-11-23 00:40:14.740000+00:00,2007,11,2007-11,4.6,"75 km S of Masachapa, Nicaragua",Nicaragua,NIC,61.981704570647864,146.35529473073373
usp000ft7v,2007-11-24 22:23:20.530000+00:00,2007,11,2007-11,5.0,"6 km ESE of Belén, Costa Rica",Nicaragua,NIC,80.17095069501224,211.7927027352051
usp000ftmp,2007-12-01 01:39:31.030000+00:00,2007,12,2007-12,4.5,"12 km SSE of Chinique, Guatemala",Nicaragua,NIC,430.769023815716,20.63464254203114
usp000fu1h,2007-12-08 10:11:29.070000+00:00,2007,12,2007-12,4.9,"43 km S of Punta de Burica, Panama",Nicaragua,NIC,363.69903985092986,45.73382963219704
usp000fu5a,2007-12-09 21:50:16.830000+00:00,2007,12,2007-12,4.7,"45 km SSW of Puerto El Triunfo, El Salvador",Nicaragua,NIC,116.14582598168427,125.25427093030827
usp000fu6s,2007-12-10 13:13:40.770000+00:00,2007,12,2007-12,5.0,"15 km N of Potosí, Nicaragua",Nicaragua,NIC,0.0,316.22776601683796
usp000fudx,2007-12-14 02:38:30.400000+00:00,2007,12,2007-12,4.5,"7 km SSE of Malacatancito, Guatemala",Nicaragua,NIC,493.38783970318093,15.087661049316258
usp000fugk,2007-12-15 10:19:51.270000+00:00,2007,12,2007-12,4.7,"8 km SW of Villa El Carmen, Nicaragua",Nicaragua,NIC,0.0,223.872113856834
usp000fumj,2007-12-17 09:05:19.100000+00:00,2007,12,2007-12,4.5,"65 km SSW of Puerto San José, Guatemala",Nicaragua,NIC,377.5479192133807,26.925582666730595
usp000funm,2007-12-17 22:23:48.720000+00:00,2007,12,2007-12,4.6,"8 km NNE of Quesada, Guatemala",Nicaragua,NIC,303.8354006873454,43.67468791832155
usp000fupg,2007-12-18 12:41:12.430000+00:00,2007,12,2007-12,4.9,"138 km SSW of Corinto, Nicaragua",Nicaragua,NIC,137.98048268246785,141.37713901806384
usp000fv5t,2007-12-24 20:46:20.630000+00:00,2007,12,2007-12,4.7,"131 km S of Puerto El Triunfo, El Salvador",Nicaragua,NIC,138.7671402199619,111.85901318021556
usp000fvmt,2007-12-30 04:45:20.040000+00:00,2007,12,2007-12,4.6,"87 km SSW of Puerto El Triunfo, El Salvador",Nicaragua,NIC,130.98067237365936,103.65233351283638
usp000fvs2,2008-01-01 07:58:35.310000+00:00,2008,1,2008-01,4.5,"89 km SW of Puerto San José, Guatemala",Nicaragua,NIC,406.1243908252929,23.34060400621062
usp000fvzg,2008-01-04 21:49:14.860000+00:00,2008,1,2008-01,4.7,"27 km SW of Acajutla, El Salvador",Nicaragua,NIC,261.926924714336,60.42726104759823
usp000fvzw,2008-01-05 01:56:45.460000+00:00,2008,1,2008-01,5.6,"20 km WSW of Nueva Concepción, Guatemala",Nicaragua,NIC,443.3947322861873,68.73541708723928
usp000fw3y,2008-01-06 16:55:17.760000+00:00,2008,1,2008-01,5.1,"31 km WSW of Nueva Concepción, Guatemala",Nicaragua,NIC,450.3793706060514,37.32618660596646
usp000fw6q,2008-01-07 17:27:04.050000+00:00,2008,1,2008-01,4.7,"4 km S of La Democracia, Guatemala",Nicaragua,NIC,390.22790199607505,31.81492306731496
usp000fwdt,2008-01-10 18:04:21.150000+00:00,2008,1,2008-01,4.8,"1 km NNW of El Adelanto, Guatemala",Nicaragua,NIC,277.7675474994859,62.63764691031743
usp000fwzq,2008-01-18 23:35:10.200000+00:00,2008,1,2008-01,4.6,"25 km SSW of Daniel Flores, Costa Rica",Nicaragua,NIC,179.80634049713095,81.19989965578303
usp000fwzv,2008-01-19 00:38:16.720000+00:00,2008,1,2008-01,4.6,"65 km SSW of Acajutla, El Salvador",Nicaragua,NIC,253.62567647807217,56.13824624535562
usp000fxb4,2008-01-24 04:11:49.800000+00:00,2008,1,2008-01,4.6,"118 km SSE of Punta de Burica, Panama",Nicaragua,NIC,441.53479261437076,21.93912891081702
usp000fxb5,2008-01-24 04:12:13.760000+00:00,2008,1,2008-01,5.9,"131 km SSE of Punta de Burica, Panama",Nicaragua,NIC,456.4046199766362,90.97665402705586
usp000fxba,2008-01-24 06:59:42.140000+00:00,2008,1,2008-01,4.8,"104 km SE of Punta de Burica, Panama",Nicaragua,NIC,426.06588320020376,29.84074695972691
usp000fxge,2008-01-26 05:20:36.400000+00:00,2008,1,2008-01,4.6,"69 km SSW of Puerto San José, Guatemala",Nicaragua,NIC,389.169275507349,28.50556514191293
usp000fxmr,2008-01-28 11:24:53.850000+00:00,2008,1,2008-01,4.7,"65 km S of Puerto El Triunfo, El Salvador",Nicaragua,NIC,93.78433715914448,140.07153868991372
usp000fxqt,2008-01-29 21:37:01.910000+00:00,2008,1,2008-01,5.0,"61 km SSW of Puerto El Triunfo, El Salvador",Nicaragua,NIC,127.94338831667983,166.79171040896904
usp000fxx3,2008-02-01 06:53:53.290000+00:00,2008,2,2008-02,4.5,"67 km SSW of Masachapa, Nicaragua",Nicaragua,NIC,63.02335343584352,129.76170008646804
usp000fycx,2008-02-07 16:35:52.050000+00:00,2008,2,2008-02,4.5,"16 km SSE of Sonsonate, El Salvador",Nicaragua,NIC,231.04660761493938,56.01297840758625
usp000fz2t,2008-02-17 01:15:31.070000+00:00,2008,2,2008-02,4.7,"40 km N of Guanaja, Honduras",Nicaragua,NIC,256.68359395749076,62.03241051796739
usp000fz88,2008-02-19 14:39:19.150000+00:00,2008,2,2008-02,4.6,"136 km SSE of Punta de Burica, Panama",Nicaragua,NIC,460.76764940462203,19.927635099806135
usp000fzwy,2008-02-25 06:38:32.320000+00:00,2008,2,2008-02,4.7,"84 km WSW of San Juan del Sur, Nicaragua",Nicaragua,NIC,71.38287578446364,156.67296222032695
usp000fzz0,2008-02-26 01:14:02.450000+00:00,2008,2,2008-02,4.5,"57 km SSW of Masachapa, Nicaragua",Nicaragua,NIC,51.53241729908265,137.43545280482428
usp000g01p,2008-02-26 17:53:52.700000+00:00,2008,2,2008-02,4.6,"14 km NNE of San Vito, Costa Rica",Nicaragua,NIC,224.8054580535359,64.83972292313658
usp000g091,2008-02-29 02:46:27.700000+00:00,2008,2,2008-02,4.7,"16 km W of Puerto Armuelles, Panama",Nicaragua,NIC,290.3244802770481,52.42861694453464
usp000g2fy,2008-03-27 09:42:57.620000+00:00,2008,3,2008-03,5.6,"136 km NE of Savannah Bight, Honduras",Nicaragua,NIC,274.54729135639496,159.8925142586834
usp000g33m,2008-04-04 12:11:55.230000+00:00,2008,4,2008-04,5.0,"3 km WSW of La Gomera, Guatemala",Nicaragua,NIC,399.7623876262624,42.84764971239211
usp000g355,2008-04-05 08:45:46.300000+00:00,2008,4,2008-04,4.6,"56 km SW of Puerto El Triunfo, El Salvador",Nicaragua,NIC,128.9196948634533,104.72598156437125
usp000g372,2008-04-06 08:00:39.790000+00:00,2008,4,2008-04,4.7,"9 km NW of Finca Blanco, Panama",Nicaragua,NIC,276.6190021668666,56.14737653773117
usp000g38a,2008-04-06 20:50:44.290000+00:00,2008,4,2008-04,4.7,"1 km WSW of Villa Canales, Guatemala",Nicaragua,NIC,363.69643013976537,36.32814618567485
usp000g3y3,2008-04-15 03:03:04.660000+00:00,2008,4,2008-04,6.1,"42 km SSE of Iztapa, Guatemala",Nicaragua,NIC,331.86802521737894,213.48026814795605
usp000g3y5,2008-04-15 03:14:34.170000+00:00,2008,4,2008-04,4.5,"73 km SSW of Puerto San José, Guatemala",Nicaragua,NIC,372.75033398745757,27.57928063842573
usp000g3ya,2008-04-15 03:55:59.360000+00:00,2008,4,2008-04,4.5,"63 km S of Puerto San José, Guatemala",Nicaragua,NIC,356.2641945512998,29.948986566609847
usp000g452,2008-04-17 07:29:42.820000+00:00,2008,4,2008-04,4.5,"7 km SW of Poptún, Guatemala",Nicaragua,NIC,419.4677421352922,21.834204382525446
usp000g49n,2008-04-19 05:29:56.540000+00:00,2008,4,2008-04,4.5,El Salvador,Nicaragua,NIC,200.566806068289,65.23410590679288
usp000g4yz,2008-04-27 09:51:52.870000+00:00,2008,4,2008-04,4.8,"112 km SSW of Nueva Concepción, Guatemala",Nicaragua,NIC,453.56176590146396,26.00777140828642
usp000g4zb,2008-04-27 15:15:45.920000+00:00,2008,4,2008-04,4.5,"32 km NNE of French Harbor, Honduras",Nicaragua,NIC,255.58804650345022,49.54474629103419
usp000g7t6,2008-05-26 00:33:20.780000+00:00,2008,5,2008-05,4.9,"3 km NNW of San Juan Opico, El Salvador",Nicaragua,NIC,216.6479020076455,95.40146815461378
usp000g7u8,2008-05-26 15:01:33.640000+00:00,2008,5,2008-05,5.6,"11 km WNW of Finca Blanco, Panama",Nicaragua,NIC,277.85864897473544,157.26700277800407
usp000g7u9,2008-05-26 15:11:38.020000+00:00,2008,5,2008-05,4.5,"4 km SSW of Finca Blanco, Panama",Nicaragua,NIC,289.3253554633839,41.854096687087534
usp000g7uc,2008-05-26 15:38:01.550000+00:00,2008,5,2008-05,5.1,"18 km WNW of Finca Blanco, Panama",Nicaragua,NIC,273.2507240539072,90.49896071839315
usp000g7ug,2008-05-26 16:01:10.840000+00:00,2008,5,2008-05,4.9,"10 km WNW of Progreso, Panama",Nicaragua,NIC,272.57704679721735,72.12842739082656
usp000g7wm,2008-05-27 11:27:55.800000+00:00,2008,5,2008-05,5.7,"40 km SSW of Puerto San José, Guatemala",Nicaragua,NIC,378.95155653264766,106.44301083212912
usp000g816,2008-05-29 07:01:50.780000+00:00,2008,5,2008-05,4.7,"9 km NW of Finca Blanco, Panama",Nicaragua,NIC,276.91372547483974,56.064697768357846
usp000g83k,2008-05-30 05:35:41.210000+00:00,2008,5,2008-05,5.1,"4 km W of Finca Blanco, Panama",Nicaragua,NIC,283.2783099816502,86.0734014301146
usp000g874,2008-05-31 11:53:48.120000+00:00,2008,5,2008-05,4.5,"20 km W of Finca Blanco, Panama",Nicaragua,NIC,276.88995676785856,44.53906527413097
usp000g8fh,2008-06-03 09:00:31.690000+00:00,2008,6,2008-06,4.7,"7 km NW of Finca Blanco, Panama",Nicaragua,NIC,279.06206844979613,55.46568971691039
usp000g8um,2008-06-07 21:15:59.070000+00:00,2008,6,2008-06,4.5,"6 km WSW of Santiago, Costa Rica",Nicaragua,NIC,109.09592358627418,103.06262789913862
usp000g8zn,2008-06-09 07:33:28.220000+00:00,2008,6,2008-06,5.0,"65 km S of Iztapa, Guatemala",Nicaragua,NIC,335.52562266236083,59.07658300083654
usp000g94j,2008-06-10 12:42:22.610000+00:00,2008,6,2008-06,4.7,"55 km SSW of Acajutla, El Salvador",Nicaragua,NIC,263.3387628243738,60.00219557169241
usp000g9ag,2008-06-12 05:23:58.940000+00:00,2008,6,2008-06,4.5,"5 km ESE of Bijagua, Costa Rica",Nicaragua,NIC,27.342651244841107,155.10513898705224
usp000g9dv,2008-06-13 03:00:48.810000+00:00,2008,6,2008-06,5.0,"8 km SW of San José El Ídolo, Guatemala",Nicaragua,NIC,452.77660250616265,32.87063545812596
usp000g9ft,2008-06-13 14:20:22.750000+00:00,2008,6,2008-06,4.5,"92 km S of Intipucá, El Salvador",Nicaragua,NIC,85.21638022031216,116.13282255971048
usp000g9qc,2008-06-15 08:18:50.090000+00:00,2008,6,2008-06,5.2,"58 km W of Sardinal, Costa Rica",Nicaragua,NIC,70.86628919886813,279.328859559846
usp000ga1q,2008-06-19 02:26:38.310000+00:00,2008,6,2008-06,5.0,"38 km SW of Jiquilillo, Nicaragua",Nicaragua,NIC,38.36869682788658,261.02579878196786
usp000gacj,2008-06-23 04:34:45.030000+00:00,2008,6,2008-06,4.6,"69 km SW of Acajutla, El Salvador",Nicaragua,NIC,284.9574623779481,47.99795481582816
usp000gb49,2008-07-02 00:53:29.210000+00:00,2008,7,2008-07,4.6,"59 km SSE of Punta de Burica, Panama",Nicaragua,NIC,383.44359689379803,29.33342730596225
usp000gb9d,2008-07-04 01:18:56.500000+00:00,2008,7,2008-07,4.6,"37 km SSW of Jiquilillo, Nicaragua",Nicaragua,NIC,36.30534454513201,166.40407065530601
usp000gbcj,2008-07-05 07:45:12.300000+00:00,2008,7,2008-07,4.6,"1 km NE of Celmira, Panama",Nicaragua,NIC,272.2046009828981,51.15819573429794
usp000gbhf,2008-07-07 04:43:57.710000+00:00,2008,7,2008-07,4.6,"72 km SSW of Nueva Concepción, Guatemala",Nicaragua,NIC,440.7077358677835,22.030041278379645
usp000gcnz,2008-07-20 02:34:12.870000+00:00,2008,7,2008-07,5.1,"21 km NW of Sardinal, Costa Rica",Nicaragua,NIC,47.65768005859902,279.5842244294743
usp000gd84,2008-07-27 05:42:29.430000+00:00,2008,7,2008-07,5.1,"57 km SW of Masachapa, Nicaragua",Nicaragua,NIC,57.74580474525606,265.8315834692835
usp000gdh4,2008-07-31 06:31:49.010000+00:00,2008,7,2008-07,4.9,"58 km SSW of Intipucá, El Salvador",Nicaragua,NIC,63.110630243016494,205.56870863032668
usp000gdhk,2008-07-31 09:33:52.030000+00:00,2008,7,2008-07,4.6,"43 km S of Iztapa, Guatemala",Nicaragua,NIC,338.5822336490117,36.70946213388458
usp000gdyp,2008-08-06 08:51:23.300000+00:00,2008,8,2008-08,4.6,"36 km S of Puerto El Triunfo, El Salvador",Nicaragua,NIC,97.98473614327406,122.24436499350232
usp000ge4z,2008-08-07 23:41:27.610000+00:00,2008,8,2008-08,5.1,"35 km WSW of Jiquilillo, Nicaragua",Nicaragua,NIC,33.643132704997974,299.87817942653885
usp000ge95,2008-08-09 14:23:30.540000+00:00,2008,8,2008-08,4.5,"90 km S of Puerto San José, Guatemala",Nicaragua,NIC,361.30114005699204,29.204148145194637
usp000gepp,2008-08-14 22:55:47.230000+00:00,2008,8,2008-08,5.5,"83 km S of Punta de Burica, Panama",Nicaragua,NIC,406.69840830140976,73.59793470197036
usp000ges6,2008-08-16 01:46:38.990000+00:00,2008,8,2008-08,4.7,"45 km SW of Nueva Concepción, Guatemala",Nicaragua,NIC,445.82212556221964,24.09403599357759
usp000getc,2008-08-16 11:02:07.580000+00:00,2008,8,2008-08,4.7,"51 km S of El Rosario, Nicaragua",Nicaragua,NIC,35.224221637598404,187.720444788387
usp000gewh,2008-08-17 17:17:33.270000+00:00,2008,8,2008-08,4.6,"45 km SW of Nueva Concepción, Guatemala",Nicaragua,NIC,446.44540784336266,21.40701505607085
usp000gey5,2008-08-18 09:16:46.850000+00:00,2008,8,2008-08,5.0,"172 km WSW of Masachapa, Nicaragua",Nicaragua,NIC,174.01682934317392,132.47296485392837
usp000geyr,2008-08-18 19:11:50.500000+00:00,2008,8,2008-08,4.7,"2 km SSE of Quesada, Guatemala",Nicaragua,NIC,300.4800867491365,49.832856461895084
usp000gf2c,2008-08-20 06:20:57.200000+00:00,2008,8,2008-08,5.3,"44 km SSE of Quepos, Costa Rica",Nicaragua,NIC,190.76246760564462,172.0935386592372
usp000gf63,2008-08-21 16:13:03.170000+00:00,2008,8,2008-08,4.5,"58 km SW of Puerto El Triunfo, El Salvador",Nicaragua,NIC,136.7599650845617,89.74897743430053
usp000gf86,2008-08-22 11:04:56.550000+00:00,2008,8,2008-08,5.0,"1 km ESE of Manaca Civil, Panama",Nicaragua,NIC,295.51637738416406,72.15963702239716
usp000gfd5,2008-08-24 07:32:51.830000+00:00,2008,8,2008-08,4.5,"94 km SW of Jiquilillo, Nicaragua",Nicaragua,NIC,94.80066333253025,110.6988158328648
usp000gfpz,2008-08-27 11:53:42.950000+00:00,2008,8,2008-08,4.5,"54 km SW of Jiquilillo, Nicaragua",Nicaragua,NIC,55.52614084685149,134.71827620239048
usp000gfzx,2008-08-30 08:22:59.150000+00:00,2008,8,2008-08,4.5,"12 km SSE of San Miguel, El Salvador",Nicaragua,NIC,69.2636607763389,125.77544763119488
usp000ggbg,2008-09-03 21:32:27.190000+00:00,2008,9,2008-09,4.5,"58 km WSW of San Juan del Sur, Nicaragua",Nicaragua,NIC,55.13505904303331,134.9819632587171
usp000ggea,2008-09-04 21:39:29.030000+00:00,2008,9,2008-09,5.2,"50 km SSW of La Gomera, Guatemala",Nicaragua,NIC,409.6705455938273,51.33478095733109
usp000ggt1,2008-09-10 13:39:34.740000+00:00,2008,9,2008-09,4.6,"71 km S of Punta de Burica, Panama",Nicaragua,NIC,394.53715065265146,27.750669350021727
usp000gh4j,2008-09-16 02:53:29.750000+00:00,2008,9,2008-09,4.7,"36 km SSW of La Gomera, Guatemala",Nicaragua,NIC,401.51640863570384,30.06894541418965
usp000ghcy,2008-09-20 02:25:57.280000+00:00,2008,9,2008-09,4.5,"63 km S of Iztapa, Guatemala",Nicaragua,NIC,332.45689076309856,33.73486949106541
usp000ghen,2008-09-20 21:12:11.250000+00:00,2008,9,2008-09,4.5,"73 km S of Boca Chica, Panama",Nicaragua,NIC,404.44691542650185,23.537193734886408
usp000ghvr,2008-09-28 09:23:09.540000+00:00,2008,9,2008-09,5.0,"36 km NW of Guanaja, Honduras",Nicaragua,NIC,254.62840626426507,88.52816067917713
usp000ghw6,2008-09-28 15:33:21.670000+00:00,2008,9,2008-09,4.5,"35 km NW of Guanaja, Honduras",Nicaragua,NIC,254.10797929573326,49.912754073669255
usp000gjv9,2008-10-10 10:30:31.490000+00:00,2008,10,2008-10,4.9,"66 km WSW of San Juan del Sur, Nicaragua",Nicaragua,NIC,56.647085623199985,212.32073869133754
usp000gkru,2008-10-21 17:27:57.340000+00:00,2008,10,2008-10,4.5,"38 km SSW of Jiquilillo, Nicaragua",Nicaragua,NIC,37.624591208551884,147.33273070944597
usp000gksq,2008-10-22 06:03:35.070000+00:00,2008,10,2008-10,4.8,"105 km S of La Libertad, El Salvador",Nicaragua,NIC,182.41321495671872,100.90082950660326
usp000gkt6,2008-10-22 09:52:17.320000+00:00,2008,10,2008-10,5.0,"149 km SSE of Punta de Burica, Panama",Nicaragua,NIC,474.4468634961391,29.495225860283746
usp000gn4t,2008-11-07 07:34:23.620000+00:00,2008,11,2008-11,4.5,"85 km SSW of Corinto, Nicaragua",Nicaragua,NIC,85.19140565746324,116.14732529756968
usp000gnfg,2008-11-11 15:05:55.730000+00:00,2008,11,2008-11,5.1,"15 km WSW of Taxisco, Guatemala",Nicaragua,NIC,347.2878625965858,62.49913234411837
usp000gnkk,2008-11-13 09:49:51.910000+00:00,2008,11,2008-11,5.4,"53 km SSW of San Juan del Sur, Nicaragua",Nicaragua,NIC,48.0633111017431,394.12306000722174
usp000gnmz,2008-11-14 00:26:27.730000+00:00,2008,11,2008-11,4.7,"4 km NE of Punta de Burica, Panama",Nicaragua,NIC,321.62671546567054,44.83286172653233
usp000gnsv,2008-11-15 23:03:16.620000+00:00,2008,11,2008-11,5.8,"33 km SW of Puerto El Triunfo, El Salvador",Nicaragua,NIC,119.04037122534882,438.03329065772124
usp000gnyj,2008-11-18 00:57:58.450000+00:00,2008,11,2008-11,4.9,"82 km WSW of Jiquilillo, Nicaragua",Nicaragua,NIC,77.75539716731917,191.05407286754638
usp000gnyp,2008-11-18 01:38:51.280000+00:00,2008,11,2008-11,4.5,"1 km ENE of San Martín, El Salvador",Nicaragua,NIC,165.69625452670584,77.65960100720818
usp000gp1c,2008-11-19 06:11:20.790000+00:00,2008,11,2008-11,6.3,"11 km W of Puerto Armuelles, Panama",Nicaragua,NIC,294.356900046607,324.19933000788075
usp000gp1d,2008-11-19 06:58:37.940000+00:00,2008,11,2008-11,4.7,"7 km S of Divalá, Panama",Nicaragua,NIC,297.3094494507618,50.629161336204405
usp000gp40,2008-11-20 17:55:14.100000+00:00,2008,11,2008-11,4.7,"25 km SSW of Acajutla, El Salvador",Nicaragua,NIC,254.12206427949184,62.83200938100017
usp000gphn,2008-11-27 07:25:17.400000+00:00,2008,11,2008-11,4.5,"5 km ESE of Puerto Armuelles, Panama",Nicaragua,NIC,300.84485058819627,39.511517287108596
usp000gpre,2008-12-01 12:09:59.210000+00:00,2008,12,2008-12,4.7,"84 km S of La Libertad, El Salvador",Nicaragua,NIC,174.54030238615974,93.53853183644257
usp000gq1b,2008-12-06 09:31:33.860000+00:00,2008,12,2008-12,4.8,"2 km SW of Juntas, Costa Rica",Nicaragua,NIC,76.68747603926805,171.18876610162403
usp000gqpk,2008-12-16 00:24:17+00:00,2008,12,2008-12,4.5,"26 km SSW of San Francisco Menéndez, El Salvador",Nicaragua,NIC,277.21755708138585,44.466169933030855
usp000gqpz,2008-12-16 04:53:37+00:00,2008,12,2008-12,5.0,"12 km ENE of Parrita, Costa Rica",Nicaragua,NIC,134.71230407184984,161.2411728441769
usp000grz7,2009-01-01 11:44:51.680000+00:00,2009,1,2009-01,4.7,"8 km SSW of Santa Catarina Ixtahuacán, Guatemala",Nicaragua,NIC,459.85703657859835,22.461209196581926
usp000gs7r,2009-01-05 14:53:06.160000+00:00,2009,1,2009-01,4.6,"23 km S of Conchagua, El Salvador",Nicaragua,NIC,25.644634346675694,175.51465472967044
usp000gsad,2009-01-07 06:35:52.970000+00:00,2009,1,2009-01,4.5,off the coast of Central America,Nicaragua,NIC,105.77572659620185,104.78784960224108
usp000gsb1,2009-01-07 16:00:21.110000+00:00,2009,1,2009-01,4.5,Costa Rica,Nicaragua,NIC,68.45772416804338,126.28330538520737
usp000gsc4,2009-01-08 12:31:43.440000+00:00,2009,1,2009-01,4.6,"52 km WSW of Jiquilillo, Nicaragua",Nicaragua,NIC,39.89651124010725,163.44281236510747
usp000gscg,2009-01-08 19:21:35.610000+00:00,2009,1,2009-01,6.1,"10 km NNE of Sabanilla, Costa Rica",Nicaragua,NIC,68.8725910017658,795.142686658273
usp000gshm,2009-01-13 03:37:39.700000+00:00,2009,1,2009-01,4.5,"11 km NE of Río Segundo, Costa Rica",Nicaragua,NIC,53.540387007034674,136.06252519968393
usp000gsws,2009-01-20 15:03:39.650000+00:00,2009,1,2009-01,4.7,"106 km S of Puerto El Triunfo, El Salvador",Nicaragua,NIC,127.93536184040072,118.08422716039837
usp000gsx5,2009-01-20 22:45:04.800000+00:00,2009,1,2009-01,4.5,"10 km W of Hojancha, Costa Rica",Nicaragua,NIC,115.90925524264718,99.61075921699472
usp000gt23,2009-01-24 16:15:43.190000+00:00,2009,1,2009-01,4.7,"40 km S of La Libertad, El Salvador",Nicaragua,NIC,186.38653118577562,88.15902735394013
usp000gt2v,2009-01-25 04:34:14.880000+00:00,2009,1,2009-01,4.5,"37 km W of Sardinal, Costa Rica",Nicaragua,NIC,70.41439720622516,125.05385358540072
usp000gt70,2009-01-28 17:24:41.580000+00:00,2009,1,2009-01,5.2,"30 km SSE of Acajutla, El Salvador",Nicaragua,NIC,229.42505898817015,126.4182617116057
usp000gtct,2009-02-02 04:12:59.050000+00:00,2009,2,2009-02,4.6,"78 km S of La Libertad, El Salvador",Nicaragua,NIC,181.44855405384126,80.53589161391686
usp000gth7,2009-02-07 09:40:05.920000+00:00,2009,2,2009-02,4.5,"51 km S of La Libertad, El Salvador",Nicaragua,NIC,172.71068327441776,74.98312159910303
usp000gtym,2009-02-14 12:33:40.460000+00:00,2009,2,2009-02,4.6,"55 km SSW of Puerto El Triunfo, El Salvador",Nicaragua,NIC,127.8556740848709,105.28461935450521
usp000gu82,2009-02-21 02:33:17.620000+00:00,2009,2,2009-02,4.5,"60 km SSW of Masachapa, Nicaragua",Nicaragua,NIC,53.475576359388064,136.1066238463458
usp000gu8e,2009-02-21 10:33:35.830000+00:00,2009,2,2009-02,4.7,"4 km ENE of Santiago de María, El Salvador",Nicaragua,NIC,104.00650589165524,133.09224231644978
usp000guhk,2009-03-01 23:57:20.260000+00:00,2009,3,2009-03,4.9,"55 km S of Puerto El Triunfo, El Salvador",Nicaragua,NIC,88.294139825332,181.24736917062506
usp000guhr,2009-03-02 01:16:19.560000+00:00,2009,3,2009-03,4.8,"15 km SW of Corinto, Nicaragua",Nicaragua,NIC,14.243823905332574,233.92138647078716
usp000gury,2009-03-08 22:15:02.790000+00:00,2009,3,2009-03,5.0,"18 km SSW of Nueva Concepción, Guatemala",Nicaragua,NIC,427.4769468985598,37.303158374786975
usp000gusg,2009-03-09 06:01:11.140000+00:00,2009,3,2009-03,5.4,"45 km SSE of Iztapa, Guatemala",Nicaragua,NIC,328.13573826914103,97.15436057017885
usp000gutj,2009-03-10 07:10:11+00:00,2009,3,2009-03,5.1,"151 km SW of Jiquilillo, Nicaragua",Nicaragua,NIC,153.28653168138464,164.87033702014728
usp000guv5,2009-03-11 17:24:36.610000+00:00,2009,3,2009-03,5.9,"15 km SW of Golfito, Costa Rica",Nicaragua,NIC,260.3678002120612,242.44794396501808
usp000guv7,2009-03-11 17:26:52.400000+00:00,2009,3,2009-03,5.3,"2 km ENE of Golfito, Costa Rica",Nicaragua,NIC,252.68909591257733,126.26779602951225
usp000guvb,2009-03-11 21:03:58.980000+00:00,2009,3,2009-03,5.9,"15 km SW of Golfito, Costa Rica",Nicaragua,NIC,261.9570041869683,240.5290815394976
usp000guys,2009-03-13 16:54:31.300000+00:00,2009,3,2009-03,4.9,"5 km S of Golfito, Costa Rica",Nicaragua,NIC,258.50765284194637,77.38517413664012
usp000guyu,2009-03-13 17:33:12.580000+00:00,2009,3,2009-03,5.1,"6 km WSW of Golfito, Costa Rica",Nicaragua,NIC,254.31717912499127,99.48492165346919
usp000guz3,2009-03-14 01:01:02.980000+00:00,2009,3,2009-03,4.5,"7 km WSW of Jujutla, El Salvador",Nicaragua,NIC,265.31014271499913,47.19395185244264
usp000guzu,2009-03-14 14:29:11+00:00,2009,3,2009-03,4.9,"23 km SSE of Punta de Burica, Panama",Nicaragua,NIC,346.50392949689933,49.83979844105399
usp000gvgu,2009-03-28 12:49:06.710000+00:00,2009,3,2009-03,4.9,south of Panama,Nicaragua,NIC,406.85912174197733,36.85671654259113
usp000gvj7,2009-03-30 07:08:30.740000+00:00,2009,3,2009-03,4.9,"19 km ESE of Champerico, Guatemala",Nicaragua,NIC,475.10243570807813,26.20162152960935
usp000gvqn,2009-04-03 18:54:38.940000+00:00,2009,4,2009-04,4.6,"46 km S of Masachapa, Nicaragua",Nicaragua,NIC,36.90151289106208,165.90878500831025
usp000gvs0,2009-04-04 20:55:51.820000+00:00,2009,4,2009-04,4.5,"11 km W of Taxisco, Guatemala",Nicaragua,NIC,345.47933665479513,31.608300999787794
usp000gvs1,2009-04-04 21:22:05.820000+00:00,2009,4,2009-04,5.2,"4 km WSW of Santa Cruz Naranjo, Guatemala",Nicaragua,NIC,344.98078853949795,70.9387833710986
usp000gvsc,2009-04-05 03:22:15.600000+00:00,2009,4,2009-04,4.9,"6 km W of Barberena, Guatemala",Nicaragua,NIC,342.22723246761547,50.91702339587423
usp000gvw5,2009-04-07 20:50:10.910000+00:00,2009,4,2009-04,4.6,"1 km NW of Santa Cruz Naranjo, Guatemala",Nicaragua,NIC,342.5534401208296,35.98774677950838
usp000gw2u,2009-04-13 00:33:20.650000+00:00,2009,4,2009-04,4.6,"3 km WNW of Santiago de María, El Salvador",Nicaragua,NIC,109.49100955450265,115.40996083925602
usp000gw6p,2009-04-16 02:36:47.730000+00:00,2009,4,2009-04,4.5,"79 km WSW of Masachapa, Nicaragua",Nicaragua,NIC,79.03684354958274,119.7770671809669
usp000gw6u,2009-04-16 04:29:08.110000+00:00,2009,4,2009-04,4.6,"74 km S of Iztapa, Guatemala",Nicaragua,NIC,332.77055784600225,37.79182935595084
usp000gwdy,2009-04-20 23:54:18.510000+00:00,2009,4,2009-04,4.6,"22 km NW of Sardinal, Costa Rica",Nicaragua,NIC,52.093260841043595,153.7732953500112
usp000gwfh,2009-04-22 00:55:14.790000+00:00,2009,4,2009-04,4.5,"14 km NNW of Parrita, Costa Rica",Nicaragua,NIC,129.8128595771215,92.92123151862219
usp000gwt5,2009-05-03 16:21:45.270000+00:00,2009,5,2009-05,6.3,"5 km S of San Lucas Tolimán, Guatemala",Nicaragua,NIC,426.22643712304176,167.67219571444738
usp000gwtr,2009-05-04 05:17:57.240000+00:00,2009,5,2009-05,4.7,"6 km SE of Atiquizaya, El Salvador",Nicaragua,NIC,252.0331391713038,63.49170533237488
usp000gwx9,2009-05-07 22:56:46.640000+00:00,2009,5,2009-05,4.7,"63 km S of Boca Chica, Panama",Nicaragua,NIC,389.16371473336034,31.984659424481084
usp000gwxr,2009-05-08 08:33:53.110000+00:00,2009,5,2009-05,5.0,"4 km NNW of Río Sereno, Panama",Nicaragua,NIC,237.199932597756,96.58882675786799
usp000gwxy,2009-05-08 15:13:49.290000+00:00,2009,5,2009-05,4.5,"62 km SW of San Juan del Sur, Nicaragua",Nicaragua,NIC,61.126926589319076,130.99796992037014
usp000gx5r,2009-05-15 23:08:15+00:00,2009,5,2009-05,4.6,"116 km NE of Savannah Bight, Honduras",Nicaragua,NIC,280.36386465904684,49.113128924287004
usp000gxcw,2009-05-21 17:17:48.300000+00:00,2009,5,2009-05,4.7,"55 km SSW of Masachapa, Nicaragua",Nicaragua,NIC,51.784739372348,172.80283658786684
usp000gxd3,2009-05-22 00:24:21.100000+00:00,2009,5,2009-05,5.5,"7 km SSW of Iztapa, Guatemala",Nicaragua,NIC,356.38350268487443,94.65053142848558
usp000gxew,2009-05-24 00:23:24.200000+00:00,2009,5,2009-05,4.7,"3 km SSE of Amapala, Honduras",Nicaragua,NIC,21.46033425029401,201.09416828630154
usp000gxkj,2009-05-28 08:24:46.560000+00:00,2009,5,2009-05,7.3,"46 km NW of Guanaja, Honduras",Nicaragua,NIC,265.1901305298597,1186.170033851958
usp000gxkm,2009-05-28 09:06:24.600000+00:00,2009,5,2009-05,4.8,"59 km N of Tela, Honduras",Nicaragua,NIC,298.86341562295877,56.367183992978084
usp000gxmm,2009-05-29 02:45:44.390000+00:00,2009,5,2009-05,4.5,"37 km NE of Baja Mar, Honduras",Nicaragua,NIC,285.5271919319841,42.65653557419908
usp000gxmt,2009-05-29 05:11:02.700000+00:00,2009,5,2009-05,4.5,"79 km S of Puerto El Triunfo, El Salvador",Nicaragua,NIC,97.75350095021821,109.07644366908087
usp000gxmx,2009-05-29 05:47:24.040000+00:00,2009,5,2009-05,4.6,"86 km S of Puerto El Triunfo, El Salvador",Nicaragua,NIC,107.65592817194637,116.47376715635401
usp000gxn7,2009-05-29 12:51:03.340000+00:00,2009,5,2009-05,4.5,"8 km WSW of Tepusteca, Honduras",Nicaragua,NIC,157.00455202799813,81.10898134707128
usp000gxpg,2009-05-30 06:33:05.490000+00:00,2009,5,2009-05,4.6,"32 km NNE of Baja Mar, Honduras",Nicaragua,NIC,294.8537561540425,45.6807476857766
usp000gxsy,2009-06-02 06:43:41.050000+00:00,2009,6,2009-06,5.1,"4 km SE of El Juncal, Honduras",Nicaragua,NIC,161.92196295926058,157.90319767742326
usp000gxvp,2009-06-05 00:41:15.030000+00:00,2009,6,2009-06,4.7,"1 km SW of Armenia, Honduras",Nicaragua,NIC,166.00717537246493,97.61577326408413
usp000gxx0,2009-06-06 04:37:37.040000+00:00,2009,6,2009-06,5.0,"38 km NE of Baja Mar, Honduras",Nicaragua,NIC,295.11415971222317,72.30490245029875
usp000gxxe,2009-06-06 11:53:45.600000+00:00,2009,6,2009-06,4.5,"54 km W of Sandy Bay, Honduras",Nicaragua,NIC,288.63092779330583,41.99967248471861
usp000gxyz,2009-06-07 15:46:39.630000+00:00,2009,6,2009-06,4.6,"67 km SSW of Jucuarán, El Salvador",Nicaragua,NIC,85.04427448097627,130.41534793849573
usp000gxzj,2009-06-08 05:13:14.680000+00:00,2009,6,2009-06,5.4,"8 km ENE of El Porvenir, Honduras",Nicaragua,NIC,218.7820041448291,167.84983331391007
usp000gy5x,2009-06-14 03:55:29.570000+00:00,2009,6,2009-06,4.5,"37 km SW of La Libertad, El Salvador",Nicaragua,NIC,214.56433611260798,60.82462836062723
usp000gy6p,2009-06-14 14:18:19.900000+00:00,2009,6,2009-06,5.1,"6 km S of San Cristóbal Verapaz, Guatemala",Nicaragua,NIC,421.7953728828624,43.06088837073527
usp000gy7t,2009-06-15 05:16:30.520000+00:00,2009,6,2009-06,4.5,"10 km SSW of La Cruz, Costa Rica",Nicaragua,NIC,12.113149873006464,167.3773275095396
usp000gy88,2009-06-15 16:00:53.750000+00:00,2009,6,2009-06,5.1,"50 km W of Sandy Bay, Honduras",Nicaragua,NIC,282.3759364566228,86.4626306384514
usp000gysy,2009-06-30 16:22:33.130000+00:00,2009,6,2009-06,5.0,"4 km SW of Armenia, Honduras",Nicaragua,NIC,164.42107833712893,138.98379461069055
usp000gyyq,2009-07-05 10:35:50.900000+00:00,2009,7,2009-07,5.0,"48 km S of Puerto El Triunfo, El Salvador",Nicaragua,NIC,90.65408806595589,200.97736547787557
usp000gyzj,2009-07-06 14:37:22.050000+00:00,2009,7,2009-07,5.5,"44 km S of Masachapa, Nicaragua",Nicaragua,NIC,31.438198005402718,480.5436252761357
usp000gz14,2009-07-08 03:42:43.270000+00:00,2009,7,2009-07,4.9,"14 km SSE of Bonanza, Nicaragua",Nicaragua,NIC,0.0,281.8382931264455
usp000gzct,2009-07-17 13:47:42.660000+00:00,2009,7,2009-07,4.5,"43 km SSW of Jiquilillo, Nicaragua",Nicaragua,NIC,38.75753314759678,146.50049297940873
usp000gzxg,2009-08-02 23:55:35.060000+00:00,2009,8,2009-08,4.5,"23 km SW of Jiquilisco, El Salvador",Nicaragua,NIC,118.48047632741084,98.33834943750526
usp000h051,2009-08-10 00:10:02.050000+00:00,2009,8,2009-08,4.6,"126 km S of La Libertad, El Salvador",Nicaragua,NIC,189.0038243357251,77.5502871360085
usp000h09u,2009-08-13 09:37:35.350000+00:00,2009,8,2009-08,5.8,"214 km S of Sámara, Costa Rica",Nicaragua,NIC,346.80787818180056,140.25432458719467
usp000h0rz,2009-08-22 21:23:22.010000+00:00,2009,8,2009-08,4.9,"71 km WSW of Corinto, Nicaragua",Nicaragua,NIC,68.9069925202905,199.6964603113653
usp000h0vb,2009-08-25 20:13:36.380000+00:00,2009,8,2009-08,4.5,"64 km SSW of Corinto, Nicaragua",Nicaragua,NIC,62.86426017370711,129.86496221262982
usp000h132,2009-08-31 09:21:21.110000+00:00,2009,8,2009-08,5.2,"62 km SSW of León, Nicaragua",Nicaragua,NIC,46.10875092274734,316.13757639201543
usp000h16u,2009-09-04 00:46:29.080000+00:00,2009,9,2009-09,4.8,Nicaragua,Nicaragua,NIC,0.0,251.18864315095797
usp000h191,2009-09-06 05:02:44.960000+00:00,2009,9,2009-09,5.1,"3 km SSE of Corredor, Costa Rica",Nicaragua,NIC,259.8737317412657,96.75899783155121
usp000h1uz,2009-09-25 12:20:37.510000+00:00,2009,9,2009-09,4.7,"19 km SE of Champerico, Guatemala",Nicaragua,NIC,478.21643836668545,20.491143670033164
usp000h27f,2009-10-02 04:42:05.670000+00:00,2009,10,2009-10,4.8,"1 km SSW of Patzún, Guatemala",Nicaragua,NIC,420.3486878607855,30.70608317176831
usp000h2ef,2009-10-06 08:10:10.150000+00:00,2009,10,2009-10,4.5,"23 km S of Taxisco, Guatemala",Nicaragua,NIC,329.829942288675,34.180891087830986
usp000h2ka,2009-10-08 11:57:34.030000+00:00,2009,10,2009-10,4.7,"111 km SW of Río Grande, Panama",Nicaragua,NIC,444.37109719876133,24.269477297874367
usp000h2tp,2009-10-12 19:30:08.830000+00:00,2009,10,2009-10,4.5,"55 km SW of Masachapa, Nicaragua",Nicaragua,NIC,56.22612006194186,134.24760037491174
usp000h2y2,2009-10-14 10:31:58.950000+00:00,2009,10,2009-10,4.6,"86 km SW of Jiquilillo, Nicaragua",Nicaragua,NIC,86.22505667258899,129.6476557597344
usp000h31r,2009-10-16 05:20:44.250000+00:00,2009,10,2009-10,4.7,"41 km SSE of La Libertad, El Salvador",Nicaragua,NIC,166.1687405727035,97.53694854692951
usp000h32v,2009-10-17 00:15:15.870000+00:00,2009,10,2009-10,4.9,"15 km S of Nagarote, Nicaragua",Nicaragua,NIC,0.0,281.8382931264455
usp000h345,2009-10-18 03:24:17.300000+00:00,2009,10,2009-10,4.5,"5 km SSW of Hojancha, Costa Rica",Nicaragua,NIC,118.71359421759024,98.22379407001577
usp000h350,2009-10-18 16:19:47.090000+00:00,2009,10,2009-10,4.6,"19 km NNW of Omoa, Honduras",Nicaragua,NIC,291.94380533358316,46.350250068497004
usp000h35e,2009-10-18 23:56:53.020000+00:00,2009,10,2009-10,4.6,"70 km SSW of Masachapa, Nicaragua",Nicaragua,NIC,67.5509126742392,142.33609832106
usp000h38f,2009-10-22 00:33:51.700000+00:00,2009,10,2009-10,4.8,"5 km S of Posoltega, Nicaragua",Nicaragua,NIC,0.0,251.18864315095797
usp000h38g,2009-10-22 00:51:39.210000+00:00,2009,10,2009-10,6.0,"147 km SSE of Punta de Burica, Panama",Nicaragua,NIC,471.8218453457025,94.50436767867751
usp000h38h,2009-10-22 01:50:40.110000+00:00,2009,10,2009-10,5.1,"136 km S of Punta de Burica, Panama",Nicaragua,NIC,459.8784578722442,35.59480491209074
usp000h3rh,2009-11-05 01:46:21.960000+00:00,2009,11,2009-11,5.1,"84 km SW of San Juan del Sur, Nicaragua",Nicaragua,NIC,83.52708751446397,233.68090936351933
usp000h3u6,2009-11-07 11:04:41.390000+00:00,2009,11,2009-11,4.5,"53 km SW of Nueva Concepción, Guatemala",Nicaragua,NIC,450.0296968306302,18.74014426619461
usp000h3wa,2009-11-09 07:31:15.700000+00:00,2009,11,2009-11,4.7,"40 km W of Puerto Cort?s, Costa Rica",Nicaragua,NIC,190.60431610674604,86.31931523067914
usp000h3xz,2009-11-10 15:19:27.790000+00:00,2009,11,2009-11,4.5,"1 km NE of Nueva Santa Rosa, Guatemala",Nicaragua,NIC,331.323125990625,33.9266495944636
usp000h40u,2009-11-13 21:20:01.700000+00:00,2009,11,2009-11,4.9,"13 km SSE of Tejar, Costa Rica",Nicaragua,NIC,127.04789296361064,149.32035224196161
usp000h471,2009-11-19 22:02:02.600000+00:00,2009,11,2009-11,4.5,"1 km SW of Tobosi, Costa Rica",Nicaragua,NIC,100.43800957576579,107.62214244457442
usp000h48n,2009-11-20 17:22:28.600000+00:00,2009,11,2009-11,5.2,"64 km NNE of Matina, Costa Rica",Nicaragua,NIC,82.30954032992895,263.7953307421913
usp000h4fa,2009-11-26 19:08:11.360000+00:00,2009,11,2009-11,5.9,"12 km SW of Acajutla, El Salvador",Nicaragua,NIC,255.60392591102976,248.2922288935536
usp000h4fc,2009-11-26 21:04:21.880000+00:00,2009,11,2009-11,4.7,"14 km W of Barranco Adentro, Panama",Nicaragua,NIC,168.61843007145333,96.34955903773358
usp000h4mm,2009-12-01 05:45:29.300000+00:00,2009,12,2009-12,4.9,"53 km SW of Acajutla, El Salvador",Nicaragua,NIC,283.230631029315,68.38683413459471
usp000h4nb,2009-12-01 20:40:52.310000+00:00,2009,12,2009-12,4.6,"34 km SSW of La Conquista, Nicaragua",Nicaragua,NIC,16.47847371009204,183.74581187861216
usp000h4nc,2009-12-01 20:45:41.650000+00:00,2009,12,2009-12,4.8,"40 km SSW of La Conquista, Nicaragua",Nicaragua,NIC,21.069511927622127,226.07270781934784
usp000h4ny,2009-12-02 11:46:17.770000+00:00,2009,12,2009-12,5.1,"48 km S of Iztapa, Guatemala",Nicaragua,NIC,333.55786393007253,66.94039974687679
usp000h4tc,2009-12-06 17:43:40.180000+00:00,2009,12,2009-12,4.8,"48 km SSE of Intipucá, El Salvador",Nicaragua,NIC,34.54547209342808,211.34182845938895
usp000h4tk,2009-12-06 18:30:22.390000+00:00,2009,12,2009-12,4.8,off the coast of Central America,Nicaragua,NIC,88.1854511718441,161.6246977994283
usp000h4vv,2009-12-08 18:57:37.430000+00:00,2009,12,2009-12,4.8,"103 km SSW of Chirilagua, El Salvador",Nicaragua,NIC,105.0088895750333,148.58538487255663
usp000h4ys,2009-12-11 14:01:58.780000+00:00,2009,12,2009-12,5.0,"35 km WNW of Masachapa, Nicaragua",Nicaragua,NIC,21.993915343794104,283.2962459966487
usp000h4yx,2009-12-11 21:30:53.950000+00:00,2009,12,2009-12,4.6,"22 km S of La Libertad, El Salvador",Nicaragua,NIC,190.1695223112722,77.09960075878055
usp000h54b,2009-12-17 13:38:14.760000+00:00,2009,12,2009-12,4.8,"153 km NE of Savannah Bight, Honduras",Nicaragua,NIC,280.2012374166055,61.880062523448466
usp000h571,2009-12-20 02:52:16.030000+00:00,2009,12,2009-12,4.5,"53 km WSW of Masachapa, Nicaragua",Nicaragua,NIC,53.168147921848764,136.31599995908667
usp000h5fq,2009-12-29 15:50:24.160000+00:00,2009,12,2009-12,4.8,"42 km WSW of San Juan del Sur, Nicaragua",Nicaragua,NIC,35.108178744356415,210.7480469006987
usp000h5rc,2010-01-05 05:36:21.640000+00:00,2010,1,2010-01,5.0,"30 km S of Champerico, Guatemala",Nicaragua,NIC,482.5201779662627,28.328315231324368
usp000h5se,2010-01-06 00:28:34.850000+00:00,2010,1,2010-01,5.2,"8 km SSE of Champerico, Guatemala",Nicaragua,NIC,488.6099685139208,34.593693588225584
usp000h5z8,2010-01-11 23:30:44.470000+00:00,2010,1,2010-01,5.1,"9 km ESE of Morales, Guatemala",Nicaragua,NIC,295.26768801192867,81.06518199705842
usp000h69z,2010-01-18 15:40:26.440000+00:00,2010,1,2010-01,5.9,"17 km SW of San Francisco Menéndez, El Salvador",Nicaragua,NIC,286.5714254030486,212.67579082393942
usp000h6bc,2010-01-19 07:06:37.670000+00:00,2010,1,2010-01,4.5,"7 km ESE of Plaza de Caisán, Panama",Nicaragua,NIC,256.61762808748097,49.29034986569911
usp000h6da,2010-01-20 14:42:47.100000+00:00,2010,1,2010-01,4.5,"77 km S of Intipucá, El Salvador",Nicaragua,NIC,70.9025198590775,124.74901763623892
usp000h6gh,2010-01-22 15:49:24.230000+00:00,2010,1,2010-01,4.9,"9 km WNW of San Marcos, Costa Rica",Nicaragua,NIC,115.94775959630518,157.84202322810987
usp000h6h6,2010-01-23 09:08:55.490000+00:00,2010,1,2010-01,5.3,"15 km WSW of Finca Blanco, Panama",Nicaragua,NIC,284.9098968615984,107.47959462693275
usp000h6h9,2010-01-23 09:43:08.510000+00:00,2010,1,2010-01,4.7,"31 km W of Puerto Armuelles, Panama",Nicaragua,NIC,289.9560716888244,52.52528171128261
usp000h6hd,2010-01-23 14:36:25.300000+00:00,2010,1,2010-01,4.8,"9 km ESE of Golfito, Costa Rica",Nicaragua,NIC,258.17737634612064,69.0835983449563
usp000h6he,2010-01-23 14:43:34.610000+00:00,2010,1,2010-01,5.0,"17 km W of Finca Blanco, Panama",Nicaragua,NIC,277.659468057117,78.89875057692632
usp000h6hs,2010-01-23 20:22:23.140000+00:00,2010,1,2010-01,5.0,"19 km WSW of Finca Blanco, Panama",Nicaragua,NIC,284.13846696880637,76.38378211377925
usp000h6kc,2010-01-25 04:14:59.460000+00:00,2010,1,2010-01,4.7,"17 km W of Finca Blanco, Panama",Nicaragua,NIC,277.5955427974303,55.87389377619576
usp000h6mg,2010-01-26 00:08:14.330000+00:00,2010,1,2010-01,4.7,"38 km SSE of Champerico, Guatemala",Nicaragua,NIC,475.4096652126144,20.780740961552613
usp000h6nz,2010-01-27 06:02:21.170000+00:00,2010,1,2010-01,4.6,"48 km SSW of Masachapa, Nicaragua",Nicaragua,NIC,48.55251476160128,156.51989712508606
usp000h6t2,2010-01-30 22:50:09.660000+00:00,2010,1,2010-01,4.8,"5 km NNE of Lolotique, El Salvador",Nicaragua,NIC,102.29807079802275,150.6130355708994
usp000h6vm,2010-02-02 09:38:10.540000+00:00,2010,2,2010-02,4.5,"74 km SW of Corinto, Nicaragua",Nicaragua,NIC,74.02601116160236,122.81588983942224
usp000h6yh,2010-02-04 20:33:20.030000+00:00,2010,2,2010-02,4.8,"37 km SSW of Jucuarán, El Salvador",Nicaragua,NIC,78.61315483046528,169.54840292480912
usp000h746,2010-02-09 18:22:43.530000+00:00,2010,2,2010-02,4.8,"19 km SSE of Golfito, Costa Rica",Nicaragua,NIC,272.9416590634753,64.16744070155391
usp000h75m,2010-02-10 23:56:45.790000+00:00,2010,2,2010-02,4.6,"21 km SSW of La Libertad, El Salvador",Nicaragua,NIC,197.52832818854316,74.31435029226512
usp000h76g,2010-02-11 17:43:02.660000+00:00,2010,2,2010-02,4.8,"21 km WSW of Mangulile, Honduras",Nicaragua,NIC,142.47520808426577,123.20235704367025
usp000h76h,2010-02-11 17:56:09.080000+00:00,2010,2,2010-02,4.9,"12 km S of Jocón, Honduras",Nicaragua,NIC,161.1885414700582,125.88776682020594
usp000h7h6,2010-02-21 00:56:48.030000+00:00,2010,2,2010-02,5.1,"67 km NNE of Savannah Bight, Honduras",Nicaragua,NIC,257.13901150733983,98.09112853408934
usp000h7np,2010-02-25 03:15:03.090000+00:00,2010,2,2010-02,5.7,near the coast of Nicaragua,Nicaragua,NIC,23.983939201769,627.9420084828851
usp000h8e6,2010-03-01 16:05:37.100000+00:00,2010,3,2010-03,4.6,"49 km SSW of George Town, Cayman Islands",Nicaragua,NIC,483.89206123749534,17.751773167609866
usp000h8sp,2010-03-05 21:34:36.970000+00:00,2010,3,2010-03,5.0,"38 km SSW of Puerto San José, Guatemala",Nicaragua,NIC,367.55741730717307,50.33374092437281
usp000h8u5,2010-03-06 12:31:42.680000+00:00,2010,3,2010-03,4.5,"56 km SSW of Jiquilillo, Nicaragua",Nicaragua,NIC,54.82041332260084,135.1944878751603
usp000h942,2010-03-11 06:57:21.640000+00:00,2010,3,2010-03,4.6,"21 km SSW of La Paz Centro, Nicaragua",Nicaragua,NIC,2.107533652354176,197.43472939128893
usp000h98d,2010-03-12 13:59:29.110000+00:00,2010,3,2010-03,4.7,"25 km W of San Juan del Sur, Nicaragua",Nicaragua,NIC,15.155767206468681,207.53419733048915
usp000h9bw,2010-03-14 02:52:50.040000+00:00,2010,3,2010-03,4.7,"58 km SSW of Puerto El Triunfo, El Salvador",Nicaragua,NIC,126.08664685069897,119.1808079196298
usp000h9d6,2010-03-14 17:32:38.300000+00:00,2010,3,2010-03,4.5,"86 km SW of Jiquilillo, Nicaragua",Nicaragua,NIC,86.64708236254295,115.30502951285851
usp000h9sg,2010-03-21 06:35:23.400000+00:00,2010,3,2010-03,4.5,"50 km SSE of Champerico, Guatemala",Nicaragua,NIC,467.5442883770443,17.168821190196656
usp000h9uh,2010-03-22 06:57:20.690000+00:00,2010,3,2010-03,4.8,"121 km SW of Río Grande, Panama",Nicaragua,NIC,454.31870870338577,25.909525465150825
usp000h9vn,2010-03-22 23:00:09.650000+00:00,2010,3,2010-03,4.5,"52 km SSW of Acajutla, El Salvador",Nicaragua,NIC,252.03921102319632,50.43172312329081
usp000h9x0,2010-03-23 22:35:43.430000+00:00,2010,3,2010-03,4.5,"8 km NNW of San Juan del Sur, Nicaragua",Nicaragua,NIC,0.0,177.82794100389228
usp000h9y1,2010-03-24 17:08:28.460000+00:00,2010,3,2010-03,5.0,"23 km SSW of Nueva Concepción, Guatemala",Nicaragua,NIC,429.18070320005086,36.986730622083236
usp000ha0k,2010-03-26 20:08:25.770000+00:00,2010,3,2010-03,4.5,"113 km SSW of Quepos, Costa Rica",Nicaragua,NIC,260.59563977327423,48.31964759113934
usp000ha2u,2010-03-28 15:46:07.950000+00:00,2010,3,2010-03,4.6,"4 km W of San Marcos, Nicaragua",Nicaragua,NIC,0.0,199.52623149688787
usp000ha3v,2010-03-29 09:37:59.620000+00:00,2010,3,2010-03,4.5,"56 km WSW of Tola, Nicaragua",Nicaragua,NIC,40.30902997073844,145.36841445001457
usp000hadq,2010-04-05 00:47:16.290000+00:00,2010,4,2010-04,4.6,"22 km SW of La Paz Centro, Nicaragua",Nicaragua,NIC,2.468310290137436,197.0789012347352
usp000hagv,2010-04-05 07:29:12.160000+00:00,2010,4,2010-04,5.1,"160 km S of George Town, Cayman Islands",Nicaragua,NIC,372.7720082089107,55.02193622054094
usp000hahn,2010-04-05 10:00:54.990000+00:00,2010,4,2010-04,4.7,"8 km ENE of Nahualá, Guatemala",Nicaragua,NIC,454.00729805848795,23.12787218414399
usp000hb8n,2010-04-12 10:15:12.790000+00:00,2010,4,2010-04,4.5,"37 km SSW of Acajutla, El Salvador",Nicaragua,NIC,251.97373412442104,50.44823639038716
usp000hbfh,2010-04-16 00:14:20.430000+00:00,2010,4,2010-04,4.7,"96 km S of La Libertad, El Salvador",Nicaragua,NIC,171.4955494497072,94.97343503514759
usp000hbjk,2010-04-17 20:52:42.190000+00:00,2010,4,2010-04,5.5,"34 km WSW of Masachapa, Nicaragua",Nicaragua,NIC,34.07148958967183,474.25803811720897
usp000hbjq,2010-04-17 21:03:27.210000+00:00,2010,4,2010-04,4.8,"32 km WNW of Masachapa, Nicaragua",Nicaragua,NIC,22.481802060161687,224.4819297575174
usp000hbk0,2010-04-18 01:38:27.020000+00:00,2010,4,2010-04,5.0,"145 km SSW of George Town, Cayman Islands",Nicaragua,NIC,384.58951811061314,46.22473950708979
usp000hbk1,2010-04-18 01:41:35.380000+00:00,2010,4,2010-04,4.6,"9 km ENE of Villa El Carmen, Nicaragua",Nicaragua,NIC,0.0,199.52623149688787
usp000hbkf,2010-04-18 03:24:48.090000+00:00,2010,4,2010-04,4.5,"146 km SSW of George Town, Cayman Islands",Nicaragua,NIC,384.6365329039003,25.987971457364527
usp000hbuy,2010-04-24 15:45:20.980000+00:00,2010,4,2010-04,4.7,"11 km SW of Jiquilisco, El Salvador",Nicaragua,NIC,113.50434607752238,126.91952677120946
usp000hc03,2010-04-28 00:46:28.670000+00:00,2010,4,2010-04,4.8,Costa Rica,Nicaragua,NIC,34.61973334110476,211.26337048691934
usp000hcp1,2010-05-12 17:23:00.370000+00:00,2010,5,2010-05,4.7,"56 km SW of Jiquilisco, El Salvador",Nicaragua,NIC,141.85655695177937,110.14439466737018
usp000hczt,2010-05-20 22:16:30.700000+00:00,2010,5,2010-05,5.9,"25 km SW of Quepos, Costa Rica",Nicaragua,NIC,171.10432774332733,378.83637575275816
usp000hd6t,2010-05-26 12:46:55.860000+00:00,2010,5,2010-05,4.8,"20 km SW of Nandayure, Costa Rica",Nicaragua,NIC,126.48004049679648,133.46029537750442
usp000hdc0,2010-05-29 16:11:44.390000+00:00,2010,5,2010-05,5.0,"115 km SSW of Chirilagua, El Salvador",Nicaragua,NIC,117.53947705975712,175.6977777592723
usp000hdem,2010-06-01 03:26:15.760000+00:00,2010,6,2010-06,6.0,"12 km SSW of Quepos, Costa Rica",Nicaragua,NIC,159.50921724506574,450.4329326194049
usp000hdkj,2010-06-04 22:01:45.060000+00:00,2010,6,2010-06,5.0,"173 km SSE of Punta de Burica, Panama",Nicaragua,NIC,498.85817361155017,26.1061746878592
usp000hdzv,2010-06-15 01:04:34.770000+00:00,2010,6,2010-06,4.6,"124 km S of Sámara, Costa Rica",Nicaragua,NIC,254.04234080967836,56.021413962977476
usp000he80,2010-06-18 09:50:14.380000+00:00,2010,6,2010-06,4.6,"11 km NE of Jiquilillo, Nicaragua",Nicaragua,NIC,0.0,199.52623149688787
usp000hezp,2010-07-07 07:19:43.860000+00:00,2010,7,2010-07,4.7,"9 km SSW of Masagua, Guatemala",Nicaragua,NIC,381.9355405814439,33.161755383054285
usp000hf0p,2010-07-08 02:19:12.440000+00:00,2010,7,2010-07,4.5,"60 km WSW of San Juan del Sur, Nicaragua",Nicaragua,NIC,57.523826973097435,133.37935006311204
usp000hfb7,2010-07-16 00:06:42.520000+00:00,2010,7,2010-07,5.1,"50 km S of Puerto El Triunfo, El Salvador",Nicaragua,NIC,95.1336672988353,220.50572331797562
usp000hfs3,2010-07-19 01:51:33.280000+00:00,2010,7,2010-07,4.5,"56 km W of Villa El Carmen, Nicaragua",Nicaragua,NIC,36.558160764299814,148.12042945526133
usp000hgtz,2010-07-26 02:18:36.080000+00:00,2010,7,2010-07,4.5,"49 km S of Iztapa, Guatemala",Nicaragua,NIC,342.6992455074075,32.05073870758196
usp000hh5w,2010-07-30 14:41:27.200000+00:00,2010,7,2010-07,5.2,"26 km SW of Masachapa, Nicaragua",Nicaragua,NIC,26.958900043542098,347.9040563320077
usp000hh60,2010-07-30 15:42:49.740000+00:00,2010,7,2010-07,4.5,"44 km SW of Masachapa, Nicaragua",Nicaragua,NIC,45.37963430532224,141.72921319250776
usp000hh73,2010-07-31 05:15:13.640000+00:00,2010,7,2010-07,5.0,"59 km SSE of Iztapa, Guatemala",Nicaragua,NIC,317.4444395183376,64.66632163847123
usp000hhes,2010-08-03 19:10:35.570000+00:00,2010,8,2010-08,4.7,"47 km W of Jiquilillo, Nicaragua",Nicaragua,NIC,26.025758312104266,196.5557639344157
usp000hhp1,2010-08-06 17:33:51.160000+00:00,2010,8,2010-08,4.7,"59 km SW of San Juan del Sur, Nicaragua",Nicaragua,NIC,56.65025212577079,168.64968739056445
usp000hhrw,2010-08-08 12:00:36.360000+00:00,2010,8,2010-08,4.6,"83 km WSW of Masachapa, Nicaragua",Nicaragua,NIC,82.26129311858672,132.24274993037884
usp000hhvn,2010-08-10 11:12:40.330000+00:00,2010,8,2010-08,4.5,"58 km W of Masachapa, Nicaragua",Nicaragua,NIC,45.91960821000822,141.34707889772193
usp000hhx2,2010-08-10 20:56:00.230000+00:00,2010,8,2010-08,5.0,"4 km NE of San Francisco la Unión, Guatemala",Nicaragua,NIC,483.74638933428247,28.155164062678967
usp000hjd9,2010-08-18 15:12:35.030000+00:00,2010,8,2010-08,4.8,"7 km SSE of Taxisco, Guatemala",Nicaragua,NIC,330.1193710928616,48.21197179576185
usp000hjfs,2010-08-19 22:13:02.600000+00:00,2010,8,2010-08,5.5,"9 km SW of La Gomera, Guatemala",Nicaragua,NIC,401.97819008606666,75.35558591993005
usp000hjwc,2010-08-29 04:39:26.400000+00:00,2010,8,2010-08,4.6,"42 km SE of Champerico, Guatemala",Nicaragua,NIC,457.3458593887617,20.271509289008442
usp000hkan,2010-09-06 02:49:48.510000+00:00,2010,9,2010-09,4.9,"23 km SSE of Cárdenas, Nicaragua",Nicaragua,NIC,11.659319650779906,265.877819901452
usp000hke2,2010-09-07 22:00:10.180000+00:00,2010,9,2010-09,4.7,"56 km SSW of Puerto El Triunfo, El Salvador",Nicaragua,NIC,110.83300882935832,128.6261229313789
usp000hkkf,2010-09-11 21:53:38.500000+00:00,2010,9,2010-09,4.7,"75 km SSW of Puerto El Triunfo, El Salvador",Nicaragua,NIC,122.37067821060236,121.41586787824657
usp000hkkx,2010-09-12 05:25:08.540000+00:00,2010,9,2010-09,4.6,"14 km N of Cárdenas, Nicaragua",Nicaragua,NIC,0.0,199.52623149688787
usp000hktu,2010-09-16 15:27:26.550000+00:00,2010,9,2010-09,5.0,"2 km NE of Paquera, Costa Rica",Nicaragua,NIC,124.99491093852019,169.26883281822856
usp000hm3f,2010-09-23 09:58:35.220000+00:00,2010,9,2010-09,4.8,"55 km SSW of Jucuarán, El Salvador",Nicaragua,NIC,83.25730508874011,165.65672039052347
usp000hm63,2010-09-25 18:43:18.040000+00:00,2010,9,2010-09,4.7,"103 km WSW of Jiquilillo, Nicaragua",Nicaragua,NIC,97.60951015385518,137.41800579793943
usp000hm6w,2010-09-26 08:03:38.560000+00:00,2010,9,2010-09,4.6,"6 km SSW of Jucuarán, El Salvador",Nicaragua,NIC,70.79002315505159,140.04945330257738
usp000hme8,2010-10-01 03:18:40.720000+00:00,2010,10,2010-10,4.8,"23 km S of El Rosario, El Salvador",Nicaragua,NIC,159.14374594977642,113.35057995486451
usp000hmec,2010-10-01 04:52:59.680000+00:00,2010,10,2010-10,4.6,"33 km SE of Iztapa, Guatemala",Nicaragua,NIC,321.47330363817235,39.987991466182166
usp000hmvg,2010-10-09 01:54:04.600000+00:00,2010,10,2010-10,5.8,"3 km SSW of Río Segundo, Costa Rica",Nicaragua,NIC,65.59233617725602,572.2266125996961
usp000hn28,2010-10-13 15:13:00.550000+00:00,2010,10,2010-10,4.5,"69 km S of Intipucá, El Salvador",Nicaragua,NIC,63.70324234957654,129.32133130859665
usp000hn4n,2010-10-15 11:23:25.820000+00:00,2010,10,2010-10,4.6,"29 km SW of Nueva Concepción, Guatemala",Nicaragua,NIC,436.9211668538115,22.45110603612514
usp000hn55,2010-10-15 23:41:06.550000+00:00,2010,10,2010-10,5.0,"15 km SSW of Nueva Concepción, Guatemala",Nicaragua,NIC,430.0921102448794,36.81856424887543
usp000hn5n,2010-10-16 06:43:11.910000+00:00,2010,10,2010-10,4.6,"28 km SW of Nueva Concepción, Guatemala",Nicaragua,NIC,438.99280221726656,22.219753772400477
usp000hnqa,2010-10-28 17:11:48.310000+00:00,2010,10,2010-10,4.8,"35 km SW of Puerto San José, Guatemala",Nicaragua,NIC,379.1553361771522,37.72894388883554
usp000hnwd,2010-11-02 03:36:57.390000+00:00,2010,11,2010-11,4.9,"68 km SSW of La Gomera, Guatemala",Nicaragua,NIC,416.70794761798555,35.085703497834544
usp000hnz8,2010-11-03 18:00:36.390000+00:00,2010,11,2010-11,5.0,"43 km SSW of Puerto El Triunfo, El Salvador",Nicaragua,NIC,112.69435396681051,180.00614022167954
usp000hp4k,2010-11-05 11:22:45.100000+00:00,2010,11,2010-11,4.6,"21 km S of El Rosario, Nicaragua",Nicaragua,NIC,4.625867397150956,194.96428284714023
usp000hpak,2010-11-09 10:26:49.140000+00:00,2010,11,2010-11,4.8,"4 km SSW of San Vicente Pacaya, Guatemala",Nicaragua,NIC,367.8692557461912,39.91922128861387
usp000hpd0,2010-11-11 02:28:10.480000+00:00,2010,11,2010-11,4.9,"128 km SW of Corinto, Nicaragua",Nicaragua,NIC,128.32339374176902,148.37109128967595
usp000hph5,2010-11-13 19:04:47.110000+00:00,2010,11,2010-11,4.6,"53 km S of Acajutla, El Salvador",Nicaragua,NIC,245.86427612766477,58.35962705706221
usp000hpth,2010-11-18 00:23:53.240000+00:00,2010,11,2010-11,4.5,"8 km E of Managua, Nicaragua",Nicaragua,NIC,0.0,177.82794100389228
usp000hpyk,2010-11-22 07:12:21.650000+00:00,2010,11,2010-11,4.8,"30 km SSE of Jacó, Costa Rica",Nicaragua,NIC,167.59292276462958,108.66172425655022
usp000hq42,2010-11-26 00:12:33.270000+00:00,2010,11,2010-11,4.7,near the coast of Nicaragua,Nicaragua,NIC,0.0,223.872113856834
usp000hq4f,2010-11-26 06:16:46.600000+00:00,2010,11,2010-11,4.6,"54 km SSW of George Town, Cayman Islands",Nicaragua,NIC,478.8795506972652,18.20230001229255
usp000hqqp,2010-12-09 14:17:38.410000+00:00,2010,12,2010-12,4.6,"47 km NE of Savannah Bight, Honduras",Nicaragua,NIC,236.8383265707752,61.05371686618354
gcmtc201012161707a,2010-12-16 17:07:44+00:00,2010,12,2010-12,4.8,"69 km SW of Río Grande, Panama",Nicaragua,NIC,454.0396692097682,25.94569959864092
usp000hr0z,2010-12-17 09:32:02.380000+00:00,2010,12,2010-12,4.6,"50 km SSW of Jiquilillo, Nicaragua",Nicaragua,NIC,49.046924324181894,156.13345031002285
usp000hr7g,2010-12-20 17:21:26.180000+00:00,2010,12,2010-12,5.7,"33 km SSW of Puerto El Triunfo, El Salvador",Nicaragua,NIC,106.35676600761929,415.9577468351816
usp000hrc2,2010-12-21 21:35:07.740000+00:00,2010,12,2010-12,4.9,"42 km S of Acajutla, El Salvador",Nicaragua,NIC,243.2592552157765,83.51591410295296
usp000hrtm,2010-12-24 18:44:57+00:00,2010,12,2010-12,5.0,"46 km SW of Masachapa, Nicaragua",Nicaragua,NIC,47.66428782496356,249.17146983988286
usp000hsf9,2011-01-02 14:11:33.740000+00:00,2011,1,2011-01,4.5,"28 km SW of Acajutla, El Salvador",Nicaragua,NIC,259.7562971757675,48.522857392092625
usp000hsjb,2011-01-04 00:49:41.500000+00:00,2011,1,2011-01,4.8,"47 km S of La Libertad, El Salvador",Nicaragua,NIC,176.92814336996682,103.70636645253059
usp000hsm9,2011-01-05 18:31:44.230000+00:00,2011,1,2011-01,5.1,"51 km SSW of Masachapa, Nicaragua",Nicaragua,NIC,45.30289803424803,282.8954789139244
usp000hsmb,2011-01-05 19:01:56.840000+00:00,2011,1,2011-01,4.6,"64 km SW of Jiquilillo, Nicaragua",Nicaragua,NIC,64.10923794971411,144.8066673516451
usp000hsva,2011-01-10 06:29:07.630000+00:00,2011,1,2011-01,4.5,"86 km WSW of Jiquilillo, Nicaragua",Nicaragua,NIC,79.98216252367004,119.21226535584337
usp000hsvc,2011-01-10 07:07:53.480000+00:00,2011,1,2011-01,4.5,"89 km SSW of Intipucá, El Salvador",Nicaragua,NIC,82.3932246541415,117.78375234795033
usp000hsy1,2011-01-12 01:05:36.610000+00:00,2011,1,2011-01,5.1,"122 km SSW of Acajutla, El Salvador",Nicaragua,NIC,268.5851727269869,92.63491509986738
usp000htdz,2011-01-20 20:15:25.440000+00:00,2011,1,2011-01,4.5,"68 km W of Masachapa, Nicaragua",Nicaragua,NIC,60.82860732901699,131.19351180633126
usp000htf9,2011-01-21 17:18:19.540000+00:00,2011,1,2011-01,5.2,"19 km SSW of Santa Teresa, Nicaragua",Nicaragua,NIC,0.62433603426996,396.8663450309651
usp000htmu,2011-01-25 06:18:45.960000+00:00,2011,1,2011-01,5.0,"116 km S of Puerto El Triunfo, El Salvador",Nicaragua,NIC,123.56386826410356,170.48433082224804
usp000hu5j,2011-02-06 10:08:35.270000+00:00,2011,2,2011-02,4.5,"48 km SSW of Jiquilillo, Nicaragua",Nicaragua,NIC,46.71605833930028,140.78531867878462
usp000hu6g,2011-02-07 05:46:25.640000+00:00,2011,2,2011-02,4.7,"0 km NE of La Esperanza, Panama",Nicaragua,NIC,287.042383001449,53.29609444472285
usp000hu8x,2011-02-09 06:05:00.590000+00:00,2011,2,2011-02,4.6,"9 km NNW of Nombre de Dios, Panama",Nicaragua,NIC,481.67644553395235,17.949522020880494
usp000hurz,2011-02-19 14:57:08.300000+00:00,2011,2,2011-02,4.8,"55 km S of Iztapa, Guatemala",Nicaragua,NIC,330.9319646779322,48.01648549693779
usp000hus3,2011-02-19 15:49:00.940000+00:00,2011,2,2011-02,4.5,"62 km SSW of Puerto San José, Guatemala",Nicaragua,NIC,364.9031129796228,28.682893344386567
usp000husk,2011-02-20 00:58:19.300000+00:00,2011,2,2011-02,4.5,"31 km SSE of Iztapa, Guatemala",Nicaragua,NIC,335.5398665465947,33.218838061740996
usp000huu2,2011-02-21 01:31:36.500000+00:00,2011,2,2011-02,4.6,"9 km E of Juntas, Costa Rica",Nicaragua,NIC,76.26726797493626,136.26607033645465
usp000huyp,2011-02-23 03:01:36.370000+00:00,2011,2,2011-02,5.7,"55 km SW of Jiquilillo, Nicaragua",Nicaragua,NIC,56.56396479950162,533.5472810216946
usp000hv3p,2011-02-26 11:11:37.200000+00:00,2011,2,2011-02,4.6,"19 km W of San Isidro, Costa Rica",Nicaragua,NIC,153.75989332815388,92.49422843232882
usp000hv63,2011-02-28 09:36:57.220000+00:00,2011,2,2011-02,4.6,"49 km SSW of Masachapa, Nicaragua",Nicaragua,NIC,42.42446152643517,161.38993709122278
usp000hv80,2011-03-01 21:46:42.050000+00:00,2011,3,2011-03,4.7,"8 km N of Santiago de María, El Salvador",Nicaragua,NIC,109.6248486499757,129.40547932858655
usp000hv9g,2011-03-03 06:42:15.100000+00:00,2011,3,2011-03,4.5,"37 km SSE of Quepos, Costa Rica",Nicaragua,NIC,179.48374969644712,72.48630958756146
usp000hvaz,2011-03-04 09:09:41.360000+00:00,2011,3,2011-03,4.6,"82 km SSW of Corinto, Nicaragua",Nicaragua,NIC,77.25323541738769,135.59595393170545
usp000hvm2,2011-03-10 04:26:47.960000+00:00,2011,3,2011-03,4.6,"5 km ESE of Punta de Burica, Panama",Nicaragua,NIC,326.8975420885719,38.918044168354406
usp000hvmw,2011-03-10 14:30:48.940000+00:00,2011,3,2011-03,4.6,Guatemala,Nicaragua,NIC,334.2910566300298,37.50560658506765
usp000hvza,2011-03-11 16:54:51.350000+00:00,2011,3,2011-03,4.8,"54 km WSW of Corinto, Nicaragua",Nicaragua,NIC,50.546516057083096,195.09207817824947
usp000hvzd,2011-03-11 16:57:50.640000+00:00,2011,3,2011-03,4.6,"71 km SW of Corinto, Nicaragua",Nicaragua,NIC,70.41870220577125,140.30971130567312
usp000hx4r,2011-03-14 09:39:14.160000+00:00,2011,3,2011-03,4.5,"107 km S of La Libertad, El Salvador",Nicaragua,NIC,175.39673093525792,73.98281263664656
usp000hx57,2011-03-14 11:45:42.320000+00:00,2011,3,2011-03,4.6,"35 km SSW of Acajutla, El Salvador",Nicaragua,NIC,250.25036634930814,57.0937059556992
usp000hx9f,2011-03-15 00:32:44.730000+00:00,2011,3,2011-03,4.8,"24 km S of Iztapa, Guatemala",Nicaragua,NIC,349.7414629279798,43.70650332547079
usp000hxxv,2011-03-19 12:43:40.770000+00:00,2011,3,2011-03,4.5,"98 km SSW of Puerto El Triunfo, El Salvador",Nicaragua,NIC,139.90034173130425,88.3507555560308
usp000hyt4,2011-03-28 12:19:16.670000+00:00,2011,3,2011-03,4.5,"16 km S of Puerto San José, Guatemala",Nicaragua,NIC,360.1452425417323,29.37342184301315
usp000hyyk,2011-03-30 22:26:37.340000+00:00,2011,3,2011-03,4.5,"5 km W of Mojimán, Honduras",Nicaragua,NIC,199.7619110370195,65.49716793360231
usp000hz3h,2011-04-01 22:19:01.850000+00:00,2011,4,2011-04,4.5,"6 km S of La Mesa, Panama",Nicaragua,NIC,495.71050630596,14.913456522642273
usp000hz8y,2011-04-04 17:56:43.280000+00:00,2011,4,2011-04,4.7,"89 km W of Masachapa, Nicaragua",Nicaragua,NIC,82.70157021631343,148.05252618490965
usp000hzbe,2011-04-05 14:14:55.760000+00:00,2011,4,2011-04,4.6,"11 km SSW of San Juan Tecuaco, Guatemala",Nicaragua,NIC,317.3162248215519,40.827855846274694
usp000hzbj,2011-04-05 15:27:29.010000+00:00,2011,4,2011-04,4.5,"68 km SSW of Jiquilillo, Nicaragua",Nicaragua,NIC,65.51453246119583,128.1554265139373
usp000hzcc,2011-04-05 23:30:24.230000+00:00,2011,4,2011-04,4.5,off the coast of Central America,Nicaragua,NIC,274.5212673672761,45.0696973874097
usp000hzfv,2011-04-07 20:41:51.470000+00:00,2011,4,2011-04,5.8,"109 km NE of Savannah Bight, Honduras",Nicaragua,NIC,265.22820748408736,210.89401996837174
usp000hzfx,2011-04-07 21:06:03.880000+00:00,2011,4,2011-04,5.0,"112 km NE of Savannah Bight, Honduras",Nicaragua,NIC,269.8655547003535,82.03409544741316
usp000hzym,2011-04-14 20:50:15.080000+00:00,2011,4,2011-04,5.7,"48 km WSW of Tola, Nicaragua",Nicaragua,NIC,33.935878762780604,597.460469162289
usp000j0bw,2011-04-21 09:18:06.260000+00:00,2011,4,2011-04,4.5,"95 km SSW of Puerto El Triunfo, El Salvador",Nicaragua,NIC,139.86061211449928,88.3683080076669
usp000j0eb,2011-04-23 01:50:32.500000+00:00,2011,4,2011-04,4.9,"9 km NW of Belén, Nicaragua",Nicaragua,NIC,0.0,281.8382931264455
usp000j0ht,2011-04-25 00:49:22.590000+00:00,2011,4,2011-04,4.5,"5 km SE of Puerto Armuelles, Panama",Nicaragua,NIC,302.9074934515437,39.10612060601515
usp000j0k2,2011-04-25 18:51:13.200000+00:00,2011,4,2011-04,4.8,"13 km SE of Nandaime, Nicaragua",Nicaragua,NIC,0.0,251.18864315095797
usp000j0tf,2011-04-30 08:19:16.710000+00:00,2011,4,2011-04,6.1,"143 km SSE of Punta de Burica, Panama",Nicaragua,NIC,467.8433360420764,108.16608321133675
usp000j0u8,2011-04-30 21:46:55.580000+00:00,2011,4,2011-04,4.7,"48 km SSE of Acajutla, El Salvador",Nicaragua,NIC,220.9804877946497,74.15611473368935
usp000j0xh,2011-05-02 23:55:39.470000+00:00,2011,5,2011-05,5.4,"50 km SW of Corinto, Nicaragua",Nicaragua,NIC,49.571467570437406,391.16224127016295
usp000j1fd,2011-05-12 04:06:33+00:00,2011,5,2011-05,4.5,"5 km SW of Punta de Burica, Panama",Nicaragua,NIC,325.96794420279235,34.84733759711511
usp000j1jg,2011-05-13 22:47:54+00:00,2011,5,2011-05,5.9,"7 km ESE of Atenas, Costa Rica",Nicaragua,NIC,94.64150119018282,555.2500308757789
usp000j1mt,2011-05-15 08:34:48.590000+00:00,2011,5,2011-05,4.9,"69 km S of Intipucá, El Salvador",Nicaragua,NIC,57.88959842338741,211.00577140207827
usp000j1xq,2011-05-21 08:37:07.010000+00:00,2011,5,2011-05,4.5,"20 km W of San Vito, Costa Rica",Nicaragua,NIC,228.37327175632046,56.76671216258351
usp000j221,2011-05-22 17:15:09.560000+00:00,2011,5,2011-05,4.8,"71 km WSW of Acajutla, El Salvador",Nicaragua,NIC,307.8348262224584,53.89458947471593
usp000j2nh,2011-06-03 19:20:13.190000+00:00,2011,6,2011-06,4.6,"25 km WSW of Tiquisate, Guatemala",Nicaragua,NIC,458.0708626811225,20.198157764696195
usp000j30e,2011-06-11 22:23:35.390000+00:00,2011,6,2011-06,4.7,"61 km SSW of Jucuarán, El Salvador",Nicaragua,NIC,83.05113304889174,147.7939838905511
usp000j316,2011-06-12 10:17:57.020000+00:00,2011,6,2011-06,5.0,"55 km S of Puerto El Triunfo, El Salvador",Nicaragua,NIC,90.05478298136893,201.58050246932322
usp000j3cw,2011-06-18 17:30:19.520000+00:00,2011,6,2011-06,5.5,"41 km WSW of Nueva Concepción, Guatemala",Nicaragua,NIC,457.0076469985176,57.229572740730006
usp000j3ec,2011-06-19 16:34:42.960000+00:00,2011,6,2011-06,5.1,"99 km S of Boca Chica, Panama",Nicaragua,NIC,424.9584910218941,42.385212178356625
usp000j3x6,2011-06-28 23:44:47.370000+00:00,2011,6,2011-06,4.8,"7 km NW of Tilarán, Costa Rica",Nicaragua,NIC,48.64745531157912,196.95335944633786
usp000j430,2011-07-03 06:34:36.870000+00:00,2011,7,2011-07,5.7,"49 km SSW of Jiquilillo, Nicaragua",Nicaragua,NIC,45.33676926048036,564.3551030614391
usp000j4s9,2011-07-12 20:11:01.260000+00:00,2011,7,2011-07,5.5,"2 km S of Fortuna, Costa Rica",Nicaragua,NIC,41.62203440920979,456.68726441148425
usp000j4sb,2011-07-12 20:17:54.650000+00:00,2011,7,2011-07,5.3,"7 km N of Fortuna, Costa Rica",Nicaragua,NIC,31.609635961068477,381.3823123987683
usp000j4sf,2011-07-12 20:51:23.540000+00:00,2011,7,2011-07,5.2,"15 km NW of Bijagua, Costa Rica",Nicaragua,NIC,23.368185631527123,354.2065840293135
usp000j4ur,2011-07-14 05:25:20.110000+00:00,2011,7,2011-07,4.8,"68 km SW of Jiquilillo, Nicaragua",Nicaragua,NIC,68.06788149188367,178.72794971485516
usp000j504,2011-07-16 01:57:05.280000+00:00,2011,7,2011-07,5.1,"78 km SSW of Jiquilillo, Nicaragua",Nicaragua,NIC,77.28854371148094,241.0849277165369
usp000j573,2011-07-20 11:01:08.530000+00:00,2011,7,2011-07,4.6,"171 km WSW of Masachapa, Nicaragua",Nicaragua,NIC,173.96794885107826,83.60522094458662
usp000j57f,2011-07-20 15:51:30.080000+00:00,2011,7,2011-07,5.3,"121 km SSE of Punta de Burica, Panama",Nicaragua,NIC,444.6389365780833,48.35916762503671
usp000j595,2011-07-21 19:55:32.980000+00:00,2011,7,2011-07,4.8,"30 km W of Puerto Armuelles, Panama",Nicaragua,NIC,288.8748515659037,59.253803103501745
usp000j5as,2011-07-22 10:48:32.200000+00:00,2011,7,2011-07,5.1,"90 km WSW of Jiquilillo, Nicaragua",Nicaragua,NIC,83.95590647173033,233.18041209262037
usp000j5ch,2011-07-23 13:54:16.120000+00:00,2011,7,2011-07,5.1,"26 km N of Sardinal, Costa Rica",Nicaragua,NIC,37.67721969872278,293.89010020881665
usp000j5h4,2011-07-26 06:35:42.400000+00:00,2011,7,2011-07,5.1,"49 km NNE of Savannah Bight, Honduras",Nicaragua,NIC,254.83934799107178,99.22552078480398
usp000j5jj,2011-07-27 05:59:15.080000+00:00,2011,7,2011-07,4.6,"0 km SE of San Francisco Zapotitlán, Guatemala",Nicaragua,NIC,465.6556064524162,19.446511207771348
usp000j5kd,2011-07-28 01:19:25.720000+00:00,2011,7,2011-07,5.0,"64 km S of Iztapa, Guatemala",Nicaragua,NIC,337.0686248279886,58.62256017082421
usp000j5y9,2011-08-04 05:12:36.780000+00:00,2011,8,2011-08,5.0,"1 km ESE of Progreso, Panama",Nicaragua,NIC,282.19837336339026,77.1283460205918
usp000j6bf,2011-08-12 02:23:54.930000+00:00,2011,8,2011-08,5.0,"54 km SSW of El Rosario, Nicaragua",Nicaragua,NIC,38.965515854499806,260.24803400541487
usp000j6bn,2011-08-12 04:37:26.060000+00:00,2011,8,2011-08,5.0,"55 km S of El Rosario, Nicaragua",Nicaragua,NIC,39.11683201776778,260.05120980149337
usp000j6d3,2011-08-13 00:53:51.810000+00:00,2011,8,2011-08,4.7,"39 km S of Puerto El Triunfo, El Salvador",Nicaragua,NIC,96.65592460146485,138.07476937924082
usp000j6fc,2011-08-14 15:21:24.750000+00:00,2011,8,2011-08,5.0,"22 km SSW of San Lorenzo, Guatemala",Nicaragua,NIC,459.4193699771579,31.796807211751684
usp000j6gs,2011-08-15 12:58:08.320000+00:00,2011,8,2011-08,4.6,"6 km SW of Punta Piedra, Honduras",Nicaragua,NIC,129.12259061565933,104.61979315239758
usp000j746,2011-08-27 11:28:09.830000+00:00,2011,8,2011-08,5.0,"3 km ENE of Oratorio, Guatemala",Nicaragua,NIC,311.27702005823227,66.69150824806691
usp000j7n7,2011-09-05 11:21:36.940000+00:00,2011,9,2011-09,5.8,"170 km SW of Río Grande, Panama",Nicaragua,NIC,497.20345042396923,66.12054513586455
usp000j7nf,2011-09-05 16:11:16.920000+00:00,2011,9,2011-09,5.1,"159 km SW of Río Grande, Panama",Nicaragua,NIC,493.07402498422437,30.151113732641047
usp000j7uu,2011-09-09 21:29:20.770000+00:00,2011,9,2011-09,4.7,"7 km SE of Golfito, Costa Rica",Nicaragua,NIC,259.95710346429865,61.02535607797716
usp000j7uz,2011-09-10 00:15:13.960000+00:00,2011,9,2011-09,4.6,"108 km SW of Masachapa, Nicaragua",Nicaragua,NIC,110.27871288057518,114.95631072984618
usp000j7yf,2011-09-12 10:25:20.300000+00:00,2011,9,2011-09,4.5,"9 km NNW of El Palmar, Guatemala",Nicaragua,NIC,483.3329263970409,15.86557753167229
usp000j89x,2011-09-19 17:59:54.050000+00:00,2011,9,2011-09,5.2,"3 km WNW of Oratorio, Guatemala",Nicaragua,NIC,317.54061241950865,81.37093779289722
usp000j89y,2011-09-19 18:33:55.870000+00:00,2011,9,2011-09,5.6,"3 km E of Santa María Ixhuatán, Guatemala",Nicaragua,NIC,317.5375117162028,128.96624478694824
usp000j8a1,2011-09-19 19:17:50.910000+00:00,2011,9,2011-09,4.9,"4 km NNW of Santa María Ixhuatán, Guatemala",Nicaragua,NIC,324.18021073066757,55.72519754046778
usp000j8a3,2011-09-19 20:30:00.820000+00:00,2011,9,2011-09,4.6,"7 km ESE of Santa María Ixhuatán, Guatemala",Nicaragua,NIC,313.71307202977914,41.57006653171015
usp000j8ah,2011-09-20 04:28:48.790000+00:00,2011,9,2011-09,4.8,"5 km SSE of Santa María Ixhuatán, Guatemala",Nicaragua,NIC,317.37394797216587,51.38439274839363
usp000j8jj,2011-09-25 21:29:37.150000+00:00,2011,9,2011-09,4.6,"12 km WSW of Pasaco, Guatemala",Nicaragua,NIC,314.093718053076,41.49102437071282
usp000j96x,2011-10-11 00:20:10.990000+00:00,2011,10,2011-10,4.5,"14 km NNE of Cubulco, Guatemala",Nicaragua,NIC,414.03788653906406,22.43510739914475
usp000ja8n,2011-11-02 19:01:33.400000+00:00,2011,11,2011-11,5.4,"19 km NW of Jacó, Costa Rica",Nicaragua,NIC,132.68769213783852,258.1501236717108
usp000ja90,2011-11-02 22:22:43.380000+00:00,2011,11,2011-11,4.6,"84 km W of Masachapa, Nicaragua",Nicaragua,NIC,77.50019300860309,135.42862501002696
usp000jaj2,2011-11-07 22:35:25.630000+00:00,2011,11,2011-11,6.0,"7 km NNE of Belén, Nicaragua",Nicaragua,NIC,0.0,1000.0
usp000janu,2011-11-10 12:49:56.410000+00:00,2011,11,2011-11,4.5,"33 km S of Iztapa, Guatemala",Nicaragua,NIC,339.4820091834674,32.5704818451579
usp000jaq4,2011-11-11 18:09:42.630000+00:00,2011,11,2011-11,4.5,"5 km SE of Santa María Ixhuatán, Guatemala",Nicaragua,NIC,316.4143598481288,36.552320041026384
usp000jayf,2011-11-16 17:42:45.110000+00:00,2011,11,2011-11,4.5,"45 km W of Sardinal, Costa Rica",Nicaragua,NIC,65.75722737670992,128.00000747948002
usp000jazf,2011-11-17 12:44:46.580000+00:00,2011,11,2011-11,4.6,"42 km SSE of Champerico, Guatemala",Nicaragua,NIC,467.14368961465027,19.302358023149516
usp000jazg,2011-11-17 13:06:36.490000+00:00,2011,11,2011-11,5.2,"47 km SW of Nueva Concepción, Guatemala",Nicaragua,NIC,453.18973778653685,41.29628535120769
usp000jazh,2011-11-17 13:30:58.910000+00:00,2011,11,2011-11,5.8,"41 km SSE of Champerico, Guatemala",Nicaragua,NIC,463.9529810170398,78.07983778839822
usp000jbby,2011-11-24 21:13:15.650000+00:00,2011,11,2011-11,5.0,"3 km WSW of Conchagua, El Salvador",Nicaragua,NIC,42.57201095045007,255.59717697224605
usp000jbk4,2011-11-29 06:26:34.130000+00:00,2011,11,2011-11,4.7,"8 km NNW of Zacatecoluca, El Salvador",Nicaragua,NIC,152.44702837616495,104.46371922317734
usp000jbqk,2011-12-02 06:57:47.680000+00:00,2011,12,2011-12,5.2,"1 km SE of Aserrío de Gariché, Panama",Nicaragua,NIC,280.71251965778777,97.82289437857877
usp000jbyt,2011-12-08 14:02:57.230000+00:00,2011,12,2011-12,4.6,"48 km S of Acajutla, El Salvador",Nicaragua,NIC,248.03982708536378,57.728245576550066
usp000jbyu,2011-12-08 14:34:04.540000+00:00,2011,12,2011-12,5.1,"49 km SSW of Acajutla, El Salvador",Nicaragua,NIC,255.8959596314706,98.70268887512901
usp000jbyv,2011-12-08 14:35:40.470000+00:00,2011,12,2011-12,4.6,"7 km ENE of Izalco, El Salvador",Nicaragua,NIC,233.68755715202334,62.023163997134056
usp000jc14,2011-12-10 14:07:57.030000+00:00,2011,12,2011-12,4.5,"52 km N of Savannah Bight, Honduras",Nicaragua,NIC,263.7998071163193,47.55169445844506
usp000jc23,2011-12-11 03:34:29.960000+00:00,2011,12,2011-12,4.5,"61 km SSW of Jucuarán, El Salvador",Nicaragua,NIC,79.73747020548886,119.3582062420011
usp000jc7t,2011-12-15 13:28:02.680000+00:00,2011,12,2011-12,5.1,"49 km SSW of Puerto El Triunfo, El Salvador",Nicaragua,NIC,114.62416324430745,200.03076323874797
usp000jcc3,2011-12-18 13:47:05.280000+00:00,2011,12,2011-12,4.6,"125 km SSE of Punta de Burica, Panama",Nicaragua,NIC,448.45089960828295,21.193429742669018
usp000jcet,2011-12-20 22:52:58.010000+00:00,2011,12,2011-12,4.5,"92 km SSW of La Libertad, El Salvador",Nicaragua,NIC,207.94362440885553,62.871838018576646
usp000jcfg,2011-12-21 16:36:01.020000+00:00,2011,12,2011-12,4.8,"70 km SSW of Quebrada de Piedra, Panama",Nicaragua,NIC,408.5410339338831,32.573499320780954
usp000jcg3,2011-12-22 04:50:20.020000+00:00,2011,12,2011-12,4.7,"25 km S of Champerico, Guatemala",Nicaragua,NIC,491.62322337539854,19.162569128097683
usp000jck7,2011-12-24 09:38:23.940000+00:00,2011,12,2011-12,4.5,"46 km SSW of Puerto El Triunfo, El Salvador",Nicaragua,NIC,106.45258425397506,104.43381672258784
usp000jcpj,2011-12-27 02:24:27.160000+00:00,2011,12,2011-12,4.5,"79 km SSW of La Libertad, El Salvador",Nicaragua,NIC,212.49757707913605,61.45643647665001
usp000jcsu,2011-12-29 05:19:57.210000+00:00,2011,12,2011-12,4.6,"7 km N of Aguacatán, Guatemala",Nicaragua,NIC,492.0429363586943,17.04285462126906
usp000jd07,2012-01-03 22:32:48.630000+00:00,2012,1,2012-01,4.5,"28 km S of Jucuarán, El Salvador",Nicaragua,NIC,68.20872969462916,126.44062251825655
usp000jd1p,2012-01-04 18:42:34.590000+00:00,2012,1,2012-01,4.5,"55 km SSE of Iztapa, Guatemala",Nicaragua,NIC,322.6718156215016,35.42640270021218
usp000jd32,2012-01-05 17:56:35.880000+00:00,2012,1,2012-01,4.5,"58 km SSE of Iztapa, Guatemala",Nicaragua,NIC,320.5830710388205,35.798324979950145
usp000jd9f,2012-01-09 18:34:10.460000+00:00,2012,1,2012-01,4.5,"17 km SE of Iztapa, Guatemala",Nicaragua,NIC,338.8004539175868,32.68166409675366
usp000jde4,2012-01-13 05:35:08.830000+00:00,2012,1,2012-01,4.5,"33 km SSW of Jucuarán, El Salvador",Nicaragua,NIC,70.83570741843332,124.79069852953802
usp000jdjw,2012-01-16 08:26:17.520000+00:00,2012,1,2012-01,4.7,"90 km SW of Jiquilillo, Nicaragua",Nicaragua,NIC,91.26546684036362,141.84680459229432
usp000jdn9,2012-01-18 14:05:02.570000+00:00,2012,1,2012-01,4.5,"61 km S of Corinto, Nicaragua",Nicaragua,NIC,54.60171860650221,135.342400330323
usp000jdp7,2012-01-19 03:47:44.350000+00:00,2012,1,2012-01,4.5,"5 km S of Guazacapán, Guatemala",Nicaragua,NIC,329.1143439354546,34.30340908819301
usp000jdyv,2012-01-25 14:55:52.100000+00:00,2012,1,2012-01,4.5,"121 km S of Punta de Burica, Panama",Nicaragua,NIC,444.94833209348064,19.22237180259551
usp000je12,2012-01-27 04:19:51.420000+00:00,2012,1,2012-01,4.6,"5 km E of Santa María Ixhuatán, Guatemala",Nicaragua,NIC,317.05801137396577,40.88060139505116
usp000je9q,2012-02-02 04:24:21.770000+00:00,2012,2,2012-02,4.6,"34 km SSE of La Libertad, El Salvador",Nicaragua,NIC,170.90608094004324,84.89500937394624
usp000jed7,2012-02-03 04:10:45.490000+00:00,2012,2,2012-02,4.5,"110 km S of Puerto El Triunfo, El Salvador",Nicaragua,NIC,130.44359635819723,92.62864892531711
usp000jedh,2012-02-03 05:21:16.180000+00:00,2012,2,2012-02,4.5,"24 km SW of La Cruz, Costa Rica",Nicaragua,NIC,21.261481143038772,159.8936734708315
usp000jehp,2012-02-05 14:19:39.320000+00:00,2012,2,2012-02,4.8,"20 km S of El Rosario, El Salvador",Nicaragua,NIC,153.7776748979909,116.43298235152623
usp000jem2,2012-02-06 20:59:13.520000+00:00,2012,2,2012-02,4.8,"14 km NNE of Cárdenas, Nicaragua",Nicaragua,NIC,0.0,251.18864315095797
usp000jen7,2012-02-07 16:16:42.540000+00:00,2012,2,2012-02,4.5,"7 km NE of La Libertad, Honduras",Nicaragua,NIC,149.4025271839936,84.25128516639278
usp000jepu,2012-02-08 19:37:12.350000+00:00,2012,2,2012-02,4.5,Costa Rica,Nicaragua,NIC,53.83046951643825,135.86532145392036
usp000jepv,2012-02-08 19:46:52.420000+00:00,2012,2,2012-02,4.6,"37 km NW of Sardinal, Costa Rica",Nicaragua,NIC,45.9954370349072,158.53391238741835
usp000jeu8,2012-02-11 20:43:36.620000+00:00,2012,2,2012-02,4.7,"34 km SSE of Quepos, Costa Rica",Nicaragua,NIC,175.0080377013488,93.32003106399668
usp000jevj,2012-02-12 23:03:50+00:00,2012,2,2012-02,4.5,"87 km WSW of Sardinal, Costa Rica",Nicaragua,NIC,115.17769778227942,99.97578136689599
usp000jew6,2012-02-13 10:55:09.440000+00:00,2012,2,2012-02,5.9,"27 km S of Quepos, Costa Rica",Nicaragua,NIC,174.45897127975522,372.53506511779756
usp000jexy,2012-02-14 16:46:08.920000+00:00,2012,2,2012-02,4.5,"26 km SE of Quepos, Costa Rica",Nicaragua,NIC,162.97346374684253,78.72408471031295
usp000jf45,2012-02-19 17:34:00+00:00,2012,2,2012-02,4.8,"43 km S of Quepos, Costa Rica",Nicaragua,NIC,190.5777186600918,96.86474556952751
usp000jf71,2012-02-22 01:58:28.230000+00:00,2012,2,2012-02,4.6,"29 km SSW of Quepos, Costa Rica",Nicaragua,NIC,176.84073163847464,82.41290639801461
usp000jfb7,2012-02-24 20:01:48.090000+00:00,2012,2,2012-02,4.7,"3 km SSW of Santa María de Jesús, Guatemala",Nicaragua,NIC,380.78756340017435,33.35264740050917
usp000jfdx,2012-02-26 10:00:37.420000+00:00,2012,2,2012-02,4.7,"49 km S of Masachapa, Nicaragua",Nicaragua,NIC,39.947412556776364,183.33918472889175
usp000jfgp,2012-02-27 16:14:12.880000+00:00,2012,2,2012-02,4.6,"69 km S of El Rosario, El Salvador",Nicaragua,NIC,150.75416380219647,93.89478950784769
usp000jfk9,2012-02-29 09:54:01.320000+00:00,2012,2,2012-02,4.6,"67 km SSW of Masachapa, Nicaragua",Nicaragua,NIC,62.58250913867767,145.91629978813276
usp000jfnf,2012-03-01 17:12:21.710000+00:00,2012,3,2012-03,4.5,"60 km SSW of Jucuarán, El Salvador",Nicaragua,NIC,82.55951964084699,117.68585881394593
usp000jfud,2012-03-05 18:43:50.160000+00:00,2012,3,2012-03,4.8,"108 km SSW of Ciudad Cortés, Costa Rica",Nicaragua,NIC,297.97687276590204,56.61759821199655
usp000jgaa,2012-03-15 16:21:22.950000+00:00,2012,3,2012-03,4.6,"73 km SW of Corinto, Nicaragua",Nicaragua,NIC,73.34948274107234,138.26861796789504
usp000jgrh,2012-03-25 06:30:26.220000+00:00,2012,3,2012-03,4.6,"58 km SW of San Juan del Sur, Nicaragua",Nicaragua,NIC,56.814613200242654,150.18571794403098
usp000jgsh,2012-03-25 18:33:57.110000+00:00,2012,3,2012-03,4.6,"38 km WNW of Sardinal, Costa Rica",Nicaragua,NIC,61.831030767370976,146.46559581866182
usp000jgt6,2012-03-26 02:01:19.670000+00:00,2012,3,2012-03,4.5,"5 km SE of San Juan Tecuaco, Guatemala",Nicaragua,NIC,310.06550553120667,37.73126011265439
usp000jh0k,2012-03-30 20:00:27.280000+00:00,2012,3,2012-03,4.8,"11 km WNW of La Fortuna, Costa Rica",Nicaragua,NIC,50.806203247125964,194.83892799555608
usp000jh20,2012-03-31 17:13:56.730000+00:00,2012,3,2012-03,4.6,"122 km SSW of Acajutla, El Salvador",Nicaragua,NIC,303.2324437113354,43.80655638474942
usp000jh32,2012-04-01 05:11:01.960000+00:00,2012,4,2012-04,4.5,"23 km SE of Acajutla, El Salvador",Nicaragua,NIC,229.28114056617844,56.50961249891989
usp000jh4c,2012-04-02 01:46:05.990000+00:00,2012,4,2012-04,4.5,"67 km SSW of Jiquilillo, Nicaragua",Nicaragua,NIC,64.47547901314135,128.82296071080108
usp000jh6k,2012-04-03 13:08:51.140000+00:00,2012,4,2012-04,4.5,"36 km WSW of Masachapa, Nicaragua",Nicaragua,NIC,36.58794063885762,148.09837605812746
usp000jj5k,2012-04-18 01:43:21.990000+00:00,2012,4,2012-04,4.6,"10 km WSW of Pitaloza Arriba, Panama",Nicaragua,NIC,486.68823094933845,17.505315175688196
usp000jjem,2012-04-23 00:20:34.440000+00:00,2012,4,2012-04,5.2,"28 km NNE of El Estor, Guatemala",Nicaragua,NIC,357.5154062581962,66.6292859913548
usp000jjyv,2012-05-03 18:08:02.850000+00:00,2012,5,2012-05,4.8,"121 km NE of Savannah Bight, Honduras",Nicaragua,NIC,270.7847145401343,64.86321386705873
usp000jkj7,2012-05-18 03:04:51.070000+00:00,2012,5,2012-05,4.6,"71 km WSW of San Juan del Sur, Nicaragua",Nicaragua,NIC,60.41689631214055,147.50487592108487
usp000jkjb,2012-05-18 04:26:47.520000+00:00,2012,5,2012-05,4.9,"4 km SW of Tebario, Panama",Nicaragua,NIC,460.36766645104456,28.20488375018016
usp000jkxr,2012-05-26 01:19:28.380000+00:00,2012,5,2012-05,4.7,"83 km S of Champerico, Guatemala",Nicaragua,NIC,489.4344643831964,19.373432071445414
usp000jm63,2012-05-31 17:37:30.670000+00:00,2012,5,2012-05,4.6,"6 km SW of Barberena, Guatemala",Nicaragua,NIC,336.96749175959525,37.00704334073393
usp000jmac,2012-06-04 05:12:00.260000+00:00,2012,6,2012-06,4.7,"22 km S of Puerto San José, Guatemala",Nicaragua,NIC,358.08982862071815,37.36094193487553
usp000jme6,2012-06-06 14:23:13.820000+00:00,2012,6,2012-06,4.6,"3 km N of Boquerón, Panama",Nicaragua,NIC,283.39531561565184,48.374322002911825
usp000jn72,2012-06-25 03:42:49.690000+00:00,2012,6,2012-06,4.6,"75 km SSW of Nueva Concepción, Guatemala",Nicaragua,NIC,432.50826589394546,22.95198406529295
usp000jn7j,2012-06-25 14:37:49.650000+00:00,2012,6,2012-06,4.6,"7 km S of Pasaco, Guatemala",Nicaragua,NIC,301.95261749387276,44.08777911244321
usp000jn9s,2012-06-27 06:30:59.860000+00:00,2012,6,2012-06,5.7,"5 km E of San Francisco Menéndez, El Salvador",Nicaragua,NIC,273.4490861337552,180.39016427126631
usp000jntt,2012-07-10 02:36:02.250000+00:00,2012,7,2012-07,4.6,"42 km SSW of Jiquilillo, Nicaragua",Nicaragua,NIC,41.23108586691246,162.3558099615258
usp000jnwm,2012-07-12 01:43:01.620000+00:00,2012,7,2012-07,5.2,"5 km W of Comalapa, Guatemala",Nicaragua,NIC,416.74191766060375,49.5514564299618
usp000jny2,2012-07-12 19:52:27.650000+00:00,2012,7,2012-07,4.5,"121 km SW of Jiquilillo, Nicaragua",Nicaragua,NIC,121.59993291148545,96.8164380739514
usp000jp2w,2012-07-16 21:03:01.200000+00:00,2012,7,2012-07,4.7,"7 km NNE of Chiquimulilla, Guatemala",Nicaragua,NIC,328.19996189512494,43.38332536329158
usp000jp45,2012-07-17 16:01:43.410000+00:00,2012,7,2012-07,4.5,"9 km SW of Acajutla, El Salvador",Nicaragua,NIC,253.66317300625474,50.02388514204305
usp000jpaz,2012-07-22 18:02:12.080000+00:00,2012,7,2012-07,5.0,"58 km WSW of Masachapa, Nicaragua",Nicaragua,NIC,55.92682769959593,239.0872609772884
usp000jpb3,2012-07-22 18:33:57.330000+00:00,2012,7,2012-07,4.5,"42 km W of Masachapa, Nicaragua",Nicaragua,NIC,33.254200236527446,150.58767279338164
usp000jpb5,2012-07-22 19:40:46.440000+00:00,2012,7,2012-07,4.5,"73 km WSW of Masachapa, Nicaragua",Nicaragua,NIC,73.0027752556828,123.4458480965867
usp000jpgg,2012-07-27 02:06:56.620000+00:00,2012,7,2012-07,4.7,"4 km S of Mixco, Guatemala",Nicaragua,NIC,375.6373719144568,34.222663805573546
usp000jpss,2012-08-02 15:36:33.560000+00:00,2012,8,2012-08,4.6,"8 km WNW of Lucerna, Honduras",Nicaragua,NIC,233.7398921523281,62.00693620889644
usp000jq0g,2012-08-07 16:10:58.390000+00:00,2012,8,2012-08,4.6,"1 km SSW of Quesada, Costa Rica",Nicaragua,NIC,59.893285773101006,147.89155741444185
usp000jq3c,2012-08-09 12:36:27.600000+00:00,2012,8,2012-08,4.7,"43 km SW of Acajutla, El Salvador",Nicaragua,NIC,271.1554244703527,57.7023468607962
usp000jq46,2012-08-10 04:27:21.040000+00:00,2012,8,2012-08,4.9,"143 km WSW of Masachapa, Nicaragua",Nicaragua,NIC,141.79979716847637,138.7029355711054
usp000jq4e,2012-08-10 09:01:20.910000+00:00,2012,8,2012-08,5.0,"107 km SW of Jiquilillo, Nicaragua",Nicaragua,NIC,107.98453644542069,184.29542675954698
usp000jqc7,2012-08-15 23:45:52.330000+00:00,2012,8,2012-08,5.5,"39 km SSE of La Libertad, El Salvador",Nicaragua,NIC,171.7611342673726,238.24590019650404
usp000jqk9,2012-08-21 15:17:41.560000+00:00,2012,8,2012-08,4.8,"5 km SSW of La Conquista, Nicaragua",Nicaragua,NIC,0.0,251.18864315095797
usp000jqq9,2012-08-25 09:31:22.800000+00:00,2012,8,2012-08,4.7,"143 km S of Puerto El Triunfo, El Salvador",Nicaragua,NIC,146.3622285629237,107.69076421193833
usp000jqvm,2012-08-27 04:37:19.430000+00:00,2012,8,2012-08,7.3,"126 km S of Puerto El Triunfo, El Salvador",Nicaragua,NIC,133.67733676150854,2289.408819097941
usp000jqvn,2012-08-27 04:39:27.940000+00:00,2012,8,2012-08,5.1,"57 km SSW of Jucuarán, El Salvador",Nicaragua,NIC,81.43919425242116,236.13319133037905
usp000jqvq,2012-08-27 04:44:45.900000+00:00,2012,8,2012-08,4.5,"102 km SSW of Puerto El Triunfo, El Salvador",Nicaragua,NIC,132.32023081485266,91.7635633248164
usp000jqvs,2012-08-27 04:53:54.990000+00:00,2012,8,2012-08,4.8,"80 km SSW of Puerto El Triunfo, El Salvador",Nicaragua,NIC,134.6282483240849,128.13225613851517
usp000jqvw,2012-08-27 05:01:33.460000+00:00,2012,8,2012-08,4.5,"113 km S of Puerto El Triunfo, El Salvador",Nicaragua,NIC,129.16372715211142,93.22331240143049
usp000jqw3,2012-08-27 05:38:04.420000+00:00,2012,8,2012-08,5.5,"109 km S of Puerto El Triunfo, El Salvador",Nicaragua,NIC,124.9159242945603,301.1261814137957
usp000jqwm,2012-08-27 07:47:15.630000+00:00,2012,8,2012-08,4.7,"128 km SSW of Chirilagua, El Salvador",Nicaragua,NIC,125.64736449100967,119.4428657403854
usp000jqwn,2012-08-27 08:05:56.400000+00:00,2012,8,2012-08,4.7,"114 km SSW of Puerto El Triunfo, El Salvador",Nicaragua,NIC,168.2791322465341,96.51315374588587
usp000jqwq,2012-08-27 08:14:52.690000+00:00,2012,8,2012-08,4.5,"88 km SSW of Puerto El Triunfo, El Salvador",Nicaragua,NIC,148.35077158226565,84.69551099077795
usp000jqwr,2012-08-27 08:16:19.330000+00:00,2012,8,2012-08,4.6,"107 km S of Puerto El Triunfo, El Salvador",Nicaragua,NIC,133.11168807726298,102.55377277946103
usp000jqwu,2012-08-27 09:05:03.870000+00:00,2012,8,2012-08,5.1,"110 km SW of Jiquilillo, Nicaragua",Nicaragua,NIC,106.69154449962068,208.12404343930288
usp000jqwx,2012-08-27 10:59:42.850000+00:00,2012,8,2012-08,4.6,"127 km S of Puerto El Triunfo, El Salvador",Nicaragua,NIC,129.56054114651218,104.3909523264978
usp000jqx3,2012-08-27 12:55:18.980000+00:00,2012,8,2012-08,4.5,"98 km SSW of Chirilagua, El Salvador",Nicaragua,NIC,104.98466479503003,105.20313868438613
usp000jqx8,2012-08-27 13:46:15.210000+00:00,2012,8,2012-08,4.5,"131 km S of Puerto El Triunfo, El Salvador",Nicaragua,NIC,132.61500189397964,91.62841671962842
usp000jqxb,2012-08-27 14:36:36.290000+00:00,2012,8,2012-08,4.6,"103 km SSW of Puerto El Triunfo, El Salvador",Nicaragua,NIC,157.87334677722873,90.61130459098621
usp000jqxp,2012-08-27 17:17:34.210000+00:00,2012,8,2012-08,4.6,"60 km SW of Jiquilillo, Nicaragua",Nicaragua,NIC,60.682622052401115,147.30902684351713
usp000jqxv,2012-08-27 18:27:20.100000+00:00,2012,8,2012-08,4.5,"70 km S of La Libertad, El Salvador",Nicaragua,NIC,172.9384319385751,74.89778366843133
usp000jqxz,2012-08-27 21:13:28.860000+00:00,2012,8,2012-08,4.8,"144 km S of Puerto El Triunfo, El Salvador",Nicaragua,NIC,153.26380349367184,116.73252490336762
usp000jqy1,2012-08-27 22:07:39.310000+00:00,2012,8,2012-08,4.8,"99 km S of Puerto El Triunfo, El Salvador",Nicaragua,NIC,123.77934489069278,135.27469633548708
usp000jqy7,2012-08-27 23:05:49.560000+00:00,2012,8,2012-08,4.5,"81 km SSW of Puerto El Triunfo, El Salvador",Nicaragua,NIC,120.00363852150963,97.59226777160062
usp000jqyg,2012-08-28 01:11:31.300000+00:00,2012,8,2012-08,4.6,"104 km SSW of Puerto El Triunfo, El Salvador",Nicaragua,NIC,143.54310453325203,97.34196500437996
usp000jqz0,2012-08-28 06:08:16.100000+00:00,2012,8,2012-08,5.5,off the coast of Central America,Nicaragua,NIC,119.90942494208086,308.75926050264417
usp000jqz9,2012-08-28 08:53:36.880000+00:00,2012,8,2012-08,5.3,"145 km S of Puerto El Triunfo, El Salvador",Nicaragua,NIC,155.46081916384824,205.3152084872353
usp000jr0c,2012-08-28 22:02:48.500000+00:00,2012,8,2012-08,4.6,"57 km S of Puerto El Triunfo, El Salvador",Nicaragua,NIC,104.7017370962522,118.20696495498352
usp000jr2v,2012-08-29 23:18:02.520000+00:00,2012,8,2012-08,4.5,"51 km W of Masachapa, Nicaragua",Nicaragua,NIC,47.42080650143323,140.2901007280816
usp000jrc9,2012-09-01 01:56:30.880000+00:00,2012,9,2012-09,4.5,"143 km SW of Jiquilillo, Nicaragua",Nicaragua,NIC,140.7932217484944,87.95720158019024
usp000jre1,2012-09-01 11:55:30.330000+00:00,2012,9,2012-09,4.6,"81 km SSW of Puerto El Triunfo, El Salvador",Nicaragua,NIC,132.04630549340675,103.10152541664891
usp000jrp4,2012-09-04 12:12:56.640000+00:00,2012,9,2012-09,4.6,"62 km NNE of Savannah Bight, Honduras",Nicaragua,NIC,255.65874238073286,55.57047316338275
usp000jrsw,2012-09-05 14:42:07.800000+00:00,2012,9,2012-09,7.6,"11 km ENE of Hojancha, Costa Rica",Nicaragua,NIC,105.81195612106879,3717.339758525895
usp000jrsx,2012-09-05 14:59:15.350000+00:00,2012,9,2012-09,4.6,"6 km ENE of San Carlos, Nicaragua",Nicaragua,NIC,0.0,199.52623149688787
usp000jrsy,2012-09-05 15:12:39.840000+00:00,2012,9,2012-09,4.5,"15 km W of Jacó, Costa Rica",Nicaragua,NIC,147.388144036684,85.10414476655646
usp000jrtk,2012-09-05 22:11:23.660000+00:00,2012,9,2012-09,4.5,"7 km W of Hojancha, Costa Rica",Nicaragua,NIC,113.94642875462556,100.59316524664905
usp000jrtm,2012-09-05 22:46:34.660000+00:00,2012,9,2012-09,4.6,"6 km W of Hojancha, Costa Rica",Nicaragua,NIC,116.0447297567083,111.68942910361167
usp000jruk,2012-09-06 06:47:34.450000+00:00,2012,9,2012-09,4.9,"100 km S of Puerto El Triunfo, El Salvador",Nicaragua,NIC,111.36774109057666,161.4983252084346
usp000jruy,2012-09-06 09:07:12.090000+00:00,2012,9,2012-09,4.6,"10 km ENE of Hojancha, Costa Rica",Nicaragua,NIC,104.40824294257007,118.38055756056245
usp000jrwd,2012-09-06 23:30:03.030000+00:00,2012,9,2012-09,4.8,"96 km SSW of Intipucá, El Salvador",Nicaragua,NIC,94.45779474813274,156.634528764182
usp000jrwp,2012-09-07 01:21:25.860000+00:00,2012,9,2012-09,4.5,"23 km N of Nandayure, Costa Rica",Nicaragua,NIC,84.97564110075949,116.27269529218931
usp000jry6,2012-09-07 18:10:05.900000+00:00,2012,9,2012-09,4.5,"3 km WNW of Santa Lucía Utatlán, Guatemala",Nicaragua,NIC,453.95192951035995,18.37620850075501
usp000jry8,2012-09-07 19:12:25.030000+00:00,2012,9,2012-09,4.7,"87 km S of Puerto El Triunfo, El Salvador",Nicaragua,NIC,119.72555206571099,123.03233514821585
usp000jrzq,2012-09-08 09:50:22.220000+00:00,2012,9,2012-09,4.5,"3 km WSW of Belén, Costa Rica",Nicaragua,NIC,78.14457451501464,120.31262779353008
usp000js0m,2012-09-08 20:29:31.210000+00:00,2012,9,2012-09,5.7,"10 km ENE of Hojancha, Costa Rica",Nicaragua,NIC,106.43956967843668,415.78556833845545
usp000js2f,2012-09-09 22:57:59.340000+00:00,2012,9,2012-09,4.6,"90 km S of Puerto El Triunfo, El Salvador",Nicaragua,NIC,107.65094747242624,116.47666779665283
usp000js3b,2012-09-10 11:31:19.360000+00:00,2012,9,2012-09,4.7,"99 km S of Puerto El Triunfo, El Salvador",Nicaragua,NIC,126.92423246326383,118.68273095281653
usp000js3h,2012-09-10 13:15:31.070000+00:00,2012,9,2012-09,4.5,"92 km SSW of Puerto El Triunfo, El Salvador",Nicaragua,NIC,132.28961664879674,91.7776107247401
usp000js6e,2012-09-12 01:13:27.380000+00:00,2012,9,2012-09,4.6,"142 km S of Puerto El Triunfo, El Salvador",Nicaragua,NIC,156.72497493646512,91.13307848681777
usp000js6h,2012-09-12 02:13:02.070000+00:00,2012,9,2012-09,4.6,"3 km ENE of Hojancha, Costa Rica",Nicaragua,NIC,109.85169301361766,115.20201608174143
usp000js70,2012-09-12 06:29:34.700000+00:00,2012,9,2012-09,4.8,"42 km SW of Paquera, Costa Rica",Nicaragua,NIC,163.54271482107052,110.8846696585936
usp000js7s,2012-09-12 18:43:16.660000+00:00,2012,9,2012-09,4.5,"2 km NNE of Upala, Costa Rica",Nicaragua,NIC,5.668019574939419,172.85902214021317
usp000jsb6,2012-09-14 23:13:12.870000+00:00,2012,9,2012-09,4.5,"3 km NNE of Hojancha, Costa Rica",Nicaragua,NIC,109.4006195265668,102.90573362052504
usp000jsd8,2012-09-16 05:51:09.450000+00:00,2012,9,2012-09,5.2,"2 km NNW of Nicoya, Costa Rica",Nicaragua,NIC,102.58981520846338,238.35762353009258
usp000jseq,2012-09-16 15:13:46.120000+00:00,2012,9,2012-09,4.6,"43 km SSE of Sámara, Costa Rica",Nicaragua,NIC,172.797118557913,84.0960939920198
usp000jsey,2012-09-16 18:33:25.510000+00:00,2012,9,2012-09,4.5,"109 km S of La Libertad, El Salvador",Nicaragua,NIC,183.43577996322756,71.06802801833749
usp000jshc,2012-09-18 08:20:41.830000+00:00,2012,9,2012-09,4.5,"112 km S of La Libertad, El Salvador",Nicaragua,NIC,185.19114340801264,70.44700620997558
usp000jsj4,2012-09-18 19:10:37.420000+00:00,2012,9,2012-09,4.5,"16 km SSW of Sámara, Costa Rica",Nicaragua,NIC,151.83828963122622,83.23142751681088
usp000jsrr,2012-09-23 01:51:36.790000+00:00,2012,9,2012-09,4.5,"40 km SSW of Puerto El Triunfo, El Salvador",Nicaragua,NIC,106.3411967536134,104.49199603119317
usp000jtcr,2012-10-02 03:10:51.360000+00:00,2012,10,2012-10,4.6,"99 km SW of Jiquilillo, Nicaragua",Nicaragua,NIC,100.24069349592487,120.87322226011366
usp000jtm0,2012-10-05 18:22:56.830000+00:00,2012,10,2012-10,5.5,"123 km SW of Puerto San José, Guatemala",Nicaragua,NIC,425.1370208639294,67.11609636431776
usp000jtpb,2012-10-07 09:16:49.340000+00:00,2012,10,2012-10,4.5,"119 km S of La Libertad, El Salvador",Nicaragua,NIC,181.11018547423552,71.89922831139391
usp000jttn,2012-10-10 12:19:44.930000+00:00,2012,10,2012-10,5.3,"6 km SSW of Nicoya, Costa Rica",Nicaragua,NIC,110.45678510924508,257.12608581927964
usp000jttt,2012-10-10 14:48:14.980000+00:00,2012,10,2012-10,4.6,"65 km S of Acajutla, El Salvador",Nicaragua,NIC,229.31734939421372,63.39335003570687
usp000jtwx,2012-10-12 19:24:16.640000+00:00,2012,10,2012-10,5.0,"10 km NE of Parrita, Costa Rica",Nicaragua,NIC,131.90859171881652,163.51746004323994
usp000jtzx,2012-10-14 22:40:55.310000+00:00,2012,10,2012-10,4.5,"64 km SSW of Puerto El Triunfo, El Salvador",Nicaragua,NIC,129.5669250652012,93.03556448887626
usp000ju15,2012-10-15 17:52:20.960000+00:00,2012,10,2012-10,5.5,"5 km ESE of La Gomera, Guatemala",Nicaragua,NIC,391.4235344787228,79.4391510771658
usp000ju9c,2012-10-21 20:28:17+00:00,2012,10,2012-10,5.4,"75 km SSW of Chirilagua, El Salvador",Nicaragua,NIC,83.13047109242662,330.7382892186147
usp000ju9e,2012-10-21 20:44:15+00:00,2012,10,2012-10,5.1,"72 km SSW of Chirilagua, El Salvador",Nicaragua,NIC,81.12185419830499,236.50816133278897
usp000jub1,2012-10-22 20:31:28.300000+00:00,2012,10,2012-10,4.6,"84 km SW of Jiquilillo, Nicaragua",Nicaragua,NIC,86.22042803612042,129.6506562537923
usp000jub9,2012-10-23 00:21:11.640000+00:00,2012,10,2012-10,4.5,"7 km NNW of Yupiltepeque, Guatemala",Nicaragua,NIC,280.64883875548674,43.7097970367555
usp000jucg,2012-10-24 00:45:32.990000+00:00,2012,10,2012-10,6.5,Costa Rica,Nicaragua,NIC,105.04810698210855,1051.697723907142
usp000juck,2012-10-24 01:55:26.040000+00:00,2012,10,2012-10,4.5,"9 km NW of Sámara, Costa Rica",Nicaragua,NIC,129.27274579012845,93.17251085572947
usp000juda,2012-10-24 17:55:59.990000+00:00,2012,10,2012-10,5.4,Cayman Islands region,Nicaragua,NIC,360.9992738983017,82.43279716668006
usp000jupz,2012-10-29 04:59:35.660000+00:00,2012,10,2012-10,4.5,"35 km SW of La Libertad, El Salvador",Nicaragua,NIC,208.7660028986607,62.61384656263403
usp000juqs,2012-10-29 14:35:13.680000+00:00,2012,10,2012-10,4.8,"112 km SW of Jiquilillo, Nicaragua",Nicaragua,NIC,111.1300393930392,144.10670415123496
usp000juwb,2012-11-01 15:30:48.590000+00:00,2012,11,2012-11,4.7,"67 km NE of Savannah Bight, Honduras",Nicaragua,NIC,256.06046132989013,62.225984011087654
usp000jv1f,2012-11-04 19:12:56.170000+00:00,2012,11,2012-11,4.6,"25 km SSW of Nueva Concepción, Guatemala",Nicaragua,NIC,425.38603074666315,23.78405885256268
usp000jv5f,2012-11-07 16:35:46.930000+00:00,2012,11,2012-11,7.4,"33 km S of Champerico, Guatemala",Nicaragua,NIC,483.46228927785774,446.8635977904012
usp000jv5k,2012-11-07 16:57:05.760000+00:00,2012,11,2012-11,4.7,"23 km SE of Champerico, Guatemala",Nicaragua,NIC,472.703281100863,21.06385551910049
usp000jv5m,2012-11-07 17:04:04.170000+00:00,2012,11,2012-11,4.9,"55 km SSE of Champerico, Guatemala",Nicaragua,NIC,463.2419934039343,27.802432331713295
usp000jv5q,2012-11-07 17:16:00.800000+00:00,2012,11,2012-11,4.6,"44 km SSW of Champerico, Guatemala",Nicaragua,NIC,497.2480673630546,16.60502527685299
usp000jv66,2012-11-07 22:44:50.240000+00:00,2012,11,2012-11,4.9,"35 km S of Champerico, Guatemala",Nicaragua,NIC,479.39883470785537,25.644761078313962
usp000jv7y,2012-11-08 18:58:19+00:00,2012,11,2012-11,4.6,"79 km S of Champerico, Guatemala",Nicaragua,NIC,472.5960997999042,18.783244358192146
usp000jvcc,2012-11-11 05:40:08.610000+00:00,2012,11,2012-11,4.5,"54 km SSE of Champerico, Guatemala",Nicaragua,NIC,456.811907174994,18.115300693644937
usp000jvdp,2012-11-11 22:44:30.370000+00:00,2012,11,2012-11,4.9,"61 km SSW of Champerico, Guatemala",Nicaragua,NIC,496.81754263086447,23.505766280308812
usp000jvgz,2012-11-13 05:31:57.020000+00:00,2012,11,2012-11,4.6,"64 km S of Champerico, Guatemala",Nicaragua,NIC,491.463077184821,17.0923385989576
usp000jvmh,2012-11-15 08:01:01.400000+00:00,2012,11,2012-11,4.9,"32 km S of Champerico, Guatemala",Nicaragua,NIC,481.13717994610255,25.422829717262402
usp000jvp9,2012-11-16 13:02:01.280000+00:00,2012,11,2012-11,4.8,"47 km S of Champerico, Guatemala",Nicaragua,NIC,476.9162489852943,23.141394377274114
usp000jvpn,2012-11-16 21:06:47.880000+00:00,2012,11,2012-11,4.7,"48 km SSW of Puerto El Triunfo, El Salvador",Nicaragua,NIC,123.60103057506527,120.67123911532794
usp000jvpz,2012-11-17 04:35:58.590000+00:00,2012,11,2012-11,4.8,"13 km E of Bijagua, Costa Rica",Nicaragua,NIC,24.34887564209091,222.39605968488544
usp000jvqu,2012-11-17 20:44:01.610000+00:00,2012,11,2012-11,4.5,"73 km S of Champerico, Guatemala",Nicaragua,NIC,466.26391306780175,17.279086439564654
usp000jvv1,2012-11-20 00:59:18.960000+00:00,2012,11,2012-11,4.5,"54 km SSE of Champerico, Guatemala",Nicaragua,NIC,465.6972919382022,17.328109327669274
usp000jw38,2012-11-26 12:27:57.510000+00:00,2012,11,2012-11,4.5,"92 km SSW of Chirilagua, El Salvador",Nicaragua,NIC,97.5530424511487,109.18582497686462
usp000jw4t,2012-11-27 10:15:27.320000+00:00,2012,11,2012-11,4.6,"70 km S of Champerico, Guatemala",Nicaragua,NIC,484.50298194358135,17.697631271731872
usp000jw63,2012-11-28 05:28:23.990000+00:00,2012,11,2012-11,4.6,"87 km SSW of Chirilagua, El Salvador",Nicaragua,NIC,92.9354750025998,125.3698713385233
usp000jw6a,2012-11-28 06:46:37.200000+00:00,2012,11,2012-11,4.5,"75 km SSW of Chirilagua, El Salvador",Nicaragua,NIC,84.0398973093982,116.81797717144116
usp000jwb5,2012-12-02 04:44:37.270000+00:00,2012,12,2012-12,5.1,"165 km SSW of Puerto El Triunfo, El Salvador",Nicaragua,NIC,188.64079768035919,138.1566240870831
usp000jwn9,2012-12-07 23:52:04.110000+00:00,2012,12,2012-12,4.5,"51 km WSW of Jiquilillo, Nicaragua",Nicaragua,NIC,41.34297986589184,144.61883540301721
usp000jwqw,2012-12-09 06:03:17.120000+00:00,2012,12,2012-12,4.5,"4 km SSW of Cartago, Costa Rica",Nicaragua,NIC,100.07176763484135,107.81940171267127
usp000jwxa,2012-12-13 17:16:22.200000+00:00,2012,12,2012-12,5.0,"43 km SSE of Quepos, Costa Rica",Nicaragua,NIC,186.93768553707264,124.18523788167106
usp000jwxb,2012-12-13 17:20:29.210000+00:00,2012,12,2012-12,4.9,"31 km WSW of San Isidro, Costa Rica",Nicaragua,NIC,168.277033874659,121.5041366207206
usp000jwxg,2012-12-13 21:26:39.180000+00:00,2012,12,2012-12,5.3,"59 km SSW of Acajutla, El Salvador",Nicaragua,NIC,254.33089607194924,125.23550642135774
usp000jwxv,2012-12-14 04:04:06.860000+00:00,2012,12,2012-12,5.2,"47 km SSE of Champerico, Guatemala",Nicaragua,NIC,458.4073745241471,40.2328718487196
usp000jwxz,2012-12-14 04:58:48.460000+00:00,2012,12,2012-12,5.1,"55 km SSE of Champerico, Guatemala",Nicaragua,NIC,460.6878757458475,35.451040665177324
usp000jwyt,2012-12-14 19:18:51+00:00,2012,12,2012-12,4.8,"94 km SSW of Acajutla, El Salvador",Nicaragua,NIC,278.5962500595388,62.37864398010621
usp000jwzr,2012-12-15 12:43:30.090000+00:00,2012,12,2012-12,5.0,"114 km S of Puerto El Triunfo, El Salvador",Nicaragua,NIC,127.47118867900522,167.18597057570588
usp000jwzt,2012-12-15 13:03:26.040000+00:00,2012,12,2012-12,4.5,"51 km S of Acajutla, El Salvador",Nicaragua,NIC,244.2848885969993,52.425442440747396
usp000jx0r,2012-12-16 03:06:47.620000+00:00,2012,12,2012-12,4.8,"45 km S of Champerico, Guatemala",Nicaragua,NIC,489.2648414217207,21.755791894333935
usp000jx14,2012-12-16 10:07:12.040000+00:00,2012,12,2012-12,5.2,"6 km NW of Santo Tomás La Unión, Guatemala",Nicaragua,NIC,464.16866274919505,39.09043969592745
usp000jx15,2012-12-16 10:23:42.500000+00:00,2012,12,2012-12,4.6,"53 km W of Sardinal, Costa Rica",Nicaragua,NIC,78.4376365430617,134.79532692798992
usp000jx3q,2012-12-18 08:12:22.030000+00:00,2012,12,2012-12,5.1,"61 km SSW of Acajutla, El Salvador",Nicaragua,NIC,255.45370345974783,98.92118973608324
usp000jx45,2012-12-18 18:13:51.150000+00:00,2012,12,2012-12,4.6,"50 km SSW of Puerto El Triunfo, El Salvador",Nicaragua,NIC,114.70958017491945,112.4375338775313
usp000jx5j,2012-12-19 18:27:48.190000+00:00,2012,12,2012-12,4.5,"106 km SSW of Intipucá, El Salvador",Nicaragua,NIC,101.69924521903013,106.94559349549424
usp000jxh8,2012-12-28 13:27:40.860000+00:00,2012,12,2012-12,4.6,"42 km SW of La Gomera, Guatemala",Nicaragua,NIC,413.0709573323693,25.294599823126244
usp000jxhh,2012-12-28 16:23:48+00:00,2012,12,2012-12,4.7,"7 km W of El Rosario, El Salvador",Nicaragua,NIC,169.4633055154336,95.94340064252671
usp000jxqw,2013-01-02 07:44:50.440000+00:00,2013,1,2013-01,4.8,"39 km SW of Jiquilillo, Nicaragua",Nicaragua,NIC,40.24504883711936,205.4040426210438
usp000jxrx,2013-01-03 03:30:06.860000+00:00,2013,1,2013-01,4.5,"104 km SSW of Chirilagua, El Salvador",Nicaragua,NIC,107.482630777574,103.89734094663135
usp000jymp,2013-01-20 19:10:11.390000+00:00,2013,1,2013-01,5.1,"42 km WSW of Jiquilillo, Nicaragua",Nicaragua,NIC,39.49668802420788,291.2286061822703
usp000jyr3,2013-01-23 01:49:22.610000+00:00,2013,1,2013-01,4.6,"77 km WSW of Masachapa, Nicaragua",Nicaragua,NIC,75.3219535544207,136.91166626898695
usp000jyr5,2013-01-23 03:21:57.700000+00:00,2013,1,2013-01,4.6,"10 km ENE of Nicoya, Costa Rica",Nicaragua,NIC,97.46170967084166,122.56446856266012
usp000jyra,2013-01-23 04:42:54.470000+00:00,2013,1,2013-01,4.6,"208 km SSW of Sámara, Costa Rica",Nicaragua,NIC,337.7483947337853,36.86283051345765
usp000jysa,2013-01-24 07:08:17.470000+00:00,2013,1,2013-01,4.8,"3 km E of Orotina, Costa Rica",Nicaragua,NIC,104.30207202158442,149.1114276567975
usp000jyu7,2013-01-26 09:36:40.890000+00:00,2013,1,2013-01,4.5,"44 km S of La Libertad, El Salvador",Nicaragua,NIC,174.70384221308515,74.23956641689166
usc000ewwg,2013-01-28 20:20:53.370000+00:00,2013,1,2013-01,4.8,"13 km N of San Vito, Costa Rica",Nicaragua,NIC,224.5333350537479,81.73951526532305
usc000ex75,2013-01-29 00:56:44.210000+00:00,2013,1,2013-01,4.6,"102 km SW of Jiquilillo, Nicaragua",Nicaragua,NIC,103.84847637191007,118.71234905212873
usc000f4m9,2013-02-07 13:07:10.610000+00:00,2013,2,2013-02,4.6,"45 km W of Jiquilillo, Nicaragua",Nicaragua,NIC,25.177016577357985,175.92550369983982
usp000jz7b,2013-02-09 18:25:05.120000+00:00,2013,2,2013-02,4.5,"87 km SW of Corinto, Nicaragua",Nicaragua,NIC,87.55378877584317,114.78347360264561
usc000f4ld,2013-02-09 18:56:10.120000+00:00,2013,2,2013-02,4.5,"65 km WSW of Jiquilillo, Nicaragua",Nicaragua,NIC,58.064634969015245,133.01917415258276
us2013mdcs,2013-02-27 13:06:30.160000+00:00,2013,2,2013-02,4.6,"71 km S of Puerto El Triunfo, El Salvador",Nicaragua,NIC,109.6128061801031,115.339699516453
us2013miah,2013-03-04 14:16:32.880000+00:00,2013,3,2013-03,4.5,"94 km WSW of Jiquilillo, Nicaragua",Nicaragua,NIC,88.17266935552819,114.42883626761771
usp000jzpw,2013-03-09 18:25:18.900000+00:00,2013,3,2013-03,4.6,"15 km W of Tola, Nicaragua",Nicaragua,NIC,0.0,199.52623149688787
usb000fi8j,2013-03-10 10:18:15.300000+00:00,2013,3,2013-03,5.5,"123 km SW of Acajutla, El Salvador",Nicaragua,NIC,329.10387126153313,108.48258459215985
usb000fvc0,2013-03-13 18:22:10.280000+00:00,2013,3,2013-03,4.7,"75 km S of Punta de Burica, Panama",Nicaragua,NIC,392.76364096213655,31.414097707257017
usb000fkfw,2013-03-13 19:34:27.900000+00:00,2013,3,2013-03,4.6,"59 km SSE of Champerico, Guatemala",Nicaragua,NIC,455.27631841303224,20.482361923576494
usb000fkpv,2013-03-14 03:45:46.570000+00:00,2013,3,2013-03,5.0,south of Panama,Nicaragua,NIC,381.74618934134475,46.88659369075076
us2013mvca,2013-03-16 09:53:00+00:00,2013,3,2013-03,4.5,"8 km SSE of Río Segundo, Costa Rica",Nicaragua,NIC,69.09468511982917,125.8817574784931
usb000fq1t,2013-03-21 03:54:02.570000+00:00,2013,3,2013-03,4.8,"22 km SW of Jiquilillo, Nicaragua",Nicaragua,NIC,21.50582500354654,225.5800530014272
us2013neae,2013-03-25 00:00:04.840000+00:00,2013,3,2013-03,4.6,"88 km SW of Jiquilillo, Nicaragua",Nicaragua,NIC,88.08924733430408,128.44483046151282
usb000fshy,2013-03-25 23:02:12.770000+00:00,2013,3,2013-03,6.2,"3 km NW of Fraijanes, Guatemala",Nicaragua,NIC,355.82552873708994,212.48813353055667
usb000fuau,2013-03-28 02:53:08.670000+00:00,2013,3,2013-03,4.9,"35 km SW of Tiquisate, Guatemala",Nicaragua,NIC,456.5823303161509,28.743792366840168
usb000fwfb,2013-03-30 11:41:41.890000+00:00,2013,3,2013-03,4.5,"69 km SW of Masachapa, Nicaragua",Nicaragua,NIC,70.55237759501159,124.96760844248263
usb000fx4z,2013-03-31 20:33:30.230000+00:00,2013,3,2013-03,4.9,near the coast of Nicaragua,Nicaragua,NIC,89.83956924211397,179.85224121171962
usb000g16u,2013-04-06 10:59:44.750000+00:00,2013,4,2013-04,4.8,"80 km WSW of Corinto, Nicaragua",Nicaragua,NIC,77.67064408531701,170.34929452285436
usb000g1kr,2013-04-07 05:18:24.330000+00:00,2013,4,2013-04,4.6,"99 km SW of Corinto, Nicaragua",Nicaragua,NIC,98.78948210514268,121.7534749647833
usb000g4a2,2013-04-10 19:14:01.540000+00:00,2013,4,2013-04,5.4,"8 km S of San Antonio, Honduras",Nicaragua,NIC,206.81159590487437,178.20271873310978
usb000g71c,2013-04-15 03:32:49+00:00,2013,4,2013-04,4.5,"65 km SSW of Intipucá, El Salvador",Nicaragua,NIC,70.49566442259088,125.00305001487816
usb000g9j1,2013-04-17 19:19:08.180000+00:00,2013,4,2013-04,4.5,"92 km S of Puerto San José, Guatemala",Nicaragua,NIC,340.73456032988844,32.36713828344292
usb000gasz,2013-04-18 17:59:50.110000+00:00,2013,4,2013-04,4.6,"13 km SSE of San Antonio, Honduras",Nicaragua,NIC,199.97601988208032,73.41039996469894
usb000gcjh,2013-04-20 08:55:42.490000+00:00,2013,4,2013-04,4.5,"94 km SSW of Puerto El Triunfo, El Salvador",Nicaragua,NIC,148.78963756219432,84.50986485756755
usb000gcsq,2013-04-20 19:28:30.290000+00:00,2013,4,2013-04,4.5,"76 km SSW of Puerto El Triunfo, El Salvador",Nicaragua,NIC,133.76071471218626,91.10501805462853
usb000gd3b,2013-04-21 07:46:44.230000+00:00,2013,4,2013-04,4.7,"4 km ENE of San Juan Pueblo, Honduras",Nicaragua,NIC,216.425257465247,75.86448686851914
usb000gd9b,2013-04-21 23:59:32+00:00,2013,4,2013-04,4.8,"140 km SSW of Puerto El Triunfo, El Salvador",Nicaragua,NIC,177.6054559955034,103.35575231933807
usb000gdg8,2013-04-22 11:20:12.750000+00:00,2013,4,2013-04,4.5,"124 km SW of Acajutla, El Salvador",Nicaragua,NIC,326.79744288077666,34.70310779759454
usb000geq5,2013-04-24 02:04:21.430000+00:00,2013,4,2013-04,4.7,"6 km NNW of San Antonio, Honduras",Nicaragua,NIC,193.14723168188078,85.22874930941663
usp000k0dk,2013-04-24 02:05:11.680000+00:00,2013,4,2013-04,4.8,"6 km WNW of San José, Honduras",Nicaragua,NIC,189.06868587428252,97.59837013218552
usp000k0dn,2013-04-24 02:15:51.040000+00:00,2013,4,2013-04,4.5,"8 km SSW of San Antonio, Honduras",Nicaragua,NIC,207.98202199203251,62.85976854406131
usb000gesv,2013-04-24 07:35:32.670000+00:00,2013,4,2013-04,4.5,"7 km SE of Matina, Costa Rica",Nicaragua,NIC,99.41604376643785,108.173480616366
us2013pkaj,2013-04-25 16:01:28.400000+00:00,2013,4,2013-04,4.5,"41 km WNW of Sardinal, Costa Rica",Nicaragua,NIC,62.6295074692386,130.01748246194708
us2013pmae,2013-04-27 06:01:39.270000+00:00,2013,4,2013-04,4.5,"27 km E of Bijagua, Costa Rica",Nicaragua,NIC,30.27758646324683,152.84564056366077
usp000k0h0,2013-05-01 03:22:20.340000+00:00,2013,5,2013-05,4.5,"16 km NW of Golfito, Costa Rica",Nicaragua,NIC,238.27326794395012,54.02517380539842
us2013pvad,2013-05-05 00:42:24.850000+00:00,2013,5,2013-05,4.7,"6 km S of San Antonio, Honduras",Nicaragua,NIC,208.2753974638807,79.01976264271654
usc000gtil,2013-05-10 20:49:27.560000+00:00,2013,5,2013-05,5.1,"26 km SW of Nueva Concepción, Guatemala",Nicaragua,NIC,441.39414211086256,39.041347490244476
usc000gulu,2013-05-12 07:29:59.440000+00:00,2013,5,2013-05,5.8,"75 km SSW of La Gomera, Guatemala",Nicaragua,NIC,415.20891221435824,99.62889257428735
usb000gy7y,2013-05-18 08:00:43.290000+00:00,2013,5,2013-05,4.6,"164 km SW of Río Grande, Panama",Nicaragua,NIC,489.77338212831717,17.237354518273758
usb000h700,2013-05-27 09:41:14.560000+00:00,2013,5,2013-05,5.7,"8 km SSW of Guabito, Panama",Nicaragua,NIC,194.32343212073317,267.9365917124833
usb000hbq1,2013-06-02 00:58:44.880000+00:00,2013,6,2013-06,5.0,"96 km WSW of Jiquilillo, Nicaragua",Nicaragua,NIC,89.96936346625917,201.66661540120901
usc000hjjz,2013-06-08 23:58:21+00:00,2013,6,2013-06,4.7,"92 km WSW of Sardinal, Costa Rica",Nicaragua,NIC,119.29145083197024,123.2996676090303
usc000hmir,2013-06-12 07:54:42.180000+00:00,2013,6,2013-06,4.6,"31 km SW of Nueva Concepción, Guatemala",Nicaragua,NIC,446.30358775690405,21.42220016294786
usc000hrhf,2013-06-15 13:08:42+00:00,2013,6,2013-06,4.5,"59 km SW of Puerto El Triunfo, El Salvador",Nicaragua,NIC,135.51943849860237,90.30738741291921
us2013rlal,2013-06-15 14:00:01.200000+00:00,2013,6,2013-06,4.6,"59 km S of Champerico, Guatemala",Nicaragua,NIC,482.10605033947996,17.91100739627345
usc000hrnr,2013-06-15 17:34:27.810000+00:00,2013,6,2013-06,6.5,"44 km W of Masachapa, Nicaragua",Nicaragua,NIC,39.09930820583721,1462.5035569439224
us2013rlaw,2013-06-15 17:59:03.260000+00:00,2013,6,2013-06,4.8,"49 km W of Masachapa, Nicaragua",Nicaragua,NIC,40.58232942304778,205.0579405575991
usp000k19c,2013-06-15 17:59:32.060000+00:00,2013,6,2013-06,4.9,"65 km W of Masachapa, Nicaragua",Nicaragua,NIC,50.8022759290466,218.61716568101303
usc000hrq4,2013-06-15 18:10:42.020000+00:00,2013,6,2013-06,5.0,"49 km W of Masachapa, Nicaragua",Nicaragua,NIC,41.51727453720367,256.9486757758346
us2013rla5,2013-06-15 18:50:09.190000+00:00,2013,6,2013-06,4.5,"58 km W of Masachapa, Nicaragua",Nicaragua,NIC,51.14700204494033,137.70055676040866
usc000hrzf,2013-06-16 01:04:01.570000+00:00,2013,6,2013-06,4.6,"58 km WSW of Corinto, Nicaragua",Nicaragua,NIC,56.35443952743246,150.53167335748995
usc000hsp7,2013-06-17 15:12:54.120000+00:00,2013,6,2013-06,5.0,"54 km W of Masachapa, Nicaragua",Nicaragua,NIC,40.99572808011794,257.6196035531591
usc000hy0j,2013-06-22 12:05:00.400000+00:00,2013,6,2013-06,5.1,"76 km SSW of Quebrada de Piedra, Panama",Nicaragua,NIC,417.40732045414046,44.01609598499896
usc000hy59,2013-06-22 17:35:31.790000+00:00,2013,6,2013-06,4.8,"11 km SW of Monjas, Guatemala",Nicaragua,NIC,304.6200472212932,54.76788527712031
usc000hyjq,2013-06-23 20:00:37.800000+00:00,2013,6,2013-06,5.4,"3 km W of Nicoya, Costa Rica",Nicaragua,NIC,105.70841782953175,295.4316957095514
usp000k1rr,2013-07-06 07:55:41.060000+00:00,2013,7,2013-07,4.6,"45 km W of Punta de Burica, Panama",Nicaragua,NIC,315.92673371461217,41.112493167023665
usb000i8nx,2013-07-08 02:52:42.840000+00:00,2013,7,2013-07,5.7,"27 km SE of La Libertad, El Salvador",Nicaragua,NIC,170.00749584111963,302.57525876308716
usb000idxu,2013-07-14 00:00:03.710000+00:00,2013,7,2013-07,4.5,"71 km S of Masachapa, Nicaragua",Nicaragua,NIC,61.41858620236873,130.80707505891763
usb000iec7,2013-07-15 06:27:42.520000+00:00,2013,7,2013-07,5.1,"130 km S of La Libertad, El Salvador",Nicaragua,NIC,202.73703731847527,128.75441117913428
usb000ih4f,2013-07-18 19:48:13.160000+00:00,2013,7,2013-07,4.8,"29 km SW of La Gomera, Guatemala",Nicaragua,NIC,415.6194373646451,31.440819613801605
usb000iv1x,2013-08-03 22:18:28.520000+00:00,2013,8,2013-08,4.6,"51 km SSW of La Libertad, El Salvador",Nicaragua,NIC,204.5727978408049,71.74238557961914
usb000iw7z,2013-08-06 05:57:42.780000+00:00,2013,8,2013-08,5.6,"29 km WSW of Tiquisate, Guatemala",Nicaragua,NIC,456.60561500059293,64.34184424049164
usb000iwaj,2013-08-06 06:54:40.890000+00:00,2013,8,2013-08,4.8,"88 km SW of Corinto, Nicaragua",Nicaragua,NIC,88.51000180197094,161.36263350219443
usb000izgr,2013-08-09 13:25:42.240000+00:00,2013,8,2013-08,4.7,"62 km SW of Puerto El Triunfo, El Salvador",Nicaragua,NIC,137.71582232139804,112.44855823423205
usb000j00s,2013-08-09 20:57:16+00:00,2013,8,2013-08,4.5,"34 km SW of Tiquisate, Guatemala",Nicaragua,NIC,457.4460830786908,18.057950231459643
usb000j0zb,2013-08-12 05:18:59.240000+00:00,2013,8,2013-08,5.5,"141 km W of Sardinal, Costa Rica",Nicaragua,NIC,144.5627521318558,272.95180607424925
usb000j4ia,2013-08-16 00:56:35.290000+00:00,2013,8,2013-08,4.9,"91 km SSW of Nueva Concepción, Guatemala",Nicaragua,NIC,449.21108002937353,29.822945417709846
usb000j5ra,2013-08-17 23:45:41.270000+00:00,2013,8,2013-08,4.9,"14 km NNE of Jiquilillo, Nicaragua",Nicaragua,NIC,0.0,281.8382931264455
usb000jbep,2013-08-24 18:59:06.800000+00:00,2013,8,2013-08,4.6,"11 km SSE of Nueva Esperanza, Honduras",Nicaragua,NIC,186.1243315613296,78.67489088801439
usb000jbke,2013-08-25 03:08:39.550000+00:00,2013,8,2013-08,4.5,"62 km SSW of Champerico, Guatemala",Nicaragua,NIC,496.5705293722354,14.849464624482723
usb000jeks,2013-09-01 06:28:44.140000+00:00,2013,9,2013-09,4.6,"29 km SSW of Daniel Flores, Costa Rica",Nicaragua,NIC,181.40239263458102,80.55448201452396
usb000jigi,2013-09-05 12:29:15.330000+00:00,2013,9,2013-09,5.9,"50 km W of Sardinal, Costa Rica",Nicaragua,NIC,67.88325355381271,634.736375858621
usb000jii3,2013-09-05 14:16:35.540000+00:00,2013,9,2013-09,4.6,"66 km WSW of Sardinal, Costa Rica",Nicaragua,NIC,96.32508144242463,123.26300279070236
usb000jja1,2013-09-05 22:34:11.920000+00:00,2013,9,2013-09,4.7,"64 km WSW of Sardinal, Costa Rica",Nicaragua,NIC,97.62204775917891,137.40939160434033
usb000jjbq,2013-09-05 23:54:22.090000+00:00,2013,9,2013-09,4.9,off the coast of Costa Rica,Nicaragua,NIC,79.4912201467336,189.40306761348776
usb000jkn0,2013-09-07 00:20:39.090000+00:00,2013,9,2013-09,5.4,"19 km SSW of Champerico, Guatemala",Nicaragua,NIC,498.83803801420237,41.37966435558166
usb000jlu0,2013-09-09 00:40:06.630000+00:00,2013,9,2013-09,4.9,"29 km SSE of Acajutla, El Salvador",Nicaragua,NIC,235.7005925083543,86.73266010169502
usc000jsj8,2013-09-12 13:03:07.460000+00:00,2013,9,2013-09,5.2,"70 km SW of Acajutla, El Salvador",Nicaragua,NIC,293.85604566384353,91.60089235187239
usb000jz8d,2013-09-22 12:49:32.440000+00:00,2013,9,2013-09,4.5,"33 km NW of Portobelo, Panama",Nicaragua,NIC,438.99518258872376,19.803140699195744
usb000jxki,2013-09-22 14:45:45.870000+00:00,2013,9,2013-09,4.7,"79 km W of Sardinal, Costa Rica",Nicaragua,NIC,95.1515571379628,139.1172611437194
usb000k2b7,2013-09-23 07:14:53.160000+00:00,2013,9,2013-09,4.5,"63 km SSW of Sámara, Costa Rica",Nicaragua,NIC,192.9923759331919,67.75204064791573
usb000jyge,2013-09-24 03:41:56.420000+00:00,2013,9,2013-09,4.5,"3 km SSE of La Esperanza, Panama",Nicaragua,NIC,290.9161784779831,41.52250489366235
usb000kctu,2013-10-14 13:06:58.500000+00:00,2013,10,2013-10,4.6,"15 km WSW of Tola, Nicaragua",Nicaragua,NIC,3.9212103743385334,195.65240912336213
usb000keem,2013-10-16 03:29:38.660000+00:00,2013,10,2013-10,4.8,"48 km S of Puerto El Triunfo, El Salvador",Nicaragua,NIC,90.55836808338005,159.71841887147167
usc000knsf,2013-10-26 22:34:36.310000+00:00,2013,10,2013-10,4.5,"2 km NW of El Palmar, Panama",Nicaragua,NIC,292.92180267289854,41.10819304811371
usc000kp4q,2013-10-27 15:28:20.090000+00:00,2013,10,2013-10,5.1,Panama-Costa Rica border region,Nicaragua,NIC,316.3026794884416,72.97220313730165
usb000krel,2013-11-01 22:57:30.080000+00:00,2013,11,2013-11,4.7,"2 km N of Patzicía, Guatemala",Nicaragua,NIC,410.1148098803583,28.803615548307445
usb000ksak,2013-11-04 08:10:54.910000+00:00,2013,11,2013-11,4.5,"33 km WSW of Corinto, Nicaragua",Nicaragua,NIC,32.544123950615884,151.12326668909222
usb000kvkr,2013-11-10 21:43:23.550000+00:00,2013,11,2013-11,4.8,"66 km SW of Masachapa, Nicaragua",Nicaragua,NIC,66.9922352234532,179.69177950225557
usb000l65t,2013-11-25 09:55:02.450000+00:00,2013,11,2013-11,4.9,"82 km SSW of Nueva Concepción, Guatemala",Nicaragua,NIC,444.5302028301382,30.529165227727823
usb000l82l,2013-11-29 16:01:57.850000+00:00,2013,11,2013-11,4.8,"38 km SSW of El Rosario, El Salvador",Nicaragua,NIC,160.50466496991578,112.58189342016416
usc000lhhc,2013-12-10 17:28:32.080000+00:00,2013,12,2013-12,4.8,"13 km NW of Liberia, Costa Rica",Nicaragua,NIC,44.636659230083275,200.94292791829733
usc000lhkq,2013-12-10 20:19:42.680000+00:00,2013,12,2013-12,4.7,"100 km SSW of Puerto El Triunfo, El Salvador",Nicaragua,NIC,137.54879451384568,112.54250763990113
usc000ljv7,2013-12-13 04:45:11.460000+00:00,2013,12,2013-12,5.6,"40 km S of El Rosario, El Salvador",Nicaragua,NIC,157.72598011211448,286.7493128942798
usc000llbq,2013-12-16 04:59:11.700000+00:00,2013,12,2013-12,4.7,"9 km NW of Jucuapa, El Salvador",Nicaragua,NIC,110.72748167641544,128.69400858198767
usc000ln60,2013-12-19 03:05:06.830000+00:00,2013,12,2013-12,4.9,"26 km WSW of Puerto Armuelles, Panama",Nicaragua,NIC,296.723386469339,63.92538510527052
usc000lpam,2013-12-21 01:39:34.610000+00:00,2013,12,2013-12,4.6,"66 km S of Sámara, Costa Rica",Nicaragua,NIC,199.35596991274198,73.63834370463313
usc000lpk9,2013-12-21 18:19:48.120000+00:00,2013,12,2013-12,4.5,near the coast of Nicaragua,Nicaragua,NIC,0.0,177.82794100389228
usc000lpya,2013-12-22 11:57:36.210000+00:00,2013,12,2013-12,4.5,"108 km WSW of Jiquilillo, Nicaragua",Nicaragua,NIC,103.41125271677878,106.03404222852154
usc000lq3f,2013-12-22 22:52:14.590000+00:00,2013,12,2013-12,4.6,"1 km N of Sabanilla, Costa Rica",Nicaragua,NIC,78.23243635986066,134.9336980291912
usc000lq45,2013-12-22 23:30:29+00:00,2013,12,2013-12,4.6,"53 km SW of Acajutla, El Salvador",Nicaragua,NIC,277.4309270821523,49.8386645050709
usc000lqwn,2013-12-24 15:05:33.080000+00:00,2013,12,2013-12,4.5,"90 km S of La Libertad, El Salvador",Nicaragua,NIC,167.76020184451053,76.86229544874978
usc000lr22,2013-12-24 20:08:57.320000+00:00,2013,12,2013-12,4.6,"111 km SW of Jiquilillo, Nicaragua",Nicaragua,NIC,112.26237250716879,113.8217753981799
usb000m2vy,2014-01-01 13:03:18.840000+00:00,2014,1,2014-01,4.6,"88 km SSW of Masachapa, Nicaragua",Nicaragua,NIC,82.10277843238447,132.34760356703194
usc000lvmt,2014-01-02 15:19:45.260000+00:00,2014,1,2014-01,4.5,"28 km WSW of Tiquisate, Guatemala",Nicaragua,NIC,456.3308984849843,18.158921212519516
usc000lzbf,2014-01-09 12:27:13.340000+00:00,2014,1,2014-01,4.6,"30 km S of Acajutla, El Salvador",Nicaragua,NIC,237.683148288533,60.796363263837854
usb000m0ev,2014-01-13 23:03:41.250000+00:00,2014,1,2014-01,4.8,"34 km SE of Champerico, Guatemala",Nicaragua,NIC,462.49019914298043,24.872262518240827
usb000m3ce,2014-01-17 21:02:41+00:00,2014,1,2014-01,5.2,"27 km WSW of Jacó, Costa Rica",Nicaragua,NIC,161.67311128070403,177.39088462487567
usb000m3vm,2014-01-18 19:53:15.490000+00:00,2014,1,2014-01,4.5,"64 km S of Puerto El Triunfo, El Salvador",Nicaragua,NIC,92.94635998997725,111.72993438405949
usb000m47x,2014-01-19 10:58:13.330000+00:00,2014,1,2014-01,4.9,"49 km SSW of Puerto El Triunfo, El Salvador",Nicaragua,NIC,123.64326128776437,151.88401515776252
usc000mgzw,2014-01-19 14:29:39.920000+00:00,2014,1,2014-01,4.5,"131 km SSW of Corinto, Nicaragua",Nicaragua,NIC,131.8170703326668,91.99471296015219
usb000m6kb,2014-01-23 07:29:39+00:00,2014,1,2014-01,4.9,"51 km SSW of Puerto El Triunfo, El Salvador",Nicaragua,NIC,107.06824758110143,165.00771657527392
usb000m8ac,2014-01-26 05:04:30.750000+00:00,2014,1,2014-01,4.9,"91 km SSW of Corinto, Nicaragua",Nicaragua,NIC,88.77555111329652,180.81162116886964
usc000mdgh,2014-01-30 01:40:45.110000+00:00,2014,1,2014-01,4.6,"11 km NNW of Quepos, Costa Rica",Nicaragua,NIC,138.43651453544862,99.85939446443665
usc000mpav,2014-02-12 20:38:08.930000+00:00,2014,2,2014-02,4.7,"8 km NW of Jacó, Costa Rica",Nicaragua,NIC,136.53006086305493,113.1172243036929
usc000mri3,2014-02-16 12:48:33.480000+00:00,2014,2,2014-02,4.6,"67 km S of Puerto San José, Guatemala",Nicaragua,NIC,354.09760558042063,33.96931733934321
usc000mrlb,2014-02-16 19:22:02.170000+00:00,2014,2,2014-02,4.6,"21 km SW of Santiago, Costa Rica",Nicaragua,NIC,126.36919004286455,106.07005411211253
usc000n4fi,2014-02-20 02:07:22.280000+00:00,2014,2,2014-02,4.5,"93 km SSW of La Gomera, Guatemala",Nicaragua,NIC,428.17576191824156,20.903939826398364
usc000mz0d,2014-02-27 13:18:11.150000+00:00,2014,2,2014-02,4.5,"99 km SW of Puerto El Triunfo, El Salvador",Nicaragua,NIC,159.96847380905035,79.91584073984967
usb000mzef,2014-03-02 09:37:54.840000+00:00,2014,3,2014-03,6.2,"33 km SW of Jiquilillo, Nicaragua",Nicaragua,NIC,32.76492672817117,1068.6902952967444
usb000n1dt,2014-03-02 09:41:23.630000+00:00,2014,3,2014-03,5.0,"53 km SW of Jiquilillo, Nicaragua",Nicaragua,NIC,53.82289499155533,241.61565412547077
usb000mzhn,2014-03-02 15:36:56.200000+00:00,2014,3,2014-03,4.5,"3 km S of Nicoya, Costa Rica",Nicaragua,NIC,107.81842637118663,103.72304595990725
usb000n078,2014-03-03 20:34:01.900000+00:00,2014,3,2014-03,4.5,"50 km WSW of Masachapa, Nicaragua",Nicaragua,NIC,48.463580031991064,139.56055025240158
usc000n3lw,2014-03-05 21:15:53.280000+00:00,2014,3,2014-03,4.7,"8 km ENE of Hojancha, Costa Rica",Nicaragua,NIC,106.05436166794674,131.73642686229354
usc000nz7m,2014-03-10 15:26:40.660000+00:00,2014,3,2014-03,4.5,"58 km SSW of La Gomera, Guatemala",Nicaragua,NIC,402.7488650506836,23.7378811761509
usc000n6ry,2014-03-10 18:01:00+00:00,2014,3,2014-03,4.5,"18 km E of Nandayure, Costa Rica",Nicaragua,NIC,103.0922783327881,106.20328787171826
usc000n7g1,2014-03-11 06:39:53.930000+00:00,2014,3,2014-03,4.6,"72 km WSW of Masachapa, Nicaragua",Nicaragua,NIC,69.67623164920938,140.83155849400245
usc000na10,2014-03-13 05:45:22.270000+00:00,2014,3,2014-03,4.6,"30 km WSW of Jiquilillo, Nicaragua",Nicaragua,NIC,27.04810430915557,174.28731836104114
usc000nbvl,2014-03-14 19:24:40.610000+00:00,2014,3,2014-03,4.6,"26 km SSE of Puerto El Triunfo, El Salvador",Nicaragua,NIC,85.92245934568747,129.84395939503534
usc000nss5,2014-03-17 06:27:18.240000+00:00,2014,3,2014-03,4.5,"132 km WSW of Masachapa, Nicaragua",Nicaragua,NIC,134.6591183526793,90.69669044931939
usc000nex7,2014-03-17 22:38:09.420000+00:00,2014,3,2014-03,4.6,"150 km SSW of Acajutla, El Salvador",Nicaragua,NIC,301.05663939526886,44.28573060438663
usc000nh33,2014-03-19 17:31:22+00:00,2014,3,2014-03,4.6,"107 km S of La Libertad, El Salvador",Nicaragua,NIC,208.2012876411666,70.45253887605276
usc000nimh,2014-03-20 17:04:47+00:00,2014,3,2014-03,4.8,"37 km SSW of Acajutla, El Salvador",Nicaragua,NIC,252.58466459319627,71.04268547186136
usc000niqv,2014-03-20 17:55:52.310000+00:00,2014,3,2014-03,5.0,"73 km WSW of Masachapa, Nicaragua",Nicaragua,NIC,71.97324474754568,220.65414230835495
usc000nus9,2014-03-20 17:58:09.620000+00:00,2014,3,2014-03,4.6,"123 km WSW of Masachapa, Nicaragua",Nicaragua,NIC,125.2691781495935,106.65505300696755
usc000nmvs,2014-03-24 11:24:42.420000+00:00,2014,3,2014-03,4.5,"42 km WSW of Masachapa, Nicaragua",Nicaragua,NIC,40.05363206085901,145.55416697285264
usc000ntt2,2014-03-27 20:36:12+00:00,2014,3,2014-03,4.7,"55 km SSW of Puerto El Triunfo, El Salvador",Nicaragua,NIC,127.7645365282837,118.18512912059008
usc000numx,2014-03-28 14:36:08.080000+00:00,2014,3,2014-03,5.6,"15 km SSW of Masachapa, Nicaragua",Nicaragua,NIC,13.83795192614025,588.7775867759917
usc000nvgq,2014-03-28 23:16:03.710000+00:00,2014,3,2014-03,4.6,"36 km SW of Jiquilillo, Nicaragua",Nicaragua,NIC,36.13661380573617,166.54451730054222
usc000p11f,2014-04-02 16:13:26.720000+00:00,2014,4,2014-04,6.0,"33 km SSW of Boca Chica, Panama",Nicaragua,NIC,355.2619739450291,169.26159359294607
usc000p7k1,2014-04-06 13:04:10.580000+00:00,2014,4,2014-04,4.7,"42 km SSW of Champerico, Guatemala",Nicaragua,NIC,494.6178549454534,18.877782355017867
usc000pdl7,2014-04-09 23:55:41.170000+00:00,2014,4,2014-04,4.9,"4 km NW of Barberena, Guatemala",Nicaragua,NIC,340.21260412320316,51.43250971319044
usd0003cqx,2014-04-10 23:27:45.600000+00:00,2014,4,2014-04,6.1,"16 km SW of Valle San Francisco, Nicaragua",Nicaragua,NIC,0.0,1122.018454301963
usb000qprz,2014-04-10 23:35:03.440000+00:00,2014,4,2014-04,4.6,"19 km N of Ciudad Sandino, Nicaragua",Nicaragua,NIC,0.0,199.52623149688787
usb000qprv,2014-04-10 23:37:24.050000+00:00,2014,4,2014-04,4.6,"18 km SSW of Valle San Francisco, Nicaragua",Nicaragua,NIC,0.0,199.52623149688787
usc000pfgu,2014-04-11 00:01:23.640000+00:00,2014,4,2014-04,5.3,"13 km WSW of Ciudad Sandino, Nicaragua",Nicaragua,NIC,0.0,446.683592150963
usc000pgsi,2014-04-11 20:29:12.970000+00:00,2014,4,2014-04,6.6,"15 km N of Belén, Nicaragua",Nicaragua,NIC,0.0,1995.2623149688789
usc000pjk9,2014-04-14 05:07:03.120000+00:00,2014,4,2014-04,5.2,"3 km WNW of Managua, Nicaragua",Nicaragua,NIC,0.0,398.1071705534973
usb000plc9,2014-04-15 15:57:45.600000+00:00,2014,4,2014-04,4.6,"110 km SW of Jiquilillo, Nicaragua",Nicaragua,NIC,111.33397767219665,114.3513613513178
usb000pmdg,2014-04-16 13:37:14.510000+00:00,2014,4,2014-04,4.8,"3 km WSW of Divalá, Panama",Nicaragua,NIC,289.25303613879936,59.141864599298394
usb000pr8b,2014-04-19 13:36:14.330000+00:00,2014,4,2014-04,4.7,"3 km WSW of San Andrés, Panama",Nicaragua,NIC,269.36490484444215,58.22125209256943
usb000prek,2014-04-19 17:33:30.480000+00:00,2014,4,2014-04,4.5,"5 km SSW of Nueva Concepción, Guatemala",Nicaragua,NIC,427.84368628827616,20.938677101857518
usb000q4xb,2014-04-30 06:09:06.390000+00:00,2014,4,2014-04,4.5,"53 km SSW of Acajutla, El Salvador",Nicaragua,NIC,258.07426357562457,48.93266362878899
usb000q52m,2014-04-30 09:52:16.780000+00:00,2014,4,2014-04,5.0,"80 km SSE of Punta de Burica, Panama",Nicaragua,NIC,404.3895588268091,41.86771221536387
usb000q6ap,2014-05-01 13:25:28.240000+00:00,2014,5,2014-05,4.8,"2 km SE of Valle San Francisco, Nicaragua",Nicaragua,NIC,0.0,251.18864315095797
usb000qa5q,2014-05-05 04:03:38.680000+00:00,2014,5,2014-05,4.5,"103 km S of Acajutla, El Salvador",Nicaragua,NIC,253.656330910932,50.02559651226905
usb000qi67,2014-05-11 22:38:41.930000+00:00,2014,5,2014-05,4.5,"59 km SW of Nueva Concepción, Guatemala",Nicaragua,NIC,452.67239593772354,18.494150253125962
usb000qk64,2014-05-13 06:35:24.240000+00:00,2014,5,2014-05,6.5,"110 km SE of Punta de Burica, Panama",Nicaragua,NIC,432.0672544410098,205.01133699534424
usb000qljz,2014-05-13 21:59:04.910000+00:00,2014,5,2014-05,4.6,"80 km SE of Punta de Burica, Panama",Nicaragua,NIC,400.4247699717031,26.945649722980804
usb000qlvl,2014-05-14 05:28:24.460000+00:00,2014,5,2014-05,5.2,"61 km S of Boca Chica, Panama",Nicaragua,NIC,383.71599660186695,58.44822144365801
usb000qm11,2014-05-14 09:46:14.720000+00:00,2014,5,2014-05,5.3,"86 km SE of Punta de Burica, Panama",Nicaragua,NIC,408.2233132828174,58.01687578410355
usb000qmmp,2014-05-14 17:29:43.370000+00:00,2014,5,2014-05,4.5,"46 km SW of Puerto El Triunfo, El Salvador",Nicaragua,NIC,127.87846652909371,93.8243227332543
usc000rag1,2014-05-15 05:07:19.790000+00:00,2014,5,2014-05,4.5,"142 km SSE of Punta de Burica, Panama",Nicaragua,NIC,466.8686546975689,17.226918435249626
usb000qs8f,2014-05-17 05:11:44+00:00,2014,5,2014-05,4.5,"43 km WSW of Jiquilillo, Nicaragua",Nicaragua,NIC,39.153329134220584,146.2108581289152
usb000qvbi,2014-05-19 19:27:23.690000+00:00,2014,5,2014-05,4.7,"0 km NNW of Aguacatán, Guatemala",Nicaragua,NIC,488.0047589660329,19.512419762116984
usc000rc27,2014-05-20 16:22:55.590000+00:00,2014,5,2014-05,4.5,"88 km SSW of Jiquilillo, Nicaragua",Nicaragua,NIC,86.48147983087178,115.4005430746293
usb000r13u,2014-05-23 13:20:35.860000+00:00,2014,5,2014-05,4.5,"25 km SW of Corinto, Nicaragua",Nicaragua,NIC,24.305066746095942,157.47884401137154
usb000r3r1,2014-05-25 22:36:20.810000+00:00,2014,5,2014-05,5.0,"48 km S of Puerto San José, Guatemala",Nicaragua,NIC,355.9999306319484,53.32808307228935
usc000ra0c,2014-06-02 03:46:17.320000+00:00,2014,6,2014-06,4.5,"6 km ESE of Oratorio, Guatemala",Nicaragua,NIC,306.70423144326134,38.37074429932511
usc000rav1,2014-06-04 13:06:52.910000+00:00,2014,6,2014-06,4.5,"100 km SSW of Masachapa, Nicaragua",Nicaragua,NIC,98.40012250490003,108.72435724453277
usc000rcpd,2014-06-08 06:38:52.560000+00:00,2014,6,2014-06,4.5,"49 km SSW of Masachapa, Nicaragua",Nicaragua,NIC,45.91727204875334,141.34872995521079
usc000rmkv,2014-06-12 20:27:24.290000+00:00,2014,6,2014-06,4.5,"62 km SSW of La Gomera, Guatemala",Nicaragua,NIC,406.7445713725723,23.268339164407244
usc000rf0w,2014-06-13 12:26:32.670000+00:00,2014,6,2014-06,5.0,"14 km E of Nueva Concepción, Guatemala",Nicaragua,NIC,413.2800769837543,40.04734373387223
usc000rg36,2014-06-16 13:26:46.720000+00:00,2014,6,2014-06,5.3,"103 km SSE of San Andrés, Colombia",Nicaragua,NIC,192.79531838874675,170.3531958613089
usc000rgjh,2014-06-17 07:28:16.780000+00:00,2014,6,2014-06,4.5,"7 km SSE of Belén, Costa Rica",Nicaragua,NIC,84.91146805409414,116.31000914373247
usc000rjup,2014-06-22 00:26:54.360000+00:00,2014,6,2014-06,4.7,"5 km NNW of San Lucas Tolimán, Guatemala",Nicaragua,NIC,433.41059987295534,25.636624385951457
usc000rk6x,2014-06-23 07:43:26.630000+00:00,2014,6,2014-06,4.5,"17 km ENE of Limones, Panama",Nicaragua,NIC,313.8325324323781,37.02723774461497
usc000rlsl,2014-06-25 10:44:23.430000+00:00,2014,6,2014-06,4.5,"78 km SW of Masachapa, Nicaragua",Nicaragua,NIC,80.38255144181622,118.97384773512569
usc000rmq4,2014-06-27 11:38:18.550000+00:00,2014,6,2014-06,4.6,"66 km SW of Masachapa, Nicaragua",Nicaragua,NIC,67.9088345724909,142.08160008271088
usc000rn9a,2014-06-28 08:15:48.360000+00:00,2014,6,2014-06,4.8,"74 km SW of Masachapa, Nicaragua",Nicaragua,NIC,75.35783419218419,172.33065639438152
usc000rqyh,2014-07-06 11:42:45.170000+00:00,2014,7,2014-07,5.0,"10 km S of Cañas, Costa Rica",Nicaragua,NIC,71.84993301452337,220.79023048064772
usb000rx4h,2014-07-15 18:56:08.450000+00:00,2014,7,2014-07,4.8,south of Panama,Nicaragua,NIC,379.69716462983,37.6268691423292
usb000rukz,2014-07-19 16:26:25.200000+00:00,2014,7,2014-07,4.7,"105 km S of La Libertad, El Salvador",Nicaragua,NIC,193.00191333485208,85.29069831735463
usb000rxie,2014-07-26 05:49:51.990000+00:00,2014,7,2014-07,4.5,"1 km ENE of Tobosi, Costa Rica",Nicaragua,NIC,98.91422150324965,108.44524071626091
usb000s08z,2014-08-05 04:11:06.280000+00:00,2014,8,2014-08,4.6,"20 km NNW of Cárdenas, Nicaragua",Nicaragua,NIC,0.0,199.52623149688787
usb000s57a,2014-08-22 02:07:08.160000+00:00,2014,8,2014-08,4.9,"53 km SSW of Intipucá, El Salvador",Nicaragua,NIC,58.10426204590373,210.77941658286713
usc000s7ku,2014-08-28 08:27:41.360000+00:00,2014,8,2014-08,5.2,"18 km SSE of Champerico, Guatemala",Nicaragua,NIC,484.8980343269406,35.241736285216184
usc000s89k,2014-08-30 10:31:44.160000+00:00,2014,8,2014-08,4.6,"19 km SW of Morrito, Nicaragua",Nicaragua,NIC,0.0,199.52623149688787
usc000s8fq,2014-08-31 10:01:41.150000+00:00,2014,8,2014-08,5.1,"38 km SSE of Quepos, Costa Rica",Nicaragua,NIC,178.1712771197679,145.58143220064588
usc000s8h5,2014-08-31 13:48:46.580000+00:00,2014,8,2014-08,4.7,"81 km SW of Jiquilillo, Nicaragua",Nicaragua,NIC,80.08003663025828,150.00592381023776
usc000s8h6,2014-08-31 13:55:02.620000+00:00,2014,8,2014-08,4.6,"32 km SSW of Puerto El Triunfo, El Salvador",Nicaragua,NIC,107.53597062914271,116.54364764553434
usc000s8nh,2014-09-01 09:07:13.890000+00:00,2014,9,2014-09,4.6,"89 km SW of Jiquilillo, Nicaragua",Nicaragua,NIC,88.56642797791102,128.1387388248883
usc000s8uk,2014-09-02 00:41:14.320000+00:00,2014,9,2014-09,4.5,"51 km SW of Puerto San José, Guatemala",Nicaragua,NIC,385.0776012644391,25.93072224778269
usc000s98a,2014-09-03 10:01:05.110000+00:00,2014,9,2014-09,5.2,"44 km S of Bodden Town, Cayman Islands",Nicaragua,NIC,494.93533193526724,33.51672547364153
usc000s9tf,2014-09-03 23:34:14.060000+00:00,2014,9,2014-09,5.2,"45 km S of Bodden Town, Cayman Islands",Nicaragua,NIC,492.96558768566604,33.84845322567005
usb000sa6p,2014-09-07 16:26:34+00:00,2014,9,2014-09,4.5,"47 km SSW of Jucuarán, El Salvador",Nicaragua,NIC,75.90759652929597,121.6658650898557
usb000sarb,2014-09-09 16:08:01.310000+00:00,2014,9,2014-09,4.6,"3 km NW of Puntarenas, Costa Rica",Nicaragua,NIC,107.18741006039008,116.7469373415483
usb000sbay,2014-09-11 08:26:24.040000+00:00,2014,9,2014-09,4.5,"42 km SSW of La Gomera, Guatemala",Nicaragua,NIC,396.8876046735071,24.44384475264992
usb000sd2t,2014-09-16 16:49:35.590000+00:00,2014,9,2014-09,5.1,"61 km S of Boca Chica, Panama",Nicaragua,NIC,383.01282674879275,52.275502264593904
usb000sgbd,2014-09-16 16:52:57.150000+00:00,2014,9,2014-09,4.6,"80 km SSE of Punta de Burica, Panama",Nicaragua,NIC,404.4983053020297,26.40238078605531
usb000sdbv,2014-09-17 04:50:45.260000+00:00,2014,9,2014-09,4.6,"77 km SW of San Juan del Sur, Nicaragua",Nicaragua,NIC,77.19131195315671,135.63794328770175
usb000sdy5,2014-09-18 13:14:17.530000+00:00,2014,9,2014-09,5.1,"62 km SSW of San Juan del Sur, Nicaragua",Nicaragua,NIC,57.884252922068875,265.6476276571435
usb000seh7,2014-09-20 13:08:06.310000+00:00,2014,9,2014-09,4.5,"98 km W of Sardinal, Costa Rica",Nicaragua,NIC,98.89810656417852,108.45397901053235
usb000shrd,2014-09-21 14:43:56.450000+00:00,2014,9,2014-09,4.5,"86 km NNW of Coclé del Norte, Panama",Nicaragua,NIC,341.8103414959742,32.193505889400726
usb000sffq,2014-09-24 04:43:30.520000+00:00,2014,9,2014-09,4.8,"192 km S of Puerto El Triunfo, El Salvador",Nicaragua,NIC,197.2954513937639,93.6652228577619
usb000sfiy,2014-09-24 10:45:38.640000+00:00,2014,9,2014-09,4.7,"96 km SSW of Puerto El Triunfo, El Salvador",Nicaragua,NIC,143.98896889378764,108.97626694446095
usb000sfu3,2014-09-25 09:23:13.230000+00:00,2014,9,2014-09,4.6,"42 km W of Sardinal, Costa Rica",Nicaragua,NIC,68.49357558525655,141.66680205809095
usb000shnp,2014-10-01 10:58:25.710000+00:00,2014,10,2014-10,4.8,"113 km SSW of Chirilagua, El Salvador",Nicaragua,NIC,115.32516437378489,141.11545728742533
usb000shnz,2014-10-01 11:47:01.640000+00:00,2014,10,2014-10,4.6,"105 km SSW of Chirilagua, El Salvador",Nicaragua,NIC,107.18837114019085,116.74637632727985
usb000shqq,2014-10-01 15:01:33.190000+00:00,2014,10,2014-10,4.8,"93 km SSW of Intipucá, El Salvador",Nicaragua,NIC,91.473126915649,158.9895677778217
usb000sisc,2014-10-04 16:07:40.970000+00:00,2014,10,2014-10,4.5,"6 km ENE of San Sebastián, El Salvador",Nicaragua,NIC,153.35976059632887,82.60065879776214
usb000sjf4,2014-10-07 04:28:55.660000+00:00,2014,10,2014-10,5.1,"4 km SSW of Moyogalpa, Nicaragua",Nicaragua,NIC,0.0,354.8133892335753
usb000sjtz,2014-10-08 05:40:58.850000+00:00,2014,10,2014-10,4.8,"125 km WSW of San Juan del Sur, Nicaragua",Nicaragua,NIC,121.86252800046825,136.57741315155306
usb000skkx,2014-10-10 06:22:57+00:00,2014,10,2014-10,5.0,"25 km S of Golfito, Costa Rica",Nicaragua,NIC,277.7675973261431,78.85610578470582
usb000skmp,2014-10-10 10:52:39.600000+00:00,2014,10,2014-10,4.6,"17 km SSE of Golfito, Costa Rica",Nicaragua,NIC,271.0670945150433,51.44998863114771
usb000sl3u,2014-10-11 17:34:18.770000+00:00,2014,10,2014-10,4.7,"73 km WSW of Masachapa, Nicaragua",Nicaragua,NIC,73.83709688684618,154.76215957780994
usb000sl8a,2014-10-12 06:25:25.030000+00:00,2014,10,2014-10,4.7,"18 km W of Finca Blanco, Panama",Nicaragua,NIC,277.76053199449706,55.827819838707924
usb000slwj,2014-10-14 03:31:16.440000+00:00,2014,10,2014-10,4.5,"28 km SE of Quepos, Costa Rica",Nicaragua,NIC,162.38440497696996,78.95629206439101
usb000slwn,2014-10-14 03:51:34.460000+00:00,2014,10,2014-10,7.3,"74 km S of Intipucá, El Salvador",Nicaragua,NIC,65.45068358353195,3220.146619508318
usb000slws,2014-10-14 04:01:32.070000+00:00,2014,10,2014-10,4.5,"94 km WSW of Jiquilillo, Nicaragua",Nicaragua,NIC,88.64790818916477,114.15725392817846
usb000sm19,2014-10-14 12:27:22.830000+00:00,2014,10,2014-10,4.6,"95 km WSW of Jiquilillo, Nicaragua",Nicaragua,NIC,90.07031873795184,127.17881905744227
usb000smqa,2014-10-16 05:41:06.750000+00:00,2014,10,2014-10,4.6,"19 km WNW of Finca Blanco, Panama",Nicaragua,NIC,272.4982697320613,51.083133039949615
usb000smx6,2014-10-16 16:45:32.680000+00:00,2014,10,2014-10,4.6,"147 km SSW of George Town, Cayman Islands",Nicaragua,NIC,380.9885948286966,29.69571441906988
usb000spj2,2014-10-21 19:06:05.340000+00:00,2014,10,2014-10,4.6,"90 km SSW of Chirilagua, El Salvador",Nicaragua,NIC,96.89311771845004,122.91341019351306
usb000sq7e,2014-10-23 23:05:32+00:00,2014,10,2014-10,4.9,"41 km SSW of Puerto El Triunfo, El Salvador",Nicaragua,NIC,116.01592517284242,157.78823543224507
usc000stc9,2014-11-01 12:55:30.290000+00:00,2014,11,2014-11,4.5,"67 km SSW of Champerico, Guatemala",Nicaragua,NIC,492.3863870710497,15.163398398844237
usc000sv8v,2014-11-07 01:59:19.990000+00:00,2014,11,2014-11,5.2,"33 km S of Iztapa, Guatemala",Nicaragua,NIC,341.3030690353987,72.2553156002135
usc000sv9q,2014-11-07 04:48:11.040000+00:00,2014,11,2014-11,4.6,"65 km SSW of Champerico, Guatemala",Nicaragua,NIC,494.0368243204702,16.87379104279852
usc000svrq,2014-11-08 23:14:06.760000+00:00,2014,11,2014-11,4.9,"82 km SSW of Puerto San José, Guatemala",Nicaragua,NIC,369.30676424120907,44.469326378289686
usc000sw02,2014-11-10 12:46:22.960000+00:00,2014,11,2014-11,4.7,"9 km SSW of Ciudad Sandino, Nicaragua",Nicaragua,NIC,0.0,223.872113856834
usc000sw2y,2014-11-10 18:22:35.090000+00:00,2014,11,2014-11,4.9,"77 km S of Puerto San José, Guatemala",Nicaragua,NIC,355.82106273776577,47.57122987652121
usc000swzu,2014-11-13 16:14:00.080000+00:00,2014,11,2014-11,5.2,"20 km SSE of Amapala, Honduras",Nicaragua,NIC,4.278972842502175,389.68019019261396
usc000sxg4,2014-11-15 00:15:31.640000+00:00,2014,11,2014-11,4.7,"32 km SSW of Pasaco, Guatemala",Nicaragua,NIC,307.2002908599495,48.18624053556574
usc000sxr4,2014-11-16 03:08:30.060000+00:00,2014,11,2014-11,4.7,"47 km S of Puerto San José, Guatemala",Nicaragua,NIC,355.9439004748624,37.763969724289524
usb000t10z,2014-11-16 03:09:02.010000+00:00,2014,11,2014-11,4.8,"41 km SSE of Iztapa, Guatemala",Nicaragua,NIC,331.3582466993102,47.91425166426764
usc000sxtc,2014-11-16 10:21:21.340000+00:00,2014,11,2014-11,5.2,"45 km W of Sardinal, Costa Rica",Nicaragua,NIC,68.95226496974331,282.0149029651258
usc000syqa,2014-11-19 02:05:39.750000+00:00,2014,11,2014-11,4.5,"73 km WSW of Jiquilillo, Nicaragua",Nicaragua,NIC,65.48255355616519,128.1759195033203
usb000syjh,2014-11-21 13:43:32.220000+00:00,2014,11,2014-11,4.6,"74 km SSW of Puerto San José, Guatemala",Nicaragua,NIC,394.06929485427355,27.815661896054067
usb000szex,2014-11-24 00:01:44.680000+00:00,2014,11,2014-11,4.6,"52 km S of Champerico, Guatemala",Nicaragua,NIC,489.6224327391731,17.25036926975287
usc000t3z6,2014-12-05 10:17:42.790000+00:00,2014,12,2014-12,4.8,"53 km S of Puerto San José, Guatemala",Nicaragua,NIC,363.4675873899497,40.807516249137905
usc000t474,2014-12-06 01:14:54.680000+00:00,2014,12,2014-12,4.5,"141 km SW of Río Grande, Panama",Nicaragua,NIC,474.98877591184635,16.541503390273995
usc000t49v,2014-12-06 17:21:49.020000+00:00,2014,12,2014-12,6.0,"15 km ESE of Punta de Burica, Panama",Nicaragua,NIC,333.5184498228044,188.70086377502128
usc000t4ep,2014-12-07 12:11:31.220000+00:00,2014,12,2014-12,5.9,"50 km S of Nueva Concepción, Guatemala",Nicaragua,NIC,421.5091021662675,108.31899309847812
usc000t4ew,2014-12-07 14:09:22.580000+00:00,2014,12,2014-12,4.5,"51 km SSW of Nueva Concepción, Guatemala",Nicaragua,NIC,434.86913696049686,20.215927310434406
usc000t4g0,2014-12-07 19:40:59.820000+00:00,2014,12,2014-12,4.5,near the coast of Guatemala,Nicaragua,NIC,431.8281049777137,20.525662537363825
usc000t4gc,2014-12-07 21:16:35.740000+00:00,2014,12,2014-12,6.1,"61 km SSW of Nueva Concepción, Guatemala",Nicaragua,NIC,429.65846130875684,130.92075638660341
usc000t4gm,2014-12-07 22:23:12.010000+00:00,2014,12,2014-12,4.7,"67 km SSW of Nueva Concepción, Guatemala",Nicaragua,NIC,432.01964718697957,25.815542489067056
usc000t4hv,2014-12-08 04:00:22.380000+00:00,2014,12,2014-12,4.7,"66 km SSW of Nueva Concepción, Guatemala",Nicaragua,NIC,435.31634756159724,25.39349987213723
usc000t4iq,2014-12-08 08:54:52.520000+00:00,2014,12,2014-12,6.6,"22 km ESE of Punta de Burica, Panama",Nicaragua,NIC,339.9213522357807,364.6449154547436
usc000t4ld,2014-12-08 18:44:47.100000+00:00,2014,12,2014-12,5.3,"21 km E of Punta de Burica, Panama",Nicaragua,NIC,330.95519230204025,85.37681142341442
usc000t5fg,2014-12-11 01:20:40.820000+00:00,2014,12,2014-12,4.8,"63 km SSW of Nueva Concepción, Guatemala",Nicaragua,NIC,433.68555286239933,28.725248045435663
usc000t6f8,2014-12-13 23:52:46+00:00,2014,12,2014-12,4.8,"118 km SSW of Puerto El Triunfo, El Salvador",Nicaragua,NIC,153.7784385366989,116.43253778871389
usc000t6j0,2014-12-14 13:22:57.300000+00:00,2014,12,2014-12,4.7,"92 km S of Puerto El Triunfo, El Salvador",Nicaragua,NIC,123.85118067602751,120.52040385039372
usc000t6rf,2014-12-15 04:57:43.520000+00:00,2014,12,2014-12,4.6,"39 km S of Champerico, Guatemala",Nicaragua,NIC,490.6750874002555,17.15981437828457
usc000t7qe,2014-12-17 18:12:24.010000+00:00,2014,12,2014-12,4.8,"25 km S of Jiquilillo, Nicaragua",Nicaragua,NIC,16.3916088403222,231.4227626010489
usc000t8p1,2014-12-20 08:25:40.990000+00:00,2014,12,2014-12,4.5,"45 km SW of La Gomera, Guatemala",Nicaragua,NIC,414.62574442220085,22.369260943727717
usc000t8pc,2014-12-20 10:54:51.160000+00:00,2014,12,2014-12,4.5,"181 km S of Puerto El Triunfo, El Salvador",Nicaragua,NIC,190.31672178323018,68.66453598672078
usc000t8pi,2014-12-20 12:37:32.920000+00:00,2014,12,2014-12,4.8,"65 km SW of Masachapa, Nicaragua",Nicaragua,NIC,66.0684967317192,180.52364014457274
usc000ta69,2014-12-27 04:58:29.110000+00:00,2014,12,2014-12,4.5,"153 km SW of Río Grande, Panama",Nicaragua,NIC,482.41759179222913,15.938355505834634
usc000tefc,2015-01-10 06:56:10+00:00,2015,1,2015-01,4.9,"53 km W of Ciudad Cortés, Costa Rica",Nicaragua,NIC,199.61263404909113,103.88352375199098
usc000tibp,2015-01-11 16:34:55.460000+00:00,2015,1,2015-01,4.5,"17 km W of Puerto Armuelles, Panama",Nicaragua,NIC,293.4523786899242,40.999282468668376
usc000tera,2015-01-12 03:45:55.270000+00:00,2015,1,2015-01,4.6,"43 km S of Intipucá, El Salvador",Nicaragua,NIC,49.344103444558954,155.90162457997008
usb000timl,2015-01-17 09:52:29.440000+00:00,2015,1,2015-01,4.5,"136 km SSE of Punta de Burica, Panama",Nicaragua,NIC,461.1373612810525,17.72772242187305
usc000th1g,2015-01-18 23:32:57.240000+00:00,2015,1,2015-01,4.6,"106 km S of La Libertad, El Salvador",Nicaragua,NIC,182.9335252833261,79.94013863098874
usc000the9,2015-01-20 06:59:52.020000+00:00,2015,1,2015-01,5.5,"4 km NNW of San Francisco El Alto, Guatemala",Nicaragua,NIC,480.3138124588666,50.934471979826476
usc000thr5,2015-01-21 10:42:55.240000+00:00,2015,1,2015-01,4.5,"98 km S of La Libertad, El Salvador",Nicaragua,NIC,176.29128480492406,73.65264351558187
usc000tkdv,2015-01-22 21:23:40.050000+00:00,2015,1,2015-01,4.5,"60 km W of Sardinal, Costa Rica",Nicaragua,NIC,82.96281736884102,117.44878572449109
usc000tkks,2015-01-31 11:40:27.830000+00:00,2015,1,2015-01,4.6,"10 km NNE of Sinuapa, Honduras",Nicaragua,NIC,238.76275852454586,60.469065563007064
usc000tkmf,2015-01-31 18:55:43.960000+00:00,2015,1,2015-01,5.3,"35 km SSW of Punta de Burica, Panama",Nicaragua,NIC,353.3185422395281,76.34463687358998
usc000tkpf,2015-02-01 05:53:47.060000+00:00,2015,2,2015-02,4.9,"110 km S of Champerico, Guatemala",Nicaragua,NIC,476.53184148893087,26.01502538150788
usc000tl36,2015-02-02 21:31:08.910000+00:00,2015,2,2015-02,4.6,"3 km WNW of Jerez, Guatemala",Nicaragua,NIC,268.43404293849375,52.131819390321056
usc000tmvl,2015-02-06 22:02:28.120000+00:00,2015,2,2015-02,5.4,"36 km SW of Jiquilillo, Nicaragua",Nicaragua,NIC,36.23551965244252,418.1340825844809
usc000tnx9,2015-02-11 05:20:12.860000+00:00,2015,2,2015-02,4.5,"39 km S of Puerto San José, Guatemala",Nicaragua,NIC,351.4549808380909,30.67787022375175
usb000tnu5,2015-02-12 22:21:36.210000+00:00,2015,2,2015-02,4.8,"54 km SSW of Puerto Vidal, Panama",Nicaragua,NIC,415.32799705712137,31.48666862199632
usb000tpdr,2015-02-14 19:22:40+00:00,2015,2,2015-02,4.5,"105 km SSW of Acajutla, El Salvador",Nicaragua,NIC,281.7432130586837,43.47127581725161
usb000tpfr,2015-02-15 00:49:58.420000+00:00,2015,2,2015-02,4.5,"43 km W of Sardinal, Costa Rica",Nicaragua,NIC,65.15816591820933,128.3839816084978
usb000tq9p,2015-02-18 13:12:25.900000+00:00,2015,2,2015-02,4.5,"19 km SW of Cañas, Costa Rica",Nicaragua,NIC,78.5527919058747,120.06730970144882
usc000trc5,2015-02-18 16:59:38.330000+00:00,2015,2,2015-02,4.8,"14 km NNW of Santa Clara, Panama",Nicaragua,NIC,228.83008665466522,80.00217244857669
usc000tt23,2015-02-21 20:46:46.060000+00:00,2015,2,2015-02,4.5,"17 km E of Jacó, Costa Rica",Nicaragua,NIC,135.89973532750113,90.1358325037828
usc000tt4d,2015-02-22 20:25:18+00:00,2015,2,2015-02,4.6,"28 km SW of Pasaco, Guatemala",Nicaragua,NIC,318.8387503846528,40.51822860896585
usc000ttvt,2015-02-27 23:46:44.990000+00:00,2015,2,2015-02,4.9,"14 km S of Masagua, Guatemala",Nicaragua,NIC,374.83790322982924,43.25634646492898
usc000tu2q,2015-02-28 22:06:32.950000+00:00,2015,2,2015-02,4.8,"44 km S of Champerico, Guatemala",Nicaragua,NIC,482.74162789365863,22.477079109170795
usc000tu5z,2015-03-01 08:30:03.030000+00:00,2015,3,2015-03,5.5,"57 km SSW of Puerto San José, Guatemala",Nicaragua,NIC,373.10229641655263,87.05999891407546
usc000tuxh,2015-03-04 13:23:21.050000+00:00,2015,3,2015-03,4.5,"110 km WSW of Jiquilillo, Nicaragua",Nicaragua,NIC,104.83986808720196,105.27933160294089
usc000twd6,2015-03-07 11:31:45.680000+00:00,2015,3,2015-03,4.5,"146 km SW of Corinto, Nicaragua",Nicaragua,NIC,147.77695267026084,84.93885934841366
usc000twp2,2015-03-09 02:48:45.580000+00:00,2015,3,2015-03,5.8,"167 km S of Punta de Burica, Panama",Nicaragua,NIC,490.68981257270076,68.30942196838103
usc000twrh,2015-03-09 14:52:02.320000+00:00,2015,3,2015-03,4.7,"88 km SSW of Masachapa, Nicaragua",Nicaragua,NIC,86.96127786395351,144.9325670202579
us10001lk3,2015-03-11 16:23:37.870000+00:00,2015,3,2015-03,5.2,"83 km W of Sardinal, Costa Rica",Nicaragua,NIC,85.86568819105547,259.14630874384113
us10001mrb,2015-03-11 16:26:28.850000+00:00,2015,3,2015-03,4.9,"96 km W of Sardinal, Costa Rica",Nicaragua,NIC,100.70746453072023,170.33995153297528
us10001mbh,2015-03-14 06:13:37.050000+00:00,2015,3,2015-03,4.7,"58 km W of Jiquilillo, Nicaragua",Nicaragua,NIC,44.22649385536239,179.45823365377365
us10001mjq,2015-03-15 17:22:03+00:00,2015,3,2015-03,4.5,"150 km SSW of Puerto El Triunfo, El Salvador",Nicaragua,NIC,189.37120355819422,68.98992237854017
us10001p68,2015-03-20 15:20:35.700000+00:00,2015,3,2015-03,5.0,"84 km SSW of Masachapa, Nicaragua",Nicaragua,NIC,83.4418519007421,208.35710800502585
us10001p6t,2015-03-20 16:37:56.740000+00:00,2015,3,2015-03,4.6,"79 km SSW of Masachapa, Nicaragua",Nicaragua,NIC,77.05794033277331,135.72842471489383
us10001pjg,2015-03-22 09:00:51.020000+00:00,2015,3,2015-03,4.7,"87 km SW of Masachapa, Nicaragua",Nicaragua,NIC,88.15036389850238,144.07343704264702
us10001qct,2015-03-24 19:19:52.940000+00:00,2015,3,2015-03,4.8,"54 km SSW of Puerto Vidal, Panama",Nicaragua,NIC,409.9156769480198,32.35038229834188
us10001ssi,2015-03-27 13:29:24.770000+00:00,2015,3,2015-03,4.5,"50 km SSW of Masachapa, Nicaragua",Nicaragua,NIC,46.70451993106113,140.79344110548703
us10001rie,2015-03-28 16:27:29.130000+00:00,2015,3,2015-03,4.8,"75 km SSW of Masachapa, Nicaragua",Nicaragua,NIC,72.09674521983837,175.16361799402054
us10001sal,2015-03-31 09:09:24+00:00,2015,3,2015-03,4.6,"3 km WSW of Santo Domingo, Costa Rica",Nicaragua,NIC,80.77340436488434,133.23023103297936
us10001szg,2015-04-02 00:44:54.070000+00:00,2015,4,2015-04,4.8,"3 km NNW of Cantel, Guatemala",Nicaragua,NIC,473.65025987719906,23.52239447597133
us10001tk0,2015-04-03 12:36:58+00:00,2015,4,2015-04,4.6,"36 km SSW of Puerto El Triunfo, El Salvador",Nicaragua,NIC,116.30488600947314,111.54424003694734
us200025nu,2015-04-03 18:32:29.650000+00:00,2015,4,2015-04,4.5,"13 km NW of San Isidro, Costa Rica",Nicaragua,NIC,142.3445039931615,87.27760836403738
us10001tnh,2015-04-03 18:42:38.060000+00:00,2015,4,2015-04,4.6,"17 km NW of San Isidro, Costa Rica",Nicaragua,NIC,139.34802008749335,99.40531802101438
us10001u1e,2015-04-05 00:07:49.060000+00:00,2015,4,2015-04,5.3,"55 km S of Intipucá, El Salvador",Nicaragua,NIC,57.468442792790306,335.1265703706575
us20002515,2015-04-08 15:44:45.140000+00:00,2015,4,2015-04,5.4,"43 km S of Acajutla, El Salvador",Nicaragua,NIC,235.39798768520015,154.4684413950227
us2000298z,2015-04-25 20:37:47.680000+00:00,2015,4,2015-04,4.7,"56 km SW of Golfito, Costa Rica",Nicaragua,NIC,287.8331928498228,53.08577514334598
us200029st,2015-04-28 07:33:23+00:00,2015,4,2015-04,4.6,"15 km N of Miramar, Costa Rica",Nicaragua,NIC,83.51030769712746,131.41945775312354
us20002a56,2015-04-29 11:22:42.260000+00:00,2015,4,2015-04,5.0,"151 km SSW of Puerto El Triunfo, El Salvador",Nicaragua,NIC,172.5841348349061,133.42533837831408
us20002aur,2015-05-02 11:59:16.090000+00:00,2015,5,2015-05,4.8,"5 km W of San Bartolo, Guatemala",Nicaragua,NIC,491.50167537823484,21.513827034260803
us10002b50,2015-05-11 03:10:03.260000+00:00,2015,5,2015-05,4.5,"58 km WSW of Sardinal, Costa Rica",Nicaragua,NIC,90.42765560213857,113.14590507901083
us100028yd,2015-05-14 14:08:17.560000+00:00,2015,5,2015-05,5.2,"56 km SW of San Juan del Sur, Nicaragua",Nicaragua,NIC,55.198463007358924,302.09119039552706
us1000297y,2015-05-15 09:08:25.600000+00:00,2015,5,2015-05,4.7,"53 km SSW of La Gomera, Guatemala",Nicaragua,NIC,404.2956921487938,29.653984704358173
us100029m8,2015-05-15 22:20:59.750000+00:00,2015,5,2015-05,4.9,"22 km SE of Champerico, Guatemala",Nicaragua,NIC,476.9449527905801,25.961345335189037
us10002aah,2015-05-18 20:05:45.370000+00:00,2015,5,2015-05,5.1,"14 km S of Génova, Guatemala",Nicaragua,NIC,492.525330706414,30.233946022569324
us10002cb1,2015-05-26 02:50:28.450000+00:00,2015,5,2015-05,4.8,Costa Rica,Nicaragua,NIC,88.15923988169703,161.64588114674993
us20002mls,2015-06-06 21:56:46.970000+00:00,2015,6,2015-06,4.5,"166 km SSE of Punta de Burica, Panama",Nicaragua,NIC,491.588035858315,15.224047954932287
us20002n6c,2015-06-09 06:37:51.670000+00:00,2015,6,2015-06,4.6,"10 km ENE of Telica, Nicaragua",Nicaragua,NIC,0.0,199.52623149688787
us20002p4e,2015-06-11 18:43:59+00:00,2015,6,2015-06,4.5,"4 km S of Siquirres, Costa Rica",Nicaragua,NIC,84.96858616183977,116.27679684834607
us10002muv,2015-06-17 21:41:18.540000+00:00,2015,6,2015-06,4.5,"62 km W of Sardinal, Costa Rica",Nicaragua,NIC,82.64839472786431,117.63357372719642
us10002k0d,2015-06-18 16:58:42.560000+00:00,2015,6,2015-06,4.7,"53 km W of Jiquilillo, Nicaragua",Nicaragua,NIC,38.73510957189766,184.45387286976927
us10002kjp,2015-06-20 19:32:17.230000+00:00,2015,6,2015-06,4.5,off the coast of Costa Rica,Nicaragua,NIC,93.09887881614658,111.6447622718624
us10002kn7,2015-06-21 07:27:34.550000+00:00,2015,6,2015-06,4.5,"12 km NW of Limón, Costa Rica",Nicaragua,NIC,103.0894221166503,106.2048045802719
us10002kq9,2015-06-21 17:19:59.200000+00:00,2015,6,2015-06,4.8,"37 km S of Acajutla, El Salvador",Nicaragua,NIC,237.55091163401403,76.58870909363904
us10002lhn,2015-06-25 02:53:13.100000+00:00,2015,6,2015-06,4.7,"1 km W of El Palmar, Panama",Nicaragua,NIC,294.59483374249913,51.321039757636974
us10002m37,2015-06-27 15:16:01.860000+00:00,2015,6,2015-06,4.7,"6 km S of Pasaco, Guatemala",Nicaragua,NIC,302.498987559316,49.332348928230445
us10002nd7,2015-07-04 04:00:05.090000+00:00,2015,7,2015-07,4.5,"14 km WSW of Villa El Carmen, Nicaragua",Nicaragua,NIC,0.700763702236117,177.20595447268923
us10002nnc,2015-07-06 14:17:14.100000+00:00,2015,7,2015-07,4.7,"17 km NW of Cárdenas, Nicaragua",Nicaragua,NIC,0.0,223.872113856834
us20002w9y,2015-07-09 13:25:54.450000+00:00,2015,7,2015-07,5.6,"55 km SW of Acajutla, El Salvador",Nicaragua,NIC,287.5291604723164,149.84365612350945
us20002wjc,2015-07-10 11:46:09.570000+00:00,2015,7,2015-07,4.6,"2 km NNW of Golfito, Costa Rica",Nicaragua,NIC,250.6494021048543,56.97990736724889
us20002y46,2015-07-17 11:01:12.680000+00:00,2015,7,2015-07,5.1,"95 km S of Champerico, Guatemala",Nicaragua,NIC,489.4557620750402,30.701551069691803
us20002ybs,2015-07-18 07:53:34.380000+00:00,2015,7,2015-07,4.6,"59 km S of Puerto San José, Guatemala",Nicaragua,NIC,359.5065722693899,33.062934540675734
us20002znk,2015-07-23 20:22:41.020000+00:00,2015,7,2015-07,4.9,"229 km SW of George Town, Cayman Islands",Nicaragua,NIC,305.5417255414765,61.16804117671943
us10002x0r,2015-07-31 23:39:25.070000+00:00,2015,7,2015-07,5.0,"15 km WSW of Nueva Concepción, Guatemala",Nicaragua,NIC,437.24729521292045,35.52462991801446
us10002x7u,2015-08-01 23:35:06+00:00,2015,8,2015-08,4.7,"7 km ENE of Concepción, Guatemala",Nicaragua,NIC,433.6595043206046,25.60473888201439
us100030ix,2015-08-09 07:05:58.380000+00:00,2015,8,2015-08,4.5,"13 km WSW of Sesori, El Salvador",Nicaragua,NIC,119.61653844265915,97.78134056055255
us1000322j,2015-08-13 19:30:14.420000+00:00,2015,8,2015-08,5.2,"11 km S of Nueva Concepción, Guatemala",Nicaragua,NIC,423.2724589624641,47.95959794403122
us100032kv,2015-08-15 13:09:28.710000+00:00,2015,8,2015-08,4.9,"15 km ESE of La Gomera, Guatemala",Nicaragua,NIC,381.32774660913697,41.87524097643168
us100033w3,2015-08-21 07:09:51.790000+00:00,2015,8,2015-08,4.5,"101 km SSW of Jiquilillo, Nicaragua",Nicaragua,NIC,100.15277489350883,107.77573978478132
us100034a7,2015-08-23 04:48:48.220000+00:00,2015,8,2015-08,5.3,"67 km SW of Acajutla, El Salvador",Nicaragua,NIC,281.50243026765577,109.32644832499594
us100034ze,2015-08-26 10:23:01.140000+00:00,2015,8,2015-08,4.8,"85 km SSW of Acajutla, El Salvador",Nicaragua,NIC,285.37688779371615,60.29925713776039
us100034zn,2015-08-26 12:00:09.460000+00:00,2015,8,2015-08,4.7,"120 km SSE of Punta de Burica, Panama",Nicaragua,NIC,445.2069664183127,24.168258414339775
us1000369r,2015-08-31 08:13:00.390000+00:00,2015,8,2015-08,4.7,"35 km SSE of Champerico, Guatemala",Nicaragua,NIC,475.08917309286915,20.814067975637666
us20003g1v,2015-09-03 18:46:03.250000+00:00,2015,9,2015-09,4.5,"47 km SSW of Jiquilillo, Nicaragua",Nicaragua,NIC,42.25201024920828,143.96301236280655
us20003h26,2015-09-07 07:06:10.950000+00:00,2015,9,2015-09,4.6,"52 km SSW of Intipucá, El Salvador",Nicaragua,NIC,60.982670314505846,147.0881934491435
us20003j0c,2015-09-12 11:22:02.140000+00:00,2015,9,2015-09,4.5,"8 km NNW of El Sauce, Nicaragua",Nicaragua,NIC,0.0,177.82794100389228
us20003j5v,2015-09-13 14:56:13.820000+00:00,2015,9,2015-09,4.5,"102 km SW of Jiquilillo, Nicaragua",Nicaragua,NIC,100.81476812204413,107.41959547305467
us20003j9k,2015-09-14 08:13:07.130000+00:00,2015,9,2015-09,4.6,"9 km WSW of El Sauce, Nicaragua",Nicaragua,NIC,0.0,199.52623149688787
us20003jka,2015-09-15 05:00:41.520000+00:00,2015,9,2015-09,4.6,"77 km SW of Masachapa, Nicaragua",Nicaragua,NIC,79.11892111066324,134.3369382240116
us10003lct,2015-09-22 15:01:17.630000+00:00,2015,9,2015-09,4.5,"63 km S of Sámara, Costa Rica",Nicaragua,NIC,198.21837375014684,66.00461015932764
us20003mwi,2015-09-22 15:06:03.980000+00:00,2015,9,2015-09,4.6,"60 km S of Sámara, Costa Rica",Nicaragua,NIC,193.85045364206096,75.69358736373391
us20003pnj,2015-09-28 13:37:04.560000+00:00,2015,9,2015-09,4.9,"30 km N of French Harbor, Honduras",Nicaragua,NIC,266.9352570783134,74.19206416087911
us10003pka,2015-09-30 04:43:24.010000+00:00,2015,9,2015-09,4.7,"61 km SSW of Jacó, Costa Rica",Nicaragua,NIC,202.87707184742726,81.18168027194652
us10003k0r,2015-10-03 14:21:07.620000+00:00,2015,10,2015-10,4.6,"99 km SW of Puerto El Triunfo, El Salvador",Nicaragua,NIC,164.80045357749708,87.52666116657554
us10003kmr,2015-10-06 06:02:54.640000+00:00,2015,10,2015-10,4.5,"72 km SW of Masachapa, Nicaragua",Nicaragua,NIC,73.65244454591448,123.04550379453619
us10003knh,2015-10-06 09:21:23.740000+00:00,2015,10,2015-10,5.1,"137 km SSW of Puerto El Triunfo, El Salvador",Nicaragua,NIC,171.95075126755972,150.18054907789823
us10003n1l,2015-10-12 15:18:53.770000+00:00,2015,10,2015-10,4.7,"43 km SSE of Puerto El Triunfo, El Salvador",Nicaragua,NIC,87.37250710991269,144.63487062754413
us20004005,2015-10-27 22:49:41.760000+00:00,2015,10,2015-10,4.9,El Salvador,Nicaragua,NIC,60.73931620515902,208.02055497410106
us20004132,2015-10-31 15:10:14.240000+00:00,2015,10,2015-10,4.6,"19 km NNE of Ángeles, Costa Rica",Nicaragua,NIC,63.34447246501349,145.36144306468498
us20004198,2015-11-02 03:35:03.550000+00:00,2015,11,2015-11,5.1,"156 km SSW of Puerto El Triunfo, El Salvador",Nicaragua,NIC,177.30709041895636,146.21184088477756
us10003vrp,2015-11-08 16:34:39.720000+00:00,2015,11,2015-11,4.6,"32 km S of Iztapa, Guatemala",Nicaragua,NIC,340.1844586847837,36.4165528703983
us10003xdn,2015-11-11 12:08:51.060000+00:00,2015,11,2015-11,5.1,"26 km SW of Sámara, Costa Rica",Nicaragua,NIC,157.21627871047443,161.66246198362578
us10003yge,2015-11-15 04:56:18.750000+00:00,2015,11,2015-11,4.5,"49 km SSW of La Libertad, El Salvador",Nicaragua,NIC,204.1025749216591,64.09097668214095
us10003yjy,2015-11-16 00:39:33.520000+00:00,2015,11,2015-11,5.8,"166 km SSW of George Town, Cayman Islands",Nicaragua,NIC,360.6741048794008,130.85976390837655
us1000412r,2015-11-25 00:19:16.290000+00:00,2015,11,2015-11,4.7,"17 km ENE of Nagarote, Nicaragua",Nicaragua,NIC,0.0,223.872113856834
us10004173,2015-11-25 10:23:02.640000+00:00,2015,11,2015-11,4.7,"10 km SE of Nueva Concepción, Guatemala",Nicaragua,NIC,416.9593379193861,27.834556238583257
us100041q5,2015-11-27 11:46:27.180000+00:00,2015,11,2015-11,5.6,"45 km S of El Rosario, El Salvador",Nicaragua,NIC,141.40796821546132,311.1261382896899
us100041yi,2015-11-28 23:47:37.080000+00:00,2015,11,2015-11,5.0,"60 km W of Sardinal, Costa Rica",Nicaragua,NIC,86.3988370813705,205.299224594322
us100042tz,2015-12-02 21:19:33.920000+00:00,2015,12,2015-12,4.5,"79 km WSW of Masachapa, Nicaragua",Nicaragua,NIC,73.94106393510397,122.86806526509109
us100043dc,2015-12-02 22:32:36.500000+00:00,2015,12,2015-12,4.5,"81 km WSW of Masachapa, Nicaragua",Nicaragua,NIC,75.51941628017093,121.90223583088887
us100044xh,2015-12-07 22:53:35.110000+00:00,2015,12,2015-12,5.7,"4 km WNW of Masagua, Guatemala",Nicaragua,NIC,385.3459018653243,103.0936713681128
us20004g1n,2015-12-10 00:03:17.310000+00:00,2015,12,2015-12,4.6,"16 km NNW of Sámara, Costa Rica",Nicaragua,NIC,121.2832972215139,108.80194681464741
us20004g2b,2015-12-10 02:47:36.570000+00:00,2015,12,2015-12,4.7,near the coast of Nicaragua,Nicaragua,NIC,66.89624247371331,160.22735192433058
us20004hma,2015-12-16 20:40:26.500000+00:00,2015,12,2015-12,4.7,"44 km WSW of Masachapa, Nicaragua",Nicaragua,NIC,43.04529680205208,180.52124731933444
us100047vm,2015-12-17 09:09:44.040000+00:00,2015,12,2015-12,4.5,"105 km SSW of Acajutla, El Salvador",Nicaragua,NIC,294.44594208605946,40.79611061516007
us10004gdq,2015-12-23 11:15:06.950000+00:00,2015,12,2015-12,4.5,"52 km SSW of Pasaco, Guatemala",Nicaragua,NIC,310.89569710794586,37.574963855040544
us10004acp,2015-12-30 03:25:34.030000+00:00,2015,12,2015-12,5.0,"8 km NW of La Gomera, Guatemala",Nicaragua,NIC,404.7575930875153,41.79073929619983
us10004au3,2016-01-02 04:50:24.290000+00:00,2016,1,2016-01,4.6,"131 km S of Puerto El Triunfo, El Salvador",Nicaragua,NIC,150.34318376576465,94.08793230453124
us10004az4,2016-01-03 05:03:17.020000+00:00,2016,1,2016-01,4.5,"91 km WSW of San Juan del Sur, Nicaragua",Nicaragua,NIC,79.40105500590701,119.55914476543033
us10004eds,2016-01-14 05:15:22+00:00,2016,1,2016-01,4.8,"18 km SSE of Moyogalpa, Nicaragua",Nicaragua,NIC,0.0,251.18864315095797
us10004ejt,2016-01-14 16:40:51.590000+00:00,2016,1,2016-01,4.7,"57 km SSW of Quepos, Costa Rica",Nicaragua,NIC,205.75750529276334,80.02086731292125
us10004f2n,2016-01-16 16:58:00.740000+00:00,2016,1,2016-01,5.2,"57 km S of Quepos, Costa Rica",Nicaragua,NIC,206.03955989407086,142.09892106879474
us10004fa2,2016-01-18 03:17:56.470000+00:00,2016,1,2016-01,4.5,"148 km ENE of Savannah Bight, Honduras",Nicaragua,NIC,266.99211323464067,46.79872191599479
us10004fa4,2016-01-18 03:20:38.750000+00:00,2016,1,2016-01,5.4,"150 km ENE of Savannah Bight, Honduras",Nicaragua,NIC,267.6675994056177,131.4519984337597
us10004fkk,2016-01-19 13:00:35.100000+00:00,2016,1,2016-01,4.6,"4 km E of San Pablo Jocopilas, Guatemala",Nicaragua,NIC,455.7734442549391,20.431513587733324
us10004g4c,2016-01-21 17:27:57.840000+00:00,2016,1,2016-01,4.7,"82 km S of Puerto El Triunfo, El Salvador",Nicaragua,NIC,119.8943956791045,122.92851285855505
us10004h1j,2016-01-25 09:59:24.730000+00:00,2016,1,2016-01,4.6,"74 km SSW of Puerto El Triunfo, El Salvador",Nicaragua,NIC,129.63652143609474,104.35130158472396
us20004w57,2016-01-31 11:38:35.980000+00:00,2016,1,2016-01,4.8,"2 km SE of Monte Lirio, Panama",Nicaragua,NIC,247.94710111298244,72.70925770440573
us20004w9y,2016-02-01 14:25:48.480000+00:00,2016,2,2016-02,4.6,"60 km NNE of Matina, Costa Rica",Nicaragua,NIC,76.27565477891477,136.26035627215816
us20004wai,2016-02-01 16:45:30.510000+00:00,2016,2,2016-02,4.5,"10 km N of Tacuba, El Salvador",Nicaragua,NIC,277.8972093448461,44.315318728896116
us20004wjv,2016-02-02 13:32:52.280000+00:00,2016,2,2016-02,4.6,"98 km S of Acajutla, El Salvador",Nicaragua,NIC,244.97899447697162,58.618523159143884
us20004wnp,2016-02-02 19:36:19.630000+00:00,2016,2,2016-02,5.0,"57 km NW of Guanaja, Honduras",Nicaragua,NIC,278.30851449688925,78.64312082440381
us20004wrk,2016-02-03 03:00:26.120000+00:00,2016,2,2016-02,4.5,"146 km ENE of Savannah Bight, Honduras",Nicaragua,NIC,266.24786213033633,46.97319634895865
us20004yb8,2016-02-06 10:12:10.330000+00:00,2016,2,2016-02,4.6,"31 km WSW of La Libertad, El Salvador",Nicaragua,NIC,214.76098423194543,68.17928588756664
us20004z02,2016-02-09 12:12:58.710000+00:00,2016,2,2016-02,5.1,near the coast of Nicaragua,Nicaragua,NIC,63.19435166796683,258.6873601240929
us20004zzs,2016-02-13 19:47:12.150000+00:00,2016,2,2016-02,4.5,"54 km SSW of La Gomera, Guatemala",Nicaragua,NIC,410.9855925833638,22.78012616284039
us10004qj7,2016-02-14 08:18:59.510000+00:00,2016,2,2016-02,4.6,"4 km S of Santa Rosa de Lima, Guatemala",Nicaragua,NIC,332.44097876425917,37.854157679207646
us2000505a,2016-02-14 16:33:20.660000+00:00,2016,2,2016-02,4.6,"96 km SW of Jiquilillo, Nicaragua",Nicaragua,NIC,97.7717436933734,122.37461997344248
us2000505p,2016-02-14 17:17:24.110000+00:00,2016,2,2016-02,4.6,"106 km SW of Jiquilillo, Nicaragua",Nicaragua,NIC,106.45184026199983,117.17710550925264
us10004qz4,2016-02-19 04:42:38.920000+00:00,2016,2,2016-02,5.0,"8 km N of San Sebastián, El Salvador",Nicaragua,NIC,161.02261799549075,141.3656282892286
us10004rbq,2016-02-20 11:31:40.110000+00:00,2016,2,2016-02,4.5,"47 km SSW of Ciudad Cortés, Costa Rica",Nicaragua,NIC,244.98012013666525,52.24351971465224
us10004rmw,2016-02-22 05:33:10.550000+00:00,2016,2,2016-02,4.5,"86 km S of Puerto El Triunfo, El Salvador",Nicaragua,NIC,117.85355730646994,98.64708397234354
us10004s2k,2016-02-23 16:09:28.540000+00:00,2016,2,2016-02,4.6,"93 km SSW of Intipucá, El Salvador",Nicaragua,NIC,87.57380542456684,128.7762866376074
us10004s8a,2016-02-24 00:38:12.580000+00:00,2016,2,2016-02,4.6,"79 km WSW of Masachapa, Nicaragua",Nicaragua,NIC,74.49451649154585,137.47926853231155
us10004ttw,2016-02-25 11:42:27.670000+00:00,2016,2,2016-02,4.5,"74 km WSW of Masachapa, Nicaragua",Nicaragua,NIC,70.58002312683219,124.95033565631982
us10004spd,2016-02-25 20:12:48.180000+00:00,2016,2,2016-02,4.6,"69 km SSW of Puerto El Triunfo, El Salvador",Nicaragua,NIC,120.73869430337078,109.09861984249926
us10004t6z,2016-02-27 20:08:49.950000+00:00,2016,2,2016-02,4.6,"72 km SE of Punta de Burica, Panama",Nicaragua,NIC,394.1712652721312,27.801483637435947
us10004tl3,2016-02-29 15:07:55.600000+00:00,2016,2,2016-02,4.5,"76 km S of Puerto El Triunfo, El Salvador",Nicaragua,NIC,97.04310523715202,109.46456975868378
us10004tqy,2016-03-01 01:08:43.010000+00:00,2016,3,2016-03,5.1,"36 km SW of Jiquilisco, El Salvador",Nicaragua,NIC,127.11389336130604,187.9211613449845
us10004wjn,2016-03-07 13:32:08.050000+00:00,2016,3,2016-03,4.5,"53 km SSE of Champerico, Guatemala",Nicaragua,NIC,465.4834324862975,17.346648137468904
us10004vv5,2016-03-07 18:31:29.730000+00:00,2016,3,2016-03,4.6,"93 km WSW of Masachapa, Nicaragua",Nicaragua,NIC,87.92276669515134,128.5517928606136
us10004w1y,2016-03-08 16:54:41.210000+00:00,2016,3,2016-03,4.5,"72 km SSW of Masachapa, Nicaragua",Nicaragua,NIC,69.93019628378559,125.35697632442188
us20005azr,2016-03-19 10:24:45.110000+00:00,2016,3,2016-03,5.6,"158 km S of Puerto El Triunfo, El Salvador",Nicaragua,NIC,169.04894274819003,270.966052808084
us20005b14,2016-03-19 15:30:55.480000+00:00,2016,3,2016-03,4.5,"161 km S of Puerto El Triunfo, El Salvador",Nicaragua,NIC,172.69390750666864,74.98941136005352
us20005cpd,2016-03-27 09:39:28.180000+00:00,2016,3,2016-03,4.5,"96 km NE of Savannah Bight, Honduras",Nicaragua,NIC,258.45528975877096,48.83952924328869
us20005dur,2016-04-01 05:48:11.840000+00:00,2016,4,2016-04,4.5,"17 km SSW of San Lorenzo, Guatemala",Nicaragua,NIC,461.0098268952086,17.739030497868615
us20005dzq,2016-04-01 18:44:40.270000+00:00,2016,4,2016-04,4.8,"43 km WSW of Masachapa, Nicaragua",Nicaragua,NIC,44.41626549532715,201.16448278091997
us20005j8r,2016-04-17 17:19:00.870000+00:00,2016,4,2016-04,4.9,"58 km S of Intipucá, El Salvador",Nicaragua,NIC,48.60572477237349,221.0314179257448
us20005jw6,2016-04-19 19:21:21.400000+00:00,2016,4,2016-04,4.5,"26 km S of Iztapa, Guatemala",Nicaragua,NIC,347.8238045919036,31.239940997242652
us20005k9e,2016-04-20 20:13:00.880000+00:00,2016,4,2016-04,4.5,"43 km SSW of Puerto El Triunfo, El Salvador",Nicaragua,NIC,117.18095883166298,98.97939182465761
us10005bup,2016-04-27 02:28:53.540000+00:00,2016,4,2016-04,4.5,"135 km SSW of Masachapa, Nicaragua",Nicaragua,NIC,130.37965699855476,92.65826674190957
us10005bvv,2016-04-27 04:18:35.450000+00:00,2016,4,2016-04,4.5,near the coast of Nicaragua,Nicaragua,NIC,56.63195364422907,133.9754656489472
us10005cgz,2016-04-29 17:37:54.050000+00:00,2016,4,2016-04,4.6,"138 km S of Punta de Burica, Panama",Nicaragua,NIC,461.13101393549505,19.891462990013032
us10005d03,2016-05-02 11:50:28.260000+00:00,2016,5,2016-05,4.9,"66 km SW of Puerto El Triunfo, El Salvador",Nicaragua,NIC,139.0984206630432,140.5890891805664
us10005d61,2016-05-02 21:49:38+00:00,2016,5,2016-05,4.7,"66 km SSW of La Gomera, Guatemala",Nicaragua,NIC,415.33294558855755,28.061828615265522
us10005d7j,2016-05-03 02:38:51.640000+00:00,2016,5,2016-05,4.5,"63 km SW of La Gomera, Guatemala",Nicaragua,NIC,420.83573893672803,21.68536837198406
us10005d9n,2016-05-03 07:46:54.180000+00:00,2016,5,2016-05,4.7,"53 km SSW of La Gomera, Guatemala",Nicaragua,NIC,409.7141276729073,28.861378872129837
us10005fu3,2016-05-08 07:52:41.840000+00:00,2016,5,2016-05,4.7,"7 km SSE of Patulul, Guatemala",Nicaragua,NIC,417.06651130424825,27.819644616221566
us10005g52,2016-05-09 20:37:03.710000+00:00,2016,5,2016-05,4.6,"93 km SSW of Masachapa, Nicaragua",Nicaragua,NIC,88.72338381533358,128.03821765821442
us10005hpb,2016-05-16 07:15:04.600000+00:00,2016,5,2016-05,4.9,"68 km SSW of Puerto San José, Guatemala",Nicaragua,NIC,367.55618244021406,44.86027080010402
us10005i6t,2016-05-18 13:16:18.810000+00:00,2016,5,2016-05,4.6,"81 km WSW of San Juan del Sur, Nicaragua",Nicaragua,NIC,71.36257036019228,139.64910201067627
us10005j8b,2016-05-22 14:51:22.650000+00:00,2016,5,2016-05,5.0,"37 km SE of Iztapa, Guatemala",Nicaragua,NIC,319.7374690432584,63.929146699392376
us20005xzn,2016-05-26 01:02:36.520000+00:00,2016,5,2016-05,5.2,"5 km SSW of Moyogalpa, Nicaragua",Nicaragua,NIC,0.0,398.1071705534973
us20005z1h,2016-05-29 16:44:49.960000+00:00,2016,5,2016-05,4.6,"95 km S of La Libertad, El Salvador",Nicaragua,NIC,181.3878674061707,80.56033258822735
us20005zah,2016-05-31 02:14:41.430000+00:00,2016,5,2016-05,4.7,"97 km S of La Libertad, El Salvador",Nicaragua,NIC,167.2217539839077,97.02475951039749
us200060d8,2016-06-02 23:39:21.570000+00:00,2016,6,2016-06,4.7,"100 km S of La Libertad, El Salvador",Nicaragua,NIC,170.422518999307,95.48435132028173
us2000628g,2016-06-05 21:20:30.250000+00:00,2016,6,2016-06,5.0,"11 km WSW of Canoas, Costa Rica",Nicaragua,NIC,270.0851911262491,81.94405651840529
us200062r4,2016-06-08 09:56:54.130000+00:00,2016,6,2016-06,4.5,"84 km SW of Puerto El Triunfo, El Salvador",Nicaragua,NIC,156.26809390196848,81.40819875373569
us200062rb,2016-06-08 10:38:27.510000+00:00,2016,6,2016-06,5.2,"45 km S of Puerto San José, Guatemala",Nicaragua,NIC,361.3881645185953,65.35150170283154
us200063cy,2016-06-10 03:25:22.920000+00:00,2016,6,2016-06,6.1,Nicaragua,Nicaragua,NIC,0.0,1122.018454301963
us200063d2,2016-06-10 03:28:06.950000+00:00,2016,6,2016-06,5.2,"21 km S of Somotillo, Nicaragua",Nicaragua,NIC,0.0,398.1071705534973
us200063d3,2016-06-10 03:34:20.220000+00:00,2016,6,2016-06,4.7,"70 km W of Sandy Bay, Honduras",Nicaragua,NIC,300.31312578709685,49.87447453924401
us200063d6,2016-06-10 03:39:30.860000+00:00,2016,6,2016-06,4.6,Nicaragua,Nicaragua,NIC,0.0,199.52623149688787
us200063db,2016-06-10 03:45:11.320000+00:00,2016,6,2016-06,4.7,"21 km SSW of Somotillo, Nicaragua",Nicaragua,NIC,0.0,223.872113856834
us200063dm,2016-06-10 04:33:02.410000+00:00,2016,6,2016-06,4.8,"24 km S of Somotillo, Nicaragua",Nicaragua,NIC,0.0,251.18864315095797
us200063sv,2016-06-11 09:25:20.630000+00:00,2016,6,2016-06,4.5,"17 km E of Puerto Morazán, Nicaragua",Nicaragua,NIC,0.0,177.82794100389228
us20006411,2016-06-13 01:51:18.450000+00:00,2016,6,2016-06,4.5,"148 km S of Puerto El Triunfo, El Salvador",Nicaragua,NIC,157.4063327712277,80.9462047690095
us2000642e,2016-06-13 10:36:44.270000+00:00,2016,6,2016-06,4.6,"86 km SSW of Corinto, Nicaragua",Nicaragua,NIC,83.30172853357128,131.5565860488236
us20006488,2016-06-14 03:45:29.860000+00:00,2016,6,2016-06,5.2,"16 km ESE of Puerto Morazán, Nicaragua",Nicaragua,NIC,0.0,398.1071705534973
us200064ir,2016-06-15 13:46:55.140000+00:00,2016,6,2016-06,5.4,"35 km SE of Champerico, Guatemala",Nicaragua,NIC,460.57961521359186,50.103039505147564
us200064ku,2016-06-15 18:17:06.060000+00:00,2016,6,2016-06,4.5,"4 km NNW of Manaca Norte, Panama",Nicaragua,NIC,289.20213673323957,41.879890675253414
us200065x9,2016-06-22 05:24:24.040000+00:00,2016,6,2016-06,4.5,"6 km SW of Ciudad Sandino, Nicaragua",Nicaragua,NIC,0.0,177.82794100389228
us10005yni,2016-06-30 10:34:22.520000+00:00,2016,6,2016-06,4.7,"78 km SW of San Juan del Sur, Nicaragua",Nicaragua,NIC,77.30482776047124,152.1019211063765
us10005zjd,2016-07-03 01:58:32.130000+00:00,2016,7,2016-07,5.3,"6 km ENE of Fortuna, Costa Rica",Nicaragua,NIC,35.039978589796284,374.8967307900448
us10005zjh,2016-07-03 02:16:13.100000+00:00,2016,7,2016-07,5.1,"8 km SSE of Bijagua, Costa Rica",Nicaragua,NIC,33.52034839450443,300.0623376275638
us100061ww,2016-07-08 13:05:46.280000+00:00,2016,7,2016-07,4.5,"44 km WSW of Santa Cruz, Costa Rica",Nicaragua,NIC,108.6933544905573,103.27028596540495
us10006281,2016-07-09 17:29:36.670000+00:00,2016,7,2016-07,4.5,"67 km SSW of Puerto El Triunfo, El Salvador",Nicaragua,NIC,124.83461634607185,95.26318003511787
us20006hyk,2016-07-26 22:58:58.190000+00:00,2016,7,2016-07,4.5,"111 km SSE of Punta de Burica, Panama",Nicaragua,NIC,434.5452723646945,20.24868994555498
us100068rx,2016-07-30 13:53:13.950000+00:00,2016,7,2016-07,4.8,"27 km ESE of Champerico, Guatemala",Nicaragua,NIC,466.4023223796418,24.39047314765468
us100069px,2016-08-03 12:05:40.100000+00:00,2016,8,2016-08,4.7,"3 km SSE of San Juan del Sur, Nicaragua",Nicaragua,NIC,1.149434333691486,222.5891725599473
us100069zr,2016-08-04 05:56:59.050000+00:00,2016,8,2016-08,4.9,"83 km WSW of San Juan del Sur, Nicaragua",Nicaragua,NIC,76.05189397402258,192.6883290048622
us10006bx6,2016-08-07 06:09:50.850000+00:00,2016,8,2016-08,4.5,"39 km NNW of Roxana, Costa Rica",Nicaragua,NIC,13.323931573298841,166.36710147694185
us10006c7t,2016-08-09 00:49:10.300000+00:00,2016,8,2016-08,4.5,"31 km WSW of Jiquilillo, Nicaragua",Nicaragua,NIC,28.27177884394898,154.3862478070832
us10006c9f,2016-08-09 06:24:58.180000+00:00,2016,8,2016-08,4.5,"13 km NW of Finca Blanco, Panama",Nicaragua,NIC,274.34880185634984,45.10857899127555
us10006ccu,2016-08-09 14:26:02.510000+00:00,2016,8,2016-08,4.6,"85 km SSW of Puerto El Triunfo, El Salvador",Nicaragua,NIC,141.9406477510076,98.125029342195
us10006dkg,2016-08-13 13:38:12.720000+00:00,2016,8,2016-08,4.5,"32 km SW of Masachapa, Nicaragua",Nicaragua,NIC,32.793738393532536,150.93477159117563
us10006dq1,2016-08-14 05:13:03.120000+00:00,2016,8,2016-08,4.8,"10 km N of Tacuba, El Salvador",Nicaragua,NIC,276.04075417352954,63.18079967079035
us10006ek2,2016-08-17 16:06:33.010000+00:00,2016,8,2016-08,4.7,"10 km WSW of San Marcos, Costa Rica",Nicaragua,NIC,123.9969515472049,120.43259403324525
us10006egr,2016-08-17 16:22:05.120000+00:00,2016,8,2016-08,4.8,"50 km SSW of Santa Cruz, Panama",Nicaragua,NIC,385.3355420566112,36.580909753715495
us10006m17,2016-08-25 22:41:07.890000+00:00,2016,8,2016-08,4.5,"31 km S of Puerto San José, Guatemala",Nicaragua,NIC,353.9894369660973,30.291564499727897
us20006v1e,2016-08-29 13:05:04.930000+00:00,2016,8,2016-08,4.6,"0 km NE of Candelaria de La Frontera, El Salvador",Nicaragua,NIC,255.95871419771947,55.48718775815353
us10006jjv,2016-09-02 05:03:30.520000+00:00,2016,9,2016-09,4.5,"62 km SW of Corinto, Nicaragua",Nicaragua,NIC,61.981523113474495,130.43941207538867
us10006k6m,2016-09-03 22:06:02.620000+00:00,2016,9,2016-09,4.7,"17 km NW of San Isidro, Costa Rica",Nicaragua,NIC,140.4672378361249,110.9121869159633
us10006k7z,2016-09-04 01:31:46.270000+00:00,2016,9,2016-09,4.6,"67 km WSW of Masachapa, Nicaragua",Nicaragua,NIC,67.24290196211737,142.55547241665246
us10006kne,2016-09-05 20:10:31.630000+00:00,2016,9,2016-09,4.9,"69 km NNE of Savannah Bight, Honduras",Nicaragua,NIC,258.40908998188,77.4233200557435
us10006mln,2016-09-07 04:30:19.340000+00:00,2016,9,2016-09,4.6,"46 km SSW of Santa Cruz, Panama",Nicaragua,NIC,381.5782563368758,29.60829125882441
us10006n0u,2016-09-08 13:35:14.490000+00:00,2016,9,2016-09,4.5,Nicaragua,Nicaragua,NIC,0.0,177.82794100389228
us10006n8k,2016-09-09 01:16:37.630000+00:00,2016,9,2016-09,4.5,"92 km SSW of Nueva Concepción, Guatemala",Nicaragua,NIC,448.00840760650044,18.9305008183805
us10006nhr,2016-09-10 00:25:16.410000+00:00,2016,9,2016-09,5.0,"37 km WSW of Masachapa, Nicaragua",Nicaragua,NIC,35.79909656471363,264.40109506352127
us10006ppy,2016-09-15 05:57:24.330000+00:00,2016,9,2016-09,5.7,"11 km NNE of La Paz Centro, Nicaragua",Nicaragua,NIC,0.0,707.945784384138
us10006ry8,2016-09-15 06:02:29.560000+00:00,2016,9,2016-09,4.6,"20 km NE of La Paz Centro, Nicaragua",Nicaragua,NIC,0.0,199.52623149688787
us10006qav,2016-09-17 01:39:29.340000+00:00,2016,9,2016-09,4.5,"88 km SSW of Puerto El Triunfo, El Salvador",Nicaragua,NIC,145.0739296733522,86.09461026015522
us10006qfq,2016-09-17 16:27:47.270000+00:00,2016,9,2016-09,4.9,off the coast of Central America,Nicaragua,NIC,117.3144951113487,156.76705889669518
us10006tcy,2016-09-27 20:39:00.990000+00:00,2016,9,2016-09,4.9,"10 km E of Nandaime, Nicaragua",Nicaragua,NIC,0.0,281.8382931264455
us10006tk4,2016-09-28 16:48:55.610000+00:00,2016,9,2016-09,5.5,"20 km NNE of Nagarote, Nicaragua",Nicaragua,NIC,0.0,562.341325190349
us20007dgk,2016-09-28 16:50:46.400000+00:00,2016,9,2016-09,4.8,"17 km NE of La Paz Centro, Nicaragua",Nicaragua,NIC,0.0,251.18864315095797
us10006txy,2016-09-29 20:23:14.390000+00:00,2016,9,2016-09,5.3,"40 km NE of Cusuna, Honduras",Nicaragua,NIC,149.78964605353917,211.2204270552078
us10006v3z,2016-10-05 07:25:08.060000+00:00,2016,10,2016-10,4.6,"19 km WSW of Jiquilillo, Nicaragua",Nicaragua,NIC,16.05084474266389,184.13910734913202
us20007d06,2016-10-09 22:55:07.580000+00:00,2016,10,2016-10,4.8,"4 km N of San José Acatempa, Guatemala",Nicaragua,NIC,313.18417975810945,52.47219049489019
us20007ehe,2016-10-16 04:59:58.560000+00:00,2016,10,2016-10,4.6,"55 km S of El Rosario, Nicaragua",Nicaragua,NIC,36.659643486837076,166.10954767463647
us20007fm9,2016-10-20 15:13:13.860000+00:00,2016,10,2016-10,4.6,"8 km NNW of El Palmar, Guatemala",Nicaragua,NIC,482.2701257284419,17.896319644317533
us20007fzp,2016-10-21 19:51:16.760000+00:00,2016,10,2016-10,4.6,"3 km SE of San José El Ídolo, Guatemala",Nicaragua,NIC,446.68185371484003,21.381722008455196
us10007396,2016-10-31 15:22:12.140000+00:00,2016,10,2016-10,4.5,"96 km SW of Acajutla, El Salvador",Nicaragua,NIC,314.8556894952258,36.838298045070005
us100073w7,2016-11-03 04:59:12.030000+00:00,2016,11,2016-11,5.1,"66 km SW of Jiquilillo, Nicaragua",Nicaragua,NIC,66.76431710663691,254.110802344717
us100076wq,2016-11-11 15:46:31.960000+00:00,2016,11,2016-11,4.5,"68 km S of Masachapa, Nicaragua",Nicaragua,NIC,57.35714203326788,133.4905580431125
us100079a7,2016-11-17 08:22:44.990000+00:00,2016,11,2016-11,4.6,"61 km SSW of Boca Chica, Panama",Nicaragua,NIC,378.86728413376494,30.012359892076162
us100079r5,2016-11-18 00:23:48.070000+00:00,2016,11,2016-11,4.5,"9 km SSE of Nueva Concepción, Guatemala",Nicaragua,NIC,419.63405132102315,21.816055785507483
us10007e2z,2016-11-23 07:55:40.390000+00:00,2016,11,2016-11,4.5,"95 km SW of Jiquilillo, Nicaragua",Nicaragua,NIC,94.67880679392533,110.76628325676982
us10007c4w,2016-11-24 18:43:47.710000+00:00,2016,11,2016-11,6.9,"156 km SSW of Puerto El Triunfo, El Salvador",Nicaragua,NIC,176.62478270309362,1165.3708683999944
us10007eb4,2016-11-24 18:53:03.100000+00:00,2016,11,2016-11,5.1,"143 km SSW of Puerto El Triunfo, El Salvador",Nicaragua,NIC,168.42194046819995,152.85385744112216
us10007eap,2016-11-24 19:04:10.250000+00:00,2016,11,2016-11,4.7,"140 km SSW of Puerto El Triunfo, El Salvador",Nicaragua,NIC,178.73739076377532,91.59603774789156
us10007c68,2016-11-24 23:22:35.970000+00:00,2016,11,2016-11,4.6,"139 km SSW of Puerto El Triunfo, El Salvador",Nicaragua,NIC,177.10316090546164,82.30483952021709
us10007c7a,2016-11-25 02:40:17.550000+00:00,2016,11,2016-11,4.7,"134 km SSW of Puerto El Triunfo, El Salvador",Nicaragua,NIC,170.69875137280664,95.35256300674202
us10007ecd,2016-11-25 10:09:00.070000+00:00,2016,11,2016-11,4.5,"73 km W of Sardinal, Costa Rica",Nicaragua,NIC,95.12461067619783,110.51965802958904
us10007cam,2016-11-25 15:08:41.160000+00:00,2016,11,2016-11,4.7,"2 km ESE of Santa Apolonia, Guatemala",Nicaragua,NIC,419.86062631503046,27.43369046130817
us10007cbc,2016-11-25 16:08:31.620000+00:00,2016,11,2016-11,4.5,"70 km SSW of La Libertad, El Salvador",Nicaragua,NIC,199.84072844644186,65.47136143343488
us10007cgf,2016-11-26 04:37:44.200000+00:00,2016,11,2016-11,4.7,"92 km SW of Jiquilillo, Nicaragua",Nicaragua,NIC,91.95490420288063,141.35867398017606
us10007cli,2016-11-26 20:30:01.970000+00:00,2016,11,2016-11,4.9,"8 km WSW of Pasaco, Guatemala",Nicaragua,NIC,310.2125289811222,59.75607342521399
us10007cu8,2016-11-27 22:38:31.650000+00:00,2016,11,2016-11,4.5,"141 km S of Puerto El Triunfo, El Salvador",Nicaragua,NIC,149.06140596066453,84.39510729078937
us10007dxa,2016-12-01 00:25:21.380000+00:00,2016,12,2016-12,5.3,"9 km NE of Cot, Costa Rica",Nicaragua,NIC,87.42904399885366,288.5029399718636
us10007eky,2016-12-03 11:17:59.590000+00:00,2016,12,2016-12,4.7,"16 km ESE of Puerto Morazán, Nicaragua",Nicaragua,NIC,0.0,223.872113856834
us10007sk7,2016-12-05 16:56:29.050000+00:00,2016,12,2016-12,4.5,off the coast of Central America,Nicaragua,NIC,139.8278007125188,88.38280663731715
us10007gk0,2016-12-07 07:15:35.590000+00:00,2016,12,2016-12,4.5,"155 km SSW of Puerto El Triunfo, El Salvador",Nicaragua,NIC,175.03038941051994,74.11845170620987
us20007zg3,2016-12-09 10:06:10.360000+00:00,2016,12,2016-12,5.0,"139 km S of Puerto El Triunfo, El Salvador",Nicaragua,NIC,154.46514020392564,146.07746036559467
us20007zym,2016-12-11 12:46:44.960000+00:00,2016,12,2016-12,4.5,"8 km S of El Toro, Panama",Nicaragua,NIC,471.72099441254306,16.813993517544844
us10007m28,2016-12-14 20:05:19.200000+00:00,2016,12,2016-12,4.5,"150 km SSW of Puerto El Triunfo, El Salvador",Nicaragua,NIC,167.50883845993397,76.95895801325089
us20008124,2016-12-15 16:34:53.460000+00:00,2016,12,2016-12,4.8,"72 km S of Puerto San José, Guatemala",Nicaragua,NIC,346.50786738689175,44.4188925248143
us2000816k,2016-12-16 00:34:26.400000+00:00,2016,12,2016-12,4.6,"79 km S of Puerto San José, Guatemala",Nicaragua,NIC,352.52367418499233,34.23769886471891
us2000819r,2016-12-16 11:34:58.440000+00:00,2016,12,2016-12,5.5,"12 km S of Masagua, Guatemala",Nicaragua,NIC,377.8122709347266,85.03370021727275
us200082mc,2016-12-19 21:18:32.060000+00:00,2016,12,2016-12,4.9,"9 km S of San José El Ídolo, Guatemala",Nicaragua,NIC,446.1296875626038,30.285984266061515
us10007liz,2016-12-20 20:08:09.080000+00:00,2016,12,2016-12,4.9,"69 km S of Acajutla, El Salvador",Nicaragua,NIC,235.0992996219478,86.99381113332207
us10007mf3,2016-12-24 01:31:38.280000+00:00,2016,12,2016-12,4.6,"81 km S of La Libertad, El Salvador",Nicaragua,NIC,179.76968882509556,81.21478157981733
us10007mja,2016-12-24 19:12:09.030000+00:00,2016,12,2016-12,4.7,"65 km W of Sardinal, Costa Rica",Nicaragua,NIC,90.39669457511694,142.46430764384627
us10007mz5,2016-12-27 05:14:24.810000+00:00,2016,12,2016-12,4.6,"33 km SSW of Puerto El Triunfo, El Salvador",Nicaragua,NIC,106.93653891275957,116.89347141602983
us10007n1g,2016-12-27 15:09:59.430000+00:00,2016,12,2016-12,4.7,"157 km SSW of Puerto El Triunfo, El Salvador",Nicaragua,NIC,174.84576498845337,93.39577826214081
us10007nbg,2016-12-28 14:35:36.040000+00:00,2016,12,2016-12,4.7,off the coast of Central America,Nicaragua,NIC,250.00232236860074,64.1396897188821
us10007pxt,2017-01-04 16:45:08.790000+00:00,2017,1,2017-01,5.0,"43 km S of La Libertad, El Salvador",Nicaragua,NIC,187.57500585263963,123.7901388526219
us10007rvi,2017-01-07 13:27:23.230000+00:00,2017,1,2017-01,4.9,"60 km SW of Puerto San José, Guatemala",Nicaragua,NIC,397.9794014111434,38.52997349682608
us10007s0v,2017-01-08 18:25:58.720000+00:00,2017,1,2017-01,4.6,"3 km SSE of La Conquista, Nicaragua",Nicaragua,NIC,0.0,199.52623149688787
us10007srd,2017-01-12 03:22:46.930000+00:00,2017,1,2017-01,5.3,"28 km SW of La Gomera, Guatemala",Nicaragua,NIC,411.1112791387815,57.18514150486549
us10007te1,2017-01-15 14:13:00.020000+00:00,2017,1,2017-01,4.6,"6 km ESE of Casillas, Guatemala",Nicaragua,NIC,324.249251043436,39.43680268679072
us10007tig,2017-01-16 12:29:22.180000+00:00,2017,1,2017-01,4.5,"46 km S of Puerto El Triunfo, El Salvador",Nicaragua,NIC,100.34095101910748,107.67438336867161
us10007vvq,2017-01-28 01:08:35.530000+00:00,2017,1,2017-01,4.7,"66 km S of Champerico, Guatemala",Nicaragua,NIC,473.21539172823725,21.00998939074922
us10007w6q,2017-01-30 16:20:55.310000+00:00,2017,1,2017-01,4.7,"78 km SW of San Juan del Sur, Nicaragua",Nicaragua,NIC,77.95785492919934,151.60609757797528
us20008jn8,2017-01-30 19:31:00.900000+00:00,2017,1,2017-01,4.5,"84 km SW of San Juan del Sur, Nicaragua",Nicaragua,NIC,84.71225740048635,116.4259178244729
us20008it5,2017-02-09 22:14:56.950000+00:00,2017,2,2017-02,4.5,"43 km N of Savannah Bight, Honduras",Nicaragua,NIC,254.95881520515266,49.700867277947374
us20008jvc,2017-02-15 02:47:38.200000+00:00,2017,2,2017-02,4.8,"111 km SW of Jiquilillo, Nicaragua",Nicaragua,NIC,107.97804941399266,146.39580929974207
us20008k7u,2017-02-16 13:33:42.080000+00:00,2017,2,2017-02,4.8,"2 km S of Petapa, Guatemala",Nicaragua,NIC,364.835742170385,40.529313901547546
us20008kcb,2017-02-16 21:48:30.290000+00:00,2017,2,2017-02,4.5,"74 km SW of La Gomera, Guatemala",Nicaragua,NIC,424.88457251357374,21.250779916900942
us20008kq3,2017-02-18 23:31:18.220000+00:00,2017,2,2017-02,4.5,"44 km SSW of Champerico, Guatemala",Nicaragua,NIC,491.9074152363183,15.199756121038767
us20008lsw,2017-02-23 15:16:12.160000+00:00,2017,2,2017-02,4.6,"96 km SW of Jiquilillo, Nicaragua",Nicaragua,NIC,94.65008726544859,124.29966178542999
us20008m19,2017-02-24 13:41:14.840000+00:00,2017,2,2017-02,4.9,"43 km WSW of Jiquilillo, Nicaragua",Nicaragua,NIC,37.3331975112405,233.8471017061561
us1000887y,2017-03-03 11:01:20.530000+00:00,2017,3,2017-03,4.6,"12 km S of Masagua, Guatemala",Nicaragua,NIC,374.8304870905574,30.624283676416773
us1000876g,2017-03-05 22:50:15.840000+00:00,2017,3,2017-03,4.7,"71 km SSW of Jiquilillo, Nicaragua",Nicaragua,NIC,68.6411263658807,158.83554149422847
us100088x9,2017-03-06 13:26:54.320000+00:00,2017,3,2017-03,4.6,"142 km SSW of Puerto El Triunfo, El Salvador",Nicaragua,NIC,172.834101339349,84.08054489236787
us100087et,2017-03-07 07:08:21.820000+00:00,2017,3,2017-03,4.5,"129 km SSW of Puerto El Triunfo, El Salvador",Nicaragua,NIC,160.3207915993748,79.77518580220814
us1000885d,2017-03-10 13:13:21.270000+00:00,2017,3,2017-03,4.6,"39 km SW of Acajutla, El Salvador",Nicaragua,NIC,276.09254815044966,50.17329801517891
us100088hp,2017-03-12 09:12:38.540000+00:00,2017,3,2017-03,4.8,"62 km S of Puerto San José, Guatemala",Nicaragua,NIC,350.8968581984204,43.45473980545731
us20008snc,2017-03-17 10:32:12.840000+00:00,2017,3,2017-03,4.8,"46 km W of Sardinal, Costa Rica",Nicaragua,NIC,79.04366548512813,169.18383347345997
us20008spi,2017-03-17 14:40:03.090000+00:00,2017,3,2017-03,4.5,"58 km W of Sardinal, Costa Rica",Nicaragua,NIC,76.91836752586343,121.05253459845545
us20008thd,2017-03-21 08:44:13.040000+00:00,2017,3,2017-03,4.6,"12 km SW of Pasaco, Guatemala",Nicaragua,NIC,307.8439101922202,42.80804973933759
us10008d3j,2017-03-29 16:59:08.240000+00:00,2017,3,2017-03,5.1,"13 km SW of Villa El Carmen, Nicaragua",Nicaragua,NIC,0.12915447455762888,354.5843345158773
us10008dqk,2017-04-01 01:54:19.840000+00:00,2017,4,2017-04,4.8,"13 km WSW of Tiquisate, Guatemala",Nicaragua,NIC,446.8718791586477,26.892429812507316
us10008dyt,2017-04-02 16:24:42.420000+00:00,2017,4,2017-04,4.5,"91 km S of La Libertad, El Salvador",Nicaragua,NIC,176.36618589352238,73.62506536410082
us10008dzu,2017-04-02 23:54:33.280000+00:00,2017,4,2017-04,5.3,Panama-Costa Rica border region,Nicaragua,NIC,246.38928759549378,130.30841430634277
us10008ge2,2017-04-10 23:53:58.630000+00:00,2017,4,2017-04,4.8,"4 km WSW of Tonacatepeque, El Salvador",Nicaragua,NIC,188.35229026540665,97.94859222061969
us10008iur,2017-04-18 23:39:28.490000+00:00,2017,4,2017-04,4.9,"52 km S of Champerico, Guatemala",Nicaragua,NIC,490.01553887780886,24.318947607563725
us10008k6d,2017-04-24 03:24:02.530000+00:00,2017,4,2017-04,5.0,"76 km WSW of San Juan del Sur, Nicaragua",Nicaragua,NIC,74.0899735237723,218.33113208573576
us10008lh2,2017-04-28 01:10:28.350000+00:00,2017,4,2017-04,4.5,"80 km SSW of Masachapa, Nicaragua",Nicaragua,NIC,76.66618028837115,121.20527039472391
us10008lix,2017-04-28 07:53:03.420000+00:00,2017,4,2017-04,4.6,"14 km NNW of Belén, Nicaragua",Nicaragua,NIC,0.0,199.52623149688787
us10008m1x,2017-04-29 17:58:43.760000+00:00,2017,4,2017-04,4.8,"75 km SSW of Masachapa, Nicaragua",Nicaragua,NIC,72.09256972524459,175.16727500589477
us10008m6n,2017-04-30 09:50:17.370000+00:00,2017,4,2017-04,4.5,"66 km SSW of Masachapa, Nicaragua",Nicaragua,NIC,65.87369677243026,127.92548876184433
us10008qsy,2017-05-09 14:15:48.140000+00:00,2017,5,2017-05,5.1,"30 km SE of Iztapa, Guatemala",Nicaragua,NIC,326.7331048250717,69.26408119891586
us10008rtu,2017-05-12 10:41:26.710000+00:00,2017,5,2017-05,6.2,"78 km SSW of Acajutla, El Salvador",Nicaragua,NIC,264.42882108553465,335.5831225167329
us10008rtx,2017-05-12 10:51:08.070000+00:00,2017,5,2017-05,5.2,"76 km SSW of Acajutla, El Salvador",Nicaragua,NIC,272.12550848788004,102.11439447781731
us10008rvv,2017-05-12 15:22:33.290000+00:00,2017,5,2017-05,4.6,"75 km SSW of Acajutla, El Salvador",Nicaragua,NIC,266.8651780752794,52.54236641561747
us10008s59,2017-05-13 11:26:15.620000+00:00,2017,5,2017-05,5.0,"78 km SSW of Acajutla, El Salvador",Nicaragua,NIC,266.0411366716797,83.61785293340661
us10008s65,2017-05-13 13:28:58.360000+00:00,2017,5,2017-05,4.7,"85 km SSW of Acajutla, El Salvador",Nicaragua,NIC,277.13474799315316,56.002774187478245
us10008s95,2017-05-13 22:57:49.450000+00:00,2017,5,2017-05,4.5,"83 km SSW of Acajutla, El Salvador",Nicaragua,NIC,269.93536824970664,46.11506185410885
us10008sau,2017-05-14 04:29:02.130000+00:00,2017,5,2017-05,4.6,"83 km SSW of Acajutla, El Salvador",Nicaragua,NIC,271.5233482626196,51.3327511564559
us10008sgc,2017-05-14 21:36:42.680000+00:00,2017,5,2017-05,4.7,"72 km SSW of Acajutla, El Salvador",Nicaragua,NIC,262.83260361646325,60.154241207703
us10008sng,2017-05-16 04:03:48.160000+00:00,2017,5,2017-05,5.2,"83 km SSW of Acajutla, El Salvador",Nicaragua,NIC,273.58034042764103,101.37429313595285
us10008wje,2017-05-23 13:50:28.190000+00:00,2017,5,2017-05,4.5,"118 km WSW of San Juan del Sur, Nicaragua",Nicaragua,NIC,114.15519984405937,100.48821530897017
us10008v9u,2017-05-25 12:19:56.630000+00:00,2017,5,2017-05,4.5,"85 km SW of Corinto, Nicaragua",Nicaragua,NIC,85.62543057374958,115.89554442861254
us10008vh0,2017-05-26 15:01:48.380000+00:00,2017,5,2017-05,4.7,"106 km SSW of La Libertad, El Salvador",Nicaragua,NIC,226.69031119032132,72.06895813824583
us10008vh6,2017-05-26 15:23:34.130000+00:00,2017,5,2017-05,5.3,"97 km SSW of Acajutla, El Salvador",Nicaragua,NIC,278.0303980195181,111.24094298223598
us20009kp4,2017-06-04 23:57:15.950000+00:00,2017,6,2017-06,4.8,"0 km SW of Amatitlán, Guatemala",Nicaragua,NIC,372.3162716130973,39.04140950902493
us20009krt,2017-06-05 13:07:45.280000+00:00,2017,6,2017-06,4.6,"145 km NE of Savannah Bight, Honduras",Nicaragua,NIC,278.8504609658668,49.486178534359794
us20009n9r,2017-06-17 13:47:39.370000+00:00,2017,6,2017-06,5.5,near the coast of Nicaragua,Nicaragua,NIC,49.67186533896094,438.67099010841054
us20009na1,2017-06-17 15:00:38+00:00,2017,6,2017-06,4.6,"28 km S of Jacó, Costa Rica",Nicaragua,NIC,167.9399491406259,86.16344089717346
us20009nii,2017-06-19 03:14:17.020000+00:00,2017,6,2017-06,4.6,"86 km W of Masachapa, Nicaragua",Nicaragua,NIC,79.213860682516,134.2731839002343
us20009p1a,2017-06-22 12:31:03.490000+00:00,2017,6,2017-06,6.8,"28 km SW of Puerto San José, Guatemala",Nicaragua,NIC,376.246360426689,382.817170675251
us20009p75,2017-06-23 03:08:13.260000+00:00,2017,6,2017-06,4.5,"36 km SW of Puerto San José, Guatemala",Nicaragua,NIC,389.6284938046003,25.347344984517328
us20009p7e,2017-06-23 04:02:53.730000+00:00,2017,6,2017-06,4.5,"168 km SW of Río Grande, Panama",Nicaragua,NIC,497.7155465538552,14.764693057613309
us20009pf2,2017-06-24 00:48:14.920000+00:00,2017,6,2017-06,4.7,south of Panama,Nicaragua,NIC,494.86193982662655,18.854757501607544
us20009q50,2017-06-28 18:32:33.010000+00:00,2017,6,2017-06,4.7,"51 km W of Sardinal, Costa Rica",Nicaragua,NIC,85.42100064260751,146.05305780626034
us100095hc,2017-06-30 13:01:01.250000+00:00,2017,6,2017-06,4.9,"42 km S of Puerto San José, Guatemala",Nicaragua,NIC,359.60717896873365,46.679149291517646
us100096yu,2017-07-05 15:45:43.470000+00:00,2017,7,2017-07,4.6,"36 km SSW of Puerto San José, Guatemala",Nicaragua,NIC,367.77689595451756,31.723611126185656
us100096z1,2017-07-05 16:07:36.540000+00:00,2017,7,2017-07,5.1,"24 km S of Iztapa, Guatemala",Nicaragua,NIC,349.77954263300757,61.72532336198308
us10009885,2017-07-08 18:44:25+00:00,2017,7,2017-07,4.5,"96 km W of Sardinal, Costa Rica",Nicaragua,NIC,102.84247543128755,106.33602019405701
us1000993a,2017-07-12 10:08:41.850000+00:00,2017,7,2017-07,4.6,"21 km S of Acajutla, El Salvador",Nicaragua,NIC,241.18877328354657,59.74000207181956
us20009xwz,2017-07-19 11:26:18.080000+00:00,2017,7,2017-07,4.8,"3 km WSW of Fraijanes, Guatemala",Nicaragua,NIC,354.62608425924515,42.65198446331023
us20009yd9,2017-07-20 08:03:19.570000+00:00,2017,7,2017-07,4.7,"61 km SSW of Chirilagua, El Salvador",Nicaragua,NIC,73.98960657831341,154.64419091589681
us2000a16h,2017-07-26 02:37:27.250000+00:00,2017,7,2017-07,4.7,"13 km SW of Amapala, Honduras",Nicaragua,NIC,24.070657603845568,198.4866176584438
us2000a22i,2017-07-28 05:46:25.930000+00:00,2017,7,2017-07,4.5,"70 km SW of San Juan del Sur, Nicaragua",Nicaragua,NIC,67.31769926360059,127.00519141652373
us2000a5fz,2017-08-07 06:15:01.270000+00:00,2017,8,2017-08,4.7,"76 km SSW of Acajutla, El Salvador",Nicaragua,NIC,267.9666998620536,58.62970440292014
us2000a5gu,2017-08-07 10:47:29.950000+00:00,2017,8,2017-08,4.7,off the coast of Costa Rica,Nicaragua,NIC,170.53099536590452,95.43257638495241
us2000a9xx,2017-08-20 15:39:20.380000+00:00,2017,8,2017-08,4.9,"9 km WNW of La Paz Centro, Nicaragua",Nicaragua,NIC,0.0,281.8382931264455
us2000aa12,2017-08-20 23:28:57.090000+00:00,2017,8,2017-08,5.3,"32 km SSE of Champerico, Guatemala",Nicaragua,NIC,479.01636030379194,40.72200846877542
us2000ac50,2017-08-26 23:33:13.100000+00:00,2017,8,2017-08,4.7,"10 km N of Champerico, Guatemala",Nicaragua,NIC,497.478511198572,18.609689995136122
us2000ac8c,2017-08-27 10:38:58.950000+00:00,2017,8,2017-08,4.8,"42 km SW of Daniel Flores, Costa Rica",Nicaragua,NIC,188.34048847535627,97.95437223475989
us2000addm,2017-08-31 05:48:32.240000+00:00,2017,8,2017-08,5.0,"53 km SSW of Nueva Concepción, Guatemala",Nicaragua,NIC,437.7938574774985,35.42768033992244
us2000ads0,2017-09-01 07:42:45.010000+00:00,2017,9,2017-09,5.4,"7 km SW of Nicoya, Costa Rica",Nicaragua,NIC,110.14642901024195,288.94824991285634
us2000ae42,2017-09-02 10:38:16.830000+00:00,2017,9,2017-09,4.7,"16 km W of Jacó, Costa Rica",Nicaragua,NIC,147.29923900088426,107.18740740840413
us2000aejq,2017-09-02 22:10:16.570000+00:00,2017,9,2017-09,4.7,"25 km W of Villa El Carmen, Nicaragua",Nicaragua,NIC,6.486128341053752,216.72826348609945
us2000aerc,2017-09-03 03:21:42.570000+00:00,2017,9,2017-09,5.0,"99 km SW of Corinto, Nicaragua",Nicaragua,NIC,97.70397206205739,194.0164350397527
us2000ag1l,2017-09-05 11:28:31.830000+00:00,2017,9,2017-09,4.5,"4 km S of Puerto Armuelles, Panama",Nicaragua,NIC,301.23588146355036,39.434341640887595
us2000ahew,2017-09-07 08:42:33.230000+00:00,2017,9,2017-09,4.7,"58 km SSW of Intipucá, El Salvador",Nicaragua,NIC,63.584184547931116,162.90285569271296
us2000ajp5,2017-09-10 21:23:10.520000+00:00,2017,9,2017-09,4.6,"59 km SSE of Champerico, Guatemala",Nicaragua,NIC,455.193782872765,20.490816281955663
us2000at4h,2017-09-16 21:08:04.070000+00:00,2017,9,2017-09,4.5,"85 km SSW of Masachapa, Nicaragua",Nicaragua,NIC,80.68093676552803,118.79647982762796
us2000apg4,2017-09-17 08:17:20.510000+00:00,2017,9,2017-09,4.6,"79 km S of Boca Chica, Panama",Nicaragua,NIC,408.3221292831774,25.902385467859208
us2000arfs,2017-09-20 02:37:35.560000+00:00,2017,9,2017-09,4.9,"4 km ENE of Acatenango, Guatemala",Nicaragua,NIC,404.03454411005,37.38093283917411
us2000axrm,2017-10-02 10:22:14.140000+00:00,2017,10,2017-10,4.9,"94 km WSW of Jiquilillo, Nicaragua",Nicaragua,NIC,89.64809968563719,180.0245048009261
us2000b2q3,2017-10-08 03:38:47+00:00,2017,10,2017-10,4.9,"80 km SW of Corinto, Nicaragua",Nicaragua,NIC,80.48549318781014,188.46381241809223
us2000b2qc,2017-10-08 04:13:22.680000+00:00,2017,10,2017-10,4.5,"96 km SW of Corinto, Nicaragua",Nicaragua,NIC,96.75420935907553,109.62280332872955
us2000b2qg,2017-10-08 04:27:59.570000+00:00,2017,10,2017-10,4.5,"91 km SW of Corinto, Nicaragua",Nicaragua,NIC,91.64148528169879,112.46128542110357
us1000aquq,2017-10-12 17:44:36.350000+00:00,2017,10,2017-10,4.6,"2 km NW of Cuyotenango, Guatemala",Nicaragua,NIC,472.0863172356598,18.83118227939767
us1000as1i,2017-10-14 06:19:17.360000+00:00,2017,10,2017-10,4.8,"48 km SSW of Puerto El Triunfo, El Salvador",Nicaragua,NIC,113.81564622032494,142.1845685418319
us1000atj1,2017-10-17 23:03:40.150000+00:00,2017,10,2017-10,4.8,"43 km W of Jiquilillo, Nicaragua",Nicaragua,NIC,29.77628132942857,216.4420440179387
us1000ayit,2017-10-30 14:28:00.540000+00:00,2017,10,2017-10,4.5,"39 km SSW of Champerico, Guatemala",Nicaragua,NIC,494.4908477117992,15.004681023878515
us2000bhe0,2017-11-02 22:13:09.410000+00:00,2017,11,2017-11,4.6,"64 km SSW of Nueva Concepción, Guatemala",Nicaragua,NIC,429.2438132275906,23.329686486917804
us2000biid,2017-11-04 18:12:27.820000+00:00,2017,11,2017-11,5.2,"9 km SW of Champerico, Guatemala",Nicaragua,NIC,499.3917187551651,32.77816681969794
us2000bmhe,2017-11-13 02:28:23.680000+00:00,2017,11,2017-11,6.5,"18 km W of Parrita, Costa Rica",Nicaragua,NIC,147.0012546534276,852.6893355315518
us2000bsxm,2017-11-13 02:32:30.820000+00:00,2017,11,2017-11,5.3,"20 km SSE of Jacó, Costa Rica",Nicaragua,NIC,156.27765829382128,204.47837107299333
us2000bmjs,2017-11-13 10:01:27.200000+00:00,2017,11,2017-11,4.6,"28 km SSW of Puerto El Triunfo, El Salvador",Nicaragua,NIC,110.36398407031707,114.90730886978439
us2000bti0,2017-11-14 16:06:06.090000+00:00,2017,11,2017-11,4.5,"19 km SSE of Jacó, Costa Rica",Nicaragua,NIC,156.13175079995918,81.4637149064322
us2000bngv,2017-11-14 19:46:29.450000+00:00,2017,11,2017-11,4.9,"59 km W of Masachapa, Nicaragua",Nicaragua,NIC,53.99818627569335,215.15152481053155
us2000bnjg,2017-11-14 21:21:23.550000+00:00,2017,11,2017-11,5.1,"45 km WSW of Ciudad Cortés, Costa Rica",Nicaragua,NIC,214.54568191954695,121.37240878375391
us2000bnme,2017-11-14 23:53:38.390000+00:00,2017,11,2017-11,4.5,"81 km SSW of La Gomera, Guatemala",Nicaragua,NIC,424.37403379785775,21.30509594292535
us2000bu2r,2017-11-17 21:43:55.880000+00:00,2017,11,2017-11,4.5,"75 km SSE of Punta de Burica, Panama",Nicaragua,NIC,399.1383355240916,24.170304227305845
us2000buht,2017-11-26 14:14:18.900000+00:00,2017,11,2017-11,4.8,"50 km S of Puerto El Triunfo, El Salvador",Nicaragua,NIC,95.79485529457598,155.5908719888547
us2000bul8,2017-11-26 20:32:59.790000+00:00,2017,11,2017-11,4.7,"62 km SSW of Acajutla, El Salvador",Nicaragua,NIC,259.07669390674533,61.294584755690586
us2000bvpw,2017-11-28 23:34:21.170000+00:00,2017,11,2017-11,4.5,"62 km S of Champerico, Guatemala",Nicaragua,NIC,467.3172076507918,17.18832580282916
us2000c456,2017-12-14 01:11:09.420000+00:00,2017,12,2017-12,4.8,"17 km WSW of Arenas, Panama",Nicaragua,NIC,493.6409218022444,21.284936462121536
us1000buca,2017-12-14 23:25:06.070000+00:00,2017,12,2017-12,4.5,"10 km NNE of Jiquilillo, Nicaragua",Nicaragua,NIC,0.0,177.82794100389228
us2000c4rw,2017-12-15 09:07:43.960000+00:00,2017,12,2017-12,5.1,"8 km SSW of Zunil, Guatemala",Nicaragua,NIC,473.02954149365223,33.32954629336048
us1000bt2g,2017-12-19 14:13:35.640000+00:00,2017,12,2017-12,4.5,"99 km SSW of La Gomera, Guatemala",Nicaragua,NIC,428.381921284174,20.882403213341057
us1000bu20,2017-12-20 23:24:36.090000+00:00,2017,12,2017-12,4.7,"43 km WSW of Ciudad Cortés, Costa Rica",Nicaragua,NIC,219.30207285840646,74.78105699996283
us1000bvtl,2017-12-25 02:18:11.950000+00:00,2017,12,2017-12,4.5,"168 km S of Punta de Burica, Panama",Nicaragua,NIC,491.09580128853037,15.261563115119568
us1000bxd1,2017-12-28 23:01:54.470000+00:00,2017,12,2017-12,4.8,"24 km NW of La Fortuna, Costa Rica",Nicaragua,NIC,37.758734860981384,207.97347528072834
us1000bxl7,2017-12-29 09:42:40.870000+00:00,2017,12,2017-12,5.3,"51 km SSW of Champerico, Guatemala",Nicaragua,NIC,496.8313875791029,37.25155014306776
us1000bxyc,2017-12-29 22:12:02.650000+00:00,2017,12,2017-12,4.5,"44 km S of Puerto El Triunfo, El Salvador",Nicaragua,NIC,101.15736883528055,107.23574283799904
us1000byr6,2018-01-01 09:40:08.750000+00:00,2018,1,2018-01,4.5,"39 km NW of Guanaja, Honduras",Nicaragua,NIC,257.32614971889564,49.11604240401525
us1000byz2,2018-01-02 09:40:29.790000+00:00,2018,1,2018-01,4.6,"7 km S of La Paz Centro, Nicaragua",Nicaragua,NIC,0.0,199.52623149688787
us1000bzb5,2018-01-03 13:38:40.300000+00:00,2018,1,2018-01,5.2,"32 km S of La Libertad, El Salvador",Nicaragua,NIC,179.7083714460422,162.09448153117143
us1000c0mp,2018-01-04 11:43:06.610000+00:00,2018,1,2018-01,4.6,"11 km N of San Cristóbal Verapaz, Guatemala",Nicaragua,NIC,432.9861948404177,22.89720245783268
us1000c1nx,2018-01-07 08:55:29.710000+00:00,2018,1,2018-01,5.3,"54 km S of Intipucá, El Salvador",Nicaragua,NIC,56.217993708242986,337.2284277534991
us1000c1sh,2018-01-07 19:01:28.720000+00:00,2018,1,2018-01,4.5,"68 km SW of Puerto San José, Guatemala",Nicaragua,NIC,401.9923185267962,23.82784528139482
us1000c2zy,2018-01-10 02:51:33.290000+00:00,2018,1,2018-01,7.5,"203 km NNE of Barra Patuca, Honduras",Nicaragua,NIC,284.66075189668726,1354.7745547926306
us1000c313,2018-01-10 04:12:02.150000+00:00,2018,1,2018-01,4.5,"196 km NNE of Barra Patuca, Honduras",Nicaragua,NIC,281.81765213942793,43.455099018850284
us1000c31h,2018-01-10 04:51:34.420000+00:00,2018,1,2018-01,4.6,"215 km NNE of Barra Patuca, Honduras",Nicaragua,NIC,280.1745929886581,49.15962954368889
us1000c31j,2018-01-10 04:57:23.740000+00:00,2018,1,2018-01,4.5,"216 km NNE of Barra Patuca, Honduras",Nicaragua,NIC,286.1317331193454,42.52779208575353
us2000ciby,2018-01-11 16:00:26.070000+00:00,2018,1,2018-01,4.6,"21 km ESE of Bijagua, Costa Rica",Nicaragua,NIC,30.695662246974305,171.1375129536646
us2000cidd,2018-01-11 17:03:18.470000+00:00,2018,1,2018-01,5.0,"17 km ESE of Bijagua, Costa Rica",Nicaragua,NIC,31.943745268710597,269.54733261213676
us2000ciha,2018-01-11 19:57:23.600000+00:00,2018,1,2018-01,4.8,"17 km ESE of Bijagua, Costa Rica",Nicaragua,NIC,27.63811501719967,218.76840265009068
us2000ciqn,2018-01-12 04:23:25+00:00,2018,1,2018-01,4.6,"82 km SSW of Puerto El Triunfo, El Salvador",Nicaragua,NIC,130.540375529238,103.88077385128788
us2000cpsh,2018-01-12 22:11:19.560000+00:00,2018,1,2018-01,4.8,"4 km N of Armenia, El Salvador",Nicaragua,NIC,223.26771464020345,82.25841134296618
us2000cjie,2018-01-14 15:21:00.080000+00:00,2018,1,2018-01,4.8,"101 km SW of Jiquilillo, Nicaragua",Nicaragua,NIC,101.1704424299997,151.46461162584174
us2000cjqf,2018-01-15 19:09:23.920000+00:00,2018,1,2018-01,4.5,"87 km SW of Jiquilillo, Nicaragua",Nicaragua,NIC,88.31965646129696,114.34476934598807
us2000cjvr,2018-01-16 08:24:04.960000+00:00,2018,1,2018-01,4.9,"130 km SSW of La Libertad, El Salvador",Nicaragua,NIC,220.95689521778175,93.36803059076516
us2000cjyj,2018-01-16 15:03:53.300000+00:00,2018,1,2018-01,5.8,"63 km SW of San Juan del Sur, Nicaragua",Nicaragua,NIC,61.2900033324549,584.6695132731944
us2000cm69,2018-01-21 19:06:02.310000+00:00,2018,1,2018-01,5.0,"80 km SW of Masachapa, Nicaragua",Nicaragua,NIC,82.1813798802496,209.6743961816122
us2000cmgb,2018-01-22 13:58:02.290000+00:00,2018,1,2018-01,4.5,"127 km ENE of Barra Patuca, Honduras",Nicaragua,NIC,161.00570482288632,79.50245765820702
us2000cqd2,2018-01-27 14:40:36.020000+00:00,2018,1,2018-01,4.7,"27 km NNW of Brus Laguna, Honduras",Nicaragua,NIC,138.1625305930412,112.19768000648939
us2000cr88,2018-01-30 09:45:17.510000+00:00,2018,1,2018-01,4.6,"11 km SE of Golfito, Costa Rica",Nicaragua,NIC,262.88189962490486,53.59931112034415
us2000crjv,2018-01-31 00:09:49.290000+00:00,2018,1,2018-01,4.5,"6 km SSE of La Paz Centro, Nicaragua",Nicaragua,NIC,0.0,177.82794100389228
us1000ceay,2018-02-02 12:40:16.380000+00:00,2018,2,2018-02,4.6,"148 km WSW of Masachapa, Nicaragua",Nicaragua,NIC,149.11808276250065,94.66603719039958
us2000d0ik,2018-02-11 10:29:23.410000+00:00,2018,2,2018-02,5.3,"16 km WNW of Limones, Panama",Nicaragua,NIC,303.2259897124319,98.07382857727073
us2000d0t8,2018-02-12 05:29:04.810000+00:00,2018,2,2018-02,4.5,"126 km SSW of Puerto El Triunfo, El Salvador",Nicaragua,NIC,158.5899812362102,80.46856031586145
us2000d303,2018-02-16 01:03:28.500000+00:00,2018,2,2018-02,4.7,"33 km SW of Jiquilillo, Nicaragua",Nicaragua,NIC,33.17207718483494,189.65650785220495
us2000d35e,2018-02-16 11:01:27.460000+00:00,2018,2,2018-02,5.0,"50 km S of Intipucá, El Salvador",Nicaragua,NIC,49.22200671135,247.23831237946374
us2000d364,2018-02-16 11:43:33.320000+00:00,2018,2,2018-02,4.8,"70 km SW of Acajutla, El Salvador",Nicaragua,NIC,279.2566468803961,62.173010375520725
us2000d4xl,2018-02-19 20:54:29.660000+00:00,2018,2,2018-02,4.5,"126 km S of La Libertad, El Salvador",Nicaragua,NIC,214.33182480871181,60.89538154819382
us2000d6bt,2018-02-22 11:19:04.300000+00:00,2018,2,2018-02,4.7,"107 km SW of Jiquilillo, Nicaragua",Nicaragua,NIC,106.14021520366231,131.67988880799808
us2000d7a6,2018-02-24 01:50:53.720000+00:00,2018,2,2018-02,4.9,"51 km SSW of Intipucá, El Salvador",Nicaragua,NIC,55.802253995471865,213.21951201156148
us2000d84z,2018-02-26 13:15:01.080000+00:00,2018,2,2018-02,4.9,"8 km WSW of Golfito, Costa Rica",Nicaragua,NIC,253.22366986152008,79.4569311663748
us2000dbj3,2018-03-03 01:02:54.220000+00:00,2018,3,2018-03,4.7,"23 km W of Golfito, Costa Rica",Nicaragua,NIC,243.0135875872171,66.42058547172113
us2000dbyd,2018-03-04 05:01:26.170000+00:00,2018,3,2018-03,4.5,"23 km S of La Libertad, El Salvador",Nicaragua,NIC,183.02036071591039,71.21579656349364
us2000dcdu,2018-03-05 11:35:52.600000+00:00,2018,3,2018-03,4.6,"41 km N of Savannah Bight, Honduras",Nicaragua,NIC,255.88249053086383,55.50833897302759
us1000d2dx,2018-03-09 17:23:32.480000+00:00,2018,3,2018-03,4.6,"58 km W of Masachapa, Nicaragua",Nicaragua,NIC,51.87979733104908,153.9375079047374
us1000d3am,2018-03-12 06:44:11.860000+00:00,2018,3,2018-03,4.6,"0 km NW of Jinotepe, Nicaragua",Nicaragua,NIC,0.0,199.52623149688787
us1000d7us,2018-03-23 07:37:15.970000+00:00,2018,3,2018-03,4.8,"9 km W of San Marcos, Costa Rica",Nicaragua,NIC,121.70894223418127,136.6823351659987
us1000d865,2018-03-23 17:16:25.420000+00:00,2018,3,2018-03,4.6,"5 km S of Santa Bárbara, Guatemala",Nicaragua,NIC,426.4203874505611,23.661370381534443
us1000da76,2018-03-28 16:05:14.270000+00:00,2018,3,2018-03,4.6,"91 km WSW of Masachapa, Nicaragua",Nicaragua,NIC,87.43063862638667,128.86850208234176
us1000daje,2018-03-29 01:21:48.590000+00:00,2018,3,2018-03,4.7,"11 km SE of Nueva Concepción, Guatemala",Nicaragua,NIC,417.429436330862,27.769208165373623
us1000dcmj,2018-04-02 20:29:13.320000+00:00,2018,4,2018-04,4.5,"85 km SW of Corinto, Nicaragua",Nicaragua,NIC,84.80744123388945,116.3705216817315
us1000dcru,2018-04-02 23:23:17.670000+00:00,2018,4,2018-04,5.9,"24 km SW of Puerto El Triunfo, El Salvador",Nicaragua,NIC,112.42101255930181,508.02007348697043
us1000ddpb,2018-04-03 16:00:50.900000+00:00,2018,4,2018-04,4.8,"36 km SW of Puerto El Triunfo, El Salvador",Nicaragua,NIC,124.68160697141153,134.66580467288782
us2000dw1j,2018-04-07 13:26:17.740000+00:00,2018,4,2018-04,4.9,"78 km SW of Masachapa, Nicaragua",Nicaragua,NIC,79.88085603786733,189.0344356455281
us2000dwar,2018-04-08 05:08:20.900000+00:00,2018,4,2018-04,5.2,"43 km SW of Nueva Concepción, Guatemala",Nicaragua,NIC,441.8267977828914,43.71045213835286
us2000dwb7,2018-04-08 05:34:28.230000+00:00,2018,4,2018-04,4.5,"58 km SSE of Champerico, Guatemala",Nicaragua,NIC,457.1152064738701,18.08784972355922
us2000dwqs,2018-04-09 03:37:36.060000+00:00,2018,4,2018-04,4.8,"77 km SW of Ciudad Cortés, Costa Rica",Nicaragua,NIC,243.04613110437896,74.51299708332087
us2000dwr6,2018-04-09 04:32:22.660000+00:00,2018,4,2018-04,4.9,"207 km NNE of Barra Patuca, Honduras",Nicaragua,NIC,288.425969407757,66.63324524135179
us1000dqc6,2018-04-22 17:25:54.820000+00:00,2018,4,2018-04,4.6,"108 km SW of Jiquilillo, Nicaragua",Nicaragua,NIC,106.67867922971746,117.04427918069045
us1000dr32,2018-04-24 02:29:52.640000+00:00,2018,4,2018-04,5.6,"42 km SW of Jiquilillo, Nicaragua",Nicaragua,NIC,42.463432194576455,510.26035701699215
us1000dsd7,2018-04-25 22:18:24.560000+00:00,2018,4,2018-04,4.9,"5 km ENE of Quesada, Guatemala",Nicaragua,NIC,298.8673726507613,63.24376935800873
us1000dtrv,2018-04-28 01:48:22.050000+00:00,2018,4,2018-04,4.6,"37 km SW of La Paz Centro, Nicaragua",Nicaragua,NIC,17.271675009484483,183.01851797439946
us1000du0l,2018-04-28 15:53:41.540000+00:00,2018,4,2018-04,4.7,"133 km SSW of Masachapa, Nicaragua",Nicaragua,NIC,129.10353861105983,117.39652126492108
us1000dxty,2018-05-04 11:09:31.430000+00:00,2018,5,2018-05,4.7,"39 km S of Champerico, Guatemala",Nicaragua,NIC,480.0151361539084,20.30768300843022
us1000dylw,2018-05-05 05:52:26.100000+00:00,2018,5,2018-05,4.5,"45 km W of Sardinal, Costa Rica",Nicaragua,NIC,68.92331326279592,125.98966665610968
us1000dys9,2018-05-05 12:05:18.690000+00:00,2018,5,2018-05,4.9,"47 km WNW of Sardinal, Costa Rica",Nicaragua,NIC,59.29904839431548,209.52398839036127
us1000dz60,2018-05-06 04:58:22.070000+00:00,2018,5,2018-05,4.9,"2 km ESE of Conchagua, El Salvador",Nicaragua,NIC,38.25721278867482,232.7692021398447
us1000dz6f,2018-05-06 05:19:21.350000+00:00,2018,5,2018-05,4.8,"5 km SSW of Jinotepe, Nicaragua",Nicaragua,NIC,0.0,251.18864315095797
us1000dzap,2018-05-06 12:37:58.950000+00:00,2018,5,2018-05,5.2,"3 km NE of Intipucá, El Salvador",Nicaragua,NIC,49.27495649440002,311.1722008146881
us1000dzau,2018-05-06 12:44:28.080000+00:00,2018,5,2018-05,5.2,"10 km WSW of Conchagua, El Salvador",Nicaragua,NIC,46.15382995546699,316.06632854102713
us1000dzcv,2018-05-06 14:52:54.180000+00:00,2018,5,2018-05,4.8,"4 km NW of Intipucá, El Salvador",Nicaragua,NIC,54.200790509842484,191.5598458253117
us1000dzfb,2018-05-06 17:43:41.120000+00:00,2018,5,2018-05,4.5,"13 km NE of Chirilagua, El Salvador",Nicaragua,NIC,58.82607651384596,132.5137053482136
us1000dzgj,2018-05-06 18:58:16.660000+00:00,2018,5,2018-05,4.5,"11 km S of San Alejo, El Salvador",Nicaragua,NIC,51.04965390905,137.7675975373802
us1000dzgr,2018-05-06 19:02:22.360000+00:00,2018,5,2018-05,5.4,"10 km S of Intipucá, El Salvador",Nicaragua,NIC,45.461516042032905,399.28369164511514
us1000dzs2,2018-05-07 06:57:03.270000+00:00,2018,5,2018-05,4.6,"75 km SW of Acajutla, El Salvador",Nicaragua,NIC,282.57596262519934,48.57290672961181
us1000e133,2018-05-08 23:07:32.830000+00:00,2018,5,2018-05,4.7,"11 km W of Conchagua, El Salvador",Nicaragua,NIC,49.632225199938155,174.67268349259433
us1000e1ki,2018-05-09 20:25:21.120000+00:00,2018,5,2018-05,4.6,"5 km N of Puerto Morazán, Nicaragua",Nicaragua,NIC,0.0,199.52623149688787
us1000e3av,2018-05-11 21:34:26.750000+00:00,2018,5,2018-05,4.5,"83 km SSW of Nueva Concepción, Guatemala",Nicaragua,NIC,449.3755548363525,18.801538189038794
us1000e45f,2018-05-13 15:59:48.500000+00:00,2018,5,2018-05,4.7,"11 km NW of Puerto Morazán, Nicaragua",Nicaragua,NIC,0.0,223.872113856834
us1000e7u8,2018-05-18 06:04:13.700000+00:00,2018,5,2018-05,4.5,"94 km SSW of La Libertad, El Salvador",Nicaragua,NIC,227.7035515224664,56.957119863108915
us1000eais,2018-05-23 12:42:44.160000+00:00,2018,5,2018-05,4.9,"73 km SSE of Punta de Burica, Panama",Nicaragua,NIC,397.36301645401176,38.6489031491229
us1000eis8,2018-06-05 04:54:47.550000+00:00,2018,6,2018-06,4.6,"102 km S of Champerico, Guatemala",Nicaragua,NIC,487.5705541191082,17.428258546917647
us1000ek4g,2018-06-06 23:38:19.930000+00:00,2018,6,2018-06,4.7,"71 km SSW of Masachapa, Nicaragua",Nicaragua,NIC,67.23746465642763,159.9542193540425
us1000elmq,2018-06-08 22:36:54.370000+00:00,2018,6,2018-06,4.5,"10 km N of Cárdenas, Nicaragua",Nicaragua,NIC,0.0,177.82794100389228
us1000eu39,2018-06-18 02:32:55.870000+00:00,2018,6,2018-06,5.7,"12 km SW of Guanagazapa, Guatemala",Nicaragua,NIC,363.5203459760071,114.9808721217611
us1000eviu,2018-06-19 14:41:34.820000+00:00,2018,6,2018-06,4.5,"13 km SE of Upala, Costa Rica",Nicaragua,NIC,16.450883687234274,163.78621998435227
us1000ezw9,2018-06-23 21:54:34.240000+00:00,2018,6,2018-06,4.5,"92 km SSW of Puerto El Triunfo, El Salvador",Nicaragua,NIC,136.8049659881654,89.72878578058211
us1000f0sl,2018-06-25 03:33:29.500000+00:00,2018,6,2018-06,4.5,"118 km S of Punta de Burica, Panama",Nicaragua,NIC,441.28256262940675,19.577944383881963
us1000f0tn,2018-06-25 05:19:58.830000+00:00,2018,6,2018-06,4.5,"34 km S of Iztapa, Guatemala",Nicaragua,NIC,346.37020067531444,31.46782061381132
us1000f2vn,2018-06-27 00:13:59.330000+00:00,2018,6,2018-06,4.5,"95 km SSW of Puerto El Triunfo, El Salvador",Nicaragua,NIC,152.30626174120135,83.03690524929429
us1000f3bt,2018-06-27 14:45:20.930000+00:00,2018,6,2018-06,4.8,"27 km SW of Tiquisate, Guatemala",Nicaragua,NIC,452.0913965591902,26.199681138055276
us2000g060,2018-07-09 07:11:48.750000+00:00,2018,7,2018-07,4.7,"5 km S of Jucuapa, El Salvador",Nicaragua,NIC,98.0608588486818,137.10823827451273
us2000g2ta,2018-07-12 07:56:23.020000+00:00,2018,7,2018-07,4.6,"45 km SSW of La Libertad, El Salvador",Nicaragua,NIC,205.6595856060348,71.3535991227125
us2000g8d0,2018-07-19 01:27:19.230000+00:00,2018,7,2018-07,4.5,"54 km SSW of La Gomera, Guatemala",Nicaragua,NIC,404.852493086421,23.489511298773753
us2000gci3,2018-07-24 10:51:21+00:00,2018,7,2018-07,4.8,"30 km S of Intipucá, El Salvador",Nicaragua,NIC,35.52380510218623,210.3105394414656
us2000gddm,2018-07-25 09:43:46.740000+00:00,2018,7,2018-07,4.6,"9 km W of Parrita, Costa Rica",Nicaragua,NIC,143.95855044031862,97.13997326388102
us2000gfiz,2018-07-27 20:42:02.690000+00:00,2018,7,2018-07,5.3,"57 km SSW of Intipucá, El Salvador",Nicaragua,NIC,62.386694189361044,326.98589175533823
us2000gi7n,2018-07-31 14:25:29.510000+00:00,2018,7,2018-07,4.5,"47 km WNW of Sardinal, Costa Rica",Nicaragua,NIC,64.63912551643975,128.7175966874902
us1000g3aa,2018-08-04 05:46:02.740000+00:00,2018,8,2018-08,4.9,"77 km S of Puerto San José, Guatemala",Nicaragua,NIC,350.1005825185559,48.95152708104575
us1000g5cv,2018-08-04 05:47:18.370000+00:00,2018,8,2018-08,4.6,"96 km S of Puerto San José, Guatemala",Nicaragua,NIC,339.4455473526889,36.55134473312134
us1000g3dz,2018-08-04 10:27:08.620000+00:00,2018,8,2018-08,5.1,"76 km S of Puerto San José, Guatemala",Nicaragua,NIC,349.73537995450187,61.73895464496909
us1000g3ln,2018-08-04 20:18:36.480000+00:00,2018,8,2018-08,4.5,"77 km S of Puerto San José, Guatemala",Nicaragua,NIC,357.67095265958,29.739070785441847
us1000g5kw,2018-08-09 00:25:58.620000+00:00,2018,8,2018-08,5.0,"131 km S of La Libertad, El Salvador",Nicaragua,NIC,200.14905331517014,116.2470265306377
us1000g60s,2018-08-09 19:21:51.990000+00:00,2018,8,2018-08,5.6,"59 km SW of Puerto San José, Guatemala",Nicaragua,NIC,401.05754632187393,84.94045900755768
us1000g9i4,2018-08-15 06:15:17.720000+00:00,2018,8,2018-08,4.5,"6 km S of Tejar, Costa Rica",Nicaragua,NIC,121.53659937364421,96.84710156648589
us1000g9n5,2018-08-15 14:19:36.160000+00:00,2018,8,2018-08,4.7,"8 km W of Amapala, Honduras",Nicaragua,NIC,29.713097535958152,192.96512649766314
us1000ga21,2018-08-15 22:43:58.410000+00:00,2018,8,2018-08,5.2,"145 km SW of Corinto, Nicaragua",Nicaragua,NIC,147.06561319797754,190.83194579576542
us1000gc0k,2018-08-17 23:22:24.950000+00:00,2018,8,2018-08,6.1,"19 km NNW of Golfito, Costa Rica",Nicaragua,NIC,233.1187863129764,349.7751788916326
us1000gc16,2018-08-17 23:49:36.700000+00:00,2018,8,2018-08,4.6,"16 km W of San Vito, Costa Rica",Nicaragua,NIC,232.84285041954013,62.285674889693745
us1000gcsd,2018-08-19 02:20:33.530000+00:00,2018,8,2018-08,4.6,"13 km NNW of Golfito, Costa Rica",Nicaragua,NIC,239.36230932477287,60.28806561198111
us1000gf9u,2018-08-22 10:28:59.290000+00:00,2018,8,2018-08,4.6,"14 km WNW of Golfito, Costa Rica",Nicaragua,NIC,243.48073904731885,59.059299690394155
us2000h52e,2018-08-29 21:33:42.320000+00:00,2018,8,2018-08,5.4,"7 km NNW of Golfito, Costa Rica",Nicaragua,NIC,245.8253811340976,146.62126674626256
us2000h59l,2018-08-30 08:02:09.490000+00:00,2018,8,2018-08,4.7,"13 km NNE of Golfito, Costa Rica",Nicaragua,NIC,241.92387104907212,66.78347123281817
us2000h78f,2018-09-03 18:11:34.460000+00:00,2018,9,2018-09,4.6,"9 km N of San Carlos Sija, Guatemala",Nicaragua,NIC,493.81528415158226,16.892492511289518
us2000hdas,2018-09-12 06:29:53.150000+00:00,2018,9,2018-09,5.4,"20 km SW of La Paz Centro, Nicaragua",Nicaragua,NIC,1.202997359971008,498.1816473754176
us2000hdfj,2018-09-12 15:35:16.080000+00:00,2018,9,2018-09,4.7,"9 km SSE of Conchagua, El Salvador",Nicaragua,NIC,31.856807021235305,190.90786575711692
us2000heeg,2018-09-14 01:36:00.570000+00:00,2018,9,2018-09,4.5,"18 km WNW of Golfito, Costa Rica",Nicaragua,NIC,238.93886320760964,53.84567815069205
us2000hgxx,2018-09-19 00:59:28.710000+00:00,2018,9,2018-09,4.5,"10 km SW of Posoltega, Nicaragua",Nicaragua,NIC,0.0,177.82794100389228
us2000hhz5,2018-09-21 02:07:28.320000+00:00,2018,9,2018-09,4.6,"43 km SE of Mountain, Colombia",Nicaragua,NIC,235.22191231194304,61.549156752073
us2000hive,2018-09-23 04:37:46.130000+00:00,2018,9,2018-09,4.6,"37 km SE of Mountain, Colombia",Nicaragua,NIC,228.31918893788674,63.71052453095173
us2000hj64,2018-09-24 00:39:55.210000+00:00,2018,9,2018-09,4.8,"73 km SSW of Masachapa, Nicaragua",Nicaragua,NIC,72.44480945607123,174.8590421462286
us2000hjs8,2018-09-25 15:37:14.720000+00:00,2018,9,2018-09,4.7,"33 km SE of Mountain, Colombia",Nicaragua,NIC,224.9590104859279,72.69553138225409
us2000hjsk,2018-09-25 16:06:02.650000+00:00,2018,9,2018-09,4.5,"34 km SE of Mountain, Colombia",Nicaragua,NIC,225.6535710438143,57.543927002747594
us1000h4pt,2018-09-30 17:13:21.030000+00:00,2018,9,2018-09,4.5,"79 km SW of Acajutla, El Salvador",Nicaragua,NIC,297.10904079552387,40.25649089194367
us1000h78n,2018-10-04 19:59:41.540000+00:00,2018,10,2018-10,4.7,"45 km SE of Mountain, Colombia",Nicaragua,NIC,237.18311000124572,68.38540458027833
us1000h8au,2018-10-07 00:26:43.620000+00:00,2018,10,2018-10,4.9,"63 km SSW of Intipucá, El Salvador",Nicaragua,NIC,67.5174530114361,201.08872182379025
us1000h93j,2018-10-09 01:48:07.140000+00:00,2018,10,2018-10,4.9,"47 km SSE of Quepos, Costa Rica",Nicaragua,NIC,191.16649387369014,108.36455026739232
us1000h9v1,2018-10-10 08:01:34.230000+00:00,2018,10,2018-10,4.7,"78 km SSW of Masachapa, Nicaragua",Nicaragua,NIC,69.56000539471988,158.10746207665156
us1000hbcu,2018-10-12 21:09:49.310000+00:00,2018,10,2018-10,5.7,"11 km E of Nueva Concepción, Guatemala",Nicaragua,NIC,416.2722262391706,88.32351532151392
us1000hc9i,2018-10-15 09:05:42.040000+00:00,2018,10,2018-10,4.9,"109 km S of Puerto San José, Guatemala",Nicaragua,NIC,343.09827380047955,50.695751428580344
us1000hfen,2018-10-22 01:28:42.140000+00:00,2018,10,2018-10,4.7,"5 km S of Plaza de Caisán, Panama",Nicaragua,NIC,256.8704567641982,61.97447983322637
us1000hflp,2018-10-22 14:12:35.700000+00:00,2018,10,2018-10,4.7,"56 km W of Sardinal, Costa Rica",Nicaragua,NIC,72.96303637258326,155.43999714051128
us1000hgcf,2018-10-23 23:38:58.830000+00:00,2018,10,2018-10,4.5,"46 km SSW of La Libertad, El Salvador",Nicaragua,NIC,195.73397175866592,66.82963370044715
us1000hib5,2018-10-28 22:23:53.420000+00:00,2018,10,2018-10,6.1,"85 km SW of Acajutla, El Salvador",Nicaragua,NIC,298.82214097127684,251.83492888658677
us2000i61l,2018-10-29 14:02:11.160000+00:00,2018,10,2018-10,4.5,"86 km WNW of Sardinal, Costa Rica",Nicaragua,NIC,86.20397694199228,115.56077413078273
us2000i4sw,2018-10-31 17:46:59.550000+00:00,2018,10,2018-10,4.7,"52 km SSW of Corinto, Nicaragua",Nicaragua,NIC,50.44598170943557,173.9634222199051
us2000i58n,2018-11-01 11:13:09.580000+00:00,2018,11,2018-11,4.7,"21 km WSW of Puerto Armuelles, Panama",Nicaragua,NIC,297.8420533207302,50.49451426335275
us2000i59s,2018-11-01 12:52:27.760000+00:00,2018,11,2018-11,4.5,"97 km SSW of Masachapa, Nicaragua",Nicaragua,NIC,88.63387631788632,114.16526340860828
us2000i6x6,2018-11-05 07:27:20.750000+00:00,2018,11,2018-11,4.5,"94 km SSW of Puerto El Triunfo, El Salvador",Nicaragua,NIC,143.84517939454253,86.62518232449177
us2000i74a,2018-11-05 19:39:35.160000+00:00,2018,11,2018-11,4.5,"88 km SW of Acajutla, El Salvador",Nicaragua,NIC,304.02093543726306,38.88901352420712
us2000i7xq,2018-11-07 10:21:33.540000+00:00,2018,11,2018-11,4.7,"100 km SW of Acajutla, El Salvador",Nicaragua,NIC,316.53299965547683,45.98935562513959
us2000i848,2018-11-07 17:32:53.600000+00:00,2018,11,2018-11,4.6,"32 km W of Villa El Carmen, Nicaragua",Nicaragua,NIC,13.687260375228147,186.32815846701126
us1000hpmp,2018-11-09 09:20:30.960000+00:00,2018,11,2018-11,5.4,Costa Rica,Nicaragua,NIC,236.20931709506942,153.843086727194
us1000hq68,2018-11-10 05:20:57.530000+00:00,2018,11,2018-11,4.6,"80 km SW of Masachapa, Nicaragua",Nicaragua,NIC,82.44132653452526,132.1237629224918
us1000hqtw,2018-11-12 14:12:21.040000+00:00,2018,11,2018-11,4.5,"75 km SW of Acajutla, El Salvador",Nicaragua,NIC,294.1120865184706,40.86426752907068
us1000hs0v,2018-11-15 03:46:49.860000+00:00,2018,11,2018-11,4.6,"49 km W of Sardinal, Costa Rica",Nicaragua,NIC,76.9619812120895,135.79356224143086
us1000hvh0,2018-11-15 03:52:21.010000+00:00,2018,11,2018-11,4.5,"49 km W of Sardinal, Costa Rica",Nicaragua,NIC,70.46363454495804,125.02307077997054
us1000hs0z,2018-11-15 03:58:31.340000+00:00,2018,11,2018-11,4.6,"53 km W of Sardinal, Costa Rica",Nicaragua,NIC,82.89012388751898,131.82761135153072
us1000hs2g,2018-11-15 07:50:04.830000+00:00,2018,11,2018-11,4.6,"47 km W of Sardinal, Costa Rica",Nicaragua,NIC,70.56586817911855,140.20650520522352
us1000ht6l,2018-11-17 14:12:54.980000+00:00,2018,11,2018-11,4.7,"18 km NNE of Ángeles, Costa Rica",Nicaragua,NIC,64.34908912311639,162.28101986520073
us1000huth,2018-11-21 07:40:20.470000+00:00,2018,11,2018-11,4.9,"57 km W of Sardinal, Costa Rica",Nicaragua,NIC,82.65394782452846,186.43147377326792
us1000hutu,2018-11-21 08:24:36.140000+00:00,2018,11,2018-11,4.6,"59 km W of Sardinal, Costa Rica",Nicaragua,NIC,84.34832871142945,130.86994847148776
us1000huty,2018-11-21 08:46:05.120000+00:00,2018,11,2018-11,4.5,"50 km W of Sardinal, Costa Rica",Nicaragua,NIC,74.78061117982644,122.35337855210598
us1000hvjx,2018-11-22 20:49:42.830000+00:00,2018,11,2018-11,4.5,"153 km SSW of Corinto, Nicaragua",Nicaragua,NIC,153.78036180357995,82.42713164199372
us1000hw9h,2018-11-25 01:19:06.590000+00:00,2018,11,2018-11,4.6,"30 km SE of Mountain, Colombia",Nicaragua,NIC,220.60137264270787,66.21710747779893
us1000hwaj,2018-11-25 03:40:50.810000+00:00,2018,11,2018-11,6.0,"36 km SE of Mountain, Colombia",Nicaragua,NIC,227.6929764251394,320.31035874679856
us1000hwdk,2018-11-25 15:45:59.010000+00:00,2018,11,2018-11,4.9,"38 km SSE of Mountain, Colombia",Nicaragua,NIC,225.8602206907689,91.10679359083247
us1000hwds,2018-11-25 16:19:46.610000+00:00,2018,11,2018-11,4.5,"42 km SSE of Mountain, Colombia",Nicaragua,NIC,222.62080399786072,58.42316307807505
us1000hwg8,2018-11-25 20:56:36.490000+00:00,2018,11,2018-11,5.7,"41 km ESE of Mountain, Colombia",Nicaragua,NIC,233.0630030788095,220.75478153098132
us1000hyc5,2018-11-25 22:09:53.650000+00:00,2018,11,2018-11,5.0,"38 km SSE of Mountain, Colombia",Nicaragua,NIC,225.2702066893447,102.5255154724173
us1000hwjz,2018-11-26 03:43:05.400000+00:00,2018,11,2018-11,4.7,"40 km ESE of Mountain, Colombia",Nicaragua,NIC,231.34685996118296,70.41037811673047
us1000hwlf,2018-11-26 09:13:13.610000+00:00,2018,11,2018-11,4.6,"44 km SE of Mountain, Colombia",Nicaragua,NIC,236.82716099540363,61.05712546071687
us1000hww7,2018-11-27 01:17:44.810000+00:00,2018,11,2018-11,4.5,"44 km ESE of Mountain, Colombia",Nicaragua,NIC,236.15877968694323,54.599381825085565
us1000hwxg,2018-11-27 04:30:23.230000+00:00,2018,11,2018-11,4.6,"77 km SW of Acajutla, El Salvador",Nicaragua,NIC,294.7907930249526,45.6951309637656
us1000hxrz,2018-11-29 04:49:29.330000+00:00,2018,11,2018-11,4.6,"43 km SSE of Mountain, Colombia",Nicaragua,NIC,214.65326631013772,68.21601643295449
us1000i12y,2018-12-03 09:07:29.630000+00:00,2018,12,2018-12,4.5,"94 km S of Puerto El Triunfo, El Salvador",Nicaragua,NIC,123.93205325419676,95.69405668885022
us1000i1x3,2018-12-04 13:58:37.990000+00:00,2018,12,2018-12,4.5,"91 km SW of San Juan del Sur, Nicaragua",Nicaragua,NIC,90.25216920077938,113.24522648508318
us1000i2sg,2018-12-05 14:11:15.720000+00:00,2018,12,2018-12,4.6,"37 km S of Mountain, Colombia",Nicaragua,NIC,214.04290938950376,68.42451500614285
us1000i3dq,2018-12-06 09:43:55.680000+00:00,2018,12,2018-12,5.1,"5 km ENE of Chichigalpa, Nicaragua",Nicaragua,NIC,0.0,354.8133892335753
us2000itfs,2018-12-14 00:52:30.510000+00:00,2018,12,2018-12,4.5,"76 km WSW of Jiquilillo, Nicaragua",Nicaragua,NIC,69.62836006155362,125.54630553534214
us2000ivbu,2018-12-14 07:41:44.970000+00:00,2018,12,2018-12,4.6,"45 km SSE of Mountain, Colombia",Nicaragua,NIC,223.69641448578184,65.20027204918375
us2000iuhz,2018-12-17 19:33:46.980000+00:00,2018,12,2018-12,4.9,"74 km SSW of Masachapa, Nicaragua",Nicaragua,NIC,72.80420173031219,195.84283379786316
us2000ivaf,2018-12-20 08:52:36.270000+00:00,2018,12,2018-12,4.6,"73 km SW of Corinto, Nicaragua",Nicaragua,NIC,72.5476231736877,138.82409082280853
us2000j1sa,2018-12-20 17:01:49.130000+00:00,2018,12,2018-12,4.6,"6 km NE of San Juan Tecuaco, Guatemala",Nicaragua,NIC,312.91710818646135,41.73583753183054
us2000iw76,2018-12-22 05:17:23+00:00,2018,12,2018-12,4.8,near the coast of Nicaragua,Nicaragua,NIC,80.53993022146639,167.9228372953329
us2000iyh5,2018-12-28 02:20:09.560000+00:00,2018,12,2018-12,4.8,"91 km SSW of Chirilagua, El Salvador",Nicaragua,NIC,95.15917092135109,156.08619216980833
us2000iyhg,2018-12-28 02:51:14.470000+00:00,2018,12,2018-12,4.9,"94 km SSW of Chirilagua, El Salvador",Nicaragua,NIC,96.0030962766423,174.39415507799177
us2000j0hj,2019-01-05 11:19:27.340000+00:00,2019,1,2019-01,4.6,"41 km SSW of Puerto El Triunfo, El Salvador",Nicaragua,NIC,107.55783900801026,116.53090523897988
us2000j0ig,2019-01-05 17:08:31.460000+00:00,2019,1,2019-01,4.5,"0 km SE of San Andrés Xecul, Guatemala",Nicaragua,NIC,478.2379185295879,16.27494594258012
us2000j408,2019-01-15 03:10:53.400000+00:00,2019,1,2019-01,4.5,near the coast of Nicaragua,Nicaragua,NIC,31.575929442824684,151.8566239220585
us2000j40f,2019-01-15 03:41:03.360000+00:00,2019,1,2019-01,5.3,"59 km SSW of Masachapa, Nicaragua",Nicaragua,NIC,51.53622355591888,345.2156791486025
us2000j6mc,2019-01-20 14:05:29.580000+00:00,2019,1,2019-01,4.5,"40 km SE of Mountain, Colombia",Nicaragua,NIC,232.794627367143,55.52555262199754
us2000j8cp,2019-01-24 16:20:01.930000+00:00,2019,1,2019-01,4.6,"58 km S of El Rosario, El Salvador",Nicaragua,NIC,155.97499953750952,91.47545786036754
us2000j9z8,2019-01-29 06:48:54.060000+00:00,2019,1,2019-01,4.5,"90 km S of Champerico, Guatemala",Nicaragua,NIC,463.5565429267576,17.514581185510558
us1000irta,2019-01-29 22:52:52+00:00,2019,1,2019-01,4.5,"42 km SSW of Chirilagua, El Salvador",Nicaragua,NIC,66.5985401116389,127.46269820282025
us1000is0e,2019-01-30 11:41:02.470000+00:00,2019,1,2019-01,4.5,"50 km SW of Jiquilillo, Nicaragua",Nicaragua,NIC,50.006535805197274,138.4880139784515
us2000jb2y,2019-01-31 04:40:30.060000+00:00,2019,1,2019-01,5.0,"0 km S of Chinameca, El Salvador",Nicaragua,NIC,95.77086617629564,195.90079861797815
us2000jb93,2019-01-31 13:09:52.950000+00:00,2019,1,2019-01,4.9,"27 km W of Ciudad Cortés, Costa Rica",Nicaragua,NIC,200.72743848870465,103.306085506453
us2000jg5r,2019-02-11 00:08:48.720000+00:00,2019,2,2019-02,4.7,Honduras,Nicaragua,NIC,19.897445255199052,202.67176358704705
us1000jahq,2019-02-22 17:12:40.800000+00:00,2019,2,2019-02,4.6,"4 km NW of Finca Blanco, Panama",Nicaragua,NIC,281.7443773523614,48.77528975437301
us2000jm9u,2019-02-24 03:07:35.090000+00:00,2019,2,2019-02,4.5,"101 km S of La Libertad, El Salvador",Nicaragua,NIC,175.94436160907455,73.78051343848135
us2000jmky,2019-02-24 23:58:54.300000+00:00,2019,2,2019-02,4.5,"59 km S of Puerto El Triunfo, El Salvador",Nicaragua,NIC,94.20250948412878,111.03038602419964
us2000jn4i,2019-02-25 22:29:17.720000+00:00,2019,2,2019-02,4.5,off the coast of Central America,Nicaragua,NIC,114.8559289025698,100.13675629982613
us1000j93r,2019-03-01 02:01:28.610000+00:00,2019,3,2019-03,4.5,"14 km WSW of Sesori, El Salvador",Nicaragua,NIC,120.10942556734162,97.54066143249119
us1000j946,2019-03-01 03:21:52.630000+00:00,2019,3,2019-03,4.5,"57 km WSW of San Juan del Sur, Nicaragua",Nicaragua,NIC,53.71898930765624,135.94107403625287
us1000je2c,2019-03-12 09:47:11.574000+00:00,2019,3,2019-03,4.6,"39 km WNW of Sardinal, Costa Rica",Nicaragua,NIC,56.13602851159624,150.696152029496
us1000jkxw,2019-03-24 09:30:01.419000+00:00,2019,3,2019-03,5.3,"28 km SW of Nagarote, Nicaragua",Nicaragua,NIC,3.1599014847016247,439.6816705307446
us1000jl0d,2019-03-24 16:19:47.500000+00:00,2019,3,2019-03,4.5,"8 km SE of León, Nicaragua",Nicaragua,NIC,0.0,177.82794100389228
us1000jlpq,2019-03-26 12:01:47.542000+00:00,2019,3,2019-03,5.5,"104 km S of La Libertad, El Salvador",Nicaragua,NIC,173.6832288733965,235.96721157440842
us1000jlsb,2019-03-26 15:01:45.610000+00:00,2019,3,2019-03,4.9,"105 km SW of Puerto El Triunfo, El Salvador",Nicaragua,NIC,170.24162173848728,120.31645168815679
us1000jlst,2019-03-26 15:26:53.440000+00:00,2019,3,2019-03,4.8,"99 km SW of Puerto El Triunfo, El Salvador",Nicaragua,NIC,162.01958671557279,111.73235116455771
us2000k9ny,2019-03-26 15:28:42.170000+00:00,2019,3,2019-03,4.6,"112 km S of La Libertad, El Salvador",Nicaragua,NIC,184.73278384546646,79.2241989665701
us1000jlxq,2019-03-26 19:07:24.730000+00:00,2019,3,2019-03,4.7,"117 km S of La Libertad, El Salvador",Nicaragua,NIC,183.11387874693426,89.6134638433908
us2000k678,2019-03-27 23:48:48.070000+00:00,2019,3,2019-03,4.6,"107 km SW of Puerto El Triunfo, El Salvador",Nicaragua,NIC,170.86687542348818,84.91165276865243
us2000k6xj,2019-03-29 04:07:20.564000+00:00,2019,3,2019-03,4.6,"144 km S of La Libertad, El Salvador",Nicaragua,NIC,203.20122142758277,72.23607730399588
us2000k8iz,2019-04-01 13:44:48.692000+00:00,2019,4,2019-04,4.7,"4 km WSW of Guabito, Panama",Nicaragua,NIC,188.95427077107198,87.03441495930879
us700034i3,2019-04-03 13:55:54.959000+00:00,2019,4,2019-04,4.6,"14 km NNW of Cárdenas, Nicaragua",Nicaragua,NIC,0.0,199.52623149688787
us2000kbpj,2019-04-07 06:43:26.751000+00:00,2019,4,2019-04,4.9,"51 km SSW of Masachapa, Nicaragua",Nicaragua,NIC,48.739369106650706,220.88376927873645
us2000kcll,2019-04-08 22:25:42.595000+00:00,2019,4,2019-04,5.0,"105 km S of La Libertad, El Salvador",Nicaragua,NIC,173.73580226049242,132.65923814711587
us7000340t,2019-04-10 20:23:56.321000+00:00,2019,4,2019-04,4.5,"73 km SW of San Juan del Sur, Nicaragua",Nicaragua,NIC,72.59198750911199,123.69965887206506
us700034qh,2019-04-12 00:48:37.214000+00:00,2019,4,2019-04,4.6,"32 km SE of Punta de Burica, Panama",Nicaragua,NIC,352.4261259880516,34.25440206676415
us700036ss,2019-04-16 04:04:50.240000+00:00,2019,4,2019-04,4.5,"5 km NW of Palín, Guatemala",Nicaragua,NIC,379.9504676235732,26.604067592777202
us70003965,2019-04-19 13:36:08.165000+00:00,2019,4,2019-04,4.9,"46 km W of Villa El Carmen, Nicaragua",Nicaragua,NIC,29.147333797207377,243.6168754906224
us70003dbt,2019-04-28 07:43:46.092000+00:00,2019,4,2019-04,5.1,"42 km NNW of Guanaja, Honduras",Nicaragua,NIC,262.9358272919626,95.28885436522424
us70003ggz,2019-05-03 21:30:43.116000+00:00,2019,5,2019-05,4.6,"19 km NE of Buenos Aires, Costa Rica",Nicaragua,NIC,175.86344396371402,82.8165974888999
us70003h3p,2019-05-05 20:12:43.092000+00:00,2019,5,2019-05,4.6,"54 km S of Puerto El Triunfo, El Salvador",Nicaragua,NIC,94.20374751065684,124.57737095458579
us70003iy3,2019-05-09 17:23:23.993000+00:00,2019,5,2019-05,4.5,"4 km NNW of Masachapa, Nicaragua",Nicaragua,NIC,0.0,177.82794100389228
us70003k3p,2019-05-12 19:24:50.373000+00:00,2019,5,2019-05,6.0,"1 km W of Breñón, Panama",Nicaragua,NIC,262.84770059409453,268.67884349979005
us70003k5w,2019-05-13 01:01:53.932000+00:00,2019,5,2019-05,4.5,"13 km SW of Tejar, Costa Rica",Nicaragua,NIC,126.4718457150603,94.48652489809507
us70003l2h,2019-05-14 16:14:29.351000+00:00,2019,5,2019-05,4.5,"7 km SW of Posoltega, Nicaragua",Nicaragua,NIC,0.0,177.82794100389228
us70003m2q,2019-05-16 16:22:17.474000+00:00,2019,5,2019-05,5.9,"41 km WSW of Jiquilillo, Nicaragua",Nicaragua,NIC,32.2676425079284,758.4582935103582
us60003rbt,2019-05-16 16:28:37.563000+00:00,2019,5,2019-05,4.9,"56 km WSW of Jiquilillo, Nicaragua",Nicaragua,NIC,46.80879745061084,223.02625290946378
us70003mbd,2019-05-16 22:30:55.318000+00:00,2019,5,2019-05,4.8,"151 km SSW of Puerto El Triunfo, El Salvador",Nicaragua,NIC,185.20627160068852,99.50151450278922
us60003qhe,2019-05-22 04:13:28.605000+00:00,2019,5,2019-05,4.5,"18 km S of Nueva Concepción, Guatemala",Nicaragua,NIC,423.1254121404243,21.43852202734009
us70003t2n,2019-05-30 09:03:32.337000+00:00,2019,5,2019-05,6.6,"32 km S of La Libertad, El Salvador",Nicaragua,NIC,182.5951262275189,800.755114609565
us70003u0r,2019-06-01 01:44:17.800000+00:00,2019,6,2019-06,4.5,"48 km S of La Libertad, El Salvador",Nicaragua,NIC,184.83575147662532,70.57229898509746
us70003xl5,2019-06-10 09:12:18.942000+00:00,2019,6,2019-06,5.1,"25 km S of Puerto El Triunfo, El Salvador",Nicaragua,NIC,98.81967047946911,216.47901941601046
us70003y70,2019-06-11 18:49:45.654000+00:00,2019,6,2019-06,4.6,"70 km NNE of Savannah Bight, Honduras",Nicaragua,NIC,258.78154918513235,54.709532772298424
us6000408k,2019-06-13 03:31:12.130000+00:00,2019,6,2019-06,4.7,"7 km E of Fraijanes, Guatemala",Nicaragua,NIC,346.08232635573097,39.6727017075034
us600040p5,2019-06-14 11:37:52.285000+00:00,2019,6,2019-06,4.5,"76 km W of Masachapa, Nicaragua",Nicaragua,NIC,66.6254702776771,127.44553640014027
us600042k3,2019-06-18 16:12:22.193000+00:00,2019,6,2019-06,4.9,"48 km W of Sardinal, Costa Rica",Nicaragua,NIC,69.18008989520303,199.42396350366107
us600042js,2019-06-18 16:26:20.214000+00:00,2019,6,2019-06,4.9,"48 km W of Sardinal, Costa Rica",Nicaragua,NIC,74.85104004255601,193.8487619820321
us600044vi,2019-06-23 15:42:29.005000+00:00,2019,6,2019-06,4.6,"34 km WSW of La Loma, Panama",Nicaragua,NIC,476.884360326604,18.384794043192024
us7000455l,2019-06-26 05:23:51.514000+00:00,2019,6,2019-06,6.2,"4 km SE of Aserrío de Gariché, Panama",Nicaragua,NIC,283.0994212108676,305.6732381545802
us700045mp,2019-06-26 19:12:33.721000+00:00,2019,6,2019-06,4.6,"4 km NW of Breñón, Panama",Nicaragua,NIC,259.1775943789629,54.60130273007944
us700045wq,2019-06-27 13:36:16.462000+00:00,2019,6,2019-06,4.5,"1 km W of La Esperanza, Panama",Nicaragua,NIC,286.3580092090024,42.47970418126591
us700047w7,2019-07-01 05:33:10.057000+00:00,2019,7,2019-07,4.5,"45 km W of Sardinal, Costa Rica",Nicaragua,NIC,75.35574285221763,122.00203744656837
us7000491e,2019-07-03 00:55:09.799000+00:00,2019,7,2019-07,4.5,"15 km NE of Chajul, Guatemala",Nicaragua,NIC,468.12564366377876,17.118987727822432
us7000496i,2019-07-03 09:39:26.638000+00:00,2019,7,2019-07,4.7,"34 km SW of Jiquilillo, Nicaragua",Nicaragua,NIC,34.929670727938344,187.99711461061938
us70004dx9,2019-07-07 13:17:54.268000+00:00,2019,7,2019-07,4.5,"70 km SSW of Quepos, Costa Rica",Nicaragua,NIC,218.50425076342404,59.638134222973505
us70004ed6,2019-07-08 00:09:02.790000+00:00,2019,7,2019-07,5.1,"25 km S of La Cruz, Costa Rica",Nicaragua,NIC,28.218968364410824,308.12241191980246
us70004gj7,2019-07-10 03:05:53.086000+00:00,2019,7,2019-07,4.8,"48 km SSW of La Libertad, El Salvador",Nicaragua,NIC,204.17707658334024,90.49719359897715
us70004jfe,2019-07-13 01:36:09.745000+00:00,2019,7,2019-07,4.6,"34 km SSW of Puerto San José, Guatemala",Nicaragua,NIC,374.49475944810735,30.675733940326825
us70004jfh,2019-07-13 01:40:22.013000+00:00,2019,7,2019-07,4.5,"45 km SSW of Puerto San José, Guatemala",Nicaragua,NIC,381.6123201768913,26.383923289552403
us70004jvb,2019-07-14 01:57:16.256000+00:00,2019,7,2019-07,4.8,"10 km SE of San Luis Ixcán, Guatemala",Nicaragua,NIC,488.77015516220996,21.80966995528133
us70004pha,2019-07-20 02:10:46.344000+00:00,2019,7,2019-07,4.6,"42 km S of Nueva Concepción, Guatemala",Nicaragua,NIC,419.467607104135,24.498396792423105
us70004qaj,2019-07-22 01:08:56.185000+00:00,2019,7,2019-07,4.5,"11 km SSE of San Luis Ixcán, Guatemala",Nicaragua,NIC,488.39802744555595,15.468819025426823
us70004qwh,2019-07-22 22:31:11.562000+00:00,2019,7,2019-07,4.6,"74 km WSW of San Juan del Sur, Nicaragua",Nicaragua,NIC,69.31759329619723,141.084323044879
us60004wx9,2019-07-29 04:43:38.406000+00:00,2019,7,2019-07,4.7,"47 km NNE of Isla Bastimentos, Panama",Nicaragua,NIC,232.82121433609814,69.89323733549831
us60004x35,2019-07-29 17:44:28.074000+00:00,2019,7,2019-07,4.5,"56 km SSW of La Libertad, El Salvador",Nicaragua,NIC,202.68342396661404,64.5473678409247
us60004xtc,2019-07-31 05:54:53.150000+00:00,2019,7,2019-07,5.9,"38 km SSW of La Libertad, El Salvador",Nicaragua,NIC,191.64393898065134,341.8617205518848
us600051le,2019-08-06 21:14:10.860000+00:00,2019,8,2019-08,4.9,"11 km S of Pital, Costa Rica",Nicaragua,NIC,49.493633840043465,220.05231392111557
us600052ya,2019-08-09 17:03:59.384000+00:00,2019,8,2019-08,4.5,"41 km SSW of La Libertad, El Salvador",Nicaragua,NIC,197.3366574830845,66.29623921459378
us600053zu,2019-08-12 12:25:50.435000+00:00,2019,8,2019-08,4.5,"54 km W of Sardinal, Costa Rica",Nicaragua,NIC,81.32239475232976,118.41607543336582
us600056en,2019-08-17 12:34:34.501000+00:00,2019,8,2019-08,4.8,"81 km SW of Jiquilillo, Nicaragua",Nicaragua,NIC,82.83802679763869,166.00436599701592
us600056y1,2019-08-19 11:37:02.606000+00:00,2019,8,2019-08,4.8,"24 km SSW of Jiquilillo, Nicaragua",Nicaragua,NIC,23.92012783718852,222.87333018584934
us700057a3,2019-08-22 21:19:40.820000+00:00,2019,8,2019-08,4.9,"93 km SSW of Jiquilillo, Nicaragua",Nicaragua,NIC,91.95223112852732,177.96240536898392
us700058t2,2019-08-27 15:58:58.343000+00:00,2019,8,2019-08,4.7,"85 km S of Puerto El Triunfo, El Salvador",Nicaragua,NIC,118.36445568308288,123.8724850496809
us700059e4,2019-08-28 23:17:23.898000+00:00,2019,8,2019-08,4.5,"0 km WNW of Finca Blanco, Panama",Nicaragua,NIC,285.3183051035211,42.70111079023237
us70005a2n,2019-08-30 05:37:09.892000+00:00,2019,8,2019-08,4.8,"12 km WNW of Finca Blanco, Panama",Nicaragua,NIC,276.6749064016749,62.98078571217174
us70005gyt,2019-09-05 17:09:34.447000+00:00,2019,9,2019-09,4.5,"70 km SSW of Puerto El Triunfo, El Salvador",Nicaragua,NIC,125.45764147272386,94.96688499881996
us70005crr,2019-09-06 13:28:21.943000+00:00,2019,9,2019-09,4.9,"39 km SSW of Puerto El Triunfo, El Salvador",Nicaragua,NIC,116.09579859484796,157.7252325821346
us70005e4e,2019-09-10 14:16:46.649000+00:00,2019,9,2019-09,5.0,"49 km SSW of Puerto El Triunfo, El Salvador",Nicaragua,NIC,123.60657193140024,170.44793317745498
us70005glk,2019-09-15 06:59:17.238000+00:00,2019,9,2019-09,5.2,"63 km SSW of Nueva Concepción, Guatemala",Nicaragua,NIC,427.62849567979225,46.926322407975086
us70005hrz,2019-09-18 04:58:52.215000+00:00,2019,9,2019-09,4.8,"28 km SE of Limón, Costa Rica",Nicaragua,NIC,144.24171351312248,122.11896048887195
us70005hui,2019-09-18 11:23:28.381000+00:00,2019,9,2019-09,4.6,"17 km E of Quepos, Costa Rica",Nicaragua,NIC,142.65826395157347,97.77357968049385
us60005lv5,2019-09-21 22:51:11.416000+00:00,2019,9,2019-09,4.6,"83 km SW of Corinto, Nicaragua",Nicaragua,NIC,83.60755741132039,131.35557076333166
us70005nlq,2019-09-29 20:25:08.764000+00:00,2019,9,2019-09,4.5,"98 km SSW of Acajutla, El Salvador",Nicaragua,NIC,289.3053398634336,41.85828557096945
us70005nlt,2019-09-29 21:00:00.595000+00:00,2019,9,2019-09,5.2,"91 km SSW of Acajutla, El Salvador",Nicaragua,NIC,284.2810468492226,96.09295531734399
us70005psl,2019-10-02 12:52:54.570000+00:00,2019,10,2019-10,4.6,"8 km WNW of Canoas, Costa Rica",Nicaragua,NIC,265.11083025644876,53.00528166290475
us70005sv9,2019-10-10 02:46:49.096000+00:00,2019,10,2019-10,4.6,"54 km SSW of Masachapa, Nicaragua",Nicaragua,NIC,50.512547865241565,154.99346807196818
us70005tt1,2019-10-13 02:53:14.189000+00:00,2019,10,2019-10,4.5,"81 km S of Acajutla, El Salvador",Nicaragua,NIC,241.7455045756743,53.09532783621824
us70005wmf,2019-10-21 08:55:25.678000+00:00,2019,10,2019-10,4.7,"63 km SW of Acajutla, El Salvador",Nicaragua,NIC,286.996746188609,53.308257151774434
us60006246,2019-10-24 10:05:23.947000+00:00,2019,10,2019-10,4.5,"36 km ESE of Punta de Burica, Panama",Nicaragua,NIC,346.7264355839864,31.411820820307618
us600062rf,2019-10-25 00:37:45.422000+00:00,2019,10,2019-10,4.5,"82 km SW of Jiquilillo, Nicaragua",Nicaragua,NIC,82.11407769505898,117.94826200865899
us600062wl,2019-10-25 15:02:17.312000+00:00,2019,10,2019-10,4.6,"80 km SSW of Chirilagua, El Salvador",Nicaragua,NIC,85.25510897917125,130.2779401048021
us600063lq,2019-10-27 14:17:13.808000+00:00,2019,10,2019-10,4.6,"91 km S of Acajutla, El Salvador",Nicaragua,NIC,245.98934060653374,58.323144883086805
us7000620i,2019-11-01 15:24:10.098000+00:00,2019,11,2019-11,5.4,"10 km SW of Masachapa, Nicaragua",Nicaragua,NIC,10.25866772057173,476.12785089376877
us700062cc,2019-11-02 17:40:06.944000+00:00,2019,11,2019-11,4.5,"69 km SSW of Masachapa, Nicaragua",Nicaragua,NIC,69.49506932801498,125.63000421868077
us700063xp,2019-11-06 14:04:05.451000+00:00,2019,11,2019-11,4.5,"87 km SW of Jiquilillo, Nicaragua",Nicaragua,NIC,86.98290089644665,115.11158413485215
us70006453,2019-11-06 20:38:48.654000+00:00,2019,11,2019-11,4.8,"119 km SW of Jiquilillo, Nicaragua",Nicaragua,NIC,120.56553378756212,137.46599181327957
us70006465,2019-11-06 21:05:06.254000+00:00,2019,11,2019-11,4.6,"76 km SW of Jiquilillo, Nicaragua",Nicaragua,NIC,75.7238296397804,136.63683485948496
us600069n1,2019-11-09 08:32:52.323000+00:00,2019,11,2019-11,5.5,"9 km WSW of Mataquescuintla, Guatemala",Nicaragua,NIC,338.88006105450035,103.30736806661847
us60006a8e,2019-11-11 16:03:57.808000+00:00,2019,11,2019-11,4.6,"80 km S of Intipucá, El Salvador",Nicaragua,NIC,71.72672295209412,139.3950654387781
us60006av9,2019-11-12 21:35:06.516000+00:00,2019,11,2019-11,5.1,"39 km S of Puerto El Triunfo, El Salvador",Nicaragua,NIC,89.91098997859768,226.33971565014923
us60006b3s,2019-11-13 16:28:52.886000+00:00,2019,11,2019-11,5.5,"30 km SSW of Puerto San José, Guatemala",Nicaragua,NIC,371.40789570717135,87.80070473450635
us70006b84,2019-11-21 19:01:47.866000+00:00,2019,11,2019-11,4.5,"48 km SW of Puerto San José, Guatemala",Nicaragua,NIC,384.24995426440114,26.0382520084244
us70006c7v,2019-11-23 15:56:01.721000+00:00,2019,11,2019-11,4.6,"95 km SSW of Intipucá, El Salvador",Nicaragua,NIC,89.2320661370255,127.71297755415411
us70006clb,2019-11-25 01:33:40.409000+00:00,2019,11,2019-11,4.9,"12 km SW of Pocosol, Costa Rica",Nicaragua,NIC,78.64396586852023,190.20713232588983
us70006eqm,2019-11-30 07:44:21.562000+00:00,2019,11,2019-11,5.7,"49 km S of Champerico, Guatemala",Nicaragua,NIC,479.4167196124405,64.4109672143608
us70006etm,2019-11-30 17:59:16.055000+00:00,2019,11,2019-11,4.7,near the coast of Guatemala,Nicaragua,NIC,491.0019057843083,19.22219189828534
us70006fit,2019-12-03 13:37:58.957000+00:00,2019,12,2019-12,4.9,"55 km S of Puerto El Triunfo, El Salvador",Nicaragua,NIC,98.61980401928444,172.12732382198226
us60006mf1,2019-12-05 15:11:45.251000+00:00,2019,12,2019-12,4.6,"37 km S of Champerico, Guatemala",Nicaragua,NIC,486.3410373849718,17.535730231685296
us60006ny8,2019-12-08 18:31:42.871000+00:00,2019,12,2019-12,4.8,"27 km WSW of Santa Cruz, Costa Rica",Nicaragua,NIC,108.86777724715351,145.74599363815807
us60006qxh,2019-12-13 06:40:44.796000+00:00,2019,12,2019-12,4.6,"14 km SE of Nagarote, Nicaragua",Nicaragua,NIC,0.0,199.52623149688787
us60006rx4,2019-12-13 14:23:38.168000+00:00,2019,12,2019-12,4.6,"49 km WSW of Sardinal, Costa Rica",Nicaragua,NIC,88.77658108579566,128.00416576861292
us60006rfn,2019-12-14 07:27:01.421000+00:00,2019,12,2019-12,4.5,"99 km SW of Acajutla, El Salvador",Nicaragua,NIC,305.8407961332371,38.53675566917791
us60006rvv,2019-12-15 19:42:55.366000+00:00,2019,12,2019-12,4.6,"2 km NNW of Telica, Nicaragua",Nicaragua,NIC,0.0,199.52623149688787
us70006ng5,2019-12-19 12:35:31.287000+00:00,2019,12,2019-12,5.9,"42 km SSW of La Gomera, Guatemala",Nicaragua,NIC,404.2125621116438,118.10371909498116
us70006ngc,2019-12-19 12:39:11.130000+00:00,2019,12,2019-12,5.1,"52 km SSW of La Gomera, Guatemala",Nicaragua,NIC,410.08182863380796,45.65818289893398
us70006nhs,2019-12-19 14:41:54.884000+00:00,2019,12,2019-12,4.8,"55 km SSW of La Gomera, Guatemala",Nicaragua,NIC,409.52101393512555,32.41428282227027
us70006pb2,2019-12-21 02:06:00.329000+00:00,2019,12,2019-12,4.5,"53 km S of Nueva Concepción, Guatemala",Nicaragua,NIC,422.4908344395949,21.506652094823792
us70006ph7,2019-12-21 17:47:27.576000+00:00,2019,12,2019-12,4.5,"27 km SW of Puerto El Triunfo, El Salvador",Nicaragua,NIC,118.31410389949404,98.42018742151244
us70006qda,2019-12-24 00:24:13.258000+00:00,2019,12,2019-12,4.5,"76 km WSW of San Juan del Sur, Nicaragua",Nicaragua,NIC,73.35985272048448,123.2256460756352
us70006qdf,2019-12-24 00:25:09.970000+00:00,2019,12,2019-12,4.7,"79 km WSW of San Juan del Sur, Nicaragua",Nicaragua,NIC,76.9455163974875,152.3754264596914
us70006qe8,2019-12-24 01:45:35.733000+00:00,2019,12,2019-12,4.6,"31 km NE of Isla Bastimentos, Panama",Nicaragua,NIC,240.14170368760378,60.05358190450744
us70006tej,2020-01-02 03:35:22.502000+00:00,2020,1,2020-01,4.6,"63 km S of Intipucá, El Salvador",Nicaragua,NIC,59.41296997718133,148.24715749992095
us70006u7m,2020-01-03 15:28:54.137000+00:00,2020,1,2020-01,5.5,"7 km W of Santa Teresa, Nicaragua",Nicaragua,NIC,0.0,562.341325190349
us70006vve,2020-01-07 19:08:58.441000+00:00,2020,1,2020-01,5.2,"13 km NW of Ciudad Sandino, Nicaragua",Nicaragua,NIC,0.0,398.1071705534973
us70006xke,2020-01-10 16:00:05.635000+00:00,2020,1,2020-01,4.8,"54 km S of Puerto El Triunfo, El Salvador",Nicaragua,NIC,105.22129693011239,148.4276654962492
us70006y2u,2020-01-11 02:16:50.793000+00:00,2020,1,2020-01,4.9,"58 km SSW of La Gomera, Guatemala",Nicaragua,NIC,405.4866577748699,37.110508925893996
us60007c00,2020-01-21 09:33:56.399000+00:00,2020,1,2020-01,5.3,Costa Rica,Nicaragua,NIC,188.79182628506518,173.7975932651315
us60007c1u,2020-01-21 11:25:34.442000+00:00,2020,1,2020-01,5.2,"48 km W of Ciudad Cortés, Costa Rica",Nicaragua,NIC,192.8663824899475,151.7735078038429
us60007dvq,2020-01-23 15:16:03.184000+00:00,2020,1,2020-01,4.6,"104 km SW of Jiquilillo, Nicaragua",Nicaragua,NIC,101.28125930228583,120.24597270121858
us60007f5m,2020-01-24 21:59:06.540000+00:00,2020,1,2020-01,5.3,"45 km S of Masachapa, Nicaragua",Nicaragua,NIC,37.75340111117159,369.84481209291914
us60007f9k,2020-01-24 23:44:31.014000+00:00,2020,1,2020-01,4.9,"55 km SSW of Masachapa, Nicaragua",Nicaragua,NIC,52.00349681643955,217.3080633900586
us60007gag,2020-01-26 07:24:04.115000+00:00,2020,1,2020-01,4.7,"11 km NE of Chinandega, Nicaragua",Nicaragua,NIC,0.0,223.872113856834
us60007nbd,2020-02-03 10:29:55.598000+00:00,2020,2,2020-02,4.5,"42 km WNW of Sardinal, Costa Rica",Nicaragua,NIC,57.64276031644191,133.3000573816274
us70007j0k,2020-02-05 12:36:44.002000+00:00,2020,2,2020-02,4.9,"133 km W of Sardinal, Costa Rica",Nicaragua,NIC,136.41902493272508,142.48523113387327
us70007j19,2020-02-05 13:54:20.532000+00:00,2020,2,2020-02,4.7,"80 km WSW of San Juan del Sur, Nicaragua",Nicaragua,NIC,71.38722450350082,156.6695556238958
us70007lz9,2020-02-09 08:29:04.311000+00:00,2020,2,2020-02,4.8,"41 km S of El Rosario, El Salvador",Nicaragua,NIC,159.06202509613064,113.396904949291
us70007nsg,2020-02-12 13:05:43.095000+00:00,2020,2,2020-02,4.5,"81 km SSW of Masachapa, Nicaragua",Nicaragua,NIC,78.74081568893727,119.9544851950238
us70007qf8,2020-02-14 20:16:30.405000+00:00,2020,2,2020-02,4.9,"46 km SSE of Puerto El Triunfo, El Salvador",Nicaragua,NIC,86.77114547148062,182.63283120225634
us70007w6u,2020-02-25 00:13:31.842000+00:00,2020,2,2020-02,4.7,"74 km SSW of Nueva Concepción, Guatemala",Nicaragua,NIC,436.45879954888045,25.248859106299268
us600084mv,2020-02-26 16:43:09.174000+00:00,2020,2,2020-02,4.6,"85 km WSW of San Juan del Sur, Nicaragua",Nicaragua,NIC,80.52606507092213,133.39509831374943
us60008bfj,2020-03-06 23:38:25.776000+00:00,2020,3,2020-03,4.8,"118 km SSE of Punta de Burica, Panama",Nicaragua,NIC,442.5125174653736,27.485033931523738
us60008bgr,2020-03-07 02:40:47.723000+00:00,2020,3,2020-03,5.2,"25 km SE of Buenos Aires, Costa Rica",Nicaragua,NIC,208.16752079914284,140.5950310605666
us60008euj,2020-03-13 04:46:40.662000+00:00,2020,3,2020-03,5.0,"1 km ENE of El Palmar, Panama",Nicaragua,NIC,295.0330517923173,72.33423089800398
us70008iee,2020-03-29 20:26:02.806000+00:00,2020,3,2020-03,4.7,"66 km SW of La Gomera, Guatemala",Nicaragua,NIC,420.04093582026576,27.408968831075637
us70008ip1,2020-03-30 16:47:20.698000+00:00,2020,3,2020-03,4.7,"27 km WSW of Masachapa, Nicaragua",Nicaragua,NIC,28.17974383438874,194.45023115496812
us70008ipe,2020-03-30 17:15:08.557000+00:00,2020,3,2020-03,4.6,"70 km W of Sardinal, Costa Rica",Nicaragua,NIC,95.3532222388441,123.86343185912685
us70008lfz,2020-04-02 10:15:37.321000+00:00,2020,4,2020-04,5.2,"155 km SW of Jiquilillo, Nicaragua",Nicaragua,NIC,156.95936671529208,181.62141953772837
us70008rnq,2020-04-08 14:32:49.300000+00:00,2020,4,2020-04,4.5,"48 km N of Matina, Costa Rica",Nicaragua,NIC,50.94653898374327,137.83864532867437
us70008rx6,2020-04-08 20:04:46.651000+00:00,2020,4,2020-04,4.5,"85 km SSW of Champerico, Guatemala",Nicaragua,NIC,496.722473245744,14.8381874828837
us70008sc0,2020-04-09 12:11:18.152000+00:00,2020,4,2020-04,4.6,"5 km WSW of Amapala, Honduras",Nicaragua,NIC,24.329691323220203,176.67241538614184
us70008wrd,2020-04-15 13:30:36.460000+00:00,2020,4,2020-04,5.0,"61 km WNW of Sardinal, Costa Rica",Nicaragua,NIC,59.770527928547196,234.5362342113029
us70008xeb,2020-04-16 08:04:37.829000+00:00,2020,4,2020-04,6.1,"59 km NNE of Savannah Bight, Honduras",Nicaragua,NIC,262.74438499564843,301.61838987260313
us60009ax1,2020-04-23 19:48:48.644000+00:00,2020,4,2020-04,4.6,"1 km NW of Posoltega, Nicaragua",Nicaragua,NIC,0.0,199.52623149688787
us60009cfw,2020-04-25 22:27:58.017000+00:00,2020,4,2020-04,4.6,"169 km SW of Río Grande, Panama",Nicaragua,NIC,497.20522080081156,16.608582999175173
us70009acp,2020-05-05 11:03:39.328000+00:00,2020,5,2020-05,4.7,"2 km SE of Chinameca, El Salvador",Nicaragua,NIC,93.81718000048582,140.04853884180818
us70009adl,2020-05-05 12:02:32.991000+00:00,2020,5,2020-05,5.5,"78 km SSW of Puerto San José, Guatemala",Nicaragua,NIC,383.95717238370156,82.46080947556167
us70009cdh,2020-05-08 14:08:01.113000+00:00,2020,5,2020-05,4.5,"18 km SW of Puerto El Triunfo, El Salvador",Nicaragua,NIC,112.19253287835143,101.47919426354356
us70009jb8,2020-05-18 02:01:10.162000+00:00,2020,5,2020-05,4.5,"34 km S of Punta de Burica, Panama",Nicaragua,NIC,357.07296322203723,29.828122099523437
us70009l9s,2020-05-20 00:58:59.139000+00:00,2020,5,2020-05,4.5,"84 km S of Puerto San José, Guatemala",Nicaragua,NIC,360.2202677245357,29.362405177743987
us70009lcd,2020-05-20 03:30:39.538000+00:00,2020,5,2020-05,4.9,"44 km SW of Masachapa, Nicaragua",Nicaragua,NIC,45.000414628815946,225.05198156325932
us70009le2,2020-05-20 05:59:07.087000+00:00,2020,5,2020-05,4.6,"43 km SW of Masachapa, Nicaragua",Nicaragua,NIC,43.215465825700534,160.75289700474607
us6000a1m2,2020-05-29 10:04:16.548000+00:00,2020,5,2020-05,4.7,"62 km SW of La Gomera, Guatemala",Nicaragua,NIC,423.6715547668022,26.91590012502769
us6000a3e1,2020-06-01 01:00:35.647000+00:00,2020,6,2020-06,4.7,"34 km S of Puerto El Triunfo, El Salvador",Nicaragua,NIC,97.9247294395081,137.2015923588453
us6000a4we,2020-06-03 05:39:58.055000+00:00,2020,6,2020-06,4.5,"78 km WSW of San Juan del Sur, Nicaragua",Nicaragua,NIC,76.34501086424042,121.40006389162315
us6000a5w7,2020-06-04 12:36:45.651000+00:00,2020,6,2020-06,4.5,"48 km WSW of Jiquilillo, Nicaragua",Nicaragua,NIC,38.5841101084411,146.62758087501996
us6000a7re,2020-06-08 06:05:42.861000+00:00,2020,6,2020-06,4.6,"75 km SSW of Puerto San José, Guatemala",Nicaragua,NIC,370.479659587814,31.297787744139086
us6000act0,2020-06-16 12:21:34.554000+00:00,2020,6,2020-06,4.7,"99 km SSW of Corinto, Nicaragua",Nicaragua,NIC,97.17055011243731,137.7199420892339
us6000aeas,2020-06-18 16:32:53.491000+00:00,2020,6,2020-06,4.8,"165 km SSE of Punta de Burica, Panama",Nicaragua,NIC,490.95199629344677,21.573036866778587
us6000afu9,2020-06-21 08:58:28.005000+00:00,2020,6,2020-06,5.3,"51 km SW of Masachapa, Nicaragua",Nicaragua,NIC,52.25916363211517,343.9700804908897
us7000adc5,2020-06-28 02:33:16.009000+00:00,2020,6,2020-06,4.8,"57 km SW of Masachapa, Nicaragua",Nicaragua,NIC,58.6084666383918,187.3843565364647
us7000aerg,2020-06-29 22:28:01.811000+00:00,2020,6,2020-06,5.1,"135 km SW of Corinto, Nicaragua",Nicaragua,NIC,136.6396957336935,179.18046968459706
us7000af4e,2020-06-30 14:45:12.742000+00:00,2020,6,2020-06,4.6,"87 km S of La Libertad, El Salvador",Nicaragua,NIC,186.30980664695934,78.60196354813068
us7000ahpy,2020-07-04 02:03:46.738000+00:00,2020,7,2020-07,4.5,"96 km SSW of Puerto El Triunfo, El Salvador",Nicaragua,NIC,148.0028212140384,84.84298841181959
us7000amh4,2020-07-12 22:38:43.832000+00:00,2020,7,2020-07,5.4,"5 km WNW of El Crucero, Nicaragua",Nicaragua,NIC,0.0,501.18723362727246
us7000arq1,2020-07-13 07:09:07.779000+00:00,2020,7,2020-07,4.7,"49 km WSW of Masachapa, Nicaragua",Nicaragua,NIC,46.767421780626165,177.19270331328246
us7000an8y,2020-07-14 08:25:22.377000+00:00,2020,7,2020-07,4.6,"30 km SSW of Puerto El Triunfo, El Salvador",Nicaragua,NIC,106.37486146088106,117.2222149553768
us7000apd0,2020-07-15 21:39:40.208000+00:00,2020,7,2020-07,5.8,"69 km WSW of Río Grande, Panama",Nicaragua,NIC,424.44520336187475,95.13250914914954
us6000b9cc,2020-08-04 19:17:51.654000+00:00,2020,8,2020-08,5.8,"105 km S of Champerico, Guatemala",Nicaragua,NIC,483.19666314753204,70.91723224066386
us6000bbu3,2020-08-10 14:13:27.331000+00:00,2020,8,2020-08,5.7,"45 km N of Savannah Bight, Honduras",Nicaragua,NIC,259.3681274698119,193.54825818564132
us6000bcqc,2020-08-11 15:59:29.643000+00:00,2020,8,2020-08,4.5,"35 km N of Guanaja, Honduras",Nicaragua,NIC,251.7783993952657,50.497531922250424
us6000bd3b,2020-08-12 03:25:11.427000+00:00,2020,8,2020-08,4.9,"60 km SSW of Intipucá, El Salvador",Nicaragua,NIC,67.38920835764303,201.21770594073922
us6000bfjy,2020-08-16 09:19:03.145000+00:00,2020,8,2020-08,4.7,"21 km S of Puerto El Triunfo, El Salvador",Nicaragua,NIC,95.26880731407873,139.03572742881133
us6000bg5k,2020-08-17 19:32:40.249000+00:00,2020,8,2020-08,4.8,"55 km S of Intipucá, El Salvador",Nicaragua,NIC,49.20538881712192,196.40469071251417
us6000bggm,2020-08-18 10:01:35.465000+00:00,2020,8,2020-08,4.8,"5 km S of Santa Lucía Cotzumalguapa, Guatemala",Nicaragua,NIC,402.6858119865343,33.541221108244706
us6000bj78,2020-08-22 22:17:58.002000+00:00,2020,8,2020-08,4.6,"112 km S of Puerto El Triunfo, El Salvador",Nicaragua,NIC,138.59124116125273,99.78216980426441
us6000bjd0,2020-08-23 10:06:39.545000+00:00,2020,8,2020-08,4.5,"109 km SSW of Puerto El Triunfo, El Salvador",Nicaragua,NIC,139.63365733624948,88.46864297439127
us7000bcbv,2020-08-24 21:51:09.259000+00:00,2020,8,2020-08,6.0,"4 km SSW of Jacó, Costa Rica",Nicaragua,NIC,144.8606641624913,484.6621053662136
us7000bfg9,2020-08-31 20:25:21.069000+00:00,2020,8,2020-08,4.5,"80 km SSW of Masachapa, Nicaragua",Nicaragua,NIC,80.33979820046065,118.99928304176944
us7000bgbi,2020-09-02 05:04:21.809000+00:00,2020,9,2020-09,4.8,"81 km SSW of Masachapa, Nicaragua",Nicaragua,NIC,80.99624946947915,167.54014192531352
us7000bgra,2020-09-02 18:49:39.192000+00:00,2020,9,2020-09,4.6,"59 km SSW of Boca Chica, Panama",Nicaragua,NIC,374.0177015374646,30.748991783882303
us7000bi01,2020-09-04 17:45:21.829000+00:00,2020,9,2020-09,5.6,"11 km WSW of Finca Blanco, Panama",Nicaragua,NIC,284.5501405924195,152.09229757055928
us7000bi0e,2020-09-04 17:46:43.975000+00:00,2020,9,2020-09,5.3,"1 km NNW of Manaca Norte, Panama",Nicaragua,NIC,291.5019872878627,103.99476486053496
us7000bi14,2020-09-04 17:48:53.135000+00:00,2020,9,2020-09,4.9,"15 km W of Finca Blanco, Panama",Nicaragua,NIC,281.797929123331,68.87848273490968
us7000bkxt,2020-09-04 17:55:00.426000+00:00,2020,9,2020-09,4.5,"15 km W of Finca Blanco, Panama",Nicaragua,NIC,282.05259751487034,43.40408111799759
us7000bibs,2020-09-05 05:38:15.091000+00:00,2020,9,2020-09,4.5,"5 km WSW of Finca Blanco, Panama",Nicaragua,NIC,285.1587538700756,42.73518945613834
us7000biji,2020-09-05 16:28:47.266000+00:00,2020,9,2020-09,4.5,"11 km WNW of Puerto Armuelles, Panama",Nicaragua,NIC,289.45717601733145,41.826519625093496
us7000biq3,2020-09-06 00:44:26.867000+00:00,2020,9,2020-09,4.6,"33 km WSW of Punta de Burica, Panama",Nicaragua,NIC,326.26688360481705,39.0409578314983
us7000blvr,2020-09-08 13:29:03.128000+00:00,2020,9,2020-09,4.6,"48 km WSW of Golfito, Costa Rica",Nicaragua,NIC,253.3996231878091,56.20173329360404
us7000bpfn,2020-09-13 07:24:23.975000+00:00,2020,9,2020-09,4.5,"15 km WSW of Finca Blanco, Panama",Nicaragua,NIC,285.13225982318556,42.74085097168773
us7000bn11,2020-09-14 14:29:28.426000+00:00,2020,9,2020-09,4.6,"6 km ESE of Patulul, Guatemala",Nicaragua,NIC,415.4610817173126,24.994112704102438
us7000bnrj,2020-09-15 22:08:09.616000+00:00,2020,9,2020-09,4.5,"92 km WSW of San Juan del Sur, Nicaragua",Nicaragua,NIC,85.15642216128451,116.16764327205591
us7000bp1y,2020-09-16 18:14:10.110000+00:00,2020,9,2020-09,4.7,"44 km SW of Jiquilillo, Nicaragua",Nicaragua,NIC,45.007662880914715,178.7586646796183
us6000c09c,2020-09-23 20:42:52.732000+00:00,2020,9,2020-09,4.6,"68 km SSW of Acajutla, El Salvador",Nicaragua,NIC,266.7915092670116,52.561723648046275
us6000c1w6,2020-09-27 09:40:56.522000+00:00,2020,9,2020-09,5.3,"6 km E of Masagua, Guatemala",Nicaragua,NIC,374.34510886497793,68.72581907341842
us6000c2fy,2020-09-29 06:44:22.399000+00:00,2020,9,2020-09,4.5,"104 km SSW of Puerto El Triunfo, El Salvador",Nicaragua,NIC,136.65361576151213,89.79671383998443
us6000c3hq,2020-10-01 00:24:39.564000+00:00,2020,10,2020-10,4.5,"77 km SSW of Intipucá, El Salvador",Nicaragua,NIC,78.37615782263173,120.1733964367692
us6000c6ly,2020-10-08 03:18:29.229000+00:00,2020,10,2020-10,4.6,"102 km SSW of Puerto El Triunfo, El Salvador",Nicaragua,NIC,145.49676853687689,96.39572664275506
us6000c7lw,2020-10-11 22:30:49.359000+00:00,2020,10,2020-10,4.5,"5 km E of San Jorge, Nicaragua",Nicaragua,NIC,0.0,177.82794100389228
us6000c7q4,2020-10-12 06:06:55.814000+00:00,2020,10,2020-10,5.1,"3 km SSW of El Asintal, Guatemala",Nicaragua,NIC,488.427237667304,30.859844214894082
us6000c93i,2020-10-18 04:12:11.507000+00:00,2020,10,2020-10,4.5,"6 km ESE of San Jorge, Nicaragua",Nicaragua,NIC,0.0,177.82794100389228
us6000cbh1,2020-10-18 14:00:44.630000+00:00,2020,10,2020-10,4.5,"84 km SSW of Corinto, Nicaragua",Nicaragua,NIC,84.31045693193198,116.6600528763263
us6000c9as,2020-10-19 03:24:17.226000+00:00,2020,10,2020-10,4.5,"46 km WSW of Sandy Bay, Honduras",Nicaragua,NIC,268.49929528993187,46.44737646322622
us6000cad1,2020-10-20 21:37:19.527000+00:00,2020,10,2020-10,4.5,"28 km SSE of Iztapa, Guatemala",Nicaragua,NIC,337.5019412856935,32.8945421794633
us7000c7ni,2020-10-29 19:01:24.001000+00:00,2020,10,2020-10,4.6,"53 km SW of San Francisco Menéndez, El Salvador",Nicaragua,NIC,302.807170148337,43.89980434092341
us7000c8w9,2020-11-01 05:01:09.032000+00:00,2020,11,2020-11,5.1,"2 km NNW of Ángeles, Costa Rica",Nicaragua,NIC,80.8525997243647,236.8267801613395
us7000c992,2020-11-02 12:17:30.060000+00:00,2020,11,2020-11,4.8,"89 km SW of San Juan del Sur, Nicaragua",Nicaragua,NIC,89.09445596664224,160.89177650724025
us7000cciy,2020-11-04 19:54:58.287000+00:00,2020,11,2020-11,4.5,"91 km SW of San Juan del Sur, Nicaragua",Nicaragua,NIC,90.74524858560774,112.96637593192317
us7000cbai,2020-11-06 01:39:37.371000+00:00,2020,11,2020-11,4.6,"80 km SW of San Juan del Sur, Nicaragua",Nicaragua,NIC,79.25945943142248,134.24257394381848
us7000cbpr,2020-11-07 05:19:03.107000+00:00,2020,11,2020-11,4.6,"22 km SW of Punta de Burica, Panama",Nicaragua,NIC,330.3047545850792,38.26064954357478
us7000cbz0,2020-11-08 01:23:25.659000+00:00,2020,11,2020-11,4.5,near the coast of Guatemala,Nicaragua,NIC,412.95010494437213,22.557462320620118
us7000ce8y,2020-11-09 04:56:41.017000+00:00,2020,11,2020-11,4.6,"20 km W of Finca Blanco, Panama",Nicaragua,NIC,276.04269364273995,50.18580639947609
us7000cehd,2020-11-10 16:16:14.958000+00:00,2020,11,2020-11,4.5,"86 km SW of San Juan del Sur, Nicaragua",Nicaragua,NIC,85.31932269489174,116.07306293986663
us7000cehf,2020-11-10 16:40:58.917000+00:00,2020,11,2020-11,4.8,"52 km SSW of La Gomera, Guatemala",Nicaragua,NIC,407.2077127203272,32.79137946259118
us7000ccz6,2020-11-10 18:43:29.123000+00:00,2020,11,2020-11,4.6,"83 km SW of San Juan del Sur, Nicaragua",Nicaragua,NIC,82.09314054391864,132.3539814779142
us7000cehq,2020-11-10 20:10:17.645000+00:00,2020,11,2020-11,4.5,"71 km SW of San Juan del Sur, Nicaragua",Nicaragua,NIC,70.43257911480202,125.0424855134763
us7000cdmk,2020-11-12 03:21:45.155000+00:00,2020,11,2020-11,4.7,"7 km SSE of Champerico, Guatemala",Nicaragua,NIC,491.17749619935245,19.205323141081685
us7000cf4i,2020-11-15 01:56:13.989000+00:00,2020,11,2020-11,4.6,"68 km S of Masachapa, Nicaragua",Nicaragua,NIC,52.87158987941708,153.17602717623026
us6000crlg,2020-11-23 11:05:19.100000+00:00,2020,11,2020-11,4.5,"46 km S of Corinto, Nicaragua",Nicaragua,NIC,33.787018392225754,150.18702747764482
us6000cs3t,2020-11-24 18:40:14.669000+00:00,2020,11,2020-11,4.8,"64 km SSW of Intipucá, El Salvador",Nicaragua,NIC,68.90281284252339,177.98337712144766
us7000ck19,2020-11-26 11:51:45.156000+00:00,2020,11,2020-11,4.7,"49 km WSW of Masachapa, Nicaragua",Nicaragua,NIC,49.75202117036242,174.56808940246975
us7000cl6i,2020-11-30 16:36:18.163000+00:00,2020,11,2020-11,4.6,"96 km SSE of Punta de Burica, Panama",Nicaragua,NIC,418.8193360981605,24.577933628014073
us7000cmt4,2020-12-04 02:19:44.657000+00:00,2020,12,2020-12,4.5,"83 km WSW of Masachapa, Nicaragua",Nicaragua,NIC,82.39855728716924,117.78061190217811
us7000cmt9,2020-12-04 02:19:58.862000+00:00,2020,12,2020-12,5.0,"70 km WSW of Masachapa, Nicaragua",Nicaragua,NIC,69.58345728112394,223.3065399349821
us7000cmtj,2020-12-04 02:40:14.814000+00:00,2020,12,2020-12,4.5,"82 km WSW of Masachapa, Nicaragua",Nicaragua,NIC,81.51580992579363,118.30161346013828
us7000cp27,2020-12-08 03:33:31.334000+00:00,2020,12,2020-12,4.5,"11 km S of Esparza, Costa Rica",Nicaragua,NIC,114.83585969894025,100.14680512876258
us7000cp5g,2020-12-08 14:20:51.282000+00:00,2020,12,2020-12,4.7,"2 km S of Corredor, Costa Rica",Nicaragua,NIC,258.83188509801784,61.369657964151436
us7000cp5q,2020-12-08 14:53:14.574000+00:00,2020,12,2020-12,4.7,"6 km WSW of Corredor, Costa Rica",Nicaragua,NIC,255.83423783933333,62.296408729424655
us7000cpci,2020-12-09 04:56:40.879000+00:00,2020,12,2020-12,4.9,"103 km SW of Jiquilillo, Nicaragua",Nicaragua,NIC,105.01646351825218,166.7092305157968
us7000cqja,2020-12-12 10:34:56.050000+00:00,2020,12,2020-12,4.5,"13 km NNE of Villa El Carmen, Nicaragua",Nicaragua,NIC,0.0,177.82794100389228
us6000d25u,2020-12-23 10:21:04.353000+00:00,2020,12,2020-12,4.6,"73 km WSW of San Juan del Sur, Nicaragua",Nicaragua,NIC,62.845736845935534,145.72438004709633
us6000d3we,2020-12-29 03:54:39.261000+00:00,2020,12,2020-12,4.6,"82 km S of Puerto San José, Guatemala",Nicaragua,NIC,347.9393550653761,35.03154490435744
us6000d4vf,2021-01-01 22:11:31.133000+00:00,2021,1,2021-01,4.8,"66 km S of Puerto San José, Guatemala",Nicaragua,NIC,354.43903789040604,42.69189261617732
us6000d58i,2021-01-03 11:52:59.498000+00:00,2021,1,2021-01,4.8,"70 km S of Puerto San José, Guatemala",Nicaragua,NIC,354.8914215847872,42.59543616510718
us6000d593,2021-01-03 13:22:21.983000+00:00,2021,1,2021-01,4.7,"64 km S of Puerto San José, Guatemala",Nicaragua,NIC,349.68211151062144,38.965023522685705
us6000d5mw,2021-01-05 00:55:08.575000+00:00,2021,1,2021-01,4.7,"1 km WSW of Puerto Armuelles, Panama",Nicaragua,NIC,297.46543365244526,50.58968998390899
us7000d0e6,2021-01-15 17:09:07.534000+00:00,2021,1,2021-01,4.5,"44 km SSW of Puerto El Triunfo, El Salvador",Nicaragua,NIC,119.94924842617841,97.61881164448491
us7000d1y9,2021-01-21 06:32:32.480000+00:00,2021,1,2021-01,4.5,"68 km SE of Punta de Burica, Panama",Nicaragua,NIC,390.95244587880035,25.18010578710297
us7000d2lp,2021-01-23 04:58:16.930000+00:00,2021,1,2021-01,4.7,near the coast of Guatemala,Nicaragua,NIC,359.6045971840957,37.07904490261558
us6000dcme,2021-01-28 10:38:44.260000+00:00,2021,1,2021-01,4.9,"42 km SSW of Champerico, Guatemala",Nicaragua,NIC,492.36517009475307,24.034916502932933
us6000dcwl,2021-01-29 11:23:29.012000+00:00,2021,1,2021-01,4.9,"15 km W of Puerto Armuelles, Panama",Nicaragua,NIC,294.72821673195335,64.56628652706803
us6000dcx1,2021-01-29 12:41:38.711000+00:00,2021,1,2021-01,5.7,"12 km SW of Puerto Armuelles, Panama",Nicaragua,NIC,301.6136422743222,156.6946964684743
us6000dcx7,2021-01-29 13:14:44.617000+00:00,2021,1,2021-01,5.5,"12 km WSW of Puerto Armuelles, Panama",Nicaragua,NIC,297.8467629067429,126.83349854226412
us6000dcxa,2021-01-29 13:23:25.131000+00:00,2021,1,2021-01,4.7,"16 km NW of Limones, Panama",Nicaragua,NIC,302.09056848728727,49.43319322086815
us6000dd68,2021-01-30 05:35:28.173000+00:00,2021,1,2021-01,4.9,"55 km S of Intipucá, El Salvador",Nicaragua,NIC,46.72044213960077,223.1248024459945
us6000ddrb,2021-02-01 20:53:19.898000+00:00,2021,2,2021-02,4.6,"26 km SSE of Puerto San José, Guatemala",Nicaragua,NIC,354.036716774832,33.979660669543144
us6000de5f,2021-02-03 10:37:28.529000+00:00,2021,2,2021-02,4.7,"91 km SSW of Puerto El Triunfo, El Salvador",Nicaragua,NIC,135.95249835674883,113.4443577642795
us6000deqg,2021-02-05 12:29:34.461000+00:00,2021,2,2021-02,4.8,Nicaragua,Nicaragua,NIC,0.0,251.18864315095797
us6000dft3,2021-02-09 04:37:50.239000+00:00,2021,2,2021-02,4.5,"47 km SSW of Sámara, Costa Rica",Nicaragua,NIC,183.36145934550044,71.09444202451152
us6000dg5d,2021-02-10 08:47:37.327000+00:00,2021,2,2021-02,5.0,"35 km SSW of Puerto El Triunfo, El Salvador",Nicaragua,NIC,116.41085645930097,176.69206119982783
us6000dgip,2021-02-11 02:40:50.528000+00:00,2021,2,2021-02,4.8,"45 km W of Masachapa, Nicaragua",Nicaragua,NIC,37.74768873577634,207.984962103174
us6000dhkh,2021-02-14 09:20:54.773000+00:00,2021,2,2021-02,4.9,"54 km SW of La Gomera, Guatemala",Nicaragua,NIC,418.0246703448189,34.85547149280235
us6000dhxt,2021-02-16 01:31:29.628000+00:00,2021,2,2021-02,4.6,"13 km W of Golfito, Costa Rica",Nicaragua,NIC,248.70306331825762,57.53712532574587
us6000dk7z,2021-02-22 21:05:00.893000+00:00,2021,2,2021-02,4.6,"91 km SW of Jiquilillo, Nicaragua",Nicaragua,NIC,90.90264483511294,126.65064759642166
us6000dk88,2021-02-22 21:27:01.581000+00:00,2021,2,2021-02,4.8,"81 km SSW of Jiquilillo, Nicaragua",Nicaragua,NIC,79.26170426803625,168.99949079066198
us7000de8s,2021-02-28 00:01:51.365000+00:00,2021,2,2021-02,4.6,"23 km WSW of Parrita, Costa Rica",Nicaragua,NIC,157.60181131895322,90.73440905072647
us7000dfh8,2021-03-04 16:06:05.848000+00:00,2021,3,2021-03,4.5,"32 km W of Tola, Nicaragua",Nicaragua,NIC,12.807125345304655,166.7975551611678
us7000dgc1,2021-03-06 04:10:01.584000+00:00,2021,3,2021-03,4.5,"99 km SSW of Acajutla, El Salvador",Nicaragua,NIC,284.41537862024114,42.89432642984206
us7000dibn,2021-03-12 06:48:13.911000+00:00,2021,3,2021-03,4.8,"8 km SSW of Nandaime, Nicaragua",Nicaragua,NIC,0.0,251.18864315095797
us7000dj1u,2021-03-13 07:57:56.828000+00:00,2021,3,2021-03,5.0,"8 km SE of San Jorge, Nicaragua",Nicaragua,NIC,0.0,316.22776601683796
us7000djgi,2021-03-15 09:53:42.155000+00:00,2021,3,2021-03,4.5,"99 km S of La Libertad, El Salvador",Nicaragua,NIC,176.33294056229698,73.63730482975797
us6000dw0t,2021-03-24 12:35:15.889000+00:00,2021,3,2021-03,4.6,"91 km S of Acajutla, El Salvador",Nicaragua,NIC,234.21880785203857,61.85863336495433
us6000dw9p,2021-03-25 08:13:17.247000+00:00,2021,3,2021-03,4.8,"32 km S of Acajutla, El Salvador",Nicaragua,NIC,244.31459204196122,74.04190842563071
us6000dwju,2021-03-26 04:06:27.348000+00:00,2021,3,2021-03,4.9,"77 km SW of Acajutla, El Salvador",Nicaragua,NIC,296.0396901548432,64.14428679879525
us6000dx9w,2021-03-29 01:49:08.471000+00:00,2021,3,2021-03,4.6,"3 km WSW of Asunción Mita, Guatemala",Nicaragua,NIC,277.3073991835791,49.869456340688934
us6000dxhl,2021-03-29 20:46:37.283000+00:00,2021,3,2021-03,4.7,"26 km W of Santa Cruz, Costa Rica",Nicaragua,NIC,96.52404344528266,138.165846705525
us6000dxi4,2021-03-29 22:16:01.471000+00:00,2021,3,2021-03,4.5,Panama-Costa Rica border region,Nicaragua,NIC,285.03829782471735,42.76093576820501
us6000e0q5,2021-04-11 01:42:27.851000+00:00,2021,4,2021-04,4.6,"62 km WSW of San Juan del Sur, Nicaragua",Nicaragua,NIC,56.69283631348538,150.27719153546104
us6000e1gp,2021-04-14 12:48:51.450000+00:00,2021,4,2021-04,4.6,"56 km W of Jiquilillo, Nicaragua",Nicaragua,NIC,40.42560024149238,163.01100480662248
us6000e3qj,2021-04-22 16:32:49.197000+00:00,2021,4,2021-04,4.8,"71 km S of Masachapa, Nicaragua",Nicaragua,NIC,60.67767742564397,185.45566226844457
us7000dzf3,2021-05-02 05:54:19.203000+00:00,2021,5,2021-05,4.6,"30 km SE of Champerico, Guatemala",Nicaragua,NIC,469.5350471359221,19.072938123710358
us7000e2bd,2021-05-12 06:17:06.629000+00:00,2021,5,2021-05,5.6,"69 km WSW of Acajutla, El Salvador",Nicaragua,NIC,301.762608648192,139.55031498703858
us7000e2c6,2021-05-12 08:45:44.539000+00:00,2021,5,2021-05,6.0,"55 km SW of Acajutla, El Salvador",Nicaragua,NIC,285.29140419718476,240.1582924951426
us7000e2rq,2021-05-13 09:42:12.044000+00:00,2021,5,2021-05,6.1,"154 km SSE of Punta de Burica, Panama",Nicaragua,NIC,479.2848087208941,102.15185595607595
us7000e2te,2021-05-13 14:57:08.565000+00:00,2021,5,2021-05,4.7,"154 km SSE of Punta de Burica, Panama",Nicaragua,NIC,479.64509825491115,20.345290850288627
us7000e57b,2021-05-21 22:19:51.407000+00:00,2021,5,2021-05,5.6,"40 km SW of Jiquilillo, Nicaragua",Nicaragua,NIC,40.03857207035235,516.4845628059207
us7000e5lz,2021-05-23 22:37:52.670000+00:00,2021,5,2021-05,5.1,"63 km SW of Masachapa, Nicaragua",Nicaragua,NIC,64.60985542066818,256.86295921032274
us7000e602,2021-05-25 04:03:03.741000+00:00,2021,5,2021-05,4.5,"58 km NNE of Matina, Costa Rica",Nicaragua,NIC,76.91261517564917,121.05601633139226
us7000eaia,2021-06-06 18:20:15.576000+00:00,2021,6,2021-06,4.5,"9 km W of El Crucero, Nicaragua",Nicaragua,NIC,0.0,177.82794100389228
us7000eavc,2021-06-07 19:37:57.486000+00:00,2021,6,2021-06,4.7,"103 km SSW of Nueva Concepción, Guatemala",Nicaragua,NIC,449.1102853135886,23.70114933156692
us7000ebw8,2021-06-10 23:27:02.435000+00:00,2021,6,2021-06,5.7,"102 km S of Sámara, Costa Rica",Nicaragua,NIC,230.33845021675177,223.78264902702566
us7000eckp,2021-06-13 02:58:15.452000+00:00,2021,6,2021-06,5.4,"22 km SW of Nueva Concepción, Guatemala",Nicaragua,NIC,436.9663461646261,56.38189071103066
us7000ecqk,2021-06-13 15:13:50.938000+00:00,2021,6,2021-06,4.6,"58 km SW of Masachapa, Nicaragua",Nicaragua,NIC,58.6979421271743,148.77811028093242
us7000ee60,2021-06-18 13:57:25.674000+00:00,2021,6,2021-06,4.6,"4 km ENE of Santa Clara, Panama",Nicaragua,NIC,244.30758526705594,58.815638918968276
us7000ef4t,2021-06-22 06:26:44.914000+00:00,2021,6,2021-06,4.8,"48 km SW of Acajutla, El Salvador",Nicaragua,NIC,278.2809223518733,62.4770701250116
us7000ef5y,2021-06-22 10:41:55.532000+00:00,2021,6,2021-06,4.6,"63 km WSW of Sardinal, Costa Rica",Nicaragua,NIC,93.51240473462049,125.00874441970787
us6000ep55,2021-06-23 18:25:29.013000+00:00,2021,6,2021-06,4.7,"13 km SSE of Moyogalpa, Nicaragua",Nicaragua,NIC,0.0,223.872113856834
us6000epg5,2021-06-24 20:02:21.461000+00:00,2021,6,2021-06,4.6,"48 km SW of Nueva Concepción, Guatemala",Nicaragua,NIC,447.0960725342876,21.33748427628058
us6000epk0,2021-06-25 02:44:34.373000+00:00,2021,6,2021-06,4.6,"83 km S of Champerico, Guatemala",Nicaragua,NIC,483.7718210085322,17.76244876272919
us6000epzl,2021-06-26 11:48:31.062000+00:00,2021,6,2021-06,4.5,"138 km SSE of Punta de Burica, Panama",Nicaragua,NIC,462.85184204272286,17.576402740035544
us6000eqns,2021-06-29 00:00:18.701000+00:00,2021,6,2021-06,4.6,El Salvador,Nicaragua,NIC,180.72856416800116,80.82633923566303
us6000equq,2021-06-29 15:41:14.131000+00:00,2021,6,2021-06,4.5,"70 km SW of Jiquilillo, Nicaragua",Nicaragua,NIC,68.65243512457525,126.16042149608442
us6000etah,2021-07-08 20:31:36.388000+00:00,2021,7,2021-07,5.3,"64 km SSW of Acajutla, El Salvador",Nicaragua,NIC,268.1445553198659,116.87765685911651
us7000elcr,2021-07-12 23:26:35.226000+00:00,2021,7,2021-07,5.2,"19 km SSE of Masachapa, Nicaragua",Nicaragua,NIC,11.832892161197645,375.2366077409592
us7000emzy,2021-07-17 20:56:10.107000+00:00,2021,7,2021-07,6.1,"135 km S of Burica, Panama",Nicaragua,NIC,458.2239919213266,113.4956572443592
us7000engt,2021-07-19 17:08:49.653000+00:00,2021,7,2021-07,4.6,"102 km S of Burica, Panama",Nicaragua,NIC,425.8314188480486,23.731152100444334
us6000exs5,2021-07-21 21:15:12.269000+00:00,2021,7,2021-07,6.7,"71 km S of Burica, Panama",Nicaragua,NIC,394.1393910789619,311.98749476825446
us6000exs9,2021-07-21 21:34:38.942000+00:00,2021,7,2021-07,4.6,"29 km SSE of Burica, Panama",Nicaragua,NIC,352.71562607411926,34.20485467361919
us6000exsn,2021-07-21 22:25:58.887000+00:00,2021,7,2021-07,4.9,"70 km S of Burica, Panama",Nicaragua,NIC,393.41046623387246,39.420309248806
us6000extw,2021-07-22 01:28:26.215000+00:00,2021,7,2021-07,5.2,"54 km SW of Masachapa, Nicaragua",Nicaragua,NIC,55.152049368717705,302.16130428755304
us6000exuv,2021-07-22 02:51:05.619000+00:00,2021,7,2021-07,4.6,"91 km S of Burica, Panama",Nicaragua,NIC,407.9237651277741,25.95402979345449
us6000exy4,2021-07-22 12:51:45.635000+00:00,2021,7,2021-07,5.1,"55 km S of Burica, Panama",Nicaragua,NIC,377.73832547919324,53.67247819164755
us6000eykn,2021-07-24 04:51:21.158000+00:00,2021,7,2021-07,4.6,"50 km SW of Puerto El Triunfo, El Salvador",Nicaragua,NIC,134.07505420621965,102.0609764350809
us6000eysv,2021-07-25 00:03:53.992000+00:00,2021,7,2021-07,4.5,"74 km SSW of Masachapa, Nicaragua",Nicaragua,NIC,73.84268536526172,122.92851805471994
us6000ez2j,2021-07-26 03:48:10.146000+00:00,2021,7,2021-07,4.6,"67 km SSE of Burica, Panama",Nicaragua,NIC,390.3939406304689,28.331549605316102
us6000ez99,2021-07-26 17:33:07.076000+00:00,2021,7,2021-07,4.6,"91 km SSW of Corinto, Nicaragua",Nicaragua,NIC,90.85581186256597,126.68030820053147
us6000f0hw,2021-07-30 04:29:33.036000+00:00,2021,7,2021-07,4.7,"60 km W of Sardinal, Costa Rica",Nicaragua,NIC,90.97519868381534,142.0528221093501
us6000f2yc,2021-08-06 17:30:02.639000+00:00,2021,8,2021-08,4.8,Honduras,Nicaragua,NIC,8.452278411099677,240.7942492097586
us6000f3t8,2021-08-10 08:02:18.645000+00:00,2021,8,2021-08,4.5,El Salvador,Nicaragua,NIC,205.31184698625307,63.704628720187266
us6000f48d,2021-08-11 17:11:54.203000+00:00,2021,8,2021-08,4.5,"35 km SW of Masachapa, Nicaragua",Nicaragua,NIC,35.89984679815532,148.60878147363718
us6000f5fm,2021-08-13 09:04:05.072000+00:00,2021,8,2021-08,4.7,"61 km SW of Corinto, Nicaragua",Nicaragua,NIC,60.709634344975086,165.26112468705244
us6000f6sl,2021-08-16 02:39:16.256000+00:00,2021,8,2021-08,4.5,"57 km SSE of Burica, Panama",Nicaragua,NIC,381.01351405318826,26.463035937464376
us6000f7x6,2021-08-18 12:12:01.970000+00:00,2021,8,2021-08,4.6,"103 km SSW of Puerto El Triunfo, El Salvador",Nicaragua,NIC,155.23186301430863,91.81598388045339
us6000f7xc,2021-08-18 12:31:09.068000+00:00,2021,8,2021-08,4.6,"99 km SSW of Puerto El Triunfo, El Salvador",Nicaragua,NIC,154.62291770422843,92.09596446018439
us6000f8an,2021-08-19 10:06:23.967000+00:00,2021,8,2021-08,4.5,"85 km SSE of Burica, Panama",Nicaragua,NIC,409.1062372347943,22.995194816092003
us7000f2xz,2021-08-24 08:04:59.967000+00:00,2021,8,2021-08,4.6,"37 km N of Guanaja, Honduras",Nicaragua,NIC,254.23859366472655,55.96646911292513
us7000f39r,2021-08-24 16:16:42.787000+00:00,2021,8,2021-08,5.4,"113 km S of Champerico, Guatemala",Nicaragua,NIC,466.7964792952913,48.56957735783233
us7000f3w2,2021-08-25 21:04:19.627000+00:00,2021,8,2021-08,5.2,"11 km NNE of Pinalejo, Honduras",Nicaragua,NIC,264.882475161485,105.8802634952222
us7000fbfk,2021-09-08 02:00:50.955000+00:00,2021,9,2021-09,4.5,"42 km S of Acajutla, El Salvador",Nicaragua,NIC,246.02827847351148,51.97043851684674
us7000fcf7,2021-09-18 14:43:55.861000+00:00,2021,9,2021-09,5.0,"27 km SW of La Libertad, El Salvador",Nicaragua,NIC,209.85994856197763,110.73755026786829
us7000fcr5,2021-09-19 22:08:53.355000+00:00,2021,9,2021-09,5.0,Guatemala,Nicaragua,NIC,429.68591786534364,36.89341733614669
us7000fdaq,2021-09-22 01:25:08.608000+00:00,2021,9,2021-09,5.2,"71 km SSE of Burica, Panama",Nicaragua,NIC,394.9310205099293,55.26092946662709
us7000fdds,2021-09-22 09:57:07.023000+00:00,2021,9,2021-09,6.5,"80 km SW of Jiquilillo, Nicaragua",Nicaragua,NIC,79.60101164248064,1194.3967127687988
us7000fde5,2021-09-22 10:20:12.825000+00:00,2021,9,2021-09,4.5,"70 km WSW of Corinto, Nicaragua",Nicaragua,NIC,68.9962673755156,125.94371771531596
us7000fdf4,2021-09-22 12:27:11.484000+00:00,2021,9,2021-09,5.2,"66 km SW of Corinto, Nicaragua",Nicaragua,NIC,66.55036381087717,285.422181489919
us7000fdfd,2021-09-22 12:57:00.189000+00:00,2021,9,2021-09,5.6,"69 km SW of Corinto, Nicaragua",Nicaragua,NIC,68.97586029274062,446.9107717516748
us7000fevt,2021-09-22 13:01:49.943000+00:00,2021,9,2021-09,4.6,"58 km SW of Corinto, Nicaragua",Nicaragua,NIC,57.96176908720728,149.326751567421
us7000fdjk,2021-09-22 16:20:46.509000+00:00,2021,9,2021-09,4.5,"85 km SW of Corinto, Nicaragua",Nicaragua,NIC,85.93106481428896,115.7185714520396
us7000fdnw,2021-09-23 00:39:25.669000+00:00,2021,9,2021-09,4.5,"70 km SSW of Jiquilillo, Nicaragua",Nicaragua,NIC,69.07173085893055,125.89620592112823
us7000fdrk,2021-09-23 11:13:30.410000+00:00,2021,9,2021-09,4.6,"77 km SSW of Jiquilillo, Nicaragua",Nicaragua,NIC,75.43261522707489,136.83593285290937
us7000fdwr,2021-09-23 22:17:45.646000+00:00,2021,9,2021-09,4.8,"75 km SW of Jiquilillo, Nicaragua",Nicaragua,NIC,74.2925956945121,173.2509713536464
us7000fe12,2021-09-24 09:44:27.870000+00:00,2021,9,2021-09,4.6,"52 km WSW of Jiquilillo, Nicaragua",Nicaragua,NIC,46.38994397259888,158.22150696250057
us6000frdl,2021-10-03 21:09:59.346000+00:00,2021,10,2021-10,4.9,"84 km SSW of Masachapa, Nicaragua",Nicaragua,NIC,81.3877658929685,187.61549861356372
us6000fu0z,2021-10-07 13:12:59.484000+00:00,2021,10,2021-10,4.5,"108 km SW of San Juan del Sur, Nicaragua",Nicaragua,NIC,107.38897795408919,103.94600373592228
us6000fu4e,2021-10-13 02:54:26.358000+00:00,2021,10,2021-10,5.0,"17 km WSW of Jacó, Costa Rica",Nicaragua,NIC,152.50543404836904,147.51584035385525
us6000fu7u,2021-10-13 14:21:48.777000+00:00,2021,10,2021-10,4.5,"14 km SSE of Iztapa, Guatemala",Nicaragua,NIC,343.6604765502415,31.897067462358624
us6000fuzs,2021-10-15 18:44:34.905000+00:00,2021,10,2021-10,4.6,"108 km NE of Savannah Bight, Honduras",Nicaragua,NIC,272.96957892114216,50.962895018759674
us6000fv9g,2021-10-16 18:27:28.917000+00:00,2021,10,2021-10,5.4,"73 km SSW of George Town, Cayman Islands",Nicaragua,NIC,459.22965933075,50.442367877317054
us6000fvtt,2021-10-19 06:32:20.944000+00:00,2021,10,2021-10,4.6,"32 km S of Jacó, Costa Rica",Nicaragua,NIC,171.67100163315072,84.57093974083851
us7000fq18,2021-10-30 07:26:12.668000+00:00,2021,10,2021-10,4.5,"122 km SSE of Burica, Panama",Nicaragua,NIC,447.0435622661204,19.02204648689175
us7000fqez,2021-11-01 03:07:56.341000+00:00,2021,11,2021-11,5.0,off the coast of Central America,Nicaragua,NIC,105.10866691646554,186.96461940345867
us7000fqrl,2021-11-02 07:58:12.769000+00:00,2021,11,2021-11,4.5,"82 km SW of Jiquilillo, Nicaragua",Nicaragua,NIC,83.21572031466675,117.30036386561468
us7000fsfp,2021-11-08 17:45:45.153000+00:00,2021,11,2021-11,4.5,"38 km SSE of La Libertad, El Salvador",Nicaragua,NIC,168.055573445621,76.74886453368575
us7000fsjc,2021-11-09 02:53:49.853000+00:00,2021,11,2021-11,5.9,"72 km SSW of Masachapa, Nicaragua",Nicaragua,NIC,65.31529837095458,642.9387946115181
us7000fsku,2021-11-09 06:24:20.708000+00:00,2021,11,2021-11,5.7,"72 km S of Masachapa, Nicaragua",Nicaragua,NIC,59.60061021800722,525.507500843989
us7000fskw,2021-11-09 06:25:14.907000+00:00,2021,11,2021-11,6.3,"62 km S of Masachapa, Nicaragua",Nicaragua,NIC,49.19570953430534,1104.518193915146
us7000fsp1,2021-11-09 11:13:02.016000+00:00,2021,11,2021-11,4.8,near the coast of Nicaragua,Nicaragua,NIC,63.04528185072847,183.27317767318831
us7000fuke,2021-11-16 15:58:54.729000+00:00,2021,11,2021-11,4.8,"101 km SW of Jiquilillo, Nicaragua",Nicaragua,NIC,100.28775856825652,152.1345657742036
us7000fuvy,2021-11-17 17:48:01.077000+00:00,2021,11,2021-11,4.5,"50 km SSW of Chirilagua, El Salvador",Nicaragua,NIC,71.2508029733762,124.53196679710526
us7000fuwd,2021-11-17 19:01:49.746000+00:00,2021,11,2021-11,4.9,"3 km NNE of San Francisco Menéndez, El Salvador",Nicaragua,NIC,278.94115892483427,69.86939287753536
us7000fv5p,2021-11-18 16:56:56.794000+00:00,2021,11,2021-11,5.8,"40 km S of Puerto San José, Guatemala",Nicaragua,NIC,351.778320036364,136.81165097406137
us7000fwhj,2021-11-18 17:00:25.964000+00:00,2021,11,2021-11,5.0,"6 km SSE of Oratorio, Guatemala",Nicaragua,NIC,309.1804392593,67.39430617193742
us7000fv60,2021-11-18 17:23:51.920000+00:00,2021,11,2021-11,4.5,"39 km S of Puerto San José, Guatemala",Nicaragua,NIC,354.2541308407192,30.25150105906511
us7000fv63,2021-11-18 17:26:54.589000+00:00,2021,11,2021-11,4.7,"27 km S of Iztapa, Guatemala",Nicaragua,NIC,350.4420492176154,38.81724949497338
us7000fwde,2021-11-23 05:56:32.752000+00:00,2021,11,2021-11,5.5,"81 km SW of Acajutla, El Salvador",Nicaragua,NIC,286.13549578812257,134.48215676620265
us6000g8aj,2021-12-01 22:30:46.086000+00:00,2021,12,2021-12,4.7,"98 km S of La Libertad, El Salvador",Nicaragua,NIC,194.1404220579014,84.80655660350506
us6000g928,2021-12-04 18:44:49.952000+00:00,2021,12,2021-12,4.9,"105 km S of La Libertad, El Salvador",Nicaragua,NIC,206.3631665185789,100.4356923165096
us6000g95x,2021-12-05 00:47:07.217000+00:00,2021,12,2021-12,4.8,"64 km S of Masachapa, Nicaragua",Nicaragua,NIC,53.05116179327647,192.66413007546626
us6000g9cu,2021-12-05 23:15:05.780000+00:00,2021,12,2021-12,4.5,"96 km SW of Corinto, Nicaragua",Nicaragua,NIC,96.08767537195924,109.98874939966767
us6000gay5,2021-12-09 18:33:59.413000+00:00,2021,12,2021-12,4.5,"70 km S of Burica, Panama",Nicaragua,NIC,393.0272591644445,24.920235980935892
us6000gc1b,2021-12-13 23:40:29.026000+00:00,2021,12,2021-12,4.5,"47 km SW of Puerto El Triunfo, El Salvador",Nicaragua,NIC,125.70032268487482,94.85172148917182
us6000gd5f,2021-12-14 21:22:15.873000+00:00,2021,12,2021-12,4.5,"7 km NNE of Guanagazapa, Guatemala",Nicaragua,NIC,360.0524587882403,29.38705188604257
us6000gd33,2021-12-17 13:58:34.168000+00:00,2021,12,2021-12,4.9,"76 km NE of Savannah Bight, Honduras",Nicaragua,NIC,254.46747656828697,78.96431921976591
us6000gdcs,2021-12-18 06:12:14.932000+00:00,2021,12,2021-12,4.5,"57 km S of Puerto El Triunfo, El Salvador",Nicaragua,NIC,106.5642020317298,104.37554963048339
us6000geq6,2021-12-23 01:17:51.352000+00:00,2021,12,2021-12,4.5,"69 km SW of Masachapa, Nicaragua",Nicaragua,NIC,70.73440869046941,124.85392023399592
us7000g9k1,2021-12-24 21:58:19.994000+00:00,2021,12,2021-12,4.9,"42 km SSE of Boca Chica, Panama",Nicaragua,NIC,375.2377476095224,43.169953817639986
us6000gfgl,2021-12-26 16:06:26.236000+00:00,2021,12,2021-12,4.5,"13 km SE of Río Bravo, Guatemala",Nicaragua,NIC,424.4235148119846,21.299825606139628
us7000g9nb,2022-01-06 16:25:05.973000+00:00,2022,1,2022-01,6.1,near the coast of Nicaragua,Nicaragua,NIC,47.12244129230558,886.4922003023992
us7000g9p3,2022-01-06 16:50:04.217000+00:00,2022,1,2022-01,4.7,near the coast of Nicaragua,Nicaragua,NIC,56.26056133395297,168.97861388666314
us7000g9ze,2022-01-07 17:04:13.894000+00:00,2022,1,2022-01,5.1,"59 km S of Corinto, Nicaragua",Nicaragua,NIC,48.02499884058143,279.07121298662776
us7000gadx,2022-01-09 17:10:30.404000+00:00,2022,1,2022-01,4.9,"58 km S of Corinto, Nicaragua",Nicaragua,NIC,46.36366140667398,223.52319083635368
us7000gbqm,2022-01-13 19:32:49.809000+00:00,2022,1,2022-01,4.6,"16 km WSW of Orotina, Costa Rica",Nicaragua,NIC,118.15456237535936,110.51739197476063
us7000gc8d,2022-01-15 12:50:53.001000+00:00,2022,1,2022-01,4.6,"61 km SSW of El Rosario, El Salvador",Nicaragua,NIC,162.08196365747628,88.72448513620694
us7000gdeb,2022-01-20 02:32:36.359000+00:00,2022,1,2022-01,4.9,"68 km SW of Masachapa, Nicaragua",Nicaragua,NIC,69.30985515454199,199.29461395917951
us7000gg47,2022-01-29 03:19:29.325000+00:00,2022,1,2022-01,4.9,"26 km SSW of Puerto El Triunfo, El Salvador",Nicaragua,NIC,107.9954467449845,164.24451196467976
us7000gggu,2022-01-30 22:01:09.778000+00:00,2022,1,2022-01,4.5,"47 km NNW of Guanaja, Honduras",Nicaragua,NIC,268.5267183987004,46.441008242543404
us7000ghm9,2022-02-03 16:17:55.218000+00:00,2022,2,2022-02,4.5,"114 km SSW of Puerto El Triunfo, El Salvador",Nicaragua,NIC,144.59253376753446,86.30208782156852
us7000gi36,2022-02-04 21:24:03.149000+00:00,2022,2,2022-02,5.0,"24 km S of Golfito, Costa Rica",Nicaragua,NIC,275.3654783222405,79.8089250452315
us7000gkfd,2022-02-13 04:43:34.127000+00:00,2022,2,2022-02,4.8,"38 km SSE of Champerico, Guatemala",Nicaragua,NIC,473.2391960628662,23.57079021925944
us7000gl8w,2022-02-16 07:12:22.847000+00:00,2022,2,2022-02,6.2,"12 km WSW of Nueva Concepción, Guatemala",Nicaragua,NIC,435.50660731931714,142.6623645855665
us7000gla0,2022-02-16 07:50:14.394000+00:00,2022,2,2022-02,4.5,"14 km WSW of Nueva Concepción, Guatemala",Nicaragua,NIC,438.11210365403093,19.89077270372922
us7000glaw,2022-02-16 09:56:07.145000+00:00,2022,2,2022-02,4.6,"4 km NW of Telica, Nicaragua",Nicaragua,NIC,0.0,199.52623149688787
us7000gmzl,2022-02-17 04:01:35.018000+00:00,2022,2,2022-02,4.5,"0 km ENE of San Jorge, Nicaragua",Nicaragua,NIC,0.0,177.82794100389228
us7000glug,2022-02-17 23:36:25.243000+00:00,2022,2,2022-02,5.2,"25 km SSE of Intipucá, El Salvador",Nicaragua,NIC,33.82384840588415,336.1649626518813
us7000gmg1,2022-02-20 15:32:42.407000+00:00,2022,2,2022-02,4.6,"65 km W of Sardinal, Costa Rica",Nicaragua,NIC,83.70931629274833,131.28875478282063
us6000h1pf,2022-03-03 11:30:27.817000+00:00,2022,3,2022-03,4.9,"52 km SSW of Jiquilillo, Nicaragua",Nicaragua,NIC,51.757847068658734,217.5751357269263
us6000h3pb,2022-03-11 00:35:16.692000+00:00,2022,3,2022-03,4.5,"38 km SSW of Puerto El Triunfo, El Salvador",Nicaragua,NIC,118.43086988408648,98.36274354143194
us6000h472,2022-03-13 16:47:27.499000+00:00,2022,3,2022-03,4.6,north of Honduras,Nicaragua,NIC,269.85747872872645,51.76210512459688
us6000h5sc,2022-03-18 16:20:17.777000+00:00,2022,3,2022-03,4.5,"68 km WSW of Sardinal, Costa Rica",Nicaragua,NIC,104.14452615219506,105.64599429423264
us6000h6b9,2022-03-21 05:17:16.515000+00:00,2022,3,2022-03,4.9,"53 km W of Sardinal, Costa Rica",Nicaragua,NIC,76.46998698038254,192.285941526056
us7000gxn0,2022-03-27 08:58:44.518000+00:00,2022,3,2022-03,4.7,"115 km SW of Jiquilillo, Nicaragua",Nicaragua,NIC,116.12155418513737,125.26947258362145
us7000gxwl,2022-03-28 18:43:40.527000+00:00,2022,3,2022-03,5.4,"152 km ENE of Savannah Bight, Honduras",Nicaragua,NIC,272.37696067821577,128.3928812438552
us7000gyfc,2022-03-30 16:00:58.820000+00:00,2022,3,2022-03,5.3,"37 km S of Champerico, Guatemala",Nicaragua,NIC,486.92795150533874,39.14257459408936
us7000gz57,2022-04-02 01:17:54.836000+00:00,2022,4,2022-04,4.5,"79 km S of Masachapa, Nicaragua",Nicaragua,NIC,69.08640248488094,125.88697074966059
us7000h03p,2022-04-06 06:14:05.148000+00:00,2022,4,2022-04,4.5,"57 km SSW of Chirilagua, El Salvador",Nicaragua,NIC,71.89537059756819,124.1312664702067
us7000h07k,2022-04-06 18:42:51.498000+00:00,2022,4,2022-04,4.6,El Salvador,Nicaragua,NIC,208.8613375532394,70.22041116597482
us7000h2l4,2022-04-15 22:53:42.037000+00:00,2022,4,2022-04,5.0,"58 km SSW of Intipucá, El Salvador",Nicaragua,NIC,59.2375976263334,235.16202492900663
us6000hf54,2022-04-20 23:26:48.436000+00:00,2022,4,2022-04,4.7,"8 km WNW of Limones, Panama",Nicaragua,NIC,309.9597730895888,47.525960713972694
us6000hf5a,2022-04-20 23:42:45.948000+00:00,2022,4,2022-04,4.5,"122 km S of Iztapa, Guatemala",Nicaragua,NIC,334.28828636598723,33.42737006421672
us6000hf75,2022-04-21 07:42:46.508000+00:00,2022,4,2022-04,6.6,"55 km WSW of Masachapa, Nicaragua",Nicaragua,NIC,55.71143307485519,1510.164163585717
us6000hf9h,2022-04-21 13:19:57.754000+00:00,2022,4,2022-04,4.5,"41 km WSW of Masachapa, Nicaragua",Nicaragua,NIC,40.6199002955036,145.14263633370888
us6000hfxj,2022-04-23 22:05:45.317000+00:00,2022,4,2022-04,5.2,"81 km SW of Masachapa, Nicaragua",Nicaragua,NIC,82.74004226066998,263.22811942908487
us6000hfxm,2022-04-23 22:10:08.090000+00:00,2022,4,2022-04,5.4,"61 km WSW of Masachapa, Nicaragua",Nicaragua,NIC,62.18952766405835,367.24606960489933
us7000h6ku,2022-04-23 22:11:19.158000+00:00,2022,4,2022-04,5.2,"79 km SW of Masachapa, Nicaragua",Nicaragua,NIC,80.82572714055085,265.7597236673551
us7000h6kq,2022-04-23 22:16:16.775000+00:00,2022,4,2022-04,4.6,"76 km SW of Masachapa, Nicaragua",Nicaragua,NIC,77.99248790565598,135.09568083988532
us6000hfye,2022-04-23 23:57:03.656000+00:00,2022,4,2022-04,4.9,"85 km SW of Masachapa, Nicaragua",Nicaragua,NIC,87.42624180915398,182.03559935291588
us7000h5tw,2022-04-29 11:40:34.008000+00:00,2022,4,2022-04,4.5,"96 km SW of Masachapa, Nicaragua",Nicaragua,NIC,97.20746464675433,109.37464905174068
us7000h607,2022-04-30 05:09:11.215000+00:00,2022,4,2022-04,4.7,"64 km WSW of Jiquilillo, Nicaragua",Nicaragua,NIC,54.99728340003322,170.0493266173857
us7000h6ee,2022-05-02 18:24:26.815000+00:00,2022,5,2022-05,4.5,"52 km SSE of Quepos, Costa Rica",Nicaragua,NIC,197.53221702223448,66.23144658685621
us7000h7p6,2022-05-07 01:17:54.939000+00:00,2022,5,2022-05,4.7,"10 km SSE of Nueva Concepción, Guatemala",Nicaragua,NIC,421.3340646168181,27.232323873761807
us7000h7v8,2022-05-08 00:25:40.546000+00:00,2022,5,2022-05,5.0,"13 km NNW of Golfito, Costa Rica",Nicaragua,NIC,239.95221057644088,95.26873424015835
us7000h83m,2022-05-09 13:00:24.868000+00:00,2022,5,2022-05,4.6,"26 km SW of Nueva Concepción, Guatemala",Nicaragua,NIC,435.8621405670885,22.57030289642987
us7000h89n,2022-05-10 06:35:37.740000+00:00,2022,5,2022-05,4.7,"104 km S of La Libertad, El Salvador",Nicaragua,NIC,179.49050807937158,91.25177352271983
us6000hlet,2022-05-16 06:40:54.568000+00:00,2022,5,2022-05,4.6,"81 km SW of Masachapa, Nicaragua",Nicaragua,NIC,82.45704404367729,132.11338004821476
us7000hbz7,2022-05-23 17:34:39.789000+00:00,2022,5,2022-05,4.8,"5 km SSW of Santa Cruz, Costa Rica",Nicaragua,NIC,99.212572971167,152.95463257891134
us7000hchh,2022-05-25 18:58:39.058000+00:00,2022,5,2022-05,5.0,"48 km WSW of Masachapa, Nicaragua",Nicaragua,NIC,49.56881300967982,246.80996485123916
us7000hczt,2022-05-27 05:57:02.122000+00:00,2022,5,2022-05,4.6,"97 km SW of Corinto, Nicaragua",Nicaragua,NIC,97.95118548817558,122.26487360628586
us7000hdfb,2022-05-29 10:51:29.095000+00:00,2022,5,2022-05,4.5,"91 km SW of San Juan del Sur, Nicaragua",Nicaragua,NIC,91.70984941781339,112.42285039730005
us7000he0l,2022-06-01 06:29:28.762000+00:00,2022,6,2022-06,4.9,"99 km SW of Corinto, Nicaragua",Nicaragua,NIC,97.9900825385921,172.6701392960727
us7000he3b,2022-06-01 15:05:00.305000+00:00,2022,6,2022-06,4.7,"90 km SW of Jiquilillo, Nicaragua",Nicaragua,NIC,90.43036631410152,142.44032455787544
us7000hegy,2022-06-02 20:32:11.287000+00:00,2022,6,2022-06,4.6,"76 km W of Masachapa, Nicaragua",Nicaragua,NIC,69.23445469153657,141.1429830050896
us7000hery,2022-06-03 20:58:50.942000+00:00,2022,6,2022-06,4.7,"12 km WSW of Nueva Concepción, Guatemala",Nicaragua,NIC,436.91173391485614,25.191743424892962
us7000hger,2022-06-10 08:18:34.209000+00:00,2022,6,2022-06,4.9,"15 km SSW of Nueva Concepción, Guatemala",Nicaragua,NIC,426.106264499948,33.47510925449193
us7000hguc,2022-06-12 01:57:47.583000+00:00,2022,6,2022-06,4.6,"86 km SSW of Masachapa, Nicaragua",Nicaragua,NIC,78.70621702702464,134.61443144695357
us7000hhbg,2022-06-14 14:37:41.094000+00:00,2022,6,2022-06,4.5,"99 km SSW of Masachapa, Nicaragua",Nicaragua,NIC,94.9759874154662,110.60181751259034
us7000hhxe,2022-06-16 18:29:20.441000+00:00,2022,6,2022-06,4.5,"103 km SSW of George Town, Cayman Islands",Nicaragua,NIC,426.64346284964756,21.06471034891774
us7000hi25,2022-06-17 07:26:24.664000+00:00,2022,6,2022-06,4.7,"25 km WNW of Golfito, Costa Rica",Nicaragua,NIC,239.32374603491306,67.65736638635785
us7000hik6,2022-06-19 17:57:28.419000+00:00,2022,6,2022-06,5.1,"84 km S of Iztapa, Guatemala",Nicaragua,NIC,336.45454369372607,65.9778624717073
us7000hjqr,2022-06-23 20:37:41.997000+00:00,2022,6,2022-06,4.8,"51 km NNE of Savannah Bight, Honduras",Nicaragua,NIC,258.4313908172689,68.99591287169802
us7000hkby,2022-06-26 07:05:00.894000+00:00,2022,6,2022-06,4.6,"2 km NE of San Andrés Itzapa, Guatemala",Nicaragua,NIC,400.0037485054704,27.002432954184297
us7000hrz7,2022-07-20 00:48:21.116000+00:00,2022,7,2022-07,4.5,"55 km SSW of Masachapa, Nicaragua",Nicaragua,NIC,55.054664734194255,135.0362330736566
us7000hs0v,2022-07-20 03:42:28.264000+00:00,2022,7,2022-07,4.6,"50 km SSW of Champerico, Guatemala",Nicaragua,NIC,491.6567957846881,17.0757910946405
us7000hs10,2022-07-20 04:22:42.946000+00:00,2022,7,2022-07,5.1,"64 km SSW of San Juan del Sur, Nicaragua",Nicaragua,NIC,60.18218117506082,262.6128990688229
us6000i64e,2022-07-28 09:23:16.304000+00:00,2022,7,2022-07,5.2,"44 km SW of Jiquilillo, Nicaragua",Nicaragua,NIC,43.400843612876514,320.4470409046271
us6000i6cv,2022-07-29 01:05:36.295000+00:00,2022,7,2022-07,4.5,"60 km WSW of Santa Cruz, Costa Rica",Nicaragua,NIC,116.25934299174585,99.43654920105631
us6000i703,2022-07-31 16:42:00.655000+00:00,2022,7,2022-07,4.5,"67 km WSW of Santa Cruz, Costa Rica",Nicaragua,NIC,131.3934630291824,92.18976761513339
us6000i7hp,2022-08-02 15:17:01.396000+00:00,2022,8,2022-08,5.4,"38 km N of Tela, Honduras",Nicaragua,NIC,284.4677786720879,120.86096770452217
us6000i7v7,2022-08-03 21:55:37.535000+00:00,2022,8,2022-08,5.3,"4 km N of La Paz Centro, Nicaragua",Nicaragua,NIC,0.0,446.683592150963
us6000ib7v,2022-08-16 03:44:36.737000+00:00,2022,8,2022-08,4.6,"31 km SW of La Libertad, El Salvador",Nicaragua,NIC,206.26048665411574,71.13953859424427
us7000i47f,2022-09-01 04:03:13.894000+00:00,2022,9,2022-09,4.7,"46 km S of Champerico, Guatemala",Nicaragua,NIC,484.57204908316476,19.85021271348136
us7000i4vy,2022-09-03 06:53:35.060000+00:00,2022,9,2022-09,5.1,"37 km WNW of Ciudad Cortés, Costa Rica",Nicaragua,NIC,189.58040504021918,137.509081463614
us7000i54l,2022-09-04 13:25:27.531000+00:00,2022,9,2022-09,4.6,"37 km NNW of Guanaja, Honduras",Nicaragua,NIC,257.9645875871877,54.93346776322569
us7000i5kj,2022-09-06 07:35:35.061000+00:00,2022,9,2022-09,5.2,"21 km WNW of Puerto Morazán, Nicaragua",Nicaragua,NIC,0.0,398.1071705534973
us7000i7f9,2022-09-12 18:01:39.867000+00:00,2022,9,2022-09,4.5,"21 km W of San Isidro, Costa Rica",Nicaragua,NIC,150.58497350664788,83.75464163721911
us7000i7qe,2022-09-13 18:41:20.008000+00:00,2022,9,2022-09,5.2,"108 km SE of Burica, Panama",Nicaragua,NIC,429.9848979321236,46.37668025216708
us7000i7vn,2022-09-14 07:26:58.324000+00:00,2022,9,2022-09,4.8,"20 km NW of Puerto Morazán, Nicaragua",Nicaragua,NIC,0.0,251.18864315095797
us7000i7w6,2022-09-14 08:44:35.359000+00:00,2022,9,2022-09,5.3,"45 km WSW of Jiquilillo, Nicaragua",Nicaragua,NIC,41.98123686628702,362.108652602802
us7000iaa6,2022-09-22 19:50:33.827000+00:00,2022,9,2022-09,4.6,"145 km S of Burica, Panama",Nicaragua,NIC,468.0715963144272,19.213011509831688
us7000iapl,2022-09-24 06:58:29.638000+00:00,2022,9,2022-09,4.6,"35 km SW of Puerto El Triunfo, El Salvador",Nicaragua,NIC,124.7841539626368,106.9140182929643
us7000iavn,2022-09-25 04:19:20.029000+00:00,2022,9,2022-09,4.5,"57 km SW of Corinto, Nicaragua",Nicaragua,NIC,56.643657120469726,133.96762598493245
us7000iazy,2022-09-25 21:30:21.709000+00:00,2022,9,2022-09,5.1,"24 km NE of Puerto Barrios, Guatemala",Nicaragua,NIC,303.44304711057123,77.81831008121767
us6000ipny,2022-09-30 17:32:38.750000+00:00,2022,9,2022-09,5.2,"106 km SSW of Intipucá, El Salvador",Nicaragua,NIC,101.2397429067516,239.97206656380766
us6000itiw,2022-10-14 01:29:49.524000+00:00,2022,10,2022-10,4.5,"93 km SW of San Juan del Sur, Nicaragua",Nicaragua,NIC,92.31585627091232,112.08272087066229
us6000iub5,2022-10-17 14:43:09.302000+00:00,2022,10,2022-10,4.5,"60 km WSW of Sardinal, Costa Rica",Nicaragua,NIC,99.41052642812107,108.1764648059751
us6000iufg,2022-10-17 23:01:38.987000+00:00,2022,10,2022-10,4.6,Nicaragua,Nicaragua,NIC,0.0,199.52623149688787
us6000iv6c,2022-10-20 11:57:12.575000+00:00,2022,10,2022-10,6.7,"60 km SSW of Boca Chica, Panama",Nicaragua,NIC,381.1162019770853,332.978875704225
us6000iv6q,2022-10-20 13:04:38.881000+00:00,2022,10,2022-10,4.5,"78 km SE of Burica, Panama",Nicaragua,NIC,397.7697479998734,24.336267301285165
us6000ive2,2022-10-20 23:55:49.049000+00:00,2022,10,2022-10,4.6,"61 km WSW of Masachapa, Nicaragua",Nicaragua,NIC,62.191551534463656,146.20181419218872
us6000ivgg,2022-10-21 08:19:24.141000+00:00,2022,10,2022-10,4.5,"67 km SSW of Boca Chica, Panama",Nicaragua,NIC,384.0362294766603,26.066091980423547
us6000ivln,2022-10-21 19:44:44.649000+00:00,2022,10,2022-10,4.6,"77 km S of Boca Chica, Panama",Nicaragua,NIC,405.7818070664474,26.233485796632078
us6000ivpg,2022-10-22 03:40:17.349000+00:00,2022,10,2022-10,4.5,"71 km SSW of Masachapa, Nicaragua",Nicaragua,NIC,69.20745282578545,125.81080049944933
us6000ivrh,2022-10-22 12:50:38.732000+00:00,2022,10,2022-10,4.6,"20 km SSW of Zapotillo, Panama",Nicaragua,NIC,408.5442247522219,25.873637420591777
us6000iw0s,2022-10-24 05:40:40.971000+00:00,2022,10,2022-10,4.6,"25 km SW of Río Grande, Panama",Nicaragua,NIC,437.9834413877901,22.332175965670295
us7000ikyc,2022-10-24 18:11:51.168000+00:00,2022,10,2022-10,4.5,"110 km SW of Jiquilillo, Nicaragua",Nicaragua,NIC,108.68986254185931,103.27208905384873
us7000ilc4,2022-10-30 15:09:16.616000+00:00,2022,10,2022-10,4.5,near the coast of Guatemala,Nicaragua,NIC,342.52544849343155,32.07860242582163
us7000ilnq,2022-11-01 09:18:28.261000+00:00,2022,11,2022-11,4.6,"10 km NNE of La Paz Centro, Nicaragua",Nicaragua,NIC,0.0,199.52623149688787
us7000ilpg,2022-11-01 13:35:39.643000+00:00,2022,11,2022-11,5.0,"110 km SSW of Puerto El Triunfo, El Salvador",Nicaragua,NIC,167.46885895911967,136.8818900665406
us7000imeu,2022-11-04 04:26:09.876000+00:00,2022,11,2022-11,5.7,El Salvador,Nicaragua,NIC,209.54871092052852,248.29659034701996
us7000ip7p,2022-11-12 04:39:46.329000+00:00,2022,11,2022-11,5.8,"12 km E of La Gomera, Guatemala",Nicaragua,NIC,385.63024930116603,115.5086620411318
us7000ipgs,2022-11-13 13:55:28.282000+00:00,2022,11,2022-11,4.5,"86 km SSW of Corinto, Nicaragua",Nicaragua,NIC,81.93150127552522,118.05598402676789
us7000ipwz,2022-11-15 16:13:01.900000+00:00,2022,11,2022-11,4.5,"49 km SW of Puerto El Triunfo, El Salvador",Nicaragua,NIC,134.1860589459628,90.91146896955946
us7000iqig,2022-11-17 17:43:05.131000+00:00,2022,11,2022-11,4.7,"83 km S of Champerico, Guatemala",Nicaragua,NIC,469.8158217724847,21.37016648026828
us7000irru,2022-11-23 08:08:25.414000+00:00,2022,11,2022-11,4.6,near the coast of Nicaragua,Nicaragua,NIC,50.40663196590287,155.0755711729211
us7000isq2,2022-11-27 08:32:36.457000+00:00,2022,11,2022-11,4.9,near the coast of Nicaragua,Nicaragua,NIC,32.03695064342651,240.1223834992907
us6000j612,2022-12-01 13:30:47.484000+00:00,2022,12,2022-12,5.1,"76 km SE of Burica, Panama",Nicaragua,NIC,394.8040774984384,49.282625728916834
us6000j8lw,2022-12-11 15:03:11.145000+00:00,2022,12,2022-12,5.0,"4 km W of Zapotitlán, Guatemala",Nicaragua,NIC,279.0487771129268,78.35257604292808
us6000j9es,2022-12-15 14:32:23.385000+00:00,2022,12,2022-12,5.6,"40 km S of Puerto El Triunfo, El Salvador",Nicaragua,NIC,91.57618117778038,399.15801038328243
us6000ja0y,2022-12-17 16:50:37.467000+00:00,2022,12,2022-12,4.7,"136 km SSW of Chirilagua, El Salvador",Nicaragua,NIC,134.31563905692838,114.37662981598055
us7000j0k0,2022-12-28 01:44:44.623000+00:00,2022,12,2022-12,4.5,"94 km SSW of Acajutla, El Salvador",Nicaragua,NIC,284.2265237928038,42.93484956238376
us7000j1tw,2023-01-03 13:55:56.034000+00:00,2023,1,2023-01,4.6,off the coast of Central America,Nicaragua,NIC,274.30504373731446,50.623732860618055
us7000j2wv,2023-01-08 05:54:06.241000+00:00,2023,1,2023-01,4.5,"51 km S of Sámara, Costa Rica",Nicaragua,NIC,183.0238833282435,71.2145422463234
us7000j3d2,2023-01-10 08:27:46.406000+00:00,2023,1,2023-01,4.7,"93 km SW of Jiquilillo, Nicaragua",Nicaragua,NIC,90.99510623816656,142.03868319165554
us7000j4gd,2023-01-15 02:37:58.151000+00:00,2023,1,2023-01,4.5,"35 km N of Tela, Honduras",Nicaragua,NIC,281.0086504131726,43.631231257509704
us7000j4ld,2023-01-15 23:07:53.815000+00:00,2023,1,2023-01,5.2,"7 km NW of Atiquizaya, El Salvador",Nicaragua,NIC,265.35644208950856,105.62964186229338
us7000j4mi,2023-01-16 04:47:12.256000+00:00,2023,1,2023-01,5.0,"6 km ESE of Comapa, Guatemala",Nicaragua,NIC,274.55105104068997,80.13458048124106
us6000jjqy,2023-01-21 20:36:03.215000+00:00,2023,1,2023-01,4.5,"37 km SE of Iztapa, Guatemala",Nicaragua,NIC,324.39220244256524,35.12297402629685
us6000jkbv,2023-01-22 23:47:56.674000+00:00,2023,1,2023-01,4.5,"41 km SW of Río Grande, Panama",Nicaragua,NIC,446.4811181448365,19.07561596729189
us6000jj31,2023-01-25 05:15:30.350000+00:00,2023,1,2023-01,4.6,"40 km SSW of Puerto El Triunfo, El Salvador",Nicaragua,NIC,115.13622067050571,112.19793749630632
us6000jka2,2023-01-30 09:52:07.173000+00:00,2023,1,2023-01,4.9,"70 km SSW of Chirilagua, El Salvador",Nicaragua,NIC,75.2608631270251,193.45195018968076
us6000jkc9,2023-01-30 14:11:33.407000+00:00,2023,1,2023-01,4.5,"19 km ENE of Jacó, Costa Rica",Nicaragua,NIC,128.2880960045975,93.63235335060234
us6000jl0g,2023-02-02 17:42:18.946000+00:00,2023,2,2023-02,4.7,"22 km SSW of Nueva Concepción, Guatemala",Nicaragua,NIC,431.5424604662046,25.877210197668557
us6000jl37,2023-02-03 00:46:49.353000+00:00,2023,2,2023-02,4.5,"103 km SW of Jiquilillo, Nicaragua",Nicaragua,NIC,103.0909612557478,106.20398726358144
us6000jle9,2023-02-04 12:48:43.300000+00:00,2023,2,2023-02,4.7,"106 km SW of Jiquilillo, Nicaragua",Nicaragua,NIC,107.73076815151764,130.63682275837846
us6000jlf4,2023-02-04 16:35:39.336000+00:00,2023,2,2023-02,4.6,off the coast of Central America,Nicaragua,NIC,80.46876289583794,133.43332293576762
us6000jmhm,2023-02-08 15:16:16.982000+00:00,2023,2,2023-02,5.5,north of Honduras,Nicaragua,NIC,256.21114550151816,156.18688612667688
us6000jmui,2023-02-09 19:43:49.768000+00:00,2023,2,2023-02,4.5,"82 km SW of Corinto, Nicaragua",Nicaragua,NIC,82.74898252611403,117.57442609136201
us6000jpdh,2023-02-16 12:02:40.836000+00:00,2023,2,2023-02,5.1,near the coast of Guatemala,Nicaragua,NIC,396.3247309996904,48.909337644972105
us6000jpvz,2023-02-18 08:24:12.334000+00:00,2023,2,2023-02,4.8,"15 km E of Río Segundo, Costa Rica",Nicaragua,NIC,60.528269924770505,185.59425636460486
us6000jq2k,2023-02-19 07:54:32.142000+00:00,2023,2,2023-02,5.0,"35 km SSW of Jiquilillo, Nicaragua",Nicaragua,NIC,30.009836363299968,272.1663746119053
us6000jq6i,2023-02-19 22:56:52.737000+00:00,2023,2,2023-02,4.6,"3 km ESE of San Juan, Costa Rica",Nicaragua,NIC,79.23641261533831,134.2580441547109
us6000jrqi,2023-02-26 13:03:24.553000+00:00,2023,2,2023-02,4.5,"2 km NW of La Esperanza, Panama",Nicaragua,NIC,284.8176297172239,42.808141679366926
us7000jg2l,2023-02-27 18:46:06.643000+00:00,2023,2,2023-02,5.2,"50 km W of Jiquilillo, Nicaragua",Nicaragua,NIC,30.91125545428877,341.09634175229604
us7000jgbl,2023-02-28 19:44:35.386000+00:00,2023,2,2023-02,5.2,"36 km S of Iztapa, Guatemala",Nicaragua,NIC,347.0281498836348,70.21630102201077
us7000jhlk,2023-03-06 09:25:38.105000+00:00,2023,3,2023-03,4.9,"93 km SW of Jiquilillo, Nicaragua",Nicaragua,NIC,92.56087502615894,177.4216499448643
us7000jhqd,2023-03-06 20:22:00.374000+00:00,2023,3,2023-03,4.7,"91 km SW of Jiquilillo, Nicaragua",Nicaragua,NIC,92.16755900518672,141.2084508541544
us7000jhqh,2023-03-06 20:32:00.589000+00:00,2023,3,2023-03,4.5,"86 km SW of Jiquilillo, Nicaragua",Nicaragua,NIC,87.24366492286721,114.96159713330246
us7000jhwm,2023-03-07 15:49:38.851000+00:00,2023,3,2023-03,4.5,"66 km SE of Burica, Panama",Nicaragua,NIC,383.4489445666754,26.142745581514127
us7000jicu,2023-03-09 02:35:35.260000+00:00,2023,3,2023-03,4.5,"103 km SSW of Jiquilillo, Nicaragua",Nicaragua,NIC,102.53076662348967,106.50187877984203
us7000jj5h,2023-03-11 17:08:45.417000+00:00,2023,3,2023-03,4.7,"40 km SSE of Quepos, Costa Rica",Nicaragua,NIC,185.5332652658715,88.53594628028176
us7000jjah,2023-03-12 04:39:10.799000+00:00,2023,3,2023-03,4.6,"23 km SSE of Iztapa, Guatemala",Nicaragua,NIC,341.16236277612484,36.23892799428755
us7000jl8b,2023-03-19 09:51:57.736000+00:00,2023,3,2023-03,4.5,"64 km WNW of Tamarindo, Costa Rica",Nicaragua,NIC,84.3457689542005,116.63945718264371
us7000jl9c,2023-03-19 14:12:27.841000+00:00,2023,3,2023-03,4.5,"89 km WNW of Tamarindo, Costa Rica",Nicaragua,NIC,90.59087735311965,113.05360338452762
us7000jlkb,2023-03-21 01:44:13.816000+00:00,2023,3,2023-03,5.5,"8 km SE of Quepos, Costa Rica",Nicaragua,NIC,153.34530742088666,261.22509500990543
us6000k0pl,2023-03-29 18:49:10.335000+00:00,2023,3,2023-03,4.5,"43 km NW of Tamarindo, Costa Rica",Nicaragua,NIC,68.3416573230974,126.35661317878778
us6000k1lp,2023-04-02 22:32:40.591000+00:00,2023,4,2023-04,4.6,"89 km SW of Jiquilillo, Nicaragua",Nicaragua,NIC,90.92029032072813,126.6394740284349
us6000k1pd,2023-04-03 12:36:06.547000+00:00,2023,4,2023-04,5.0,"134 km S of La Libertad, El Salvador",Nicaragua,NIC,209.16243432573935,111.12442959932245
us6000k20g,2023-04-04 22:18:12.640000+00:00,2023,4,2023-04,6.3,"73 km S of Boca Chica, Panama",Nicaragua,NIC,393.81272181871225,197.17258946234656
us6000k2b0,2023-04-06 06:39:05.997000+00:00,2023,4,2023-04,5.1,"14 km NW of Moyogalpa, Nicaragua",Nicaragua,NIC,0.0,354.8133892335753
us6000k2c2,2023-04-06 10:03:37.008000+00:00,2023,4,2023-04,4.6,"76 km SW of Jiquilillo, Nicaragua",Nicaragua,NIC,76.39734211185616,136.17747569180491
us6000k383,2023-04-10 05:34:22.561000+00:00,2023,4,2023-04,4.7,near the coast of Nicaragua,Nicaragua,NIC,37.105263941046566,185.9631710185164
us6000k47f,2023-04-14 00:56:18.890000+00:00,2023,4,2023-04,4.5,off the coast of Central America,Nicaragua,NIC,105.66828953844532,104.84415521541013
us6000k59e,2023-04-18 06:09:05.401000+00:00,2023,4,2023-04,4.5,"43 km WNW of Tamarindo, Costa Rica",Nicaragua,NIC,81.5915573019669,118.25681675967171
us6000k5ss,2023-04-20 15:00:00.526000+00:00,2023,4,2023-04,4.8,"50 km SW of La Gomera, Guatemala",Nicaragua,NIC,419.43846498281255,30.84614855377524
us7000jxqc,2023-05-03 10:03:19.286000+00:00,2023,5,2023-05,4.5,"92 km SSW of Intipucá, El Salvador",Nicaragua,NIC,88.27845357148605,114.36832844732146
us6000kaim,2023-05-09 02:28:08.614000+00:00,2023,5,2023-05,4.6,"16 km WNW of La Cruz, Costa Rica",Nicaragua,NIC,0.0,199.52623149688787
us6000kcnb,2023-05-17 23:01:59.919000+00:00,2023,5,2023-05,6.4,"8 km SE of Canillá, Guatemala",Nicaragua,NIC,425.9924877967159,188.35149257782624
us6000kcz3,2023-05-18 22:13:40.372000+00:00,2023,5,2023-05,4.5,near the coast of Nicaragua,Nicaragua,NIC,64.09494114023761,129.06830412018263
us6000kdiy,2023-05-21 00:30:17.865000+00:00,2023,5,2023-05,4.6,"108 km SSW of Jucuarán, El Salvador",Nicaragua,NIC,113.9216356303346,112.88138032653488
us6000kdkq,2023-05-21 09:24:49.905000+00:00,2023,5,2023-05,4.5,"48 km WSW of Masachapa, Nicaragua",Nicaragua,NIC,46.284006537994635,141.0897801708846
us7000k3kr,2023-05-24 18:43:26.653000+00:00,2023,5,2023-05,4.5,"95 km S of Burica, Panama",Nicaragua,NIC,418.819902945065,21.905044319235675
us7000k5gi,2023-06-01 10:02:08.943000+00:00,2023,6,2023-06,4.6,Guatemala,Nicaragua,NIC,386.605206440967,28.873368979307205
us7000k84v,2023-06-13 07:36:14.133000+00:00,2023,6,2023-06,4.5,"77 km SSW of Puerto El Triunfo, El Salvador",Nicaragua,NIC,124.22713523753208,95.55297283249789
us7000k857,2023-06-13 09:31:53.165000+00:00,2023,6,2023-06,4.6,"116 km S of Puerto San José, Guatemala",Nicaragua,NIC,366.20865932527363,31.973339574809575
us7000k8iy,2023-06-14 21:40:14.273000+00:00,2023,6,2023-06,4.8,"34 km W of Villa El Carmen, Nicaragua",Nicaragua,NIC,12.684377779524988,235.7524548243733
us7000k95g,2023-06-17 04:58:16.693000+00:00,2023,6,2023-06,5.3,"69 km S of Boca Chica, Panama",Nicaragua,NIC,390.81379031603757,63.29343079495308
us7000kaf1,2023-06-22 19:27:57.696000+00:00,2023,6,2023-06,4.8,"89 km WSW of Jiquilillo, Nicaragua",Nicaragua,NIC,83.83139590482003,165.18189219382933
us7000kawm,2023-06-24 22:54:08.250000+00:00,2023,6,2023-06,4.5,"95 km SW of Jiquilillo, Nicaragua",Nicaragua,NIC,94.37565284646516,110.93430674713433
us7000kgpb,2023-07-19 00:22:07.656000+00:00,2023,7,2023-07,6.5,"43 km S of Intipucá, El Salvador",Nicaragua,NIC,45.88596155893591,1413.7086017728566
us7000kgr8,2023-07-19 02:46:57.152000+00:00,2023,7,2023-07,5.0,"41 km S of Chirilagua, El Salvador",Nicaragua,NIC,59.10391040015576,235.31926827079272
us7000kgtg,2023-07-19 10:11:36.602000+00:00,2023,7,2023-07,4.7,"49 km S of Chirilagua, El Salvador",Nicaragua,NIC,62.1400146957049,164.08340983004436
us7000kgvt,2023-07-19 13:27:00.847000+00:00,2023,7,2023-07,4.5,"52 km SSW of Chirilagua, El Salvador",Nicaragua,NIC,64.31036697213239,128.9293557323651
us7000khiy,2023-07-22 01:11:58.217000+00:00,2023,7,2023-07,4.6,"28 km W of La Libertad, El Salvador",Nicaragua,NIC,218.80326710007333,66.81511840650185
us7000khus,2023-07-23 19:37:26.626000+00:00,2023,7,2023-07,4.8,"50 km SSW of Chirilagua, El Salvador",Nicaragua,NIC,65.24757297965273,181.26614366907359
us6000kvl1,2023-07-26 04:32:26.434000+00:00,2023,7,2023-07,4.6,"104 km S of La Libertad, El Salvador",Nicaragua,NIC,175.62459064589356,82.91556166734746
us6000kwfu,2023-07-29 02:10:37.827000+00:00,2023,7,2023-07,4.5,"20 km SW of Monjarás, Honduras",Nicaragua,NIC,3.866403388862594,174.4231846755012
us6000kwl1,2023-07-30 00:11:47.161000+00:00,2023,7,2023-07,4.6,Honduras,Nicaragua,NIC,6.858054541259456,192.80039697629547
us6000kwl6,2023-07-30 01:10:29.594000+00:00,2023,7,2023-07,5.7,off the coast of Central America,Nicaragua,NIC,358.5598208998639,117.86836023876506
us6000kydn,2023-08-07 04:33:07.810000+00:00,2023,8,2023-08,4.8,"123 km WNW of Tamarindo, Costa Rica",Nicaragua,NIC,130.8539532544316,130.5732610909234
us6000kyey,2023-08-07 13:12:48.316000+00:00,2023,8,2023-08,4.7,"99 km SSW of La Libertad, El Salvador",Nicaragua,NIC,213.09687368507053,77.13758149299393
us6000kyl1,2023-08-08 08:12:14.476000+00:00,2023,8,2023-08,4.8,"33 km NNW of Guanaja, Honduras",Nicaragua,NIC,253.309010062074,70.785853603506
us6000kz83,2023-08-11 11:33:20.617000+00:00,2023,8,2023-08,4.8,"59 km WSW of San Juan del Sur, Nicaragua",Nicaragua,NIC,56.760722626904645,189.12356983131428
us6000kzng,2023-08-13 06:22:03.852000+00:00,2023,8,2023-08,4.8,"6 km W of Asunción Mita, Guatemala",Nicaragua,NIC,281.0682535443136,61.612388076845505
us7000kp4e,2023-08-17 21:11:31.920000+00:00,2023,8,2023-08,4.7,"70 km NE of Savannah Bight, Honduras",Nicaragua,NIC,257.361891825871,61.82238461046996
us7000kp7j,2023-08-18 12:17:03.636000+00:00,2023,8,2023-08,4.7,"179 km SSW of George Town, Cayman Islands",Nicaragua,NIC,348.03790134697016,39.2866773156923
us7000kqz8,2023-08-25 14:38:56.666000+00:00,2023,8,2023-08,4.5,near the coast of Guatemala,Nicaragua,NIC,442.64770518136845,19.444765994873308
us7000kuiz,2023-09-09 05:12:22.722000+00:00,2023,9,2023-09,4.5,"11 km NW of Finca Blanco, Panama",Nicaragua,NIC,276.34119924138383,44.66143881732201
us7000kuk0,2023-09-09 09:31:05.368000+00:00,2023,9,2023-09,4.5,"12 km WNW of Finca Blanco, Panama",Nicaragua,NIC,277.56252189177366,44.38953971944853
us7000kvnd,2023-09-14 03:34:20.486000+00:00,2023,9,2023-09,4.5,"67 km WSW of Tamarindo, Costa Rica",Nicaragua,NIC,141.41800520844671,87.68285929095259
us7000kxan,2023-09-22 05:07:15.192000+00:00,2023,9,2023-09,4.6,"67 km S of Corinto, Nicaragua",Nicaragua,NIC,57.784223852991694,149.4593716892966
us7000kxy5,2023-09-25 06:57:45.859000+00:00,2023,9,2023-09,4.6,"48 km S of Champerico, Guatemala",Nicaragua,NIC,490.09254000137264,17.209869267416195
us6000lbi6,2023-09-28 19:46:18.424000+00:00,2023,9,2023-09,4.6,"52 km SW of Acajutla, El Salvador",Nicaragua,NIC,279.5650986187103,49.309670637751765
us6000lcw7,2023-10-04 18:33:45.136000+00:00,2023,10,2023-10,4.6,"98 km SSW of Intipucá, El Salvador",Nicaragua,NIC,94.02310586727756,124.68994108915383
us6000leh8,2023-10-10 12:24:29.184000+00:00,2023,10,2023-10,4.5,"122 km SSE of Burica, Panama",Nicaragua,NIC,446.4331006344642,19.080196335052364
us6000lf1e,2023-10-12 08:46:09.977000+00:00,2023,10,2023-10,4.7,"121 km SSE of Burica, Panama",Nicaragua,NIC,445.3643701706782,24.149245024455684
us6000lf7c,2023-10-12 20:00:40.564000+00:00,2023,10,2023-10,4.5,"13 km NNE of La Libertad, Honduras",Nicaragua,NIC,155.79591635447332,81.6006214266909
us6000lflx,2023-10-14 22:11:04.614000+00:00,2023,10,2023-10,4.9,"16 km NE of La Libertad, Honduras",Nicaragua,NIC,155.21784635847354,129.70261409361092
us6000lfsv,2023-10-15 22:44:41.285000+00:00,2023,10,2023-10,4.9,"102 km SSW of Chirilagua, El Salvador",Nicaragua,NIC,108.43315960817749,163.88544535021236
us6000lgie,2023-10-19 05:23:17.850000+00:00,2023,10,2023-10,4.6,"65 km WSW of Jiquilillo, Nicaragua",Nicaragua,NIC,59.493217055028204,148.18768742552564
us6000lh55,2023-10-21 10:45:58.288000+00:00,2023,10,2023-10,5.2,"14 km NNE of San Isidro, Costa Rica",Nicaragua,NIC,143.13169966133222,194.62268656937377
us7000l7fg,2023-10-29 22:41:05.641000+00:00,2023,10,2023-10,4.7,"10 km WNW of Belén, Nicaragua",Nicaragua,NIC,0.0,223.872113856834
us7000l875,2023-11-01 21:52:16.903000+00:00,2023,11,2023-11,5.3,"42 km S of Puerto San José, Guatemala",Nicaragua,NIC,350.1231713855571,77.57417997235143
us7000l9va,2023-11-04 05:54:28.610000+00:00,2023,11,2023-11,4.5,"106 km SSW of Chirilagua, El Salvador",Nicaragua,NIC,105.83658607309239,104.75596778470755
us6000lq88,2023-11-23 07:06:18.404000+00:00,2023,11,2023-11,4.7,"14 km SE of Upala, Costa Rica",Nicaragua,NIC,14.199405785504563,208.5289623214306
us7000le8b,2023-11-28 02:26:54.017000+00:00,2023,11,2023-11,5.0,"65 km SE of Burica, Panama",Nicaragua,NIC,382.9340621305142,46.60894249858296
us7000lgts,2023-12-07 02:22:07.908000+00:00,2023,12,2023-12,4.7,"76 km SSW of Puerto El Triunfo, El Salvador",Nicaragua,NIC,139.81757099377265,111.27305255601453
us7000lii1,2023-12-12 21:07:08.497000+00:00,2023,12,2023-12,4.6,"1 km W of San Felipe, Guatemala",Nicaragua,NIC,477.14503849508327,18.360847080512862
us7000lj39,2023-12-14 17:55:01.836000+00:00,2023,12,2023-12,5.4,"24 km SSW of Nueva Concepción, Guatemala",Nicaragua,NIC,427.6940629522158,59.05737543233577
us7000lj9w,2023-12-15 10:10:48.776000+00:00,2023,12,2023-12,4.5,"177 km SSW of Puerto El Triunfo, El Salvador",Nicaragua,NIC,203.6879831263432,64.22397244732926
us7000lkhk,2023-12-20 22:37:00.203000+00:00,2023,12,2023-12,4.6,"69 km SSW of Intipucá, El Salvador",Nicaragua,NIC,68.03486601936325,141.99209453879396
us6000lzzs,2023-12-27 09:35:40.171000+00:00,2023,12,2023-12,4.6,"121 km S of Puerto San José, Guatemala",Nicaragua,NIC,363.4876108598615,32.41131724803897
us6000m074,2023-12-28 13:54:49.861000+00:00,2023,12,2023-12,4.8,"74 km S of Intipucá, El Salvador",Nicaragua,NIC,67.69653439821161,179.06010850835904
us6000m0me,2023-12-30 15:02:00.704000+00:00,2023,12,2023-12,4.6,"98 km SSW of Puerto El Triunfo, El Salvador",Nicaragua,NIC,156.2615315669948,91.3444984499872
us6000m2rr,2023-12-30 18:38:39.731000+00:00,2023,12,2023-12,4.5,"125 km SSW of Puerto El Triunfo, El Salvador",Nicaragua,NIC,179.35199248445974,72.53407829080429
us6000m0y4,2024-01-01 08:54:02.503000+00:00,2024,1,2024-01,4.5,"103 km SSW of Puerto El Triunfo, El Salvador",Nicaragua,NIC,156.84368923419112,81.17424467636829
us6000m1rt,2024-01-04 13:57:25.218000+00:00,2024,1,2024-01,4.6,"40 km WSW of Masachapa, Nicaragua",Nicaragua,NIC,40.879860880075604,162.64117754483428
us6000m298,2024-01-06 20:56:13.346000+00:00,2024,1,2024-01,4.6,"28 km E of Savannah Bight, Honduras",Nicaragua,NIC,198.3309275774531,74.01672461648694
us7000lt1e,2024-01-22 21:52:54.093000+00:00,2024,1,2024-01,4.6,"57 km SSW of Champerico, Guatemala",Nicaragua,NIC,498.7176709324943,16.483458439394205
us7000lt1k,2024-01-22 22:05:08.235000+00:00,2024,1,2024-01,4.5,"61 km SSW of Champerico, Guatemala",Nicaragua,NIC,499.09319279559384,14.663339910809272
us7000ltub,2024-01-25 22:08:05.260000+00:00,2024,1,2024-01,4.7,"29 km S of La Libertad, El Salvador",Nicaragua,NIC,188.75196984629588,87.1224952117583
us7000luai,2024-01-27 05:52:48.419000+00:00,2024,1,2024-01,6.1,"15 km W of Taxisco, Guatemala",Nicaragua,NIC,350.3075222918856,194.67800204974168
us7000luhf,2024-01-28 05:55:52.608000+00:00,2024,1,2024-01,4.6,"28 km WSW of Tola, Nicaragua",Nicaragua,NIC,15.844117782448503,184.3295383398222
us7000luun,2024-01-29 21:38:33.921000+00:00,2024,1,2024-01,4.5,"13 km NNW of San Agustín, El Salvador",Nicaragua,NIC,127.49176326313128,94.00590908691117
us7000luyc,2024-01-30 10:36:39.284000+00:00,2024,1,2024-01,4.7,"63 km WSW of Masachapa, Nicaragua",Nicaragua,NIC,63.77681800481092,162.74602852909516
us7000lvj9,2024-01-31 23:43:17.478000+00:00,2024,1,2024-01,4.6,"97 km S of La Libertad, El Salvador",Nicaragua,NIC,182.73136842248186,80.02098171897343
us7000lwnw,2024-02-03 07:24:43.609000+00:00,2024,2,2024-02,4.5,"65 km SSE of Acajutla, El Salvador",Nicaragua,NIC,225.29102477584706,57.648333284322185
us7000lwur,2024-02-04 01:25:52.329000+00:00,2024,2,2024-02,4.8,"39 km NW of Guanaja, Honduras",Nicaragua,NIC,258.9595213227604,68.81395898421661
us7000lx1c,2024-02-05 08:11:57.569000+00:00,2024,2,2024-02,4.5,"164 km SSW of Puerto El Triunfo, El Salvador",Nicaragua,NIC,203.42849709190816,64.30735264525532
us7000lxb4,2024-02-06 13:53:19.290000+00:00,2024,2,2024-02,5.1,"47 km SW of La Libertad, El Salvador",Nicaragua,NIC,210.97916374467954,123.55620681083487
us7000lxg3,2024-02-07 02:04:53.438000+00:00,2024,2,2024-02,5.0,"46 km SW of La Libertad, El Salvador",Nicaragua,NIC,213.55604343632052,108.70986183920107
us7000lzuc,2024-02-17 08:56:21.641000+00:00,2024,2,2024-02,4.5,"106 km S of Puerto El Triunfo, El Salvador",Nicaragua,NIC,130.88845327712528,92.42284541612776
us7000m0iw,2024-02-21 11:01:07.955000+00:00,2024,2,2024-02,4.7,"8 km W of Mataquescuintla, Guatemala",Nicaragua,NIC,338.93482260216433,41.116144538392426
us7000m1ea,2024-02-24 21:57:41.904000+00:00,2024,2,2024-02,5.3,"9 km W of El Realejo, Nicaragua",Nicaragua,NIC,1.7805916499136694,442.7244370267276
us7000m1qy,2024-02-26 21:35:38.435000+00:00,2024,2,2024-02,5.0,"12 km WNW of Puerto Morazán, Nicaragua",Nicaragua,NIC,0.0,316.22776601683796
us7000m3ud,2024-03-07 08:20:10.597000+00:00,2024,3,2024-03,5.6,"78 km SW of Tamarindo, Costa Rica",Nicaragua,NIC,162.8710302579472,279.46669019634226
us7000m4m2,2024-03-11 03:47:16.887000+00:00,2024,3,2024-03,5.0,"75 km WNW of Tamarindo, Costa Rica",Nicaragua,NIC,89.91819546925298,201.71821638559058
us7000m4m3,2024-03-11 03:59:01.694000+00:00,2024,3,2024-03,4.5,"75 km NW of Tamarindo, Costa Rica",Nicaragua,NIC,85.14634266948798,116.17349797362263
us7000m4mh,2024-03-11 05:46:43.105000+00:00,2024,3,2024-03,4.6,"72 km SW of San Juan del Sur, Nicaragua",Nicaragua,NIC,71.64288861949922,139.45350814807662
us6000mizf,2024-03-15 03:13:58.475000+00:00,2024,3,2024-03,4.9,"42 km S of Puerto El Triunfo, El Salvador",Nicaragua,NIC,92.71025404977418,177.2891840559004
us6000mjam,2024-03-16 16:39:07.676000+00:00,2024,3,2024-03,4.5,"75 km WNW of Tamarindo, Costa Rica",Nicaragua,NIC,87.37854373957245,114.8840938491786
us6000mjct,2024-03-17 00:44:02.920000+00:00,2024,3,2024-03,5.6,"45 km SSW of Jiquilillo, Nicaragua",Nicaragua,NIC,43.50769434905706,507.6030724094665
us6000mje0,2024-03-17 04:03:20.246000+00:00,2024,3,2024-03,4.9,"50 km SSW of Jiquilillo, Nicaragua",Nicaragua,NIC,46.92064745907347,222.90156033849993
us6000mjk7,2024-03-18 10:08:54.535000+00:00,2024,3,2024-03,4.5,"89 km SW of Puerto Cortés, Costa Rica",Nicaragua,NIC,256.34419360396095,49.35778435927533
us7000m86c,2024-03-27 00:24:46.644000+00:00,2024,3,2024-03,4.7,"160 km S of La Libertad, El Salvador",Nicaragua,NIC,208.65579562523973,78.86961061976405
us7000m90w,2024-03-31 03:46:15.796000+00:00,2024,3,2024-03,4.9,"63 km NW of Tamarindo, Costa Rica",Nicaragua,NIC,58.36376061221289,210.50610914637574
us7000m9u3,2024-04-04 07:38:05.187000+00:00,2024,4,2024-04,5.1,"56 km SW of Puerto El Triunfo, El Salvador",Nicaragua,NIC,133.71352693339165,181.82130288572327
us7000malb,2024-04-07 10:38:24.934000+00:00,2024,4,2024-04,4.5,"70 km SSW of Masachapa, Nicaragua",Nicaragua,NIC,70.26465853375215,125.14751563321991
us7000man5,2024-04-07 17:49:32.447000+00:00,2024,4,2024-04,5.0,"2 km S of Tenancingo, El Salvador",Nicaragua,NIC,174.77473732719332,131.97190326136368
us7000mbjf,2024-04-11 22:27:25.573000+00:00,2024,4,2024-04,4.9,"86 km SSW of Masachapa, Nicaragua",Nicaragua,NIC,86.29434884261805,183.06874419159536
us7000mc2f,2024-04-14 19:14:58.353000+00:00,2024,4,2024-04,4.7,"19 km SW of La Gomera, Guatemala",Nicaragua,NIC,403.86996588230215,29.71717433518643
us7000mc41,2024-04-14 23:29:04.876000+00:00,2024,4,2024-04,4.6,"90 km SSW of Masachapa, Nicaragua",Nicaragua,NIC,89.21311501111076,127.72507965110883
us7000mcrs,2024-04-17 21:21:54.614000+00:00,2024,4,2024-04,5.5,"20 km ESE of Cárdenas, Nicaragua",Nicaragua,NIC,0.0,562.341325190349
us6000mtc6,2024-04-24 01:20:42.573000+00:00,2024,4,2024-04,5.4,"77 km SSW of Boca Chica, Panama",Nicaragua,NIC,395.5956585223203,69.33857980760303
us6000mteu,2024-04-24 07:15:58.760000+00:00,2024,4,2024-04,4.5,"39 km SSW of Puerto El Triunfo, El Salvador",Nicaragua,NIC,111.62101295075328,101.76959590052573
us6000mtxr,2024-04-26 08:37:54.174000+00:00,2024,4,2024-04,4.7,"158 km SSW of Puerto El Triunfo, El Salvador",Nicaragua,NIC,199.7058010775448,82.47918538531928
us6000muue,2024-04-29 09:00:03.317000+00:00,2024,4,2024-04,4.5,"60 km SSW of Boca Chica, Panama",Nicaragua,NIC,377.8164181756295,26.88945946474178
us6000mxae,2024-05-08 17:53:44.955000+00:00,2024,5,2024-05,4.7,"52 km SSW of León, Nicaragua",Nicaragua,NIC,37.3888973745486,185.69963107103152
us6000mxz9,2024-05-12 00:10:49.017000+00:00,2024,5,2024-05,4.7,"5 km WNW of Diriamba, Nicaragua",Nicaragua,NIC,0.0,223.872113856834
us6000n0e0,2024-05-23 08:15:16.821000+00:00,2024,5,2024-05,4.6,"16 km SSW of Amapala, Honduras",Nicaragua,NIC,14.925276462586057,185.17833460106104
us6000n0zu,2024-05-25 20:11:37.138000+00:00,2024,5,2024-05,4.8,"12 km WNW of Progreso, Panama",Nicaragua,NIC,272.5143509621863,64.30468359810429
us6000n11l,2024-05-26 04:37:10.845000+00:00,2024,5,2024-05,4.6,"14 km WSW of Canoas, Costa Rica",Nicaragua,NIC,270.1357201789385,51.69014337707644
us7000mqxx,2024-06-07 13:49:22.995000+00:00,2024,6,2024-06,4.6,"57 km SSW of Boca Chica, Panama",Nicaragua,NIC,379.1036641493483,29.976909235274984
us7000mrv6,2024-06-12 02:55:06.200000+00:00,2024,6,2024-06,4.9,"5 km N of San Pedro Ayampuc, Guatemala",Nicaragua,NIC,375.6107770607855,43.089510539322
us7000mtvs,2024-06-22 00:38:03.188000+00:00,2024,6,2024-06,4.5,"27 km SSW of San Lorenzo, Guatemala",Nicaragua,NIC,465.19398723528565,17.371770836820893
us7000mu61,2024-06-23 20:28:04.985000+00:00,2024,6,2024-06,4.6,"78 km S of Boca Chica, Panama",Nicaragua,NIC,398.5472803088925,27.19979162268321
us7000mxpi,2024-07-08 00:38:45.899000+00:00,2024,7,2024-07,4.7,"98 km SW of Masachapa, Nicaragua",Nicaragua,NIC,100.71010813220634,135.30404454252184
us7000mxr8,2024-07-08 09:54:53.671000+00:00,2024,7,2024-07,5.3,"2 km SSW of Sioguí Abajo, Panama",Nicaragua,NIC,286.581071604366,106.5852504246543
us7000myjw,2024-07-11 12:04:09.229000+00:00,2024,7,2024-07,4.6,"5 km NNW of Belén, Nicaragua",Nicaragua,NIC,0.0,199.52623149688787
us7000mz45,2024-07-13 21:34:00.227000+00:00,2024,7,2024-07,5.4,"17 km ENE of Limones, Panama",Nicaragua,NIC,316.1856698625177,103.13629869655303
us7000mz6h,2024-07-14 10:37:10.240000+00:00,2024,7,2024-07,4.5,"105 km WSW of Masachapa, Nicaragua",Nicaragua,NIC,102.85447069106797,106.32964274437563
us7000n0ka,2024-07-21 02:53:48.910000+00:00,2024,7,2024-07,6.2,"6 km E of Jalapa, Guatemala",Nicaragua,NIC,316.0115020285866,259.2923729566947
us6000nejp,2024-07-22 19:19:35.070000+00:00,2024,7,2024-07,5.7,"8 km SE of Puerto Armuelles, Panama",Nicaragua,NIC,305.6911315228883,153.5324365017101
us6000ni7v,2024-07-22 19:30:00.263000+00:00,2024,7,2024-07,4.5,"22 km SE of Manaca Civil, Panama",Nicaragua,NIC,315.55499444267105,36.7097169491687
us6000nekb,2024-07-22 20:17:54.414000+00:00,2024,7,2024-07,5.6,"11 km ESE of Puerto Armuelles, Panama",Nicaragua,NIC,306.79760137928866,136.08099412236496
us6000nekl,2024-07-22 20:51:26.203000+00:00,2024,7,2024-07,4.9,"5 km NE of Limones, Panama",Nicaragua,NIC,312.90159834267575,58.95800944028913
us6000ng9n,2024-07-26 23:15:30.576000+00:00,2024,7,2024-07,4.5,"4 km NE of Santiago de María, El Salvador",Nicaragua,NIC,105.75317146872146,104.79966778516099
us6000ngbp,2024-07-27 09:27:05.955000+00:00,2024,7,2024-07,4.8,"51 km SSW of Jucuarán, El Salvador",Nicaragua,NIC,79.72708119217738,168.6067056347278
us6000ngni,2024-07-29 13:24:23.469000+00:00,2024,7,2024-07,4.6,"19 km W of Burica, Panama",Nicaragua,NIC,319.60876481824994,40.36253042165803
us6000ngyv,2024-07-30 20:35:32.627000+00:00,2024,7,2024-07,4.7,"12 km SSE of Conchagua, El Salvador",Nicaragua,NIC,29.25352143865055,193.40904713938002
us6000nib4,2024-08-06 07:18:39.017000+00:00,2024,8,2024-08,5.0,"23 km S of Acajutla, El Salvador",Nicaragua,NIC,242.06773210289546,94.26632981630114
us6000nij5,2024-08-07 05:20:35.173000+00:00,2024,8,2024-08,4.6,"212 km NNE of Barra Patuca, Honduras",Nicaragua,NIC,282.560442021559,48.57667628003921
us6000nim4,2024-08-07 12:38:22.754000+00:00,2024,8,2024-08,5.1,"47 km SW of Masachapa, Nicaragua",Nicaragua,NIC,47.71565936986239,279.5031856726076
us7000n83h,2024-08-20 07:34:39.662000+00:00,2024,8,2024-08,4.8,"49 km SW of La Libertad, El Salvador",Nicaragua,NIC,217.42029099360715,84.69891301457852
us7000n8h2,2024-08-21 14:13:12.524000+00:00,2024,8,2024-08,4.8,"89 km SSW of Corinto, Nicaragua",Nicaragua,NIC,87.69387135127256,162.02244360844202
us7000n8id,2024-08-21 17:55:41.683000+00:00,2024,8,2024-08,4.9,"98 km S of Puerto San José, Guatemala",Nicaragua,NIC,340.9035135958583,51.255140214433624
us7000n9c6,2024-08-25 16:07:17.584000+00:00,2024,8,2024-08,4.8,"81 km WNW of Tamarindo, Costa Rica",Nicaragua,NIC,110.32144562339312,144.69050241081743
us7000n9fn,2024-08-26 05:08:44.183000+00:00,2024,8,2024-08,5.8,"83 km S of Boca Chica, Panama",Nicaragua,NIC,407.19018876802096,103.70453288902794
us6000nncs,2024-08-28 21:57:54.957000+00:00,2024,8,2024-08,6.1,"56 km SSW of La Libertad, El Salvador",Nicaragua,NIC,211.49883850434216,389.70511631348694
us6000nq33,2024-09-06 15:52:38.308000+00:00,2024,9,2024-09,5.1,"64 km S of Puerto San José, Guatemala",Nicaragua,NIC,343.72948017055694,63.62106246039244
us7000ndnm,2024-09-13 21:21:09.216000+00:00,2024,9,2024-09,4.9,"55 km S of Acajutla, El Salvador",Nicaragua,NIC,248.05944559014293,81.53531586487458
us7000ndvl,2024-09-15 02:00:14.953000+00:00,2024,9,2024-09,4.6,"58 km S of Acajutla, El Salvador",Nicaragua,NIC,246.59211836029826,58.14763003573265
us7000ndx1,2024-09-15 04:58:33.250000+00:00,2024,9,2024-09,5.2,"59 km S of Acajutla, El Salvador",Nicaragua,NIC,248.39873376707968,114.97647853317883
us7000ndxj,2024-09-15 05:16:04.683000+00:00,2024,9,2024-09,4.7,"54 km S of Acajutla, El Salvador",Nicaragua,NIC,248.64945440537772,64.57502308732403
us6000nszm,2024-09-19 04:57:49.290000+00:00,2024,9,2024-09,4.6,"76 km S of Intipucá, El Salvador",Nicaragua,NIC,68.80528226178039,141.44618158471857
us6000ntl2,2024-09-22 02:25:47.516000+00:00,2024,9,2024-09,5.0,"28 km SSW of La Libertad, El Salvador",Nicaragua,NIC,196.6098151570305,118.32246561303992
us7000ngi9,2024-09-26 07:54:31.761000+00:00,2024,9,2024-09,4.7,"78 km SW of Jiquilillo, Nicaragua",Nicaragua,NIC,75.22401769447626,153.69265785245236
us7000ngr0,2024-09-27 03:39:30.561000+00:00,2024,9,2024-09,5.0,"93 km SW of Corinto, Nicaragua",Nicaragua,NIC,93.5514556758594,198.0868268675088
us7000nha6,2024-09-30 17:38:29.391000+00:00,2024,9,2024-09,4.6,"94 km SSW of Puerto San José, Guatemala",Nicaragua,NIC,374.26216419691883,30.711429843253548
us7000nhpp,2024-10-02 10:51:11.450000+00:00,2024,10,2024-10,4.5,"47 km S of Acajutla, El Salvador",Nicaragua,NIC,244.8142238874698,52.2868727122429
us6000nw5b,2024-10-02 19:41:00.677000+00:00,2024,10,2024-10,4.6,"24 km W of Villa El Carmen, Nicaragua",Nicaragua,NIC,5.9256801151928515,193.70130610362793
us6000nxe5,2024-10-08 20:25:44.530000+00:00,2024,10,2024-10,4.5,"51 km WNW of Tamarindo, Costa Rica",Nicaragua,NIC,95.40968486496375,110.36223873740637
us6000ny3q,2024-10-11 15:40:45.272000+00:00,2024,10,2024-10,4.7,"219 km NNE of Barra Patuca, Honduras",Nicaragua,NIC,288.5405845250252,52.898344628667466
us6000ny6e,2024-10-11 20:40:28.688000+00:00,2024,10,2024-10,4.6,"45 km WNW of Tamarindo, Costa Rica",Nicaragua,NIC,95.66716155381337,123.66915637106332
us6000nyau,2024-10-12 17:43:44.516000+00:00,2024,10,2024-10,6.2,"40 km WNW of Tamarindo, Costa Rica",Nicaragua,NIC,80.66871966694777,841.0660463012853
us6000nyb0,2024-10-12 18:12:08.526000+00:00,2024,10,2024-10,4.7,"33 km NW of Tamarindo, Costa Rica",Nicaragua,NIC,78.12465873455322,151.47970792103658
us6000nyb6,2024-10-12 18:17:51.475000+00:00,2024,10,2024-10,4.9,"33 km WNW of Sardinal, Costa Rica",Nicaragua,NIC,60.93062822309213,207.821665953198
us6000nyqq,2024-10-15 00:10:49.978000+00:00,2024,10,2024-10,4.7,"52 km W of Tamarindo, Costa Rica",Nicaragua,NIC,102.42453625375293,134.1491562522245
us6000nzhn,2024-10-18 07:17:17.481000+00:00,2024,10,2024-10,4.5,"141 km SSW of Puerto El Triunfo, El Salvador",Nicaragua,NIC,182.72398473177972,71.32140805490204
us7000nn8v,2024-10-25 21:55:33.326000+00:00,2024,10,2024-10,4.6,"75 km S of Boca Chica, Panama",Nicaragua,NIC,397.070275579827,27.40140627513871
us7000nn9u,2024-10-26 01:21:57.916000+00:00,2024,10,2024-10,4.8,"59 km S of Intipucá, El Salvador",Nicaragua,NIC,56.03285900611879,189.8131046200481
us7000npl2,2024-11-02 19:59:14.759000+00:00,2024,11,2024-11,5.1,"61 km WSW of Jiquilillo, Nicaragua",Nicaragua,NIC,53.425372933596925,271.6365942591281
us7000nqv1,2024-11-09 10:03:40.690000+00:00,2024,11,2024-11,5.6,"79 km SE of Burica, Panama",Nicaragua,NIC,399.0035327815934,85.81729816391758
us7000nqvb,2024-11-09 11:04:02.567000+00:00,2024,11,2024-11,4.5,"63 km SE of Burica, Panama",Nicaragua,NIC,383.62216858189225,26.12011262756478
us7000nqwx,2024-11-09 19:30:18.781000+00:00,2024,11,2024-11,5.8,"77 km SE of Burica, Panama",Nicaragua,NIC,396.2049611051515,109.55995834114331
us7000nrwt,2024-11-15 03:46:47.213000+00:00,2024,11,2024-11,4.9,"164 km SSE of Burica, Panama",Nicaragua,NIC,489.2729788499321,24.409406824212713
us7000nsm9,2024-11-19 14:56:40.701000+00:00,2024,11,2024-11,4.7,"1 km SSW of Antigua Guatemala, Guatemala",Nicaragua,NIC,386.16184593981336,32.46834903086338
us6000p6p4,2024-11-21 02:23:43.731000+00:00,2024,11,2024-11,4.8,"3 km SW of Burica, Panama",Nicaragua,NIC,324.06703591666883,49.69324675069741
us7000nwj2,2024-11-21 15:31:49.434000+00:00,2024,11,2024-11,4.6,"94 km WSW of Jiquilillo, Nicaragua",Nicaragua,NIC,88.50560037701261,128.17771661222537
us6000p6s9,2024-11-21 15:47:51.939000+00:00,2024,11,2024-11,4.5,"90 km SW of Jiquilillo, Nicaragua",Nicaragua,NIC,89.74434836780412,113.53313326928213
us7000nwun,2024-12-07 09:06:12.994000+00:00,2024,12,2024-12,4.9,"22 km S of Amapala, Honduras",Nicaragua,NIC,6.234466696841749,273.1882572024023
us7000nx79,2024-12-09 03:50:29.291000+00:00,2024,12,2024-12,5.6,"2 km SSE of Conchagua, El Salvador",Nicaragua,NIC,38.074484703522444,521.5816536963628
us7000nxar,2024-12-09 13:46:39.507000+00:00,2024,12,2024-12,4.5,"8 km ESE of Conchagua, El Salvador",Nicaragua,NIC,31.944664491043735,151.57690755663873
us6000ph6u,2024-12-14 18:19:50.214000+00:00,2024,12,2024-12,4.5,"11 km NW of Limones, Panama",Nicaragua,NIC,304.76084742135157,38.74540709251891
us7000nzmv,2024-12-17 21:03:20.021000+00:00,2024,12,2024-12,4.6,"110 km SW of Jiquilillo, Nicaragua",Nicaragua,NIC,111.26114982311307,114.39300875201913
us7000nzqj,2024-12-17 22:46:22.058000+00:00,2024,12,2024-12,4.5,"87 km SW of Masachapa, Nicaragua",Nicaragua,NIC,88.39460954703247,114.30192490829555
us6000pfba,2024-12-23 17:13:33.523000+00:00,2024,12,2024-12,4.6,"113 km SW of Acajutla, El Salvador",Nicaragua,NIC,310.9364345935628,42.15121631778613
us6000pfl4,2024-12-25 17:47:53.483000+00:00,2024,12,2024-12,4.5,"13 km SE of San Juan del Sur, Nicaragua",Nicaragua,NIC,0.0,177.82794100389228
us6000pfy2,2024-12-27 16:28:23.293000+00:00,2024,12,2024-12,4.7,"21 km SW of Acajutla, El Salvador",Nicaragua,NIC,258.7227784645686,61.40314628169689
