country,country_code,year,goods_services_expense_lcu,official_fx_lcu_per_usd,goods_services_expense_usd
Afghanistan,AFG,2006,40979516420.0,49.9253308333333,820816121.5156033
Afghanistan,AFG,2007,78364204010.0,49.9620177703972,1568475564.1801014
Afghanistan,AFG,2008,189282742100.0,50.2496147435897,3766849617.969392
Afghanistan,AFG,2009,194435998600.0,50.325,3863606529.5578737
Afghanistan,AFG,2010,275929492300.0,46.4524610013175,5940040341.289431
Afghanistan,AFG,2011,383080515700.0,46.747007738581,8194760140.419383
Afghanistan,AFG,2012,296594956200.0,50.9214,5824564057.547515
Afghanistan,AFG,2013,321312000000.0,55.3775,5802212089.747642
Afghanistan,AFG,2014,349978822700.0,57.2475,6113434170.924495
Afghanistan,AFG,2015,276322171600.0,61.1434615416667,4519243180.428999
Afghanistan,AFG,2016,315704122500.0,67.8660857692308,4651868734.164336
Afghanistan,AFG,2017,276172572300.0,68.0269040822312,4059755122.2698812
Albania,ALB,1995,10088000000.0,92.6975,108827098.89694975
Albania,ALB,1996,7317683000.0,104.498916666667,70026400.5926694
Albania,ALB,1998,10348449000.0,150.633333333333,68699595.04315129
Albania,ALB,2002,22367051520.0,140.154515875,159588518.28897592
Albania,ALB,2003,17765290000.0,121.86325,145780536.7902136
Albania,ALB,2004,19700754430.0,102.780051196172,191678776.18972957
Albania,ALB,2011,27427780000.0,100.895833333333,271842543.8777626
Albania,ALB,2012,27476390000.0,108.184166666667,253977923.44843978
Albania,ALB,2013,32878410000.0,105.669166666667,311144783.64076465
Albania,ALB,2014,25115880000.0,105.48,238110352.6734926
Albania,ALB,2015,29189980000.0,125.961666666667,231737009.93688494
Albania,ALB,2016,32871270000.0,124.1425,264786596.04889542
Albania,ALB,2017,33481590000.0,119.1,281121662.46851385
Albania,ALB,2018,34110080000.0,107.989166666667,315865758.1393185
Albania,ALB,2019,36600400000.0,109.850833333333,333182725.0589825
Albania,ALB,2020,36691950000.0,108.65,337707777.2664519
Albania,ALB,2021,42771450000.0,103.52,413170884.8531685
Albania,ALB,2022,47719940000.0,113.041666666667,422144695.90858704
Albania,ALB,2023,52563820000.0,100.645,522269561.3294252
Andorra,AND,2018,103443117.4,,
Andorra,AND,2019,99551038.19,,
Andorra,AND,2020,101957232.5,,
Andorra,AND,2021,111758737.1,0.845376564367945,132199947.11298585
Andorra,AND,2022,117491644.2,0.950915533962108,123556341.23512152
Andorra,AND,2023,124771288.7,0.924709622987356,134930237.12342837
Angola,AGO,1999,1605860684.0,2.79070616666667,575431660.6961541
Angola,AGO,2000,10504126710.0,10.0405441666667,1046171057.6277661
Angola,AGO,2001,26353026820.0,22.0578616666667,1194722644.3905053
Angola,AGO,2002,61609450240.0,43.5302066666667,1415326389.5982718
Angola,AGO,2003,140500000000.0,74.6063008333333,1883218956.4507413
Angola,AGO,2004,84725820130.0,83.5413625,1014178098.0648956
Angola,AGO,2005,237649000000.0,87.1591416666667,2726610146.1722736
Angola,AGO,2006,277730000000.0,80.3680720555555,3455725549.9175773
Angola,AGO,2007,342749000000.0,76.70614275,4468338358.729425
Angola,AGO,2008,499019000000.0,75.0333541666667,6650628984.16565
Angola,AGO,2009,358456000000.0,79.3281666666667,4518647222.823333
Angola,AGO,2010,521502000000.0,91.9057203405018,5674314918.243234
Angola,AGO,2011,914656000000.0,93.93475,9737142005.487852
Angola,AGO,2012,1016570000000.0,95.467955421311,10648285024.160833
Angola,AGO,2013,1510290000000.0,96.5182794791526,15647709513.162365
Angola,AGO,2014,1371319756000.0,98.3024168556335,13950010588.38578
Angola,AGO,2015,637177904400.0,120.060701665019,5307131272.460727
Angola,AGO,2016,624059548600.0,163.656434116579,3813229537.65116
Angola,AGO,2017,842626618300.0,165.915950691498,5078635386.098406
Angola,AGO,2018,893132986100.0,252.855747731297,3532183840.444507
Angola,AGO,2019,1485973698000.0,364.825804980887,4073104691.91687
Angola,AGO,2020,5123451207000.0,578.25878028011,8860135603.160555
Angola,AGO,2021,3364574973000.0,631.441955506727,5328399457.239037
Angola,AGO,2022,5200816288000.0,460.567511631462,11292190952.803465
Angola,AGO,2023,5204817036000.0,685.020237761449,7598048567.161489
Angola,AGO,2024,5123451207000.0,869.846189590008,5890065701.632699
Argentina,ARG,1990,502400000.0,0.487589083333333,1030375816.7951881
Argentina,ARG,1991,1589400000.0,0.953554416666667,1666816253.188836
Argentina,ARG,1992,1743400000.0,0.990641666666667,1759869444.8884134
Argentina,ARG,1993,1946300000.0,0.998945833333333,1948353889.7254195
Argentina,ARG,1994,2008700000.0,0.999008333333333,2010693938.155338
Argentina,ARG,1995,2178400000.0,0.99975,2178944736.184046
Argentina,ARG,1996,2128600000.0,0.9996625,2129318645.042702
Argentina,ARG,1997,2224200000.0,0.9995,2225312656.328164
Argentina,ARG,1998,2388800000.0,0.9995,2389994997.4987493
Argentina,ARG,1999,2364100000.0,0.9995,2365282641.32066
Argentina,ARG,2000,1926800000.0,0.9995,1927763881.9409704
Argentina,ARG,2001,1921900000.0,0.9995,1922861430.7153575
Argentina,ARG,2002,2467300000.0,3.06325666666667,805449973.1766945
Argentina,ARG,2003,2739212712.0,2.90062916666667,944351226.7884399
Argentina,ARG,2004,3750294557.0,2.92330081890332,1282897241.621178
Argentina,ARG,2014,51174800000.0,8.07527599281334,6337219934.717209
Argentina,ARG,2015,69223500000.0,9.23318552472429,7497249981.020723
Argentina,ARG,2016,83995500000.0,14.7581750873396,5691455718.807409
Argentina,ARG,2017,102277300000.0,16.5627069251411,6175156057.65805
Argentina,ARG,2018,118094200000.0,28.0949916666667,4203389750.071108
Argentina,ARG,2019,172610126200.0,48.1478916666667,3584998641.165836
Argentina,ARG,2020,227825770700.0,70.5391666666667,3229776895.1055546
Argentina,ARG,2021,465183882500.0,94.9907416666667,4897149704.677358
Argentina,ARG,2022,647298159500.0,130.61655,4955713188.719194
Argentina,ARG,2023,1513219191000.0,296.258041666667,5107774231.163621
Armenia,ARM,2004,134427300000.0,533.450833333334,251995669.70401803
Armenia,ARM,2005,162056617300.0,457.686940629159,354077433.53399813
Armenia,ARM,2006,158382305800.0,416.040369724542,380689753.50844926
Armenia,ARM,2007,194393168700.0,342.079116208671,568269618.0184779
Armenia,ARM,2008,89639440340.0,305.969400261936,292968644.1299717
Armenia,ARM,2009,95349072000.0,363.283285606061,262464792.0174206
Armenia,ARM,2010,106238569000.0,373.660466738817,284318461.4289399
Armenia,ARM,2011,121052328300.0,372.500882448711,324971923.5676374
Armenia,ARM,2012,149261000000.0,401.763975626916,371514145.2567812
Armenia,ARM,2013,161966868400.0,409.625749270293,395402068.0792837
Armenia,ARM,2014,198159782300.0,415.919789204938,476437494.54383343
Armenia,ARM,2015,201320112600.0,477.918306576099,421243777.08461726
Armenia,ARM,2016,135643764500.0,480.488150777966,282304078.2179062
Armenia,ARM,2017,184908034700.0,482.716393849129,383057292.1411744
Armenia,ARM,2018,184823694900.0,482.987946590235,382667302.9933885
Armenia,ARM,2019,205831841800.0,480.44512876712,428419042.00004953
Armenia,ARM,2020,189882087000.0,489.008858590915,388299892.04520255
Armenia,ARM,2021,208093799300.0,503.769674961652,413073294.48887634
Armenia,ARM,2022,216556680800.0,435.6661796523,497070213.19128174
Armenia,ARM,2023,199786450000.0,392.476302158971,509040797.8800138
Armenia,ARM,2024,119966121400.0,392.729551399084,305467518.2262839
Australia,AUS,1990,23153000000.0,1.28105666666667,18073361313.707127
Australia,AUS,1991,24752000000.0,1.28375583333333,19280925046.105
Australia,AUS,1992,26383000000.0,1.36164833333333,19375781069.26781
Australia,AUS,1993,28053000000.0,1.47056,19076406267.000324
Australia,AUS,1994,29569000000.0,1.36775083333333,21618703699.077797
Australia,AUS,1995,33728000000.0,1.3490325,25001621532.46864
Australia,AUS,1996,35278000000.0,1.27786333333333,27607021095.109356
Australia,AUS,1997,36293000000.0,1.34738,26935979456.426544
Australia,AUS,1998,38505000000.0,1.59182833333333,24189166126.58196
Australia,AUS,1999,14055000000.0,1.54995,9068034452.724281
Australia,AUS,2000,16866000000.0,1.72482666666667,9778373865.586475
Australia,AUS,2001,18146000000.0,1.9334425,9385332121.332804
Australia,AUS,2002,19153000000.0,1.8405625,10406057930.659784
Australia,AUS,2003,20717000000.0,1.54191416666667,13435897047.87931
Australia,AUS,2004,22003000000.0,1.3597525,16181621287.697578
Australia,AUS,2005,24228000000.0,1.30947333333333,18502094989.843292
Australia,AUS,2006,26073000000.0,1.3279734405,19633675798.653896
Australia,AUS,2007,29396000000.0,1.1950725,24597670852.60518
Australia,AUS,2008,30951000000.0,1.19217833333333,25961719932.8401
Australia,AUS,2009,33147000000.0,1.28218881008452,25851886819.863136
Australia,AUS,2010,34473000000.0,1.09015948638677,31621978646.681763
Australia,AUS,2011,36420000000.0,0.969463201496735,37567181450.28288
Australia,AUS,2012,39729000000.0,0.965801030658708,41135802032.5403
Australia,AUS,2013,39659000000.0,1.03584309652054,38286686596.85718
Australia,AUS,2014,42038000000.0,1.10936329281692,37893808342.31154
Australia,AUS,2015,43708000000.0,1.33109026245502,32836240511.13286
Australia,AUS,2016,45772000000.0,1.34521397601947,34025813599.886
Australia,AUS,2017,48278000000.0,1.30475807671592,37001495420.144
Australia,AUS,2018,49565000000.0,1.33841214646451,37032688421.820366
Australia,AUS,2019,54851000000.0,1.43850654421382,38130518224.3557
Australia,AUS,2020,58528000000.0,1.45308511847016,40278438789.33917
Australia,AUS,2021,61219000000.0,1.33122425957081,45986992469.42597
Australia,AUS,2022,69368000000.0,1.44166445896522,48116605475.44475
Austria,AUT,1972,1651853521.0,23.1153333323333,71461375.75655973
Austria,AUT,1973,1888766960.0,19.5799999990833,96464093.97795857
Austria,AUT,1974,2273932981.0,18.692499999,121649484.07765947
Austria,AUT,1975,2736858935.0,17.4167499991667,157139474.07702035
Austria,AUT,1976,3048625393.0,17.9396666658333,169937683.33534366
Austria,AUT,1977,3334956360.0,16.526916666,201789385.60638106
Austria,AUT,1978,3672885039.0,14.52166666575,252924483.3626889
Austria,AUT,1979,3916339033.0,13.3674999994167,292974679.8706484
Austria,AUT,1980,4213570925.0,12.9379999990833,325674055.1320564
Austria,AUT,1981,4652514843.0,15.9268333323333,292118009.01782906
Austria,AUT,1982,5130702092.0,17.0592499991667,300757776.11856455
Austria,AUT,1983,5544937247.0,17.9633333325,308680863.64393586
Austria,AUT,1984,5827634572.0,20.0090833326667,291249452.8165536
Austria,AUT,1985,6175737448.0,20.6894999998333,298496215.3773537
Austria,AUT,1986,6584158776.0,15.2671333333333,431263592.9906082
Austria,AUT,1987,6710609507.0,12.6425,530797667.1544394
Austria,AUT,1988,7030369977.0,12.3476666666667,569368299.8407241
Austria,AUT,1989,7350857176.0,13.2306666666667,555592349.289528
Austria,AUT,1990,7689512583.0,11.3698333333333,676308293.847757
Austria,AUT,1991,8160432549.0,11.6759166666667,698911510.0741535
Austria,AUT,1992,8834109721.0,10.9893333333333,803880404.1191483
Austria,AUT,1993,9618249602.0,11.6321825,826865431.4871693
Austria,AUT,1994,10447446640.0,11.4218249166667,914691541.5202267
Austria,AUT,1995,3609660000.0,10.0814958333333,358048057.5179208
Austria,AUT,1996,3752450000.0,10.5865575,354454221.7807819
Austria,AUT,1997,3887860000.0,12.2042441666667,318566225.5610113
Austria,AUT,1998,4257240000.0,12.379065,343906425.88919276
Austria,AUT,1999,4411740000.0,0.938283072395283,4701928586.15423
Austria,AUT,2000,4382880000.0,1.08270508132602,4048082968.84703
Austria,AUT,2001,4816190000.0,1.11653308564462,4313521974.334883
Austria,AUT,2002,4874290000.0,1.05755899623965,4609000554.419616
Austria,AUT,2003,5168480000.0,0.88404792718493,5846379863.655095
Austria,AUT,2004,5261110000.0,0.803921647747618,6544306916.899526
Austria,AUT,2005,7426240000.0,0.803800192161442,9238912944.31098
Austria,AUT,2006,8040500000.0,0.796432730949102,10095642340.588144
Austria,AUT,2007,7920340000.0,0.729672399984083,10854652033.121677
Austria,AUT,2008,8596030000.0,0.679922680042729,12642658132.03906
Austria,AUT,2009,8777290000.0,0.716957702016136,12242409803.699211
Austria,AUT,2010,9193300000.0,0.754308990105961,12187711031.66698
Austria,AUT,2011,9400490000.0,0.718413898653317,13085061435.505953
Austria,AUT,2012,9429380000.0,0.778338120416812,12114760606.80469
Austria,AUT,2013,9536290000.0,0.752945122701996,12665318776.192293
Austria,AUT,2014,9513520000.0,0.752728196932603,12638718781.584068
Austria,AUT,2015,9731590000.0,0.901296423367096,10797324551.277338
Austria,AUT,2016,10041960000.0,0.903421436257263,11115476783.01979
Austria,AUT,2017,10149890000.0,0.885205508269372,11466139676.247183
Austria,AUT,2018,10613640000.0,0.846772667108111,12534226023.435062
Austria,AUT,2019,10857350000.0,0.893276257067409,12154526569.019371
Austria,AUT,2020,11310550000.0,0.875506396987998,12918866200.077635
Austria,AUT,2021,13505240000.0,0.84549413889045,15973191745.27106
Austria,AUT,2022,14202050000.0,0.949623753156941,14955449411.186829
Austria,AUT,2023,14591720000.0,0.924839558470698,15777569056.549297
Azerbaijan,AZE,1994,70428600.0,0.314045,224262764.89038193
Azerbaijan,AZE,1995,207547000.0,0.8827085,235125185.72099397
Azerbaijan,AZE,1996,138219200.0,0.860252833333333,160672763.45307016
Azerbaijan,AZE,1997,156849400.0,0.797075,196781231.37722299
Azerbaijan,AZE,1998,183700400.0,0.773799686666667,237400457.98071435
Azerbaijan,AZE,2008,680500000.0,0.821619578853047,828242190.8080074
Azerbaijan,AZE,2009,789800000.0,0.803783333333333,982603106.1438618
Azerbaijan,AZE,2010,863200000.0,0.80265,1075437612.9072447
Azerbaijan,AZE,2011,936100000.0,0.789686388888889,1185407287.2107105
Azerbaijan,AZE,2012,1312500000.0,0.785645349462366,1670601119.0649471
Azerbaijan,AZE,2013,1473200000.0,0.784541075268817,1877785684.446438
Azerbaijan,AZE,2014,1652300000.0,0.7843475,2106591784.8912632
Azerbaijan,AZE,2015,1644400000.0,1.02456381855059,1604975668.8912435
Azerbaijan,AZE,2016,1889400000.0,1.59572157270424,1184041146.2245688
Azerbaijan,AZE,2017,1339100000.0,1.72115480222734,778024148.8255883
Azerbaijan,AZE,2018,1960500000.0,1.70001666666667,1153223988.0001154
Azerbaijan,AZE,2019,1577500000.0,1.7,927941176.4705882
Azerbaijan,AZE,2020,3325310000.0,1.7,1956064705.882353
Azerbaijan,AZE,2021,11078580000.0,1.7,6516811764.705882
Azerbaijan,AZE,2022,13117534900.0,1.7,7716197000.0
Azerbaijan,AZE,2023,14934830300.0,1.7,8785194294.117647
"Bahamas, The",BHS,1990,110000000.0,1.0,110000000.0
"Bahamas, The",BHS,1991,111200000.0,1.0,111200000.0
"Bahamas, The",BHS,1992,121500000.0,1.0,121500000.0
"Bahamas, The",BHS,1993,101900000.0,1.0,101900000.0
"Bahamas, The",BHS,1994,102000000.0,1.0,102000000.0
"Bahamas, The",BHS,1995,114200000.0,1.0,114200000.0
"Bahamas, The",BHS,1996,146700000.0,1.0,146700000.0
"Bahamas, The",BHS,1997,154400000.0,1.0,154400000.0
"Bahamas, The",BHS,1998,163217000.0,1.0,163217000.0
"Bahamas, The",BHS,1999,170419000.0,1.0,170419000.0
"Bahamas, The",BHS,2000,167600000.0,1.0,167600000.0
"Bahamas, The",BHS,2001,184800000.0,1.0,184800000.0
"Bahamas, The",BHS,2002,201500000.0,1.0,201500000.0
"Bahamas, The",BHS,2003,233200000.0,1.0,233200000.0
"Bahamas, The",BHS,2004,199072000.0,1.0,199072000.0
"Bahamas, The",BHS,2005,220085000.0,1.0,220085000.0
"Bahamas, The",BHS,2006,238593000.0,1.0,238593000.0
"Bahamas, The",BHS,2007,263648000.0,1.0,263648000.0
"Bahamas, The",BHS,2008,284600000.0,1.0,284600000.0
"Bahamas, The",BHS,2009,319126000.0,1.0,319126000.0
"Bahamas, The",BHS,2010,322378975.3,1.0,322378975.3
"Bahamas, The",BHS,2011,381882935.8,1.0,381882935.8
"Bahamas, The",BHS,2012,382615404.1,1.0,382615404.1
"Bahamas, The",BHS,2013,394030932.6,1.0,394030932.6
"Bahamas, The",BHS,2014,361195663.5,1.0,361195663.5
"Bahamas, The",BHS,2015,369706799.9,1.0,369706799.9
"Bahamas, The",BHS,2016,432357588.0,1.0,432357588.0
"Bahamas, The",BHS,2017,575738711.9,1.0,575738711.9
"Bahamas, The",BHS,2018,448843000.0,1.0,448843000.0
"Bahamas, The",BHS,2019,591225000.0,1.0,591225000.0
"Bahamas, The",BHS,2020,561714276.0,1.0,561714276.0
"Bahamas, The",BHS,2021,613607916.0,1.0,613607916.0
"Bahamas, The",BHS,2022,638595628.0,1.0,638595628.0
"Bahamas, The",BHS,2023,671672617.0,1.0,671672617.0
Bahrain,BHR,1990,81900000.0,0.376,217819148.93617022
Bahrain,BHR,1991,85900000.0,0.376,228457446.80851063
Bahrain,BHR,1992,86500000.0,0.376,230053191.4893617
Bahrain,BHR,1993,99600000.0,0.375999989166667,264893624.6534065
Bahrain,BHR,1994,94200000.0,0.375999965,250531938.21440914
Bahrain,BHR,1995,65700000.0,0.375999970833333,174734056.1074735
Bahrain,BHR,1996,72800000.0,0.3759999675,193617038.012111
Bahrain,BHR,1997,71400000.0,0.375999965,189893634.6975458
Bahrain,BHR,1998,60700000.0,0.3759999625,161436186.31344944
Bahrain,BHR,1999,74900000.0,0.375999979166667,199202138.69692683
Bahrain,BHR,2000,51000000.0,0.376,135638297.8723404
Bahrain,BHR,2001,112400000.0,0.376,298936170.21276593
Bahrain,BHR,2002,141600000.0,0.376,376595744.68085104
Bahrain,BHR,2003,134400000.0,0.376,357446808.5106383
Bahrain,BHR,2004,145700000.0,0.376,387500000.0
Bahrain,BHR,2005,262990000.0,0.376,699441489.3617021
Bahrain,BHR,2006,293620000.0,0.376,780904255.3191489
Bahrain,BHR,2007,339420000.0,0.376,902712765.9574468
Bahrain,BHR,2008,396450000.0,0.376,1054388297.8723404
Bahrain,BHR,2009,317500000.0,0.376,844414893.6170213
Bahrain,BHR,2010,330220000.0,0.376,878244680.8510638
Bahrain,BHR,2011,348746886.9,0.376,927518316.2234042
Bahrain,BHR,2012,375092498.2,0.376,997586431.3829787
Bahrain,BHR,2013,422690000.0,0.376,1124175531.9148936
Bahrain,BHR,2014,464250000.0,0.376,1234707446.8085105
Bahrain,BHR,2015,450890000.0,0.376,1199175531.9148936
Bahrain,BHR,2016,447806776.5,0.376,1190975469.4148936
Bahrain,BHR,2017,424031861.9,0.376,1127744313.5638297
Bahrain,BHR,2018,477923988.1,0.376,1271074436.4361703
Bahrain,BHR,2019,446669688.3,0.376,1187951298.6702127
Bahrain,BHR,2020,405252472.1,0.376,1077799127.9255319
Bangladesh,BGD,2001,31896730000.0,55.8066666666667,571557699.1996174
Bangladesh,BGD,2002,35371210000.0,57.888,611028365.1188502
Bangladesh,BGD,2003,43907460000.0,58.15004,755071879.5722239
Bangladesh,BGD,2004,49298480000.0,59.5126583333333,828369650.7703758
Bangladesh,BGD,2005,58657711000.0,64.327475,911860927.2321041
Bangladesh,BGD,2006,58491101000.0,68.9332333333333,848518169.9973456
Bangladesh,BGD,2007,61686189000.0,68.874875,895626874.0959603
Bangladesh,BGD,2008,73649012000.0,68.598275,1073627755.2168767
Bangladesh,BGD,2009,86550860000.0,69.0390666666667,1253650493.536992
Bangladesh,BGD,2010,99593728000.0,69.6492916666667,1429931670.7575986
Bangladesh,BGD,2011,116387800000.0,74.1524,1569575630.728068
Bangladesh,BGD,2012,127296400000.0,81.8626583333333,1554999588.233097
Bangladesh,BGD,2013,162831400000.0,78.103235,2084822734.9353712
Bangladesh,BGD,2014,189531800000.0,77.6414083333333,2441117492.1801295
Bangladesh,BGD,2015,199745300000.0,77.9469083333333,2562581432.2975616
Bangladesh,BGD,2016,225430000000.0,78.4680916666667,2872887503.8484316
Bangladesh,BGD,2017,243966500000.0,80.4375416666667,3032992989.90262
Bangladesh,BGD,2018,311581100000.0,83.4662019166666,3733021185.162892
Bangladesh,BGD,2019,414987100000.0,84.4535225,4913792672.17658
Bangladesh,BGD,2020,398400000000.0,84.8713916666667,4694161273.621155
Bangladesh,BGD,2021,433938982900.0,85.08376325,5100138573.1489725
Barbados,BRB,2003,208230000.0,2.0,104115000.0
Barbados,BRB,2004,185400000.0,2.0,92700000.0
Barbados,BRB,2005,303498836.5,2.0,151749418.25
Barbados,BRB,2006,323661482.8,2.0,161830741.4
Barbados,BRB,2007,366986367.0,2.0,183493183.5
Barbados,BRB,2008,434524702.0,2.0,217262351.0
Barbados,BRB,2009,444346140.0,2.0,222173070.0
Barbados,BRB,2010,435275205.0,2.0,217637602.5
Barbados,BRB,2011,458986306.0,2.0,229493153.0
Barbados,BRB,2012,469344576.0,2.0,234672288.0
Barbados,BRB,2013,438814474.0,2.0,219407237.0
Barbados,BRB,2014,380473151.0,2.0,190236575.5
Barbados,BRB,2015,434832997.0,2.0,217416498.5
Barbados,BRB,2016,435702088.0,2.0,217851044.0
Belarus,BLR,1992,1190.0,,
Belarus,BLR,1993,19410.0,,
Belarus,BLR,1994,325130.0,0.00036411125,892941374.3739036
Belarus,BLR,1995,1371980.0,0.00115209666666667,1190854934.047776
Belarus,BLR,1996,1285040.0,0.00132298766666667,971316689.0192703
Belarus,BLR,1997,2257780.0,0.00260205495833333,867691127.2643352
Belarus,BLR,1998,3544150.0,0.004612762,768335760.657064
Belarus,BLR,1999,12315830.0,0.0249295329166667,494025702.0125002
Belarus,BLR,2000,33165000.0,0.087675,378272027.37382376
Belarus,BLR,2001,66812000.0,0.139,480661870.5035971
Belarus,BLR,2002,80392000.0,0.179091666666667,448887441.25447774
Belarus,BLR,2003,173869420.0,0.205127083333333,847618057.9112556
Belarus,BLR,2004,277048700.0,0.21602575,1282479982.13176
Belarus,BLR,2005,231739600.0,0.215382,1075946922.212627
Belarus,BLR,2006,395576700.0,0.214456416666667,1844555206.8271806
Belarus,BLR,2007,467678830.0,0.214607833333333,2179225346.698283
Belarus,BLR,2008,522237100.0,0.21363975,2444475337.571777
Belarus,BLR,2009,519862400.0,0.279304921788469,1861271891.2046838
Belarus,BLR,2010,507433342.8,0.297851,1703648276.487237
Belarus,BLR,2011,799680000.0,0.497463333333333,1607515461.7760785
Belarus,BLR,2012,1741390000.0,0.833689833333333,2088774422.30214
Belarus,BLR,2013,2189640000.0,0.88800525,2465796232.623625
Belarus,BLR,2014,2765410940.0,1.02241025,2704795790.1439266
Belarus,BLR,2015,2815036681.0,1.59259883333333,1767574245.3660421
Belarus,BLR,2016,2908936240.0,1.98956283333333,1462098201.3050296
Belarus,BLR,2017,4142728564.0,1.93234166666667,2143890304.4233859
Belarus,BLR,2018,4921360717.0,2.03760833333333,2415263344.0348816
Belarus,BLR,2019,5229216513.0,2.09178333333333,2499884395.1333427
Belarus,BLR,2020,5729682365.0,2.439575,2348639564.2683663
Belarus,BLR,2021,6254893800.0,2.538675,2463841886.0232205
Belarus,BLR,2022,7257570824.0,2.6261,2763630792.4298387
Belarus,BLR,2023,8597627060.0,3.00735,2858871451.6102214
Belgium,BEL,1995,2067200000.0,29.4800166666667,70122077.04541092
Belgium,BEL,1996,2097700000.0,30.9615133333333,67751856.22924985
Belgium,BEL,1997,2103100000.0,35.7738908333333,58788685.01606706
Belgium,BEL,1998,2194000000.0,36.2986408333333,60443034.49470301
Belgium,BEL,1999,2364400000.0,0.938283072395283,2519921833.3589606
Belgium,BEL,2000,2538700000.0,1.08270508132602,2344775178.1960616
Belgium,BEL,2001,2700100000.0,1.11653308564462,2418289287.3623376
Belgium,BEL,2002,2791000000.0,1.05755899623965,2639096267.843142
Belgium,BEL,2003,2883600000.0,0.88404792718493,3261814106.823637
Belgium,BEL,2004,3014800000.0,0.803921647747618,3750116704.092613
Belgium,BEL,2005,3078600000.0,0.803800192161442,3830056312.529057
Belgium,BEL,2006,3091200000.0,0.796432730949102,3881307083.2940826
Belgium,BEL,2007,3209600000.0,0.729672399984083,4398686314.666711
Belgium,BEL,2008,3735100000.0,0.679922680042729,5493418751.328124
Belgium,BEL,2009,3690900000.0,0.716957702016136,5148002440.898434
Belgium,BEL,2010,3897400000.0,0.754308990105961,5166848136.6668
Belgium,BEL,2011,4050500000.0,0.718413898653317,5638114751.945576
Belgium,BEL,2012,4014300000.0,0.778338120416812,5157527165.507813
Belgium,BEL,2013,4002900000.0,0.752945122701996,5316323699.176528
Belgium,BEL,2014,4574400000.0,0.752728196932603,6077093987.764587
Belgium,BEL,2015,4503400000.0,0.901296423367096,4996580351.640622
Belgium,BEL,2016,4561400000.0,0.903421436257263,5049027858.910658
Belgium,BEL,2017,4420300000.0,0.885205508269372,4993529704.352995
Belgium,BEL,2018,4665400000.0,0.846772667108111,5509625170.039113
Belgium,BEL,2019,4803000000.0,0.893276257067409,5376836070.58813
Belgium,BEL,2020,5030100000.0,0.875506396987998,5745360647.626377
Belgium,BEL,2021,5290200000.0,0.84549413889045,6256932788.371992
Belgium,BEL,2022,6335000000.0,0.949623753156941,6671063122.568119
Belize,BLZ,1990,26495000.0,2.0,13247500.0
Belize,BLZ,1991,29700000.0,2.0,14850000.0
Belize,BLZ,1992,55481000.0,2.0,27740500.0
Belize,BLZ,1993,64571000.0,2.0,32285500.0
Belize,BLZ,1994,67182000.0,2.0,33591000.0
Belize,BLZ,1995,57716000.0,2.0,28858000.0
Belize,BLZ,1996,63822000.0,2.0,31911000.0
Belize,BLZ,1997,51671000.0,2.0,25835500.0
Belize,BLZ,1998,52982000.0,2.0,26491000.0
Belize,BLZ,1999,62374000.0,2.0,31187000.0
Belize,BLZ,2000,60756000.0,2.0,30378000.0
Belize,BLZ,2001,66851000.0,2.0,33425500.0
Belize,BLZ,2002,63350000.0,2.0,31675000.0
Belize,BLZ,2003,73437000.0,2.0,36718500.0
Belize,BLZ,2004,78526000.0,2.0,39263000.0
Belize,BLZ,2005,95048000.0,2.0,47524000.0
Belize,BLZ,2006,138699000.0,2.0,69349500.0
Belize,BLZ,2007,134186000.0,2.0,67093000.0
Belize,BLZ,2008,148721000.0,2.0,74360500.0
Belize,BLZ,2009,158027000.0,2.0,79013500.0
Belize,BLZ,2010,164844000.0,2.0,82422000.0
Belize,BLZ,2011,174117000.0,2.0,87058500.0
Belize,BLZ,2012,176073431.0,2.0,88036715.5
Belize,BLZ,2013,190516174.2,2.0,95258087.1
Belize,BLZ,2014,187534435.3,2.0,93767217.65
Belize,BLZ,2015,197237614.6,2.0,98618807.3
Belize,BLZ,2016,215509523.6,2.0,107754761.8
Belize,BLZ,2017,214776137.6,2.0,107388068.8
Benin,BEN,1977,2959000000.0,245.679686566576,12044137.801348707
Benin,BEN,1978,3768000000.0,225.655860233957,16697993.112580316
Benin,BEN,1979,4453000000.0,212.721644262377,20933459.85285607
Bhutan,BTN,1982,131800000.0,9.45513193348639,13939519.927079579
Bhutan,BTN,1983,142400000.0,10.0988982440461,14100548.055720162
Bhutan,BTN,1984,211200000.0,11.3625833326667,18587322.426301904
Bhutan,BTN,1988,378200000.0,13.9170833333333,27175234.274422985
Bhutan,BTN,1989,366400000.0,16.2255,22581738.62130597
Bhutan,BTN,1990,465300000.0,17.5035,26583254.77761591
Bhutan,BTN,1991,467600000.0,22.7424333333333,20560684.65262442
Bhutan,BTN,1992,534400000.0,25.9180833333333,20618808.618178453
Bhutan,BTN,1993,589700000.0,30.4932916666667,19338679.682279825
Bhutan,BTN,1994,650600000.0,31.3737425,20737086.11588178
Bhutan,BTN,1995,795200000.0,32.4270766666667,24522716.252662487
Bhutan,BTN,1996,972200000.0,35.4331733333333,27437565.09907103
Bhutan,BTN,1997,1103300000.0,36.3132858333333,30382819.254192643
Bhutan,BTN,1998,1254147000.0,41.259365,30396662.672825914
Bhutan,BTN,1999,1486100000.0,43.0554283333334,34515972.95687488
Bhutan,BTN,2000,1760000000.0,44.941605,39161930.24258924
Bhutan,BTN,2001,2028200000.0,47.1864141666667,42982710.93107887
Bhutan,BTN,2002,2161231000.0,48.6103191666667,44460333.46520402
Bhutan,BTN,2003,2093209000.0,46.5832841666667,44934766.56800046
Bhutan,BTN,2004,2386645000.0,45.3164666666666,52666175.79776013
Bhutan,BTN,2005,3179664000.0,44.099975,72101265.36352912
Bhutan,BTN,2006,3487864000.0,45.3070083333333,76982880.31597766
Bhutan,BTN,2007,3972530000.0,41.3485333333333,96074266.23757723
Bhutan,BTN,2008,4350538000.0,43.5051833333333,100000452.0534144
Bhutan,BTN,2009,4656976000.0,48.4052666666666,96208043.4773628
Bhutan,BTN,2010,5824667000.0,45.7258121212121,127382472.38911149
Bhutan,BTN,2011,7298268000.0,46.6704666666667,156378723.44680494
Bhutan,BTN,2012,7102891000.0,53.4372333333333,132920260.96660452
Bhutan,BTN,2013,6998627000.0,58.5978454166667,119434886.21869047
Bhutan,BTN,2014,6905050553.0,61.0295144607843,113142806.62411258
Bhutan,BTN,2015,6486494000.0,64.1519444632786,101111416.87549242
Bhutan,BTN,2016,7096809000.0,67.1953128073894,105614643.3954776
Bhutan,BTN,2017,7710388362.0,65.1215686450659,118399917.6067789
Bhutan,BTN,2018,7727475090.0,68.3894670935422,112992181.66783583
Bhutan,BTN,2019,8016890000.0,70.4203405359551,113843385.85961181
Bhutan,BTN,2020,8318073268.0,74.0995668836052,112255356.10843636
Bolivia,BOL,1986,221100000.0,1.92195833333333,115038914.30181909
Bolivia,BOL,1987,195300000.0,2.05485,95043433.82728666
Bolivia,BOL,1988,273100000.0,2.35024166666667,116200816.22811823
Bolivia,BOL,1989,398100000.0,2.69168333333333,147900013.00301564
Bolivia,BOL,1990,687800000.0,3.17265,216790380.28146818
Bolivia,BOL,1991,890900000.0,3.58060833333333,248812469.0171365
Bolivia,BOL,1992,1243400000.0,3.90051666666667,318778281.50971425
Bolivia,BOL,1993,1477400000.0,4.26508333333333,346394169.71141666
Bolivia,BOL,1994,1445300000.0,4.62051666666667,312800516.53675073
Bolivia,BOL,1995,1568700000.0,4.80034166666667,326789238.960421
Bolivia,BOL,1996,1623600000.0,5.0746125,319945611.61073875
Bolivia,BOL,1997,1253600000.0,5.25425833333333,238587431.46432036
Bolivia,BOL,1998,1576300000.0,5.51013333333333,286072932.2944395
Bolivia,BOL,1999,1620800000.0,5.81240833333333,278851709.4893254
Bolivia,BOL,2000,1753300000.0,6.18354166666667,283543007.31107426
Bolivia,BOL,2001,2322110000.0,6.60691666666667,351466518.67361206
Bolivia,BOL,2002,2648225731.0,7.17,369348079.637378
Bolivia,BOL,2003,2929667092.0,7.65916666666667,382504679.6213685
Bolivia,BOL,2004,3190300000.0,7.93626666666666,401990020.4966234
Bolivia,BOL,2005,2766316210.0,8.0660625,342957447.9493557
Bolivia,BOL,2006,3072755195.0,8.01161666666667,383537471.0056437
Bolivia,BOL,2007,3189479067.0,7.85124516125,406238628.5861696
Bosnia and Herzegovina,BIH,2005,1395493061.0,1.5727220196,887310690.3881998
Bosnia and Herzegovina,BIH,2006,1738867775.0,1.55907195605833,1115322335.3437982
Bosnia and Herzegovina,BIH,2007,1978513365.0,1.429002741625,1384541335.9740098
Bosnia and Herzegovina,BIH,2008,2191025316.0,1.33519568048428,1640976935.4596083
Bosnia and Herzegovina,BIH,2009,2258151524.0,1.4078912383695,1603924694.2222607
Bosnia and Herzegovina,BIH,2010,2339739396.0,1.47673956845028,1584395411.3421428
Bosnia and Herzegovina,BIH,2011,1855070505.0,1.40693658566639,1318517496.7366087
Bosnia and Herzegovina,BIH,2012,1873942601.0,1.5222099744513,1231067088.2809622
Bosnia and Herzegovina,BIH,2013,1869085609.0,1.47305132263235,1268853012.9825583
Bosnia and Herzegovina,BIH,2014,1853166895.0,1.474169186794,1257092409.4745448
Bosnia and Herzegovina,BIH,2015,1877534685.0,1.76349164694686,1064668884.7381744
Bosnia and Herzegovina,BIH,2016,1906044385.0,1.76813902429915,1077994636.623957
Bosnia and Herzegovina,BIH,2017,1952966611.0,1.73535271327691,1125400384.6354463
Bosnia and Herzegovina,BIH,2018,2128744848.0,1.65698544113543,1284709445.932912
Bosnia and Herzegovina,BIH,2019,2251671917.0,1.74708646136073,1288815388.8195496
Bosnia and Herzegovina,BIH,2020,2276709647.0,1.71697049519219,1326003943.209959
Bosnia and Herzegovina,BIH,2021,2390261276.0,1.65360615435868,1445484022.7218542
Bosnia and Herzegovina,BIH,2022,2640318721.0,1.85932587706093,1420040861.8921604
Bosnia and Herzegovina,BIH,2023,3000223130.0,1.80920280030082,1658312229.8402073
Bosnia and Herzegovina,BIH,2024,3294073552.0,1.80756356165183,1822383246.6448553
Botswana,BWA,1990,661570000.0,1.86046583333333,355593737.9482475
Botswana,BWA,1991,677600000.0,2.02155666666667,335187240.19608593
Botswana,BWA,1992,775000000.0,2.109725,367346455.1067082
Botswana,BWA,1993,999100000.0,2.423075,412327311.37088203
Botswana,BWA,1994,1031800000.0,2.6846455,384333797.5162829
Botswana,BWA,1995,1269600000.0,2.77220666666667,457974513.68464535
Botswana,BWA,1996,1347400000.0,3.32419666666667,405331012.30472684
Botswana,BWA,2006,5519460000.0,5.8303,946685419.2751659
Botswana,BWA,2007,6733420000.0,6.13940833333333,1096753894.5799615
Botswana,BWA,2008,8639670000.0,6.82685833333333,1265541128.606009
Botswana,BWA,2009,8801890000.0,7.15514166666667,1230148948.8328319
Botswana,BWA,2010,7940660000.0,6.793625,1168839905.0580509
Botswana,BWA,2011,8840110000.0,6.83823333333333,1292747639.4975317
Botswana,BWA,2012,10182920000.0,7.640525,1332751348.8929098
Botswana,BWA,2013,10856430000.0,8.39890833333333,1292600129.580333
Botswana,BWA,2014,13018660000.0,8.97608333333333,1450372007.0929234
Botswana,BWA,2015,12180030000.0,10.1289916666667,1202491857.1196995
Botswana,BWA,2016,12107110000.0,10.9011583333333,1110626011.4559727
Botswana,BWA,2017,12669750000.0,10.3474166666667,1224436050.8661544
Botswana,BWA,2018,14014780000.0,10.199975,1374001406.8661933
Botswana,BWA,2019,10533570000.0,10.7558666666667,979332519.3072897
Botswana,BWA,2020,12856900000.0,11.4562416666667,1122261591.0249765
Botswana,BWA,2021,13262950000.0,11.0872583333333,1196233514.2968202
Botswana,BWA,2022,14124100000.0,12.3688083333333,1141912755.001327
Botswana,BWA,2023,14124100000.0,13.5963833333333,1038813017.6774976
Botswana,BWA,2024,17919330000.0,13.5631333333333,1321179226.0392175
Brazil,BRA,2010,36460137770.0,1.75922671058718,20725093332.53054
Brazil,BRA,2011,38170133600.0,1.67282875525659,22817717282.8101
Brazil,BRA,2012,41153923580.0,1.95306861112487,21071417228.03962
Brazil,BRA,2013,46546892000.0,2.15608915126311,21588574838.25808
Brazil,BRA,2014,50731390300.0,2.35295196276669,21560742039.26718
Brazil,BRA,2015,53408025260.0,3.32690438276879,16053369473.62208
Brazil,BRA,2016,56720687400.0,3.49131342157271,16246231876.38347
Brazil,BRA,2017,53872082650.0,3.19138944630048,16880447703.56985
Brazil,BRA,2018,57841306470.0,3.65382536145755,15830342380.383085
Brazil,BRA,2019,57376364960.0,3.9444710972507,14546022405.891472
Brazil,BRA,2020,59276733830.0,5.15517878751281,11498482646.922691
Brazil,BRA,2021,63435650130.0,5.39440078962503,11759535971.447437
Brazil,BRA,2022,67997759450.0,5.16397029102111,13167728630.862106
Brazil,BRA,2023,85487697300.0,4.99437976287199,17116779531.967505
Brazil,BRA,2024,82273586610.0,5.3889349057096,15267133125.477316
Bulgaria,BGR,1990,8090000.0,,
Bulgaria,BGR,1991,15130000.0,0.01778825,850561466.1363541
Bulgaria,BGR,1992,18879000.0,0.0233411666666667,808828464.7296968
Bulgaria,BGR,1993,24688000.0,0.0275935833333333,894700760.7444979
Bulgaria,BGR,1994,42287000.0,0.0541336666666666,781158983.0111893
Bulgaria,BGR,1995,29000000.0,0.0671708333333333,431735004.0320081
Bulgaria,BGR,1996,42700000.0,0.177888666666667,240037776.43694702
Bulgaria,BGR,1997,758700000.0,1.68187916666667,451102561.3710846
Bulgaria,BGR,1998,1123100000.0,1.76035833333333,637995105.1632493
Bulgaria,BGR,1999,1218800000.0,1.83638333333333,663695851.4471391
Bulgaria,BGR,2000,1509800000.0,2.123275,711071340.26445
Bulgaria,BGR,2001,1541500000.0,2.18470833333333,705586176.6444807
Bulgaria,BGR,2002,1856300000.0,2.076975,893751730.280817
Bulgaria,BGR,2003,2037500000.0,1.73270166666667,1175909297.7152228
Bulgaria,BGR,2004,2201300000.0,1.57510891666667,1397554147.975055
Bulgaria,BGR,2005,2386200000.0,1.57413333333333,1515881755.0398135
Bulgaria,BGR,2006,2387600000.0,1.55926666666667,1531232630.7238414
Bulgaria,BGR,2007,2924200000.0,1.42905,2046254504.740912
Bulgaria,BGR,2008,3111800000.0,1.33711666666667,2327246438.231512
Bulgaria,BGR,2009,2470700000.0,1.40669166666667,1756390585.4753726
Bulgaria,BGR,2010,2520400000.0,1.47739166666667,1705979569.8500133
Bulgaria,BGR,2011,2619500000.0,1.40645833333333,1862479632.6470196
Bulgaria,BGR,2012,2640500000.0,1.52205,1734831313.0317664
Bulgaria,BGR,2013,2762400000.0,1.47356666666667,1874635238.7630875
Bulgaria,BGR,2014,2714300000.0,1.47418333333333,1841222823.936421
Bulgaria,BGR,2015,3074300000.0,1.7644,1742405350.260712
Bulgaria,BGR,2016,2688800000.0,1.76804166666667,1520778639.2666056
Bulgaria,BGR,2017,2767900000.0,1.73545833333333,1594910086.1924114
Bulgaria,BGR,2018,3267300000.0,1.65704166666667,1971766954.1602716
Bulgaria,BGR,2019,3076900000.0,1.74704166666667,1761205847.9811077
Bulgaria,BGR,2020,3838000000.0,1.71633333333333,2236162361.6236205
Bulgaria,BGR,2021,4376300000.0,1.653775,2646248733.9571586
Bulgaria,BGR,2022,5380500000.0,1.86014166666667,2892521626.9370112
Bulgaria,BGR,2023,5340352263.0,1.80896666666667,2952156256.610583
Burkina Faso,BFA,2002,62503169550.0,693.713226496374,90099434.69821776
Burkina Faso,BFA,2003,56255191570.0,579.897426172466,97008865.75976847
Burkina Faso,BFA,2004,67314681950.0,527.338032291576,127649966.10898781
Burkina Faso,BFA,2005,75105574740.0,527.258362649626,142445487.94365773
Burkina Faso,BFA,2006,82188841890.0,522.425624895176,157321612.82573202
Burkina Faso,BFA,2007,94837665000.0,478.633718476363,198142465.39482674
Burkina Faso,BFA,2008,95308772340.0,446.000041432788,213696779.1164723
Burkina Faso,BFA,2009,95120137460.0,470.293423341398,202257001.13809556
Burkina Faso,BFA,2010,90764421000.0,494.794262222947,183438709.64110512
Burkina Faso,BFA,2011,97144429000.0,471.248625718937,206142625.56584954
Burkina Faso,BFA,2012,120571000000.0,510.556338454251,236156112.30102065
Burkina Faso,BFA,2013,118596000000.0,493.899623852237,240121664.95490405
Burkina Faso,BFA,2014,102374171700.0,493.757329875312,207337016.59852308
Burkina Faso,BFA,2015,109443138900.0,591.21169798261,185116666.79372638
Burkina Faso,BFA,2016,128000000000.0,592.605615063022,215995253.4138367
Burkina Faso,BFA,2017,345928617700.0,580.656749587858,595754062.8702503
Burkina Faso,BFA,2018,327788798500.0,555.446458398226,590135725.1340914
Burkina Faso,BFA,2019,230303057700.0,585.911013180369,393068320.1360181
Burkina Faso,BFA,2020,176021502800.0,575.586004510945,305812687.27956516
Burkina Faso,BFA,2021,196297372300.0,554.530675033104,353988302.4294041
Burkina Faso,BFA,2022,254608725300.0,623.759700911182,408183992.8550531
Burkina Faso,BFA,2023,231311234500.0,606.569750165917,381343175.18591833
Burundi,BDI,1991,6365000000.0,181.512583333333,35066439.37908811
Burundi,BDI,1992,8002000000.0,208.302666666667,38415254.72549553
Burundi,BDI,1993,9687000000.0,242.78,39900321.278523766
Burundi,BDI,1994,10440000000.0,252.6625,41319942.61119082
Burundi,BDI,1995,11596000000.0,249.7575,46429036.16508013
Burundi,BDI,1996,13017000000.0,302.746666666667,42996344.578525454
Burundi,BDI,1997,18275000000.0,352.350833333333,51865919.6208325
Burundi,BDI,1998,20477000000.0,447.765833333333,45731492.83758814
Burundi,BDI,1999,21245250000.0,563.5625,37698125.762448706
Burundi,BDI,2010,103036000000.0,1230.74833333333,83718171.46478656
Burundi,BDI,2011,105280000000.0,1261.07333333333,83484439.18143825
Burundi,BDI,2012,105356000000.0,1442.505625,73036803.58265501
Burundi,BDI,2013,120494000000.0,1555.09083333333,77483576.78999475
Burundi,BDI,2014,113366581500.0,1546.68666666667,73296410.93003093
Burundi,BDI,2015,138762996700.0,1571.89833333333,88277335.59952477
Burundi,BDI,2016,151817408700.0,1654.62666666667,91753270.84861018
Burundi,BDI,2017,160200382700.0,1729.055,92651987.76210126
Burundi,BDI,2019,143485777500.0,1845.62289069697,77743822.00353773
Burundi,BDI,2020,181431335400.0,1915.04617583333,94739927.26104914
Burundi,BDI,2021,178068876100.0,1975.95088138768,90118068.10447887
Cabo Verde,CPV,2005,4916076637.0,88.6461685261408,55457294.07978081
Cabo Verde,CPV,2006,4792054552.0,87.9260649113314,54500955.51111634
Cabo Verde,CPV,2007,5417844556.0,80.6150271575266,67206385.05043492
Cabo Verde,CPV,2008,4306105756.0,75.3360038388544,57158669.64766101
Cabo Verde,CPV,2009,4360778856.0,80.0354177277845,54485613.7420539
Cabo Verde,CPV,2010,4214214115.0,83.2786893759019,50603751.65101306
Cabo Verde,CPV,2011,4177027134.0,79.2768814761183,52689094.93189771
Cabo Verde,CPV,2012,3868728730.0,86.3189541847042,44818994.46698281
Cabo Verde,CPV,2013,3879454774.0,83.0725,46699627.120888375
Cabo Verde,CPV,2014,4469527803.0,83.0345,53827358.54373785
Cabo Verde,CPV,2015,6011519184.0,99.3856935425685,60486765.9491169
Cabo Verde,CPV,2016,6101281220.0,99.6881136363636,61203698.18869171
Cabo Verde,CPV,2017,5439954408.0,97.8069377715121,55619310.16292872
Cabo Verde,CPV,2018,7520423376.0,93.4135789085279,80506747.13324197
Cabo Verde,CPV,2019,9265702307.0,98.4951785878976,94072648.42645308
Cabo Verde,CPV,2020,11138841840.0,96.7957427869885,115075741.13576934
Cambodia,KHM,2002,551287518100.0,3912.08333333333,140919165.3466824
Cambodia,KHM,2003,735655160100.0,3973.33333333333,185148110.763423
Cambodia,KHM,2004,717067641800.0,4016.25,178541585.25988173
Cambodia,KHM,2005,782942873900.0,4092.5,191311636.87232742
Cambodia,KHM,2006,1046874952000.0,4103.25,255133114.48242247
Cambodia,KHM,2007,1129416000000.0,4056.16666666667,278444179.64416295
Cambodia,KHM,2008,1166937634000.0,4054.16666666667,287836620.9249741
Cambodia,KHM,2009,1510910914000.0,4139.33333333333,365013105.3309714
Cambodia,KHM,2010,1558935313000.0,4184.91666666667,372512868.7548535
Cambodia,KHM,2011,1673165848000.0,4058.5,412262128.37255144
Cambodia,KHM,2012,1740310400000.0,4033.0,431517579.9652864
Cambodia,KHM,2013,1965136300000.0,4027.25,487959848.53187656
Cambodia,KHM,2014,2118663543000.0,4037.5,524746388.3591331
Cambodia,KHM,2015,2156292136000.0,4067.75,530094557.4334706
Cambodia,KHM,2016,2423808090000.0,4058.69457885305,597189082.0828764
Cambodia,KHM,2017,2807261661000.0,4050.5799859191,693051777.9574265
Cambodia,KHM,2018,3057066300000.0,4051.16690028162,754613763.206716
Cambodia,KHM,2019,3184358225000.0,4061.14896313364,784102788.12893
Cambodia,KHM,2020,2902485451000.0,4092.78321900878,709171557.7603803
Cambodia,KHM,2021,2777280459000.0,4098.72279505888,677596558.2127402
Cambodia,KHM,2022,3091268849000.0,4102.03786482335,753593445.7136276
Cambodia,KHM,2023,3390874264000.0,4110.65274641577,824899224.8145088
Cameroon,CMR,1990,81640000000.0,272.264787954393,299855154.29073954
Cameroon,CMR,1991,80910000000.0,282.10690880882,286806162.7474413
Cameroon,CMR,1992,63670000000.0,264.691800750579,240543907.36491573
Cameroon,CMR,1993,49880000000.0,283.162579500018,176153219.42635724
Cameroon,CMR,1994,60080000000.0,555.204695655697,108212341.26819746
Cameroon,CMR,1995,83580000000.0,499.14842590131,167445183.9632269
Cameroon,CMR,1998,143000000000.0,589.951774567332,242392694.05516335
Cameroon,CMR,1999,169200000000.0,615.473349319164,274910359.9484346
Cameroon,CMR,2012,574918200000.0,510.556338454251,1126062212.3321583
Cameroon,CMR,2013,677173000000.0,493.899623852237,1371074135.911053
Cameroon,CMR,2014,767600000000.0,493.757329875312,1554609832.716491
Cameroon,CMR,2015,789100000000.0,591.21169798261,1334716485.977263
Cameroon,CMR,2016,773200000000.0,592.605615063022,1304746327.6529572
Cameroon,CMR,2017,724400000000.0,580.656749587858,1247552879.587069
Cameroon,CMR,2018,863856838900.0,555.446458398226,1555247721.6096675
Cameroon,CMR,2019,894585201000.0,585.911013180369,1526827762.025029
Cameroon,CMR,2020,949017674400.0,575.586004510945,1648785180.6027608
Cameroon,CMR,2021,1042542829000.0,554.530675033104,1880045371.5888
Canada,CAN,1990,12603000000.0,1.16677362666667,10801581139.612518
Canada,CAN,1991,12502000000.0,1.14572584416667,10911859991.334297
Canada,CAN,1992,12600000000.0,1.20872292,10424225264.132494
Canada,CAN,1993,13963000000.0,1.29008788166667,10823293667.374924
Canada,CAN,1994,14205000000.0,1.3656734475,10401461656.887049
Canada,CAN,1995,13644000000.0,1.37244541833333,9941378955.943472
Canada,CAN,1996,13585000000.0,1.36352163583333,9963171572.042852
Canada,CAN,1997,12750000000.0,1.38459802833333,9208448762.091223
Canada,CAN,1998,13759000000.0,1.48350530166667,9274655091.924654
Canada,CAN,1999,14273000000.0,1.48570481916667,9606888135.427673
Canada,CAN,2000,15328000000.0,1.485394095,10319146987.049252
Canada,CAN,2001,16806000000.0,1.548839955,10850701485.1641
Canada,CAN,2002,17719000000.0,1.57034283416667,11283523326.549835
Canada,CAN,2003,18079000000.0,1.4010145475,12904220039.870785
Canada,CAN,2004,18699000000.0,1.301281595,14369679915.43752
Canada,CAN,2005,18976000000.0,1.21140513416667,15664454000.39819
Canada,CAN,2006,20362000000.0,1.13434472583333,17950451512.913197
Canada,CAN,2007,20107000000.0,1.07404562166667,18720806262.21314
Canada,CAN,2008,21289000000.0,1.06708691833333,19950577253.117325
Canada,CAN,2009,21067000000.0,1.1415354059127,18454968537.008408
Canada,CAN,2010,23367000000.0,1.03011273517598,22683924974.491344
Canada,CAN,2011,24642000000.0,0.989258158636364,24909574699.861553
Canada,CAN,2012,24288000000.0,0.999364743593074,24303438915.281265
Canada,CAN,2013,22436000000.0,1.03013736373016,21779619679.80516
Canada,CAN,2014,23314000000.0,1.10474713237886,21103471841.37767
Canada,CAN,2015,24196000000.0,1.27878620362554,18921067439.890198
Canada,CAN,2016,25406000000.0,1.3256151637482,19165441596.31072
Canada,CAN,2017,28558000000.0,1.29793584646039,22002628310.08229
Canada,CAN,2018,29178000000.0,1.29581792813534,22517052254.3909
Canada,CAN,2019,29810000000.0,1.32679336266012,22467703591.9393
Canada,CAN,2020,29929000000.0,1.34115267222386,22315878437.89075
Canada,CAN,2021,35904000000.0,1.2538769021268,28634389818.570213
Canada,CAN,2022,42676000000.0,1.30155477474355,32788477925.109684
Canada,CAN,2023,40602000000.0,1.3499086407939,30077591010.98975
Canada,CAN,2024,42640000000.0,1.36935976604092,31138639426.56966
Central African Republic,CAF,2004,17281100000.0,527.338032291576,32770441.238429252
Central African Republic,CAF,2008,19125463680.0,446.000041432788,42882201.57684043
Central African Republic,CAF,2009,66461778290.0,470.293423341398,141319812.25209203
Central African Republic,CAF,2010,100287755200.0,494.794262222947,202685768.3220502
Central African Republic,CAF,2011,75432881180.0,471.248625718937,160070241.19151452
Central African Republic,CAF,2012,24993341730.0,510.556338454251,48953151.39102824
Central African Republic,CAF,2014,6348000000.0,493.757329875312,12856518.001673117
Central African Republic,CAF,2015,15233638320.0,591.21169798261,25766808.018145956
Central African Republic,CAF,2016,21972000000.0,592.605615063022,37076935.2188189
Central African Republic,CAF,2017,27744000000.0,580.656749587858,47780379.750502
Central African Republic,CAF,2018,30478000000.0,555.446458398226,54871175.32064427
Central African Republic,CAF,2019,36371000000.0,585.911013180369,62075979.42659497
Central African Republic,CAF,2020,77670809160.0,575.586004510945,134942143.4004361
Central African Republic,CAF,2021,51584869200.0,554.530675033104,93024374.52521543
Chile,CHL,1972,10000000.0,0.0208352250595966,479956418.5842115
Chile,CHL,1973,70000000.0,0.0716419084529154,977081732.0703496
Chile,CHL,1974,390000000.0,0.592826261289235,657865593.119739
Chile,CHL,1975,1470000000.0,4.91041666666667,299363597.7938055
Chile,CHL,1976,4200000000.0,13.0541666666667,321736354.9313749
Chile,CHL,1977,9540000000.0,21.5358333333333,442982625.8561319
Chile,CHL,1978,17650000000.0,31.6558333333333,557559164.9774928
Chile,CHL,1979,22580000000.0,37.2458333333333,606242308.9831083
Chile,CHL,1980,32050000000.0,39.0,821794871.7948718
Chile,CHL,1981,34880000000.0,39.0,894358974.3589743
Chile,CHL,1982,39530000000.0,50.9083333333333,776493697.8228847
Chile,CHL,1983,53920000000.0,78.7883333333333,684365282.5079858
Chile,CHL,1984,68570000000.0,98.4775,696301185.5499986
Chile,CHL,1985,90410000000.0,160.859999999917,562041526.7937751
Chile,CHL,1986,104160000000.0,192.929999999667,539884932.3598186
Chile,CHL,1987,127670000000.0,219.406666666667,581887514.8126757
Chile,CHL,1988,138140000000.0,245.011666666667,563809886.6040385
Chile,CHL,1989,148450000000.0,266.954166666667,556087967.659866
Chile,CHL,1990,189550000000.0,304.903333333333,621672442.6320916
Chile,CHL,1991,256720000000.0,349.215833333333,735132761.7352217
Chile,CHL,1992,319150000000.0,362.575833333333,880229653.107052
Chile,CHL,1993,380230000000.0,404.165833333333,940777197.4787585
Chile,CHL,1994,432380000000.0,420.176666666667,1029043338.912996
Chile,CHL,1995,481960000000.0,396.773333333333,1214698568.4521818
Chile,CHL,1996,558180000000.0,412.266666666667,1353929495.4721851
Chile,CHL,1997,618530000000.0,419.295,1475166648.7794988
Chile,CHL,1998,697710000000.0,460.2875,1515813486.136382
Chile,CHL,1999,632970000000.0,508.776666666667,1244101865.258495
Chile,CHL,2000,745130000000.0,539.5875,1380925243.820511
Chile,CHL,2001,815640000000.0,634.938333333334,1284597191.8532758
Chile,CHL,2002,832660000000.0,688.936666666667,1208616176.6200082
Chile,CHL,2003,832490000000.0,691.3975,1204068571.2632747
Chile,CHL,2004,998040000000.0,609.529166666667,1637394983.833149
Chile,CHL,2005,988000000000.0,559.7675,1765018512.1501336
Chile,CHL,2006,1129000000000.0,530.275,2129083965.8667674
Chile,CHL,2007,1328852000000.0,522.464166666667,2543431846.203167
Chile,CHL,2008,1561130000000.0,522.461035833334,2988031437.6171074
Chile,CHL,2009,1845578514000.0,560.85989484127,3290623078.9105015
Chile,CHL,2010,1902707864000.0,510.249166666667,3728977896.093246
Chile,CHL,2011,2016792642000.0,483.6675,4169791524.135899
Chile,CHL,2012,2211075000000.0,486.471303391053,4545129352.106127
Chile,CHL,2013,2419258000000.0,495.272877645503,4884697121.91995
Chile,CHL,2014,2735936132000.0,570.34821612744,4796957463.243255
Chile,CHL,2015,3073197943000.0,654.124084254196,4698188030.339729
Chile,CHL,2016,3267241620000.0,676.957736044657,4826359824.307362
Chile,CHL,2017,3509744000000.0,648.833792598261,5409311352.211168
Chile,CHL,2018,3677064683000.0,641.276813066395,5733974171.648855
Chile,CHL,2019,3865910188000.0,702.897422561529,5499963527.980632
Chile,CHL,2020,4369687481000.0,792.727206103169,5512220909.485614
Chile,CHL,2021,4785411109000.0,758.955378658977,6305260155.683328
Chile,CHL,2022,5184429800000.0,873.314189543014,5936500130.282891
Chile,CHL,2023,5461479747000.0,840.066526651499,6501246715.26841
Colombia,COL,1998,2790779733000.0,1426.42416666667,1956486575.4634647
Colombia,COL,1999,3085330505000.0,1756.68583333333,1756335963.1275403
Colombia,COL,2000,2757490403000.0,2087.91833333333,1320688821.4816854
Colombia,COL,2003,6772227000000.0,2877.54333333333,2353475244.5083394
Colombia,COL,2008,12511189000000.0,1965.1375,6366571804.771931
Colombia,COL,2009,13045058000000.0,2157.59833333333,6046101259.193294
Colombia,COL,2010,14567222000000.0,1898.9975,7671006412.594013
Colombia,COL,2011,15039951000000.0,1848.01666666667,8138428224.853657
Colombia,COL,2012,29989459000000.0,1798.01166666667,16679234932.661697
Colombia,COL,2013,36191746240000.0,1868.895,19365318137.18802
Colombia,COL,2014,30641349390000.0,2001.105,15312214696.380249
Colombia,COL,2015,30886764070000.0,2741.78166666667,11265216499.733433
Colombia,COL,2016,24754693440000.0,3055.255,8102333009.846969
Colombia,COL,2017,33146120850000.0,2951.48691120161,11230312668.57475
Colombia,COL,2018,32883603550000.0,2955.70396997842,11125472606.189342
Colombia,COL,2019,30510368550000.0,3281.62219381788,9297343432.00058
Colombia,COL,2020,29799694650000.0,3693.27583333333,8068634999.055724
Colombia,COL,2021,32757994560000.0,3744.24416666667,8748893795.877354
Colombia,COL,2022,40017773850000.0,4256.19416666667,9402243479.258556
Colombia,COL,2023,42443222010000.0,4325.955,9811295311.671064
Colombia,COL,2024,47560390420000.0,4074.43416666667,11672882288.563168
"Congo, Dem. Rep.",COD,1990,2.08785,2.39474833333333e-09,871845266.9695994
"Congo, Dem. Rep.",COD,1991,42.81667,5.19456941666667e-08,824258308.3522494
"Congo, Dem. Rep.",COD,1992,1690.0,2.1513626025e-06,785548655.5525918
"Congo, Dem. Rep.",COD,1993,31000.0,2.514416814e-05,1232890260.1746602
"Congo, Dem. Rep.",COD,1994,1492670.0,0.0119411916666667,125001762.10777366
"Congo, Dem. Rep.",COD,1995,12070000.0,0.0702447166666667,171827869.3795001
"Congo, Dem. Rep.",COD,1996,122320000.0,0.501849175,243738569.46163157
"Congo, Dem. Rep.",COD,1997,317200000.0,1.3134476,241501830.75442067
"Congo, Dem. Rep.",COD,1998,315358000.0,1.60665988306526,196281741.59570438
"Congo, Dem. Rep.",COD,1999,2543000000.0,4.0183333322314,632849440.2399065
"Congo, Dem. Rep.",COD,2000,15118023000.0,21.8183333273501,692904575.852684
"Congo, Dem. Rep.",COD,2001,41580066000.0,206.61749994334,201241743.85713872
"Congo, Dem. Rep.",COD,2002,82630730000.0,346.484999904984,238482849.25078917
"Congo, Dem. Rep.",COD,2003,153056028000.0,405.17818323067,377749924.19289374
"Congo, Dem. Rep.",COD,2004,175514338000.0,399.475791666667,439361637.5794149
"Congo, Dem. Rep.",COD,2005,163506352000.0,473.908008333333,345017068.97722316
"Congo, Dem. Rep.",COD,2006,208683817000.0,468.278825,445640088.4665242
"Congo, Dem. Rep.",COD,2007,244484685000.0,516.749891666666,473119954.04869276
"Congo, Dem. Rep.",COD,2008,404118737000.0,559.292508333333,722553459.9135898
"Congo, Dem. Rep.",COD,2009,357694321000.0,809.785833333333,441714717.98613435
"Congo, Dem. Rep.",COD,2010,304658000000.0,905.913458333333,336299231.6732978
"Congo, Dem. Rep.",COD,2012,1614829022000.0,919.755016666667,1755716460.076932
"Congo, Dem. Rep.",COD,2013,1800323364000.0,919.565907354881,1957796988.340516
"Congo, Dem. Rep.",COD,2014,1852573241000.0,925.226282531997,2002292061.9269512
"Congo, Dem. Rep.",COD,2015,1995851356000.0,925.984961280393,2155382041.237758
"Congo, Dem. Rep.",COD,2016,1952327936000.0,1010.30275716866,1932418695.4327772
"Congo, Dem. Rep.",COD,2017,1121937629000.0,1464.41793163743,766132129.8801035
"Congo, Dem. Rep.",COD,2018,2444357910000.0,1622.52350162292,1506516181.463655
"Congo, Dem. Rep.",COD,2019,2075532149000.0,1647.76012727639,1259608188.4993062
"Congo, Dem. Rep.",COD,2020,2148032343000.0,1851.12216183261,1160394698.572162
"Congo, Dem. Rep.",COD,2021,2800123795000.0,1989.39147122828,1407527797.0660856
"Congo, Dem. Rep.",COD,2022,4835351729000.0,2006.70821944055,2409593822.4382453
"Congo, Rep.",COG,2001,87100000000.0,732.397693260228,118924459.75939539
"Congo, Rep.",COG,2002,151700000000.0,693.713226496374,218678258.11274615
"Congo, Rep.",COG,2003,113127500000.0,579.897426172466,195081914.30798832
"Congo, Rep.",COG,2004,227045118600.0,527.338032291576,430549485.7129176
"Congo, Rep.",COG,2005,133495695200.0,527.258362649626,253188388.57129827
"Congo, Rep.",COG,2006,181400000000.0,522.425624895176,347226459.33839417
"Congo, Rep.",COG,2007,237886000000.0,478.633718476363,497010533.9783909
"Congo, Rep.",COG,2008,173323000000.0,446.000041432788,388616555.82630634
"Congo, Rep.",COG,2009,257320000000.0,470.293423341398,547147774.620707
"Congo, Rep.",COG,2010,283815000000.0,494.794262222947,573602043.6553024
"Congo, Rep.",COG,2011,309830949700.0,471.248625718937,657468123.5989215
"Congo, Rep.",COG,2012,420664071400.0,510.556338454251,823932717.5402292
"Congo, Rep.",COG,2013,395121300000.0,493.899623852237,800003241.3837409
"Congo, Rep.",COG,2014,489159572200.0,493.757329875312,990688223.9571551
"Congo, Rep.",COG,2015,470897000000.0,591.21169798261,796494727.0272908
"Congo, Rep.",COG,2016,359089800000.0,592.605615063022,605950721.4790932
"Congo, Rep.",COG,2017,295700000000.0,580.656749587858,509250947.6724135
"Congo, Rep.",COG,2018,212900000000.0,555.446458398226,383295269.56378907
"Congo, Rep.",COG,2019,174323600000.0,585.911013180369,297525726.73750985
"Congo, Rep.",COG,2020,214700000000.0,575.586004510945,373011154.40154415
"Congo, Rep.",COG,2021,359000000000.0,554.530675033104,647394303.2611653
Costa Rica,CRI,1973,170000000.0,6.64675833233333,25576377.46102947
Costa Rica,CRI,1974,260000000.0,7.929999999,32786885.25003618
Costa Rica,CRI,1975,390000000.0,8.569999999,45507584.60274301
Costa Rica,CRI,1976,470000000.0,8.569999999,54842473.75202362
Costa Rica,CRI,1977,510000000.0,8.569999999,59509918.32666393
Costa Rica,CRI,1978,690000000.0,8.569999999,80513418.91254532
Costa Rica,CRI,1979,820000000.0,8.569999999,95682613.78012632
Costa Rica,CRI,1980,850000000.0,8.56999999908333,99183197.21014215
Costa Rica,CRI,1981,1030000000.0,21.7633333325,47327308.93120414
Costa Rica,CRI,1982,1900000000.0,37.40666666575,50793085.012829095
Costa Rica,CRI,1983,2510000000.0,41.0941666656667,61079228.60246371
Costa Rica,CRI,1984,3030000000.0,44.532683333,68039915.25376336
Costa Rica,CRI,1985,3680000000.0,50.45335,72938665.1233268
Costa Rica,CRI,1986,4240000000.0,55.9858916666667,75733365.56367545
Costa Rica,CRI,1987,8800000000.0,62.7762,140180514.27133211
Costa Rica,CRI,1988,12370000000.0,75.8047333333333,163182422.2058254
Costa Rica,CRI,1989,16040000000.0,81.5042083333334,196799654.00559568
Costa Rica,CRI,1990,18570000000.0,91.5792916666666,202775099.72005147
Costa Rica,CRI,1991,23020000000.0,122.432416666667,188022099.26701006
Costa Rica,CRI,1992,29720000000.0,134.506333333333,220956138.372667
Costa Rica,CRI,1993,35230000000.0,142.171666666667,247799022.30871072
Costa Rica,CRI,1994,43750000000.0,157.066666666667,278544142.6146004
Costa Rica,CRI,1995,53370000000.0,179.729166666667,296946794.9460989
Costa Rica,CRI,1996,68290000000.0,207.689166666667,328808676.42751336
Costa Rica,CRI,1997,78460000000.0,232.5975,337320908.43624717
Costa Rica,CRI,1998,93040000000.0,257.229166666667,361700818.01247215
Costa Rica,CRI,1999,102320000000.0,285.684694833333,358157093.6437213
Costa Rica,CRI,2000,118180000000.0,308.186666666667,383468893.3114126
Costa Rica,CRI,2001,138730000000.0,328.870833333333,421837347.4895163
Costa Rica,CRI,2002,176630000000.0,359.81752688172,490887705.02850515
Costa Rica,CRI,2003,209000000000.0,398.662222222222,524253336.157594
Costa Rica,CRI,2004,212960000000.0,437.935,486282210.83037436
Costa Rica,CRI,2005,227855000000.0,477.786741487455,476896866.77080524
Costa Rica,CRI,2006,278500000000.0,511.301817940348,544688069.2149069
Costa Rica,CRI,2007,344500000000.0,516.617390232975,666837792.3643713
Costa Rica,CRI,2008,427429490200.0,526.23551344086,812239917.8367802
Costa Rica,CRI,2009,476415338700.0,573.287956733231,831022757.5942104
Costa Rica,CRI,2010,512292922600.0,525.829200716846,974257271.946114
Costa Rica,CRI,2011,585130015900.0,505.664239919355,1157151267.0014365
Costa Rica,CRI,2012,633699243000.0,502.901461981567,1260086301.0082622
Costa Rica,CRI,2013,681949000000.0,499.766832565284,1364534329.9385874
Costa Rica,CRI,2014,758350041100.0,538.317200279058,1408741984.6642077
Costa Rica,CRI,2015,820769330300.0,534.565769969278,1535394476.0570254
Costa Rica,CRI,2016,875417325000.0,544.73936722902,1607038847.6843019
Costa Rica,CRI,2017,958814274900.0,567.51309030978,1689501601.4108613
Costa Rica,CRI,2018,1025473375000.0,576.97250124808,1777334921.1301124
Costa Rica,CRI,2019,2547507516000.0,587.294595686124,4337699571.411516
Costa Rica,CRI,2020,2563905394000.0,584.900854962304,4383487170.941544
Costa Rica,CRI,2021,2848715178000.0,620.784720014081,4588893840.581939
Costa Rica,CRI,2022,2813716452000.0,647.135817631363,4347953513.527845
Costa Rica,CRI,2023,2823882510000.0,544.050775505632,5190476031.167365
Cote d'Ivoire,CIV,2001,208268000000.0,732.397693260228,284364631.2878273
Cote d'Ivoire,CIV,2002,263220000000.0,693.713226496374,379436328.94157577
Cote d'Ivoire,CIV,2003,412400000000.0,579.897426172466,711160252.4639401
Cote d'Ivoire,CIV,2004,436500000000.0,527.338032291576,827742308.1039037
Cote d'Ivoire,CIV,2005,423000000000.0,527.258362649626,802263235.5688064
Cote d'Ivoire,CIV,2006,433200000000.0,522.425624895176,829208942.5876094
Cote d'Ivoire,CIV,2007,467400000000.0,478.633718476363,976529613.2664381
Cote d'Ivoire,CIV,2008,585200000000.0,446.000041432788,1312107501.4253993
Cote d'Ivoire,CIV,2009,355277000000.0,470.293423341398,755436887.6259946
Cote d'Ivoire,CIV,2010,371431000000.0,494.794262222947,750677662.1282618
Cote d'Ivoire,CIV,2011,299219000000.0,471.248625718937,634949331.7747324
Cote d'Ivoire,CIV,2012,388571000000.0,510.556338454251,761073696.9330925
Cote d'Ivoire,CIV,2013,376977000000.0,493.899623852237,763266424.5818144
Cote d'Ivoire,CIV,2014,474961003700.0,493.757329875312,961932056.4212006
Cote d'Ivoire,CIV,2015,617481812000.0,591.21169798261,1044434361.0030577
Cote d'Ivoire,CIV,2016,652495298000.0,592.605615063022,1101061619.0847414
Cote d'Ivoire,CIV,2017,741806234500.0,580.656749587858,1277529685.1823795
Cote d'Ivoire,CIV,2018,626273597500.0,555.446458398226,1127513890.9086258
Cote d'Ivoire,CIV,2019,572539383400.0,585.911013180369,977178053.5276394
Cote d'Ivoire,CIV,2020,794334251400.0,575.586004510945,1380044415.9077802
Cote d'Ivoire,CIV,2021,1152924079000.0,554.530675033104,2079098832.4156704
Cote d'Ivoire,CIV,2022,1444685393000.0,623.759700911182,2316092865.3929033
Cote d'Ivoire,CIV,2023,1419992194000.0,606.569750165917,2341020457.4355793
Croatia,HRV,1991,7031654.39,,
Croatia,HRV,1992,57074789.3,0.26329825,216768585.81475568
Croatia,HRV,1993,741004711.7,3.57914891666667,207033775.0545769
Croatia,HRV,1994,1686946712.0,5.99801141666667,281251000.5086823
Croatia,HRV,1995,979000000.0,5.23075608333333,187162235.13449064
Croatia,HRV,1996,1001300000.0,5.43416116666667,184260269.3019133
Croatia,HRV,1997,1167400000.0,6.16058258333333,189495065.47615346
Croatia,HRV,1998,1328300000.0,6.36328566666667,208744360.94518664
Croatia,HRV,1999,1539200000.0,7.11174283333333,216430773.16936174
Croatia,HRV,2000,1691900000.0,8.27766641666667,204393353.73474866
Croatia,HRV,2001,1565300000.0,8.341541,187651178.60117215
Croatia,HRV,2002,1101160471.0,7.8716825,139888832.02542785
Croatia,HRV,2003,1068913014.0,6.70496883333333,159421026.4909758
Croatia,HRV,2004,1241344719.0,6.03434066666667,205713397.29908067
Croatia,HRV,2005,1345863557.0,5.94923691666667,226224568.9408653
Croatia,HRV,2006,1429171353.0,5.83779325,244813629.36243075
Croatia,HRV,2007,1831753199.0,5.36453566666667,341456057.489163
Croatia,HRV,2008,2055796413.0,4.93503975,416571399.0449621
Croatia,HRV,2009,1943139912.0,5.28394641666667,367744060.74045926
Croatia,HRV,2010,1964887209.0,5.49801058333333,357381489.0346627
Croatia,HRV,2011,1899029390.0,5.34386975,355365957.4131649
Croatia,HRV,2012,1938696657.0,5.85029183333333,331384606.4830215
Croatia,HRV,2013,1964832104.0,5.70488016666667,344412511.14798445
Croatia,HRV,2014,2020938146.0,5.74816541666667,351579677.95087063
Croatia,HRV,2015,1997771238.0,6.85830375,291292323.99483615
Croatia,HRV,2016,2011849265.0,6.80599016666667,295599790.1456463
Croatia,HRV,2017,2086831952.0,6.623831,315049093.49287444
Croatia,HRV,2018,2146752927.0,6.27902525,341892704.9226311
Croatia,HRV,2019,2409269718.0,6.62254516666667,363798155.7493339
Croatia,HRV,2020,2369239379.0,6.6140555,358212805.8949611
Croatia,HRV,2021,2613621967.0,6.36008316666667,410941476.472831
Croatia,HRV,2022,2817936498.0,7.1597415,393580759.5846861
Croatia,HRV,2023,3193196000.0,0.924839558470698,3452702656.1020217
Cyprus,CYP,1972,16744294.13,0.383572369170173,43653546.17754374
Cyprus,CYP,1973,18931303.97,0.349950502818348,54097090.35288011
Cyprus,CYP,1974,25441075.46,0.364692710725132,69760306.9976764
Cyprus,CYP,1975,31455352.54,0.368907243107116,85266291.53460838
Cyprus,CYP,1976,34411233.03,0.41049569197004,83828487.61421716
Cyprus,CYP,1977,35829372.23,0.408121577265547,87790928.55138943
Cyprus,CYP,1978,33095609.92,0.373512583264684,88606412.21435718
Cyprus,CYP,1979,41296896.84,0.354443863948176,116511811.99750748
Cyprus,CYP,1980,43159272.41,0.353051686694203,122246328.33260632
Cyprus,CYP,1981,57989932.92,0.42143075903062,137602516.37395698
Cyprus,CYP,1982,60501577.04,0.475385895733429,127268346.79572836
Cyprus,CYP,1983,68156111.5,0.526640771160504,129416701.53985876
Cyprus,CYP,1984,72871851.47,0.588385860092809,123850446.47147971
Cyprus,CYP,1985,73589464.08,0.612552316163745,120135802.50723983
Cyprus,CYP,1986,66652542.23,0.518143083333333,128637328.9038405
Cyprus,CYP,1987,74272904.66,0.481096583333333,154382523.6616557
Cyprus,CYP,1988,84797889.54,0.466628833333333,181724495.9644944
Cyprus,CYP,1989,90094554.0,0.494624916666667,182147220.98344204
Cyprus,CYP,1990,100534108.8,0.458079916666667,219468492.59745237
Cyprus,CYP,1991,119960907.2,0.4644285,258297902.04520178
Cyprus,CYP,1992,128640602.5,0.449548583333333,286155061.4755582
Cyprus,CYP,1993,152168044.4,0.497405166666667,305923730.98925704
Cyprus,CYP,1994,155106838.8,0.492191,315135463.26527715
Cyprus,CYP,1995,81300000.0,0.452420166666667,179700212.3026492
Cyprus,CYP,1996,76000000.0,0.46631125,162981270.55695096
Cyprus,CYP,1997,178400000.0,0.513897333333333,347151052.22054756
Cyprus,CYP,1998,346500000.0,0.517825583333333,669144227.6171824
Cyprus,CYP,1999,382100000.0,0.54294775,703750959.4615688
Cyprus,CYP,2000,314000000.0,0.622409116666667,504491325.0654772
Cyprus,CYP,2001,463700000.0,0.643107026158333,721030841.1182511
Cyprus,CYP,2002,530300000.0,0.610659989666667,868404691.6017339
Cyprus,CYP,2003,547600000.0,0.517443261666667,1058280280.3078336
Cyprus,CYP,2004,443200000.0,0.46860055225,945794873.4203609
Cyprus,CYP,2005,491700000.0,0.464070507161667,1059537273.7804857
Cyprus,CYP,2006,587900000.0,0.458915946916667,1281062477.671439
Cyprus,CYP,2007,638500000.0,0.426125,1498386623.6432972
Cyprus,CYP,2008,717900000.0,0.679922680042729,1055855351.0156248
Cyprus,CYP,2009,785400000.0,0.716957702016136,1095462114.1406243
Cyprus,CYP,2010,748200000.0,0.754308990105961,991901210.0000255
Cyprus,CYP,2011,753500000.0,0.718413898653317,1048838283.0739393
Cyprus,CYP,2012,697300000.0,0.778338120416812,895883140.8984377
Cyprus,CYP,2013,616000000.0,0.752945122701996,818120712.1568716
Cyprus,CYP,2014,523800000.0,0.752728196932603,695868710.8235159
Cyprus,CYP,2015,546800000.0,0.901296423367096,606681648.5937496
Cyprus,CYP,2016,567000000.0,0.903421436257263,627614064.9805636
Cyprus,CYP,2017,615500000.0,0.885205508269372,695318764.1176546
Cyprus,CYP,2018,692500000.0,0.846772667108111,817810998.0392005
Cyprus,CYP,2019,869500000.0,0.893276257067409,973383086.2744908
Cyprus,CYP,2020,779700000.0,0.875506396987998,890570306.1478472
Cyprus,CYP,2021,888700000.0,0.84549413889045,1051101313.5658746
Cyprus,CYP,2022,1075100000.0,0.949623753156941,1132132590.8560355
Cyprus,CYP,2023,1089300000.0,0.924839558470698,1177825915.8823738
Czechia,CZE,1993,59309000000.0,29.1528333333333,2034416323.1704202
Czechia,CZE,1994,47143000000.0,28.7850833333333,1637757982.288282
Czechia,CZE,1995,55555000000.0,26.5406666666667,2093202883.6251261
Czechia,CZE,1996,53011000000.0,27.1449166666667,1952888662.395351
Czechia,CZE,1997,65436000000.0,31.6984166666667,2064330237.3146904
Czechia,CZE,1998,63620000000.0,32.2811666666667,1970808572.5939252
Czechia,CZE,1999,71776000000.0,34.56925,2076296130.2313473
Czechia,CZE,2000,78628000000.0,38.5984166666667,2037078377.5672991
Czechia,CZE,2001,92362000000.0,38.0353283333333,2428321354.046418
Czechia,CZE,2002,102425000000.0,32.7385183333333,3128577749.2170186
Czechia,CZE,2003,105132000000.0,28.209,3726895671.594172
Czechia,CZE,2004,107059000000.0,25.69975,4165760367.318748
Czechia,CZE,2005,111197000000.0,23.9574166666667,4641443672.627468
Czechia,CZE,2006,119561000000.0,22.5955833333333,5291343809.815349
Czechia,CZE,2007,130390000000.0,20.2936666666667,6425157274.026369
Czechia,CZE,2008,135449000000.0,17.0716666666667,7934140388.558023
Czechia,CZE,2009,141618000000.0,19.063,7428946126.003253
Czechia,CZE,2010,138565000000.0,19.09825,7255376801.539408
Czechia,CZE,2011,132083000000.0,17.6959166666667,7464038313.923631
Czechia,CZE,2012,117366000000.0,19.5775,5994943174.562635
Czechia,CZE,2013,119778000000.0,19.5705833333333,6120308115.496483
Czechia,CZE,2014,123708000000.0,20.7575,5959677225.099361
Czechia,CZE,2015,132715000000.0,24.59875,5395192845.164897
Czechia,CZE,2016,135261000000.0,24.4399166666667,5534429672.768926
Czechia,CZE,2017,131835000000.0,23.3763333333333,5639678307.119744
Czechia,CZE,2018,148938000000.0,21.7299166666667,6854052976.119701
Czechia,CZE,2019,155022000000.0,22.93225,6759999563.932889
Czechia,CZE,2020,164111000000.0,23.21025,7070626124.233906
Czechia,CZE,2021,165582000000.0,21.6781666666667,7638192036.534443
Czechia,CZE,2022,176023000000.0,23.357,7536198998.15901
Denmark,DNK,1972,6551000000.0,6.94929166566666,942686005.3040454
Denmark,DNK,1973,5279000000.0,6.049499999,872634102.1361492
Denmark,DNK,1974,6505000000.0,6.094899999,1067285763.6823058
Denmark,DNK,1975,7335000000.0,5.746149999,1276506878.7408102
Denmark,DNK,1976,7538000000.0,6.045024999,1246975819.1648464
Denmark,DNK,1977,8087000000.0,6.00319166566667,1347116742.2907722
Denmark,DNK,1978,9025000000.0,5.514624999,1636557336.4710307
Denmark,DNK,1979,9782000000.0,5.26095833233333,1859357056.65654
Denmark,DNK,1980,11812000000.0,5.63594166566667,2095834325.6029372
Denmark,DNK,1981,13337000000.0,7.12336666566666,1872288852.444158
Denmark,DNK,1982,15358000000.0,8.33244166616667,1843157217.9329076
Denmark,DNK,1983,16898000000.0,9.14499166575,1847787359.2041333
Denmark,DNK,1984,17972000000.0,10.35659166625,1735319937.2112978
Denmark,DNK,1985,19238000000.0,10.5963916664167,1815523680.6668139
Denmark,DNK,1986,19725000000.0,8.09099166658333,2437896467.1866345
Denmark,DNK,1987,22069000000.0,6.84031666666667,3226312621.9790006
Denmark,DNK,1988,23587000000.0,6.731525,3503960840.968428
Denmark,DNK,1989,24476000000.0,7.310175,3348209858.1771297
Denmark,DNK,1990,26524000000.0,6.18855833333333,4285973981.5546722
Denmark,DNK,1991,27337000000.0,6.39645833333333,4273771292.7075553
Denmark,DNK,1992,30365000000.0,6.03613333333333,5030538313.710767
Denmark,DNK,1993,32195000000.0,6.48393916666666,4965345783.241082
Denmark,DNK,1994,33495000000.0,6.36055166666667,5266052656.334052
Denmark,DNK,1995,26260917680.0,5.60236666666667,4687468572.210551
Denmark,DNK,1996,27301427280.0,5.79867166666666,4708220925.309624
Denmark,DNK,1997,26771190330.0,6.60445916666667,4053502286.0186234
Denmark,DNK,1998,28407692970.0,6.70082666666667,4239431100.540827
Denmark,DNK,1999,31444564320.0,6.97624,4507379952.5245695
Denmark,DNK,2000,34518616680.0,8.08314416666667,4270444268.7473183
Denmark,DNK,2001,36814445820.0,8.3228175,4423315279.951772
Denmark,DNK,2002,38142465170.0,7.89471416666666,4831392798.367098
Denmark,DNK,2003,36691773920.0,6.58767333333333,5569762200.311493
Denmark,DNK,2004,39442577680.0,5.99105666666667,6583576132.646603
Denmark,DNK,2005,41842377210.0,5.99691,6977322856.27098
Denmark,DNK,2006,45054034000.0,5.94677833333334,7576208742.716987
Denmark,DNK,2007,45103554090.0,5.44370083333334,8285457902.796204
Denmark,DNK,2008,51164936530.0,5.09813083333334,10036018729.740314
Denmark,DNK,2009,54928766110.0,5.36086666666667,10246247393.456276
Denmark,DNK,2010,56002255330.0,5.624075,9957593974.120188
Denmark,DNK,2011,57295047110.0,5.36871153508772,10672029356.679497
Denmark,DNK,2012,59350625080.0,5.79247553703916,10246158952.332363
Denmark,DNK,2013,58284364270.0,5.61631168617622,10377694032.44819
Denmark,DNK,2014,59082568730.0,5.61246666666667,10527023542.233356
Denmark,DNK,2015,58617150370.0,6.72790683129629,8712538957.485239
Denmark,DNK,2016,57653077990.0,6.73171825724638,8564392594.4077
Denmark,DNK,2017,60390840690.0,6.60289346561404,9146117683.78485
Denmark,DNK,2018,62358088500.0,6.31461878666667,9875194466.47662
Denmark,DNK,2019,63223105320.0,6.669446615,9479512914.580845
Denmark,DNK,2020,64090855020.0,6.54215220416667,9796601029.731592
Denmark,DNK,2021,71183123940.0,6.2871130825,11322068333.419386
Denmark,DNK,2022,71653764230.0,7.0761518625,10126091924.302593
Denmark,DNK,2023,73967287100.0,6.88970258583334,10735918739.379564
Dominican Republic,DOM,1972,34000000.0,1.0,34000000.0
Dominican Republic,DOM,1973,37500000.0,0.999999999916667,37500000.00312499
Dominican Republic,DOM,1974,56300000.0,0.9999999995,56300000.02815
Dominican Republic,DOM,1975,58200000.0,0.999999999,58200000.0582
Dominican Republic,DOM,1976,66400000.0,0.999999999,66400000.0664
Dominican Republic,DOM,1977,79000000.0,0.999999999,79000000.079
Dominican Republic,DOM,1978,83200000.0,0.999999999,83200000.0832
Dominican Republic,DOM,1979,101300000.0,0.999999999,101300000.1013
Dominican Republic,DOM,1980,116400000.0,0.999999999,116400000.1164
Dominican Republic,DOM,1981,138300000.0,0.999999999,138300000.1383
Dominican Republic,DOM,1982,127300000.0,0.999999999,127300000.1273
Dominican Republic,DOM,1983,144900000.0,0.999999999,144900000.1449
Dominican Republic,DOM,1984,213500000.0,0.999999999583333,213500000.0889584
Dominican Republic,DOM,1985,343100000.0,3.11260833333333,110229095.10512362
Dominican Republic,DOM,1986,327100000.0,2.90433333325,112624813.50030486
Dominican Republic,DOM,1987,364000000.0,3.84475833333333,94674351.01035835
Dominican Republic,DOM,1988,477900000.0,6.11251666666667,78183835.89956124
Dominican Republic,DOM,1989,620300000.0,6.34,97839116.7192429
Dominican Republic,DOM,1990,736200000.0,8.5253,86354732.38478412
Dominican Republic,DOM,1991,947500000.0,12.5759189640769,75342406.60317014
Dominican Republic,DOM,1992,1698500000.0,12.5,135880000.0
Dominican Republic,DOM,1993,2454400000.0,12.5,196352000.0
Dominican Republic,DOM,1994,2827600000.0,12.6167803030303,224114229.78656977
Dominican Republic,DOM,1995,2718300000.0,12.87,211212121.21212122
Dominican Republic,DOM,1996,2681400000.0,12.8963492063492,207919307.78982618
Dominican Republic,DOM,1997,3102500000.0,14.0059210526316,221513457.6541873
Dominican Republic,DOM,1998,4827000000.0,14.7031108444695,328297871.8626509
Dominican Republic,DOM,1999,5398400000.0,15.834429906597,340927967.21092546
Dominican Republic,DOM,2000,6055800000.0,16.1814576782866,374243168.9653085
Dominican Republic,DOM,2001,7607180507.0,16.690961523126,455766463.57131344
Dominican Republic,DOM,2002,9139128330.0,17.5930436887674,519473974.5820699
Dominican Republic,DOM,2003,10850467450.0,29.3699996161352,369440503.63688135
Dominican Republic,DOM,2004,17185385450.0,41.9303145729387,409855867.40842706
Dominican Republic,DOM,2005,24531647210.0,30.2828081770082,810084952.0496356
Dominican Republic,DOM,2006,30893126950.0,33.300035201723,927720549.3284745
Dominican Republic,DOM,2007,38760575340.0,33.1718705755495,1168477226.8637106
Dominican Republic,DOM,2008,37285256200.0,34.5293609573506,1079813097.2088764
Dominican Republic,DOM,2009,45196354890.0,35.97186554526,1256436223.2793763
Dominican Republic,DOM,2010,52847207990.0,36.8212918670815,1435235031.4260914
Dominican Republic,DOM,2011,53892044110.0,38.0875848668099,1414950417.5299482
Dominican Republic,DOM,2012,65798962800.0,39.3203008432258,1673409444.7127306
Dominican Republic,DOM,2013,66473754790.0,41.7945034252297,1590490359.7890916
Dominican Republic,DOM,2014,78130880320.0,43.5496726190476,1794063551.3716216
Dominican Republic,DOM,2015,88698740010.0,45.0454990740741,1969092180.8667557
Dominican Republic,DOM,2016,98863213380.0,46.0644439393939,2146193569.8186746
Dominican Republic,DOM,2017,107500633800.0,47.5343581962482,2261535400.4818525
Dominican Republic,DOM,2018,118152621700.0,49.5099928571429,2386439885.80083
Dominican Republic,DOM,2019,135283773500.0,51.2948583333333,2637374931.8279643
Dominican Republic,DOM,2020,149431686600.0,56.5245333333334,2643660686.5691323
Dominican Republic,DOM,2021,174484330300.0,57.2211166666667,3049299637.342506
Dominican Republic,DOM,2022,188182575600.0,55.1409916666667,3412752834.3629394
Dominican Republic,DOM,2023,230631268900.0,56.1576,4106857645.2697406
Dominican Republic,DOM,2024,260054634500.0,59.5651333333333,4365886886.288066
Ecuador,ECU,2013,10726314280.0,1.0,10726314280.0
Ecuador,ECU,2014,11583407330.0,1.0,11583407330.0
Ecuador,ECU,2015,8977627871.0,1.0,8977627871.0
Ecuador,ECU,2016,6979655222.0,1.0,6979655222.0
Ecuador,ECU,2017,7526005379.0,1.0,7526005379.0
Ecuador,ECU,2018,8918316228.0,1.0,8918316228.0
Ecuador,ECU,2019,8902853515.0,1.0,8902853515.0
Ecuador,ECU,2020,6695414305.0,1.0,6695414305.0
Ecuador,ECU,2021,8065829369.0,1.0,8065829369.0
Ecuador,ECU,2022,8692677594.0,1.0,8692677594.0
"Egypt, Arab Rep.",EGY,1975,508000000.0,0.391303667451088,1298224479.4920015
"Egypt, Arab Rep.",EGY,1976,565000000.0,0.391303667451088,1443891399.4350016
"Egypt, Arab Rep.",EGY,1977,593000000.0,0.391303667451088,1515447079.4070017
"Egypt, Arab Rep.",EGY,1978,631000000.0,0.391303667451088,1612558359.3690019
"Egypt, Arab Rep.",EGY,1979,762000000.0,0.700000700490701,1088570339.2380002
"Egypt, Arab Rep.",EGY,1981,1561000000.0,0.700000700490701,2229997768.439
"Egypt, Arab Rep.",EGY,1982,2106000000.0,0.700000700490701,3008568417.894
"Egypt, Arab Rep.",EGY,1983,2469000000.0,0.700000700490701,3527139327.531
"Egypt, Arab Rep.",EGY,1984,3377000000.0,0.700000700204867,4824280888.5929165
"Egypt, Arab Rep.",EGY,1985,3797000000.0,0.7000007000007,5424280290.0
"Egypt, Arab Rep.",EGY,1986,4220000000.0,0.7000007000007,6028565400.0
"Egypt, Arab Rep.",EGY,1987,4670000000.0,0.7000007000007,6671421900.0
"Egypt, Arab Rep.",EGY,1988,4659000000.0,0.7000007000007,6655707630.0
"Egypt, Arab Rep.",EGY,1989,4818000000.0,0.866666666666667,5559230769.230767
"Egypt, Arab Rep.",EGY,1990,5164000000.0,1.55,3331612903.225806
"Egypt, Arab Rep.",EGY,1991,6557000000.0,3.13800833333333,2089541933.4450483
"Egypt, Arab Rep.",EGY,1992,7821000000.0,3.32174833333333,2354483005.686265
"Egypt, Arab Rep.",EGY,1993,8272000000.0,3.3525175,2467399499.0331893
"Egypt, Arab Rep.",EGY,1994,9371000000.0,3.38513333333333,2768280914.587316
"Egypt, Arab Rep.",EGY,1995,10423000000.0,3.39220833333333,3072629678.306907
"Egypt, Arab Rep.",EGY,1996,16756000000.0,3.39148333333334,4940611040.400208
"Egypt, Arab Rep.",EGY,1997,17068000000.0,3.38875,5036665437.108078
"Egypt, Arab Rep.",EGY,2002,8717000000.0,4.49966666666667,1937254611.452699
"Egypt, Arab Rep.",EGY,2003,8542000000.0,5.850875,1459952571.196616
"Egypt, Arab Rep.",EGY,2004,9409000000.0,6.19624166666666,1518501134.4242291
"Egypt, Arab Rep.",EGY,2005,12713000000.0,5.77883333333333,2199925013.6994214
"Egypt, Arab Rep.",EGY,2006,14494500000.0,5.73316666666666,2528183958.8360157
"Egypt, Arab Rep.",EGY,2007,17120600000.0,5.63543333333334,3038027244.2817135
"Egypt, Arab Rep.",EGY,2008,18790000000.0,5.4325,3458812701.3345604
"Egypt, Arab Rep.",EGY,2009,25202800000.0,5.54455330862977,4545505940.17616
"Egypt, Arab Rep.",EGY,2010,28245200000.0,5.6219429176105,5024099393.027115
"Egypt, Arab Rep.",EGY,2011,26645200000.0,5.93282765151515,4491146813.138123
"Egypt, Arab Rep.",EGY,2012,27079000000.0,6.05605833333333,4471390219.435912
"Egypt, Arab Rep.",EGY,2013,27155000000.0,6.870325,3952505885.8205395
"Egypt, Arab Rep.",EGY,2014,27556000000.0,7.07760856060606,3893405486.3356786
"Egypt, Arab Rep.",EGY,2015,31580000000.0,7.69125833333333,4105960121.3932285
El Salvador,SLV,1998,296900000.0,8.755,33912050.256996
El Salvador,SLV,1999,344780000.0,8.755,39380925.18560822
El Salvador,SLV,2000,379620000.0,8.755,43360365.50542547
El Salvador,SLV,2001,495500000.0,1.0,495500000.0
El Salvador,SLV,2002,384500000.0,1.0,384500000.0
El Salvador,SLV,2003,335000000.0,1.0,335000000.0
El Salvador,SLV,2004,361900000.0,1.0,361900000.0
El Salvador,SLV,2005,553400000.0,1.0,553400000.0
El Salvador,SLV,2006,579100000.0,1.0,579100000.0
El Salvador,SLV,2007,552900000.0,1.0,552900000.0
El Salvador,SLV,2008,675600000.0,1.0,675600000.0
El Salvador,SLV,2009,678200000.0,1.0,678200000.0
El Salvador,SLV,2010,750000000.0,1.0,750000000.0
El Salvador,SLV,2011,657900000.0,1.0,657900000.0
El Salvador,SLV,2012,812435803.1,1.0,812435803.1
El Salvador,SLV,2013,850100000.0,1.0,850100000.0
El Salvador,SLV,2014,911780273.2,1.0,911780273.2
El Salvador,SLV,2015,853620857.9,1.0,853620857.9
El Salvador,SLV,2016,895476349.4,1.0,895476349.4
El Salvador,SLV,2017,988220147.7,1.0,988220147.7
El Salvador,SLV,2018,1023200000.0,1.0,1023200000.0
El Salvador,SLV,2019,1026600000.0,1.0,1026600000.0
El Salvador,SLV,2020,964200000.0,1.0,964200000.0
El Salvador,SLV,2021,1181600000.0,1.0,1181600000.0
El Salvador,SLV,2022,1428700000.0,1.0,1428700000.0
El Salvador,SLV,2023,1465800000.0,1.0,1465800000.0
El Salvador,SLV,2024,2317300000.0,1.0,2317300000.0
Equatorial Guinea,GNQ,2006,87836000000.0,522.425624895176,168131109.60555232
Equatorial Guinea,GNQ,2007,85582000000.0,478.633718476363,178804786.8262052
Equatorial Guinea,GNQ,2008,140165000000.0,446.000041432788,314271271.25306064
Equatorial Guinea,GNQ,2009,157170000000.0,470.293423341398,334195615.3316358
Equatorial Guinea,GNQ,2010,187614700000.0,494.794262222947,379177194.08691037
Equatorial Guinea,GNQ,2011,211882514000.0,471.248625718937,449619378.04434335
Equatorial Guinea,GNQ,2012,433208105100.0,510.556338454251,848502060.3437638
Equatorial Guinea,GNQ,2013,488641962100.0,493.899623852237,989354797.0107181
Equatorial Guinea,GNQ,2014,417879996300.0,493.757329875312,846326669.0248969
Equatorial Guinea,GNQ,2015,260064389600.0,591.21169798261,439883700.69032294
Equatorial Guinea,GNQ,2016,262957993100.0,592.605615063022,443731862.16272205
Equatorial Guinea,GNQ,2017,269534000000.0,580.656749587858,464188180.3514924
Equatorial Guinea,GNQ,2018,284897337000.0,555.446458398226,512915930.4059214
Equatorial Guinea,GNQ,2019,285364012700.0,585.911013180369,487043264.72892654
Equatorial Guinea,GNQ,2020,245888886700.0,575.586004510945,427197473.13683045
Equatorial Guinea,GNQ,2021,229461410300.0,554.530675033104,413793899.293852
Equatorial Guinea,GNQ,2022,239401445000.0,623.759700911182,383803962.72841084
Estonia,EST,1991,4467424.233,,
Estonia,EST,1995,178375139.7,11.46475,15558572.118886149
Estonia,EST,1996,202830836.5,12.038,16849213.864429306
Estonia,EST,1997,246894009.8,13.88175,17785510.4579754
Estonia,EST,1998,274910777.4,14.0746666666667,19532311.770556983
Estonia,EST,1999,298265745.5,14.6775833333333,20321175.409212507
Estonia,EST,2000,304029963.6,16.9686366666667,17917170.92966216
Estonia,EST,2001,310584449.5,17.4780715333333,17769949.556944482
Estonia,EST,2002,323297124.4,16.6117916666667,19461905.788809616
Estonia,EST,2003,366698250.7,13.8564114045105,26464157.276727032
Estonia,EST,2004,359351931.9,12.5955635879843,28530039.91364137
Estonia,EST,2005,394803868.8,12.5837865859395,31374011.797143344
Estonia,EST,2006,448958146.7,12.4654837577722,36016102.97876131
Estonia,EST,2007,498586242.1,11.4338529961624,43606144.16394395
Estonia,EST,2008,566726918.7,10.6944430938413,52992653.63582755
Estonia,EST,2009,524841374.7,11.2574308850767,46621771.88187322
Estonia,EST,2010,550097345.4,11.8068482348947,46591379.3805029
Estonia,EST,2011,597626759.3,0.718413898653317,831869706.8921757
Estonia,EST,2012,645501891.9,0.778338120416812,829333518.3870009
Estonia,EST,2013,649116924.5,0.752945122701996,862103896.9886659
Estonia,EST,2014,707479731.9,0.752728196932603,939887378.7151959
Estonia,EST,2015,749762490.3,0.901296423367096,831871147.894951
Estonia,EST,2016,810940871.0,0.903421436257263,897632974.4394865
Estonia,EST,2017,882398799.7,0.885205508269372,996829314.1613417
Estonia,EST,2018,930876263.4,0.846772667108111,1099322521.3316329
Estonia,EST,2019,1047530129.0,0.893276257067409,1172683277.667091
Estonia,EST,2020,995905675.2,0.875506396987998,1137519587.094065
Estonia,EST,2021,1089432184.0,0.84549413889045,1288515359.1125684
Estonia,EST,2022,1229911022.0,0.949623753156941,1295156126.741005
Estonia,EST,2023,1343542553.0,0.924839558470698,1452730412.2043216
Eswatini,SWZ,1999,550400000.0,6.10948416666667,90089438.8110507
Eswatini,SWZ,2000,525369148.0,6.93982833333333,75703478.9285134
Eswatini,SWZ,2001,608125185.4,8.60918083333333,70636823.31371638
Eswatini,SWZ,2002,709272305.0,10.5407466666667,67288620.76184335
Eswatini,SWZ,2003,890961130.8,7.56474916666667,117778013.6750513
Eswatini,SWZ,2004,1154530636.0,6.4596925,178728420.2769714
Eswatini,SWZ,2005,1066525042.0,6.35932833333333,167710328.2133832
Eswatini,SWZ,2006,1152509454.0,6.77154916666667,170198786.95901558
Eswatini,SWZ,2007,1312429074.0,7.045365,186282623.25656655
Eswatini,SWZ,2008,1820930305.0,8.26122333333333,220418965.99656153
Eswatini,SWZ,2009,2074376819.0,8.47367415824888,244802523.70580634
Eswatini,SWZ,2010,1657562546.0,7.32122196115288,226405175.91123298
Eswatini,SWZ,2011,1427310098.0,7.26113213232735,196568533.9405215
Eswatini,SWZ,2012,1850103139.0,8.20996862659331,225348381.11405694
Eswatini,SWZ,2014,2552300000.0,10.8526555687831,235177462.67941198
Eswatini,SWZ,2015,2856500000.0,12.7589308811644,223882394.74021757
Eswatini,SWZ,2016,2913800000.0,14.7096108855267,198088176.6809338
Eswatini,SWZ,2017,3037500000.0,13.3238014244992,227975478.11053258
Eswatini,SWZ,2018,2803600000.0,13.2339264715833,211849446.6491152
Eswatini,SWZ,2019,3429000000.0,14.4517892288824,237271658.59484202
Eswatini,SWZ,2020,3003063314.0,16.4702558654325,182332523.4614466
Eswatini,SWZ,2021,2810876506.0,14.7834351395784,190136898.4583756
Ethiopia,ETH,1990,1746500000.0,2.07,843719806.763285
Ethiopia,ETH,1991,1314800000.0,2.07,635169082.1256039
Ethiopia,ETH,1992,1174400000.0,2.8025,419054415.7002676
Ethiopia,ETH,1993,1174000000.0,5.0,234800000.0
Ethiopia,ETH,1994,1477900000.0,5.465,270430009.1491308
Ethiopia,ETH,1995,1993900000.0,6.15833333333333,323772665.7645469
Ethiopia,ETH,1996,1973900000.0,6.351675,310768419.3539499
Ethiopia,ETH,1997,2163800000.0,6.70934166666667,322505561.2758826
Ethiopia,ETH,1998,2267600000.0,7.11590833333334,318666274.7435614
Ethiopia,ETH,1999,4429600000.0,7.94225,557726085.1773742
Ethiopia,ETH,2001,2196500000.0,8.45749166666667,259710572.18501538
Ethiopia,ETH,2002,3277600000.0,8.56775,382550844.7375332
Ethiopia,ETH,2003,2150800000.0,8.59968333333333,250102232.4465437
Ethiopia,ETH,2004,3268900000.0,8.63558333333333,378538411.80387366
Ethiopia,ETH,2005,2999800000.0,8.66644166666667,346139755.55134594
Ethiopia,ETH,2006,4313200000.0,8.69861583333333,495849004.32913727
Ethiopia,ETH,2007,4706000000.0,8.96595,524874664.7036845
Ethiopia,ETH,2008,5039800000.0,9.59974166666667,524993294.090379
Ethiopia,ETH,2009,8588000000.0,11.7775996725,729180838.100014
Ethiopia,ETH,2010,10364000000.0,14.4095898080066,719243235.7957412
Ethiopia,ETH,2011,10820100000.0,16.8992257595275,640271936.3577831
Ethiopia,ETH,2012,8105900000.0,17.7047613782674,457837291.7214233
Ethiopia,ETH,2013,15109429330.0,18.6266289575478,811173581.8883868
Ethiopia,ETH,2014,21314245700.0,19.585789907695,1088250502.0451543
Ethiopia,ETH,2015,25286338050.0,20.57684875,1228873203.9204984
Ethiopia,ETH,2016,30353382530.0,21.7315472222222,1396742819.073706
Ethiopia,ETH,2017,38504576070.0,23.8661044574125,1613358231.0723937
Ethiopia,ETH,2018,44810730200.0,27.4293865941667,1633675986.3791385
Ethiopia,ETH,2019,51715662910.0,29.06975,1779019871.515923
Ethiopia,ETH,2020,59594425410.0,34.9271654040404,1706248552.3977296
Ethiopia,ETH,2021,73167630500.0,43.73377831884,1673023308.587089
Ethiopia,ETH,2022,88463000000.0,51.7562150334169,1709224678.4832122
Ethiopia,ETH,2023,111644400000.0,54.6009480676569,2044733726.2653325
Ethiopia,ETH,2024,149056800000.0,82.6013363504764,1804532548.5722644
Fiji,FJI,1990,38720000.0,1.48090833333333,26146115.27834837
Fiji,FJI,1991,124060000.0,1.4755575,84076696.43507624
Fiji,FJI,1992,176140000.0,1.50299083333333,117192996.85238737
Fiji,FJI,1993,178760000.0,1.541775,115944284.99618946
Fiji,FJI,1994,88870000.0,1.464125,60698369.333219506
Fiji,FJI,1995,161510000.0,1.40633333333333,114844749.94074452
Fiji,FJI,1996,146780000.0,1.4033,104596308.70091926
Fiji,FJI,2004,182700000.0,1.73310167837133,105417934.95445174
Fiji,FJI,2005,200740000.0,1.69104621571552,118707577.67259623
Fiji,FJI,2006,234170617.0,1.73126493278745,135259839.53418958
Fiji,FJI,2007,224210243.6,1.61041379610359,139225237.72615373
Fiji,FJI,2008,186176615.6,1.59403441077344,116795857.31757534
Fiji,FJI,2009,211373586.0,1.95809503538886,107948583.79180923
Fiji,FJI,2010,184879746.3,1.91850867822547,96366385.20238806
Fiji,FJI,2011,217280830.9,1.79088383126012,121326033.04990175
Fiji,FJI,2012,248904747.4,1.78989281741094,139061258.29368818
Fiji,FJI,2013,290955944.1,1.84147661706532,158001432.8738443
Fiji,FJI,2014,314572671.9,1.88734535831922,166674673.77573305
Fiji,FJI,2015,347749458.3,2.09762981633101,165782091.5743145
Fiji,FJI,2016,326720719.0,2.09469593918508,155975248.19144267
Fiji,FJI,2017,379276197.0,2.06687530381454,183502215.3005667
Fiji,FJI,2018,585603133.0,2.08737978924997,280544602.3842249
Fiji,FJI,2019,499997446.3,2.16039311531464,231438177.96659672
Fiji,FJI,2020,471547894.7,2.16880492424242,217422917.76874086
Fiji,FJI,2021,468701965.1,2.07063333333333,226356814.38851273
Fiji,FJI,2022,538258700.1,2.2014069869585,244506673.81757843
Fiji,FJI,2023,593813267.1,2.250125,263902346.35853562
Finland,FIN,1972,251609138.0,4.14633333257077,60682322.866695255
Finland,FIN,1973,294665247.2,3.82116666588548,77113947.90253597
Finland,FIN,1974,363790484.9,3.7737499992161,96400261.0071065
Finland,FIN,1975,484717604.1,3.67866666587732,131764481.02682345
Finland,FIN,1976,530969283.8,3.86441666588796,137399594.74012738
Finland,FIN,1977,590003246.0,4.02941666589741,146423985.13746098
Finland,FIN,1978,672078954.1,4.11733333256911,163231611.29163182
Finland,FIN,1979,766096005.0,3.8953333325564,196670204.98531565
Finland,FIN,1980,940675072.7,3.73008333254693,252186074.3678613
Finland,FIN,1981,1024264472.0,4.31524999924711,237359242.7272361
Finland,FIN,1982,1216335084.0,4.8204166659427,252329864.46870327
Finland,FIN,1983,1462225833.0,5.5700833326523,262514175.4035004
Finland,FIN,1984,1463066772.0,6.00999999977647,243438730.79108417
Finland,FIN,1985,1711143964.0,6.19789583316667,276084660.02981067
Finland,FIN,1986,1813065847.0,5.06952,357640535.395856
Finland,FIN,1987,2051051763.0,4.395565,466618458.15043116
Finland,FIN,1988,2163569486.0,4.18283333333333,517249747.6192377
Finland,FIN,1989,2376999965.0,4.29121583333333,553922258.2411089
Finland,FIN,1990,2776782666.0,3.823505,726240103.2560439
Finland,FIN,1991,3146123352.0,4.04397916666667,777977141.4087809
Finland,FIN,1992,3709048342.0,4.47944,828016078.3490793
Finland,FIN,1993,3387473027.0,5.71229166666667,593014717.1523393
Finland,FIN,1994,3722839752.0,5.2235125,712708115.8511634
Finland,FIN,1995,3069703112.0,4.36666666666667,702985445.4961827
Finland,FIN,1996,3172779032.0,4.59355,690703057.9834769
Finland,FIN,1997,3224381362.0,5.191435,621096356.2097955
Finland,FIN,1998,3228890976.0,5.34406583333333,604201197.4964758
Finland,FIN,1999,3363870179.0,0.938283072395283,3585133610.4919705
Finland,FIN,2000,3420922692.0,1.08270508132602,3159607127.5571165
Finland,FIN,2001,3818236660.0,1.11653308564462,3419725495.904652
Finland,FIN,2002,4072914360.0,1.05755899623965,3851240804.9877243
Finland,FIN,2003,4228477100.0,0.88404792718493,4783085814.662472
Finland,FIN,2004,4421329101.0,0.803921647747618,5499701511.195064
Finland,FIN,2005,4578419816.0,0.803800192161442,5695967555.92767
Finland,FIN,2006,4858555978.0,0.796432730949102,6100397170.028535
Finland,FIN,2007,5044065816.0,0.729672399984083,6912781429.18662
Finland,FIN,2008,5342317809.0,0.679922680042729,7857243133.387266
Finland,FIN,2009,5847973580.0,0.716957702016136,8156650752.973409
Finland,FIN,2010,5904113926.0,0.754308990105961,7827182233.597168
Finland,FIN,2011,5800101169.0,0.718413898653317,8073481289.647124
Finland,FIN,2012,5941242951.0,0.778338120416812,7633241640.301997
Finland,FIN,2013,6298578920.0,0.752945122701996,8365256285.075746
Finland,FIN,2014,6286264636.0,0.752728196932603,8351307499.3294735
Finland,FIN,2015,6713930245.0,0.901296423367096,7449192153.58456
Finland,FIN,2016,6890512906.0,0.903421436257263,7627130184.719041
Finland,FIN,2017,6853739928.0,0.885205508269372,7742540985.086568
Finland,FIN,2018,6979542782.0,0.846772667108111,8242522524.772156
Finland,FIN,2019,7322526638.0,0.893276257067409,8197381918.6010475
Finland,FIN,2020,7721109615.0,0.875506396987998,8819021359.0248
Finland,FIN,2021,8226181690.0,0.84549413889045,9729436682.784456
Finland,FIN,2022,8807764279.0,0.949623753156941,9275004178.991268
Finland,FIN,2023,9508957604.0,0.924839558470698,10281737536.966825
France,FRA,1972,4603960321.0,5.04454451564062,912661253.5037429
France,FRA,1973,5198511488.0,4.45277967399083,1167475570.005197
France,FRA,1974,5610123834.0,4.80961847285583,1166438432.832459
France,FRA,1975,6707756758.0,4.28779951537657,1564382087.815713
France,FRA,1976,7576716157.0,4.8028783632131,1577536548.7147622
France,FRA,1977,7790144781.0,4.90517332253217,1588148729.6719084
France,FRA,1978,8720083786.0,4.51309999933333,1932171630.871933
France,FRA,1979,10290308660.0,4.25441666608333,2418735508.920754
France,FRA,1980,17455412470.0,4.22557499908333,4130896380.6787643
France,FRA,1981,20717821440.0,5.43460833258333,3812201390.077328
France,FRA,1982,24117434530.0,6.57209999908333,3669669441.0255284
France,FRA,1983,26983476050.0,7.62129166575,3540538432.7781916
France,FRA,1984,29331190920.0,8.73909999958333,3356317117.4833198
France,FRA,1985,31755130290.0,8.98522499975,3534149705.865299
France,FRA,1986,30596517760.0,6.92609166666667,4417573320.21065
France,FRA,1987,32852763210.0,6.01070833333333,5465705768.454913
France,FRA,1988,35977968070.0,5.95694166666667,6039671039.809295
France,FRA,1989,36054192580.0,6.38014166666667,5651001884.23193
France,FRA,1990,37609172550.0,5.445275,6906753570.756298
France,FRA,1991,39575764870.0,5.64211666666667,7014347133.906597
France,FRA,1992,42091173660.0,5.29381583333333,7951008305.760548
France,FRA,1993,45612745960.0,5.66323,8054192741.597992
France,FRA,1994,44515113030.0,5.552045,8017786784.869359
France,FRA,1995,41201656440.0,4.9914825,8254392645.872243
France,FRA,1996,43584568380.0,5.1155225,8520061905.6997595
France,FRA,1997,45006069140.0,5.83669166666667,7710886870.558802
France,FRA,1998,39870321280.0,5.89951566666667,6758236359.176826
France,FRA,1999,41008117050.0,0.938283072395283,43705485323.64864
France,FRA,2000,42447074630.0,1.08270508132602,39204650797.43955
France,FRA,2001,43319728700.0,1.11653308564462,38798428149.56957
France,FRA,2002,46009479740.0,1.05755899623965,43505355165.61758
France,FRA,2003,45976358840.0,0.88404792718493,52006636095.40076
France,FRA,2004,48093380790.0,0.803921647747618,59823467777.91754
France,FRA,2005,50319604520.0,0.803800192161442,62602130493.013596
France,FRA,2006,50758437700.0,0.796432730949102,63732234660.31036
France,FRA,2007,52411090800.0,0.729672399984083,71828248952.74002
France,FRA,2008,53585481550.0,0.679922680042729,78811140035.26471
France,FRA,2009,56804487790.0,0.716957702016136,79229901053.10501
France,FRA,2010,56613108100.0,0.754308990105961,75052940959.9736
France,FRA,2011,57828610180.0,0.718413898653317,80494837709.0157
France,FRA,2012,59496949390.0,0.778338120416812,76441006587.39221
France,FRA,2013,60501526620.0,0.752945122701996,80353168904.11092
France,FRA,2014,59725512480.0,0.752728196932603,79345390173.21765
France,FRA,2015,61745480920.0,0.901296423367096,68507407018.57995
France,FRA,2016,62070954710.0,0.903421436257263,68706532985.48071
France,FRA,2017,65431807870.0,0.885205508269372,73917081693.17989
France,FRA,2018,66775675550.0,0.846772667108111,78859035185.9745
France,FRA,2019,69652127510.0,0.893276257067409,77973781301.05597
France,FRA,2020,71583148240.0,0.875506396987998,81761993386.07608
France,FRA,2021,77962113170.0,0.84549413889045,92208933904.98297
France,FRA,2022,82724087370.0,0.949623753156941,87112487545.71588
France,FRA,2023,90051768400.0,0.924839558470698,97370152017.40329
Gabon,GAB,2012,327878613500.0,510.556338454251,642198693.4736292
Gabon,GAB,2013,238833203200.0,493.899623852237,483566278.7859365
Gabon,GAB,2014,264999900000.0,493.757329875312,536700690.735913
Gabon,GAB,2015,241229392000.0,591.21169798261,408025404.13720906
Gabon,GAB,2016,251736374300.0,592.605615063022,424795796.56569487
Gabon,GAB,2017,167447655400.0,580.656749587858,288376317.88290066
Gabon,GAB,2018,139613714300.0,555.446458398226,251354045.36129797
Gabon,GAB,2019,155952738000.0,585.911013180369,266171371.57650754
Gabon,GAB,2020,202282284000.0,575.586004510945,351437113.5063857
Gabon,GAB,2021,232201186900.0,554.530675033104,418734611.72574127
"Gambia, The",GMB,1990,121410000.0,7.87899218084407,15409331.195324712
Georgia,GEO,1995,123900000.0,,
Georgia,GEO,1996,274800000.0,1.2628,217611656.6360469
Georgia,GEO,1997,373300000.0,1.2975,287707129.0944123
Georgia,GEO,1998,253500000.0,1.38981666666667,182398158.03043523
Georgia,GEO,1999,288400000.0,2.02451666666667,142453754.39405265
Georgia,GEO,2000,116000000.0,1.97616666666667,58699502.40364332
Georgia,GEO,2001,162000000.0,2.07301666666667,78146983.86409488
Georgia,GEO,2002,183100000.0,2.195675,83391212.26957542
Georgia,GEO,2003,169300000.0,2.14565,78903828.6766248
Georgia,GEO,2004,319200000.0,1.91665,166540578.6137271
Georgia,GEO,2005,420200000.0,1.812675,231812100.9006027
Georgia,GEO,2006,678500000.0,1.78043333333333,381087001.29182106
Georgia,GEO,2007,1483800000.0,1.67049166666667,888241485.7901099
Georgia,GEO,2008,1508700000.0,1.49079166666667,1012012633.1088046
Georgia,GEO,2009,1055200000.0,1.67048709677419,631672044.6614966
Georgia,GEO,2010,881600000.0,1.78234166666667,494630191.5551162
Georgia,GEO,2011,989000000.0,1.68649543010753,586423172.185496
Georgia,GEO,2012,1061000000.0,1.65125833333333,642540284.9342182
Georgia,GEO,2013,946400000.0,1.66335,568972254.7870262
Georgia,GEO,2014,1129200000.0,1.76566666666667,639531810.458749
Georgia,GEO,2015,1355300000.0,2.26934166666667,597221661.2013019
Georgia,GEO,2016,1463700000.0,2.366725,618449545.2576872
Georgia,GEO,2017,1623900000.0,2.50954166666667,647090272.1280438
Georgia,GEO,2018,1640700000.0,2.53411083333333,647446030.5439161
Georgia,GEO,2019,1718700000.0,2.818145,609869257.969338
Georgia,GEO,2020,1924200000.0,3.10901666666667,618909515.8705051
Georgia,GEO,2021,2289600000.0,3.22155833333333,710711948.410061
Georgia,GEO,2022,2473600000.0,2.9162,848227144.9146149
Georgia,GEO,2023,2854200000.0,2.62795833333333,1086090279.2091467
Georgia,GEO,2024,3180400000.0,2.72061666666667,1168999675.318707
Germany,DEU,1972,25569706980.0,3.18864166566667,8018996695.464047
Germany,DEU,1973,29925913810.0,2.67259999908333,11197303681.906845
Germany,DEU,1974,35360946500.0,2.587749999,13664746020.15834
Germany,DEU,1975,40668156230.0,2.46029166608333,16529810993.808638
Germany,DEU,1976,43720568760.0,2.51799999908333,17363212381.221737
Germany,DEU,1977,45392493210.0,2.32218333241667,19547334000.86915
Germany,DEU,1978,49032891410.0,2.00862499916667,24411172533.620045
Germany,DEU,1979,52928935540.0,1.8328833325,28877416582.650932
Germany,DEU,1980,57407852420.0,1.81766666583333,31583267437.916466
Germany,DEU,1981,61856091790.0,2.25999999908333,27369952130.57045
Germany,DEU,1982,63533129160.0,2.42659166575,26182043751.62702
Germany,DEU,1983,65752135920.0,2.55325833241667,25752245703.146423
Germany,DEU,1984,70328198260.0,2.84594166616667,24711749750.910492
Germany,DEU,1985,73431739980.0,2.9439666665,24943128879.68292
Germany,DEU,1986,76755137210.0,2.17148333308333,35346869138.071594
Germany,DEU,1987,79546790880.0,1.79739166666667,44256792971.29629
Germany,DEU,1988,84542112560.0,1.756225,48138542931.57198
Germany,DEU,1989,83187189070.0,1.88004166666667,44247524161.25521
Germany,DEU,1990,89266449540.0,1.61573333333333,55248256440.83194
Germany,DEU,1991,19073000000.0,1.65954166666667,11492932285.520576
Germany,DEU,1992,21503000000.0,1.56165,13769410559.344284
Germany,DEU,1993,21064000000.0,1.65332083333333,12740418904.376823
Germany,DEU,1994,19868000000.0,1.62279416666667,12243080735.747421
Germany,DEU,1995,19872547820.0,1.4331325,13866511170.460512
Germany,DEU,1996,19991721770.0,1.50477416666667,13285529624.877235
Germany,DEU,1997,18944397400.0,1.73405583333333,10924906243.407215
Germany,DEU,1998,19207884610.0,1.7596676,10915632367.158434
Germany,DEU,1999,25931250340.0,0.938283072395283,27636915876.3589
Germany,DEU,2000,26550445230.0,1.08270508132602,24522324396.485615
Germany,DEU,2001,26162358110.0,1.11653308564462,23431780433.8914
Germany,DEU,2002,27626612640.0,1.05755899623965,26122999036.679386
Germany,DEU,2003,28144300770.0,0.88404792718493,31835718295.974945
Germany,DEU,2004,27515047060.0,0.803921647747618,34226030779.355297
Germany,DEU,2005,29793622820.0,0.803800192161442,37065956329.12712
Germany,DEU,2006,30013223930.0,0.796432730949102,37684568656.83244
Germany,DEU,2007,31124076160.0,0.729672399984083,42654862868.15691
Germany,DEU,2008,33344726980.0,0.679922680042729,49041939559.81066
Germany,DEU,2009,35676630060.0,0.716957702016136,49761136479.42519
Germany,DEU,2010,37136574100.0,0.754308990105961,49232575227.272934
Germany,DEU,2011,39358596550.0,0.718413898653317,54785405215.264595
Germany,DEU,2012,41535666510.0,0.778338120416812,53364553810.82583
Germany,DEU,2013,43055956870.0,0.752945122701996,57183393014.74017
Germany,DEU,2014,42786240970.0,0.752728196932603,56841554686.47995
Germany,DEU,2015,43144855170.0,0.901296423367096,47869772975.26365
Germany,DEU,2016,46819082860.0,0.903421436257263,51824188558.07131
Germany,DEU,2017,51482205600.0,0.885205508269372,58158478589.50933
Germany,DEU,2018,53020001300.0,0.846772667108111,62614209645.043625
Germany,DEU,2019,57658901740.0,0.893276257067409,64547670761.21772
Germany,DEU,2020,65951096230.0,0.875506396987998,75329085494.85344
Germany,DEU,2021,74493082370.0,0.84549413889045,88105971340.92258
Germany,DEU,2022,76920184660.0,0.949623753156941,81000695701.09802
Germany,DEU,2023,78708202800.0,0.924839558470698,85104710410.69092
Ghana,GHA,1990,4498000.0,0.032615621953405,137909373.8094551
Ghana,GHA,1991,6053800.0,0.0367633074820789,164669623.45406654
Ghana,GHA,1992,6920800.0,0.0436851673835125,158424481.68373102
Ghana,GHA,1993,14120200.0,0.0648711875896057,217665199.6773754
Ghana,GHA,2003,206113651.0,0.866764326525345,237796647.47655377
Ghana,GHA,2004,246278284.0,0.899494854007063,273796212.2883542
Ghana,GHA,2005,402314530.0,0.905209485833333,444443563.94435096
Ghana,GHA,2006,457183424.0,0.915106799166667,499595702.28997266
Ghana,GHA,2007,615831711.0,0.932619195,660324936.8033863
Ghana,GHA,2008,743845940.0,1.052275,706893103.0386543
Ghana,GHA,2009,1087495098.0,1.40496666666667,774036227.1940004
Ghana,GHA,2010,1371686689.0,1.42998333333333,959232640.7067703
Ghana,GHA,2011,2001901052.0,1.520625,1316498842.2523634
Ghana,GHA,2012,1321832677.0,1.82486666666667,724344797.9761065
Ghana,GHA,2013,1449109496.0,1.98135,731374818.1795241
Ghana,GHA,2014,1776632829.0,2.896575,613356405.0646021
Ghana,GHA,2015,1388219696.0,3.71464166666667,373715642.1996735
Ghana,GHA,2016,3220757139.0,3.90981666666667,823761678.2543079
Ghana,GHA,2017,2482109266.0,4.35053333333333,570529881.2406145
Ghana,GHA,2018,5127862371.0,4.585325,1118320374.455464
Ghana,GHA,2019,6169604335.0,5.21736666666667,1182513081.6312182
Ghana,GHA,2020,7425672577.0,5.59570833333333,1327029954.861241
Ghana,GHA,2021,7160829778.0,5.8057,1233413675.8702655
Ghana,GHA,2022,7926229996.0,8.2724,958153618.7805233
Greece,GRC,1972,49126925.9,30.000300003,1637547.8210247017
Greece,GRC,1973,87688921.5,29.625225002,2959941.1141714575
Greece,GRC,1974,110110051.4,30.000300003,3670298.343316204
Greece,GRC,1975,125311812.2,32.051325,3909723.301610776
Greece,GRC,1976,193631694.8,36.5175833323333,5302423.576002499
Greece,GRC,1977,222626559.1,36.8384166656667,6043325.942058941
Greece,GRC,1980,279442406.5,42.6165833323333,6557128.344167056
Greece,GRC,1981,352105649.3,55.4084166656667,6354732.195734785
Greece,GRC,1982,461834189.3,66.80316666575,6913357.739623181
Greece,GRC,1983,617989728.5,88.0642499995,7017486.988233122
Greece,GRC,1984,858371239.9,112.716583333,7615305.703191013
Greece,GRC,1985,986969919.3,138.119083333,7145789.67281771
Greece,GRC,1986,1261540719.0,139.981166666583,9012217.49354916
Greece,GRC,1987,1501922230.0,135.4295,11090067.009034222
Greece,GRC,1988,1853030081.0,141.8605,13062339.981883612
Greece,GRC,1989,2208539985.0,162.416583333333,13597995.596714035
Greece,GRC,1990,2193484960.0,158.513916666667,13837806.838200822
Greece,GRC,1995,14699345580.0,231.662735833333,63451489.196671106
Greece,GRC,1996,15971612360.0,240.7115425,66351668.03436524
Greece,GRC,1997,4712634136.0,273.057853333333,17258738.68292333
Greece,GRC,1998,5253818815.0,295.529105,17777669.698556423
Greece,GRC,1999,6023678190.0,305.646604166667,19707983.36341185
Greece,GRC,2000,6160621340.0,365.398560833333,16860004.39068507
Greece,GRC,2001,7667734408.0,1.11653308564462,6867449345.285728
Greece,GRC,2002,7657234001.0,1.05755899623965,7240479281.275783
Greece,GRC,2003,8641366675.0,0.88404792718493,9774771716.864567
Greece,GRC,2004,10219818910.0,0.803921647747618,12712456417.40499
Greece,GRC,2005,9393203259.0,0.803800192161442,11685992800.948957
Greece,GRC,2006,11130762980.0,0.796432730949102,13975772902.672604
Greece,GRC,2007,12936375190.0,0.729672399984083,17729018104.94983
Greece,GRC,2008,12112521020.0,0.679922680042729,17814556530.514324
Greece,GRC,2009,12565113920.0,0.716957702016136,17525600024.472862
Greece,GRC,2010,10744149300.0,0.754308990105961,14243697796.165367
Greece,GRC,2011,7980240809.0,0.718413898653317,11108138113.640537
Greece,GRC,2012,7577579129.0,0.778338120416812,9735587825.17563
Greece,GRC,2013,6400894828.0,0.752945122701996,8501143888.18928
Greece,GRC,2014,6679303651.0,0.752728196932603,8873460139.022858
Greece,GRC,2015,6670498241.0,0.901296423367096,7401003785.280884
Greece,GRC,2016,6987334623.0,0.903421436257263,7734302444.656903
Greece,GRC,2017,6937418995.0,0.885205508269372,7837071651.941091
Greece,GRC,2018,6046834959.0,0.846772667108111,7141037014.870929
Greece,GRC,2019,6265971814.0,0.893276257067409,7014595724.922703
Greece,GRC,2020,6544690780.0,0.875506396987998,7475320343.193013
Greece,GRC,2021,7560925201.0,0.84549413889045,8942611016.703527
Greece,GRC,2022,8266418376.0,0.949623753156941,8704940613.078617
Greece,GRC,2023,8571968055.0,0.924839558470698,9268600133.383663
Guatemala,GTM,1990,808320000.0,4.48575833333333,180196956.6647038
Guatemala,GTM,1991,725280000.0,5.02888,144222968.1360462
Guatemala,GTM,1992,912300000.0,5.17063,176438847.87733796
Guatemala,GTM,1993,885750000.0,5.6353625,157177111.49903843
Guatemala,GTM,1994,813840000.0,5.75120083333333,141507838.72527498
Guatemala,GTM,1995,942552000.0,5.8103425,162219697.03162938
Guatemala,GTM,2000,2409630000.0,7.76315916666667,310392966.0938077
Guatemala,GTM,2001,3100170000.0,7.8585925,394494306.709503
Guatemala,GTM,2002,3013920000.0,7.821645,385330707.2872778
Guatemala,GTM,2003,3405660000.0,7.94084666666667,428878700.5919602
Guatemala,GTM,2004,2883960000.0,7.94649583333333,362922231.4447827
Guatemala,GTM,2005,3171340000.0,7.63394416666667,415426145.4842094
Guatemala,GTM,2006,2876600000.0,7.60263083333333,378369022.91608065
Guatemala,GTM,2007,3447100000.0,7.67330416666667,449232810.9413968
Guatemala,GTM,2008,5255500000.0,7.56002833333333,695169352.319447
Guatemala,GTM,2009,5707984548.0,8.16155541666667,699374599.1534597
Guatemala,GTM,2010,6241539602.0,8.05777083333333,774598797.9926212
Guatemala,GTM,2011,7160881288.0,7.78541833333334,919781183.413179
Guatemala,GTM,2012,8716481610.0,7.83360541666667,1112703684.4943626
Guatemala,GTM,2013,8595830271.0,7.85681375,1094060587.983265
Guatemala,GTM,2014,9356177824.0,7.73223333333333,1210022695.9869297
Guatemala,GTM,2015,7980330872.0,7.654815,1042524329.0660845
Guatemala,GTM,2016,7317658321.0,7.59993708333333,962857750.1052781
Guatemala,GTM,2017,7094831867.0,7.34793875,965554029.2847433
Guatemala,GTM,2018,8284297048.0,7.51916458333333,1101757642.911904
Guatemala,GTM,2019,8392212667.0,7.69669833333333,1090365284.378432
Guatemala,GTM,2020,9121493544.0,7.72165,1181288137.1209521
Guatemala,GTM,2021,13254237290.0,7.73438833333333,1713676210.5514493
Guatemala,GTM,2022,16657026840.0,7.74824375,2149780953.9097166
Guatemala,GTM,2023,15464034790.0,7.83197416666667,1974474693.215386
Guinea,GIN,1989,62088000000.0,591.645833333333,104941159.89999653
Guinea,GIN,1990,81312000000.0,660.166666666667,123168896.7432466
Guinea,GIN,1991,95473000000.0,753.858083333333,126645852.99377199
Guinea,GIN,1992,86040000000.0,902.001333333333,95387885.60549064
Guinea-Bissau,GNB,2017,47777461190.0,580.656749587858,82281763.23432349
Guinea-Bissau,GNB,2018,30486386950.0,555.446458398226,54886274.79580194
Guinea-Bissau,GNB,2019,27515653000.0,585.911013180369,46962170.67271525
Guinea-Bissau,GNB,2020,50754196450.0,575.586004510945,88178301.85625176
Guinea-Bissau,GNB,2021,41844277710.0,554.530675033104,75458905.33017313
Guinea-Bissau,GNB,2022,45585899740.0,623.759700911182,73082470.1778723
Guinea-Bissau,GNB,2023,63433518380.0,606.569750165917,104577451.0889289
Honduras,HND,1972,75400000.0,2.00000921148374,37699826.36433122
Honduras,HND,1973,77900000.0,2.00000076831444,38949985.03708203
Honduras,HND,1974,82400000.0,2.00000000041448,41199999.99146171
Honduras,HND,1975,104500000.0,2.0,52250000.0
Honduras,HND,1976,127800000.0,2.0,63900000.0
Honduras,HND,2003,4012500000.0,17.3524916666667,231234803.455219
Honduras,HND,2004,4132500000.0,18.209725,226939176.73111483
Honduras,HND,2005,5772100000.0,18.8323416666667,306499324.52195436
Honduras,HND,2006,7043780000.0,18.8952083333333,372781282.7326158
Honduras,HND,2007,8739080000.0,18.8951,462505093.9132368
Honduras,HND,2008,9081200000.0,18.9037583333333,480391244.95085055
Honduras,HND,2009,10881350000.0,18.8951,575882107.001286
Honduras,HND,2010,9529600000.0,18.8951,504342395.64754885
Honduras,HND,2011,10608625590.0,18.9171416666667,560794319.6139998
Honduras,HND,2012,13061930000.0,19.5022495121615,669765300.2467561
Honduras,HND,2013,14951771850.0,20.3537791666667,734594383.0660428
Honduras,HND,2014,14257856020.0,20.9871583333333,679360959.3803205
Honduras,HND,2015,18001626860.0,21.945175,820299991.2281401
Honduras,HND,2020,22490022420.0,24.5818805172846,914902438.1672622
Hungary,HUN,1981,56000000000.0,34.3142916656667,1631973072.4918625
Hungary,HUN,1982,59100000000.0,36.630549999,1613407388.139501
Hungary,HUN,1983,53400000000.0,42.671149999,1251431002.0060728
Hungary,HUN,1984,58000000000.0,48.0422083329167,1207271730.6847987
Hungary,HUN,1985,60300000000.0,50.1194,1203126932.8842723
Hungary,HUN,1986,58100000000.0,45.83215,1267669092.5474803
Hungary,HUN,1987,78600000000.0,46.9705416666667,1673389260.822163
Hungary,HUN,1988,107700000000.0,50.4132083333334,2136344889.773428
Hungary,HUN,1989,121000000000.0,59.0663416666667,2048544002.9932432
Hungary,HUN,1990,219200000000.0,63.2058666666667,3468032503.311927
Hungary,HUN,1991,116200000000.0,74.7353833333333,1554819080.5649183
Hungary,HUN,1992,161500000000.0,78.9883916666667,2044604233.5123708
Hungary,HUN,1993,233800000000.0,91.9331833333333,2543151357.5711064
Hungary,HUN,1994,252900000000.0,105.160458333333,2404896327.081123
Hungary,HUN,1995,231236696500.0,125.681425,1839863738.814228
Hungary,HUN,1996,238696670700.0,152.646666666667,1563720164.4320183
Hungary,HUN,1997,297309348400.0,186.789166666667,1591684109.4460304
Hungary,HUN,1998,324967140100.0,214.401666666667,1515693162.0556407
Hungary,HUN,1999,390263828900.0,237.145833333333,1645670191.267682
Hungary,HUN,2000,452279046900.0,282.179166666667,1602808074.8933134
Hungary,HUN,2001,511201208700.0,286.49,1784359693.8811128
Hungary,HUN,2002,570785810700.0,257.886666666667,2213320363.079386
Hungary,HUN,2003,644624648100.0,224.306666666667,2873854164.388036
Hungary,HUN,2004,661806871400.0,202.745833333333,3264219345.568143
Hungary,HUN,2005,700861921600.0,199.5825,3511640156.827377
Hungary,HUN,2006,797136036300.0,210.39,3788849452.445459
Hungary,HUN,2007,887497337000.0,183.625833333333,4833183440.964652
Hungary,HUN,2008,1116387375000.0,172.113333333333,6486350321.493602
Hungary,HUN,2009,1156683831000.0,202.341666666667,5716488600.963707
Hungary,HUN,2010,1172013194000.0,207.944166666667,5636191737.36539
Hungary,HUN,2011,1168469866000.0,201.055,5811692651.264579
Hungary,HUN,2012,1422372570000.0,225.104166666667,6318730528.459038
Hungary,HUN,2013,1590818015000.0,223.695,7111549274.682045
Hungary,HUN,2014,1792381555000.0,232.601666666667,7705798417.896106
Hungary,HUN,2015,1982244080000.0,279.3325,7096360359.070284
Hungary,HUN,2016,1989478045000.0,281.523333333333,7066831801.982081
Hungary,HUN,2017,2366713483000.0,274.433333333333,8624001517.06548
Hungary,HUN,2018,2561494150000.0,270.211666666667,9479583844.763662
Hungary,HUN,2019,2994940076000.0,290.66,10303929250.670887
Hungary,HUN,2020,3224182496000.0,307.996666666667,10468238279.63505
Hungary,HUN,2021,3652458988000.0,303.140833333333,12048719889.820202
Hungary,HUN,2022,4293557058000.0,372.595833333333,11523363048.880053
Iceland,ISL,1972,19600000.0,0.882603545953389,22207026.121595815
Iceland,ISL,1973,26500000.0,0.901341666520921,29400615.753498964
Iceland,ISL,1974,41700000.0,0.999516666500499,41720164.75322994
Iceland,ISL,1975,61200000.0,1.53694999974941,39819122.29413987
Iceland,ISL,1976,90300000.0,1.82171666637135,49568630.32925269
Iceland,ISL,1977,115800000.0,1.98869999967762,58228993.824494325
Iceland,ISL,1978,183100000.0,2.71110833289748,67536954.45445849
Iceland,ISL,1979,273600000.0,3.52599999943281,77595008.5207065
Iceland,ISL,1980,463600000.0,4.7976416658989,96630809.94464779
Iceland,ISL,1981,733600000.0,7.22418333233333,101547810.49321121
Iceland,ISL,1987,14101300000.0,38.6771833333333,364589631.009842
Iceland,ISL,1988,17864400000.0,43.0139833333333,415316104.56909585
Iceland,ISL,1989,21336800000.0,57.0417916666666,374055571.82855016
Iceland,ISL,1990,24916600000.0,58.283775,427504910.2430308
Iceland,ISL,1991,27203200000.0,58.9963416666667,461099777.23194957
Iceland,ISL,1992,27735900000.0,57.5459333333333,481978454.3130186
Iceland,ISL,1993,28525100000.0,67.6031816666666,421949075.4244337
Iceland,ISL,1994,30347700000.0,69.9443783333333,433883333.0589091
Iceland,ISL,1995,31679200000.0,64.6916666666666,489695220.919748
Iceland,ISL,1996,33324700000.0,66.5,501123308.2706767
Iceland,ISL,1997,33722700000.0,70.9042908333333,475608734.0224322
Iceland,ISL,1998,36702700000.0,70.9583333333334,517242982.97122675
Iceland,ISL,1999,44153700000.0,72.3352933333333,610403275.7084742
Iceland,ISL,2000,50489300000.0,78.6159466666667,642227208.864834
Iceland,ISL,2001,56610683060.0,97.4246033333333,581071732.6331773
Iceland,ISL,2002,62444481040.0,91.6616666666667,681249679.5097911
Iceland,ISL,2003,65111966380.0,76.7089825,848818016.5862583
Iceland,ISL,2004,71425551280.0,70.1916666666667,1017578790.6446629
Iceland,ISL,2005,80874140350.0,62.9816666666667,1284090190.5316355
Iceland,ISL,2006,92475935900.0,70.18,1317696436.30664
Iceland,ISL,2007,102488492800.0,64.055,1600007693.388494
Iceland,ISL,2008,121503328100.0,87.9479166666667,1381537308.7291243
Iceland,ISL,2009,127907524000.0,123.638381413044,1034529266.2210927
Iceland,ISL,2010,129890110100.0,122.241811205165,1062566963.1317753
Iceland,ISL,2011,136306399800.0,115.954039762284,1175520922.5951948
Iceland,ISL,2012,140600731600.0,125.082787013769,1124061391.3129613
Iceland,ISL,2013,140277804700.0,122.179121320458,1148132374.6965883
Iceland,ISL,2014,142921558600.0,116.767352506899,1223985604.979403
Iceland,ISL,2015,150833412700.0,131.918708431432,1143381514.9759398
Iceland,ISL,2016,159325224700.0,120.811548065239,1318791351.0880878
Iceland,ISL,2017,170242023100.0,106.839572014,1593436026.4724002
Iceland,ISL,2018,184690428500.0,108.300176306626,1705356674.3704398
Iceland,ISL,2019,199000834900.0,122.606773601907,1623081898.7712502
Iceland,ISL,2020,209326021800.0,135.421711629205,1545734574.4761422
Iceland,ISL,2021,241640894600.0,126.988860204557,1902851117.8914316
Iceland,ISL,2022,265041770500.0,135.27990200138,1959210249.1122167
Iceland,ISL,2023,300984858000.0,137.942952429967,2181951688.70848
India,IND,1974,12470000000.0,8.1016032272183,1539201519.7813628
India,IND,1975,15930000000.0,8.37589194565386,1901886999.4216993
India,IND,1976,17710000000.0,8.96041272812392,1976471456.9914703
India,IND,1977,17760000000.0,8.73857617131458,2032367705.1988537
India,IND,1978,19540000000.0,8.19284034840393,2385009248.203725
India,IND,1979,23350000000.0,8.12579094635689,2873566420.0749245
India,IND,1980,27160000000.0,7.86294470113798,3454176651.664511
India,IND,1981,33060000000.0,8.65852281709317,3818203254.5707226
India,IND,1982,38340000000.0,9.45513193348639,4054940773.93195
India,IND,1983,43780000000.0,10.0988982440461,4335126361.512842
India,IND,1984,49460000000.0,11.3625833326667,4352883367.447407
India,IND,1985,61160000000.0,12.3687499995833,4944719555.497561
India,IND,1986,82280000000.0,12.61083333325,6524548998.919743
India,IND,1987,90550000000.0,12.9615,6986074142.653243
India,IND,1988,103350000000.0,13.9170833333333,7426124966.318391
India,IND,1989,117020000000.0,16.2255,7212104403.562294
India,IND,1990,123890000000.0,17.5035,7078012968.834805
India,IND,1991,133970000000.0,22.7424333333333,5890750476.715342
India,IND,1992,142410000000.0,25.9180833333333,5494619265.184869
India,IND,1993,184570000000.0,30.4932916666667,6052806696.554837
India,IND,1994,203810000000.0,31.3737425,6496196620.470127
India,IND,1995,248450000000.0,32.4270766666667,7661806907.663475
India,IND,1996,246890000000.0,35.4331733333333,6967764294.702372
India,IND,1997,265440000000.0,36.3132858333333,7309721329.495962
India,IND,1998,305290000000.0,41.259365,7399289833.956485
India,IND,1999,366730000000.0,43.0554283333334,8517625168.208548
India,IND,2000,381130000000.0,44.941605,8480560496.226158
India,IND,2001,440950000000.0,47.1864141666667,9344850796.30176
India,IND,2002,465080000000.0,48.6103191666667,9567515868.501371
India,IND,2003,480120000000.0,46.5832841666667,10306701397.055134
India,IND,2004,628880000000.0,45.3164666666666,13877516193.524965
India,IND,2005,698320000000.0,44.099975,15834929611.638102
India,IND,2006,722660000000.0,45.3070083333333,15950291722.711784
India,IND,2007,785590000000.0,41.3485333333333,18999222866.42978
India,IND,2008,927530000000.0,43.5051833333333,21319988307.906624
India,IND,2009,965370000000.0,48.4052666666666,19943490997.53611
India,IND,2010,1183500000000.0,45.7258121212121,25882536473.332027
India,IND,2011,1183500000000.0,46.6704666666667,25358649367.122944
India,IND,2012,1514420000000.0,53.4372333333333,28340164816.417034
India,IND,2013,1633920000000.0,58.5978454166667,27883619071.346813
India,IND,2014,1568600323000.0,61.0295144607843,25702323488.218716
India,IND,2015,1858110000000.0,64.1519444632786,28964203899.752506
India,IND,2016,1821920000000.0,67.1953128073894,27113795946.19054
India,IND,2017,1916790000000.0,65.1215686450659,29434026849.800556
India,IND,2018,1979530000000.0,68.3894670935422,28944954305.49891
India,IND,2022,2328890700000.0,78.6044905829916,29627959964.210037
Indonesia,IDN,1972,0.138,415.0,0.00033253012048192775
Indonesia,IDN,1973,0.176,415.0,0.00042409638554216867
Indonesia,IDN,1974,0.345,415.0,0.0008313253012048192
Indonesia,IDN,1975,609000000000.0,414.999999999,1467469879.5216084
Indonesia,IDN,1976,679000000000.0,414.999999999,1636144578.3171954
Indonesia,IDN,1977,594000000000.0,414.999999999,1431325301.2082682
Indonesia,IDN,1978,642000000000.0,442.045416665917,1452339456.0726821
Indonesia,IDN,1979,894000000000.0,623.055499999083,1434864149.3435428
Indonesia,IDN,1980,1144000000000.0,626.993999998583,1824578863.5977144
Indonesia,IDN,1981,1417000000000.0,631.756666664167,2242952191.5172086
Indonesia,IDN,1982,1586000000000.0,661.42074999925,2397868527.713711
Indonesia,IDN,1983,1664000000000.0,909.264833332,1830049880.9596252
Indonesia,IDN,1984,1861000000000.0,1025.9448333315,1813937688.985544
Indonesia,IDN,1985,2069000000000.0,1110.57999999967,1862990509.4640772
Indonesia,IDN,1986,2062000000000.0,1282.55999999975,1607722055.888537
Indonesia,IDN,1987,2079000000000.0,1643.84833333333,1264715216.0225675
Indonesia,IDN,1988,2337000000000.0,1685.70416666667,1386364254.305196
Indonesia,IDN,1989,2663000000000.0,1770.05916666667,1504469483.3647246
Indonesia,IDN,1990,2852000000000.0,1842.81333333333,1547633690.5166764
Indonesia,IDN,1991,3688000000000.0,1950.3175,1890974161.8992803
Indonesia,IDN,1992,4231400000000.0,2029.92083333333,2084514790.1909182
Indonesia,IDN,1993,4445400000000.0,2087.10386666667,2129937120.5227957
Indonesia,IDN,1994,7741000000000.0,2160.753675,3582546261.317825
Indonesia,IDN,1995,9401000000000.0,2248.607975,4180808795.7172704
Indonesia,IDN,1996,10709000000000.0,2342.29629166667,4572009116.908078
Indonesia,IDN,1997,15357400000000.0,2909.38,5278581690.944462
Indonesia,IDN,1998,18675000000000.0,10013.6225,1864959458.9770086
Indonesia,IDN,1999,20452500000000.0,7855.15,2603705849.028981
Indonesia,IDN,2002,26129200000000.0,9311.19166666667,2806214385.3767366
Indonesia,IDN,2003,30033200000000.0,8577.13333333334,3501542862.0284915
Indonesia,IDN,2004,29579600000000.0,8938.85,3309105757.452021
Indonesia,IDN,2008,55887800000000.0,9698.9625,5762245188.596203
Indonesia,IDN,2009,80664400000000.0,10389.9375,7763704064.62984
"Iran, Islamic Rep.",IRN,1972,0.061,75.7499701345202,0.0008052808455458591
"Iran, Islamic Rep.",IRN,1973,0.0875,68.8860419482585,0.0012702137838856058
"Iran, Islamic Rep.",IRN,1974,0.3478,67.641342246617,0.005141825819066959
"Iran, Islamic Rep.",IRN,1975,0.4608,67.6549455324406,0.006811032015080789
"Iran, Islamic Rep.",IRN,1976,520100000000.0,70.2390698610516,7404710811.644754
"Iran, Islamic Rep.",IRN,1977,508100000000.0,70.6337318788855,7193446905.385528
"Iran, Islamic Rep.",IRN,1978,0.4842,70.4920309761581,0.006868861533635862
"Iran, Islamic Rep.",IRN,1979,0.1622,70.4920309761581,0.0023009693117631903
"Iran, Islamic Rep.",IRN,1980,0.2736,70.631848089676,0.0038736067000913026
"Iran, Islamic Rep.",IRN,1981,0.4096,78.3468453777361,0.00522803436469181
"Iran, Islamic Rep.",IRN,1982,0.4837,83.6226700245569,0.005784316619619478
"Iran, Islamic Rep.",IRN,1983,547200000000.0,86.3787358940775,6334892428.513977
"Iran, Islamic Rep.",IRN,1984,539400000000.0,90.0514398915356,5989909774.343331
"Iran, Islamic Rep.",IRN,1985,553600000000.0,91.0735868439752,6078601043.224667
"Iran, Islamic Rep.",IRN,1986,0.4365,78.7787830685101,0.005540831972745721
"Iran, Islamic Rep.",IRN,1987,516700000000.0,71.4774357190432,7228854739.990896
"Iran, Islamic Rep.",IRN,1988,698700000000.0,68.6997646296701,10170340521.053911
"Iran, Islamic Rep.",IRN,1989,661100000000.0,72.0322364263672,9177835269.293488
"Iran, Islamic Rep.",IRN,1990,923300000000.0,68.1123727149296,13555540105.235846
"Iran, Islamic Rep.",IRN,1991,1283000000000.0,67.5217300147946,19001290395.238445
"Iran, Islamic Rep.",IRN,1992,1491000000000.0,65.5678412857706,22739806142.185345
"Iran, Islamic Rep.",IRN,1993,2369000000000.0,1268.07876133881,1868180488.646353
"Iran, Islamic Rep.",IRN,1994,4247000000000.0,1749.17373625079,2428003526.455351
"Iran, Islamic Rep.",IRN,1995,6080000000000.0,1748.35024562759,3477564072.304926
"Iran, Islamic Rep.",IRN,1996,6748000000000.0,1751.18635583594,3853387720.565467
"Iran, Islamic Rep.",IRN,1997,7967000000000.0,1753.34547748286,4543884877.404534
"Iran, Islamic Rep.",IRN,1998,11520000000000.0,1752.28599459359,6574269289.113304
"Iran, Islamic Rep.",IRN,1999,12118700000000.0,1753.35494977139,6911720870.654335
"Iran, Islamic Rep.",IRN,2000,17560100000000.0,1764.85606929191,9949876539.816309
"Iran, Islamic Rep.",IRN,2001,18394200000000.0,1753.98568465785,10487086731.034613
"Iran, Islamic Rep.",IRN,2002,23075358000000.0,6907.03445561653,3340848832.9222136
"Iran, Islamic Rep.",IRN,2003,25799981000000.0,8193.88751916667,3148686254.192551
"Iran, Islamic Rep.",IRN,2004,32884809000000.0,8613.98942075,3817604990.41068
"Iran, Islamic Rep.",IRN,2005,43259347000000.0,8963.95890666667,4825919825.204373
"Iran, Islamic Rep.",IRN,2006,52197017000000.0,9170.9428775,5691564945.635002
"Iran, Islamic Rep.",IRN,2007,53727145000000.0,9281.15182833334,5788844530.695285
"Iran, Islamic Rep.",IRN,2008,70312823000000.0,9428.52826083333,7457454764.396653
"Iran, Islamic Rep.",IRN,2009,86508600000000.0,9864.30245626821,8769864912.752007
Iraq,IRQ,2014,8890940000000.0,1166.0,7625162950.25729
Iraq,IRQ,2015,4698411110000.0,1167.33333333333,4024909574.528852
Iraq,IRQ,2016,4089076338000.0,1182.0,3459455446.7005076
Iraq,IRQ,2017,4034458486000.0,1184.0,3407481829.391892
Iraq,IRQ,2018,4327013758000.0,1182.75,3658434798.5626717
Iraq,IRQ,2019,9453210110000.0,1182.0,7997639686.971235
Ireland,IRL,1972,63486903.92,0.400390461530008,158562478.43017572
Ireland,IRL,1973,77454022.78,0.408170945299308,189758785.31286368
Ireland,IRL,1974,96500093.96,0.427756439747663,225595888.20433933
Ireland,IRL,1975,123164593.6,0.452041165666667,272463224.4905345
Ireland,IRL,1976,146019879.0,0.556509832333333,262385083.81382632
Ireland,IRL,1977,177763331.0,0.573271999,310085493.989041
Ireland,IRL,1978,206967306.8,0.521504582333333,396865749.2403616
Ireland,IRL,1979,251408139.5,0.488594874084431,514553370.9724424
Ireland,IRL,1980,321243733.8,0.486645276829587,660118877.3326836
Ireland,IRL,1981,389809590.1,0.621298066875603,627411561.185572
Ireland,IRL,1982,460914922.5,0.704561636049961,654186800.5815125
Ireland,IRL,1983,548526849.9,0.804677922717774,681672548.002023
Ireland,IRL,1984,571382135.3,0.922553499583333,619348509.9325535
Ireland,IRL,1985,614553230.0,0.945614999916667,649897928.9183843
Ireland,IRL,1986,695816467.0,0.743128333166667,936334191.4779932
Ireland,IRL,1987,683119086.2,0.672916666666667,1015161490.3281729
Ireland,IRL,1988,650105896.2,0.6564675,990309339.3046877
Ireland,IRL,1989,655184848.5,0.705543333333333,928624533.1021487
Ireland,IRL,1990,651375634.2,0.604588333333333,1077387038.8942347
Ireland,IRL,1991,703434895.4,0.6212975,1132203003.2311413
Ireland,IRL,1992,784698132.5,0.587720833333333,1335154529.1486187
Ireland,IRL,1993,772000751.7,0.677249306666667,1139906300.5316126
Ireland,IRL,1994,808823156.0,0.668628101666667,1209675683.6631207
Ireland,IRL,1995,873797000.0,0.623733075,1400914966.71072
Ireland,IRL,1996,896122000.0,0.625028368333333,1433730123.9454951
Ireland,IRL,1997,1030326000.0,0.659643126666667,1561944570.250404
Ireland,IRL,1998,1312730000.0,0.702270998333333,1869264148.9046834
Ireland,IRL,1999,1473825000.0,0.938283072395283,1570767973.2914357
Ireland,IRL,2000,1782160000.0,1.08270508132602,1646025340.3607726
Ireland,IRL,2001,2232683000.0,1.11653308564462,1999656820.4792438
Ireland,IRL,2002,2342622000.0,1.05755899623965,2215121811.955298
Ireland,IRL,2003,2554718000.0,0.88404792718493,2889795814.7302914
Ireland,IRL,2004,2749284000.0,0.803921647747618,3419840736.597637
Ireland,IRL,2005,5694253000.0,0.803800192161442,7084164765.733619
Ireland,IRL,2006,6278138000.0,0.796432730949102,7882822686.755222
Ireland,IRL,2007,7280647000.0,0.729672399984083,9977966824.78167
Ireland,IRL,2008,7645045000.0,0.679922680042729,11243991742.589842
Ireland,IRL,2009,7943097000.0,0.716957702016136,11078892070.84804
Ireland,IRL,2010,7268898000.0,0.754308990105961,9636499226.900248
Ireland,IRL,2011,7193650000.0,0.718413898653317,10013238905.155731
Ireland,IRL,2012,6840540000.0,0.778338120416812,8788648301.507814
Ireland,IRL,2013,6907638000.0,0.752945122701996,9174158636.171864
Ireland,IRL,2014,7253555000.0,0.752728196932603,9636353506.562557
Ireland,IRL,2015,7774677000.0,0.901296423367096,8626104351.945698
Ireland,IRL,2016,8185790000.0,0.903421436257263,9060876432.058638
Ireland,IRL,2017,8660655000.0,0.885205508269372,9783778929.405987
Ireland,IRL,2018,9043978000.0,0.846772667108111,10680526605.667253
Ireland,IRL,2019,10234282000.0,0.893276257067409,11457017825.144875
Ireland,IRL,2020,12328384000.0,0.875506396987998,14081432234.434038
Ireland,IRL,2021,13639915000.0,0.84549413889045,16132477296.530748
Ireland,IRL,2022,14991567000.0,0.949623753156941,15786849212.819128
Israel,ISR,1972,500000.0,0.000417979671411471,1196230425.062433
Israel,ISR,1973,1200000.0,0.00041946923065526,2860758101.6740127
Israel,ISR,1974,1400000.0,0.000445153398230699,3144983292.4210443
Israel,ISR,1975,2100000.0,0.000633614931146527,3314315835.64492
Israel,ISR,1976,2900000.0,0.000792557149185273,3659042130.881187
Israel,ISR,1977,3800000.0,0.0010445457989628,3637944840.497445
Israel,ISR,1978,5000000.0,0.00174353717363552,2867733522.1791096
Israel,ISR,1979,13100000.0,0.00254063690827577,5156187394.321707
Israel,ISR,1980,29800000.0,0.00512429166568394,5815437907.16733
Israel,ISR,1981,56100000.0,0.0114305749992885,4907889585.912517
Israel,ISR,1982,115100000.0,0.0242669999990818,4743066716.296002
Israel,ISR,1983,335500000.0,0.0562144916660229,5968211933.557029
Israel,ISR,1984,1747900000.0,0.293209666667072,5961263214.369639
Israel,ISR,1985,5609100000.0,1.17884933333439,4758114409.866604
Israel,ISR,1986,7601600000.0,1.48784166658333,5109145798.730227
Israel,ISR,1987,7764600000.0,1.59464166666667,4869181686.585795
Israel,ISR,1988,8660900000.0,1.59893333333333,5416673615.74384
Israel,ISR,1989,9953200000.0,1.91641666666667,5193651345.827707
Israel,ISR,1990,12359100000.0,2.016175,6129973836.596525
Israel,ISR,1991,10648000000.0,2.27910833333333,4672002574.106108
Israel,ISR,1992,16324000000.0,2.45908333333333,6638245958.860018
Israel,ISR,1993,16811000000.0,2.83008333333333,5940107770.678138
Israel,ISR,1994,19513000000.0,3.01105520833333,6480452416.148416
Israel,ISR,1995,21865000000.0,3.01129166666667,7261003722.101527
Israel,ISR,1996,27253000000.0,3.19165,8538843544.8749075
Israel,ISR,1997,29439000000.0,3.44935,8534651456.071434
Israel,ISR,1998,32213000000.0,3.800075,8476937955.171937
Israel,ISR,1999,33174000000.0,4.13971666666667,8013591912.489978
Israel,ISR,2000,27380408700.0,4.07733333333333,6715273552.975806
Israel,ISR,2001,29136264980.0,4.20565,6927886291.060834
Israel,ISR,2002,33469164750.0,4.737825,7064246727.137452
Israel,ISR,2003,32161239990.0,4.55413333333333,7061989106.599138
Israel,ISR,2004,30857561400.0,4.48198333333333,6884800568.200838
Israel,ISR,2005,33322710510.0,4.4877,7425342716.759141
Israel,ISR,2006,35329394500.0,4.45580833333334,7928840707.914938
Israel,ISR,2007,37525564960.0,4.10808294905577,9134568465.474907
Israel,ISR,2008,38178839320.0,3.58802119408369,10640639298.049109
Israel,ISR,2009,41558020460.0,3.93233547791667,10568279510.581638
Israel,ISR,2010,43979435300.0,3.738975,11762430960.356783
Israel,ISR,2011,47231592500.0,3.5781293062201,13200079834.424704
Israel,ISR,2012,50229706230.0,3.85592182539683,13026640192.538301
Israel,ISR,2013,52786211150.0,3.61075833333333,14619148189.092333
Israel,ISR,2014,56351789170.0,3.577925,15749851986.835945
Israel,ISR,2015,57695816640.0,3.88683333333333,14843913204.408056
Israel,ISR,2016,60341405570.0,3.84056666666667,15711589150.03861
Israel,ISR,2017,63788307280.0,3.59955554812834,17721162078.79275
Israel,ISR,2018,68445858990.0,3.59055812689938,19062735254.78511
Israel,ISR,2019,71185771950.0,3.56452734661093,19970606206.088383
Israel,ISR,2020,77147115810.0,3.44240585198793,22410813578.372486
Israel,ISR,2021,82585110820.0,3.23019832251082,25566575972.897827
Israel,ISR,2022,81807267840.0,3.35961440158189,24350195606.222153
Israel,ISR,2023,92001631310.0,3.6673747160226,25086509678.99432
Italy,ITA,1973,943566755.0,582.995833331917,1618479.414522332
Italy,ITA,1974,1207992687.0,650.343333331833,1857469.1629592371
Italy,ITA,1975,1329876515.0,652.849166666,2037034.8664017974
Italy,ITA,1976,1478616102.0,832.334999999667,1776467.5305022516
Italy,ITA,1977,1833938449.0,882.38833333125,2078380.2093987302
Italy,ITA,1978,2513079271.0,848.663333330917,2961220.5126577346
Italy,ITA,1979,3306873525.0,830.861666665917,3980053.067401493
Italy,ITA,1980,4245792167.0,856.447499997417,4957445.922853187
Italy,ITA,1986,9623141401.0,1490.80999999875,6454975.0813370375
Italy,ITA,1987,10414353370.0,1296.07,8035332.482041866
Italy,ITA,1988,12644414260.0,1301.6275,9714310.937653054
Italy,ITA,1989,12009172270.0,1372.09333333333,8752445.60865638
Italy,ITA,1990,13173782580.0,1198.10166666667,10995546.493689291
Italy,ITA,1991,13200638340.0,1240.61333333333,10640413.080626816
Italy,ITA,1992,14035749150.0,1232.40583333333,11388901.91069368
Italy,ITA,1993,16033920890.0,1573.66586666667,10188897.929115638
Italy,ITA,1994,16023075290.0,1612.44498333333,9937129.92109428
Italy,ITA,1995,15763753030.0,1628.93315833333,9677347.992675737
Italy,ITA,1996,15493426190.0,1542.94696666667,10041450.888925541
Italy,ITA,1997,15573499380.0,1703.09690833333,9144223.8570208
Italy,ITA,1998,16571088400.0,1736.20738333333,9544417.65371675
Italy,ITA,1999,17241845500.0,0.938283072395283,18375952851.823696
Italy,ITA,2000,18958805040.0,1.08270508132602,17510590249.360065
Italy,ITA,2001,21291439420.0,1.11653308564462,19069241828.78789
Italy,ITA,2002,20601023130.0,1.05755899623965,19479786189.943836
Italy,ITA,2003,22454678790.0,0.88404792718493,25399843265.853626
Italy,ITA,2004,21260868960.0,0.803921647747618,26446444152.321926
Italy,ITA,2005,22437353120.0,0.803800192161442,27914092754.4012
Italy,ITA,2006,21706807560.0,0.796432730949102,27255042034.915092
Italy,ITA,2007,22177815180.0,0.729672399984083,30394208661.974586
Italy,ITA,2008,23518779100.0,0.679922680042729,34590372979.64819
Italy,ITA,2009,23200714600.0,0.716957702016136,32359948899.01865
Italy,ITA,2010,22621451900.0,0.754308990105961,29989635808.029106
Italy,ITA,2011,21705372720.0,0.718413898653317,30212907574.153576
Italy,ITA,2012,21066506580.0,0.778338120416812,27066009009.964153
Italy,ITA,2013,21920120550.0,0.752945122701996,29112507524.237785
Italy,ITA,2014,20507881040.0,0.752728196932603,27244736046.252052
Italy,ITA,2015,22439087910.0,0.901296423367096,24896457290.012577
Italy,ITA,2016,22852149550.0,0.903421436257263,25295115471.99164
Italy,ITA,2017,23454847730.0,0.885205508269372,26496499977.56519
Italy,ITA,2018,23997228640.0,0.846772667108111,28339635385.2033
Italy,ITA,2019,24093092400.0,0.893276257067409,26971602804.150063
Italy,ITA,2020,22676860190.0,0.875506396987998,25901421472.20755
Italy,ITA,2021,25457753640.0,0.84549413889045,30109911434.050213
Italy,ITA,2022,28288883520.0,0.949623753156941,29789570265.01926
Italy,ITA,2023,29401944940.0,0.924839558470698,31791400649.66366
Jordan,JOR,1990,32470000.0,0.663711666666667,48921846.08276182
Jordan,JOR,1991,49410000.0,0.680865833333333,72569363.2739686
Jordan,JOR,1992,55700000.0,0.679818333333333,81933653.84379655
Jordan,JOR,1993,83120000.0,0.692850833333333,119968102.80231081
Jordan,JOR,1994,81520000.0,0.698764166666667,116663108.79803267
Jordan,JOR,1995,82190000.0,0.7003775,117350999.9964305
Jordan,JOR,1996,80100000.0,0.709,112976022.56699577
Jordan,JOR,1997,80620000.0,0.709,113709449.92947814
Jordan,JOR,1998,114030000.0,0.709,160832157.9689704
Jordan,JOR,1999,102340000.0,0.709,144344146.68547252
Jordan,JOR,2000,102470000.0,0.709,144527503.5260931
Jordan,JOR,2001,111550000.0,0.708983174066667,157338007.55828762
Jordan,JOR,2002,104020000.0,0.708999833333333,146713715.72959942
Jordan,JOR,2003,123190000.0,0.709,173751763.04654443
Jordan,JOR,2004,155670000.0,0.709,219562764.4569817
Jordan,JOR,2005,144800000.0,0.709,204231311.70662907
Jordan,JOR,2006,228290000.0,0.709,321988716.50211567
Jordan,JOR,2007,201200000.0,0.708999766666667,283780065.1838483
Jordan,JOR,2008,268800000.0,0.70966655,378769437.5619085
Jordan,JOR,2009,569200000.0,0.71,801690140.8450705
Jordan,JOR,2010,456200000.0,0.71,642535211.2676057
Jordan,JOR,2011,435200000.0,0.71,612957746.4788733
Jordan,JOR,2012,350100000.0,0.71,493098591.5492958
Jordan,JOR,2013,419100000.0,0.71,590281690.1408451
Jordan,JOR,2014,680200000.0,0.71,958028169.0140846
Jordan,JOR,2015,541000000.0,0.71,761971830.9859155
Jordan,JOR,2016,581700000.0,0.71,819295774.6478873
Jordan,JOR,2017,534300000.0,0.71,752535211.2676057
Jordan,JOR,2018,639400000.0,0.71,900563380.2816902
Jordan,JOR,2019,733500000.0,0.71,1033098591.5492958
Jordan,JOR,2020,733900000.0,0.71,1033661971.830986
Jordan,JOR,2021,930590000.0,0.71,1310690140.8450706
Jordan,JOR,2022,1236100000.0,0.71,1740985915.4929578
Jordan,JOR,2023,1009500000.0,0.71,1421830985.915493
Kazakhstan,KAZ,1999,58292000000.0,119.523333333333,487703935.07543993
Kazakhstan,KAZ,2000,90250536000.0,142.133333333333,634970938.0863054
Kazakhstan,KAZ,2001,134699969000.0,146.735833333333,917975970.4230412
Kazakhstan,KAZ,2002,132678058000.0,153.279166666667,865597464.3216335
Kazakhstan,KAZ,2003,163785434000.0,149.575833333333,1094999308.0433025
Kazakhstan,KAZ,2004,202931130000.0,136.035,1491756753.7766016
Kazakhstan,KAZ,2010,794588377200.0,147.355,5392340790.607717
Kazakhstan,KAZ,2011,1009463363000.0,146.620833333333,6884856265.310198
Kazakhstan,KAZ,2012,1251449321000.0,149.1125,8392651997.652779
Kazakhstan,KAZ,2013,1001275459000.0,152.129166666667,6581745505.737982
Kazakhstan,KAZ,2014,1179780060000.0,179.191666666667,6583900255.778251
Kazakhstan,KAZ,2015,1479071821000.0,221.728333333333,6670648711.260787
Kazakhstan,KAZ,2016,1959528988000.0,342.16,5726937654.898293
Kazakhstan,KAZ,2017,4367924528000.0,326.001022727273,13398499463.157
Kazakhstan,KAZ,2018,1681531054000.0,344.705833333333,4878162454.459968
Kazakhstan,KAZ,2019,2233589696000.0,382.747310606061,5835677048.8164215
Kazakhstan,KAZ,2020,2182070239000.0,412.953333333333,5284060117.36597
Kazakhstan,KAZ,2021,2130939566000.0,425.9075,5003291949.543035
Kazakhstan,KAZ,2022,2650007810000.0,460.165,5758820879.467148
Kazakhstan,KAZ,2023,3347973300000.0,456.165,7339391009.831968
Kenya,KEN,2014,278144070500.0,87.9221638089727,3163526219.672208
Kenya,KEN,2015,337418545300.0,98.1784533265271,3436788153.2803893
Kenya,KEN,2016,347795896900.0,101.504369498594,3426413056.088364
Kenya,KEN,2017,532954531600.0,103.410004519014,5153800486.509075
Kenya,KEN,2018,365512730000.0,101.301574049018,3608164368.9281173
Kenya,KEN,2019,259634589300.0,101.99129838935,2545654319.536648
Kenya,KEN,2020,419964847600.0,106.450780158517,3945155187.9152584
Kenya,KEN,2021,549824515500.0,109.637746592367,5014919884.702181
Kenya,KEN,2022,690900000000.0,117.865989201682,5861741836.466432
Kenya,KEN,2023,893675152100.0,139.846383759617,6390405873.033835
Kiribati,KIR,2011,40290561.5,0.969463201496735,41559660.477877036
Kiribati,KIR,2012,44130932.0,0.965801030658708,45693606.23885569
Kiribati,KIR,2013,48974416.24,1.03584309652054,47279763.1267786
Kiribati,KIR,2014,43551721.25,1.10936329281692,39258303.8685303
Kiribati,KIR,2015,68150860.97,1.33109026245502,51199278.43533672
Kiribati,KIR,2016,65756626.55,1.34521397601947,48881908.5455653
Kiribati,KIR,2017,64062845.99,1.30475807671592,49099405.578117885
Kiribati,KIR,2018,65705751.19,1.33841214646451,49092315.37054217
Kiribati,KIR,2019,80770323.5,1.43850654421382,56148735.523579426
Kiribati,KIR,2020,84731821.01,1.45308511847016,58311670.7569117
Kiribati,KIR,2021,83764355.29,1.33122425957081,62922798.08437824
Kiribati,KIR,2022,85518154.95,1.44166445896522,59319042.24883379
Kiribati,KIR,2023,107943668.2,1.50519106560508,71714263.17004289
"Korea, Rep.",KOR,1972,0.163,392.894166666666,0.00041486999255524774
"Korea, Rep.",KOR,1973,0.181,398.321666666666,0.00045440661441966995
"Korea, Rep.",KOR,1974,0.318,404.4725,0.0007862091984003857
"Korea, Rep.",KOR,1975,0.465,484.0,0.0009607438016528926
"Korea, Rep.",KOR,1976,659000000000.0,484.0,1361570247.9338844
"Korea, Rep.",KOR,1977,865000000000.0,484.0,1787190082.644628
"Korea, Rep.",KOR,1978,1292000000000.0,484.0,2669421487.603306
"Korea, Rep.",KOR,1979,1353000000000.0,484.0,2795454545.4545455
"Korea, Rep.",KOR,1980,1910000000000.0,607.716666666666,3142911992.979188
"Korea, Rep.",KOR,1981,2395000000000.0,681.028333333333,3516740615.295009
"Korea, Rep.",KOR,1982,2714000000000.0,731.1675,3711871766.7292376
"Korea, Rep.",KOR,1983,2942000000000.0,775.748333333333,3792467058.689568
"Korea, Rep.",KOR,1984,3006000000000.0,805.970833333334,3729663501.0572104
"Korea, Rep.",KOR,1985,3527000000000.0,870.02,4053929794.717363
"Korea, Rep.",KOR,1986,3930000000000.0,881.455833333333,4458533089.670783
"Korea, Rep.",KOR,1987,4410000000000.0,822.564166666667,5361283871.471018
"Korea, Rep.",KOR,1988,4886000000000.0,731.463333333333,6679760662.416437
"Korea, Rep.",KOR,1989,5476000000000.0,671.455833333333,8155413547.925097
"Korea, Rep.",KOR,1990,6244000000000.0,707.765833333333,8822126904.025465
"Korea, Rep.",KOR,1991,7423000000000.0,733.329166666667,10122330240.512726
"Korea, Rep.",KOR,1992,8339000000000.0,780.670833333333,10681838803.166084
"Korea, Rep.",KOR,1993,8827000000000.0,802.538333333333,10998851560.569283
"Korea, Rep.",KOR,1994,9460000000000.0,803.771666666667,11769511656.502775
"Korea, Rep.",KOR,1995,8884000000000.0,771.254166666667,11518900492.163733
"Korea, Rep.",KOR,1996,10007000000000.0,804.4575,12439439000.817322
"Korea, Rep.",KOR,1997,11056000000000.0,949.89,11639242438.598154
"Korea, Rep.",KOR,1998,11688940000000.0,1403.18333333333,8330301338.622913
"Korea, Rep.",KOR,1999,9714343000000.0,1189.43916666667,8167162535.284464
"Korea, Rep.",KOR,2000,13557180000000.0,1130.3625,11993656902.09999
"Korea, Rep.",KOR,2001,13830397000000.0,1290.79,10714676283.516296
"Korea, Rep.",KOR,2002,14820797000000.0,1251.6025,11841456852.315332
"Korea, Rep.",KOR,2003,14680950000000.0,1191.64583333333,12319893704.435427
"Korea, Rep.",KOR,2004,15664350000000.0,1146.24916666667,13665746031.076683
"Korea, Rep.",KOR,2005,16626000000000.0,1024.32833333333,16231123809.585848
"Korea, Rep.",KOR,2006,18255000000000.0,955.340833333333,19108363594.49377
"Korea, Rep.",KOR,2007,12763411000000.0,929.375833333333,13733314921.932377
"Korea, Rep.",KOR,2008,14449840000000.0,1100.12583333333,13134715649.952204
"Korea, Rep.",KOR,2009,25232958000000.0,1277.24583333333,19755756755.257946
"Korea, Rep.",KOR,2010,25868447000000.0,1156.46,22368648288.743233
"Korea, Rep.",KOR,2011,27486680000000.0,1108.23333333333,24802249827.05214
"Korea, Rep.",KOR,2012,42695600000000.0,1126.80666666667,37890794634.98607
"Korea, Rep.",KOR,2013,47488800000000.0,1094.9825,43369460242.51529
"Korea, Rep.",KOR,2014,49291008000000.0,1052.84,46817187796.81623
"Korea, Rep.",KOR,2015,57491960000000.0,1130.9525,50834990859.47464
"Korea, Rep.",KOR,2016,60568942000000.0,1160.7675,52180080851.67788
"Korea, Rep.",KOR,2017,61136040000000.0,1131.00083333333,54054814283.21981
"Korea, Rep.",KOR,2018,54867998000000.0,1100.16333333333,49872592857.424355
"Korea, Rep.",KOR,2019,57858815000000.0,1165.3575,49648983251.92055
"Korea, Rep.",KOR,2020,62794348000000.0,1180.26583333333,53203563321.54
"Korea, Rep.",KOR,2021,76290292000000.0,1143.95166666667,66690135801.19187
"Korea, Rep.",KOR,2022,79135274000000.0,1291.44666666667,61276455344.6521
"Korea, Rep.",KOR,2023,85193470000000.0,1305.6625,65249227882.39687
Kuwait,KWT,1972,61000000.0,0.328948797864023,185439194.1727523
Kuwait,KWT,1973,80000000.0,0.296572315572002,269748711.5265739
Kuwait,KWT,1974,140000000.0,0.293151415666667,477568903.02446795
Kuwait,KWT,1977,329000000.0,0.286565999,1148077584.738167
Kuwait,KWT,1978,278000000.0,0.275052749,1010715221.0283854
Kuwait,KWT,1979,391000000.0,0.276366082333333,1414790109.910824
Kuwait,KWT,1980,486000000.0,0.270297415666667,1798019410.5863714
Kuwait,KWT,1981,493000000.0,0.278785332333333,1768385717.6909819
Kuwait,KWT,1982,562000000.0,0.287910999,1951992115.4523172
Kuwait,KWT,1983,594000000.0,0.291476665666667,2037898981.1805344
Kuwait,KWT,1984,598000000.0,0.296061916166667,2019847766.111728
Kuwait,KWT,1985,636000000.0,0.300753249916667,2114690365.527965
Kuwait,KWT,1986,564000000.0,0.290594666583333,1940847733.4812453
Kuwait,KWT,1987,537000000.0,0.27866325,1927057120.0185173
Kuwait,KWT,1988,532000000.0,0.27902925,1906610149.294384
Kuwait,KWT,1989,735000000.0,0.293779416666667,2501877116.9865794
Kuwait,KWT,1990,842000000.0,,
Kuwait,KWT,1991,201000000.0,,
Kuwait,KWT,1992,1118000000.0,0.293222666666667,3812802102.6114354
Kuwait,KWT,1993,1114000000.0,0.3018386,3690714176.384332
Kuwait,KWT,1994,1107000000.0,0.296870315,3728900951.2453275
Kuwait,KWT,1995,1244000000.0,0.298447720833333,4168234210.4220896
Kuwait,KWT,1996,1268000000.0,0.299408563333333,4235015812.117336
Kuwait,KWT,1997,1075000000.0,0.303348835,3543774941.4795017
Kuwait,KWT,1998,959000000.0,0.30475564,3146783436.0670075
Kuwait,KWT,2001,1061000000.0,0.306681666666667,3459613388.4755597
Kuwait,KWT,2002,1196000000.0,0.303914251666667,3935320549.928577
Kuwait,KWT,2003,1436000000.0,0.298011521083333,4818605652.492378
Kuwait,KWT,2004,1421000000.0,0.2947,4821852731.591449
Kuwait,KWT,2005,1442000000.0,0.292,4938356164.383562
Kuwait,KWT,2006,1578000000.0,0.290176225,5438074742.339763
Kyrgyz Republic,KGZ,2014,15345700000.0,53.654058312852,286011915.6415084
Kyrgyz Republic,KGZ,2015,17020900000.0,64.4621082725294,264045040.66233703
Kyrgyz Republic,KGZ,2016,17859500000.0,69.9140658252997,255449311.79695758
Kyrgyz Republic,KGZ,2017,20403700000.0,68.866667859063,296278310.4557429
Kyrgyz Republic,KGZ,2018,23602190000.0,68.840320327701,342854157.09349334
Kyrgyz Republic,KGZ,2019,19539000000.0,69.7893491807476,279971087.6998709
Kyrgyz Republic,KGZ,2020,18750270000.0,77.3461127039303,242420327.85504442
Kyrgyz Republic,KGZ,2021,24728308370.0,84.6408220065285,292155815.4065737
Kyrgyz Republic,KGZ,2022,28559700000.0,84.1162225704045,339526658.797544
Kyrgyz Republic,KGZ,2023,36352600000.0,87.8561255862776,413774221.85890216
Kyrgyz Republic,KGZ,2024,53868900000.0,87.1503126405883,618114822.1711802
Lao PDR,LAO,2008,1403930000000.0,8740.18140302543,160629389.16966036
Lao PDR,LAO,2009,1535050000000.0,8511.35116305693,180353268.31100607
Lao PDR,LAO,2010,1858840000000.0,8254.16302973342,225200301.14549774
Lao PDR,LAO,2011,2095230000000.0,8029.2625550619,260949244.79448006
Lao PDR,LAO,2012,2345540000000.0,8006.58203188054,292951473.0081512
Lao PDR,LAO,2013,3709100000000.0,7833.22998982965,473508374.5550362
Lao PDR,LAO,2014,4820940000000.0,8042.42157002354,599438857.8147974
Lao PDR,LAO,2015,5013900000000.0,8127.61059846586,616897172.8230197
Lao PDR,LAO,2016,4507770900000.0,8124.36675616228,554845815.7161461
Lao PDR,LAO,2017,3062034974000.0,8244.84318921019,371387897.10484785
Lao PDR,LAO,2018,3152018831000.0,8401.33476613966,375180720.53309274
Lao PDR,LAO,2019,3613735402000.0,8679.40909309671,416357307.65061355
Lao PDR,LAO,2020,3106783122000.0,9045.78783382479,343450805.9522299
Lao PDR,LAO,2021,3313139315000.0,9697.91578947368,341634160.05283844
Lao PDR,LAO,2022,3814452611000.0,14035.2266926511,271777057.4377158
Latvia,LVA,1994,97470000.0,0.55975,174131308.61991963
Latvia,LVA,1995,195088000.0,0.527583333333333,369776654.5569423
Latvia,LVA,1996,204230000.0,0.55075,370821606.8996823
Latvia,LVA,1997,252115000.0,0.580916666666667,433995122.65098244
Latvia,LVA,1998,266311000.0,0.589833333333333,451502119.2427242
Latvia,LVA,1999,262655000.0,0.585166666666667,448855027.05781806
Latvia,LVA,2000,275632000.0,0.6065,454463314.0972794
Latvia,LVA,2001,379011000.0,0.627916666666667,603600796.2840077
Latvia,LVA,2002,415563000.0,0.618191666666667,672223555.2619869
Latvia,LVA,2003,503100000.0,0.571475,880353471.2804586
Latvia,LVA,2004,605324000.0,0.540233333333333,1120486209.6624923
Latvia,LVA,2005,634097000.0,0.564716666666667,1122858660.6852987
Latvia,LVA,2006,615118000.0,0.560408333333333,1097624648.6936617
Latvia,LVA,2007,679807000.0,0.513791666666667,1323117995.2964065
Latvia,LVA,2008,862540000.0,0.480816666666667,1793906201.2548082
Latvia,LVA,2009,703754000.0,0.50555,1392056176.4414992
Latvia,LVA,2010,810140000.0,0.530475,1527197323.1537771
Latvia,LVA,2011,806146000.0,0.501233333333333,1608324798.829555
Latvia,LVA,2012,765008000.0,0.546875,1398871771.4285715
Latvia,LVA,2013,784825000.0,0.529391666666667,1482503502.447777
Latvia,LVA,2014,847750000.0,0.752728196932603,1126236539.901939
Latvia,LVA,2015,867739000.0,0.901296423367096,962767606.1980463
Latvia,LVA,2016,789225000.0,0.903421436257263,873595609.2315438
Latvia,LVA,2017,840730000.0,0.885205508269372,949756855.4941279
Latvia,LVA,2018,892647000.0,0.846772667108111,1054175500.3129216
Latvia,LVA,2019,1103457000.0,0.893276257067409,1235291984.1646817
Latvia,LVA,2020,1214922000.0,0.875506396987998,1387679181.0770228
Latvia,LVA,2021,1262334000.0,0.84549413889045,1493013306.5813713
Latvia,LVA,2022,1591941000.0,0.949623753156941,1676391302.0369716
Latvia,LVA,2023,1434436000.0,0.924839558470698,1551010644.886302
Lebanon,LBN,1997,1201000000000.0,1539.45,780148754.4252818
Lebanon,LBN,1998,761000000000.0,1516.13166666667,501935298.05568665
Lebanon,LBN,1999,631020000000.0,1507.5,418587064.6766169
Lebanon,LBN,2000,205800000000.0,1507.5,136517412.9353234
Lebanon,LBN,2001,237200000000.0,1507.5,157346600.33167496
Lebanon,LBN,2002,232700000000.0,1507.5,154361525.70480928
Lebanon,LBN,2003,242583288000.0,1507.5,160917603.9800995
Lebanon,LBN,2004,250800000000.0,1507.5,166368159.2039801
Lebanon,LBN,2005,232184238000.0,1507.5,154019395.0248756
Lebanon,LBN,2006,291921598000.0,1507.5,193646167.827529
Lebanon,LBN,2007,331036000000.0,1507.5,219592703.1509121
Lebanon,LBN,2008,459081685200.0,1507.5,304531797.8109453
Lebanon,LBN,2009,494125214000.0,1507.5,327777919.73466
Lebanon,LBN,2010,527693000000.0,1507.5,350045107.79436153
Lebanon,LBN,2011,581954000000.0,1507.5,386039137.6451078
Lebanon,LBN,2012,539279000000.0,1507.5,357730679.93366504
Lebanon,LBN,2013,792367000000.0,1507.5,525616583.747927
Lebanon,LBN,2014,767202734500.0,1507.5,508923870.3150912
Lebanon,LBN,2015,747390568000.0,1507.5,495781471.3101161
Lebanon,LBN,2016,678495989000.0,1507.5,450080258.04311776
Lebanon,LBN,2017,977495717000.0,1507.5,648421702.8192371
Lebanon,LBN,2018,967027980000.0,1507.5,641477930.3482587
Lebanon,LBN,2019,773755277000.0,1507.5,513270498.8391377
Lebanon,LBN,2020,796233892000.0,1507.5,528181686.23548925
Lebanon,LBN,2021,690331396000.0,1507.5,457931274.2951907
Lesotho,LSO,1982,27126000.0,1.08581583308333,24982137.09314942
Lesotho,LSO,1983,43501000.0,1.11409999975,39045866.62755719
Lesotho,LSO,1984,55161000.0,1.47527749975,37390253.704369225
Lesotho,LSO,1985,64023000.0,2.22867499941667,28726934.17243756
Lesotho,LSO,1987,129191000.0,2.03603333333333,63452301.04287759
Lesotho,LSO,1988,143470000.0,2.2734675,63106246.29558153
Lesotho,LSO,1989,123544000.0,2.6226775,47106058.598512396
Lesotho,LSO,1991,156439918.6,2.761315,56654137.10496629
Lesotho,LSO,1992,233425334.1,2.85201416666667,81845783.52667126
Lesotho,LSO,1993,204343432.4,3.26774158333333,62533534.91666103
Lesotho,LSO,1994,263997651.3,3.55079833333334,74348815.82029192
Lesotho,LSO,1995,312573386.2,3.627085,86177574.05740422
Lesotho,LSO,1996,363835357.8,4.29934916666667,84625682.56164347
Lesotho,LSO,1997,478287798.4,4.60796166666667,103795958.60353287
Lesotho,LSO,1998,607399645.6,5.52828416666667,109871277.8301766
Lesotho,LSO,1999,575396768.3,6.10948416666667,94180908.3390973
Lesotho,LSO,2000,611935630.0,6.93982833333333,88177343.96407984
Lesotho,LSO,2001,816873412.5,8.60918083333334,94883988.18819088
Lesotho,LSO,2002,941100176.7,10.5407466666667,89282116.95629378
Lesotho,LSO,2003,953800000.0,7.56474916666667,126084815.10567816
Lesotho,LSO,2004,974100000.0,6.4596925,150796651.6982039
Lesotho,LSO,2005,1084000000.0,6.35932833333333,170458253.32182625
Lesotho,LSO,2006,1429733253.0,6.77154916666667,211138281.3312413
Lesotho,LSO,2007,1427362460.0,7.045365,202595956.3486065
Lesotho,LSO,2008,2111528012.0,8.26122333333333,255595076.7582042
Lesotho,LSO,2009,1940200936.0,8.47367415824888,228968083.94635636
Lesotho,LSO,2010,1499548624.0,7.32122196115288,204822177.4939691
Lesotho,LSO,2011,1669093930.0,7.26113213232735,229866899.48376125
Lesotho,LSO,2012,1890625104.0,8.20996862659332,230284083.89722487
Lesotho,LSO,2013,2532298527.0,9.65505606913526,262276936.44318748
Lesotho,LSO,2014,2534535180.0,10.8526555687831,233540552.71876612
Lesotho,LSO,2015,2920199514.0,12.7589308811644,228874937.97078225
Lesotho,LSO,2016,3465781148.0,14.7096108855267,235613380.59663448
Lesotho,LSO,2017,2667338181.0,13.3238014244992,200193480.5254167
Lesotho,LSO,2018,3112510371.0,13.2339264715833,235191753.3835006
Lesotho,LSO,2019,3161118329.0,14.4484270548333,218786329.9584947
Lesotho,LSO,2020,2330510000.0,16.4591053903333,141593965.45141187
Lesotho,LSO,2021,2152539708.0,14.7786782139167,145651706.92822912
Lesotho,LSO,2022,2540740203.0,16.3558534845,155341340.35914364
Lesotho,LSO,2023,2381400000.0,18.4502441785,129071462.52161998
Lesotho,LSO,2024,2381400000.0,18.3286575505,129927682.56151068
Lithuania,LTU,1991,2166936.97868397,,
Lithuania,LTU,1993,154280583.873957,4.34406333333333,35515270.38984786
Lithuania,LTU,1994,312789620.018536,3.97775,78634811.14160919
Lithuania,LTU,1995,555700000.0,4.0,138925000.0
Lithuania,LTU,1996,657700000.0,4.0,164425000.0
Lithuania,LTU,1997,884100000.0,4.0,221025000.0
Lithuania,LTU,1998,872800000.0,4.0,218200000.0
Lithuania,LTU,1999,658500000.0,4.0,164625000.0
Lithuania,LTU,2000,760249830.7,4.0,190062457.675
Lithuania,LTU,2001,534712162.4,4.0,133678040.6
Lithuania,LTU,2002,621067740.8,3.67695833333333,168908017.03400695
Lithuania,LTU,2003,640209974.8,3.06086666666667,209159706.880404
Lithuania,LTU,2004,646372262.5,2.78059166666667,232458534.0050526
Lithuania,LTU,2005,769609602.5,2.774025,277434270.59958005
Lithuania,LTU,2006,907875447.6,2.752225,329869631.87966096
Lithuania,LTU,2007,970833338.0,2.523725,384682696.411059
Lithuania,LTU,2008,1205460634.0,2.357075,511422264.4591284
Lithuania,LTU,2009,939168958.0,2.48403333333333,378082268.6222681
Lithuania,LTU,2010,1050946358.0,2.60633333333333,403227915.84601665
Lithuania,LTU,2011,975136904.9,2.4811,393026038.8134295
Lithuania,LTU,2012,983730062.2,2.68629166666667,366203742.6563877
Lithuania,LTU,2013,964985583.4,2.60100833333333,371004418.18397397
Lithuania,LTU,2014,990759410.5,2.60029166666667,381018569.2630629
Lithuania,LTU,2015,1070834780.0,0.901296423367096,1188104992.1395853
Lithuania,LTU,2016,1043617093.0,0.903421436257263,1155183008.855254
Lithuania,LTU,2017,1051899693.0,0.885205508269372,1188311282.7173033
Lithuania,LTU,2018,1086873422.0,0.846772667108111,1283548069.296897
Lithuania,LTU,2019,1162801597.0,0.893276257067409,1301726747.8007667
Lithuania,LTU,2020,1231211365.0,0.875506396987998,1406284830.3972795
Lithuania,LTU,2021,1246518255.0,0.84549413889045,1474307387.4359646
Lithuania,LTU,2022,1582398624.0,0.949623753156941,1666342715.9856253
Lithuania,LTU,2023,1613690552.0,0.924839558470698,1744832968.2916858
Luxembourg,LUX,1972,23401148.74,44.0145833323333,531668.0738133766
Luxembourg,LUX,1973,26400660.39,38.976499999,677348.1557009313
Luxembourg,LUX,1974,31656003.11,38.951499999,812703.0566425608
Luxembourg,LUX,1975,41993163.1,36.7789166656667,1141772.7031422006
Luxembourg,LUX,1976,44025890.0,38.6051666656667,1140414.4523265117
Luxembourg,LUX,1977,42612896.91,35.842749999,1188884.6952644226
Luxembourg,LUX,1978,48810235.03,31.4920833323333,1549920.801202947
Luxembourg,LUX,1979,55999147.25,29.3186666656667,1910016.846556572
Luxembourg,LUX,1980,64501895.15,29.24166666575,2205821.435805825
Luxembourg,LUX,1981,70996705.5,37.1292499991667,1912150.272402308
Luxembourg,LUX,1982,95662111.21,45.6905833323333,2093694.241419412
Luxembourg,LUX,1983,84829164.18,51.1316666658333,1659033.818208858
Luxembourg,LUX,1984,92365127.33,57.7839166664167,1598457.3677000587
Luxembourg,LUX,1985,97917942.29,59.378,1649060.9702246625
Luxembourg,LUX,1986,103545125.3,44.6719166666667,2317902.0070402157
Luxembourg,LUX,1987,111527296.8,37.3340833333333,2987278.2948556864
Luxembourg,LUX,1988,117575898.8,36.7683333333333,3197748.9361316375
Luxembourg,LUX,1989,129648313.5,39.404,3290232.2987513957
Luxembourg,LUX,1990,149083165.8,33.4179166666667,4461174.743089407
Luxembourg,LUX,1991,162667731.0,34.14825,4763574.443785553
Luxembourg,LUX,1992,183044578.7,32.1495,5693543.56055304
Luxembourg,LUX,1993,161353895.3,34.5965208333333,4663876.349801556
Luxembourg,LUX,1994,196926616.1,33.4564975,5886049.96981528
Luxembourg,LUX,1995,395030941.2,29.4800166666667,13399956.508391827
Luxembourg,LUX,1996,472188838.3,30.9615133333333,15250831.999598658
Luxembourg,LUX,1997,497809046.4,35.7738908333333,13915429.236345543
Luxembourg,LUX,1998,490197402.0,36.2986408333333,13504566.307338104
Luxembourg,LUX,1999,517545308.7,0.938283072395283,551587600.7213811
Luxembourg,LUX,2000,615709848.5,1.08270508132602,568677342.6295575
Luxembourg,LUX,2001,655037514.2,1.11653308564462,586670939.3764361
Luxembourg,LUX,2002,753543455.9,1.05755899623965,712530892.9141215
Luxembourg,LUX,2003,829403271.0,0.88404792718493,938188129.2805756
Luxembourg,LUX,2004,868276258.9,0.803921647747618,1080050849.8964882
Luxembourg,LUX,2005,931887502.0,0.803800192161442,1159352176.1846404
Luxembourg,LUX,2006,948318252.2,0.796432730949102,1190707281.7937772
Luxembourg,LUX,2007,950741593.1,0.729672399984083,1302970474.312499
Luxembourg,LUX,2008,1062748595.0,0.679922680042729,1563043308.0026286
Luxembourg,LUX,2009,1195599823.0,0.716957702016136,1667601616.7172601
Luxembourg,LUX,2010,1236268393.0,0.754308990105961,1638941613.073359
Luxembourg,LUX,2011,1256918084.0,0.718413898653317,1749573729.5118055
Luxembourg,LUX,2012,1364902409.0,0.778338120416812,1753611153.2980983
Luxembourg,LUX,2013,1359492507.0,0.752945122701996,1805566522.7252772
Luxembourg,LUX,2014,1381484805.0,0.752728196932603,1835303646.9599583
Luxembourg,LUX,2015,1529664780.0,0.901296423367096,1697182791.7450538
Luxembourg,LUX,2016,1629173947.0,0.903421436257263,1803337713.2929442
Luxembourg,LUX,2017,1673009832.0,0.885205508269372,1889967715.2606416
Luxembourg,LUX,2018,1744564323.0,0.846772667108111,2060251104.889837
Luxembourg,LUX,2019,1889010714.0,0.893276257067409,2114699343.0694647
Luxembourg,LUX,2020,2044601994.0,0.875506396987998,2335336441.8969846
Luxembourg,LUX,2021,2205131948.0,0.84549413889045,2608098443.9393225
Luxembourg,LUX,2022,2485042976.0,0.949623753156941,2616871121.5770373
Luxembourg,LUX,2023,2576510984.0,0.924839558470698,2785900495.282104
"Macao SAR, China",MAC,1996,1445160000.0,7.9664,181406909.01787508
"Macao SAR, China",MAC,1997,1531600000.0,7.97529166666667,192043133.21874323
"Macao SAR, China",MAC,1998,1693240000.0,7.97876666666667,212218262.63875362
"Macao SAR, China",MAC,1999,2400965965.0,7.99185,300426805.4330349
"Macao SAR, China",MAC,2000,1820144232.0,8.0259,226783816.39442307
"Macao SAR, China",MAC,2001,1845522356.0,8.0335,229728307.2135433
"Macao SAR, China",MAC,2002,1688192224.0,8.03343333333333,210145793.70381293
"Macao SAR, China",MAC,2003,2031947499.0,8.02124116666667,253320833.61911958
"Macao SAR, China",MAC,2004,2070557401.0,8.02217108333333,258104368.44232112
"Macao SAR, China",MAC,2005,2493000000.0,8.01106458333333,311194595.1835887
"Macao SAR, China",MAC,2006,2849000000.0,8.00142616666667,356061524.61528873
"Macao SAR, China",MAC,2007,3480743968.0,8.03585391666667,433151722.77843475
"Macao SAR, China",MAC,2008,3837599674.0,8.02010991666667,478497142.04353315
"Macao SAR, China",MAC,2009,4766361390.0,7.98428333333333,596967967.0686371
"Macao SAR, China",MAC,2010,5006070319.0,8.00221666666667,625585450.5730702
"Macao SAR, China",MAC,2011,5829784153.0,8.01820833333333,727068181.6490594
"Macao SAR, China",MAC,2012,6940601600.0,7.9898635,868675866.6152432
"Macao SAR, China",MAC,2013,7555632551.0,7.98925533333333,945724255.3603039
"Macao SAR, China",MAC,2014,8769094287.0,7.987129,1097903174.8454294
"Macao SAR, China",MAC,2015,9598593719.0,7.98496041666667,1202084070.318653
"Macao SAR, China",MAC,2016,9445784950.0,7.99506425,1181452037.7369075
"Macao SAR, China",MAC,2017,9193765216.0,8.026001,1145497641.4779913
"Macao SAR, China",MAC,2018,9980329823.0,8.07250741666667,1236335788.6044674
"Macao SAR, China",MAC,2019,12413468540.0,8.07047033333333,1538134461.4735596
"Macao SAR, China",MAC,2020,11691934510.0,7.98906191666666,1463492789.5111768
"Macao SAR, China",MAC,2021,12081781780.0,8.00553175,1509179172.2642286
"Macao SAR, China",MAC,2022,21334340950.0,8.06520608333333,2645231966.7425747
"Macao SAR, China",MAC,2023,12979775090.0,8.06339008333333,1609716875.3907392
Madagascar,MDG,1990,15740000000.0,298.829333333333,52672205.31674719
Madagascar,MDG,1991,15260000000.0,367.072,41572225.61241391
Madagascar,MDG,1992,28640000000.0,372.793333333334,76825408.17968835
Madagascar,MDG,1993,19620000000.0,382.7565,51259743.46614623
Madagascar,MDG,1994,26240000000.0,613.467166666666,42773275.28802823
Madagascar,MDG,1995,42400000000.0,853.126333333333,49699556.025113925
Madagascar,MDG,2003,149043000000.0,1238.32766666667,120358289.66108292
Madagascar,MDG,2004,147051400000.0,1868.85783333333,78685171.96822636
Madagascar,MDG,2006,190400000000.0,2142.30166666667,88876372.06400268
Madagascar,MDG,2007,215647000000.0,1873.87666666667,115080679.44706409
Madagascar,MDG,2008,276700000000.0,1708.37083333333,161967176.33027598
Madagascar,MDG,2009,198468000000.0,1956.20583333333,101455581.31876902
Madagascar,MDG,2010,189368400000.0,2089.95,90609057.63295773
Madagascar,MDG,2011,205700500000.0,2025.1175,101574599.99234612
Madagascar,MDG,2012,159595600000.0,2194.96666666667,72709805.76774125
Madagascar,MDG,2013,144289000000.0,2206.91416666667,65380431.27338049
Madagascar,MDG,2014,250090000000.0,2414.81166666667,103565012.31635027
Madagascar,MDG,2015,213644135100.0,2933.50833333333,72828882.97005017
Madagascar,MDG,2016,213555510100.0,3176.53916666667,67228986.92418654
Madagascar,MDG,2017,289964464900.0,3116.11,93053346.9293446
Madagascar,MDG,2018,360409788800.0,3334.75225490196,108076930.8335308
Madagascar,MDG,2019,345510151800.0,3618.32185816072,95489059.66470079
Madagascar,MDG,2020,344971503300.0,3787.75405817574,91075475.86290367
Madagascar,MDG,2021,345318609700.0,3829.97784932976,90162038.34192675
Madagascar,MDG,2022,440663752900.0,4096.11618374535,107580872.49787724
Madagascar,MDG,2023,514537169200.0,4429.57921419022,116159378.6497085
Malawi,MWI,2009,58511598770.0,141.168333333333,414481048.1812503
Malawi,MWI,2010,64252092000.0,150.485833333333,426964389.78198487
Malawi,MWI,2011,69540468050.0,156.515833333333,444303087.8665107
Malawi,MWI,2012,84008870100.0,249.106666666667,337240553.31049573
Malawi,MWI,2013,125802888100.0,364.405833333333,345227426.65572065
Malawi,MWI,2014,124670736600.0,424.896666666666,293414249.5822518
Malawi,MWI,2015,136105684200.0,499.605833333333,272426130.9999385
Malawi,MWI,2016,144885824900.0,718.005,201789437.26018623
Malawi,MWI,2017,229630000000.0,730.2725,314444265.6679527
Malawi,MWI,2018,352201636700.0,732.333333333333,480930773.8279474
Malawi,MWI,2019,300111443000.0,745.540667877372,402542015.3865609
Malawi,MWI,2020,373455006800.0,749.527493882201,498253913.09620696
Malawi,MWI,2021,348535932000.0,805.899650132837,432480560.0083715
Malawi,MWI,2022,425047661500.0,949.039016666667,447871640.71810806
Malaysia,MYS,1996,6860000000.0,2.5159425,2726612392.7712975
Malaysia,MYS,1997,7272000000.0,2.81319166666667,2584964290.263428
Malaysia,MYS,1998,5795000000.0,3.924375,1476668259.276955
Malaysia,MYS,1999,8443000000.0,3.8,2221842105.263158
Malaysia,MYS,2000,8642000000.0,3.8,2274210526.3157897
Malaysia,MYS,2001,11936000000.0,3.8,3141052631.5789475
Malaysia,MYS,2002,11269000000.0,3.8,2965526315.789474
Malaysia,MYS,2003,13968000000.0,3.8,3675789473.684211
Malaysia,MYS,2004,16633000000.0,3.8,4377105263.157895
Malaysia,MYS,2005,17984000000.0,3.78709166666667,4748762792.908362
Malaysia,MYS,2006,20923014000.0,3.66817695833333,5703927110.841066
Malaysia,MYS,2007,23622378190.0,3.43756938226247,6871825863.90524
Malaysia,MYS,2008,25196743520.0,3.33583333333333,7553358037.471904
Malaysia,MYS,2009,26372132900.0,3.52450291070644,7482511312.414849
Malaysia,MYS,2010,23840844000.0,3.22108691472175,7401490438.223541
Malaysia,MYS,2011,28948543000.0,3.06000301052058,9460298862.6064
Malaysia,MYS,2012,31962577000.0,3.08880086662188,10347891748.345829
Malaysia,MYS,2013,33860077000.0,3.15090855009724,10746131302.019238
Malaysia,MYS,2014,34258907000.0,3.27285974643047,10467575653.788504
Malaysia,MYS,2015,36372753000.0,3.90550026302768,9313212277.651358
Malaysia,MYS,2016,30070394000.0,4.14830066287879,7248846321.358995
Malaysia,MYS,2017,34738181760.0,4.30044087761124,8077818704.787304
Malaysia,MYS,2018,35282600000.0,4.03513013706806,8743856778.219418
Malaysia,MYS,2019,31506555860.0,4.14246973569731,7605741953.524842
Malaysia,MYS,2020,29323431030.0,4.20348194851884,6975985953.819201
Malaysia,MYS,2021,24924000000.0,4.14329759817721,6015498382.487657
Malaysia,MYS,2022,34692000000.0,4.40107634540072,7882617177.5580225
Malaysia,MYS,2023,35898000000.0,4.56062343240897,7871292276.599627
Maldives,MDV,1979,11700000.0,7.48858333233333,1562378.287156545
Maldives,MDV,1980,16500000.0,7.549999999,2185430.46386562
Maldives,MDV,1981,21800000.0,7.549999999,2887417.218925486
Maldives,MDV,1982,28900000.0,7.17366666566667,4028623.205802975
Maldives,MDV,1983,36400000.0,7.049999999,5163120.568108244
Maldives,MDV,1984,43000000.0,7.04999999958333,6099290.780502326
Maldives,MDV,1985,49100000.0,7.09808333333333,6917360.320274256
Maldives,MDV,1986,63900000.0,7.15073333333333,8936146.409226097
Maldives,MDV,1987,80400000.0,9.223,8717337.092052476
Maldives,MDV,1988,103300000.0,8.78458333333333,11759237.300194474
Maldives,MDV,1990,233900000.0,9.55174166666667,24487680.693486083
Maldives,MDV,1991,281500000.0,10.2526666666667,27456271.539111685
Maldives,MDV,1992,366400000.0,10.5691666666667,34666876.9218638
Maldives,MDV,1993,415800000.0,10.9569916666667,37948372.38627683
Maldives,MDV,1994,442900000.0,11.58575,38227995.59804069
Maldives,MDV,1995,555700000.0,11.77,47213254.035683945
Maldives,MDV,1996,595900000.0,11.77,50628717.07731521
Maldives,MDV,1997,799200000.0,11.77,67901444.35004248
Maldives,MDV,1998,897700000.0,11.77,76270178.41971113
Maldives,MDV,1999,1055700000.0,11.77,89694137.63806288
Maldives,MDV,2000,1274300000.0,11.77,108266779.94902295
Maldives,MDV,2001,1319000000.0,12.2420833333333,107743099.28184912
Maldives,MDV,2002,1405900000.0,12.8,109835937.5
Maldives,MDV,2003,1610600000.0,12.8,125828125.0
Maldives,MDV,2004,1882100000.0,12.8,147039062.5
Maldives,MDV,2005,3286600000.0,12.8,256765625.0
Maldives,MDV,2006,4174100000.0,12.8,326101562.5
Maldives,MDV,2007,4949000000.0,12.8,386640625.0
Maldives,MDV,2008,4115100000.0,12.8,321492187.5
Maldives,MDV,2009,4780600000.0,12.8,373484375.0
Maldives,MDV,2010,4627000000.0,12.8,361484375.0
Maldives,MDV,2011,1627443451.0,14.6020084036964,111453397.77972074
Maldives,MDV,2014,2341024108.0,15.3803935180893,152208336.2331827
Maldives,MDV,2015,3638439346.0,15.3663312211982,236779963.5205501
Maldives,MDV,2016,3195995680.0,15.3684076818158,207958803.94177496
Maldives,MDV,2017,2866457039.0,15.3869685099846,186291213.70723262
Maldives,MDV,2018,3178543421.0,15.3908372695852,206521800.29746136
Maldives,MDV,2019,4020450998.0,15.3820419226831,261373036.05129623
Maldives,MDV,2020,3301168728.0,15.3812695278705,214622643.60028017
Maldives,MDV,2021,4626040361.0,15.3726984126984,300925721.48418164
Mali,MLI,2000,75200000000.0,710.207977031367,105884476.7054464
Mali,MLI,2001,91770000000.0,732.397693260228,125300776.94741349
Mali,MLI,2002,109040000000.0,693.713226496374,157183106.55645248
Mali,MLI,2003,107572423400.0,579.897426172466,185502501.89937407
Mali,MLI,2004,136500000000.0,527.338032291576,258847250.98781866
Mali,MLI,2005,140900000000.0,527.258362649626,267231418.18355748
Mali,MLI,2006,154115800000.0,522.425624895176,295000460.65106994
Mali,MLI,2007,182200000000.0,478.633718476363,380666871.06791836
Mali,MLI,2008,164728000000.0,446.000041432788,369345257.16815305
Mali,MLI,2009,190198000000.0,470.293423341398,404424111.7569922
Mali,MLI,2010,213194000000.0,494.794262222947,430874034.4768548
Mali,MLI,2011,231974000000.0,471.248625718937,492253955.4276693
Mali,MLI,2012,207805000000.0,510.556338454251,407016786.09876
Mali,MLI,2013,239546000000.0,493.899623852237,485009480.5329644
Mali,MLI,2014,279200000000.0,493.757329875312,565459959.9979732
Mali,MLI,2015,221600000000.0,591.21169798261,374823435.9302515
Mali,MLI,2016,301800000000.0,592.605615063022,509276308.4398118
Mali,MLI,2017,330700000000.0,580.656749587858,569527522.4730035
Mali,MLI,2018,311380000000.0,555.446458398226,560594086.5982745
Mali,MLI,2019,310101363000.0,585.911013180369,529263584.4421946
Mali,MLI,2020,201589508000.0,575.586004510945,350233512.3163452
Malta,MLT,1972,20801304.45,0.381576665666667,54514089.360410064
Malta,MLT,1973,25762869.79,0.368796665666667,69856569.1840758
Malta,MLT,1974,28627999.07,0.385481665666667,74265527.05299129
Malta,MLT,1975,27905893.31,0.384783332333333,72523654.13225713
Malta,MLT,1976,30910785.0,0.425135832333333,72708020.94085547
Malta,MLT,1977,41952014.91,0.422309165666667,99339579.43766998
Malta,MLT,1978,32331702.77,0.385383332333333,83894917.23538022
Malta,MLT,1980,25506638.71,0.345426665666667,73840966.10136528
Malta,MLT,1981,39762403.91,0.386700832333333,102824717.6766486
Malta,MLT,1982,50244584.21,0.412142499,121910708.87353455
Malta,MLT,1983,42767295.6,0.432449165666667,98895544.25216569
Malta,MLT,1984,39459585.37,0.461034165916667,85589286.6237866
Malta,MLT,1985,37223386.91,0.469154999833333,79341341.18409392
Malta,MLT,1986,13347309.57,0.392992499833333,33963267.93936413
Malta,MLT,1987,25995807.13,0.345491666666667,75242935.32405502
Malta,MLT,1988,35336594.46,0.330856666666667,106803332.13778362
Malta,MLT,1989,42161658.51,0.3484925,120982972.40256247
Malta,MLT,1990,61611926.39,0.31779,193876227.6660688
Malta,MLT,1991,89424644.77,0.3232425,276648784.6431085
Malta,MLT,1992,96482646.17,0.318923333333333,302526143.7022485
Malta,MLT,1993,98485907.29,0.382289333333333,257621384.38774148
Malta,MLT,1994,106056370.8,0.377921083333333,280630998.05007815
Malta,MLT,1995,139872401.2,0.35305875,396173161.5488924
Malta,MLT,1996,140961410.3,0.360455868333333,391064268.01087725
Malta,MLT,1997,151746952.1,0.385966125,393161322.38289046
Malta,MLT,1998,148032195.1,0.388459510833333,381074966.5581302
Malta,MLT,1999,150367383.3,0.398898395,376956601.4423297
Malta,MLT,2000,180264636.9,0.438149991666667,411422207.75651777
Malta,MLT,2001,170768175.0,0.450041566666667,379449783.4163019
Malta,MLT,2002,185409523.3,0.43362033825,427584933.050589
Malta,MLT,2003,206283574.3,0.377233333333333,546832838.1196436
Malta,MLT,2004,232109638.2,0.344663179985486,673439031.7230122
Malta,MLT,2005,221818083.1,0.34577739225,641505454.2942
Malta,MLT,2006,268147876.5,0.340893885583333,786602188.65806
Malta,MLT,2007,279401337.4,0.311675,896450910.0826181
Malta,MLT,2008,363803351.6,0.679922680042729,535065768.915279
Malta,MLT,2009,333638349.4,0.716957702016136,465352905.0065091
Malta,MLT,2010,376517749.2,0.754308990105961,499155855.41027284
Malta,MLT,2011,399634034.9,0.718413898653317,556272694.1239903
Malta,MLT,2012,441687021.0,0.778338120416812,567474481.0950154
Malta,MLT,2013,432893284.2,0.752945122701996,574933379.801349
Malta,MLT,2014,478905371.4,0.752728196932603,636226161.5169436
Malta,MLT,2015,549351888.5,0.901296423367096,609513001.7799374
Malta,MLT,2016,581299719.1,0.903421436257263,643442468.5650984
Malta,MLT,2017,669724451.5,0.885205508269372,756575106.2816476
Malta,MLT,2018,774859218.7,0.846772667108111,915073488.7868912
Malta,MLT,2019,902445557.0,0.893276257067409,1010264797.5472822
Malta,MLT,2020,1124442086.0,0.875506396987998,1284333375.3681464
Malta,MLT,2021,1183424803.0,0.84549413889045,1399684218.4536247
Malta,MLT,2022,1226229763.0,0.949623753156941,1291279581.9644427
Malta,MLT,2023,1359277851.0,0.924839558470698,1469744496.275314
Marshall Islands,MHL,2008,25010947.0,1.0,25010947.0
Marshall Islands,MHL,2009,24354556.0,1.0,24354556.0
Marshall Islands,MHL,2010,24291103.0,1.0,24291103.0
Marshall Islands,MHL,2011,26817763.0,1.0,26817763.0
Marshall Islands,MHL,2012,28105141.0,1.0,28105141.0
Marshall Islands,MHL,2013,28501234.0,1.0,28501234.0
Marshall Islands,MHL,2014,25330117.0,1.0,25330117.0
Marshall Islands,MHL,2015,26279564.0,1.0,26279564.0
Marshall Islands,MHL,2016,31976062.0,1.0,31976062.0
Marshall Islands,MHL,2017,32155918.0,1.0,32155918.0
Marshall Islands,MHL,2018,36800000.0,1.0,36800000.0
Marshall Islands,MHL,2019,49989825.0,1.0,49989825.0
Marshall Islands,MHL,2020,37193000.0,1.0,37193000.0
Mauritius,MUS,1973,61300000.0,5.44226571275832,11263691.123403663
Mauritius,MUS,1974,81500000.0,5.70307507263003,14290536.063803814
Mauritius,MUS,1975,117200000.0,6.02679733471396,19446481.023168914
Mauritius,MUS,1976,107600000.0,6.681524999,16104107.971773528
Mauritius,MUS,1977,131200000.0,6.60730833233333,19856799.985852562
Mauritius,MUS,1978,140900000.0,6.163274999,22861222.32463442
Mauritius,MUS,1979,174100000.0,6.30810833233333,27599399.190343566
Mauritius,MUS,1980,226000000.0,7.68429166566666,29410648.350291774
Mauritius,MUS,1981,286000000.0,8.93654166608333,32003431.605477743
Mauritius,MUS,1982,248300000.0,10.8725499995833,22837328.870367695
Mauritius,MUS,1983,274600000.0,11.7061999994167,23457654.919075605
Mauritius,MUS,1984,321700000.0,13.8003333328333,23311031.135358296
Mauritius,MUS,1985,368400000.0,15.4424833331667,23856266.641309325
Mauritius,MUS,1986,387700000.0,13.4663583333333,28790263.14340125
Mauritius,MUS,1987,445600000.0,12.8782166666667,34601064.07072399
Mauritius,MUS,1988,583600000.0,13.437725,43429970.47491298
Mauritius,MUS,1989,819700000.0,15.2497666666667,53751642.10162767
Mauritius,MUS,1990,787300000.0,14.8634666666667,52968800.45929157
Mauritius,MUS,1991,913700000.0,15.6523083333333,58374776.45735972
Mauritius,MUS,1992,1170900000.0,15.5632083333333,75235129.86022072
Mauritius,MUS,1993,1427100000.0,17.648025,80864572.66464661
Mauritius,MUS,1994,1525500000.0,17.9603666666667,84937018.73198563
Mauritius,MUS,1995,1613200000.0,17.3863166666667,92785610.13977449
Mauritius,MUS,1996,1807800000.0,17.9480666666667,100723940.55441421
Mauritius,MUS,1997,2077300000.0,21.0572583333333,98650069.59199752
Mauritius,MUS,1998,2197000000.0,23.99265,91569709.89032057
Mauritius,MUS,1999,2690000000.0,25.1858083333333,106806180.86177514
Mauritius,MUS,2000,2847000000.0,26.2495583333333,108458967.7223142
Mauritius,MUS,2001,3371400000.0,29.1292583333333,115739301.06356423
Mauritius,MUS,2002,3740900000.0,29.962,124854816.10039383
Mauritius,MUS,2003,4048300000.0,27.901475,145092687.7521708
Mauritius,MUS,2004,4353000000.0,27.4985166666667,158299447.66717702
Mauritius,MUS,2005,4786400000.0,29.4962333333333,162271566.87803093
Mauritius,MUS,2006,5792400000.0,31.7080666666667,182679065.89490354
Mauritius,MUS,2007,5538900000.0,31.31365625,176884486.30140403
Mauritius,MUS,2008,5748900000.0,28.4528375,202050147.01960742
Mauritius,MUS,2009,6933600000.0,31.9598,216947540.34756163
Mauritius,MUS,2010,8068400000.0,30.7844,262093787.762633
Mauritius,MUS,2011,8183500000.0,28.70595,285080270.81493556
Mauritius,MUS,2012,8572600000.0,30.0499716666667,285278139.1973578
Mauritius,MUS,2013,9291994000.0,30.7013583333333,302657423.13790166
Mauritius,MUS,2014,9951900000.0,30.6216166666667,324995904.3094281
Mauritius,MUS,2015,5117007000.0,35.0567,145963738.74323598
Mauritius,MUS,2016,11353100000.0,35.5418833333333,319428767.84338504
Mauritius,MUS,2017,12807556240.0,34.4814083333333,371433675.683684
Mauritius,MUS,2018,14982743170.0,33.93445,441520141.62598777
Mauritius,MUS,2019,15485800000.0,35.4735166666667,436545385.2662851
Mauritius,MUS,2020,17974646000.0,39.3469333333333,456824572.5206882
Mauritius,MUS,2021,14866700000.0,41.6921333333333,356582856.558072
Mauritius,MUS,2022,15993600000.0,44.182775,361987222.3960582
Mauritius,MUS,2023,17750822270.0,45.267225,392134094.1486914
Mauritius,MUS,2024,18832152460.0,46.414675,405737031.660784
Mexico,MEX,1972,9000000.0,0.0125000230379199,719998673.0182594
Mexico,MEX,1973,10000000.0,0.0124999519112712,800003077.6904835
Mexico,MEX,1974,15000000.0,0.0124999689192605,1200002983.758411
Mexico,MEX,1975,18000000.0,0.0125,1440000000.0
Mexico,MEX,1976,23000000.0,0.0154258499996667,1491003737.265496
Mexico,MEX,1977,23000000.0,0.02257286666575,1018922423.1275017
Mexico,MEX,1978,31000000.0,0.0227672833323333,1361602943.4647079
Mexico,MEX,1979,41000000.0,0.0228053833323333,1797821128.5696967
Mexico,MEX,1980,49000000.0,0.0229510083323333,2134982450.0289588
Mexico,MEX,1981,97000000.0,0.0245145999990833,3956825728.48944
Mexico,MEX,1982,125000000.0,0.05640169999925,2216245255.0483794
Mexico,MEX,1983,236000000.0,0.1200935833325,1965134134.9903173
Mexico,MEX,1984,388000000.0,0.167827583332667,2311896485.042678
Mexico,MEX,1985,658000000.0,0.256871583333167,2561591249.066123
Mexico,MEX,1986,1266000000.0,0.611772583333,2069396430.1288261
Mexico,MEX,1987,2755000000.0,1.3781825,1999009565.1337903
Mexico,MEX,1988,6651000000.0,2.273105,2925953706.4939804
Mexico,MEX,1989,8154000000.0,2.4614725,3312651268.701966
Mexico,MEX,1990,9339000000.0,2.81259916666667,3320416257.915643
Mexico,MEX,1991,13584000000.0,3.01843,4500352832.4327545
Mexico,MEX,1992,15608000000.0,3.09489833333333,5043138196.785145
Mexico,MEX,1993,17695000000.0,3.11561666666667,5679453505.726522
Mexico,MEX,1994,20685000000.0,3.37511666666667,6128677033.386494
Mexico,MEX,1995,24220000000.0,6.419425,3772923587.3929515
Mexico,MEX,1996,33504000000.0,7.59944841666667,4408741024.746081
Mexico,MEX,1997,44105000000.0,7.91846,5569896166.678875
Mexico,MEX,1998,40655000000.0,9.13604175,4449957773.014774
Mexico,MEX,1999,49948000000.0,9.5603975,5224468961.672357
Mexico,MEX,2000,66789000000.0,9.45555833333333,7063464434.939945
Mexico,MEX,2008,163528587200.0,11.1297166666667,14692969470.621399
Mexico,MEX,2009,191214984600.0,13.513475,14149949187.755186
Mexico,MEX,2010,200054780200.0,12.6360083333333,15832118412.921843
Mexico,MEX,2011,220664840500.0,12.423325,17762140208.036095
Mexico,MEX,2012,243915859300.0,13.1694583333333,18521328146.24752
Mexico,MEX,2013,243306394200.0,12.7719916666667,19049996316.157898
Mexico,MEX,2014,268032672500.0,13.29245,20164279158.469658
Mexico,MEX,2015,304647787800.0,15.8482666666667,19222782794.332886
Mexico,MEX,2016,304680677300.0,18.6640583333333,16324460192.875193
Mexico,MEX,2017,307435656300.0,18.9265166666667,16243647033.130737
Mexico,MEX,2018,341769608700.0,19.2443416666667,17759485599.446735
Mexico,MEX,2019,299662003400.0,19.2636333333333,15555840282.81272
Mexico,MEX,2020,292592019700.0,21.4856083333333,13618046794.88947
Mexico,MEX,2021,381467639000.0,20.2724083333333,18817085406.313786
Mexico,MEX,2022,433675000600.0,20.12735,21546552357.861317
Mexico,MEX,2023,423735159500.0,17.7587166666667,23860685850.98581
"Micronesia, Fed. Sts.",FSM,2008,26315987.49,1.0,26315987.49
"Micronesia, Fed. Sts.",FSM,2009,22492297.0,1.0,22492297.0
"Micronesia, Fed. Sts.",FSM,2010,22402808.0,1.0,22402808.0
"Micronesia, Fed. Sts.",FSM,2011,21281193.0,1.0,21281193.0
"Micronesia, Fed. Sts.",FSM,2012,24119038.0,1.0,24119038.0
"Micronesia, Fed. Sts.",FSM,2013,20687670.0,1.0,20687670.0
"Micronesia, Fed. Sts.",FSM,2014,24512549.0,1.0,24512549.0
"Micronesia, Fed. Sts.",FSM,2015,31326581.0,1.0,31326581.0
"Micronesia, Fed. Sts.",FSM,2016,36563306.0,1.0,36563306.0
"Micronesia, Fed. Sts.",FSM,2017,43924702.0,1.0,43924702.0
"Micronesia, Fed. Sts.",FSM,2018,45832388.0,1.0,45832388.0
"Micronesia, Fed. Sts.",FSM,2019,47836684.0,1.0,47836684.0
"Micronesia, Fed. Sts.",FSM,2020,28757123.0,1.0,28757123.0
Moldova,MDA,1996,392500000.0,4.60448333333334,85243005.91090555
Moldova,MDA,1997,326400000.0,4.62358333333333,70594596.54308532
Moldova,MDA,1998,255400000.0,5.3707,47554322.527789675
Moldova,MDA,1999,269200000.0,10.5158083333333,25599553.687820878
Moldova,MDA,2000,460100000.0,12.4342166666667,37002733.04979663
Moldova,MDA,2001,438700000.0,12.8651416666667,34099896.55509679
Moldova,MDA,2002,861800000.0,13.5704975,63505409.43690532
Moldova,MDA,2003,497000000.0,13.9448833333333,35640312.51606034
Moldova,MDA,2004,1534500000.0,12.3297166666667,124455414.62834337
Moldova,MDA,2005,1936000000.0,12.599625,153655366.72718436
Moldova,MDA,2006,2704300000.0,13.1310583333333,205946842.31469083
Moldova,MDA,2007,3149700000.0,12.1399449731183,259449281.44027323
Moldova,MDA,2008,4017000000.0,10.3920436827957,386545719.265042
Moldova,MDA,2009,4405300000.0,11.1095754339478,396531805.0353767
Moldova,MDA,2010,5033300000.0,12.3692609613415,406920026.6475837
Moldova,MDA,2011,5626700000.0,11.7386124865591,479332630.3634831
Moldova,MDA,2012,6252300000.0,12.1114368159066,516231071.09707403
Moldova,MDA,2013,7459800000.0,12.5867562314388,592670570.7835311
Moldova,MDA,2014,7995700000.0,14.0356300499232,569671612.2867424
Moldova,MDA,2015,8157200000.0,18.8184751452893,433467639.4884171
Moldova,MDA,2016,8219400000.0,19.923827563342,412541213.4726028
Moldova,MDA,2017,8858400000.0,18.4990348873528,478857413.58627343
Moldova,MDA,2018,9423200000.0,16.8020517223502,560836269.0292875
Moldova,MDA,2019,11027000000.0,17.5734688664875,627479986.0958825
Moldova,MDA,2020,11877700000.0,17.3218352091831,685706788.949423
Moldova,MDA,2021,13524100000.0,17.6804661418331,764917615.378993
Moldova,MDA,2022,14237300000.0,18.8971896198157,753408326.1285946
Moldova,MDA,2023,16637500000.0,18.1639377592166,915963279.5789521
Mongolia,MNG,1992,2347000000.0,35.8333333333333,65497674.41860471
Mongolia,MNG,1993,7407000000.0,295.010525833333,25107578.71800345
Mongolia,MNG,1994,16514000000.0,412.721416666667,40012461.99767112
Mongolia,MNG,1995,22519000000.0,448.612633333334,50196981.374948576
Mongolia,MNG,1996,26309000000.0,548.403333333333,47973814.89293163
Mongolia,MNG,1997,40565000000.0,789.9925,51348588.752424866
Mongolia,MNG,1998,47559000000.0,840.828333333333,56562080.64666393
Mongolia,MNG,1999,50234000000.0,1021.8675,49159015.23436258
Mongolia,MNG,2000,63350000000.0,1076.66666666667,58839009.28792552
Mongolia,MNG,2001,88934000000.0,1097.6975,81018677.7322532
Mongolia,MNG,2002,87932715910.0,1110.31,79196545.02796517
Mongolia,MNG,2003,161465212100.0,1146.5425,140827934.50744304
Mongolia,MNG,2006,241856500000.0,1179.69916666667,205015402.93817788
Mongolia,MNG,2007,427467500000.0,1170.40083333333,365231711.9277523
Mongolia,MNG,2008,437456958500.0,1165.80416666667,375240517.2395296
Mongolia,MNG,2009,342045953900.0,1437.795,237896190.9729829
Mongolia,MNG,2010,451036428500.0,1357.06416666667,332361902.6857602
Mongolia,MNG,2011,612197635000.0,1265.51583333333,483753437.8273958
Mongolia,MNG,2012,714432609100.0,1357.58,526254518.407755
Mongolia,MNG,2013,584668871500.0,1523.9275,383659243.3038973
Mongolia,MNG,2014,604502388200.0,1817.93870833333,332520775.0013764
Mongolia,MNG,2015,620475864300.0,1970.30916666667,314912946.0478067
Mongolia,MNG,2016,911420200000.0,2140.29086406116,425839410.56992507
Mongolia,MNG,2017,806836116700.0,2439.77720111244,330700736.25252146
Mongolia,MNG,2018,1009853222000.0,2472.48405114235,408436698.1188099
Mongolia,MNG,2019,1464453621000.0,2663.54139820163,549814477.06755
Mongolia,MNG,2020,1848067255000.0,2813.28983532639,656906100.3931692
Mongolia,MNG,2021,1628322260000.0,2849.2886145414,571483791.3189368
Mongolia,MNG,2022,2115111517000.0,3140.67788364809,673457003.6654534
Mongolia,MNG,2023,2381968873000.0,3465.73653626198,687290810.503763
Mongolia,MNG,2024,3122265108000.0,3389.98152022101,921027176.5128807
Morocco,MAR,1990,7753000000.0,8.24234166666666,940630747.1278902
Morocco,MAR,1991,8938000000.0,8.70655,1026583434.3109498
Morocco,MAR,1992,9720000000.0,8.537875,1138456583.166186
Morocco,MAR,1993,14724000000.0,9.29870916666667,1583445587.5640798
Morocco,MAR,1994,15129000000.0,9.202715,1643971371.492
Morocco,MAR,1995,13785000000.0,8.54023583333334,1614124043.9983935
Morocco,MAR,1997,10644000000.0,9.52710666666667,1117233213.8613608
Morocco,MAR,1998,13382000000.0,9.60441583333333,1393317431.5043805
Morocco,MAR,1999,11630000000.0,9.80441916666667,1186199794.4294333
Morocco,MAR,2002,14753762000.0,11.0205833333333,1338746013.142079
Morocco,MAR,2003,16625000000.0,9.57438333333333,1736404259.2821476
Morocco,MAR,2004,13214000000.0,8.86801666666667,1490073879.7288377
Morocco,MAR,2005,23563065220.0,8.86500833333334,2657985681.9085507
Morocco,MAR,2006,14478900000.0,8.79558333333333,1646155741.0442748
Morocco,MAR,2007,14399000290.0,8.19233333333333,1757618947.3898365
Morocco,MAR,2008,17629105470.0,7.750325,2274627898.830049
Morocco,MAR,2009,17363333000.0,8.0571,2155035062.243239
Morocco,MAR,2010,19148746940.0,8.41715833333333,2274965752.297639
Morocco,MAR,2011,20172155920.0,8.089875,2493506502.8816886
Morocco,MAR,2012,21059640000.0,8.62844458333333,2440722635.0712986
Morocco,MAR,2013,21528800000.0,8.4055039167443,2561274161.9349265
Morocco,MAR,2014,23646400000.0,8.40633668826152,2812925638.9432354
Morocco,MAR,2015,25136400000.0,9.76434827950111,2574303914.6576095
Morocco,MAR,2016,26628726800.0,9.8074760315025,2715145743.3559995
Morocco,MAR,2017,26774037940.0,9.6919978888289,2762489039.629285
Morocco,MAR,2018,29584480000.0,9.38610242091972,3151945149.678123
Morocco,MAR,2019,31186080000.0,9.61707609950743,3242781868.139454
Morocco,MAR,2020,33114650660.0,9.49684732221969,3486909869.817739
Morocco,MAR,2021,45094688310.0,8.98848402414138,5016940363.790394
Morocco,MAR,2022,37849803910.0,10.1606602430359,3725132324.5398536
Morocco,MAR,2023,35316120000.0,10.1314260970897,3485799497.678291
Mozambique,MOZ,2010,22366759980.0,33.9600988006908,658618813.5455314
Mozambique,MOZ,2011,25205258330.0,29.0675999319775,867125541.4614226
Mozambique,MOZ,2012,30521332240.0,28.3729844798921,1075718074.7633522
Mozambique,MOZ,2016,22969026660.0,63.0562327310371,364262590.1546184
Mozambique,MOZ,2017,22015202630.0,63.584322913399,346236330.2977121
Mozambique,MOZ,2018,28702872160.0,60.3262076432022,475794406.4669604
Mozambique,MOZ,2019,25734900000.0,62.5483333333333,411440219.5635378
Mozambique,MOZ,2020,39221700000.0,69.465,564625350.8961347
Mozambique,MOZ,2021,42377700000.0,65.465,647333689.7578858
Mozambique,MOZ,2022,46159600000.0,63.8508333333333,722928701.0088621
Mozambique,MOZ,2023,40838500000.0,63.8858333333333,639241876.7854118
Mozambique,MOZ,2024,36793700000.0,63.905,575756200.6102809
Myanmar,MMR,2012,2136028937000.0,640.653416666667,3334141177.4775243
Myanmar,MMR,2013,4208323907000.0,933.570456356879,4507773225.196482
Myanmar,MMR,2014,4814381494000.0,984.345747560046,4890945590.950824
Myanmar,MMR,2015,5331713996000.0,1162.61532862554,4585965679.897947
Myanmar,MMR,2016,4826572048000.0,1234.86951666667,3908568462.3817973
Myanmar,MMR,2017,5857864260000.0,1360.35870704085,4306117371.603
Myanmar,MMR,2018,2539718059000.0,1429.80797520107,1776265137.0320175
Myanmar,MMR,2019,7096626268000.0,1518.25511666667,4674198815.532825
Namibia,NAM,1990,566800000.0,2.58732083333333,219068309.0777625
Namibia,NAM,1991,783200000.0,2.761315,283632979.2146133
Namibia,NAM,1992,823200000.0,2.85201416666667,288638117.447406
Namibia,NAM,1993,867300000.0,3.26774158333333,265412664.3378244
Namibia,NAM,1994,978500000.0,3.55079833333334,275571831.4989253
Namibia,NAM,1995,1084400000.0,3.627085,298972866.64084244
Namibia,NAM,1996,1151200000.0,4.29934916666667,267761457.6934995
Namibia,NAM,1997,1240600000.0,4.60796166666667,269229670.2410355
Namibia,NAM,1998,1350400000.0,5.52828416666667,244271090.1408377
Namibia,NAM,1999,1583300000.0,6.10948416666667,259154448.52750102
Namibia,NAM,2000,1638224420.0,6.93982833333333,236061231.1015379
Namibia,NAM,2001,1883282372.0,8.60918083333334,218752795.23787427
Namibia,NAM,2002,2057628009.0,10.5407466666667,195207045.01009357
Namibia,NAM,2003,2170427266.0,7.56474916666667,286913315.7202061
Namibia,NAM,2004,1959136000.0,6.4596925,303286263.23931056
Namibia,NAM,2005,2019752000.0,6.37711666666667,316718684.2538554
Namibia,NAM,2006,2287430000.0,6.76715,338019698.100382
Namibia,NAM,2007,2904245415.0,7.05439166666666,411693247.5869055
Namibia,NAM,2008,3682508352.0,8.25174166666667,446270436.07965577
Namibia,NAM,2009,4267317691.0,8.52281983333333,500693171.32696265
Namibia,NAM,2010,4105959245.0,7.33025,560139046.4172436
Namibia,NAM,2011,5468311529.0,7.300025,749081205.7492954
Namibia,NAM,2012,5497260624.0,8.19377083333334,670907294.7996566
Namibia,NAM,2013,6877805464.0,9.750075,705410518.790881
Namibia,NAM,2014,8662358382.0,10.8428875,798897745.8264692
Namibia,NAM,2015,9175936037.0,12.8819208333333,712311165.0598192
Namibia,NAM,2016,8036980000.0,14.7087666666667,546407471.2812982
Namibia,NAM,2017,8554670000.0,13.3129,642585011.53017
Namibia,NAM,2018,6564960000.0,13.2339416666667,496069890.9936747
Namibia,NAM,2019,7196110855.0,14.4486904166667,498045888.4148572
Namibia,NAM,2020,9219280000.0,16.4632666666667,559990929.3011906
Namibia,NAM,2021,8367092400.0,14.778675,566159848.5655853
Namibia,NAM,2022,8842420000.0,16.3558583333333,540627084.1793191
Namibia,NAM,2023,10491112040.0,18.4463083333333,568737757.7356275
Nauru,NRU,2014,63094381.18,1.10936329281692,56874408.58060964
Nauru,NRU,2015,60219579.21,1.33109026245502,45240793.136697546
Nauru,NRU,2016,62813286.35,1.34521397601947,46693899.60983492
Nauru,NRU,2017,78283773.74,1.30475807671592,59998688.75082229
Nauru,NRU,2018,51775117.09,1.33841214646451,38683986.26444541
Nauru,NRU,2019,59679768.51,1.43850654421382,41487311.093615144
Nauru,NRU,2020,68603470.0,1.45308511847016,47212285.86541939
Nepal,NPL,2010,19379810000.0,73.2623590158046,264526153.13437107
Nepal,NPL,2011,27133034000.0,74.02,366563550.39178604
Nepal,NPL,2012,23751004000.0,85.2257559923835,278683406.48245573
Nepal,NPL,2013,23285264000.0,93.0843938075485,250152179.62467656
Nepal,NPL,2014,29950344000.0,97.5548421567946,307010327.0923491
Nepal,NPL,2015,31823729310.0,102.405134331356,310763024.8989939
Nepal,NPL,2016,44585214380.0,107.383815174654,415194918.41004664
Nepal,NPL,2017,57133230000.0,104.511885242862,546667298.8171182
Nepal,NPL,2018,62853491080.0,108.930134109273,577007378.1140182
Nepal,NPL,2019,38447646000.0,112.609482758621,341424585.72883
Nepal,NPL,2020,34752540000.0,118.345187275986,293654020.0739689
Nepal,NPL,2021,36849110000.0,118.134081604947,311926156.27408326
Nepal,NPL,2023,50394080000.0,132.115460088756,381439688.9368204
Netherlands,NLD,1974,2073775588.0,2.68838333233333,771383888.2493393
Netherlands,NLD,1975,2672765473.0,2.52899166575,1056850249.5271617
Netherlands,NLD,1976,2945033602.0,2.64394166566667,1113879946.8396778
Netherlands,NLD,1977,3462343049.0,2.45424999908333,1410754018.6587331
Netherlands,NLD,1978,3439654038.0,2.16358333258333,1589795034.0988414
Netherlands,NLD,1979,3920661067.0,2.00599166575,1954475252.2858284
Netherlands,NLD,1980,4179315790.0,1.98811666591667,2102148159.4356153
Netherlands,NLD,1981,4742003258.0,2.49519999908333,1900450168.2198164
Netherlands,NLD,1982,5018809190.0,2.67020833241667,1879557160.0429134
Netherlands,NLD,1983,5576958856.0,2.854124999,1953999512.2687335
Netherlands,NLD,1984,5822000172.0,3.20868333291667,1814451464.3356357
Netherlands,NLD,1985,6148721928.0,3.3214,1851244032.0346842
Netherlands,NLD,1986,6271242586.0,2.45002499991667,2559664732.487749
Netherlands,NLD,1987,6829392252.0,2.0257,3371373970.4793406
Netherlands,NLD,1988,6815778846.0,1.97658333333333,3448262833.677648
Netherlands,NLD,1989,7519138181.0,2.1207375,3545529883.3542576
Netherlands,NLD,1990,7451071148.0,1.82094166666667,4091878001.583422
Netherlands,NLD,1991,7260483457.0,1.86966666666667,3883303685.327146
Netherlands,NLD,1992,7854935541.0,1.75846633333333,4466924041.764433
Netherlands,NLD,1993,8099976857.0,1.85730516666667,4361144847.04586
Netherlands,NLD,1994,8703504545.0,1.81999508333333,4782158273.229776
Netherlands,NLD,1995,8999087566.0,1.60567525,5604550213.998753
Netherlands,NLD,1996,9536823375.0,1.68589675,5656825291.940328
Netherlands,NLD,1997,9486198252.0,1.95126991666667,4861551019.146112
Netherlands,NLD,1998,10176081820.0,1.983733,5129763844.22702
Netherlands,NLD,1999,10223710190.0,0.938283072395283,10896189530.415956
Netherlands,NLD,2000,11503648490.0,1.08270508132602,10624914104.874388
Netherlands,NLD,2001,13277930530.0,1.11653308564462,11892106647.546507
Netherlands,NLD,2002,13834611980.0,1.05755899623965,13081645590.639921
Netherlands,NLD,2003,13817039420.0,0.88404792718493,15629287728.774548
Netherlands,NLD,2004,13482038680.0,0.803921647747618,16770339146.57381
Netherlands,NLD,2005,13209741030.0,0.803800192161442,16434110315.996098
Netherlands,NLD,2006,13886987990.0,0.796432730949102,17436485782.610912
Netherlands,NLD,2007,15633347660.0,0.729672399984083,21425159647.45415
Netherlands,NLD,2008,15175266760.0,0.679922680042729,22319106577.01009
Netherlands,NLD,2009,16251054130.0,0.716957702016136,22666684637.463104
Netherlands,NLD,2010,17234156480.0,0.754308990105961,22847608481.47792
Netherlands,NLD,2011,17090559000.0,0.718413898653317,23789293375.360134
Netherlands,NLD,2012,17359706290.0,0.778338120416812,22303553988.46919
Netherlands,NLD,2013,17890175380.0,0.752945122701996,23760264646.910603
Netherlands,NLD,2014,18735979750.0,0.752728196932603,24890763792.760593
Netherlands,NLD,2015,17291718370.0,0.901296423367096,19185384432.5721
Netherlands,NLD,2016,15941112790.0,0.903421436257263,17645267369.392513
Netherlands,NLD,2017,16698420070.0,0.885205508269372,18863890829.877884
Netherlands,NLD,2018,18055897360.0,0.846772667108111,21323193415.848328
Netherlands,NLD,2019,19176388430.0,0.893276257067409,21467478037.483425
Netherlands,NLD,2020,20002629380.0,0.875506396987998,22846925446.59295
Netherlands,NLD,2021,21840152310.0,0.84549413889045,25831228515.269238
Netherlands,NLD,2022,24120629850.0,0.949623753156941,25400196414.4358
Netherlands,NLD,2023,28225823510.0,0.924839558470698,30519697445.331852
New Zealand,NZL,1972,152000000.0,0.836680053547523,181670400.0000001
New Zealand,NZL,1973,159000000.0,0.736812125513138,215794494.27392042
New Zealand,NZL,1974,219000000.0,0.715402588665368,306121341.2835972
New Zealand,NZL,1975,250000000.0,0.832307219423307,300369856.42539686
New Zealand,NZL,1976,325000000.0,1.00488878965051,323418873.1601152
New Zealand,NZL,1977,381000000.0,1.03031165084621,369791023.60638076
New Zealand,NZL,1978,412000000.0,0.964424999,427197553.3890116
New Zealand,NZL,1979,462000000.0,0.978502499,472150046.08792526
New Zealand,NZL,1980,594000000.0,1.02667999916667,578563915.2239594
New Zealand,NZL,1981,820000000.0,1.15279499925,711314674.797762
New Zealand,NZL,1982,1036000000.0,1.33260833233333,777422724.1893469
New Zealand,NZL,1983,1049000000.0,1.49677333233333,700840920.4917532
New Zealand,NZL,1984,1276000000.0,1.76399249916667,723359084.9183297
New Zealand,NZL,1985,1423000000.0,2.02337249966667,703281279.267374
New Zealand,NZL,1986,1915000000.0,1.91316083308333,1000961323.7344536
New Zealand,NZL,1987,2805000000.0,1.69456083333333,1655296136.2162206
New Zealand,NZL,1988,2398000000.0,1.52640083333333,1571015913.7972202
New Zealand,NZL,2001,12790300000.0,2.37875083333333,5376897748.50316
New Zealand,NZL,2002,11379544000.0,2.16219083333333,5262969310.834043
New Zealand,NZL,2003,12532770000.0,1.72209914639778,7277612340.8548
New Zealand,NZL,2004,12447939000.0,1.50868127077323,8250873952.7336855
New Zealand,NZL,2005,14049840000.0,1.42027345661433,9892348501.317646
New Zealand,NZL,2006,15798000000.0,1.54205575669681,10244765749.48263
New Zealand,NZL,2007,17681000000.0,1.36067522852426,12994283741.886139
New Zealand,NZL,2008,17697543650.0,1.4227268095265,12439172110.554344
New Zealand,NZL,2009,7739940000.0,1.60087729521946,4834811526.850315
New Zealand,NZL,2010,8071750000.0,1.38783382768108,5816078149.274557
New Zealand,NZL,2011,8395320000.0,1.26581069673447,6632366136.309474
New Zealand,NZL,2012,8427750000.0,1.23428365501329,6828049586.30782
New Zealand,NZL,2013,8630150000.0,1.21940797394829,7077327838.079209
New Zealand,NZL,2014,9138940000.0,1.20543333333333,7581456184.497989
New Zealand,NZL,2015,9333120000.0,1.433975,6508565351.557733
New Zealand,NZL,2016,9835760000.0,1.436525,6846911818.450775
New Zealand,NZL,2017,10495600000.0,1.40740833333333,7457395093.819035
New Zealand,NZL,2018,11066640000.0,1.44525833333333,7657205459.231643
New Zealand,NZL,2019,12167000000.0,1.517875,8015811578.687309
New Zealand,NZL,2020,13002960000.0,1.54205833333333,8432210195.247712
New Zealand,NZL,2021,14554678420.0,1.4138,10294722322.817938
New Zealand,NZL,2022,19422752990.0,1.57718333333333,12314835301.328342
New Zealand,NZL,2023,21865528450.0,1.62843333333333,13427340255.460285
Nicaragua,NIC,1990,22430000.0,0.140922416666667,159165592.8882851
Nicaragua,NIC,1991,563410000.0,4.27082828333333,131920546.23190452
Nicaragua,NIC,1992,635060000.0,5.0,127012000.0
Nicaragua,NIC,1993,604240000.0,5.62040833333333,107508202.99236865
Nicaragua,NIC,1994,585880000.0,6.722875,87147239.83414833
Nicaragua,NIC,1995,487350000.0,7.54559166666667,64587380.490374595
Nicaragua,NIC,1996,954270000.0,8.4355,113125481.5956375
Nicaragua,NIC,1997,749980000.0,9.44808333333333,79379062.77287284
Nicaragua,NIC,1998,1052660000.0,10.5819166666667,99477252.86061883
Nicaragua,NIC,1999,1265000000.0,11.80925,107119419.09943476
Nicaragua,NIC,2000,1420770000.0,12.6843916666667,112009313.28331968
Nicaragua,NIC,2001,1945000000.0,13.3719416666667,145453820.28164658
Nicaragua,NIC,2002,1332585010.0,14.25132525,93506041.48200181
Nicaragua,NIC,2003,1246295440.0,15.1046433333333,82510749.34352435
Nicaragua,NIC,2004,1468298920.0,15.9372473164627,92130020.375808
Nicaragua,NIC,2005,1796000000.0,16.7333295340502,107330701.6601429
Nicaragua,NIC,2006,2600796600.0,17.5699984318996,148024862.38576245
Nicaragua,NIC,2007,2526520400.0,18.4485061597542,136949863.48063546
Nicaragua,NIC,2008,3947554937.0,19.3718964065011,203777413.12281758
Nicaragua,NIC,2009,3313141242.0,20.3394818701997,162892116.0894582
Nicaragua,NIC,2010,3590290896.0,21.3564486834358,168112730.22113705
Nicaragua,NIC,2011,5537643383.0,22.4242706163594,246948651.2065221
Nicaragua,NIC,2012,6099411324.0,23.5466635310839,259035056.74798384
Nicaragua,NIC,2013,6349500000.0,24.7227641666667,256828077.84741673
Nicaragua,NIC,2014,7432695373.0,25.9589003667435,286325509.4781358
Nicaragua,NIC,2015,8588472392.0,27.2568449404762,315094150.1393724
Nicaragua,NIC,2016,11239339970.0,28.6209624101588,392696087.8859433
Nicaragua,NIC,2017,11355164920.0,30.0509413442878,377863867.5542999
Nicaragua,NIC,2018,10689600000.0,31.5532123338754,338780086.37883407
Nicaragua,NIC,2019,11306400000.0,33.121745265284,341358823.6200408
Nicaragua,NIC,2020,11321100000.0,34.3421221197024,329656389.91496617
Nicaragua,NIC,2021,13650600000.0,35.1710166666667,388120711.1347834
Nicaragua,NIC,2022,15078967020.0,35.874421141967,420326420.3296137
Nicaragua,NIC,2023,17937000000.0,36.4411942796586,492217677.1251538
Niger,NER,1976,7647000000.0,238.950494267059,32002444.788640857
Niger,NER,1977,9297000000.0,245.679686566576,37841956.45121288
Niger,NER,1978,10149000000.0,225.655860233957,44975565.84383695
Niger,NER,1979,10344000000.0,212.721644262377,48626927.62585744
Niger,NER,1980,12992000000.0,211.279555414705,61491988.538592696
North Macedonia,MKD,2005,25675172730.0,49.2836833333333,520967001.5194349
North Macedonia,MKD,2006,26536049500.0,48.8017666666667,543751821.1430867
North Macedonia,MKD,2007,28445534900.0,44.7298166666667,635941236.065875
North Macedonia,MKD,2008,18745000000.0,41.8676833333333,447720019.5377425
North Macedonia,MKD,2009,16220000000.0,44.100575,367795657.9931214
North Macedonia,MKD,2010,14681000000.0,46.4853916666667,315819647.2834564
North Macedonia,MKD,2011,13958000000.0,44.230825,315571776.01819545
North Macedonia,MKD,2012,14652000000.0,47.89025,305949540.87731844
North Macedonia,MKD,2013,13818581950.0,46.3953416666667,297844168.26330066
North Macedonia,MKD,2014,13711636300.0,46.4371308333333,295273115.58528876
North Macedonia,MKD,2015,15589126050.0,55.537075,280697642.9709343
North Macedonia,MKD,2016,13641678510.0,55.731725,244774022.51590097
North Macedonia,MKD,2017,12647550900.0,54.6654583333333,231362752.37791094
North Macedonia,MKD,2018,11688917110.0,52.1071083333333,224324808.72331414
North Macedonia,MKD,2019,14048897980.0,54.9472,255679961.4903034
North Macedonia,MKD,2020,12901352360.0,54.144325,238277092.93633264
North Macedonia,MKD,2021,14525100000.0,52.1021583333333,278781157.33849174
North Macedonia,MKD,2022,17530188740.0,58.5743916666667,299280764.87350047
North Macedonia,MKD,2023,17390022020.0,56.9471916666667,305371020.2566323
Norway,NOR,1972,3204000000.0,6.58824917226787,486320404.1350926
Norway,NOR,1973,3561000000.0,5.76583333233333,617603700.0637559
Norway,NOR,1974,4407000000.0,5.53970833233333,795529247.3211794
Norway,NOR,1975,5188000000.0,5.22694166566667,992549818.2001035
Norway,NOR,1976,5745000000.0,5.45651666566667,1052869504.8525218
Norway,NOR,1977,6466000000.0,5.323499999,1214614445.611837
Norway,NOR,1978,7253000000.0,5.242249999,1383566217.060149
Norway,NOR,1979,8017000000.0,5.06406666566667,1583115019.862122
Norway,NOR,1980,11820000000.0,4.939224999,2393087984.9355087
Norway,NOR,1981,14507000000.0,5.73950833233333,2527568418.7572823
Norway,NOR,1982,15805000000.0,6.45403333233333,2448856271.1351867
Norway,NOR,1983,17845000000.0,7.29636666566667,2445737833.320565
Norway,NOR,1984,18610000000.0,8.16145833258333,2280229738.5630856
Norway,NOR,1985,19654000000.0,8.59723333308333,2286084282.9947066
Norway,NOR,1986,21195000000.0,7.39474166666667,2866225887.990226
Norway,NOR,1987,24524000000.0,6.73745,3639952801.1339602
Norway,NOR,1988,25838000000.0,6.51698333333333,3964717827.010966
Norway,NOR,1989,28891000000.0,6.9045,4184372510.68144
Norway,NOR,1990,34063000000.0,6.25974166666667,5441598362.019729
Norway,NOR,1991,37046000000.0,6.4829425,5714380468.436979
Norway,NOR,1992,39850000000.0,6.21450083333333,6412421700.267966
Norway,NOR,1993,41794000000.0,7.09412916666667,5891350300.806239
Norway,NOR,1994,42754000000.0,7.05758416666667,6057880287.411849
Norway,NOR,1995,26299000000.0,6.33515666666667,4151278552.96396
Norway,NOR,1996,27748000000.0,6.44980833333333,4302143345.34489
Norway,NOR,1997,28989000000.0,7.07340083333334,4098311502.9180293
Norway,NOR,1998,30215000000.0,7.5450975,4004587084.5274034
Norway,NOR,1999,32674000000.0,7.79917166666667,4189419260.9770722
Norway,NOR,2000,35840000000.0,8.80184166666667,4071875109.47046
Norway,NOR,2001,42693000000.0,8.99165416666667,4748069621.968888
Norway,NOR,2002,54605000000.0,7.98377883333333,6839493069.62474
Norway,NOR,2003,52874000000.0,7.08021666666667,7467850560.128806
Norway,NOR,2004,55132000000.0,6.74083333333333,8178810730.621836
Norway,NOR,2005,58012000000.0,6.4425,9004578967.792006
Norway,NOR,2006,61127000000.0,6.41333333333333,9531237006.237011
Norway,NOR,2007,64025000000.0,5.86166666666666,10922661359.112892
Norway,NOR,2008,68515000000.0,5.64,12148049645.390072
Norway,NOR,2009,75373000000.0,6.28833333333333,11986164855.552616
Norway,NOR,2010,77445000000.0,6.04416666666666,12813180752.791962
Norway,NOR,2011,79015000000.0,5.60460730676328,14098222350.859404
Norway,NOR,2012,82107000000.0,5.8175,14113794585.302965
Norway,NOR,2013,87451000000.0,5.875,14885276595.74468
Norway,NOR,2014,94420000000.0,6.30166666666667,14983337741.338263
Norway,NOR,2015,101325000000.0,8.06416666666667,12564844476.593979
Norway,NOR,2016,106174000000.0,8.4,12639761904.761904
Norway,NOR,2017,111795000000.0,8.27166666666666,13515414064.074162
Norway,NOR,2018,116209000000.0,8.1325,14289455886.873655
Norway,NOR,2019,123627000000.0,8.8,14048522727.272726
Norway,NOR,2020,133477000000.0,9.41583333333334,14175803168.421974
Norway,NOR,2021,141582000000.0,8.59,16482188591.385332
Norway,NOR,2022,158043000000.0,9.61416666666667,16438554216.867466
Norway,NOR,2023,171066000000.0,10.5633333333333,16194319974.755493
Palau,PLW,2008,20423219.69,1.0,20423219.69
Palau,PLW,2009,19071666.63,1.0,19071666.63
Palau,PLW,2010,19073854.52,1.0,19073854.52
Palau,PLW,2011,20188468.55,1.0,20188468.55
Palau,PLW,2012,21969775.96,1.0,21969775.96
Palau,PLW,2013,22611872.03,1.0,22611872.03
Palau,PLW,2014,24681986.0,1.0,24681986.0
Palau,PLW,2015,24492398.03,1.0,24492398.03
Palau,PLW,2016,25912066.06,1.0,25912066.06
Palau,PLW,2017,25141368.0,1.0,25141368.0
Palau,PLW,2018,26647307.0,1.0,26647307.0
Palau,PLW,2019,27202867.0,1.0,27202867.0
Palau,PLW,2020,28064000.0,1.0,28064000.0
Panama,PAN,2014,975753183.4,1.0,975753183.4
Panama,PAN,2015,980748698.8,1.0,980748698.8
Panama,PAN,2016,949901854.1,1.0,949901854.1
Panama,PAN,2017,1031934254.0,1.0,1031934254.0
Panama,PAN,2018,915736979.1,1.0,915736979.1
Panama,PAN,2019,1237166320.0,1.0,1237166320.0
Panama,PAN,2020,846041082.8,1.0,846041082.8
Panama,PAN,2021,944842532.6,1.0,944842532.6
Papua New Guinea,PNG,1990,283000000.0,0.955,296335078.53403145
Papua New Guinea,PNG,1991,376440000.0,0.951709166666667,395541004.73621565
Papua New Guinea,PNG,1992,381370000.0,0.964663333333334,395339997.7194113
Papua New Guinea,PNG,1993,531180000.0,0.978176666666667,543030740.8682138
Papua New Guinea,PNG,1994,261440000.0,1.01134,258508513.4573932
Papua New Guinea,PNG,1995,281610000.0,1.27984166666667,220035030.37485045
Papua New Guinea,PNG,1996,633920000.0,1.319075,480579193.75319827
Papua New Guinea,PNG,1997,606360000.0,1.43797166666667,421677293.13164395
Papua New Guinea,PNG,1998,227000000.0,2.07359166666667,109471890.56025961
Papua New Guinea,PNG,1999,744160000.0,2.5707725,289469410.4593075
Papua New Guinea,PNG,2000,1086939000.0,2.78215666666667,390682168.6293722
Papua New Guinea,PNG,2001,1025114000.0,3.38871506458333,302508172.11332756
Papua New Guinea,PNG,2002,906800000.0,3.89522080166667,232798099.56139132
Papua New Guinea,PNG,2014,2469300000.0,2.461385,1003215669.2268784
Papua New Guinea,PNG,2015,2610412438.0,2.76841166666667,942927841.7769023
Papua New Guinea,PNG,2016,2496394102.0,3.13302930185604,796798836.3597844
Papua New Guinea,PNG,2017,3120656371.0,3.18878838289617,978633887.3217137
Papua New Guinea,PNG,2018,3830807323.0,3.2934630812508,1163154779.1770377
Papua New Guinea,PNG,2019,5128164153.0,3.38753768145423,1513832357.0761106
Papua New Guinea,PNG,2020,4271980576.0,3.45997438644787,1234685607.134151
Papua New Guinea,PNG,2021,4779524219.0,3.50877192982456,1362164402.4150007
Papua New Guinea,PNG,2022,6043994805.0,3.51922970506745,1717419808.1748006
Papua New Guinea,PNG,2023,5190496143.0,3.58962274932016,1445972600.876521
Paraguay,PRY,2005,1213700000000.0,6177.9349469697,196457232.13633454
Paraguay,PRY,2006,1302900000000.0,5635.09393939394,231211762.21955374
Paraguay,PRY,2007,1143920960000.0,5032.71157647908,227297142.42839545
Paraguay,PRY,2008,1213060345000.0,4363.29160824492,278014960.7025551
Paraguay,PRY,2009,1783533190000.0,4966.68229650212,359099512.2148415
Paraguay,PRY,2010,1948882002000.0,4758.43012878788,409564068.243751
Paraguay,PRY,2011,2572996785000.0,4193.8023075919,613523622.7855066
Paraguay,PRY,2012,2803925106000.0,4421.65928640414,634134139.3312684
Paraguay,PRY,2013,2292753517000.0,4303.88256599819,532717489.8110275
Paraguay,PRY,2014,3428395302000.0,4462.18528829093,768322039.6509165
Paraguay,PRY,2015,3483596363000.0,5204.92080811087,669289023.1051131
Paraguay,PRY,2016,3926241831000.0,5670.54089799784,692392824.886649
Paraguay,PRY,2017,4149083808000.0,5618.9334516428,738411273.9023343
Paraguay,PRY,2018,4664962387000.0,5732.10455572912,813830651.8392911
Paraguay,PRY,2019,5084094083000.0,6240.72207844257,814664396.0579611
Paraguay,PRY,2020,5374314795000.0,6771.09742519652,793713996.0505028
Paraguay,PRY,2021,7560259166000.0,6774.16273484849,1116043334.3455975
Paraguay,PRY,2022,6837359386000.0,6982.75237776692,979178268.9831804
Paraguay,PRY,2023,8961720044000.0,7288.87205374128,1229507114.1220088
Paraguay,PRY,2024,9541779579000.0,7560.24758837744,1262098822.4868217
Peru,PER,1972,12.0,3.8699999999e-08,310077519.3878573
Peru,PER,1973,14.0,3.8699999999e-08,361757105.95250016
Peru,PER,1974,17.0,3.8699999999e-08,439276485.7994645
Peru,PER,1975,22.0,4.03708333325833e-08,544947879.0482088
Peru,PER,1976,35.0,5.57558333329166e-08,627737008.0905423
Peru,PER,1977,40.0,8.42348333325833e-08,474862932.7972731
Peru,PER,1990,137690000.0,0.187885579166667,732839638.9478078
Peru,PER,1991,597000000.0,0.7725,772815533.9805826
Peru,PER,1992,1046000000.0,1.24583333333333,839598662.2073601
Peru,PER,1993,1625000000.0,1.98831891666667,817273318.8719251
Peru,PER,1994,2829000000.0,2.195,1288838268.7927108
Peru,PER,1995,4261100000.0,2.25333333333333,1891020710.0591745
Peru,PER,1996,5428600000.0,2.45333333333333,2212744565.2173944
Peru,PER,1997,5484900000.0,2.66416666666667,2058767594.6199536
Peru,PER,1998,6507800000.0,2.93,2221092150.1706486
Peru,PER,1999,6679800000.0,3.38333333333333,1974325123.1527112
Peru,PER,2000,7583400000.0,3.49,2172893982.808023
Peru,PER,2001,7837800000.0,3.50683333333333,2235007841.8326144
Peru,PER,2002,7188800000.0,3.5165,2044305417.3183563
Peru,PER,2003,7589900000.0,3.478467,2181966941.184148
Peru,PER,2004,8367900000.0,3.413175,2451646926.9814763
Peru,PER,2005,9253600000.0,3.29584166666667,2807659146.247415
Peru,PER,2006,10206143010.0,3.27403250265816,3117300454.9324775
Peru,PER,2007,11065824720.0,3.12804457735247,3537617334.5221148
Peru,PER,2008,11277291870.0,2.92440833333333,3856264442.095129
Peru,PER,2009,13697985850.0,3.01150833333333,4548546553.360586
Peru,PER,2010,15803859220.0,2.825125,5594038925.711252
Peru,PER,2011,16609135930.0,2.7541,6030694575.360372
Peru,PER,2012,18542361570.0,2.63758641774892,7030048928.529592
Peru,PER,2013,20907216030.0,2.70189902597403,7737970897.140756
Peru,PER,2014,24046045750.0,2.83904413780664,8469768197.6079645
Peru,PER,2015,28786991270.0,3.18443924152237,9039893396.188002
Peru,PER,2016,27743862730.0,3.37506158720665,8220253768.157767
Peru,PER,2017,28311362820.0,3.2604884908321,8683166003.991856
Peru,PER,2018,28523847800.0,3.28660269803296,8678824433.83607
Peru,PER,2019,31502011710.0,3.3372655465368,9439468112.656113
Peru,PER,2020,31519525110.0,3.4949411976912,9018613855.598536
Peru,PER,2021,39312921220.0,3.88055413137587,10130749343.795755
Philippines,PHL,1990,30215000000.0,24.3105,1242878591.5550892
Philippines,PHL,1991,36200000000.0,27.4786333333333,1317387206.3021102
Philippines,PHL,1992,33704000000.0,25.5124916666667,1321078334.5021489
Philippines,PHL,1993,34565000000.0,27.1198416666667,1274528089.980858
Philippines,PHL,1994,46837000000.0,26.4171666666667,1772975905.8188152
Philippines,PHL,1995,46950000000.0,25.7144666666667,1825820484.9669554
Philippines,PHL,1996,83401000000.0,26.2161,3181289360.3548965
Philippines,PHL,1998,118303000000.0,40.89305,2892985482.863225
Philippines,PHL,1999,142128000000.0,39.0889833333333,3636011681.040569
Philippines,PHL,2000,80009000000.0,44.19225,1810475818.7238712
Philippines,PHL,2001,88024000000.0,50.99265,1726209561.57407
Philippines,PHL,2002,83400000000.0,51.6035666666667,1616167357.9410198
Philippines,PHL,2003,78541000000.0,54.2033333333333,1449006826.1484544
Philippines,PHL,2004,83838000000.0,56.0399166666666,1496040768.5593174
Philippines,PHL,2005,84757000000.0,55.0854916666666,1538644703.634156
Philippines,PHL,2006,99990000000.0,51.3142725,1948580679.9657931
Philippines,PHL,2007,64100000000.0,46.148391177755,1388997500.543383
Philippines,PHL,2008,138690000000.0,44.32328760941,3129054893.7203746
Philippines,PHL,2009,187500000000.0,47.6796884535091,3932492138.2996264
Philippines,PHL,2010,182100000000.0,45.1096641800896,4036828987.974929
Philippines,PHL,2011,201200000000.0,43.3131369237488,4645241935.586547
Philippines,PHL,2012,256741000000.0,42.2287947349434,6079761490.032593
Philippines,PHL,2013,282880000000.0,42.4461848306739,6664438774.143387
Philippines,PHL,2014,308729000000.0,44.3951543042097,6954114809.118375
Philippines,PHL,2015,403399000000.0,45.5028399421431,8865358744.92498
Philippines,PHL,2016,419836000000.0,47.4924638585099,8840055155.924955
Philippines,PHL,2017,465372000000.0,50.4037197937177,9232889991.147118
Philippines,PHL,2018,525606000000.0,52.6614299539683,9980853168.237848
Philippines,PHL,2019,572919000000.0,51.7957826517332,11061112906.666908
Philippines,PHL,2020,885100000000.0,49.6240960026328,17836093174.43367
Philippines,PHL,2021,883000000000.0,49.2545977288412,17927260412.5433
Philippines,PHL,2022,879400000000.0,54.477785837205,16142359431.198166
Philippines,PHL,2023,916700000000.0,55.630363223193,16478411192.861242
Poland,POL,1994,11350000000.0,2.27227666666667,4994990340.084753
Poland,POL,1995,14852000000.0,2.42498333333333,6124578175.795032
Poland,POL,1996,19738000000.0,2.6961,7320945068.803086
Poland,POL,1997,22109000000.0,3.27929166666667,6742004752.042482
Poland,POL,1998,25816000000.0,3.4754,7428209702.48029
Poland,POL,1999,19018000000.0,3.96710833333333,4793920004.705362
Poland,POL,2000,21425000000.0,4.346075,4929735450.952871
Poland,POL,2001,22691000000.0,4.0939,5542636605.681624
Poland,POL,2002,23263000000.0,4.08003333333333,5701669104.010592
Poland,POL,2003,25591000000.0,3.889075,6580227946.234001
Poland,POL,2004,29008000000.0,3.65764166666667,7930793293.492841
Poland,POL,2005,26810700000.0,3.23548333333333,8286459004.064316
Poland,POL,2006,29365000000.0,3.10315833333333,9462939639.453363
Poland,POL,2007,31781000000.0,2.76795,11481782546.650047
Poland,POL,2008,33367000000.0,2.40924166666667,13849586142.250828
Poland,POL,2009,28966000000.0,3.12014166666667,9283552830.133236
Poland,POL,2010,35311000000.0,3.0153,11710609226.27931
Poland,POL,2011,34359000000.0,2.96284777777778,11596613318.342743
Poland,POL,2012,37626000000.0,3.25654166666667,11553974691.966158
Poland,POL,2013,38251000000.0,3.16061666666667,12102385083.079765
Poland,POL,2014,40642300000.0,3.15454166666667,12883741695.174932
Poland,POL,2015,43787600000.0,3.7695,11616288632.444622
Poland,POL,2016,43214600000.0,3.94278333333334,10960429814.809317
Poland,POL,2017,46062000000.0,3.77933333333333,12187863820.77969
Poland,POL,2018,49850000000.0,3.61171666666667,13802300844.935223
Poland,POL,2019,55478000000.0,3.839375,14449747680.286505
Poland,POL,2020,61021000000.0,3.89974166666667,15647446732.5827
Poland,POL,2021,67819000000.0,3.86191666666667,17560969294.176018
Poland,POL,2022,87669000000.0,4.45775833333333,19666611207.800648
Poland,POL,2023,99352000000.0,4.20366666666667,23634604710.173637
Portugal,PRT,1978,120709091.1,43.9373333325833,2747301.2571403338
Portugal,PRT,1979,178070849.3,48.9234666656667,3639783.961281832
Portugal,PRT,1980,223960255.8,50.0621333323333,4473645.865493955
Portugal,PRT,1981,268852066.5,61.54637499925,4368284.346613041
Portugal,PRT,1982,346664538.5,79.4733333328333,4362023.385230028
Portugal,PRT,1983,471364012.7,110.779833332583,4254962.284379612
Portugal,PRT,1984,557157251.0,146.390333332917,3805970.232562609
Portugal,PRT,1985,753683622.5,170.3946666665,4423164.393842944
Portugal,PRT,1986,950708791.8,149.58675,6355568.202397605
Portugal,PRT,1987,1049770054.0,140.882416666667,7451391.584826335
Portugal,PRT,1988,1248231761.0,143.953916666667,8671051.055111947
Portugal,PRT,1989,1673466945.0,157.45825,10628004.216990853
Portugal,PRT,1990,1998683174.0,142.55475,14020460.026761647
Portugal,PRT,1991,2317913828.0,144.482,16042924.571918994
Portugal,PRT,1992,2522919763.0,134.997833333333,18688594.481146038
Portugal,PRT,1993,2890035016.0,160.800185833333,17972833.806271084
Portugal,PRT,1994,3052643130.0,165.992776666667,18390216.67870564
Portugal,PRT,1995,2564669847.0,151.105528333333,16972706.9240143
Portugal,PRT,1996,2792908220.0,154.243661666667,18107118.24279496
Portugal,PRT,1997,2970182560.0,175.312445,16942223.12625895
Portugal,PRT,1998,3243607151.0,180.10448,18009586.163542405
Portugal,PRT,1999,3624161565.0,0.938283072395283,3862546039.2758756
Portugal,PRT,2000,4052759314.0,1.08270508132602,3743179360.5664706
Portugal,PRT,2001,4278661353.0,1.11653308564462,3832095446.172788
Portugal,PRT,2002,4326467238.0,1.05755899623965,4090993744.446946
Portugal,PRT,2003,4437032750.0,0.88404792718493,5018995705.503009
Portugal,PRT,2004,4846424971.0,0.803921647747618,6028479248.666133
Portugal,PRT,2005,5247326259.0,0.803800192161442,6528147554.791928
Portugal,PRT,2006,5455651720.0,0.796432730949102,6850109881.218149
Portugal,PRT,2007,6180182215.0,0.729672399984083,8469804004.008942
Portugal,PRT,2008,6255220221.0,0.679922680042729,9199899348.271332
Portugal,PRT,2009,6917528329.0,0.716957702016136,9648446916.111536
Portugal,PRT,2010,6701247472.0,0.754308990105961,8883955461.088495
Portugal,PRT,2011,7037145730.0,0.718413898653317,9795391964.425087
Portugal,PRT,2012,6210043749.0,0.778338120416812,7978593860.563357
Portugal,PRT,2013,6104855012.0,0.752945122701996,8107968068.2335825
Portugal,PRT,2014,6385494248.0,0.752728196932603,8483134116.698618
Portugal,PRT,2015,6563461743.0,0.901296423367096,7282245410.982527
Portugal,PRT,2016,6809703557.0,0.903421436257263,7537682064.764327
Portugal,PRT,2017,6859925079.0,0.885205508269372,7749528233.744896
Portugal,PRT,2018,7031162689.0,0.846772667108111,8303483286.739464
Portugal,PRT,2019,7097180642.0,0.893276257067409,7945112820.192677
Portugal,PRT,2020,7316891102.0,0.875506396987998,8357324546.310887
Portugal,PRT,2021,8065427385.0,0.84549413889045,9539306086.242462
Portugal,PRT,2022,8760490866.0,0.949623753156941,9225222975.811752
Portugal,PRT,2023,8835052838.0,0.924839558470698,9553065455.601318
Romania,ROU,1980,2385000.0,0.0018,1325000000.0
Romania,ROU,1981,2486000.0,0.0015,1657333333.3333333
Romania,ROU,1982,2679000.0,0.0015,1786000000.0
Romania,ROU,1983,3066000.0,0.00171784999995,1784789125.9942598
Romania,ROU,1984,3196000.0,0.002128016666625,1501867936.5273979
Romania,ROU,1985,10469000.0,0.001714141666625,6107429860.574229
Romania,ROU,1986,9683000.0,0.00161534166665,5994397470.153316
Romania,ROU,1987,10079000.0,0.0014557,6923816720.47812
Romania,ROU,1988,6750000.0,0.00142769166666667,4727911605.563748
Romania,ROU,1989,7225000.0,0.00149215833333333,4841979459.284381
Romania,ROU,1990,3542000.0,0.00224320833333333,1578988428.0327678
Romania,ROU,1991,11917000.0,0.007638725,1560077107.1088436
Romania,ROU,1992,34319000.0,0.0307953333333333,1114422098.5863671
Romania,ROU,1993,81397000.0,0.0760050833333333,1070941526.9373434
Romania,ROU,1994,226182000.0,0.165508583333333,1366587734.8757873
Romania,ROU,1995,301500000.0,0.203327583333333,1482828817.700175
Romania,ROU,1996,432000000.0,0.30842175,1400679426.7913985
Romania,ROU,1997,1543800000.0,0.716794333333334,2153755865.8155293
Romania,ROU,1998,1965600000.0,0.887557583333333,2214616873.215081
Romania,ROU,1999,4473000000.0,1.53328375,2917268248.619996
Romania,ROU,2000,6221500000.0,2.17087208333333,2865898938.8481207
Romania,ROU,2001,6831400000.0,2.90607916666667,2350727426.2716494
Romania,ROU,2002,7910200000.0,3.305543,2393010770.091328
Romania,ROU,2003,9921900000.0,3.32000708333333,2988517720.2809715
Romania,ROU,2004,8756563780.0,3.26365683333333,2683052853.647146
Romania,ROU,2005,12723863860.0,2.91365316666667,4366979572.437095
Romania,ROU,2006,13525873060.0,2.80898333333333,4815220118.785569
Romania,ROU,2007,17651404760.0,2.43825,7239374452.988824
Romania,ROU,2008,21225059910.0,2.51885833333333,8426460364.64934
Romania,ROU,2009,20859860990.0,3.049325,6840812635.583284
Romania,ROU,2010,17731476350.0,3.1779,5579620614.242109
Romania,ROU,2011,18432333760.0,3.04860833333333,6046146879.040443
Romania,ROU,2012,19558913540.0,3.4682,5639499896.199758
Romania,ROU,2013,19971049690.0,3.32791666666667,6001066640.290466
Romania,ROU,2014,23190958100.0,3.349175,6924379317.294558
Romania,ROU,2015,24400453940.0,4.00566666666666,6091483882.832664
Romania,ROU,2016,25288019980.0,4.05918333333333,6229829476.372511
Romania,ROU,2017,25596659090.0,4.05249166666666,6316276798.430605
Romania,ROU,2018,27766572550.0,3.94161666666667,7044462944.561659
Romania,ROU,2019,34789236040.0,4.237925,8209025888.8489065
Romania,ROU,2020,34863178290.0,4.24399166666667,8214714124.870645
Romania,ROU,2021,41726495220.0,4.16041666666666,10029402957.235868
Romania,ROU,2022,45425647150.0,4.688475,9688789457.12625
Russian Federation,RUS,1994,44265000000.0,,
Russian Federation,RUS,1995,44265000000.0,,
Russian Federation,RUS,1998,115487000000.0,9.70508333333333,11899640222.907242
Russian Federation,RUS,1999,216449000000.0,24.6199,8791627910.755121
Russian Federation,RUS,2000,441935000000.0,28.1291666666667,15710916901.199804
Russian Federation,RUS,2001,567721000000.0,29.168525,19463479898.280766
Russian Federation,RUS,2002,465191000000.0,31.3484833333333,14839346294.79684
Russian Federation,RUS,2003,582686707800.0,30.692025,18984954814.809383
Russian Federation,RUS,2004,848354587900.0,28.8137416666667,29442708195.077026
Russian Federation,RUS,2005,625550300000.0,28.2844416666667,22116409698.735996
Russian Federation,RUS,2006,973200000000.0,27.1909583333333,35791309304.71684
Russian Federation,RUS,2007,1046000000000.0,25.5808453675404,40889970013.55053
Russian Federation,RUS,2008,1230400000000.0,24.852875,49507350759.217995
Russian Federation,RUS,2009,1419100000000.0,31.7403583333333,44709640171.56921
Russian Federation,RUS,2010,1604500000000.0,30.3679153383059,52835368583.107635
Russian Federation,RUS,2011,1509600000000.0,29.3823413709302,51377798009.43782
Russian Federation,RUS,2012,1860200000000.0,30.8398313519917,60318098979.483055
Russian Federation,RUS,2013,1930500000000.0,31.8371436402813,60636721114.56236
Russian Federation,RUS,2014,2188571941000.0,38.3782071444168,57026424730.17112
Russian Federation,RUS,2015,2038488048000.0,60.9376501088951,33452029153.68804
Russian Federation,RUS,2016,1794667000000.0,67.0559333333333,26763731571.354874
Russian Federation,RUS,2017,2170598000000.0,58.3428011851719,37204212960.410065
Russian Federation,RUS,2018,2497275000000.0,62.6681333333334,39849200337.86439
Russian Federation,RUS,2019,2573281600000.0,64.7376583333333,39749377197.89321
Russian Federation,RUS,2020,2523409000000.0,72.1049083333333,34996355426.10427
Rwanda,RWA,1973,868000000.0,83.9219999,10342937.501898116
Rwanda,RWA,1974,1104000000.0,92.3017565556667,11960769.12506192
Rwanda,RWA,1975,1363000000.0,92.2772665546667,14770701.93873303
Rwanda,RWA,1976,1759000000.0,97.0123465546667,18131712.74038608
Rwanda,RWA,1977,2561000000.0,95.9350932213333,26695132.239997704
Rwanda,RWA,1978,2742000000.0,89.4879065546667,30641011.792190682
Rwanda,RWA,1979,3064000000.0,86.6907065546667,35344042.305940345
Rwanda,RWA,1980,4266000000.0,86.063879888,49567832.702309
Rwanda,RWA,1989,5159000000.0,80.148978175,64367632.84412266
Rwanda,RWA,1990,9539000000.0,83.7040975583333,113960968.19934389
Rwanda,RWA,1991,13093000000.0,125.1642483,104606548.41802777
Rwanda,RWA,1992,21048000000.0,133.938583325,157146652.42447233
Rwanda,RWA,2014,318967769800.0,682.4377953875,467394643.0808167
Rwanda,RWA,2015,304870790600.0,719.8595555,423514265.06833386
Rwanda,RWA,2016,386646830500.0,787.25152175,491135069.05710846
Rwanda,RWA,2017,482215128100.0,831.55433975,579896111.4735737
Rwanda,RWA,2018,491135054100.0,861.093412166667,570362108.4084423
Rwanda,RWA,2019,536021821900.0,899.350509,596009916.6408545
Rwanda,RWA,2020,622390090700.0,943.278048166667,659816150.6139815
Rwanda,RWA,2021,685544000000.0,988.624806551768,693431922.258874
Rwanda,RWA,2022,710267308900.0,1030.30829974206,689373568.1618959
Rwanda,RWA,2023,859314223700.0,1160.09869425,740725102.0617205
Samoa,WSM,2012,232241630.0,2.29231194992329,101313274.57755989
Samoa,WSM,2013,225929725.4,2.31090003482576,97766983.42428946
Samoa,WSM,2014,259746210.6,2.33176884618308,111394493.937589
Samoa,WSM,2015,251527424.1,2.5608736880983,98219379.29581517
Samoa,WSM,2016,217289197.6,2.56492967258212,84715460.20256162
Samoa,WSM,2017,223584379.4,2.55437711641037,87529902.28561082
Samoa,WSM,2018,252398949.5,2.58727995057261,97553784.02099074
Samoa,WSM,2019,305445400.8,2.64882632186605,115313487.44104117
Samoa,WSM,2020,294864283.1,2.66496084519696,110644883.8193746
Samoa,WSM,2021,316202040.4,2.55609234207843,123705249.2958401
Samoa,WSM,2022,318540229.6,2.68899764734059,118460583.22700106
Samoa,WSM,2023,340860726.7,2.73843913026323,124472632.21338612
San Marino,SMR,1995,68700000000.0,1628.93315833333,42174842.870957054
San Marino,SMR,2002,79310195.0,1.05755899623965,74993636.55550405
San Marino,SMR,2003,80624150.8,0.884047927184961,91198846.03624184
San Marino,SMR,2004,96277352.29,0.803921647747605,119759621.54986867
San Marino,SMR,2005,98293783.24,0.803800192161416,122286339.56367733
San Marino,SMR,2006,92712298.74,0.796432730949096,116409453.22465119
San Marino,SMR,2007,108720323.1,0.729672399984088,148998815.22498435
San Marino,SMR,2008,129086611.5,0.679922680042729,189854839.80603158
San Marino,SMR,2009,135741174.4,0.716957702016136,189329403.97778863
San Marino,SMR,2010,126056966.7,0.754308990105979,167115821.70363533
San Marino,SMR,2011,139406810.3,0.718413898653322,194048041.88966867
San Marino,SMR,2012,138392761.2,0.778338120416812,177805451.85926205
San Marino,SMR,2013,132334111.0,0.752945122702002,175755320.0226715
San Marino,SMR,2014,124198029.9,0.752728196932591,164997180.13236895
San Marino,SMR,2015,122831139.1,0.901296423367096,136282732.20160237
San Marino,SMR,2016,133042971.6,0.903421436257288,147265679.40558618
San Marino,SMR,2017,131258769.0,0.88520550826938,148280560.58600143
San Marino,SMR,2018,131509464.0,0.846772667108096,155306694.59269637
San Marino,SMR,2019,140633212.0,0.893215581479226,157445990.54922643
San Marino,SMR,2020,132108211.0,0.877475207233012,150554921.56477407
San Marino,SMR,2021,151634761.0,0.845376564367945,179369487.38740042
San Marino,SMR,2022,245905408.0,0.950915533962108,258598581.28029993
San Marino,SMR,2023,173625429.0,0.924709622987356,187762108.973288
Saudi Arabia,SAU,2010,89800000000.0,3.75,23946666666.666668
Saudi Arabia,SAU,2011,94244000000.0,3.75,25131733333.333332
Saudi Arabia,SAU,2012,109770000000.0,3.75,29272000000.0
Saudi Arabia,SAU,2013,150040000000.0,3.75,40010666666.666664
Saudi Arabia,SAU,2014,185601000000.0,3.75,49493600000.0
Saudi Arabia,SAU,2015,144596000000.0,3.75,38558933333.333336
Saudi Arabia,SAU,2016,150096146800.0,3.75,40025639146.666664
Saudi Arabia,SAU,2017,136119800000.0,3.75,36298613333.333336
Saudi Arabia,SAU,2018,168906000000.0,3.75,45041600000.0
Saudi Arabia,SAU,2019,161017109200.0,3.75,42937895786.666664
Saudi Arabia,SAU,2020,203177000000.0,3.75,54180533333.333336
Saudi Arabia,SAU,2021,204673000000.0,3.75,54579466666.666664
Saudi Arabia,SAU,2022,258104588000.0,3.75,68827890133.33333
Saudi Arabia,SAU,2023,303390367300.0,3.75,80904097946.66667
Saudi Arabia,SAU,2024,313022328900.0,3.75,83472621040.0
Senegal,SEN,2015,575886700800.0,591.21169798261,974078663.8104364
Senegal,SEN,2016,587406392100.0,592.605615063022,991226504.0511487
Senegal,SEN,2017,672831952700.0,580.656749587858,1158743015.0042458
Senegal,SEN,2018,720601667000.0,555.446458398226,1297337765.152094
Senegal,SEN,2019,903630101600.0,585.911013180369,1542265090.2140036
Senegal,SEN,2020,617284870700.0,575.586004510945,1072445934.8598738
Senegal,SEN,2021,692675060200.0,554.530675033104,1249119465.1380632
Senegal,SEN,2022,877283090000.0,623.759700911182,1406444001.9425325
Senegal,SEN,2023,960452828100.0,606.569750165917,1583416957.1385388
Serbia,SRB,2007,132408600000.0,58.4495666666667,2265347846.890224
Serbia,SRB,2008,139280400000.0,55.72925,2499233346.9407897
Serbia,SRB,2009,146763100000.0,67.6049333333333,2170893347.0338464
Serbia,SRB,2010,158282500000.0,77.7228416666667,2036499137.2656314
Serbia,SRB,2011,165614812000.0,73.3554333333333,2257703410.2904453
Serbia,SRB,2012,175082000000.0,87.9588083333333,1990499909.1904485
Serbia,SRB,2013,147788878800.0,85.1588416666667,1735449612.8362472
Serbia,SRB,2014,150188130300.0,88.4053083333333,1698858735.1985
Serbia,SRB,2015,157478431000.0,108.811425,1447260074.0225577
Serbia,SRB,2016,170514392200.0,111.27785,1532330038.7273839
Serbia,SRB,2017,181846410800.0,107.75885,1687531101.157817
Serbia,SRB,2018,205470587600.0,100.175075,2051114886.6122634
Serbia,SRB,2019,234747430300.0,105.249558333333,2230388744.7825465
Serbia,SRB,2020,277653504000.0,103.163291666667,2691398263.0287895
Serbia,SRB,2021,310146998900.0,99.3959416666667,3120318533.1258903
Serbia,SRB,2022,334685695000.0,111.662183333333,2997305667.94399
Seychelles,SYC,1985,183500000.0,7.13433333333333,25720693.360743836
Seychelles,SYC,1986,208200000.0,6.17679166666667,33706819.20900142
Seychelles,SYC,1987,218100000.0,5.60000833333333,38946370.61551994
Seychelles,SYC,1988,197700000.0,5.38356666666667,36722866.50114234
Seychelles,SYC,1989,240800000.0,5.64571666666667,42651803.874914
Seychelles,SYC,1993,346400000.0,5.18153333333333,66852797.75613401
Seychelles,SYC,1994,339300000.0,5.05585833333333,67110266.47305194
Seychelles,SYC,1995,272600000.0,4.761975,57245155.633954406
Seychelles,SYC,1996,261400000.0,4.96998333333333,52595749.81807455
Seychelles,SYC,1997,331900000.0,5.02634166666667,66032120.77703959
Seychelles,SYC,1998,362200000.0,5.26219166666666,68830636.15762135
Seychelles,SYC,1999,305500000.0,5.34258333333333,57182074.83895123
Seychelles,SYC,2000,372100000.0,5.71381666666667,65122845.500234775
Seychelles,SYC,2005,456535696.6,5.5,83006490.2909091
Seychelles,SYC,2006,513700000.0,5.51969166666667,93066792.68014662
Seychelles,SYC,2007,585800000.0,6.7010595376306,87419011.38325515
Seychelles,SYC,2008,636595193.5,9.45724328344921,67312976.35264209
Singapore,SGP,1972,396000000.0,2.812499999,140800000.05006224
Singapore,SGP,1973,437000000.0,2.45736666583333,177832639.33541098
Singapore,SGP,1974,519000000.0,2.43686666583333,212978414.97721776
Singapore,SGP,1975,769000000.0,2.37129999908333,324294690.80136263
Singapore,SGP,1976,875000000.0,2.47084166591667,354130340.30870587
Singapore,SGP,1977,1070000000.0,2.43939999925,438632450.7374659
Singapore,SGP,1978,970000000.0,2.27402499916667,426556436.43120116
Singapore,SGP,1979,1134000000.0,2.1745583325,521485206.00791925
Singapore,SGP,1980,1430000000.0,2.14120833258333,667847204.8886201
Singapore,SGP,1981,2333000000.0,2.112691666,1104278507.6239326
Singapore,SGP,1982,2160000000.0,2.14002499916667,1009334003.500477
Singapore,SGP,1983,2058000000.0,2.113049999,973947611.7337251
Singapore,SGP,1984,2653000000.0,2.133083333,1243739500.917098
Singapore,SGP,1985,2045000000.0,2.20014999966667,929482080.90804
Singapore,SGP,1986,1879000000.0,2.1774166665,862949213.5836005
Singapore,SGP,1987,2054000000.0,2.10598333333333,975316360.5283375
Singapore,SGP,1988,2373000000.0,2.012425,1179174379.16941
Singapore,SGP,1989,2646000000.0,1.95025833333333,1356743337.421113
Singapore,SGP,1990,3413000000.0,1.81253333333333,1882999852.8762724
Singapore,SGP,1991,3506000000.0,1.72755,2029463691.354809
Singapore,SGP,1992,3902000000.0,1.62896666666667,2395383576.500435
Singapore,SGP,1993,4166000000.0,1.61579083333333,2578304019.342443
Singapore,SGP,1994,4560000000.0,1.52744416666667,2985379170.9789653
Singapore,SGP,1995,5674000000.0,1.417375,4003174883.1466618
Singapore,SGP,1996,6073000000.0,1.41004083333333,4306967469.618207
Singapore,SGP,1997,6757000000.0,1.48480583333333,4550763371.41726
Singapore,SGP,1998,7389000000.0,1.67360166666667,4415029064.064419
Singapore,SGP,1999,7661000000.0,1.69495666666667,4519879564.27597
Singapore,SGP,2000,8557000000.0,1.72396333333333,4963562643.443703
Singapore,SGP,2001,8945000000.0,1.7917225,4992402562.338755
Singapore,SGP,2002,9197000000.0,1.79058833333333,5136300638.616926
Singapore,SGP,2003,9292000000.0,1.74218333333333,5333537419.521492
Singapore,SGP,2004,9672000000.0,1.69022833333333,5722303791.30237
Singapore,SGP,2005,10604000000.0,1.6643975,6371074217.547191
Singapore,SGP,2006,11143000000.0,1.58893333333333,7012880758.580194
Singapore,SGP,2007,14414000000.0,1.50710166666667,9564052856.420858
Singapore,SGP,2008,15791000000.0,1.41486083333333,11160814991.816065
Singapore,SGP,2009,14367000000.0,1.45451471343874,9877521256.58033
Singapore,SGP,2010,14511800000.0,1.36350833333333,10642985924.78963
Singapore,SGP,2011,14564200000.0,1.25777587719298,11579328451.1891
Singapore,SGP,2012,14899900000.0,1.2496762037037,11923008500.79465
Singapore,SGP,2013,15720300000.0,1.2513,12563174298.72932
Singapore,SGP,2014,17147200000.0,1.26705,13533167594.0176
Singapore,SGP,2015,19299300000.0,1.374825,14037641154.328733
Singapore,SGP,2016,20747106210.0,1.38154636363636,15017307240.700676
Singapore,SGP,2017,22937100000.0,1.380925,16609953473.215418
Singapore,SGP,2018,25206991540.0,1.34884166666667,18687880247.86695
Singapore,SGP,2019,24891470730.0,1.36415833333333,18246760747.469486
Singapore,SGP,2020,29348892160.0,1.37974166666667,21271295104.7599
Singapore,SGP,2021,29770423860.0,1.34348333333333,22159131506.407528
Singapore,SGP,2022,33301749610.0,1.37866666666667,24155040819.632435
Singapore,SGP,2023,32712305120.0,1.34276666666667,24361868619.516857
Singapore,SGP,2024,34226614920.0,1.33623333333333,25614250195.824146
Slovak Republic,SVK,1995,1178331873.0,29.7134166666667,39656559.39937341
Slovak Republic,SVK,1996,1509307219.0,30.65375,49237278.27753538
Slovak Republic,SVK,1997,1373378628.0,33.6161666666667,40854706.654040426
Slovak Republic,SVK,1998,1472755448.0,35.2334166666667,41799961.15430187
Slovak Republic,SVK,1999,1196693409.0,41.3628333333333,28931611.124318555
Slovak Republic,SVK,2000,1626750278.0,46.0351666666667,35337121.50493642
Slovak Republic,SVK,2001,1687575179.0,48.3548333333333,34899824.126509264
Slovak Republic,SVK,2002,1669221510.0,45.32675,36826410.673608854
Slovak Republic,SVK,2003,1465427894.0,36.7729166666667,39850738.71848617
Slovak Republic,SVK,2004,1513261654.0,32.2569166666667,46912780.58710918
Slovak Republic,SVK,2005,1575245278.0,31.01825,50784466.49956074
Slovak Republic,SVK,2006,2156226544.0,29.69725,72606943.20181161
Slovak Republic,SVK,2007,2077873772.0,24.6943333333333,84143748.44431257
Slovak Republic,SVK,2008,2053365721.0,21.3614166666667,96124978.64919993
Slovak Republic,SVK,2009,2472044052.0,0.716957702016136,3447963589.830246
Slovak Republic,SVK,2010,2555134437.0,0.754308990105961,3387384308.7049375
Slovak Republic,SVK,2011,2784429077.0,0.718413898653317,3875800680.1086044
Slovak Republic,SVK,2012,2794281951.0,0.778338120416812,3590061796.6695747
Slovak Republic,SVK,2013,2714220239.0,0.752945122701996,3604804861.82025
Slovak Republic,SVK,2014,2781025527.0,0.752728196932603,3694594593.81592
Slovak Republic,SVK,2015,3092797207.0,0.901296423367096,3431498369.2554946
Slovak Republic,SVK,2016,2850573839.0,0.903421436257263,3155309055.770795
Slovak Republic,SVK,2017,3034147227.0,0.885205508269372,3427619008.98237
Slovak Republic,SVK,2018,3047935131.0,0.846772667108111,3599472738.54419
Slovak Republic,SVK,2019,3171475792.0,0.893276257067409,3550386307.6041346
Slovak Republic,SVK,2020,3322161986.0,0.875506396987998,3794560493.708811
Slovak Republic,SVK,2021,3688645609.0,0.84549413889045,4362709851.354671
Slovak Republic,SVK,2022,4225814162.0,0.949623753156941,4449987848.294286
Slovak Republic,SVK,2023,4069110154.0,0.924839558470698,4399801151.162505
Slovenia,SVN,1992,332582206.6,81.2869916666667,4091456.699047479
Slovenia,SVN,1993,461942914.4,113.241883333333,4079258.493434346
Slovenia,SVN,1994,580871307.0,128.808558333333,4509570.749924948
Slovenia,SVN,1995,454842000.0,118.518466666667,3837731.0540073253
Slovenia,SVN,1996,519813000.0,135.364308333333,3840103.8383025355
Slovenia,SVN,1997,563259000.0,159.688333333333,3527239.518645703
Slovenia,SVN,1998,647912000.0,166.134166666667,3899932.2836462418
Slovenia,SVN,1999,746024000.0,181.769193333333,4104237.832160712
Slovenia,SVN,2000,854796000.0,222.656085833333,3839086.620070421
Slovenia,SVN,2001,924543000.0,242.748835,3808640.3174705245
Slovenia,SVN,2002,1037548000.0,240.248215,4318650.19267677
Slovenia,SVN,2003,1072269000.0,207.113715696581,5177199.377615632
Slovenia,SVN,2004,1136363000.0,192.381124333333,5906832.096640926
Slovenia,SVN,2005,1209548000.0,192.705468,6276666.731636281
Slovenia,SVN,2006,1295414000.0,191.028257833333,6781268.984456812
Slovenia,SVN,2007,1367737000.0,0.729672399984083,1874453521.9227638
Slovenia,SVN,2008,1605794000.0,0.679922680042729,2361730307.185937
Slovenia,SVN,2009,1653246000.0,0.716957702016136,2305918459.8351545
Slovenia,SVN,2010,1681146000.0,0.754308990105961,2228723271.3000574
Slovenia,SVN,2011,1859252000.0,0.718413898653317,2587995587.8988557
Slovenia,SVN,2012,1713606000.0,0.778338120416812,2201621576.857032
Slovenia,SVN,2013,1695300000.0,0.752945122701996,2251558511.882377
Slovenia,SVN,2014,1708442000.0,0.752728196932603,2269666536.954466
Slovenia,SVN,2015,1795373000.0,0.901296423367096,1991989486.980077
Slovenia,SVN,2016,1832194000.0,0.903421436257263,2028061241.9276874
Slovenia,SVN,2017,1905752000.0,0.885205508269372,2152892161.4212
Slovenia,SVN,2018,1986458000.0,0.846772667108111,2345916533.636035
Slovenia,SVN,2019,2048478000.0,0.893276257067409,2293218904.894073
Slovenia,SVN,2020,2058413000.0,0.875506396987998,2351111319.210861
Slovenia,SVN,2021,2431898000.0,0.84549413889045,2876303794.596853
Slovenia,SVN,2022,2665538000.0,0.949623753156941,2806941160.789894
Slovenia,SVN,2023,2949634000.0,0.924839558470698,3189346706.6628013
Solomon Islands,SLB,2011,1059121833.0,7.64125903009875,138605670.7184173
Solomon Islands,SLB,2012,1125379385.0,7.35520284715203,153004534.12182269
Solomon Islands,SLB,2013,1497288864.0,7.30213510004206,205048091.2071013
Solomon Islands,SLB,2014,1574616574.0,7.37534535364211,213497334.49734923
Solomon Islands,SLB,2015,1512530058.0,7.91468897735788,191104168.75849494
Solomon Islands,SLB,2016,1553268784.0,7.94815293778867,195425125.32882255
Solomon Islands,SLB,2017,1770541198.0,7.88739036909183,224477439.9576046
Solomon Islands,SLB,2018,1868445118.0,7.95250486131003,234950515.6658537
Solomon Islands,SLB,2019,2118446930.0,8.17339929777839,259187989.3321515
Solomon Islands,SLB,2020,2120791222.0,8.21341290967261,258210715.24389437
Solomon Islands,SLB,2021,1926914553.0,8.03010299104933,239961374.735519
Solomon Islands,SLB,2022,1330528681.0,8.1555286976263,163144380.98749572
"Somalia, Fed. Rep.",SOM,2017,86091818.43,23097.9873219373,3727.2432974380563
"Somalia, Fed. Rep.",SOM,2018,83398047.46,,
"Somalia, Fed. Rep.",SOM,2019,92591480.97,,
"Somalia, Fed. Rep.",SOM,2020,80353702.36,,
"Somalia, Fed. Rep.",SOM,2021,106059789.2,,
"Somalia, Fed. Rep.",SOM,2022,140670110.9,,
"Somalia, Fed. Rep.",SOM,2023,138201058.6,,
"Somalia, Fed. Rep.",SOM,2024,204503360.9,,
South Africa,ZAF,1972,561000000.0,0.768725237196027,729779605.0592567
South Africa,ZAF,1973,739000000.0,0.693959098021092,1064904260.3625308
South Africa,ZAF,1974,1114000000.0,0.679477003570251,1639496251.008624
South Africa,ZAF,1975,1413000000.0,0.739507755296336,1910730468.8559783
South Africa,ZAF,1976,1794000000.0,0.869565218147448,2063099998.206
South Africa,ZAF,1977,2062000000.0,0.869565218147448,2371299997.938
South Africa,ZAF,1978,2146000000.0,0.869565218147448,2467899997.854
South Africa,ZAF,1979,2747000000.0,0.842022601934943,3262382736.1492143
South Africa,ZAF,1980,3292000000.0,0.778833737276042,4226832817.378604
South Africa,ZAF,1981,3943000000.0,0.877578942758154,4493043084.6568575
South Africa,ZAF,1982,4621000000.0,1.08581583308333,4255786164.839765
South Africa,ZAF,1983,5561000000.0,1.11409999975,4991472938.917394
South Africa,ZAF,1984,6615000000.0,1.47527749975,4483902181.874919
South Africa,ZAF,1985,8634000000.0,2.22867499941667,3874050726.220669
South Africa,ZAF,1988,19454000000.0,2.2734675,8556972993.895887
South Africa,ZAF,1989,20145000000.0,2.6226775,7681081642.71055
South Africa,ZAF,1990,22495000000.0,2.58732083333333,8694321829.047756
South Africa,ZAF,1991,25064000000.0,2.761315,9076834768.941608
South Africa,ZAF,1992,8516000000.0,2.85201416666667,2985959922.4758377
South Africa,ZAF,1993,8943000000.0,3.26774158333333,2736752516.0534573
South Africa,ZAF,1994,10486000000.0,3.55079833333334,2953138707.304784
South Africa,ZAF,1995,15361000000.0,3.627085,4235081339.422704
South Africa,ZAF,1996,17059500000.0,4.29934916666667,3967926153.163877
South Africa,ZAF,1997,17408700000.0,4.60796166666667,3777961115.851294
South Africa,ZAF,1998,17933900000.0,5.52828416666667,3244026439.185996
South Africa,ZAF,1999,23782700000.0,6.10948416666667,3892750901.910566
South Africa,ZAF,2000,28988700000.0,6.93982833333333,4177149434.7722836
South Africa,ZAF,2001,34807000000.0,8.60918083333334,4043009512.035453
South Africa,ZAF,2002,38633000000.0,10.5407466666667,3665110378.0124254
South Africa,ZAF,2003,45068700000.0,7.56474916666667,5957725630.691212
South Africa,ZAF,2004,50519000000.0,6.4596925,7820650905.596513
South Africa,ZAF,2005,56276000000.0,6.35932833333333,8849362236.106176
South Africa,ZAF,2006,57215000000.0,6.77154916666667,8449322096.285447
South Africa,ZAF,2007,68096000000.0,7.045365,9665361553.304903
South Africa,ZAF,2008,83455000000.0,8.26122333333333,10102014754.069921
South Africa,ZAF,2009,98424415160.0,8.47367415824888,11615317431.599213
South Africa,ZAF,2010,111672828900.0,7.32122196115288,15253304638.562654
South Africa,ZAF,2011,112361756300.0,7.26113213232735,15474412839.804035
South Africa,ZAF,2012,110444957500.0,8.20996862659332,13452543185.396862
South Africa,ZAF,2013,134540292600.0,9.65505606913526,13934698217.868547
South Africa,ZAF,2014,168838695200.0,10.8526555687831,15557362355.224157
South Africa,ZAF,2015,190705110100.0,12.7589308811644,14946793887.059286
South Africa,ZAF,2016,168466141800.0,14.7096108855267,11452793898.563267
South Africa,ZAF,2017,188265690100.0,13.3238014244992,14130028218.059872
South Africa,ZAF,2018,183018404500.0,13.2339264715833,13829486274.76421
South Africa,ZAF,2019,193457718700.0,14.4484270548333,13389534927.629673
South Africa,ZAF,2020,174713521300.0,16.4591053903333,10615007143.864096
South Africa,ZAF,2021,197933483400.0,14.7786782139167,13393179047.20404
South Africa,ZAF,2022,200848166000.0,16.3558534845,12279895157.433294
South Africa,ZAF,2023,243007450300.0,18.4502441785,13170961205.119207
Spain,ESP,1972,648492061.0,64.2714166659167,10089898.350473065
Spain,ESP,1973,848028079.0,58.2600833323333,14555902.266095106
Spain,ESP,1974,1016311469.0,57.686499999,17617838.992097247
Spain,ESP,1975,1263327443.0,57.4069166656667,22006537.12787813
Spain,ESP,1976,1464666498.0,66.9029166660833,21892416.220211197
Spain,ESP,1977,1821667688.0,75.9618333324167,23981354.95266678
Spain,ESP,1978,2464149628.0,76.6678333328333,32140593.00857689
Spain,ESP,1979,1840900076.0,67.1249999995833,27424954.57745144
Spain,ESP,1980,2010986501.0,71.7019166659167,28046481.802848607
Spain,ESP,1981,2149820297.0,92.3218333325,23286152.575169887
Spain,ESP,1982,2719579772.0,109.859166665833,24755146.562073905
Spain,ESP,1983,3140889258.0,143.429916666333,21898424.896298178
Spain,ESP,1984,3636724244.0,160.760999999667,22621930.965890564
Spain,ESP,1985,3902371594.0,170.044083333167,22949175.987229686
Spain,ESP,1986,4784056351.0,140.048375442168,34160027.461193524
Spain,ESP,1987,6306420011.0,123.478333333333,51073089.834923945
Spain,ESP,1988,6106883993.0,116.486833333333,52425530.15004572
Spain,ESP,1989,7542100898.0,118.377666666667,63712194.2877737
Spain,ESP,1990,5503467840.0,101.933916666667,53990546.22807079
Spain,ESP,1991,6114697150.0,103.911583333333,58845192.74800149
Spain,ESP,1992,7052877045.0,102.379083333333,68889824.12585926
Spain,ESP,1993,8507326338.0,127.260416666667,66849744.49111876
Spain,ESP,1994,8160542353.0,133.957955,60918684.17220911
Spain,ESP,2004,7267000000.0,0.803921647747618,9039438134.748913
Spain,ESP,2005,7451000000.0,0.803800192161442,9269716619.454948
Spain,ESP,2006,7870000000.0,0.796432730949102,9881562741.17638
Spain,ESP,2007,9259000000.0,0.729672399984083,12689256165.098167
Spain,ESP,2008,9966000000.0,0.679922680042729,14657549001.562496
Spain,ESP,2009,10097000000.0,0.716957702016136,14083118113.671865
Spain,ESP,2010,9783000000.0,0.754308990105961,12969486150.000334
Spain,ESP,2011,9845000000.0,0.718413898653317,13703799464.980667
Spain,ESP,2012,9332000000.0,0.778338120416812,11989647885.937502
Spain,ESP,2013,9408000000.0,0.752945122701996,12494934512.94131
Spain,ESP,2014,9189000000.0,0.752728196932603,12207593707.058586
Spain,ESP,2015,9378000000.0,0.901296423367096,10405011888.281244
Spain,ESP,2016,9991000000.0,0.903421436257263,11059069000.389439
Spain,ESP,2017,9051000000.0,0.885205508269372,10224744328.235405
Spain,ESP,2018,9293000000.0,0.846772667108111,10974610259.60764
Spain,ESP,2019,10206000000.0,0.893276257067409,11425356847.058601
Spain,ESP,2020,9333000000.0,0.875506396987998,10660116284.824749
Spain,ESP,2021,9979000000.0,0.84549413889045,11802565554.263376
Spain,ESP,2022,12487000000.0,0.949623753156941,13149418344.358028
Spain,ESP,2023,14605000000.0,0.924839558470698,15791928303.921848
Sri Lanka,LKA,1990,14419000000.0,40.0629166666667,359908893.30324143
Sri Lanka,LKA,1991,17863000000.0,41.3715,431770663.3793796
Sri Lanka,LKA,1992,18898000000.0,43.829625,431169557.1203267
Sri Lanka,LKA,1993,19200000000.0,48.3221675,397333170.1232152
Sri Lanka,LKA,1994,25391000000.0,49.4151416666667,513830359.3517301
Sri Lanka,LKA,1995,40538000000.0,51.2515891666667,790960839.6370534
Sri Lanka,LKA,1996,41671000000.0,55.2714441666667,753933620.3039018
Sri Lanka,LKA,1997,39157000000.0,58.994605,663738658.8146492
Sri Lanka,LKA,1998,43886000000.0,64.4501183333333,680929704.0080433
Sri Lanka,LKA,1999,39691000000.0,70.63545,561913316.8968272
Sri Lanka,LKA,2000,62221000000.0,77.0051166666667,808011242.5429736
Sri Lanka,LKA,2001,65691000000.0,89.3830133333334,734938301.475925
Sri Lanka,LKA,2002,50115000000.0,95.662065,523875373.1690822
Sri Lanka,LKA,2003,46877000000.0,96.5209508333333,485666579.07198244
Sri Lanka,LKA,2004,58343000000.0,101.1944575,576543433.715231
Sri Lanka,LKA,2005,56257000000.0,100.498051666667,559781996.4370435
Sri Lanka,LKA,2006,77994000000.0,103.914445833333,750559745.3225467
Sri Lanka,LKA,2007,78472000000.0,110.623233333333,709362740.8588392
Sri Lanka,LKA,2008,121250000000.0,108.333762719298,1119226333.1069658
Sri Lanka,LKA,2009,108502000000.0,114.944783333333,943948884.4426343
Sri Lanka,LKA,2010,87728000000.0,113.064480448821,775911229.1654704
Sri Lanka,LKA,2011,113533000000.0,110.565207851396,1026842007.592414
Sri Lanka,LKA,2012,140086000000.0,127.60335350681,1097823812.2286012
Sri Lanka,LKA,2013,119396000000.0,129.069030932888,925055368.7203424
Sri Lanka,LKA,2014,162652107400.0,130.564685218829,1245758813.9349613
Sri Lanka,LKA,2015,210833687600.0,135.856912797089,1551880454.6581566
Sri Lanka,LKA,2016,169778852500.0,145.581667492026,1166210385.0355976
Sri Lanka,LKA,2017,168072367600.0,152.446413948767,1102501287.1505423
Sri Lanka,LKA,2018,179956881000.0,162.464858736778,1107666497.2304084
Sri Lanka,LKA,2019,207943970600.0,178.744925045848,1163355941.6954772
Sri Lanka,LKA,2020,180193000000.0,185.592557772213,970906388.5048658
Sri Lanka,LKA,2021,170347932800.0,198.764316844656,857034781.2134469
Sri Lanka,LKA,2022,181313993500.0,322.632674256475,561982737.544634
Sri Lanka,LKA,2023,299699853000.0,327.506533333333,915095799.6156015
St. Kitts and Nevis,KNA,1990,23030000.0,2.7,8529629.629629629
St. Kitts and Nevis,KNA,1991,19690000.0,2.7,7292592.592592592
St. Kitts and Nevis,KNA,1992,20520000.0,2.7,7599999.999999999
St. Kitts and Nevis,KNA,1993,32660000.0,2.7,12096296.296296295
St. Kitts and Nevis,KNA,2000,87100000.0,2.7,32259259.259259257
St. Kitts and Nevis,KNA,2001,79500000.0,2.7,29444444.444444444
St. Kitts and Nevis,KNA,2002,60595000.0,2.7,22442592.59259259
St. Kitts and Nevis,KNA,2003,57929000.0,2.7,21455185.185185183
St. Kitts and Nevis,KNA,2004,66609000.0,2.7,24670000.0
St. Kitts and Nevis,KNA,2005,70324442.0,2.7,26046089.629629627
St. Kitts and Nevis,KNA,2006,77712029.0,2.7,28782232.962962963
St. Kitts and Nevis,KNA,2007,74710458.0,2.7,27670540.0
St. Kitts and Nevis,KNA,2008,137197055.8,2.7,50813724.37037037
St. Kitts and Nevis,KNA,2009,129109543.4,2.7,47818349.4074074
St. Kitts and Nevis,KNA,2010,118090000.0,2.7,43737037.03703704
St. Kitts and Nevis,KNA,2011,176080000.0,2.7,65214814.81481481
St. Kitts and Nevis,KNA,2012,129210000.0,2.7,47855555.55555555
St. Kitts and Nevis,KNA,2013,158670000.0,2.7,58766666.666666664
St. Kitts and Nevis,KNA,2014,159630000.0,2.7,59122222.22222222
St. Kitts and Nevis,KNA,2015,167230000.0,2.7,61937037.03703703
St. Kitts and Nevis,KNA,2016,55980000.0,2.7,20733333.333333332
St. Kitts and Nevis,KNA,2017,149300000.0,2.7,55296296.29629629
St. Kitts and Nevis,KNA,2020,180800000.0,2.7,66962962.962962955
St. Lucia,LCA,2000,75119000.0,2.7,27821851.85185185
St. Lucia,LCA,2001,75712000.0,2.7,28041481.48148148
St. Lucia,LCA,2002,64670000.0,2.7,23951851.85185185
St. Lucia,LCA,2003,89470000.0,2.7,33137037.037037034
St. Lucia,LCA,2004,95511489.0,2.7,35374625.55555555
St. Lucia,LCA,2005,91013390.0,2.7,33708662.96296296
St. Lucia,LCA,2006,104254364.0,2.7,38612727.4074074
St. Lucia,LCA,2007,103466688.0,2.7,38320995.55555555
St. Lucia,LCA,2008,133081181.0,2.7,49289326.29629629
St. Lucia,LCA,2009,135022497.0,2.7,50008332.22222222
St. Lucia,LCA,2010,148709848.0,2.7,55077721.48148148
St. Lucia,LCA,2011,141819940.0,2.7,52525903.7037037
St. Lucia,LCA,2012,159814027.0,2.7,59190380.370370366
St. Lucia,LCA,2013,168125151.0,2.7,62268574.44444444
St. Lucia,LCA,2014,169705039.0,2.7,62853718.14814814
St. Lucia,LCA,2015,168800000.0,2.7,62518518.518518515
St. Lucia,LCA,2016,165650000.0,2.7,61351851.85185185
St. Lucia,LCA,2017,185410000.0,2.7,68670370.37037037
St. Vincent and the Grenadines,VCT,2000,51570000.0,2.7,19100000.0
St. Vincent and the Grenadines,VCT,2001,55720000.0,2.7,20637037.037037037
St. Vincent and the Grenadines,VCT,2002,60595000.0,2.7,22442592.59259259
St. Vincent and the Grenadines,VCT,2003,57929000.0,2.7,21455185.185185183
St. Vincent and the Grenadines,VCT,2004,66609000.0,2.7,24670000.0
St. Vincent and the Grenadines,VCT,2005,71398210.0,2.7,26443781.48148148
St. Vincent and the Grenadines,VCT,2006,74573808.0,2.7,27619928.888888888
St. Vincent and the Grenadines,VCT,2007,74710458.0,2.7,27670540.0
St. Vincent and the Grenadines,VCT,2008,91024240.0,2.7,33712681.48148148
St. Vincent and the Grenadines,VCT,2009,86070000.0,2.7,31877777.777777776
St. Vincent and the Grenadines,VCT,2010,67067103.0,2.7,24839667.777777776
St. Vincent and the Grenadines,VCT,2011,74344811.0,2.7,27535115.185185183
St. Vincent and the Grenadines,VCT,2012,70455067.0,2.7,26094469.259259257
St. Vincent and the Grenadines,VCT,2013,66101906.0,2.7,24482187.407407407
St. Vincent and the Grenadines,VCT,2014,73950000.0,2.7,27388888.888888888
St. Vincent and the Grenadines,VCT,2015,73260000.0,2.7,27133333.333333332
St. Vincent and the Grenadines,VCT,2016,64240000.0,2.7,23792592.59259259
St. Vincent and the Grenadines,VCT,2017,78140000.0,2.7,28940740.74074074
Sudan,SDN,1998,67729000000.0,2.00801916666667,33729259722.371456
Sudan,SDN,1999,84923000000.0,2.52550416666667,33626157153.439617
Sudan,SDN,2009,2451600000.0,2.30153333333333,1065202908.206125
Sudan,SDN,2010,2416800000.0,2.30600092016667,1048048150.746324
Sudan,SDN,2012,2026600000.0,3.57295833333333,567205047.171462
Sudan,SDN,2013,2827900000.0,4.75676054708821,594501230.828418
Sudan,SDN,2014,6200400000.0,5.73686666666667,1080799042.450582
Sudan,SDN,2015,6872000000.0,6.02573259791667,1140442243.0520594
Sudan,SDN,2016,8729200000.0,6.21171364583333,1405280490.650972
Sweden,SWE,1972,7060000000.0,4.76241666566667,1482440637.9427326
Sweden,SWE,1973,8050000000.0,4.367249999,1843265213.084496
Sweden,SWE,1974,9260000000.0,4.439424999,2085855713.7660522
Sweden,SWE,1975,10820000000.0,4.15219166566667,2605852733.0199137
Sweden,SWE,1976,11770000000.0,4.35589166566667,2702087403.3143797
Sweden,SWE,1977,13120000000.0,4.48164166566666,2927498666.506697
Sweden,SWE,1978,14570000000.0,4.518474999,3224539253.4482403
Sweden,SWE,1979,17220000000.0,4.28708333233333,4016716883.0440426
Sweden,SWE,1980,19650000000.0,4.229574999,4645856854.328357
Sweden,SWE,1981,21940000000.0,5.06344166566667,4333021183.746827
Sweden,SWE,1982,22120000000.0,6.28260833233333,3520830653.4341507
Sweden,SWE,1983,26840000000.0,7.66710833233333,3500667896.762558
Sweden,SWE,1984,26960000000.0,8.27179999941666,3259266423.49927
Sweden,SWE,1985,28050000000.0,8.60392499966667,3260139994.3731146
Sweden,SWE,1986,30710000000.0,7.12358333333333,4311032602.973693
Sweden,SWE,1987,33810000000.0,6.34044166666667,5332436094.751546
Sweden,SWE,1988,38140000000.0,6.12715,6224753759.904686
Sweden,SWE,1989,39820000000.0,6.44687583333333,6176635168.636595
Sweden,SWE,1990,46070000000.0,5.91879,7783685516.803265
Sweden,SWE,1991,54690000000.0,6.04746666666666,9043456213.069946
Sweden,SWE,1992,56760000000.0,5.82383333333333,9746158028.78975
Sweden,SWE,1993,63060000000.0,7.78342666666667,8101830042.294992
Sweden,SWE,1994,67410000000.0,7.71597,8736425880.349457
Sweden,SWE,1995,52014000000.0,7.13326833333334,7291748686.495034
Sweden,SWE,1996,47846000000.0,6.70595583333333,7134851643.694346
Sweden,SWE,1997,49618000000.0,7.63489416666667,6498845814.60581
Sweden,SWE,1998,56122000000.0,7.94986816666666,7059488135.327365
Sweden,SWE,1999,58341000000.0,8.26242833333333,7060999217.945816
Sweden,SWE,2000,56156000000.0,9.16224416666667,6129066086.70201
Sweden,SWE,2001,54584000000.0,10.3291358333333,5284469183.167405
Sweden,SWE,2002,56391000000.0,9.73712333333333,5791340837.488966
Sweden,SWE,2003,57301000000.0,8.08630416666667,7086179151.68291
Sweden,SWE,2004,56086000000.0,7.34888666666667,7631904333.808383
Sweden,SWE,2005,56694000000.0,7.47308833333333,7586421767.172121
Sweden,SWE,2006,58867000000.0,7.37824916666666,7978451075.62217
Sweden,SWE,2007,60405000000.0,6.75877,8937277048.9305
Sweden,SWE,2008,61752000000.0,6.59109916666667,9368998772.207817
Sweden,SWE,2009,66851000000.0,7.65381916666667,8734332304.471521
Sweden,SWE,2010,70134000000.0,7.20752416666667,9730664563.617483
Sweden,SWE,2011,73634000000.0,6.49354333333333,11339571666.830084
Sweden,SWE,2012,73800000000.0,6.77501583333333,10892963472.779097
Sweden,SWE,2013,76615000000.0,6.51397166666666,11761641579.139006
Sweden,SWE,2014,77967000000.0,6.860785,11364151478.292936
Sweden,SWE,2015,81377000000.0,8.43484083333333,9647722062.330956
Sweden,SWE,2016,81799000000.0,8.56199166666667,9553735063.590147
Sweden,SWE,2017,78009000000.0,8.54886083333333,9125075436.464102
Sweden,SWE,2018,81328000000.0,8.69251833333333,9356091857.538027
Sweden,SWE,2019,85204000000.0,9.45834916666667,9008337342.871405
Sweden,SWE,2020,81063000000.0,9.21030902842085,8801333348.301193
Sweden,SWE,2021,88958000000.0,8.57656671607378,10372215706.46437
Sweden,SWE,2022,102442000000.0,10.114251277564,10128480812.736242
Sweden,SWE,2023,113786000000.0,10.6101612965536,10724247899.695932
Switzerland,CHE,1972,3785000000.0,3.819249999,991032270.9932662
Switzerland,CHE,1973,4098000000.0,3.16483333241667,1294854916.3790445
Switzerland,CHE,1974,4650000000.0,2.979249999,1560795502.747603
Switzerland,CHE,1975,5296000000.0,2.58128333241667,2051692634.2377672
Switzerland,CHE,1976,5999000000.0,2.49964166575,2399943992.8522882
Switzerland,CHE,1977,6217000000.0,2.40352499933333,2586617572.8250885
Switzerland,CHE,1978,6374000000.0,1.78802499925,3564827115.2101455
Switzerland,CHE,1979,6779000000.0,1.66272499908333,4077042207.0620832
Switzerland,CHE,1980,7270000000.0,1.67570833258333,4338463835.6439495
Switzerland,CHE,1981,8108000000.0,1.96424166591667,4127801655.3101516
Switzerland,CHE,1982,8926000000.0,2.03027499908333,4396448758.926791
Switzerland,CHE,1983,9584000000.0,2.09914166575,4565675655.1377125
Switzerland,CHE,1984,10090000000.0,2.34968333283333,4294195672.670975
Switzerland,CHE,1990,3576991765.0,1.38915833333333,2574934533.5005074
Switzerland,CHE,1991,4146746008.0,1.43399166666667,2891750422.5384784
Switzerland,CHE,1992,4300350188.0,1.40621833333333,3058095664.139407
Switzerland,CHE,1993,4636654152.0,1.47761666666667,3137927621.2820125
Switzerland,CHE,1994,4729420754.0,1.3676925,3457956195.562965
Switzerland,CHE,1995,4643453512.0,1.18246916666667,3926912974.0521665
Switzerland,CHE,1996,5139762632.0,1.23601,4158350362.8611417
Switzerland,CHE,1997,5141724112.0,1.4513125,3542809775.2896085
Switzerland,CHE,1998,5125983762.0,1.44981330833333,3535616435.9483676
Switzerland,CHE,1999,5414047257.0,1.502155,3604186822.931056
Switzerland,CHE,2000,5484337776.0,1.6888425,3247394458.630689
Switzerland,CHE,2001,5089302563.0,1.687615,3015677487.4601135
Switzerland,CHE,2002,5353679172.0,1.5586075,3434911722.162251
Switzerland,CHE,2003,5428483990.0,1.34665083333333,4031099863.1790943
Switzerland,CHE,2004,5283736424.0,1.24349583333333,4249098615.663514
Switzerland,CHE,2005,5232285290.0,1.24517666666667,4202042513.378278
Switzerland,CHE,2006,5278759904.0,1.25384333333333,4210063381.6558795
Switzerland,CHE,2007,5728382251.0,1.20036583333333,4772197018.547831
Switzerland,CHE,2008,6322558374.0,1.08309,5837518926.405007
Switzerland,CHE,2009,6764481441.0,1.08814169630268,6216544650.374629
Switzerland,CHE,2010,6733268103.0,1.04290564573352,6456258176.897879
Switzerland,CHE,2011,6853386304.0,0.888042028223281,7717412111.352063
Switzerland,CHE,2012,7014278540.0,0.937684480709349,7480425115.593006
Switzerland,CHE,2013,7269129634.0,0.926903547758285,7842379772.502091
Switzerland,CHE,2014,7461998419.0,0.916151047283613,8144943392.385806
Switzerland,CHE,2015,7642049433.0,0.962381328004354,7940770680.627155
Switzerland,CHE,2016,7934574872.0,0.985394394244835,8052181865.800776
Switzerland,CHE,2017,7988655554.0,0.984691666666667,8112849762.446787
Switzerland,CHE,2018,8021782378.0,0.977891666666667,8203140134.47297
Switzerland,CHE,2019,7947525521.0,0.993709166666667,7997838590.600366
Switzerland,CHE,2020,8341315629.0,0.938965,8883521354.896082
Switzerland,CHE,2021,8258909684.0,0.913845833333333,9037530601.71528
Switzerland,CHE,2022,9018926242.0,0.9548325,9445558505.81123
Switzerland,CHE,2023,9356493253.0,0.89849,10413575279.635834
Tajikistan,TJK,1998,54668000.0,0.776625,70391759.21455014
Tajikistan,TJK,1999,72915000.0,1.23779166666667,58907328.2391354
Tajikistan,TJK,2000,49020000.0,2.07625,23609873.570138473
Tajikistan,TJK,2001,86842000.0,2.37219166666667,36608340.38845929
Tajikistan,TJK,2003,176201000.0,3.06136666666667,57556320.16201908
Tajikistan,TJK,2004,243804000.0,2.97050833333333,82074841.2869852
Tajikistan,TJK,2021,2105882970.0,11.30885,186215483.44880337
Tajikistan,TJK,2022,2270438167.0,11.031075,205822022.5136716
Tajikistan,TJK,2023,3180546486.0,10.844525,293285919.4847169
Tanzania,TZA,2009,866627624000.0,1320.31206074041,656380904.0068974
Tanzania,TZA,2010,866627624000.0,1395.625,620960232.1540529
Tanzania,TZA,2011,1785322196000.0,1557.43333333333,1146323349.956127
Tanzania,TZA,2012,1972145318000.0,1571.69833333333,1254786161.042357
Tanzania,TZA,2013,1929809445000.0,1597.55583333333,1207976212.620636
Tanzania,TZA,2014,2494704276000.0,1653.23083333333,1508987266.4484773
Tanzania,TZA,2015,2368825230000.0,1991.39083333333,1189533059.1810017
Tanzania,TZA,2016,1912500000000.0,2177.08666666667,878467554.4994366
Tanzania,TZA,2017,2215961666000.0,2228.85666666667,994214522.2438394
Tanzania,TZA,2018,2273472581000.0,2263.78166666667,1004280852.0256282
Tanzania,TZA,2019,2382619916000.0,2288.20666666667,1041260805.1137556
Tanzania,TZA,2020,1981890339000.0,2294.14615050509,863890183.5280448
Tanzania,TZA,2021,2493089848000.0,2297.76422623792,1085006816.422537
Tanzania,TZA,2022,3609894386000.0,2303.03367612332,1567451845.5485675
Tanzania,TZA,2023,4312916345000.0,2383.04258333333,1809836036.9906688
Tanzania,TZA,2024,5303682067000.0,2597.90041666667,2041526316.010635
Thailand,THA,1972,8467000000.0,20.8000294920375,407066730.5179192
Thailand,THA,1973,10078000000.0,20.6195816363913,488758704.115191
Thailand,THA,1974,10169000000.0,20.3751027981272,499089506.4801682
Thailand,THA,1975,11412000000.0,20.3792694856493,559980818.1562208
Thailand,THA,1976,14753000000.0,20.4001029232598,723182625.8669958
Thailand,THA,1977,18552000000.0,20.4001029232598,909407176.5122013
Thailand,THA,1978,26929000000.0,20.3361026003602,1324196702.249281
Thailand,THA,1979,31871000000.0,20.4189363516965,1560855053.9094074
Thailand,THA,1980,42154000000.0,20.4763533080478,2058667349.8856
Thailand,THA,1981,46303000000.0,21.8204434231107,2122000873.3167665
Thailand,THA,1982,51431000000.0,23.0001160420577,2236119152.8753147
Thailand,THA,1983,52150000000.0,23.0001160420577,2267379864.7206483
Thailand,THA,1984,61672000000.0,23.6393692671034,2608868252.920051
Thailand,THA,1985,65367000000.0,27.1588870239775,2406836478.324391
Thailand,THA,1986,63138000000.0,26.2988826852636,2400786404.335685
Thailand,THA,1987,63732000000.0,25.7227964454131,2477646632.8319726
Thailand,THA,1988,66902000000.0,25.2938776147302,2644987890.7075443
Thailand,THA,1989,70894000000.0,25.702046340723,2758301773.3367662
Thailand,THA,1990,78400000000.0,25.585462419191,3064240103.0514174
Thailand,THA,1991,93350000000.0,25.5167954060799,3658374749.4310136
Thailand,THA,1992,115127000000.0,25.4001281507941,4532536187.082218
Thailand,THA,1993,130708000000.0,25.3196110778961,5162322580.622396
Thailand,THA,1994,165148000000.0,25.1499518885845,6566533436.3904
Thailand,THA,1995,152338000000.0,24.9151757040726,6114265530.750363
Thailand,THA,1996,179529000000.0,25.3426828609665,7084056608.56513
Thailand,THA,1997,193104000000.0,31.3643344542954,6156802092.561351
Thailand,THA,1998,179770000000.0,41.3593875,4346534387.144877
Thailand,THA,1999,173735000000.0,37.8136558333333,4594504185.624126
Thailand,THA,2000,183831000000.0,40.1118033333333,4582965230.267636
Thailand,THA,2001,233715281200.0,44.4319,5260078484.152152
Thailand,THA,2002,223741568000.0,42.9600833333333,5208126955.061001
Thailand,THA,2003,257856547800.0,41.4846166666667,6215714848.516131
Thailand,THA,2004,228997662600.0,40.2224149175021,5693284778.392447
Thailand,THA,2005,253141706700.0,40.2201302083333,6293905698.185705
Thailand,THA,2006,264228560000.0,37.8819832215363,6975045589.740489
Thailand,THA,2007,398592130000.0,34.5181805917013,11547309944.134995
Thailand,THA,2008,447100000000.0,33.3133006412338,13421065802.36599
Thailand,THA,2009,548345610000.0,34.2857741234241,15993385712.279116
Thailand,THA,2010,606578350000.0,31.685705,19143596457.771732
Thailand,THA,2011,554308342100.0,30.4917333333333,18178971199.84435
Thailand,THA,2012,579583267800.0,31.0830916666667,18646255463.11216
Thailand,THA,2013,610389766600.0,30.7259666666667,19865600103.712475
Thailand,THA,2014,644510505700.0,32.4798333333333,19843405570.636158
Thailand,THA,2015,655671474600.0,34.2477166666667,19144969020.3191
Thailand,THA,2016,726299811300.0,35.2963833333333,20577173713.26526
Thailand,THA,2017,702452502800.0,33.9398110566858,20697006875.694553
Thailand,THA,2018,768119890800.0,32.3102257431458,23773275275.334366
Thailand,THA,2019,746090092300.0,31.0476057805499,24030519376.389275
Thailand,THA,2020,731808726900.0,31.2936732130832,23385197446.046276
Thailand,THA,2021,813366827800.0,31.9770934417717,25435921162.78768
Thailand,THA,2022,887473765800.0,35.0613502144776,25312024790.007736
Thailand,THA,2023,721879222800.0,34.8021885808364,20742351335.843807
Thailand,THA,2024,731061081300.0,35.2935380808081,20713737444.68923
Timor-Leste,TLS,2010,363122107.8,1.0,363122107.8
Timor-Leste,TLS,2011,380075759.7,1.0,380075759.7
Timor-Leste,TLS,2012,438141441.7,1.0,438141441.7
Timor-Leste,TLS,2013,445200000.0,1.0,445200000.0
Timor-Leste,TLS,2014,476610375.0,1.0,476610375.0
Timor-Leste,TLS,2015,474294311.0,1.0,474294311.0
Timor-Leste,TLS,2016,476223747.8,1.0,476223747.8
Timor-Leste,TLS,2017,293500031.9,1.0,293500031.9
Timor-Leste,TLS,2018,390517548.8,1.0,390517548.8
Timor-Leste,TLS,2019,437697115.3,1.0,437697115.3
Timor-Leste,TLS,2020,521721234.8,1.0,521721234.8
Timor-Leste,TLS,2021,570345248.4,1.0,570345248.4
Timor-Leste,TLS,2022,476475402.2,1.0,476475402.2
Togo,TGO,2004,44652287380.0,527.338032291576,84674885.26469646
Togo,TGO,2005,86435895600.0,527.258362649626,163934612.93934646
Togo,TGO,2006,47485673500.0,522.425624895176,90894610.13618529
Togo,TGO,2007,52619926620.0,478.633718476363,109937776.19241966
Togo,TGO,2008,40942916910.0,446.000041432788,91800253.60192725
Togo,TGO,2009,56542280610.0,470.293423341398,120227665.97132385
Togo,TGO,2010,59535884020.0,494.794262222947,120324523.87892488
Togo,TGO,2011,63680000000.0,471.248625718937,135130367.54823378
Togo,TGO,2012,82728196990.0,510.556338454251,162035393.0781979
Togo,TGO,2013,104342793200.0,493.899623852237,211263155.8334956
Togo,TGO,2014,107617164500.0,493.757329875312,217955578.5575405
Togo,TGO,2015,151504865800.0,591.21169798261,256261617.14489013
Togo,TGO,2016,156981681600.0,592.605615063022,264900766.39470488
Togo,TGO,2017,133567613700.0,580.656749587858,230028521.66069612
Togo,TGO,2018,169199148700.0,555.446458398226,304618287.0405361
Togo,TGO,2019,159815748900.0,585.911013180369,272764541.55129826
Togo,TGO,2020,177575512900.0,575.586004510945,308512561.9947615
Togo,TGO,2021,131160587400.0,554.530675033104,236525395.80821216
Togo,TGO,2022,169143427000.0,623.759700911182,271167609.5023724
Togo,TGO,2023,157809180600.0,606.569750165917,260166585.22261283
Tonga,TON,2013,93188011.23,1.77371311869907,52538378.52783586
Tonga,TON,2014,103182877.0,1.84677368453546,55871966.264212154
Tonga,TON,2015,96808303.27,2.10576325744967,45973023.28621992
Tonga,TON,2016,115446555.9,2.21566110422528,52104789.708066225
Tonga,TON,2017,142743700.9,2.2059726971784,64707827.564039946
Tonga,TON,2018,152342504.2,2.23657147594223,68114301.6615736
Tonga,TON,2019,151003378.6,2.28948563032632,65955154.55516421
Tonga,TON,2020,161306408.3,2.29956150787889,70146594.36041294
Tonga,TON,2021,182537447.8,2.26495960050055,80591922.1515738
Tonga,TON,2022,221542928.5,2.32792982731644,95167356.80791003
Tonga,TON,2023,225148265.0,2.36369881809753,95252518.33108546
Trinidad and Tobago,TTO,1976,282000000.0,2.4357864317,115773696.87669404
Trinidad and Tobago,TTO,1977,296300000.0,2.399999999,123458333.38477431
Trinidad and Tobago,TTO,1979,280000000.0,2.399999999,116666666.71527779
Trinidad and Tobago,TTO,1980,271300000.0,2.399999999,113041666.71376736
Trinidad and Tobago,TTO,1981,325600000.0,2.399999999,135666666.72319445
Trinidad and Tobago,TTO,2001,1952000000.0,6.23321666666666,313160941.5149485
Trinidad and Tobago,TTO,2002,2004600000.0,6.24868333333333,320803582.6214058
Trinidad and Tobago,TTO,2003,2471400000.0,6.2951,392591062.89018446
Trinidad and Tobago,TTO,2004,3417700000.0,6.29899166666666,542578904.8247147
Trinidad and Tobago,TTO,2005,4336900000.0,6.29955833333334,688445089.4044152
Trinidad and Tobago,TTO,2006,5420500000.0,6.31228333333333,858722543.6120585
Trinidad and Tobago,TTO,2007,5720200000.0,6.32803333333333,903945933.7024145
Trinidad and Tobago,TTO,2008,6366800000.0,6.28943333333333,1012301055.2090019
Trinidad and Tobago,TTO,2009,7484900000.0,6.32490833333333,1183400549.9420948
Trinidad and Tobago,TTO,2010,7887300000.0,6.37550833333333,1237124882.8524792
Trinidad and Tobago,TTO,2012,10961100000.0,6.42960265594542,1704786529.8276758
Trinidad and Tobago,TTO,2013,11602600000.0,6.44262939764659,1800910666.1075804
Trinidad and Tobago,TTO,2014,12835300000.0,6.40909457829793,2002669775.4565957
Trinidad and Tobago,TTO,2015,12513100000.0,6.37744166666667,1962087723.2641606
Trinidad and Tobago,TTO,2016,12205300000.0,6.66896666666667,1830163593.560221
Trinidad and Tobago,TTO,2017,11696400000.0,6.779525,1725253612.900609
Trinidad and Tobago,TTO,2018,11387300000.0,6.77075089824606,1681837091.7987607
Trinidad and Tobago,TTO,2019,11660900000.0,6.7543266828632,1726434113.6453404
Tunisia,TUN,1972,32400000.0,0.477083333,67912663.8029084
Tunisia,TUN,1973,35700000.0,0.421595832833333,84678256.32923907
Tunisia,TUN,1974,36700000.0,0.436508332333334,84076287.3959861
Tunisia,TUN,1975,48300000.0,0.402266665666667,120069605.86692798
Tunisia,TUN,1976,51600000.0,0.428774999,120342837.43301927
Tunisia,TUN,1977,61200000.0,0.428949999,142673971.6579414
Tunisia,TUN,1978,78400000.0,0.416170832333333,188384177.62349412
Tunisia,TUN,1979,153400000.0,0.406462499,377402590.343273
Tunisia,TUN,1980,145300000.0,0.404954165666667,358806038.606359
Tunisia,TUN,1981,132800000.0,0.493804165666667,268932522.7151771
Tunisia,TUN,1982,207700000.0,0.590687499,351624167.3501203
Tunisia,TUN,1983,285200000.0,0.67876666575,420173845.2858017
Tunisia,TUN,1984,228700000.0,0.776833332916667,294400343.4318816
Tunisia,TUN,1985,170900000.0,0.83449583325,204794311.9553018
Tunisia,TUN,1986,199500000.0,0.794029166666667,251250216.45930293
Tunisia,TUN,1987,186600000.0,0.8286625,225182145.92792603
Tunisia,TUN,1988,186800000.0,0.857804166666666,217765321.33888385
Tunisia,TUN,1989,218300000.0,0.949320833333333,229953870.5302476
Tunisia,TUN,1990,230200000.0,0.878333333333334,262087286.52751404
Tunisia,TUN,1991,265000000.0,0.924620833333333,286603968.2933095
Tunisia,TUN,1992,313900000.0,0.884433333333333,354916519.051747
Tunisia,TUN,1993,337100000.0,1.00374166666667,335843385.99739194
Tunisia,TUN,1994,347400000.0,1.01155416666667,343431930.23935825
Tunisia,TUN,1995,356500000.0,0.94575,376949510.97012955
Tunisia,TUN,1996,418400000.0,0.973408333333333,429829893.2445275
Tunisia,TUN,1997,370400000.0,1.10590833333333,334928301.77305335
Tunisia,TUN,1998,387300000.0,1.138725,340117236.3827965
Tunisia,TUN,1999,395100000.0,1.186225,333073405.1297182
Tunisia,TUN,2000,634200000.0,1.37068333333333,462688926.44787997
Tunisia,TUN,2001,671500000.0,1.4387125,466736752.4783443
Tunisia,TUN,2002,670100000.0,1.42173333333333,471326080.84028995
Tunisia,TUN,2003,689400000.0,1.28845833333333,535058047.40807956
Tunisia,TUN,2004,754400000.0,1.24546666666667,605716732.6838652
Tunisia,TUN,2005,789100000.0,1.29743333333333,608200806.7209634
Tunisia,TUN,2006,770400000.0,1.331025,578802051.0508819
Tunisia,TUN,2007,822000000.0,1.28135833333333,641506734.3899394
Tunisia,TUN,2008,917200000.0,1.23214166666667,744394922.1206957
Tunisia,TUN,2009,1046300000.0,1.350275,774879191.2758512
Tunisia,TUN,2010,1094700000.0,1.4314,764775744.0268269
Tunisia,TUN,2011,1117400000.0,1.40778333333333,793730095.7770509
Tunisia,TUN,2012,1087500000.0,1.56189166666667,696271081.5410784
Turkiye,TUR,1972,7900.0,1.415e-05,558303886.9257951
Turkiye,TUR,1973,9700.0,1.415e-05,685512367.4911661
Turkiye,TUR,1974,9200.0,1.39270833330833e-05,660583395.6737891
Turkiye,TUR,1975,13000.0,1.44420833326667e-05,900147139.477804
Turkiye,TUR,1976,15300.0,1.60530833323333e-05,953087932.2842312
Turkiye,TUR,1977,23100.0,1.8002249999e-05,1283172936.787522
Turkiye,TUR,1978,25300.0,2.42821666656667e-05,1041916907.512724
Turkiye,TUR,1979,56800.0,3.1077499999e-05,1827688842.4689143
Turkiye,TUR,1980,126700.0,7.60380833328333e-05,1666270300.9676054
Turkiye,TUR,1981,199700.0,0.000111218583332667,1795563241.4654605
Turkiye,TUR,1983,350900.0,0.00022545708333225,1556393770.4405065
Turkiye,TUR,1984,555500.0,0.000366677833333167,1514953862.769412
Turkiye,TUR,1985,761200.0,0.000521983083333166,1458284807.1230483
Turkiye,TUR,1986,1162900.0,0.00067451175000025,1724061886.245227
Turkiye,TUR,1987,1456800.0,0.000857214166666667,1699458614.484711
Turkiye,TUR,1988,2336600.0,0.00142234583333333,1642779094.39512
Turkiye,TUR,1989,4092700.0,0.00212167916666667,1928990991.804837
Turkiye,TUR,1990,7026300.0,0.00260864166666667,2693470739.8805857
Turkiye,TUR,1991,11268500.0,0.00417181583333333,2701101978.175373
Turkiye,TUR,1992,20329000.0,0.00687242333333333,2958054097.3659477
Turkiye,TUR,1993,35621000.0,0.0109846283333333,3242804300.615855
Turkiye,TUR,1994,68566000.0,0.0296086758333333,2315740169.7379775
Turkiye,TUR,1995,131443000.0,0.0458450608333333,2867113656.536576
Turkiye,TUR,1996,297648000.0,0.0814048916666666,3656389608.855408
Turkiye,TUR,1997,742241000.0,0.151865,4887505350.146512
Turkiye,TUR,1998,1344516000.0,0.26072425,5156850580.642192
Turkiye,TUR,2008,26731102890.0,1.30152170281795,20538345870.16411
Turkiye,TUR,2009,31284930420.0,1.54995977566564,20184349885.186207
Turkiye,TUR,2010,39246592850.0,1.5028486296723,26114800968.7162
Turkiye,TUR,2011,41707184980.0,1.67495455197133,24900487557.058144
Turkiye,TUR,2012,52183684190.0,1.79600094441355,29055488167.93055
Turkiye,TUR,2013,60837724090.0,1.90376824244752,31956475968.832157
Turkiye,TUR,2014,68386634320.0,2.18854241775473,31247570878.776585
Turkiye,TUR,2015,78525575110.0,2.72000852790578,28869606217.91113
Turkiye,TUR,2016,91535694760.0,3.02013474808043,30308480380.943016
Turkiye,TUR,2017,110606221400.0,3.64813263536867,30318585549.13052
Turkiye,TUR,2018,122279145400.0,4.82837014720942,25325139057.67391
Turkiye,TUR,2019,139476952700.0,5.67381930843574,24582551032.71054
Turkiye,TUR,2020,154463018500.0,7.00860541558522,22039051899.89959
Turkiye,TUR,2021,206543784700.0,8.85040754928315,23337206060.836067
Turkiye,TUR,2022,435356764100.0,16.5488604173067,26307356103.1856
Turkiye,TUR,2023,796359642700.0,23.7385661219918,33547082776.92642
Turkiye,TUR,2024,1238686051000.0,32.8058614432703,37758071164.874115
Uganda,UGA,2015,3098588525000.0,3240.64542033826,956164011.5124252
Uganda,UGA,2016,3880054250000.0,3420.09800724736,1134486275.4745536
Uganda,UGA,2017,3155078924000.0,3611.22445804461,873686739.9564519
Uganda,UGA,2018,3961057847000.0,3727.06899484612,1062780928.5198222
Uganda,UGA,2019,6030944185000.0,3704.04907169681,1628203101.055907
Uganda,UGA,2020,4928137822000.0,3718.24892270924,1325392119.903902
Uganda,UGA,2021,7159098829000.0,3587.05170733909,1995817014.3888695
Uganda,UGA,2022,8456604882000.0,3689.81738566862,2291876263.2659683
Uganda,UGA,2023,7767087434000.0,3726.14045997085,2084485949.3194637
Ukraine,UKR,1999,3743000000.0,4.13044166666667,906198489.6691833
Ukraine,UKR,2000,8710100000.0,5.44023333333333,1601052650.9279637
Ukraine,UKR,2001,8087300000.0,5.37215833333333,1505409836.8284638
Ukraine,UKR,2002,8772447059.0,5.326625,1646905321.6624036
Ukraine,UKR,2003,11907939410.0,5.33268833333333,2233008693.8639154
Ukraine,UKR,2004,12954300000.0,5.31918066666667,2435393872.0637536
Ukraine,UKR,2005,19872600000.0,5.124729,3877785537.537692
Ukraine,UKR,2006,23897100000.0,5.05,4732099009.9009905
Ukraine,UKR,2007,30956300000.0,5.05,6129960396.039604
Ukraine,UKR,2008,40557800000.0,5.26722141666667,7700037038.82013
Ukraine,UKR,2009,45994800000.0,7.79124033333333,5903398949.615256
Ukraine,UKR,2010,50678000000.0,7.93563941666667,6386126856.213317
Ukraine,UKR,2011,58748900000.0,7.96756283333333,7373509469.447341
Ukraine,UKR,2012,67026601000.0,7.99102933333333,8387730566.87566
Ukraine,UKR,2013,62623910140.0,7.993,7834844256.2241955
Ukraine,UKR,2014,66130400000.0,11.8866594166667,5563413376.450936
Ukraine,UKR,2015,88146500000.0,21.8446977666667,4035143948.501071
Ukraine,UKR,2016,96643400000.0,25.5513341166667,3782323050.4806075
Ukraine,UKR,2017,123058600000.0,26.5966063,4626853464.383536
Ukraine,UKR,2018,159609800000.0,27.2004923333333,5867901141.054109
Ukraine,UKR,2019,183257300000.0,25.8455893333333,7090467067.185476
Ukraine,UKR,2020,302769800000.0,26.9575243833333,11231365154.108505
Ukraine,UKR,2021,383817000000.0,27.2861893833333,14066346700.44618
Ukraine,UKR,2022,752209500000.0,32.3423016,23257760356.795387
Ukraine,UKR,2023,1551433700000.0,36.5738081166667,42419255196.26192
Ukraine,UKR,2024,1377219500000.0,40.152082715,34300076281.858696
United Arab Emirates,ARE,1997,8786000000.0,3.671125,2393271817.222241
United Arab Emirates,ARE,1998,8851000000.0,3.6725,2410074880.871341
United Arab Emirates,ARE,1999,8787000000.0,3.6725,2392648059.904697
United Arab Emirates,ARE,2011,16403261440.0,3.6725,4466510943.498979
United Arab Emirates,ARE,2012,17039735740.0,3.6725,4639819125.936011
United Arab Emirates,ARE,2013,16797317350.0,3.6725,4573810034.03676
United Arab Emirates,ARE,2014,16950348040.0,3.6725,4615479384.615385
United Arab Emirates,ARE,2015,20747674100.0,3.6725,5649468781.484003
United Arab Emirates,ARE,2016,23025142650.0,3.6725,6269609979.577945
United Arab Emirates,ARE,2017,21076999430.0,3.6725,5739142118.447924
United Arab Emirates,ARE,2018,22518733400.0,3.6725,6131717739.959156
United Arab Emirates,ARE,2019,26214609000.0,3.6725,7138082777.399591
United Arab Emirates,ARE,2020,25271697700.0,3.6725,6881333614.70388
United Arab Emirates,ARE,2021,20213286410.0,3.6725,5503958178.352621
United Arab Emirates,ARE,2022,24075098400.0,3.6725,6555506712.049013
United Arab Emirates,ARE,2023,20934232440.0,3.6725,5700267512.593601
United Arab Emirates,ARE,2024,19328041400.0,3.6725,5262911204.901294
United Kingdom,GBR,1972,3583000000.0,0.400390461530008,8948764629.178024
United Kingdom,GBR,1973,3954000000.0,0.408170945299307,9687117727.354597
United Kingdom,GBR,1974,5067000000.0,0.427756439747663,11845525932.909542
United Kingdom,GBR,1975,6447000000.0,0.452041165666667,14261975434.232878
United Kingdom,GBR,1976,7898000000.0,0.556509832333334,14192022388.688574
United Kingdom,GBR,1977,9091000000.0,0.573271999,15858091823.528955
United Kingdom,GBR,1978,10559000000.0,0.521504582333334,20247185466.245674
United Kingdom,GBR,1979,12360000000.0,0.472181165666667,26176393508.93859
United Kingdom,GBR,1980,15805000000.0,0.430294999,36730615128.52953
United Kingdom,GBR,1981,18064000000.0,0.497641332333334,36299235666.98481
United Kingdom,GBR,1982,20342000000.0,0.572446832333333,35535177855.879814
United Kingdom,GBR,1983,22245000000.0,0.659724582333334,33718616216.062782
United Kingdom,GBR,1984,23631000000.0,0.75180666625,31432283139.854374
United Kingdom,GBR,1985,24259000000.0,0.77924599975,31131375724.46037
United Kingdom,GBR,1986,25420000000.0,0.682197333333333,37261945712.67748
United Kingdom,GBR,1987,24937000000.0,0.6119265,40751626216.54725
United Kingdom,GBR,1988,26586000000.0,0.562170166666667,47291730469.51083
United Kingdom,GBR,1989,29021000000.0,0.61117275,47484119669.92965
United Kingdom,GBR,1990,31748000000.0,0.563177166666667,56373024119.40822
United Kingdom,GBR,1991,36225000000.0,0.567015333333333,63887161193.75964
United Kingdom,GBR,1992,41199000000.0,0.569774166666667,72307595553.20891
United Kingdom,GBR,1993,46596000000.0,0.666756553333333,69884577462.42078
United Kingdom,GBR,1994,55796000000.0,0.653426604166667,85389850434.93628
United Kingdom,GBR,1995,29669000000.0,0.63366812,46821039379.41521
United Kingdom,GBR,1996,31511000000.0,0.640958255,49162328052.081955
United Kingdom,GBR,1997,30861000000.0,0.610836114166667,50522553078.09052
United Kingdom,GBR,1998,33130000000.0,0.603823594166667,54867017983.49317
United Kingdom,GBR,1999,36418000000.0,0.618056845,58923382686.58767
United Kingdom,GBR,2000,39521000000.0,0.660930833333333,59795969573.21558
United Kingdom,GBR,2001,41931000000.0,0.694655,60362338139.07623
United Kingdom,GBR,2002,46733000000.0,0.667223333333333,70041015751.84724
United Kingdom,GBR,2003,49594000000.0,0.6124725,80973431460.18802
United Kingdom,GBR,2004,55580000000.0,0.54618,101761324105.60622
United Kingdom,GBR,2005,60366000000.0,0.549998333333333,109756696232.41289
United Kingdom,GBR,2006,64632000000.0,0.543486666666667,118921040687.90395
United Kingdom,GBR,2007,69146000000.0,0.499771666666667,138355182199.8712
United Kingdom,GBR,2008,78622000000.0,0.54396625,144534702290.81308
United Kingdom,GBR,2009,84740000000.0,0.641919263495996,132010370803.47498
United Kingdom,GBR,2010,85402000000.0,0.647179345560165,131960329985.62468
United Kingdom,GBR,2011,84788000000.0,0.624140835740495,135847544568.05502
United Kingdom,GBR,2012,88511000000.0,0.633046988857327,139817425180.02588
United Kingdom,GBR,2013,93806000000.0,0.639660577613477,146649650272.30966
United Kingdom,GBR,2014,98253000000.0,0.607729626878255,161672223394.30685
United Kingdom,GBR,2015,97366000000.0,0.654545478931426,148753605569.09543
United Kingdom,GBR,2016,97946000000.0,0.740634463697084,132246073874.38489
United Kingdom,GBR,2017,97791000000.0,0.776976682344123,125860919924.8638
United Kingdom,GBR,2018,101434000000.0,0.749531540259847,135329862122.7266
United Kingdom,GBR,2019,109581000000.0,0.783445110011929,139870679642.54892
United Kingdom,GBR,2020,134001000000.0,0.779999576697153,171796247079.28268
United Kingdom,GBR,2021,149784000000.0,0.727064944688323,206011857804.81985
United Kingdom,GBR,2022,151047000000.0,0.811301715827773,186178578268.98148
United Kingdom,GBR,2023,152503000000.0,0.804538906734353,189553294096.1353
United Kingdom,GBR,2024,161877000000.0,0.782414580986262,206894150408.02045
United States,USA,1972,52410000000.0,1.0,52410000000.0
United States,USA,1973,55050000000.0,1.0,55050000000.0
United States,USA,1974,55500000000.0,1.0,55500000000.0
United States,USA,1975,64040000000.0,1.0,64040000000.0
United States,USA,1976,61560000000.0,1.0,61560000000.0
United States,USA,1977,71030000000.0,1.0,71030000000.0
United States,USA,1978,80460000000.0,1.0,80460000000.0
United States,USA,1979,87310000000.0,1.0,87310000000.0
United States,USA,1980,107950000000.0,1.0,107950000000.0
United States,USA,1981,125750000000.0,1.0,125750000000.0
United States,USA,1982,143900000000.0,1.0,143900000000.0
United States,USA,1983,168120000000.0,1.0,168120000000.0
United States,USA,1984,178050000000.0,1.0,178050000000.0
United States,USA,1985,198650000000.0,1.0,198650000000.0
United States,USA,1986,213640000000.0,1.0,213640000000.0
United States,USA,1987,213350000000.0,1.0,213350000000.0
United States,USA,1988,224080000000.0,1.0,224080000000.0
United States,USA,1989,237190000000.0,1.0,237190000000.0
United States,USA,1990,229420000000.0,1.0,229420000000.0
United States,USA,1991,249360000000.0,1.0,249360000000.0
United States,USA,1992,246510000000.0,1.0,246510000000.0
United States,USA,1993,233090000000.0,1.0,233090000000.0
United States,USA,1994,229560000000.0,1.0,229560000000.0
United States,USA,1995,219300000000.0,1.0,219300000000.0
United States,USA,1996,211290000000.0,1.0,211290000000.0
United States,USA,1997,218150000000.0,1.0,218150000000.0
United States,USA,1998,217850000000.0,1.0,217850000000.0
United States,USA,1999,222860000000.0,1.0,222860000000.0
United States,USA,2000,235290000000.0,1.0,235290000000.0
United States,USA,2001,150568700000.0,1.0,150568700000.0
United States,USA,2002,177687000000.0,1.0,177687000000.0
United States,USA,2003,212893100000.0,1.0,212893100000.0
United States,USA,2004,241863700000.0,1.0,241863700000.0
United States,USA,2005,259153600000.0,1.0,259153600000.0
United States,USA,2006,275384000000.0,1.0,275384000000.0
United States,USA,2007,282586600000.0,1.0,282586600000.0
United States,USA,2008,328851800000.0,1.0,328851800000.0
United States,USA,2009,351398300000.0,1.0,351398300000.0
United States,USA,2010,383081200000.0,1.0,383081200000.0
United States,USA,2011,371961700000.0,1.0,371961700000.0
United States,USA,2012,357336800000.0,1.0,357336800000.0
United States,USA,2013,318407000000.0,1.0,318407000000.0
United States,USA,2014,305086700000.0,1.0,305086700000.0
United States,USA,2015,298484500000.0,1.0,298484500000.0
United States,USA,2016,297305800000.0,1.0,297305800000.0
United States,USA,2017,301938700000.0,1.0,301938700000.0
United States,USA,2018,327683700000.0,1.0,327683700000.0
United States,USA,2019,358856600000.0,1.0,358856600000.0
United States,USA,2020,383165900000.0,1.0,383165900000.0
United States,USA,2021,422633300000.0,1.0,422633300000.0
United States,USA,2022,433875000000.0,1.0,433875000000.0
United States,USA,2023,423312700000.0,1.0,423312700000.0
United States,USA,2024,444062600000.0,1.0,444062600000.0
Uruguay,URY,1972,23000.0,0.000530825833333333,43328712.650571235
Uruguay,URY,1973,70000.0,0.000857150833333334,81665906.72003463
Uruguay,URY,1974,120000.0,0.0011821325,101511463.39348593
Uruguay,URY,1975,163000.0,0.00223583333333333,72903466.26910186
Uruguay,URY,1976,505000.0,0.0033025,152914458.74337623
Uruguay,URY,1977,474000.0,0.00464666666666667,102008608.32137726
Uruguay,URY,1978,997000.0,0.00602333333333334,165522966.2423905
Uruguay,URY,1979,1617000.0,0.00783833333333333,206293854.9861791
Uruguay,URY,1980,3246000.0,0.0090725,357784513.6401212
Uruguay,URY,1981,4677000.0,0.0107933333333333,433323038.9129105
Uruguay,URY,1982,3609000.0,0.0138533333333333,260514918.19056848
Uruguay,URY,1983,6108000.0,0.0343758333333333,177682965.26144838
Uruguay,URY,1984,10905000.0,0.0558933333333333,195103769.08396956
Uruguay,URY,1985,17154000.0,0.101155833333333,169579938.5436667
Uruguay,URY,1986,38986000.0,0.151434166666667,257445204.46178424
Uruguay,URY,1987,75579000.0,0.225521666666667,335129662.33842963
Uruguay,URY,1988,128656000.0,0.3585075,358865574.63930327
Uruguay,URY,1989,170000000.0,0.621178333333333,273673421.74952453
Uruguay,URY,1990,377000000.0,1.16948416666667,322364347.2442613
Uruguay,URY,1991,881000000.0,2.01766333333333,436643708.3160561
Uruguay,URY,1992,1723000000.0,3.02481166666667,569622240.9439259
Uruguay,URY,1993,2381000000.0,3.94109166666667,604147328.0457398
Uruguay,URY,1994,4053000000.0,5.04391666666667,803542220.8270684
Uruguay,URY,1995,4235000000.0,6.349,667034178.6108048
Uruguay,URY,1996,6436000000.0,7.97183333333334,807342518.4503767
Uruguay,URY,1997,7659000000.0,9.44183333333333,811177207.8162789
Uruguay,URY,1998,12318000000.0,10.4719166666667,1176288963.338449
Uruguay,URY,1999,13158000000.0,11.3393,1160389089.2735884
Uruguay,URY,2000,8766000000.0,12.0995916666667,724487258.8675493
Uruguay,URY,2001,10251824540.0,13.3191166666667,769707541.1657661
Uruguay,URY,2002,9582861548.0,21.2569666666667,450810395.399782
Uruguay,URY,2003,12270896090.0,28.2086833333333,435004212.88716704
Uruguay,URY,2004,14811583200.0,28.7037333333333,516015914.3061536
Uruguay,URY,2005,16305927210.0,24.4786,666129893.4579592
Uruguay,URY,2006,19503215280.0,24.0733583333333,810157644.3945825
Uruguay,URY,2007,22569319860.0,23.471025,961582200.1808612
Uruguay,URY,2008,24352451010.0,20.9493166666667,1162446078.670822
Uruguay,URY,2009,25909172990.0,22.5679833333333,1148049987.777672
Uruguay,URY,2010,29856838790.0,20.059275,1488430603.2994711
Uruguay,URY,2011,31747037730.0,19.3142083333333,1643714160.171379
Uruguay,URY,2012,36828424760.0,20.310575,1813263522.0814772
Uruguay,URY,2013,43254954090.0,20.4816083333333,2111892454.2465572
Uruguay,URY,2014,49171084650.0,23.246025,2115247000.2935987
Uruguay,URY,2015,54591782840.0,27.3273666666667,1997696430.3183234
Uruguay,URY,2016,61848936290.0,30.1626,2050517405.3297791
Uruguay,URY,2017,62695432070.0,28.6764,2186307628.223905
Uruguay,URY,2018,69775477810.0,30.7252583333333,2270948450.718209
Uruguay,URY,2019,77829192180.0,35.255375,2207583728.154927
Uruguay,URY,2020,88588582890.0,42.0132916666667,2108584673.4614723
Uruguay,URY,2021,113053773000.0,43.554575,2595680775.21133
Uruguay,URY,2022,114125618000.0,41.1710833333333,2771984819.4424505
Uruguay,URY,2023,106146795500.0,38.8239166666667,2734056854.988439
Uruguay,URY,2024,113231511700.0,40.2127875,2815808570.843292
Uzbekistan,UZB,2016,3233973333000.0,2965.25349937684,1090622887.2774732
Uzbekistan,UZB,2017,4341397817000.0,5113.87894595717,848944189.5045515
Uzbekistan,UZB,2018,5406564219000.0,8069.60623655914,669991082.6510595
Uzbekistan,UZB,2019,7350496812000.0,8836.7875,831806446.8563943
Uzbekistan,UZB,2020,5397415706000.0,10054.2613341653,536828666.6330313
Uzbekistan,UZB,2021,5796629612000.0,10609.464390809,546364019.7540634
Uzbekistan,UZB,2022,12790098480000.0,11050.145422363,1157459742.9383805
Uzbekistan,UZB,2023,13951746970000.0,11734.8334198669,1188917342.99184
Vanuatu,VUT,1990,1125800000.0,117.06125,9617187.583423208
Vanuatu,VUT,1995,1586000000.0,112.111666666667,14146609.778940598
Vanuatu,VUT,1996,2113000000.0,111.719166666667,18913495.893721554
Vanuatu,VUT,1997,2560000000.0,115.873333333333,22093090.155917447
Vanuatu,VUT,1998,1900000000.0,127.5175,14899915.697845394
Vanuatu,VUT,1999,1909000000.0,129.075,14789850.861901997
Vanuatu,VUT,2009,3920100000.0,106.740833333333,36725401.86901306
Vanuatu,VUT,2010,4693300000.0,96.9058333333333,48431552.96808759
Vanuatu,VUT,2011,4308900000.0,89.4691666666667,48160725.76213405
Vanuatu,VUT,2012,4117200000.0,92.6375,44444204.56078801
Vanuatu,VUT,2013,4143700000.0,94.5425,43828965.80902769
Vanuatu,VUT,2014,5184800000.0,97.0716666666667,53412083.85557061
Vanuatu,VUT,2015,5843300000.0,108.989166666667,53613585.44809483
Vanuatu,VUT,2016,6017500000.0,108.475,55473611.43120535
Vanuatu,VUT,2017,8159300000.0,107.820833333333,75674614.52254921
Vanuatu,VUT,2018,7650123936.0,110.165,69442417.60994871
Vanuatu,VUT,2019,9568634152.0,114.7325,83399508.87499183
Vanuatu,VUT,2020,9809800000.0,115.38,85021667.533368
Vanuatu,VUT,2021,10054682240.0,109.4525,91863431.53422718
Vanuatu,VUT,2022,10968600000.0,115.353916666667,95086498.2911284
Vanuatu,VUT,2023,11218488460.0,119.1125,94183972.79882464
Zambia,ZMB,1990,5542300.0,0.0302891083333333,182979965.5706825
Zambia,ZMB,1991,8726400.0,0.0646397083333333,135000609.1456942
Zambia,ZMB,1992,19583600.0,0.172213783333333,113716797.92955038
Zambia,ZMB,1993,60949000.0,0.452762666666667,134615781.04201752
Zambia,ZMB,1998,414800000.0,1.86206916666667,222762938.89906484
Zambia,ZMB,1999,369200000.0,2.38801916666667,154605124.2609371
Zambia,ZMB,2001,727598794.9,3.610935,201498723.98700058
Zambia,ZMB,2002,529392038.8,4.398595,120354803.93171
Zambia,ZMB,2003,676680548.9,4.73327104649872,142962560.61662725
Zambia,ZMB,2004,890152147.9,4.77887538643578,186268122.9200037
Zambia,ZMB,2005,1873203864.0,4.465,419530540.6494961
Zambia,ZMB,2006,2117200000.0,3.60166666666666,587838963.4428517
Zambia,ZMB,2007,2016069878.0,4.00166666666667,503807549.68762976
Zambia,ZMB,2008,2608180308.0,3.745,696443339.9198931
Zambia,ZMB,2009,2570823599.0,5.045,509578513.1813677
Zambia,ZMB,2010,3440687603.0,4.7975,717183450.338718
Zambia,ZMB,2011,6507449790.0,4.86166666666666,1338522411.3815582
Zambia,ZMB,2012,5394746707.0,5.1475,1048032386.0126275
Zambia,ZMB,2013,7762789937.0,5.39648333333333,1438490486.7676182
Zambia,ZMB,2014,7342421089.0,6.15416666666667,1193081287.3121185
Zambia,ZMB,2015,8956639191.0,8.63166666666667,1037648873.2573853
Zambia,ZMB,2016,14259674230.0,10.3075,1383427041.4746544
Zambia,ZMB,2017,12440333280.0,9.5175,1307100948.778566
Zambia,ZMB,2018,8807746359.0,10.4583333333333,842174950.6613573
Zambia,ZMB,2019,9273553018.0,12.89,719437782.6221877
Zambia,ZMB,2020,14471618270.0,18.3440926453379,788898014.7338016
Zambia,ZMB,2021,28197421040.0,20.0184865859688,1408569070.3394089
Zimbabwe,ZWE,2009,64798.6996724168,,
Zimbabwe,ZWE,2010,116404.476092239,,
Zimbabwe,ZWE,2011,155018.719833105,,
Zimbabwe,ZWE,2012,175957.968590531,,
Zimbabwe,ZWE,2015,132042.373464026,,
Zimbabwe,ZWE,2016,131457.085179709,,
Zimbabwe,ZWE,2017,332323.593376172,,
Zimbabwe,ZWE,2018,289333.286162595,,
