country,country_code,year,gov_consumption_usd
Afghanistan,AFG,2020,4412100128.92726
Afghanistan,AFG,2021,3032015044.44951
Afghanistan,AFG,2022,3166994239.24094
Afghanistan,AFG,2023,3638763331.64043
Africa Eastern and Southern,AFE,1980,22198480798.7465
Africa Eastern and Southern,AFE,1981,23315731782.4295
Africa Eastern and Southern,AFE,1982,22861912965.1582
Africa Eastern and Southern,AFE,1983,23733552535.215
Africa Eastern and Southern,AFE,1984,23587479883.4558
Africa Eastern and Southern,AFE,1985,19652571909.1068
Africa Eastern and Southern,AFE,1986,23001968022.6431
Africa Eastern and Southern,AFE,1987,29935825257.644
Africa Eastern and Southern,AFE,1988,31112800654.7162
Africa Eastern and Southern,AFE,1989,31579841734.7289
Africa Eastern and Southern,AFE,1990,37869094079.042
Africa Eastern and Southern,AFE,1991,41878737915.4285
Africa Eastern and Southern,AFE,1992,41606012058.9958
Africa Eastern and Southern,AFE,1993,40853455772.0561
Africa Eastern and Southern,AFE,1994,43087532311.4854
Africa Eastern and Southern,AFE,1995,44574445971.5906
Africa Eastern and Southern,AFE,1996,45559416410.1231
Africa Eastern and Southern,AFE,1997,47765013592.8282
Africa Eastern and Southern,AFE,1998,44709623096.3202
Africa Eastern and Southern,AFE,1999,43987962467.417
Africa Eastern and Southern,AFE,2000,44688001513.1354
Africa Eastern and Southern,AFE,2001,41347541367.8787
Africa Eastern and Southern,AFE,2002,41008354663.053
Africa Eastern and Southern,AFE,2003,57606268501.6134
Africa Eastern and Southern,AFE,2004,70984922772.3559
Africa Eastern and Southern,AFE,2005,79353629217.5663
Africa Eastern and Southern,AFE,2006,87080475649.1981
Africa Eastern and Southern,AFE,2007,100440912712.291
Africa Eastern and Southern,AFE,2008,110378245786.148
Africa Eastern and Southern,AFE,2009,114910220006.63
Africa Eastern and Southern,AFE,2010,135778858840.555
Africa Eastern and Southern,AFE,2011,156591915712.078
Africa Eastern and Southern,AFE,2012,160106288214.75
Africa Eastern and Southern,AFE,2013,167181981947.464
Africa Eastern and Southern,AFE,2014,164858972061.689
Africa Eastern and Southern,AFE,2015,145436225076.366
Africa Eastern and Southern,AFE,2016,132790678699.121
Africa Eastern and Southern,AFE,2017,154403179920.312
Africa Eastern and Southern,AFE,2018,155816913722.34
Africa Eastern and Southern,AFE,2019,155651394755.896
Africa Eastern and Southern,AFE,2020,148137199029.727
Africa Eastern and Southern,AFE,2021,168523599230.396
Africa Eastern and Southern,AFE,2022,182959429289.566
Africa Eastern and Southern,AFE,2023,171838954660.106
Africa Eastern and Southern,AFE,2024,180513033260.117
Albania,ALB,1980,146947368.421053
Albania,ALB,1981,159906759.90676
Albania,ALB,1982,165617703.962704
Albania,ALB,1983,171095571.095571
Albania,ALB,1984,181118881.118881
Albania,ALB,1985,182867121.212121
Albania,ALB,1986,201624987.5
Albania,ALB,1987,208000000.0
Albania,ALB,1988,201124987.5
Albania,ALB,1989,205750000.0
Albania,ALB,1990,389249987.5
Albania,ALB,1991,251527784.722222
Albania,ALB,1992,139619502.215707
Albania,ALB,1993,173511335.701164
Albania,ALB,1994,275059004.738292
Albania,ALB,1995,290931560.182313
Albania,ALB,1996,310491354.661599
Albania,ALB,1997,242131189.502386
Albania,ALB,1998,283674141.968775
Albania,ALB,1999,366072952.932657
Albania,ALB,2000,348834535.581357
Albania,ALB,2001,430013488.792983
Albania,ALB,2002,507312454.32881
Albania,ALB,2003,641119015.505474
Albania,ALB,2004,828698300.194993
Albania,ALB,2005,915109694.223868
Albania,ALB,2006,965833839.746414
Albania,ALB,2007,1154592614.97343
Albania,ALB,2008,1419320012.52429
Albania,ALB,2009,1420541720.55627
Albania,ALB,2010,1412847890.34076
Albania,ALB,2011,1540378266.16685
Albania,ALB,2012,1438095810.26769
Albania,ALB,2013,1505908857.97368
Albania,ALB,2014,1632075527.11414
Albania,ALB,2015,1341962126.46185
Albania,ALB,2016,1451232269.36786
Albania,ALB,2017,1571239612.69424
Albania,ALB,2018,1825026901.07796
Albania,ALB,2019,1975567387.82309
Albania,ALB,2020,2083100533.82421
Albania,ALB,2021,2336466383.30757
Albania,ALB,2022,2309520081.65272
Albania,ALB,2023,2847563289.78091
Albania,ALB,2024,3359142252.06112
Algeria,DZA,1960,726263484.745982
Algeria,DZA,1961,566839799.394782
Algeria,DZA,1962,389702373.477333
Algeria,DZA,1963,513698597.951007
Algeria,DZA,1964,495984816.87482
Algeria,DZA,1965,513698597.951007
Algeria,DZA,1966,536033327.526909
Algeria,DZA,1967,603037455.489704
Algeria,DZA,1968,647706914.641507
Algeria,DZA,1969,714711062.859273
Algeria,DZA,1970,804049940.652939
Algeria,DZA,1971,942721588.68616
Algeria,DZA,1972,1181305564.20412
Algeria,DZA,1973,1391394209.96115
Algeria,DZA,1974,1556133181.84536
Algeria,DZA,1975,2233607720.44823
Algeria,DZA,1976,2436375952.39954
Algeria,DZA,1977,3084595652.79671
Algeria,DZA,1978,4059382939.55975
Algeria,DZA,1979,5007925612.21426
Algeria,DZA,1980,6436566026.91892
Algeria,DZA,1981,6696312648.75546
Algeria,DZA,1982,7316767243.18147
Algeria,DZA,1983,7914300304.87805
Algeria,DZA,1984,8608623834.24888
Algeria,DZA,1985,9686144675.60364
Algeria,DZA,1986,12100418113.0281
Algeria,DZA,1987,12969761834.7533
Algeria,DZA,1988,11885506276.0714
Algeria,DZA,1989,10015038526.3541
Algeria,DZA,1990,9969290655.3921
Algeria,DZA,1991,6728784842.6409
Algeria,DZA,1992,7689110996.36725
Algeria,DZA,1993,8652665905.54622
Algeria,DZA,1994,7604432534.06642
Algeria,DZA,1995,7001278082.55705
Algeria,DZA,1996,7404710415.08699
Algeria,DZA,1997,7967795862.91509
Algeria,DZA,1998,8573526086.38376
Algeria,DZA,1999,8165423749.18089
Algeria,DZA,2000,7442697954.83889
Algeria,DZA,2001,8975106022.44089
Algeria,DZA,2002,9736954063.59537
Algeria,DZA,2003,11109881487.7839
Algeria,DZA,2004,12837459027.5407
Algeria,DZA,2005,13300929408.1792
Algeria,DZA,2006,14710347764.7142
Algeria,DZA,2007,17650997800.6246
Algeria,DZA,2008,24831208928.6931
Algeria,DZA,2009,24609298910.1044
Algeria,DZA,2010,30158222147.8474
Algeria,DZA,2011,43912900515.6347
Algeria,DZA,2012,44861554380.3046
Algeria,DZA,2013,42575344847.5716
Algeria,DZA,2014,45383055491.9775
Algeria,DZA,2015,38482111978.6824
Algeria,DZA,2016,36192251447.0469
Algeria,DZA,2017,35752754203.3033
Algeria,DZA,2018,33859701552.5492
Algeria,DZA,2019,35327719346.2469
Algeria,DZA,2020,32650145767.9954
Algeria,DZA,2021,34319857786.3597
Algeria,DZA,2022,37311369645.2991
Algeria,DZA,2023,44394285862.4821
Algeria,DZA,2024,48630923823.5357
Angola,AGO,2002,3531842962.12867
Angola,AGO,2003,4701722294.48754
Angola,AGO,2004,4071196843.98495
Angola,AGO,2005,7157452537.44698
Angola,AGO,2006,9705973949.95928
Angola,AGO,2007,12247462244.0381
Angola,AGO,2008,17980874734.5063
Angola,AGO,2009,16897135128.2674
Angola,AGO,2010,17248909669.511
Angola,AGO,2011,24621768214.5472
Angola,AGO,2012,27595575093.5743
Angola,AGO,2013,34560023766.1062
Angola,AGO,2014,29519482308.8441
Angola,AGO,2015,17961178377.4327
Angola,AGO,2016,8845449847.67381
Angola,AGO,2017,10558890435.5076
Angola,AGO,2018,9254790084.42241
Angola,AGO,2019,8870807703.6988
Angola,AGO,2020,6736341126.98824
Angola,AGO,2021,8459132622.75474
Angola,AGO,2022,14435433954.6934
Angola,AGO,2023,12230448669.744
Angola,AGO,2024,10788234567.7469
Arab World,ARB,1968,6464029844.5606
Arab World,ARB,1969,7279581253.84081
Arab World,ARB,1970,8022908091.53088
Arab World,ARB,1971,9280740887.47996
Arab World,ARB,1972,11136765829.1047
Arab World,ARB,1973,13878696143.2495
Arab World,ARB,1974,19196994754.431
Arab World,ARB,1975,27238804915.6221
Arab World,ARB,1976,35660270124.1842
Arab World,ARB,1977,40790415554.6328
Arab World,ARB,1978,52276573692.3366
Arab World,ARB,1979,63886794714.517
Arab World,ARB,1980,75105514777.1964
Arab World,ARB,1981,92968501934.0127
Arab World,ARB,1982,104476037437.841
Arab World,ARB,1983,107476851880.698
Arab World,ARB,1984,104481373008.47
Arab World,ARB,1985,101828646503.076
Arab World,ARB,1986,104996873709.456
Arab World,ARB,1987,107669216418.09
Arab World,ARB,1988,103855935841.935
Arab World,ARB,1989,107866422608.689
Arab World,ARB,1990,114258312384.179
Arab World,ARB,1991,106517792639.017
Arab World,ARB,1992,105897191735.91
Arab World,ARB,1993,96108000840.5616
Arab World,ARB,1994,94588969606.2469
Arab World,ARB,1995,94870693419.8265
Arab World,ARB,1996,102236628510.031
Arab World,ARB,1997,113406835337.422
Arab World,ARB,1998,115332951388.549
Arab World,ARB,1999,116893285306.693
Arab World,ARB,2000,129488633464.932
Arab World,ARB,2001,133062646743.0
Arab World,ARB,2002,133814472813.489
Arab World,ARB,2003,141325917066.72
Arab World,ARB,2004,164579700947.046
Arab World,ARB,2005,186613196428.172
Arab World,ARB,2006,212914391201.357
Arab World,ARB,2007,242865306784.275
Arab World,ARB,2008,282970029571.975
Arab World,ARB,2009,302762756315.828
Arab World,ARB,2010,335818516750.054
Arab World,ARB,2011,414656415630.795
Arab World,ARB,2012,449478199484.576
Arab World,ARB,2013,493755335445.3
Arab World,ARB,2014,540934133344.919
Arab World,ARB,2015,520582190490.494
Arab World,ARB,2016,482936252654.149
Arab World,ARB,2017,480806302377.039
Arab World,ARB,2018,524129054102.374
Arab World,ARB,2019,543271851113.521
Arab World,ARB,2020,534436397113.957
Arab World,ARB,2021,539853575825.777
Arab World,ARB,2022,580985184702.221
Arab World,ARB,2023,613409510819.123
Arab World,ARB,2024,638933396862.553
Argentina,ARG,1960,1567579478.83209
Argentina,ARG,1961,1568225890.36433
Argentina,ARG,1962,2235799985.66842
Argentina,ARG,1963,1873293741.48124
Argentina,ARG,1964,1851010086.55162
Argentina,ARG,1965,2292941109.49128
Argentina,ARG,1966,3093333419.90704
Argentina,ARG,1967,2362424326.82205
Argentina,ARG,1968,2598571394.01054
Argentina,ARG,1969,2969714408.66378
Argentina,ARG,1970,3077105358.84717
Argentina,ARG,1971,3377999916.89886
Argentina,ARG,1972,3248124955.47887
Argentina,ARG,1973,6063222189.12736
Argentina,ARG,1974,9527777909.5819
Argentina,ARG,1975,6601594539.00068
Argentina,ARG,1976,4820215361.52499
Argentina,ARG,1977,5119039948.11081
Argentina,ARG,1978,9943361369.27948
Argentina,ARG,1979,7623189691.88905
Argentina,ARG,1987,5129883201.88656
Argentina,ARG,1988,5484082118.41714
Argentina,ARG,1989,3444043437.70259
Argentina,ARG,1990,4432011255.38107
Argentina,ARG,1991,6302044992.13424
Argentina,ARG,1992,6807403683.6718
Argentina,ARG,1993,31984701701.7017
Argentina,ARG,1994,33948366600.0
Argentina,ARG,1995,34445834100.0
Argentina,ARG,1996,34023284500.0
Argentina,ARG,1997,35324694300.0
Argentina,ARG,1998,37352911200.0
Argentina,ARG,1999,38908460700.0
Argentina,ARG,2000,39175188600.0
Argentina,ARG,2001,38037449000.0
Argentina,ARG,2002,11956773588.4449
Argentina,ARG,2003,14593470488.4092
Argentina,ARG,2004,18301129726.4273
Argentina,ARG,2005,24130382300.7642
Argentina,ARG,2006,28905507926.1954
Argentina,ARG,2007,37348269040.9027
Argentina,ARG,2008,49293062930.4651
Argentina,ARG,2009,52956236298.6285
Argentina,ARG,2010,64237667185.0303
Argentina,ARG,2011,83176277231.4325
Argentina,ARG,2012,90881156804.3051
Argentina,ARG,2013,92774657769.3512
Argentina,ARG,2014,89210530677.4557
Argentina,ARG,2015,107639984288.54
Argentina,ARG,2016,98429979465.6182
Argentina,ARG,2017,113902234012.834
Argentina,ARG,2018,82948293880.9877
Argentina,ARG,2019,73625384340.8139
Argentina,ARG,2020,65086024470.632
Argentina,ARG,2021,77440654017.6305
Argentina,ARG,2022,99553560984.2554
Argentina,ARG,2023,105872404853.739
Argentina,ARG,2024,95223478995.8916
Armenia,ARM,1990,413152700.520366
Armenia,ARM,1991,383116883.116883
Armenia,ARM,1992,236068937.217891
Armenia,ARM,1993,206549907.44696
Armenia,ARM,1994,151809366.862208
Armenia,ARM,1995,166257454.313992
Armenia,ARM,1996,181144333.880784
Armenia,ARM,1997,188167549.93885
Armenia,ARM,1998,213841427.1556
Armenia,ARM,1999,225711135.199791
Armenia,ARM,2000,206423416.109696
Armenia,ARM,2001,219077937.520268
Armenia,ARM,2002,217887154.443185
Armenia,ARM,2003,263436943.863711
Armenia,ARM,2004,334636423.282407
Armenia,ARM,2005,475836167.674271
Armenia,ARM,2006,591560381.50817
Armenia,ARM,2007,865225867.807727
Armenia,ARM,2008,1095754346.6765
Armenia,ARM,2009,1062288893.74228
Armenia,ARM,2010,1115281751.22684
Armenia,ARM,2011,1207955260.62674
Armenia,ARM,2012,1158564052.04433
Armenia,ARM,2013,1327354057.52044
Armenia,ARM,2014,1403108761.43477
Armenia,ARM,2015,1383711170.53693
Armenia,ARM,2016,1418893886.52167
Armenia,ARM,2017,1420015993.90469
Armenia,ARM,2018,1431005068.1244
Armenia,ARM,2019,1711203944.79012
Armenia,ARM,2020,1892287599.6404
Armenia,ARM,2021,1894450245.15156
Armenia,ARM,2022,2278491059.74706
Armenia,ARM,2023,2926317264.57399
Armenia,ARM,2024,2767747052.6825
Aruba,ABW,1995,263687150.837989
Aruba,ABW,1996,278212290.502793
Aruba,ABW,1997,361452513.96648
Aruba,ABW,1998,365921787.709497
Aruba,ABW,1999,376536312.849162
Aruba,ABW,2000,401284916.201117
Aruba,ABW,2001,471117318.435754
Aruba,ABW,2002,488307262.569832
Aruba,ABW,2003,499675977.653631
Aruba,ABW,2004,516055865.921788
Aruba,ABW,2005,538932960.893855
Aruba,ABW,2006,551329608.938547
Aruba,ABW,2007,573402234.636872
Aruba,ABW,2008,604094972.067039
Aruba,ABW,2009,634184357.541899
Aruba,ABW,2010,649348044.692737
Aruba,ABW,2011,662325698.324022
Aruba,ABW,2012,684607821.22905
Aruba,ABW,2013,714513966.480447
Aruba,ABW,2014,692792737.430168
Aruba,ABW,2015,689042458.100559
Aruba,ABW,2016,700784357.541899
Aruba,ABW,2017,711925139.664804
Aruba,ABW,2018,755850837.988827
Aruba,ABW,2019,766676094.384419
Aruba,ABW,2020,720671240.809877
Aruba,ABW,2021,658187483.499531
Aruba,ABW,2022,676922091.193
Aruba,ABW,2023,724826188.067268
Aruba,ABW,2024,746481334.598609
Australia,AUS,1960,2064160330.26565
Australia,AUS,1961,2227680356.42886
Australia,AUS,1962,2384480381.51686
Australia,AUS,1963,2515520402.48326
Australia,AUS,1964,2705920432.94727
Australia,AUS,1965,3087840494.05448
Australia,AUS,1966,3496640559.46249
Australia,AUS,1967,3888640622.1825
Australia,AUS,1968,4449760711.96171
Australia,AUS,1969,4788000766.08012
Australia,AUS,1970,5443200870.91214
Australia,AUS,1971,6286561005.84976
Australia,AUS,1972,7498831775.70093
Australia,AUS,1973,9324791800.12812
Australia,AUS,1974,12851879145.1732
Australia,AUS,1975,16338932131.64
Australia,AUS,1976,18781307431.0953
Australia,AUS,1977,19263592567.1025
Australia,AUS,1978,21130620733.8365
Australia,AUS,1979,23421560831.5347
Australia,AUS,1980,25819498607.2423
Australia,AUS,1981,31504702194.3574
Australia,AUS,1982,34421273309.0588
Australia,AUS,1983,33064363672.4373
Australia,AUS,1984,35446997496.8575
Australia,AUS,1985,34767441057.7353
Australia,AUS,1986,35446978175.7135
Australia,AUS,1987,36698650079.4071
Australia,AUS,1988,43591859185.9186
Australia,AUS,1989,53328371771.8637
Australia,AUS,1990,54940581587.1022
Australia,AUS,1991,60735204898.1219
Australia,AUS,1992,63464682711.1939
Australia,AUS,1993,60479201798.7634
Australia,AUS,1994,60729159460.3943
Australia,AUS,1995,68630828630.8286
Australia,AUS,1996,74587955547.8334
Australia,AUS,1997,79594491165.2979
Australia,AUS,1998,72989893508.7838
Australia,AUS,1999,72984709863.3914
Australia,AUS,2000,77149499724.9303
Australia,AUS,2001,70393291410.0124
Australia,AUS,2002,72621030254.228
Australia,AUS,2003,86114152591.7298
Australia,AUS,2004,112496798975.672
Australia,AUS,2005,127879450777.864
Australia,AUS,2006,137015029971.593
Australia,AUS,2007,155374106932.559
Australia,AUS,2008,191092023485.3
Australia,AUS,2009,171177797608.004
Australia,AUS,2010,216389803935.385
Australia,AUS,2011,261058522296.485
Australia,AUS,2012,292457324580.67
Australia,AUS,2013,297346652563.63
Australia,AUS,2014,275707425268.552
Australia,AUS,2015,259298578703.769
Australia,AUS,2016,241048706914.122
Australia,AUS,2017,264430984902.134
Australia,AUS,2018,285802095929.061
Australia,AUS,2019,283716525927.097
Australia,AUS,2020,290852159643.265
Australia,AUS,2021,349062482974.082
Australia,AUS,2022,373342485413.872
Australia,AUS,2023,368483220934.459
Australia,AUS,2024,389107349136.772
Austria,AUT,1970,2200707065.36121
Austria,AUT,1971,2570373939.86122
Austria,AUT,1972,3142297160.54527
Austria,AUT,1973,4334861901.74995
Austria,AUT,1974,5401043875.14723
Austria,AUT,1975,6725931895.39385
Austria,AUT,1976,7381284037.73874
Austria,AUT,1977,8768401465.32345
Austria,AUT,1978,10956079787.7381
Austria,AUT,1979,12955362840.9676
Austria,AUT,1980,14388328015.3159
Austria,AUT,1981,12761089510.9729
Austria,AUT,1982,13076647576.0265
Austria,AUT,1983,13231553546.8056
Austria,AUT,1984,12501642252.94
Austria,AUT,1985,12890566640.0638
Austria,AUT,1986,18604377647.589
Austria,AUT,1987,23284168480.6269
Austria,AUT,1988,24685796277.7221
Austria,AUT,1989,24206603224.129
Austria,AUT,1990,29922915406.0269
Austria,AUT,1991,31557191514.4372
Austria,AUT,1992,36069773353.3684
Austria,AUT,1993,36744077842.1862
Austria,AUT,1994,39576137814.7211
Austria,AUT,1995,47218575133.0695
Austria,AUT,1996,46419911619.4437
Austria,AUT,1997,41708591723.9824
Austria,AUT,1998,42676478434.8599
Austria,AUT,1999,43112181376.9229
Austria,AUT,2000,37918506810.4785
Austria,AUT,2001,37479596921.9646
Austria,AUT,2002,40389198287.6393
Austria,AUT,2003,49778590783.1136
Austria,AUT,2004,56949430492.726
Austria,AUT,2005,61152075452.7626
Austria,AUT,2006,64761790915.5176
Austria,AUT,2007,72952026143.7336
Austria,AUT,2008,83265614843.7969
Austria,AUT,2009,83100634573.6406
Austria,AUT,2010,80387163344.6668
Austria,AUT,2011,85890543203.113
Austria,AUT,2012,81310035240.3516
Austria,AUT,2013,85676589242.6552
Austria,AUT,2014,87644371858.0507
Austria,AUT,2015,75483956483.3046
Austria,AUT,2016,77786398661.4399
Austria,AUT,2017,81321127498.106
Austria,AUT,2018,87992483572.3215
Austria,AUT,2019,86520557765.3332
Austria,AUT,2020,91887838029.2454
Austria,AUT,2021,104413970410.076
Austria,AUT,2022,96961222477.7436
Austria,AUT,2023,104718487777.649
Azerbaijan,AZE,1990,1563636363.63636
Azerbaijan,AZE,1991,1038000000.0
Azerbaijan,AZE,1992,78791512.9151291
Azerbaijan,AZE,1993,473318329.582396
Azerbaijan,AZE,1994,280521581.302043
Azerbaijan,AZE,1995,309275197.148777
Azerbaijan,AZE,1996,381748160.134286
Azerbaijan,AZE,1997,499702035.567544
Azerbaijan,AZE,1998,673946756.267769
Azerbaijan,AZE,1999,715262616.90976
Azerbaijan,AZE,2000,798810054.636015
Azerbaijan,AZE,2001,778896981.371542
Azerbaijan,AZE,2002,773532037.804321
Azerbaijan,AZE,2003,901495297.033231
Azerbaijan,AZE,2004,1119776614.53796
Azerbaijan,AZE,2005,1380443209.9562
Azerbaijan,AZE,2006,1791828260.27344
Azerbaijan,AZE,2007,3192662132.74538
Azerbaijan,AZE,2008,4149972006.5237
Azerbaijan,AZE,2009,4926827265.56795
Azerbaijan,AZE,2010,5757288811.36307
Azerbaijan,AZE,2011,6679490329.0675
Azerbaijan,AZE,2012,7334483131.69434
Azerbaijan,AZE,2013,7626115142.48459
Azerbaijan,AZE,2014,8190507517.71856
Azerbaijan,AZE,2015,6585825775.64701
Azerbaijan,AZE,2016,4859117064.25054
Azerbaijan,AZE,2017,4634852758.75793
Azerbaijan,AZE,2018,4931009513.43428
Azerbaijan,AZE,2019,5358647058.82353
Azerbaijan,AZE,2020,6924352941.17647
Azerbaijan,AZE,2021,7602882352.94118
Azerbaijan,AZE,2022,9174882352.94118
Azerbaijan,AZE,2023,10006000000.0
Azerbaijan,AZE,2024,10676764705.8824
"Bahamas, The",BHS,1977,109300000.0
"Bahamas, The",BHS,1978,128400000.0
"Bahamas, The",BHS,1979,143800000.0
"Bahamas, The",BHS,1980,167000000.0
"Bahamas, The",BHS,1981,197300000.0
"Bahamas, The",BHS,1982,208900000.0
"Bahamas, The",BHS,1983,238000000.0
"Bahamas, The",BHS,1984,264000000.0
"Bahamas, The",BHS,1985,289100000.0
"Bahamas, The",BHS,1986,300100000.0
"Bahamas, The",BHS,1987,326400000.0
"Bahamas, The",BHS,1989,415270000.0
"Bahamas, The",BHS,1990,407120000.0
"Bahamas, The",BHS,1991,440580000.0
"Bahamas, The",BHS,1992,427270000.0
"Bahamas, The",BHS,1993,397990000.0
"Bahamas, The",BHS,1994,482680000.0
"Bahamas, The",BHS,1995,476200000.0
"Bahamas, The",BHS,1996,516870000.0
"Bahamas, The",BHS,1997,635500000.0
"Bahamas, The",BHS,1998,650800000.0
"Bahamas, The",BHS,1999,705500000.0
"Bahamas, The",BHS,2000,747400000.0
"Bahamas, The",BHS,2001,802400000.0
"Bahamas, The",BHS,2002,846300000.0
"Bahamas, The",BHS,2003,862300000.0
"Bahamas, The",BHS,2004,907700000.0
"Bahamas, The",BHS,2005,959200000.0
"Bahamas, The",BHS,2006,1041000000.0
"Bahamas, The",BHS,2007,1072200000.0
"Bahamas, The",BHS,2008,1177300000.0
"Bahamas, The",BHS,2009,1265000000.0
"Bahamas, The",BHS,2010,1263700000.0
"Bahamas, The",BHS,2011,1385600000.0
"Bahamas, The",BHS,2012,1403100000.0
"Bahamas, The",BHS,2013,1229600000.0
"Bahamas, The",BHS,2014,1240400000.0
"Bahamas, The",BHS,2015,1345700000.0
"Bahamas, The",BHS,2016,1273400000.0
"Bahamas, The",BHS,2017,1457600000.0
"Bahamas, The",BHS,2018,1445000000.0
"Bahamas, The",BHS,2019,1680200000.0
"Bahamas, The",BHS,2020,2255900000.0
"Bahamas, The",BHS,2021,2087700000.0
"Bahamas, The",BHS,2022,1830700000.0
"Bahamas, The",BHS,2023,2002500000.0
"Bahamas, The",BHS,2024,2044200000.0
Bahrain,BHR,1980,400371451.313346
Bahrain,BHR,1981,501595744.680851
Bahrain,BHR,1982,620478723.404255
Bahrain,BHR,1983,676861702.12766
Bahrain,BHR,1984,803723670.212766
Bahrain,BHR,1985,831914893.617021
Bahrain,BHR,1986,830850797.87234
Bahrain,BHR,1987,826861702.12766
Bahrain,BHR,1988,902127659.574468
Bahrain,BHR,1989,948669946.808511
Bahrain,BHR,1990,1024202127.65957
Bahrain,BHR,1991,1079787234.04255
Bahrain,BHR,1992,1133510638.29787
Bahrain,BHR,1993,1158244680.85106
Bahrain,BHR,1994,1170212765.95745
Bahrain,BHR,1995,1219414893.61702
Bahrain,BHR,1996,1234840425.53191
Bahrain,BHR,1997,1236968085.10638
Bahrain,BHR,1998,1284042553.19149
Bahrain,BHR,1999,1378191489.3617
Bahrain,BHR,2000,1468989361.70213
Bahrain,BHR,2001,1549335106.38298
Bahrain,BHR,2002,1695079787.23404
Bahrain,BHR,2003,1917712765.95745
Bahrain,BHR,2004,2030186170.21277
Bahrain,BHR,2005,2244680851.06383
Bahrain,BHR,2006,2352180851.06383
Bahrain,BHR,2007,2629281914.89362
Bahrain,BHR,2008,2903537234.04255
Bahrain,BHR,2009,3206356382.97872
Bahrain,BHR,2010,3321109308.51064
Bahrain,BHR,2011,3981520212.76596
Bahrain,BHR,2012,4748404255.31915
Bahrain,BHR,2013,5060611702.12766
Bahrain,BHR,2014,5383856382.97872
Bahrain,BHR,2015,5491382978.7234
Bahrain,BHR,2016,5515760106.38298
Bahrain,BHR,2017,5898035372.34043
Bahrain,BHR,2018,6156457446.80851
Bahrain,BHR,2019,6064680319.14894
Bahrain,BHR,2020,5933114627.65957
Bahrain,BHR,2021,6211124468.08511
Bahrain,BHR,2022,6361164095.74468
Bahrain,BHR,2023,6750398936.17021
Bahrain,BHR,2024,6649065159.57447
Bangladesh,BGD,1960,264683520.833333
Bangladesh,BGD,1961,306058062.5
Bangladesh,BGD,1962,320794166.666667
Bangladesh,BGD,1963,369253354.166667
Bangladesh,BGD,1964,450302083.333333
Bangladesh,BGD,1965,535034791.666667
Bangladesh,BGD,1966,834008187.5
Bangladesh,BGD,1967,812754145.833333
Bangladesh,BGD,1968,896353333.333333
Bangladesh,BGD,1969,1122779562.5
Bangladesh,BGD,1970,1202978125.0
Bangladesh,BGD,1973,318518185.323223
Bangladesh,BGD,1974,580918578.960582
Bangladesh,BGD,1975,615303717.890942
Bangladesh,BGD,1976,411558202.020202
Bangladesh,BGD,1977,491170058.177117
Bangladesh,BGD,1978,647561970.899471
Bangladesh,BGD,1979,978098764.78318
Bangladesh,BGD,1980,1113864967.70026
Bangladesh,BGD,1981,889228886.168911
Bangladesh,BGD,1982,821107784.431138
Bangladesh,BGD,1983,758796296.296296
Bangladesh,BGD,1984,822040000.0
Bangladesh,BGD,1985,897961538.461538
Bangladesh,BGD,1986,914766666.666667
Bangladesh,BGD,1987,1006709677.41935
Bangladesh,BGD,1988,1107115349.13092
Bangladesh,BGD,1989,1195576398.47828
Bangladesh,BGD,1990,1280759800.56171
Bangladesh,BGD,1991,1280504201.68067
Bangladesh,BGD,1992,1411432360.74271
Bangladesh,BGD,1993,1643015873.01587
Bangladesh,BGD,1994,1648977556.10973
Bangladesh,BGD,1995,1756567164.1791
Bangladesh,BGD,1996,2195378973.10513
Bangladesh,BGD,1997,2365409836.06557
Bangladesh,BGD,1998,2562048458.14978
Bangladesh,BGD,1999,2583839434.27621
Bangladesh,BGD,2000,2654144305.3071
Bangladesh,BGD,2001,2616234247.59081
Bangladesh,BGD,2002,2748598293.57479
Bangladesh,BGD,2003,3085129533.67876
Bangladesh,BGD,2004,3368965517.24138
Bangladesh,BGD,2005,3599013299.61279
Bangladesh,BGD,2006,3905744448.20207
Bangladesh,BGD,2007,4266751254.20628
Bangladesh,BGD,2008,4745217446.74402
Bangladesh,BGD,2009,5219823416.80231
Bangladesh,BGD,2010,5850609266.34791
Bangladesh,BGD,2011,6555697847.07902
Bangladesh,BGD,2012,6717985185.81144
Bangladesh,BGD,2013,7674144123.85468
Bangladesh,BGD,2014,9227858782.25908
Bangladesh,BGD,2015,10546191845.4847
Bangladesh,BGD,2016,15556209048.7634
Bangladesh,BGD,2017,17689543597.0746
Bangladesh,BGD,2018,19150542871.7885
Bangladesh,BGD,2019,21910495866.4989
Bangladesh,BGD,2020,22331087732.5078
Bangladesh,BGD,2021,24488214905.2966
Bangladesh,BGD,2022,26222902917.6772
Bangladesh,BGD,2023,24780320591.4492
Bangladesh,BGD,2024,26593391129.802
Belarus,BLR,1990,4136546184.73896
Belarus,BLR,1991,4089979550.10225
Belarus,BLR,1992,2577794144.72473
Belarus,BLR,1993,3007170946.10224
Belarus,BLR,1994,3062987612.94242
Belarus,BLR,1995,2871349985.65936
Belarus,BLR,1996,2980073132.453
Belarus,BLR,1997,2871167770.75951
Belarus,BLR,1998,3023803329.86472
Belarus,BLR,1999,2367448203.9351
Belarus,BLR,2000,2480952515.75164
Belarus,BLR,2001,2662805755.39568
Belarus,BLR,2002,3069204654.59094
Belarus,BLR,2003,3810956139.36732
Belarus,BLR,2004,4767898308.53694
Belarus,BLR,2005,6279261962.46669
Belarus,BLR,2006,7099405006.15511
Belarus,BLR,2007,8386500037.27727
Belarus,BLR,2008,10039271671.9715
Belarus,BLR,2009,8190615993.26901
Belarus,BLR,2010,9169349775.55892
Belarus,BLR,2011,8306024769.68136
Belarus,BLR,2012,8911405918.26698
Belarus,BLR,2013,10143208653.1044
Belarus,BLR,2014,10840161970.2468
Belarus,BLR,2015,8424047735.80795
Belarus,BLR,2016,7470233413.06609
Belarus,BLR,2017,8566081987.55707
Belarus,BLR,2018,9448578921.95162
Belarus,BLR,2019,10848591847.2423
Belarus,BLR,2020,10411690560.8559
Belarus,BLR,2021,11716387485.5978
Belarus,BLR,2022,12710635543.2009
Belarus,BLR,2023,12938833192.0129
Belarus,BLR,2024,14434974887.499
Belgium,BEL,1970,4483630496.16781
Belgium,BEL,1971,5299932571.33459
Belgium,BEL,1972,6804752085.05178
Belgium,BEL,1973,8865218381.28752
Belgium,BEL,1974,10607580778.7904
Belgium,BEL,1975,13889753208.2922
Belgium,BEL,1976,15150993730.4075
Belgium,BEL,1977,18088937535.1716
Belgium,BEL,1978,22913595491.2258
Belgium,BEL,1979,26712897633.4618
Belgium,BEL,1980,29006828528.0728
Belgium,BEL,1981,25243179052.5858
Belgium,BEL,1982,21883725940.3143
Belgium,BEL,1983,20417394082.8402
Belgium,BEL,1984,19460628316.1128
Belgium,BEL,1985,19698226781.7107
Belgium,BEL,1986,27229273072.0607
Belgium,BEL,1987,33646069151.8098
Belgium,BEL,1988,34315229840.9216
Belgium,BEL,1989,33592785626.5356
Belgium,BEL,1990,41512504828.5852
Belgium,BEL,1991,43918753691.6716
Belgium,BEL,1992,49212420326.2233
Belgium,BEL,1993,47853703358.209
Belgium,BEL,1994,51675286954.4249
Belgium,BEL,1995,61346469622.3317
Belgium,BEL,1996,60638045602.6059
Belgium,BEL,1997,53451285520.9743
Belgium,BEL,1998,54536341409.202
Belgium,BEL,1999,54959959864.0928
Belgium,BEL,2000,49821600480.4707
Belgium,BEL,2001,50459140642.0079
Belgium,BEL,2002,57203238982.5099
Belgium,BEL,2003,71518860070.5489
Belgium,BEL,2004,81955374860.9655
Belgium,BEL,2005,85219810430.5058
Belgium,BEL,2006,89567263157.294
Belgium,BEL,2007,101794037984.196
Belgium,BEL,2008,117258332954.844
Belgium,BEL,2009,116908430949.687
Belgium,BEL,2010,114254106911.667
Belgium,BEL,2011,125857949253.891
Belgium,BEL,2012,120581785136.953
Belgium,BEL,2013,126861835105.883
Belgium,BEL,2014,129745903498.745
Belgium,BEL,2015,109180950294.219
Belgium,BEL,2016,110741892969.105
Belgium,BEL,2017,115799098675.294
Belgium,BEL,2018,125727369500.0
Belgium,BEL,2019,123467515370.98
Belgium,BEL,2020,128720018937.277
Belgium,BEL,2021,142685554459.688
Belgium,BEL,2022,139416794872.569
Belgium,BEL,2023,153277396821.571
Belize,BLZ,1980,30598844.0
Belize,BLZ,1981,32356136.0
Belize,BLZ,1982,34214348.5
Belize,BLZ,1983,36179279.0
Belize,BLZ,1984,38257055.0
Belize,BLZ,1985,40454157.5
Belize,BLZ,1986,42777439.5
Belize,BLZ,1987,45234148.0
Belize,BLZ,1988,47831945.0
Belize,BLZ,1989,50578934.0
Belize,BLZ,1990,44458704.1289388
Belize,BLZ,1991,49713200.0
Belize,BLZ,1992,90832200.0
Belize,BLZ,1993,95668300.0
Belize,BLZ,1994,102958300.0
Belize,BLZ,1995,110408500.0
Belize,BLZ,1996,117403000.0
Belize,BLZ,1997,132409100.0
Belize,BLZ,1998,142973000.0
Belize,BLZ,1999,150340050.0
Belize,BLZ,2000,163172600.0
Belize,BLZ,2001,176115000.0
Belize,BLZ,2002,191894850.0
Belize,BLZ,2003,202745300.0
Belize,BLZ,2004,209722900.0
Belize,BLZ,2005,214542300.0
Belize,BLZ,2006,217606950.0
Belize,BLZ,2007,244890250.0
Belize,BLZ,2008,256546450.0
Belize,BLZ,2009,272706450.0
Belize,BLZ,2010,285738750.0
Belize,BLZ,2011,298276200.0
Belize,BLZ,2012,306948650.0
Belize,BLZ,2013,334945650.0
Belize,BLZ,2014,347746500.0
Belize,BLZ,2015,376817650.0
Belize,BLZ,2016,405790250.0
Belize,BLZ,2017,426502700.0
Belize,BLZ,2018,444904700.0
Belize,BLZ,2019,448099800.0
Belize,BLZ,2020,353803400.0
Belize,BLZ,2021,403832600.0
Belize,BLZ,2022,449884400.0
Belize,BLZ,2023,482889300.0
Belize,BLZ,2024,510741350.0
Benin,BEN,1960,22968893.6566477
Benin,BEN,1961,23961099.4698192
Benin,BEN,1962,25650809.4311778
Benin,BEN,1963,26982797.5684774
Benin,BEN,1964,24650171.4683217
Benin,BEN,1965,25651983.7633525
Benin,BEN,1966,24922821.370766
Benin,BEN,1967,28208827.8053639
Benin,BEN,1968,29349907.62455
Benin,BEN,1969,29520630.6937913
Benin,BEN,1970,32490217.7213712
Benin,BEN,1971,33665459.6772358
Benin,BEN,1972,41622422.6084547
Benin,BEN,1973,50249185.9373902
Benin,BEN,1974,47776390.8591918
Benin,BEN,1975,62618723.8379024
Benin,BEN,1976,60012429.6039329
Benin,BEN,1977,62316914.7069127
Benin,BEN,1978,77241465.8320861
Benin,BEN,1979,95194823.7105576
Benin,BEN,1980,121450465.474523
Benin,BEN,1981,118241743.991263
Benin,BEN,1982,132985901.214728
Benin,BEN,1983,157977872.108235
Benin,BEN,1984,143263661.298624
Benin,BEN,1985,160707723.863719
Benin,BEN,1986,203866094.930914
Benin,BEN,1987,242898903.927702
Benin,BEN,1988,213712872.998579
Benin,BEN,1989,166519176.982289
Benin,BEN,1990,344355583.726824
Benin,BEN,1991,321437714.239037
Benin,BEN,1992,267058711.795493
Benin,BEN,1993,346975932.861524
Benin,BEN,1994,249826597.288003
Benin,BEN,1995,313460068.889409
Benin,BEN,1996,319036310.706216
Benin,BEN,1997,299710089.978818
Benin,BEN,1998,321998014.159717
Benin,BEN,1999,299558194.354895
Benin,BEN,2000,284436235.077658
Benin,BEN,2001,296355081.091169
Benin,BEN,2002,326585474.490311
Benin,BEN,2003,472276240.108712
Benin,BEN,2004,545329876.18841
Benin,BEN,2005,590502693.648123
Benin,BEN,2006,679968879.780734
Benin,BEN,2007,781654190.104509
Benin,BEN,2008,1001636470.25315
Benin,BEN,2009,1099356624.42806
Benin,BEN,2010,1069090438.84587
Benin,BEN,2011,1178782768.0584
Benin,BEN,2012,1239843837.17512
Benin,BEN,2013,1382249779.5625
Benin,BEN,2014,1352391116.50251
Benin,BEN,2015,1299546342.87361
Benin,BEN,2016,1215302355.85095
Benin,BEN,2017,1331004519.27925
Benin,BEN,2018,1484788763.56432
Benin,BEN,2019,1488397299.84731
Benin,BEN,2020,1788188516.32842
Benin,BEN,2021,1782198673.87765
Benin,BEN,2022,1752574023.46437
Benin,BEN,2023,1869761287.14954
Benin,BEN,2024,1936520335.64545
Bermuda,BMU,2010,916649000.0
Bermuda,BMU,2011,886595000.0
Bermuda,BMU,2012,899708000.0
Bermuda,BMU,2013,882953000.0
Bermuda,BMU,2014,823230000.0
Bermuda,BMU,2015,832027000.0
Bermuda,BMU,2016,837000000.0
Bermuda,BMU,2017,830432000.0
Bermuda,BMU,2018,847486000.0
Bermuda,BMU,2019,909874000.0
Bermuda,BMU,2020,876402000.0
Bermuda,BMU,2021,898013000.0
Bermuda,BMU,2022,939918000.0
Bermuda,BMU,2023,975354000.0
Bermuda,BMU,2024,1018700000.0
Bhutan,BTN,1980,31039896.629062
Bhutan,BTN,1981,28207466.793124
Bhutan,BTN,1982,29522062.7274162
Bhutan,BTN,1983,33836860.2197982
Bhutan,BTN,1984,39859774.8416887
Bhutan,BTN,1985,40877614.957049
Bhutan,BTN,1986,37417829.5755721
Bhutan,BTN,1987,35506692.8981985
Bhutan,BTN,1988,35814976.457351
Bhutan,BTN,1989,54173985.3933623
Bhutan,BTN,1990,48790241.9516097
Bhutan,BTN,1991,34081665.7566937
Bhutan,BTN,1992,36082915.5458758
Bhutan,BTN,1993,38647844.253746
Bhutan,BTN,1994,40256594.1926851
Bhutan,BTN,1995,54676528.5073336
Bhutan,BTN,1996,65839432.443716
Bhutan,BTN,1997,80243357.7616743
Bhutan,BTN,1998,73658428.8197358
Bhutan,BTN,1999,76022934.9014949
Bhutan,BTN,2000,110298686.484383
Bhutan,BTN,2001,117406675.574033
Bhutan,BTN,2002,126907210.792013
Bhutan,BTN,2003,145438436.671833
Bhutan,BTN,2004,167930125.70905
Bhutan,BTN,2005,205306238.835736
Bhutan,BTN,2006,218354741.059043
Bhutan,BTN,2007,261677965.697114
Bhutan,BTN,2008,272864040.130575
Bhutan,BTN,2009,309305183.669372
Bhutan,BTN,2010,362606212.438611
Bhutan,BTN,2011,418041968.596543
Bhutan,BTN,2012,400299214.594438
Bhutan,BTN,2013,356907435.759796
Bhutan,BTN,2014,378683200.721539
Bhutan,BTN,2015,418613861.491087
Bhutan,BTN,2016,426833883.488272
Bhutan,BTN,2017,471241155.13863
Bhutan,BTN,2018,477786016.375884
Bhutan,BTN,2019,523001074.362875
Bhutan,BTN,2020,548423115.616856
Bhutan,BTN,2021,627749240.229171
Bhutan,BTN,2022,609130127.183191
Bhutan,BTN,2023,612684516.750486
Bolivia,BOL,1960,32575757.5757576
Bolivia,BOL,1961,37878787.8787879
Bolivia,BOL,1962,41414141.4141414
Bolivia,BOL,1963,46548821.5488215
Bolivia,BOL,1964,51683501.6835017
Bolivia,BOL,1965,69612794.6127946
Bolivia,BOL,1966,77777777.7777778
Bolivia,BOL,1967,82239057.2390572
Bolivia,BOL,1968,90740740.7407407
Bolivia,BOL,1969,97138047.1380471
Bolivia,BOL,1970,98653198.6531987
Bolivia,BOL,1971,113215488.215488
Bolivia,BOL,1972,127792403.159082
Bolivia,BOL,1973,124437781.109445
Bolivia,BOL,1974,197301349.325337
Bolivia,BOL,1975,252023988.005997
Bolivia,BOL,1976,296301849.075462
Bolivia,BOL,1977,378510744.627686
Bolivia,BOL,1978,476811594.202899
Bolivia,BOL,1979,666165659.206013
Bolivia,BOL,1980,628058727.569331
Bolivia,BOL,1981,783034257.748777
Bolivia,BOL,1982,660198215.53989
Bolivia,BOL,1983,489573889.392566
Bolivia,BOL,1984,821133477.771331
Bolivia,BOL,1985,567910286.066178
Bolivia,BOL,1986,374061699.221715
Bolivia,BOL,1987,483740905.662214
Bolivia,BOL,1988,523507866.212339
Bolivia,BOL,1989,563118316.681422
Bolivia,BOL,1990,572207775.834082
Bolivia,BOL,1991,645184560.834361
Bolivia,BOL,1992,726394219.02276
Bolivia,BOL,1993,766754363.279683
Bolivia,BOL,1994,811526718.76329
Bolivia,BOL,1995,911423394.416481
Bolivia,BOL,1996,985811131.964375
Bolivia,BOL,1997,1101957117.44646
Bolivia,BOL,1998,1208247786.39644
Bolivia,BOL,1999,1226014932.19334
Bolivia,BOL,2000,1220989361.76062
Bolivia,BOL,2001,1280182723.65159
Bolivia,BOL,2002,1262339191.07392
Bolivia,BOL,2003,1335304674.7773
Bolivia,BOL,2004,1426434828.62903
Bolivia,BOL,2005,1525430129.34937
Bolivia,BOL,2006,1643824461.40398
Bolivia,BOL,2007,1844510392.93768
Bolivia,BOL,2008,2213906139.28285
Bolivia,BOL,2009,2550498675.21368
Bolivia,BOL,2010,2717796212.9313
Bolivia,BOL,2011,3301429530.67928
Bolivia,BOL,2012,3640055426.91751
Bolivia,BOL,2013,4243716787.26483
Bolivia,BOL,2014,4852764761.21563
Bolivia,BOL,2015,5773469898.69754
Bolivia,BOL,2016,5925527409.55137
Bolivia,BOL,2017,6978922706.22287
Bolivia,BOL,2018,7784131461.64978
Bolivia,BOL,2019,7905600897.25036
Bolivia,BOL,2020,7873180390.73806
Bolivia,BOL,2021,8132948798.84226
Bolivia,BOL,2022,8348678683.06802
Bolivia,BOL,2023,8820923704.77569
Bolivia,BOL,2024,9073908509.40666
Bosnia and Herzegovina,BIH,2000,1369772335.43427
Bosnia and Herzegovina,BIH,2001,1357659151.01159
Bosnia and Herzegovina,BIH,2002,1576920174.96162
Bosnia and Herzegovina,BIH,2003,1937630385.9586
Bosnia and Herzegovina,BIH,2004,2224915484.61518
Bosnia and Herzegovina,BIH,2005,2430443333.27823
Bosnia and Herzegovina,BIH,2006,2698376726.66817
Bosnia and Herzegovina,BIH,2007,3326231925.33536
Bosnia and Herzegovina,BIH,2008,4220374536.77213
Bosnia and Herzegovina,BIH,2009,4132501379.72329
Bosnia and Herzegovina,BIH,2010,3972383154.7869
Bosnia and Herzegovina,BIH,2011,4304951536.56489
Bosnia and Herzegovina,BIH,2012,4025100807.37875
Bosnia and Herzegovina,BIH,2013,4149522861.05505
Bosnia and Herzegovina,BIH,2014,4242720271.55638
Bosnia and Herzegovina,BIH,2015,3604003590.60319
Bosnia and Herzegovina,BIH,2016,3579054927.24271
Bosnia and Herzegovina,BIH,2017,3695574329.83376
Bosnia and Herzegovina,BIH,2018,4026623415.42018
Bosnia and Herzegovina,BIH,2019,3965222318.76393
Bosnia and Herzegovina,BIH,2020,4196972690.2625
Bosnia and Herzegovina,BIH,2021,4592866196.66353
Bosnia and Herzegovina,BIH,2022,4578638711.01679
Bosnia and Herzegovina,BIH,2023,5277366055.66097
Bosnia and Herzegovina,BIH,2024,5822337023.7513
Botswana,BWA,1960,5515329.00335193
Botswana,BWA,1961,6397423.23288009
Botswana,BWA,1962,7453751.41076598
Botswana,BWA,1963,8473242.20907132
Botswana,BWA,1964,9784052.90139266
Botswana,BWA,1965,11726373.4514905
Botswana,BWA,1966,13528912.1220447
Botswana,BWA,1967,15131441.3220835
Botswana,BWA,1968,15690420.3359005
Botswana,BWA,1969,16015441.6710651
Botswana,BWA,1970,18076140.332266
Botswana,BWA,1971,20843743.5082617
Botswana,BWA,1972,21932435.1602168
Botswana,BWA,1973,35440864.1808118
Botswana,BWA,1974,52687581.7724515
Botswana,BWA,1975,67409683.1947727
Botswana,BWA,1976,79580019.895005
Botswana,BWA,1977,104577414.604019
Botswana,BWA,1978,124734802.700454
Botswana,BWA,1979,159139737.450108
Botswana,BWA,1980,226382321.721509
Botswana,BWA,1981,266391630.355022
Botswana,BWA,1982,264407411.759793
Botswana,BWA,1983,302983063.579494
Botswana,BWA,1984,310349953.364711
Botswana,BWA,1985,256206483.135679
Botswana,BWA,1986,333768992.690289
Botswana,BWA,1987,528577240.05787
Botswana,BWA,1988,631771618.319709
Botswana,BWA,1989,698922916.730773
Botswana,BWA,1990,914932065.407269
Botswana,BWA,1991,955303263.77144
Botswana,BWA,1992,1092914953.3707
Botswana,BWA,1993,1164697749.76012
Botswana,BWA,1994,1219155605.30349
Botswana,BWA,1995,1421755301.8227
Botswana,BWA,1996,1269810423.38947
Botswana,BWA,1997,1414827530.57375
Botswana,BWA,1998,1440457372.1923
Botswana,BWA,1999,1503288538.28447
Botswana,BWA,2000,1441452036.53612
Botswana,BWA,2001,1289324111.48394
Botswana,BWA,2002,1217170223.04147
Botswana,BWA,2003,1653202791.9756
Botswana,BWA,2004,1839178077.52136
Botswana,BWA,2005,1924341880.50892
Botswana,BWA,2006,2749594188.97827
Botswana,BWA,2007,2949078875.35023
Botswana,BWA,2008,3272457578.58154
Botswana,BWA,2009,3636347454.73954
Botswana,BWA,2010,3889153758.11882
Botswana,BWA,2011,4281014495.99626
Botswana,BWA,2012,4427911393.52335
Botswana,BWA,2013,4433276254.48451
Botswana,BWA,2014,4525587419.36767
Botswana,BWA,2015,4281047610.66057
Botswana,BWA,2016,4294889808.95424
Botswana,BWA,2017,4650860751.04541
Botswana,BWA,2018,4956043215.7922
Botswana,BWA,2019,5292401737.58192
Botswana,BWA,2020,5407105637.25871
Botswana,BWA,2021,5912031153.23915
Botswana,BWA,2022,5667244612.41536
Botswana,BWA,2023,5685573979.49146
Botswana,BWA,2024,6232206526.32397
Brazil,BRA,1960,2138974629.37547
Brazil,BRA,1961,2231397941.40397
Brazil,BRA,1962,2326350972.23237
Brazil,BRA,1963,2966120462.55023
Brazil,BRA,1964,2484615117.43754
Brazil,BRA,1965,2369143212.96947
Brazil,BRA,1966,3017566424.24558
Brazil,BRA,1967,3529668109.99594
Brazil,BRA,1968,3771368224.9048
Brazil,BRA,1969,4051070562.89625
Brazil,BRA,1970,4793453718.79043
Brazil,BRA,1971,5423630148.39019
Brazil,BRA,1972,6294656311.57992
Brazil,BRA,1973,8281010087.40018
Brazil,BRA,1974,10243651651.0189
Brazil,BRA,1975,13159614701.0133
Brazil,BRA,1976,16062972517.3168
Brazil,BRA,1977,16622737159.8975
Brazil,BRA,1978,19388031460.2157
Brazil,BRA,1979,21913453012.1884
Brazil,BRA,1980,21617804789.319
Brazil,BRA,1981,24559797774.6854
Brazil,BRA,1982,28184385846.1171
Brazil,BRA,1983,19640729543.5582
Brazil,BRA,1984,17317201192.8317
Brazil,BRA,1985,22002971174.8722
Brazil,BRA,1986,28621223120.8547
Brazil,BRA,1987,35771188672.7213
Brazil,BRA,1988,41542363257.608
Brazil,BRA,1989,64010014333.6421
Brazil,BRA,1990,75374577515.5376
Brazil,BRA,1991,61326518202.2875
Brazil,BRA,1992,55998762943.7127
Brazil,BRA,1993,65055851117.6861
Brazil,BRA,1994,93861088287.2204
Brazil,BRA,1995,161005501301.816
Brazil,BRA,1996,167966249399.707
Brazil,BRA,1997,172536984256.785
Brazil,BRA,1998,173351390520.356
Brazil,BRA,1999,118625337415.632
Brazil,BRA,2000,123013504899.843
Brazil,BRA,2001,108319299919.57
Brazil,BRA,2002,100988721764.883
Brazil,BRA,2003,106496918673.904
Brazil,BRA,2004,123601567208.618
Brazil,BRA,2005,168429642492.972
Brazil,BRA,2006,210880129582.254
Brazil,BRA,2007,264655178835.66
Brazil,BRA,2008,319488859787.225
Brazil,BRA,2009,327575413972.486
Brazil,BRA,2010,420051602921.934
Brazil,BRA,2011,488416998737.726
Brazil,BRA,2012,456809348561.897
Brazil,BRA,2013,467176878547.35
Brazil,BRA,2014,470419293478.667
Brazil,BRA,2015,356420222361.285
Brazil,BRA,2016,365949671552.779
Brazil,BRA,2017,416043864959.691
Brazil,BRA,2018,381375644035.909
Brazil,BRA,2019,374350061964.902
Brazil,BRA,2020,297216461935.288
Brazil,BRA,2021,309864814588.774
Brazil,BRA,2022,359197175714.348
Brazil,BRA,2023,417248713940.403
Brazil,BRA,2024,410270041054.209
Brunei Darussalam,BRN,1974,185484066.221095
Brunei Darussalam,BRN,1975,201998903.555012
Brunei Darussalam,BRN,1976,131938828.949807
Brunei Darussalam,BRN,1977,129949987.701894
Brunei Darussalam,BRN,1978,82672793.8347204
Brunei Darussalam,BRN,1979,108067938.404034
Brunei Darussalam,BRN,1980,409114854.792248
Brunei Darussalam,BRN,1981,191225223.553646
Brunei Darussalam,BRN,1982,235511267.391736
Brunei Darussalam,BRN,1983,363455668.346703
Brunei Darussalam,BRN,1989,725545030.452381
Brunei Darussalam,BRN,1990,775158300.566114
Brunei Darussalam,BRN,1991,835865821.539174
Brunei Darussalam,BRN,1992,976078705.093473
Brunei Darussalam,BRN,1993,1060780756.9172
Brunei Darussalam,BRN,1994,1104459476.09209
Brunei Darussalam,BRN,1995,1266425610.72405
Brunei Darussalam,BRN,1996,1290033410.37601
Brunei Darussalam,BRN,1997,1307914973.40393
Brunei Darussalam,BRN,1998,1209965093.25395
Brunei Darussalam,BRN,1999,1316257580.57579
Brunei Darussalam,BRN,2000,1696655148.63138
Brunei Darussalam,BRN,2001,1803012686.67087
Brunei Darussalam,BRN,2002,1738716667.37407
Brunei Darussalam,BRN,2003,1728568353.61153
Brunei Darussalam,BRN,2004,1901108252.85109
Brunei Darussalam,BRN,2005,1921446746.17895
Brunei Darussalam,BRN,2006,2268745504.05838
Brunei Darussalam,BRN,2007,3033885762.21118
Brunei Darussalam,BRN,2008,2701772056.50428
Brunei Darussalam,BRN,2009,2737016738.29155
Brunei Darussalam,BRN,2010,3036392645.73978
Brunei Darussalam,BRN,2011,3469470464.1736
Brunei Darussalam,BRN,2012,3512163653.48957
Brunei Darussalam,BRN,2013,3648572771.31891
Brunei Darussalam,BRN,2014,3661943585.04862
Brunei Darussalam,BRN,2015,3240547788.18411
Brunei Darussalam,BRN,2016,2989512121.13973
Brunei Darussalam,BRN,2017,3211205011.83656
Brunei Darussalam,BRN,2018,3275286210.66202
Brunei Darussalam,BRN,2019,3372749903.05809
Brunei Darussalam,BRN,2020,3053193259.70879
Brunei Darussalam,BRN,2021,3146847873.2437
Brunei Darussalam,BRN,2022,3357032131.5546
Brunei Darussalam,BRN,2023,3451980969.11576
Brunei Darussalam,BRN,2024,3475510454.2901
Bulgaria,BGR,1980,2717692307.69231
Bulgaria,BGR,1981,2927857142.85714
Bulgaria,BGR,1982,2903333333.33333
Bulgaria,BGR,1983,2566722222.22222
Bulgaria,BGR,1984,2662166666.66667
Bulgaria,BGR,1985,2843578947.36842
Bulgaria,BGR,1986,3431823529.41177
Bulgaria,BGR,1987,4741461538.46154
Bulgaria,BGR,1988,3682000000.0
Bulgaria,BGR,1989,3635722222.22222
Bulgaria,BGR,1990,3752272727.27273
Bulgaria,BGR,1991,1451990105.68923
Bulgaria,BGR,1992,1749496593.97626
Bulgaria,BGR,1993,2042473001.37711
Bulgaria,BGR,1994,1668951121.29161
Bulgaria,BGR,1995,2914844203.59977
Bulgaria,BGR,1996,1702730354.32208
Bulgaria,BGR,1997,1374136308.25999
Bulgaria,BGR,1998,2757485693.25103
Bulgaria,BGR,1999,2673758143.04532
Bulgaria,BGR,2000,2620734007.60617
Bulgaria,BGR,2001,2747114488.52661
Bulgaria,BGR,2002,3145800984.60501
Bulgaria,BGR,2003,4252375769.17439
Bulgaria,BGR,2004,5064638701.19465
Bulgaria,BGR,2005,5422226711.46593
Bulgaria,BGR,2006,6239015511.77573
Bulgaria,BGR,2007,7414832930.96813
Bulgaria,BGR,2008,9343342430.01921
Bulgaria,BGR,2009,8708450037.39269
Bulgaria,BGR,2010,8364929551.53405
Bulgaria,BGR,2011,9142477770.39912
Bulgaria,BGR,2012,8574027134.45682
Bulgaria,BGR,2013,9535385225.10344
Bulgaria,BGR,2014,9608471268.49245
Bulgaria,BGR,2015,8167800385.40014
Bulgaria,BGR,2016,8406980150.92402
Bulgaria,BGR,2017,9221027532.78962
Bulgaria,BGR,2018,10892684675.4639
Bulgaria,BGR,2019,11511964795.3512
Bulgaria,BGR,2020,13621669571.1147
Bulgaria,BGR,2021,15941957037.6865
Bulgaria,BGR,2022,16544288016.7213
Bulgaria,BGR,2023,18862336902.7738
Bulgaria,BGR,2024,22393625659.7645
Burkina Faso,BFA,1960,24540403.8476283
Burkina Faso,BFA,1961,26806827.3085852
Burkina Faso,BFA,1962,28651241.8434662
Burkina Faso,BFA,1963,29105416.3156646
Burkina Faso,BFA,1964,28649682.8041741
Burkina Faso,BFA,1965,21361728.3446737
Burkina Faso,BFA,1966,19946388.7015856
Burkina Faso,BFA,1967,19470613.5632702
Burkina Faso,BFA,1968,27895984.2310956
Burkina Faso,BFA,1969,28277737.2233376
Burkina Faso,BFA,1970,31836161.8305367
Burkina Faso,BFA,1971,34424722.7875975
Burkina Faso,BFA,1972,42038088.5465386
Burkina Faso,BFA,1973,54536462.6330924
Burkina Faso,BFA,1974,62086098.3884201
Burkina Faso,BFA,1975,121185470.403321
Burkina Faso,BFA,1976,98947361.8748828
Burkina Faso,BFA,1977,113488687.406216
Burkina Faso,BFA,1978,148267446.721747
Burkina Faso,BFA,1979,188743191.548482
Burkina Faso,BFA,1980,178005191.273713
Burkina Faso,BFA,1981,164340279.371339
Burkina Faso,BFA,1982,241868659.754323
Burkina Faso,BFA,1983,230073037.524656
Burkina Faso,BFA,1984,190420158.506061
Burkina Faso,BFA,1985,268619334.8638
Burkina Faso,BFA,1986,386741511.343104
Burkina Faso,BFA,1987,472535033.524473
Burkina Faso,BFA,1988,523729944.478869
Burkina Faso,BFA,1989,526732923.960702
Burkina Faso,BFA,1990,653040758.248915
Burkina Faso,BFA,1991,680025861.755835
Burkina Faso,BFA,1992,729527717.407461
Burkina Faso,BFA,1993,682787954.830712
Burkina Faso,BFA,1994,494005941.729282
Burkina Faso,BFA,1995,599607252.092186
Burkina Faso,BFA,1996,630849191.1572
Burkina Faso,BFA,1997,580911742.444488
Burkina Faso,BFA,1998,625419069.550219
Burkina Faso,BFA,1999,408726291.574974
Burkina Faso,BFA,2000,418812931.046535
Burkina Faso,BFA,2001,466610949.715266
Burkina Faso,BFA,2002,528495498.616174
Burkina Faso,BFA,2003,644121569.699811
Burkina Faso,BFA,2004,776104926.374815
Burkina Faso,BFA,2005,847755891.925037
Burkina Faso,BFA,2006,988799199.311864
Burkina Faso,BFA,2007,1272741515.674
Burkina Faso,BFA,2008,1386534361.55177
Burkina Faso,BFA,2009,1438360587.70484
Burkina Faso,BFA,2010,1461601106.23918
Burkina Faso,BFA,2011,1725866631.17401
Burkina Faso,BFA,2012,1790520176.24743
Burkina Faso,BFA,2013,1970341058.40907
Burkina Faso,BFA,2014,2157650869.91215
Burkina Faso,BFA,2015,1886528977.30721
Burkina Faso,BFA,2016,2118415634.65442
Burkina Faso,BFA,2017,2502478443.58995
Burkina Faso,BFA,2018,2926856363.17443
Burkina Faso,BFA,2019,3286717534.35705
Burkina Faso,BFA,2020,3506740925.71101
Burkina Faso,BFA,2021,3988349246.86538
Burkina Faso,BFA,2022,3907727601.0173
Burkina Faso,BFA,2023,4203021508.40856
Burkina Faso,BFA,2024,4487577275.9765
Burundi,BDI,1960,5250000.0
Burundi,BDI,1961,5250000.0
Burundi,BDI,1962,7000000.0
Burundi,BDI,1963,10500000.0
Burundi,BDI,1964,14000000.0
Burundi,BDI,1965,11042370.3703704
Burundi,BDI,1966,11745142.8571429
Burundi,BDI,1967,12954285.7142857
Burundi,BDI,1968,14289142.8571429
Burundi,BDI,1969,15760000.0
Burundi,BDI,1970,23718857.1428571
Burundi,BDI,1971,26762285.7142857
Burundi,BDI,1972,31896000.0
Burundi,BDI,1973,35251006.8498542
Burundi,BDI,1974,43443809.5238095
Burundi,BDI,1975,48606984.1269841
Burundi,BDI,1976,39043478.2608696
Burundi,BDI,1977,61055555.5555556
Burundi,BDI,1978,84177777.7777778
Burundi,BDI,1979,100542222.222222
Burundi,BDI,1980,84777777.7777778
Burundi,BDI,1981,87888888.8888889
Burundi,BDI,1982,108000011.111111
Burundi,BDI,1983,90048413.1253362
Burundi,BDI,1984,77186542.4776543
Burundi,BDI,1985,90065456.9558373
Burundi,BDI,1986,118244722.781817
Burundi,BDI,1987,109663321.463257
Burundi,BDI,1988,115887317.924427
Burundi,BDI,1989,113445139.821135
Burundi,BDI,1990,122448979.591837
Burundi,BDI,1991,125710059.334593
Burundi,BDI,1992,208350335.808894
Burundi,BDI,1993,192339373.970346
Burundi,BDI,1994,161084131.827771
Burundi,BDI,1995,190584485.782237
Burundi,BDI,1996,173740710.156895
Burundi,BDI,1997,163190009.933305
Burundi,BDI,1998,153205079.405869
Burundi,BDI,1999,146745688.125488
Burundi,BDI,2000,129325488.781273
Burundi,BDI,2001,136193171.554164
Burundi,BDI,2002,121605265.965282
Burundi,BDI,2003,137011139.642719
Burundi,BDI,2004,175978962.857999
Burundi,BDI,2005,157512940.544537
Burundi,BDI,2006,193553011.924164
Burundi,BDI,2007,257677892.853642
Burundi,BDI,2008,325590861.677852
Burundi,BDI,2009,350946684.500307
Burundi,BDI,2010,445037612.738331
Burundi,BDI,2011,512002976.435947
Burundi,BDI,2012,543664431.117903
Burundi,BDI,2013,605550994.203565
Burundi,BDI,2014,700798049.874183
Burundi,BDI,2015,695991577.210993
Burundi,BDI,2016,620745736.306907
Burundi,BDI,2017,683246891.53686
Burundi,BDI,2018,699075588.097768
Burundi,BDI,2019,701966642.792733
Burundi,BDI,2020,830523730.207532
Burundi,BDI,2021,854181821.430012
Burundi,BDI,2022,1034184510.34925
Burundi,BDI,2023,805999580.437836
Cabo Verde,CPV,2007,311101033.309832
Cabo Verde,CPV,2008,355457207.419709
Cabo Verde,CPV,2009,363559250.73072
Cabo Verde,CPV,2010,361108793.391308
Cabo Verde,CPV,2011,407034075.924354
Cabo Verde,CPV,2012,354207964.568245
Cabo Verde,CPV,2013,380440391.224533
Cabo Verde,CPV,2014,404147655.492597
Cabo Verde,CPV,2015,354511767.055729
Cabo Verde,CPV,2016,366843774.374145
Cabo Verde,CPV,2017,354771754.53545
Cabo Verde,CPV,2018,399765209.723952
Cabo Verde,CPV,2019,446256897.507644
Cabo Verde,CPV,2020,468676272.261271
Cabo Verde,CPV,2021,545536375.06333
Cabo Verde,CPV,2022,502542792.330714
Cabo Verde,CPV,2023,564839643.260987
Cabo Verde,CPV,2024,602075850.146824
Cambodia,KHM,1960,119999991.428571
Cambodia,KHM,1961,122857134.285714
Cambodia,KHM,1962,134285705.714286
Cambodia,KHM,1963,142857128.571429
Cambodia,KHM,1964,151428562.857143
Cambodia,KHM,1965,139999991.428571
Cambodia,KHM,1966,151428562.857143
Cambodia,KHM,1967,168571437.142857
Cambodia,KHM,1968,174285705.714286
Cambodia,KHM,1969,157277002.347418
Cambodia,KHM,1970,162045363.701837
Cambodia,KHM,1993,113792487.913723
Cambodia,KHM,1994,193549286.920992
Cambodia,KHM,1995,201012322.506936
Cambodia,KHM,1996,201629503.386704
Cambodia,KHM,1997,187689984.047789
Cambodia,KHM,1998,149920660.27689
Cambodia,KHM,1999,173862739.942151
Cambodia,KHM,2000,191203943.954333
Cambodia,KHM,2001,216333066.233435
Cambodia,KHM,2002,248480805.846311
Cambodia,KHM,2003,288336803.744659
Cambodia,KHM,2004,327550006.946692
Cambodia,KHM,2005,378219498.277337
Cambodia,KHM,2006,425387652.12941
Cambodia,KHM,2007,582968572.775365
Cambodia,KHM,2008,701585711.843652
Cambodia,KHM,2009,787295754.39582
Cambodia,KHM,2010,894123044.935652
Cambodia,KHM,2011,987637108.586916
Cambodia,KHM,2012,1059895915.10042
Cambodia,KHM,2013,1154558478.11782
Cambodia,KHM,2014,1243343653.25077
Cambodia,KHM,2015,1320171478.18819
Cambodia,KHM,2016,1413033942.55722
Cambodia,KHM,2017,1539558883.97558
Cambodia,KHM,2018,1640127548.46017
Cambodia,KHM,2019,1764323020.20437
Cambodia,KHM,2020,1887893710.7712
Cambodia,KHM,2021,2415563565.60093
Cambodia,KHM,2022,2359619024.21396
Cambodia,KHM,2023,2573101730.52015
Cambodia,KHM,2024,2696427980.88048
Cameroon,CMR,1965,106096057.72579
Cameroon,CMR,1966,126181202.05641
Cameroon,CMR,1967,129674261.648547
Cameroon,CMR,1968,138549644.320446
Cameroon,CMR,1969,149253397.940258
Cameroon,CMR,1970,137842143.231536
Cameroon,CMR,1971,150713735.759609
Cameroon,CMR,1972,182519676.701951
Cameroon,CMR,1973,219840195.205884
Cameroon,CMR,1974,238051057.655434
Cameroon,CMR,1975,311227188.377368
Cameroon,CMR,1976,311780121.701694
Cameroon,CMR,1977,333360940.418326
Cameroon,CMR,1978,455560954.632421
Cameroon,CMR,1979,546723854.766749
Cameroon,CMR,1980,647483387.590437
Cameroon,CMR,1981,585504520.523798
Cameroon,CMR,1982,584285899.14873
Cameroon,CMR,1983,652642772.13097
Cameroon,CMR,1984,701213703.420192
Cameroon,CMR,1985,768592199.753622
Cameroon,CMR,1986,1344187341.66311
Cameroon,CMR,1987,1586163030.30711
Cameroon,CMR,1988,1312708891.50423
Cameroon,CMR,1989,1186176082.20907
Cameroon,CMR,1990,1570162688.46341
Cameroon,CMR,1991,1571744545.25678
Cameroon,CMR,1992,1546704440.98871
Cameroon,CMR,1993,2211655933.18035
Cameroon,CMR,1994,1017272863.26843
Cameroon,CMR,1995,1175152395.45201
Cameroon,CMR,1996,1278652817.65937
Cameroon,CMR,1997,1170601009.53867
Cameroon,CMR,1998,1192821605.12188
Cameroon,CMR,1999,1279736474.01587
Cameroon,CMR,2000,1140357223.97976
Cameroon,CMR,2001,1278399579.55739
Cameroon,CMR,2002,1385858627.8417
Cameroon,CMR,2003,1787753217.2388
Cameroon,CMR,2004,2070023761.34327
Cameroon,CMR,2005,2085633263.25087
Cameroon,CMR,2006,2074570128.33166
Cameroon,CMR,2007,2409712166.99781
Cameroon,CMR,2008,3060054215.10712
Cameroon,CMR,2009,3145439242.93834
Cameroon,CMR,2010,3139446975.03384
Cameroon,CMR,2011,3692465791.29549
Cameroon,CMR,2012,3696393705.9185
Cameroon,CMR,2013,4136614766.48543
Cameroon,CMR,2014,4387829060.88705
Cameroon,CMR,2015,3947005097.99453
Cameroon,CMR,2016,4099767093.83694
Cameroon,CMR,2017,4216463513.08238
Cameroon,CMR,2018,4762709348.81662
Cameroon,CMR,2019,4798351285.45046
Cameroon,CMR,2020,5007741631.93909
Cameroon,CMR,2021,5420893983.9081
Cameroon,CMR,2022,4659807286.90903
Cameroon,CMR,2023,5487085368.17077
Cameroon,CMR,2024,6150620796.93079
Canada,CAN,1961,6591864065.45447
Canada,CAN,1962,6765740640.81493
Canada,CAN,1963,7230358847.34377
Canada,CAN,1964,7931518878.4668
Canada,CAN,1965,8722771890.38774
Canada,CAN,1966,10284809397.9496
Canada,CAN,1967,11912398325.9676
Canada,CAN,1968,13580826149.9839
Canada,CAN,1969,15433122702.1217
Canada,CAN,1970,18509905254.0913
Canada,CAN,1971,21031887502.4757
Canada,CAN,1972,23899383776.139
Canada,CAN,1973,26881311868.8131
Canada,CAN,1974,33405930470.3476
Canada,CAN,1975,38951042076.2878
Canada,CAN,1976,45955375253.5497
Canada,CAN,1977,48153267512.929
Canada,CAN,1978,48575436135.7061
Canada,CAN,1979,52234078879.9727
Canada,CAN,1980,59107081765.3096
Canada,CAN,1981,65756943865.2098
Canada,CAN,1982,72209613358.1908
Canada,CAN,1983,77491885751.3794
Canada,CAN,1984,78603968805.4977
Canada,CAN,1985,80760161113.1454
Canada,CAN,1986,83733717164.4476
Canada,CAN,1987,93147812971.3424
Canada,CAN,1988,107588364345.494
Canada,CAN,1989,121206081081.081
Canada,CAN,1990,134821734658.896
Canada,CAN,1991,147109190887.667
Canada,CAN,1992,145295772317.366
Canada,CAN,1993,138313309045.81
Canada,CAN,1994,131519478617.458
Canada,CAN,1995,131242349169.338
Canada,CAN,1996,130917491749.175
Canada,CAN,1997,130036833742.597
Canada,CAN,1998,125764071452.646
Canada,CAN,1999,131074241098.472
Canada,CAN,2000,142299508450.609
Canada,CAN,2001,144170325413.223
Canada,CAN,2002,150446695979.099
Canada,CAN,2003,178178573977.589
Canada,CAN,2004,199357417371.253
Canada,CAN,2005,223781152005.281
Canada,CAN,2006,253942172073.343
Canada,CAN,2007,282755795549.763
Canada,CAN,2008,306240862230.553
Canada,CAN,2009,301930714723.121
Canada,CAN,2010,347331886872.437
Canada,CAN,2011,379214461589.188
Canada,CAN,2012,385014582980.598
Canada,CAN,2013,382325710984.663
Canada,CAN,2014,365963384878.333
Canada,CAN,2015,324965188724.922
Canada,CAN,2016,321612947451.906
Canada,CAN,2017,341452931752.066
Canada,CAN,2018,356822795802.736
Canada,CAN,2019,360314585114.837
Canada,CAN,2020,375858774649.528
Canada,CAN,2021,430448953230.194
Canada,CAN,2022,447247408480.904
Canada,CAN,2023,454346302753.714
Cayman Islands,CYM,2017,104040416.161665
Cayman Islands,CYM,2018,116760467.041868
Cayman Islands,CYM,2019,139920559.682239
Cayman Islands,CYM,2020,144720578.882316
Central African Republic,CAF,1960,21615432.6835429
Central African Republic,CAF,1961,23648367.3973193
Central African Republic,CAF,1962,25304691.8559719
Central African Republic,CAF,1963,25304433.662062
Central African Republic,CAF,1964,31833202.6376306
Central African Republic,CAF,1965,33461061.5660185
Central African Republic,CAF,1966,33783994.6450001
Central African Republic,CAF,1967,36178715.7087995
Central African Republic,CAF,1968,38373809.069883
Central African Republic,CAF,1969,37698022.2393262
Central African Republic,CAF,1970,37987997.9437426
Central African Republic,CAF,1971,38132397.2366481
Central African Republic,CAF,1972,43646010.681202
Central African Republic,CAF,1973,52941099.8828059
Central African Republic,CAF,1974,56085319.4587817
Central African Republic,CAF,1975,64858444.3586924
Central African Republic,CAF,1976,61100520.2609039
Central African Republic,CAF,1977,62683251.0577075
Central African Republic,CAF,1978,85971600.2943597
Central African Republic,CAF,1979,109532821.211179
Central African Republic,CAF,1980,120693174.973792
Central African Republic,CAF,1981,104146947.243535
Central African Republic,CAF,1982,118987408.313256
Central African Republic,CAF,1983,111266788.153222
Central African Republic,CAF,1984,90855683.8448598
Central African Republic,CAF,1985,130838739.983113
Central African Republic,CAF,1986,174932045.051129
Central African Republic,CAF,1987,209731553.394159
Central African Republic,CAF,1988,204053595.499257
Central African Republic,CAF,1989,194972984.072744
Central African Republic,CAF,1990,221578414.319225
Central African Republic,CAF,1991,229058551.699632
Central African Republic,CAF,1992,241813307.998913
Central African Republic,CAF,1993,195015175.363267
Central African Republic,CAF,1994,140305009.235729
Central African Republic,CAF,1995,166341303.858985
Central African Republic,CAF,1996,130071632.149221
Central African Republic,CAF,1997,111160535.591715
Central African Republic,CAF,1998,110859908.845939
Central African Republic,CAF,1999,169743629.639868
Central African Republic,CAF,2000,149292888.046511
Central African Republic,CAF,2001,130665348.777935
Central African Republic,CAF,2002,137750004.296804
Central African Republic,CAF,2003,118319200.816732
Central African Republic,CAF,2004,132740283.750291
Central African Republic,CAF,2005,116503491.097779
Central African Republic,CAF,2006,100255323.425224
Central African Republic,CAF,2007,108224719.763684
Central African Republic,CAF,2008,140582946.717711
Central African Republic,CAF,2009,148528762.223409
Central African Republic,CAF,2010,163612204.540884
Central African Republic,CAF,2011,174259903.306328
Central African Republic,CAF,2012,274102953.159304
Central African Republic,CAF,2013,293638611.881187
Central African Republic,CAF,2014,294282213.491393
Central African Republic,CAF,2015,250588749.345078
Central African Republic,CAF,2016,262950596.578468
Central African Republic,CAF,2017,291518181.782955
Central African Republic,CAF,2018,171015616.414283
Central African Republic,CAF,2019,178695697.088732
Central African Republic,CAF,2020,225157712.269255
Central African Republic,CAF,2021,230026828.723226
Central African Republic,CAF,2022,198597932.827982
Central African Republic,CAF,2023,213007420.663493
Central African Republic,CAF,2024,251228712.422538
Central Europe and the Baltics,CEB,1995,77424647622.1695
Central Europe and the Baltics,CEB,1996,79923915172.8002
Central Europe and the Baltics,CEB,1997,77716319810.7521
Central Europe and the Baltics,CEB,1998,84268712393.1881
Central Europe and the Baltics,CEB,1999,84417151706.1063
Central Europe and the Baltics,CEB,2000,82330500391.5894
Central Europe and the Baltics,CEB,2001,89899070681.4776
Central Europe and the Baltics,CEB,2002,102378367252.818
Central Europe and the Baltics,CEB,2003,126516692925.299
Central Europe and the Baltics,CEB,2004,145481075402.609
Central Europe and the Baltics,CEB,2005,168120176459.539
Central Europe and the Baltics,CEB,2006,188919642644.876
Central Europe and the Baltics,CEB,2007,229321731650.15
Central Europe and the Baltics,CEB,2008,284650530216.187
Central Europe and the Baltics,CEB,2009,249954489401.159
Central Europe and the Baltics,CEB,2010,252771194847.775
Central Europe and the Baltics,CEB,2011,265880138062.919
Central Europe and the Baltics,CEB,2012,245256045728.27
Central Europe and the Baltics,CEB,2013,258806912446.025
Central Europe and the Baltics,CEB,2014,265949768005.493
Central Europe and the Baltics,CEB,2015,231764442636.724
Central Europe and the Baltics,CEB,2016,238148305318.107
Central Europe and the Baltics,CEB,2017,262677309453.069
Central Europe and the Baltics,CEB,2018,299051247475.66
Central Europe and the Baltics,CEB,2019,311117486566.66
Central Europe and the Baltics,CEB,2020,334094657968.705
Central Europe and the Baltics,CEB,2021,374066698961.693
Central Europe and the Baltics,CEB,2022,364560170742.964
Central Europe and the Baltics,CEB,2023,431453584616.518
Chad,TCD,1960,39590952.9203848
Chad,TCD,1961,42309816.0499012
Chad,TCD,1962,47134111.6139593
Chad,TCD,1963,49866098.936393
Chad,TCD,1964,53279432.8648857
Chad,TCD,1965,57369813.1747103
Chad,TCD,1966,63356801.6390466
Chad,TCD,1967,70757819.6307528
Chad,TCD,1968,74367227.8244975
Chad,TCD,1969,83697691.7892172
Chad,TCD,1970,87801463.7004644
Chad,TCD,1971,96644909.9829898
Chad,TCD,1972,114223985.452198
Chad,TCD,1973,140420452.795145
Chad,TCD,1974,126549269.912788
Chad,TCD,1975,153849301.65193
Chad,TCD,1976,144290097.178037
Chad,TCD,1977,158051324.772324
Chad,TCD,1978,198931239.80915
Chad,TCD,1982,45647335.8709945
Chad,TCD,1983,50363974.1853037
Chad,TCD,1984,92061760.6506545
Chad,TCD,1985,121343187.597683
Chad,TCD,1986,148495880.104891
Chad,TCD,1987,184120726.049964
Chad,TCD,1988,188391255.748956
Chad,TCD,1989,215706018.356595
Chad,TCD,1990,174660852.581495
Chad,TCD,1991,167317419.368839
Chad,TCD,1992,173095652.479239
Chad,TCD,1993,147016954.524913
Chad,TCD,1994,95280173.9270591
Chad,TCD,1995,105098999.150205
Chad,TCD,1996,126909181.137112
Chad,TCD,1997,100826602.907648
Chad,TCD,1998,98206332.2040179
Chad,TCD,1999,106296289.859771
Chad,TCD,2000,107168607.597884
Chad,TCD,2001,128141310.24304
Chad,TCD,2002,153876639.287433
Chad,TCD,2003,208122236.431517
Chad,TCD,2004,217099835.499822
Chad,TCD,2005,677541519.431528
Chad,TCD,2006,814595433.369104
Chad,TCD,2007,1146438474.27397
Chad,TCD,2008,1453861582.94098
Chad,TCD,2009,1512447700.54971
Chad,TCD,2010,1537588915.69361
Chad,TCD,2011,2005899593.01017
Chad,TCD,2012,2055605801.13688
Chad,TCD,2013,2034450013.87569
Chad,TCD,2014,1580872321.22711
Chad,TCD,2015,1019001514.2427
Chad,TCD,2016,1410908825.25641
Chad,TCD,2017,1277253730.36652
Chad,TCD,2018,1249947659.22155
Chad,TCD,2019,1265277462.87643
Chad,TCD,2020,1439103787.79971
Chad,TCD,2021,1575085093.35394
Chad,TCD,2022,1569830494.70841
Chad,TCD,2023,1722898314.66208
Chad,TCD,2024,1827305701.31345
Chile,CHL,1960,425936363.636364
Chile,CHL,1961,509030476.190476
Chile,CHL,1962,625809073.724008
Chile,CHL,1963,538135018.495684
Chile,CHL,1964,569165149.544863
Chile,CHL,1965,654655369.021223
Chile,CHL,1966,804297065.697222
Chile,CHL,1967,789013022.888714
Chile,CHL,1968,797567771.960442
Chile,CHL,1969,929656416.802042
Chile,CHL,1970,1169575279.30484
Chile,CHL,1971,1660034564.66541
Chile,CHL,1972,1903035517.15863
Chile,CHL,1973,2213044359.45395
Chile,CHL,1974,2552277371.43783
Chile,CHL,1975,1195458999.71428
Chile,CHL,1976,1445424982.22981
Chile,CHL,1977,2035316614.22152
Chile,CHL,1978,2307633464.01278
Chile,CHL,1979,3117434870.09674
Chile,CHL,1980,3614508828.20513
Chile,CHL,1981,4480454280.76923
Chile,CHL,1982,3081504333.22689
Chile,CHL,1983,2921912359.23071
Chile,CHL,1984,2650016420.36676
Chile,CHL,1985,2166470950.96843
Chile,CHL,1986,2377430652.40354
Chile,CHL,1987,2421322913.0183
Chile,CHL,1988,2699118222.08346
Chile,CHL,1989,3019817660.36638
Chile,CHL,1990,3232498335.71976
Chile,CHL,1991,3658103356.46584
Chile,CHL,1992,4445115893.63598
Chile,CHL,1993,4945270252.99793
Chile,CHL,1994,5670617784.25781
Chile,CHL,1995,7218965715.52621
Chile,CHL,1996,8883334189.26986
Chile,CHL,1997,9806797684.17701
Chile,CHL,1998,9681041383.32601
Chile,CHL,1999,9562369952.94753
Chile,CHL,2000,9863699937.8009
Chile,CHL,2001,9049264239.70782
Chile,CHL,2002,8957677856.17383
Chile,CHL,2003,9315410491.25514
Chile,CHL,2004,11324592743.3085
Chile,CHL,2005,13395648846.1178
Chile,CHL,2006,15841444688.8523
Chile,CHL,2007,18190831733.7385
Chile,CHL,2008,20264998684.9104
Chile,CHL,2009,22105286887.0385
Chile,CHL,2010,27231628779.4833
Chile,CHL,2011,30948188586.0075
Chile,CHL,2012,32913291806.1368
Chile,CHL,2013,35466573749.3947
Chile,CHL,2014,34330381091.8071
Chile,CHL,2015,32954137772.316
Chile,CHL,2016,35762705059.0119
Chile,CHL,2017,40453045523.7711
Chile,CHL,2018,43954001205.0962
Chile,CHL,2019,42449479647.8165
Chile,CHL,2020,40713715752.1383
Chile,CHL,2021,46470510453.0013
Chile,CHL,2022,44355475012.9504
Chile,CHL,2023,51332045297.2887
Chile,CHL,2024,49762496202.5825
China,CHN,1960,7559481665.71818
China,CHN,1961,7262951756.20854
China,CHN,1962,6093080332.38972
China,CHN,1963,6970483900.25384
China,CHN,1964,7689467379.47582
China,CHN,1965,8428761126.47244
China,CHN,1966,9407716033.20972
China,CHN,1967,8075362467.19384
China,CHN,1968,8014431663.86994
China,CHN,1969,9497081211.41811
China,CHN,1970,10297305761.7386
China,CHN,1971,11978995933.4782
China,CHN,1972,13839236797.4928
China,CHN,1973,16125335274.2714
China,CHN,1974,17607402349.7953
China,CHN,1975,19388941850.9181
China,CHN,1976,19763935067.9788
China,CHN,1977,22230320111.227
China,CHN,1978,19536585365.8537
China,CHN,1979,24860869565.2174
China,CHN,1980,26620833333.3333
China,CHN,1981,26170634920.6349
China,CHN,1982,27477099236.6412
China,CHN,1983,32639846743.295
China,CHN,1984,39678571428.5714
China,CHN,1985,44564625850.3401
China,CHN,1986,42211594202.8986
China,CHN,1987,36264573991.0314
China,CHN,1988,39574074074.0741
China,CHN,1989,46477732793.5223
China,CHN,1990,49982791586.9981
China,CHN,1991,54466898954.7038
China,CHN,1992,62529042386.1852
China,CHN,1993,64786256591.8243
China,CHN,1994,80750754489.3728
China,CHN,1995,99320869739.8298
China,CHN,1996,115908072659.043
China,CHN,1997,134575950229.058
China,CHN,1998,156576467714.898
China,CHN,1999,182267991423.308
China,CHN,2000,207835860198.896
China,CHN,2001,224469582707.307
China,CHN,2002,241698730584.199
China,CHN,2003,260384241365.6
China,CHN,2004,293202651604.164
China,CHN,2005,347169873950.446
China,CHN,2006,419644574899.811
China,CHN,2007,534971131242.037
China,CHN,2008,687449585567.279
China,CHN,2009,778083196807.221
China,CHN,2010,918839413913.982
China,CHN,2011,1190007956404.91
China,CHN,2012,1379526396975.57
China,CHN,2013,1553666234220.25
China,CHN,2014,1694936415040.84
China,CHN,2015,1834013677101.64
China,CHN,2016,1878841347657.41
China,CHN,2017,2068918018185.3
China,CHN,2018,2381994018401.27
China,CHN,2019,2497216064246.56
China,CHN,2020,2639938430032.49
China,CHN,2021,2976196992545.33
China,CHN,2022,3052067355404.16
China,CHN,2023,3140517543906.7
China,CHN,2024,3117705878340.1
Colombia,COL,1960,257037769.404672
Colombia,COL,1961,307899880.597015
Colombia,COL,1962,349229670.202284
Colombia,COL,1963,358564266.666667
Colombia,COL,1964,397148477.777778
Colombia,COL,1965,478857142.857143
Colombia,COL,1966,472296296.296296
Colombia,COL,1967,500113740.547471
Colombia,COL,1968,504367254.491551
Colombia,COL,1969,567958110.347137
Colombia,COL,1970,666008826.623003
Colombia,COL,1971,857610129.782826
Colombia,COL,1972,829754832.690804
Colombia,COL,1973,976213001.183623
Colombia,COL,1974,1082354566.27925
Colombia,COL,1975,1169703338.45283
Colombia,COL,1976,1259028678.48393
Colombia,COL,1977,1501487455.87939
Colombia,COL,1978,1990535874.1527
Colombia,COL,1979,2602266130.4917
Colombia,COL,1980,3370912236.6921
Colombia,COL,1981,3796605565.8736
Colombia,COL,1982,4256262697.82073
Colombia,COL,1983,4242652886.53584
Colombia,COL,1984,4221796811.06951
Colombia,COL,1985,3733101354.28078
Colombia,COL,1986,3427423340.1695
Colombia,COL,1987,3579385894.94849
Colombia,COL,1988,3952124069.89528
Colombia,COL,1989,4173272268.60048
Colombia,COL,1990,5957768884.64142
Colombia,COL,1991,5782688571.20291
Colombia,COL,1992,7672065872.66578
Colombia,COL,1993,9336819506.33156
Colombia,COL,1994,11825318954.3847
Colombia,COL,1995,13828336492.5348
Colombia,COL,1996,17483508767.7324
Colombia,COL,1997,21247975171.6876
Colombia,COL,1998,19990907063.1923
Colombia,COL,1999,19099363911.8808
Colombia,COL,2000,16452271842.7608
Colombia,COL,2001,16268145771.437
Colombia,COL,2002,15711383055.8865
Colombia,COL,2003,14774408264.3151
Colombia,COL,2004,18361962208.2854
Colombia,COL,2005,20320260444.7514
Colombia,COL,2006,22457865326.9666
Colombia,COL,2007,28315376706.1806
Colombia,COL,2008,31874614371.7679
Colombia,COL,2009,32090310295.9526
Colombia,COL,2010,39422906033.3149
Colombia,COL,2011,44715505804.4723
Colombia,COL,2012,49952401115.3149
Colombia,COL,2013,53864984389.1711
Colombia,COL,2014,54302997593.8294
Colombia,COL,2015,43471003338.6477
Colombia,COL,2016,41111134749.7999
Colombia,COL,2017,46407795165.7228
Colombia,COL,2018,51538314237.8768
Colombia,COL,2019,50952544234.2861
Colombia,COL,2020,46388628347.0017
Colombia,COL,2021,51111517161.9095
Colombia,COL,2022,48405921326.944
Colombia,COL,2023,53676702600.9286
Colombia,COL,2024,62359088301.8432
Comoros,COM,1980,26881141.374104
Comoros,COM,1981,23521455.605734
Comoros,COM,1982,22326169.081006
Comoros,COM,1983,21669400.2688849
Comoros,COM,1984,20886966.8448767
Comoros,COM,1985,21201005.1009476
Comoros,COM,1986,28511782.7521862
Comoros,COM,1987,34603671.0739705
Comoros,COM,1988,37158495.251461
Comoros,COM,1989,36302114.6278139
Comoros,COM,1990,44351259.6169944
Comoros,COM,1991,44246901.4267967
Comoros,COM,1992,48218208.8951163
Comoros,COM,1993,47245454.851738
Comoros,COM,1994,34768720.9229634
Comoros,COM,1995,43380663.2855758
Comoros,COM,1996,43350632.4527057
Comoros,COM,1997,40073933.1476122
Comoros,COM,1998,40196394.4505789
Comoros,COM,1999,41078008.4049664
Comoros,COM,2000,37498221.9996954
Comoros,COM,2001,41169271.842054
Comoros,COM,2002,47201417.6386277
Comoros,COM,2003,60397691.0215409
Comoros,COM,2004,68773937.903016
Comoros,COM,2005,72386580.9169957
Comoros,COM,2006,76045589.2797847
Comoros,COM,2007,85328993.2165776
Comoros,COM,2008,100119572.186228
Comoros,COM,2009,103903926.441747
Comoros,COM,2010,101138252.756404
Comoros,COM,2011,109060490.58565
Comoros,COM,2012,102027323.375718
Comoros,COM,2013,104107616.544099
Comoros,COM,2014,118122807.301747
Comoros,COM,2015,102320934.45747
Comoros,COM,2016,107511637.458645
Comoros,COM,2017,116619672.599598
Comoros,COM,2018,120560017.781156
Comoros,COM,2019,119918683.732066
Comoros,COM,2020,128711052.459881
Comoros,COM,2021,128835966.194095
Comoros,COM,2022,117464805.818876
Comoros,COM,2023,125288169.231268
Comoros,COM,2024,132321065.758086
"Congo, Dem. Rep.",COD,1994,253994750.663494
"Congo, Dem. Rep.",COD,1995,277301994.005243
"Congo, Dem. Rep.",COD,1996,357876572.435135
"Congo, Dem. Rep.",COD,1997,475161559.498359
"Congo, Dem. Rep.",COD,1998,503653542.13088
"Congo, Dem. Rep.",COD,1999,278543945.454545
"Congo, Dem. Rep.",COD,2000,392753623.188406
"Congo, Dem. Rep.",COD,2001,282666666.666667
"Congo, Dem. Rep.",COD,2002,513141646.997198
"Congo, Dem. Rep.",COD,2003,442035395.392274
"Congo, Dem. Rep.",COD,2004,644094246.533644
"Congo, Dem. Rep.",COD,2005,1004868016.49488
"Congo, Dem. Rep.",COD,2006,1555263753.38454
"Congo, Dem. Rep.",COD,2007,1975431351.49738
"Congo, Dem. Rep.",COD,2008,2611689124.75402
"Congo, Dem. Rep.",COD,2009,1973106520.74596
"Congo, Dem. Rep.",COD,2010,2220687785.72004
"Congo, Dem. Rep.",COD,2011,3033147230.43057
"Congo, Dem. Rep.",COD,2012,3451502170.16973
"Congo, Dem. Rep.",COD,2013,4965356280.43896
"Congo, Dem. Rep.",COD,2014,5917173242.79687
"Congo, Dem. Rep.",COD,2015,6949043027.38455
"Congo, Dem. Rep.",COD,2016,6952740233.19329
"Congo, Dem. Rep.",COD,2017,5656798147.36112
"Congo, Dem. Rep.",COD,2018,7212994333.19395
"Congo, Dem. Rep.",COD,2019,8504805356.59909
"Congo, Dem. Rep.",COD,2020,7771859310.00701
"Congo, Dem. Rep.",COD,2021,9093911369.91257
"Congo, Dem. Rep.",COD,2022,12136438038.4155
"Congo, Dem. Rep.",COD,2023,11794229047.1405
"Congo, Dem. Rep.",COD,2024,12866657580.6259
"Congo, Rep.",COG,1960,19886201.5599569
"Congo, Rep.",COG,1961,20631155.0828597
"Congo, Rep.",COG,1962,22904824.2664452
"Congo, Rep.",COG,1963,26283956.0450396
"Congo, Rep.",COG,1964,27033731.0818542
"Congo, Rep.",COG,1965,28156258.4756981
"Congo, Rep.",COG,1966,34598066.9032016
"Congo, Rep.",COG,1967,38211240.4790912
"Congo, Rep.",COG,1968,45240699.7905768
"Congo, Rep.",COG,1969,46930193.3453955
"Congo, Rep.",COG,1970,46670960.9015762
"Congo, Rep.",COG,1971,55201175.1080891
"Congo, Rep.",COG,1972,71420741.5046605
"Congo, Rep.",COG,1973,95114530.5243458
"Congo, Rep.",COG,1974,104277204.960562
"Congo, Rep.",COG,1975,138115857.70152
"Congo, Rep.",COG,1976,133500414.525194
"Congo, Rep.",COG,1977,148160356.456332
"Congo, Rep.",COG,1978,201634471.181028
"Congo, Rep.",COG,1979,244450912.573805
"Congo, Rep.",COG,1980,300076313.583678
"Congo, Rep.",COG,1981,267911606.095891
"Congo, Rep.",COG,1982,291533131.598686
"Congo, Rep.",COG,1983,325927761.245035
"Congo, Rep.",COG,1984,324288450.150341
"Congo, Rep.",COG,1985,355471100.786022
"Congo, Rep.",COG,1986,461441743.135861
"Congo, Rep.",COG,1987,472821007.382123
"Congo, Rep.",COG,1988,465673424.087186
"Congo, Rep.",COG,1989,465818591.133267
"Congo, Rep.",COG,1990,547261366.754485
"Congo, Rep.",COG,1991,755883649.769102
"Congo, Rep.",COG,1992,789967801.080472
"Congo, Rep.",COG,1993,742513367.205912
"Congo, Rep.",COG,1994,385969357.867247
"Congo, Rep.",COG,1995,332717258.733778
"Congo, Rep.",COG,1996,326379057.56796
"Congo, Rep.",COG,1997,486549429.56301
"Congo, Rep.",COG,1998,471699572.393015
"Congo, Rep.",COG,1999,354583996.780013
"Congo, Rep.",COG,2000,373408928.91717
"Congo, Rep.",COG,2001,394048210.089051
"Congo, Rep.",COG,2002,557002497.517609
"Congo, Rep.",COG,2003,608211011.441875
"Congo, Rep.",COG,2004,697275708.724153
"Congo, Rep.",COG,2005,831637828.379026
"Congo, Rep.",COG,2006,1029179990.93172
"Congo, Rep.",COG,2007,1475579286.28839
"Congo, Rep.",COG,2008,1414414668.18161
"Congo, Rep.",COG,2009,1304068842.99549
"Congo, Rep.",COG,2010,1390018140.50948
"Congo, Rep.",COG,2011,2009361826.76531
"Congo, Rep.",COG,2012,2434040883.45682
"Congo, Rep.",COG,2013,2527333367.6399
"Congo, Rep.",COG,2014,2998653204.80407
"Congo, Rep.",COG,2015,2400695055.25921
"Congo, Rep.",COG,2016,2329304625.30295
"Congo, Rep.",COG,2017,2140452169.03102
"Congo, Rep.",COG,2018,1995083385.69692
"Congo, Rep.",COG,2019,1850629150.06173
"Congo, Rep.",COG,2020,2004537966.48513
"Congo, Rep.",COG,2021,2204655315.05538
"Congo, Rep.",COG,2022,1872228998.0064
"Congo, Rep.",COG,2023,2006951385.22816
"Congo, Rep.",COG,2024,2103511699.36837
Costa Rica,CRI,1960,52534464.0987882
Costa Rica,CRI,1961,56978340.1961769
Costa Rica,CRI,1962,54976616.8929791
Costa Rica,CRI,1963,62089291.8903475
Costa Rica,CRI,1964,68720771.1162238
Costa Rica,CRI,1965,74686792.4528302
Costa Rica,CRI,1966,81041509.4339623
Costa Rica,CRI,1967,88377358.490566
Costa Rica,CRI,1968,96000000.0
Costa Rica,CRI,1969,106520754.716981
Costa Rica,CRI,1970,123743396.226415
Costa Rica,CRI,1971,149415175.420208
Costa Rica,CRI,1972,178146194.423512
Costa Rica,CRI,1973,213201684.189495
Costa Rica,CRI,1974,238209331.651955
Costa Rica,CRI,1975,298471411.901984
Costa Rica,CRI,1976,385810968.494749
Costa Rica,CRI,1977,491026837.806301
Costa Rica,CRI,1978,591435239.206534
Costa Rica,CRI,1979,728494749.124854
Costa Rica,CRI,1980,880315052.508751
Costa Rica,CRI,1981,412919289.522427
Costa Rica,CRI,1982,379394935.13282
Costa Rica,CRI,1983,475179360.613393
Costa Rica,CRI,1984,572671536.543172
Costa Rica,CRI,1985,617326732.673267
Costa Rica,CRI,1986,680121863.799283
Costa Rica,CRI,1987,679493388.561415
Costa Rica,CRI,1988,720802216.651273
Costa Rica,CRI,1989,891176180.495623
Costa Rica,CRI,1990,1037233996.06729
Costa Rica,CRI,1991,951964634.725635
Costa Rica,CRI,1992,1039010791.74736
Costa Rica,CRI,1993,1221597372.2269
Costa Rica,CRI,1994,1394934629.98344
Costa Rica,CRI,1995,1496728817.01275
Costa Rica,CRI,1996,1525544145.68389
Costa Rica,CRI,1997,1592466780.30954
Costa Rica,CRI,1998,1742039034.56589
Costa Rica,CRI,1999,1894059751.82022
Costa Rica,CRI,2000,2061044982.64058
Costa Rica,CRI,2001,2284003789.03518
Costa Rica,CRI,2002,2435273622.92257
Costa Rica,CRI,2003,2503967509.90819
Costa Rica,CRI,2004,2601092536.70678
Costa Rica,CRI,2005,2708068208.12756
Costa Rica,CRI,2006,2990510209.87775
Costa Rica,CRI,2007,3442658155.62755
Costa Rica,CRI,2008,4182099240.81417
Costa Rica,CRI,2009,4841874480.71581
Costa Rica,CRI,2010,6259129756.45888
Costa Rica,CRI,2011,7253324499.07868
Costa Rica,CRI,2012,7930217478.07128
Costa Rica,CRI,2013,8727774638.85844
Costa Rica,CRI,2014,8848669050.05326
Costa Rica,CRI,2015,9572686312.10711
Costa Rica,CRI,2016,9832559654.16577
Costa Rica,CRI,2017,9899320274.88564
Costa Rica,CRI,2018,10109403817.4967
Costa Rica,CRI,2019,10790733455.1738
Costa Rica,CRI,2020,11046975708.0454
Costa Rica,CRI,2021,10738526336.1508
Costa Rica,CRI,2022,10660664690.4839
Costa Rica,CRI,2023,12865265662.8138
Costa Rica,CRI,2024,13996009435.6354
Cote d'Ivoire,CIV,1960,43358329.1698801
Cote d'Ivoire,CIV,1961,54847017.881449
Cote d'Ivoire,CIV,1962,61100769.7683181
Cote d'Ivoire,CIV,1963,71726262.4648263
Cote d'Ivoire,CIV,1964,92384057.2726004
Cote d'Ivoire,CIV,1965,99159008.3468791
Cote d'Ivoire,CIV,1966,109899756.89238
Cote d'Ivoire,CIV,1967,118698730.327606
Cote d'Ivoire,CIV,1968,143800841.407539
Cote d'Ivoire,CIV,1969,166179045.288614
Cote d'Ivoire,CIV,1970,197537598.135147
Cote d'Ivoire,CIV,1971,252400148.001614
Cote d'Ivoire,CIV,1972,288459700.888268
Cote d'Ivoire,CIV,1973,395263298.623155
Cote d'Ivoire,CIV,1974,497289885.130105
Cote d'Ivoire,CIV,1975,661649379.948664
Cote d'Ivoire,CIV,1976,754549623.990315
Cote d'Ivoire,CIV,1977,853550401.991517
Cote d'Ivoire,CIV,1978,1286915439.28884
Cote d'Ivoire,CIV,1979,1663206379.69496
Cote d'Ivoire,CIV,1980,1715262935.87659
Cote d'Ivoire,CIV,1981,1485290020.51154
Cote d'Ivoire,CIV,1982,1316164896.89866
Cote d'Ivoire,CIV,1983,1152818556.88655
Cote d'Ivoire,CIV,1984,1037402630.21871
Cote d'Ivoire,CIV,1985,982943220.271643
Cote d'Ivoire,CIV,1986,1385480279.01944
Cote d'Ivoire,CIV,1987,1643726839.79795
Cote d'Ivoire,CIV,1988,1753913479.33492
Cote d'Ivoire,CIV,1989,1781144896.17087
Cote d'Ivoire,CIV,1990,1813675580.40594
Cote d'Ivoire,CIV,1991,1716725049.08414
Cote d'Ivoire,CIV,1992,1945281262.41432
Cote d'Ivoire,CIV,1993,1709265425.57023
Cote d'Ivoire,CIV,1994,999631322.642847
Cote d'Ivoire,CIV,1995,1166922084.81491
Cote d'Ivoire,CIV,2015,4282729872.50668
Cote d'Ivoire,CIV,2016,4775520056.45441
Cote d'Ivoire,CIV,2017,5392170159.04835
Cote d'Ivoire,CIV,2018,5879954679.62818
Cote d'Ivoire,CIV,2019,6538044028.88054
Cote d'Ivoire,CIV,2020,7135764185.2324
Cote d'Ivoire,CIV,2021,7252281760.24708
Cote d'Ivoire,CIV,2022,6715708355.77273
Cote d'Ivoire,CIV,2023,7482045877.16417
Cote d'Ivoire,CIV,2024,8100360407.18172
Croatia,HRV,1995,5968720938.82537
Croatia,HRV,1996,5765333937.72447
Croatia,HRV,1997,5575258300.17692
Croatia,HRV,1998,6214841380.82181
Croatia,HRV,1999,5926326228.70797
Croatia,HRV,2000,5066030552.68213
Croatia,HRV,2001,4811662054.32709
Croatia,HRV,2002,5503628171.30483
Croatia,HRV,2003,7031464100.80349
Croatia,HRV,2004,8367371750.77713
Croatia,HRV,2005,8963501344.87194
Croatia,HRV,2006,9933077274.64492
Croatia,HRV,2007,12273779467.4513
Croatia,HRV,2008,14064842580.2542
Croatia,HRV,2009,13913369430.7405
Croatia,HRV,2010,13147552225.9843
Croatia,HRV,2011,14311483300.8765
Croatia,HRV,2012,13069049928.6293
Croatia,HRV,2013,13510306060.7872
Croatia,HRV,2014,13761488397.5508
Croatia,HRV,2015,11452356078.4505
Croatia,HRV,2016,11562714295.8345
Croatia,HRV,2017,12245985668.6297
Croatia,HRV,2018,13365849257.151
Croatia,HRV,2019,13335939976.8935
Croatia,HRV,2020,14424817847.5688
Croatia,HRV,2021,15921071455.1822
Croatia,HRV,2022,15035753547.5556
Croatia,HRV,2023,17896722364.4131
Croatia,HRV,2024,21423434714.5116
Cuba,CUB,1970,1803101400.0
Cuba,CUB,1971,2189960200.0
Cuba,CUB,1972,2576582476.39035
Cuba,CUB,1973,3163574427.02051
Cuba,CUB,1974,3613191829.26829
Cuba,CUB,1975,4125111463.41463
Cuba,CUB,1976,4366677953.71498
Cuba,CUB,1977,4500076265.06024
Cuba,CUB,1978,5654444935.06493
Cuba,CUB,1979,6207347671.23288
Cuba,CUB,1980,6292183472.22222
Cuba,CUB,1981,6382548795.18072
Cuba,CUB,1982,6648362235.29412
Cuba,CUB,1983,7047198370.1979
Cuba,CUB,1984,7629374615.82242
Cuba,CUB,1985,7131660115.73316
Cuba,CUB,1986,7766061315.09479
Cuba,CUB,1987,8068648861.7576
Cuba,CUB,1988,8725618073.87863
Cuba,CUB,1989,8576307061.38665
Cuba,CUB,1990,8880540292.55319
Cuba,CUB,1991,8100081070.01501
Cuba,CUB,1992,7685581081.08108
Cuba,CUB,1993,7914077027.02703
Cuba,CUB,1994,7756708243.24324
Cuba,CUB,1995,7422978935.27384
Cuba,CUB,1996,6643000000.0
Cuba,CUB,1997,6806900000.0
Cuba,CUB,1998,7122047400.0
Cuba,CUB,1999,8204404100.0
Cuba,CUB,2000,9046224800.0
Cuba,CUB,2001,9786000000.0
Cuba,CUB,2002,11455875900.0
Cuba,CUB,2003,12110612500.0
Cuba,CUB,2004,13554299600.0
Cuba,CUB,2005,14348951700.0
Cuba,CUB,2006,15741791944.4444
Cuba,CUB,2007,19214351851.8519
Cuba,CUB,2008,22453703703.7037
Cuba,CUB,2009,22395370370.3704
Cuba,CUB,2010,20703703703.7037
Cuba,CUB,2011,24437000000.0
Cuba,CUB,2012,23343000000.0
Cuba,CUB,2013,25032000000.0
Cuba,CUB,2014,26138000000.0
Cuba,CUB,2015,28062225900.0
Cuba,CUB,2016,29143374300.0
Cuba,CUB,2017,29867400000.0
Cuba,CUB,2018,30060000000.0
Cuba,CUB,2019,33336800000.0
Cuba,CUB,2020,41704000000.0
Curacao,CUW,2005,376871508.379888
Curacao,CUW,2006,392011173.184358
Curacao,CUW,2007,432234636.871508
Curacao,CUW,2008,453743016.759777
Curacao,CUW,2009,474245810.055866
Curacao,CUW,2010,477877094.972067
Curacao,CUW,2011,463296089.385475
Curacao,CUW,2012,482905027.932961
Curacao,CUW,2013,429664804.469274
Curacao,CUW,2014,478994413.407821
Curacao,CUW,2015,480837988.826816
Curacao,CUW,2016,485977653.631285
Curacao,CUW,2017,489050279.329609
Curacao,CUW,2018,441061452.513967
Cyprus,CYP,1975,85591718.8810939
Cyprus,CYP,1976,94030899.7273553
Cyprus,CYP,1977,102823579.163092
Cyprus,CYP,1978,126189203.098578
Cyprus,CYP,1979,164719464.437552
Cyprus,CYP,1980,294400829.187396
Cyprus,CYP,1981,305022315.202232
Cyprus,CYP,1982,320441800.246609
Cyprus,CYP,1983,326705895.439377
Cyprus,CYP,1984,321448753.738784
Cyprus,CYP,1985,341884261.036468
Cyprus,CYP,1986,436127796.610169
Cyprus,CYP,1987,615387819.732034
Cyprus,CYP,1988,712810539.523212
Cyprus,CYP,1989,729340236.686391
Cyprus,CYP,1990,969374263.764405
Cyprus,CYP,1991,1065071338.38384
Cyprus,CYP,1992,1315868187.74446
Cyprus,CYP,1993,1111899057.71496
Cyprus,CYP,1994,1236905357.14286
Cyprus,CYP,1995,1238809831.82406
Cyprus,CYP,1996,1322333751.56838
Cyprus,CYP,1997,1417673888.25542
Cyprus,CYP,1998,1650565610.85973
Cyprus,CYP,1999,1699460625.67422
Cyprus,CYP,2000,1521489161.16871
Cyprus,CYP,2001,1673679417.12204
Cyprus,CYP,2002,1917307692.30769
Cyprus,CYP,2003,2631483578.70895
Cyprus,CYP,2004,2906875000.0
Cyprus,CYP,2005,3088048750.15545
Cyprus,CYP,2006,3450382637.05934
Cyprus,CYP,2007,4015877361.07309
Cyprus,CYP,2008,4834627215.46799
Cyprus,CYP,2009,4980208045.65958
Cyprus,CYP,2010,4836744623.2247
Cyprus,CYP,2011,5351649605.93752
Cyprus,CYP,2012,4784425275.3945
Cyprus,CYP,2013,4488508456.79299
Cyprus,CYP,2014,3965310178.44427
Cyprus,CYP,2015,3306793772.52312
Cyprus,CYP,2016,3259499170.37572
Cyprus,CYP,2017,3449705492.28089
Cyprus,CYP,2018,3788736768.88611
Cyprus,CYP,2019,4200605411.98913
Cyprus,CYP,2020,4907447807.32514
Cyprus,CYP,2021,5705185370.91925
Cyprus,CYP,2022,5617275890.24709
Cyprus,CYP,2023,6468470221.87622
Cyprus,CYP,2024,6927989262.79103
Czechia,CZE,1990,8917304795.85585
Czechia,CZE,1991,6433657427.82508
Czechia,CZE,1992,7154347753.80262
Czechia,CZE,1993,8547070627.37969
Czechia,CZE,1994,10145609935.7304
Czechia,CZE,1995,12147437829.691
Czechia,CZE,1996,13109721055.6563
Czechia,CZE,1997,12469730524.3765
Czechia,CZE,1998,12694447542.2227
Czechia,CZE,1999,12958413848.1654
Czechia,CZE,2000,12072702776.2304
Czechia,CZE,2001,13205409654.614
Czechia,CZE,2002,17225782409.7548
Czechia,CZE,2003,21939203800.2056
Czechia,CZE,2004,24742021338.6875
Czechia,CZE,2005,27863207192.7672
Czechia,CZE,2006,31142080759.0858
Czechia,CZE,2007,36365423752.199
Czechia,CZE,2008,45303279696.8082
Czechia,CZE,2009,42879662172.7955
Czechia,CZE,2010,42929797232.7307
Czechia,CZE,2011,45445964464.495
Czechia,CZE,2012,40628170093.2193
Czechia,CZE,2013,41751029393.6053
Czechia,CZE,2014,40473804648.9221
Czechia,CZE,2015,35566929213.8828
Czechia,CZE,2016,37217475509.6682
Czechia,CZE,2017,41011008284.7325
Czechia,CZE,2018,48319329342.4196
Czechia,CZE,2019,49470461904.087
Czechia,CZE,2020,53536304003.6191
Czechia,CZE,2021,60437906034.4893
Czechia,CZE,2022,58680438412.4674
Czechia,CZE,2023,67469113324.3487
Denmark,DNK,1966,2138006392.5769
Denmark,DNK,1967,2434167430.20369
Denmark,DNK,1968,2631170666.66667
Denmark,DNK,1969,3047134266.66667
Denmark,DNK,1970,3579366933.33333
Denmark,DNK,1971,4268968396.10573
Denmark,DNK,1972,5211714417.27944
Denmark,DNK,1973,6748558558.55856
Denmark,DNK,1974,8078001771.97329
Denmark,DNK,1975,9955216490.89833
Denmark,DNK,1976,10740368072.7874
Denmark,DNK,1977,11849303871.2687
Denmark,DNK,1978,14766583070.395
Denmark,DNK,1979,17528764303.3644
Denmark,DNK,1980,18683464930.1797
Denmark,DNK,1981,16875712159.9236
Denmark,DNK,1982,16728893236.0424
Denmark,DNK,1983,16363494477.8568
Denmark,DNK,1984,14853481934.2255
Denmark,DNK,1985,15407695160.6206
Denmark,DNK,1986,20726308243.7276
Denmark,DNK,1987,26586075464.5264
Denmark,DNK,1988,28542730446.4087
Denmark,DNK,1989,27383445459.7685
Denmark,DNK,1990,33050245128.1388
Denmark,DNK,1991,33759379348.081
Denmark,DNK,1992,36949068438.23
Denmark,DNK,1993,36230002776.107
Denmark,DNK,1994,38110158475.6155
Denmark,DNK,1995,44497989433.1001
Denmark,DNK,1996,45229536275.3721
Denmark,DNK,1997,41022940722.2348
Denmark,DNK,1998,42706600853.6294
Denmark,DNK,1999,43362981422.551
Denmark,DNK,2000,39190870952.976
Denmark,DNK,2001,40085372951.4106
Denmark,DNK,2002,44424875676.0865
Denmark,DNK,2003,54606937777.9802
Denmark,DNK,2004,62677094690.4575
Denmark,DNK,2005,64791030032.1833
Denmark,DNK,2006,68468166913.2979
Denmark,DNK,2007,77741155647.8131
Denmark,DNK,2008,88696765853.9456
Denmark,DNK,2009,89738757298.2149
Denmark,DNK,2010,88116738663.6914
Denmark,DNK,2011,91383284386.4992
Denmark,DNK,2012,86601087184.9814
Denmark,DNK,2013,89357668171.3126
Denmark,DNK,2014,91021709586.9908
Denmark,DNK,2015,77088408030.1793
Denmark,DNK,2016,77867254832.857
Denmark,DNK,2017,81077670234.7136
Denmark,DNK,2018,86624459287.2324
Denmark,DNK,2019,83603655473.5958
Denmark,DNK,2020,87769691850.6868
Denmark,DNK,2021,97380029747.5403
Denmark,DNK,2022,87146159661.7197
Denmark,DNK,2023,91520470897.6176
Djibouti,DJI,2013,401854592.310419
Djibouti,DJI,2014,422859425.729092
Djibouti,DJI,2015,482723563.338041
Djibouti,DJI,2016,579079143.151344
Djibouti,DJI,2017,601512127.998379
Djibouti,DJI,2018,622028751.244929
Djibouti,DJI,2019,611931101.55806
Djibouti,DJI,2020,623916483.139303
Djibouti,DJI,2021,615665091.35105
Djibouti,DJI,2022,769182981.189617
Djibouti,DJI,2023,666451083.439774
Djibouti,DJI,2024,709821668.795472
Dominican Republic,DOM,1960,89500000.0
Dominican Republic,DOM,1961,86800000.0
Dominican Republic,DOM,1962,126100000.0
Dominican Republic,DOM,1963,151800000.0
Dominican Republic,DOM,1964,160100000.0
Dominican Republic,DOM,1965,167700000.0
Dominican Republic,DOM,1966,147700000.0
Dominican Republic,DOM,1967,135700000.0
Dominican Republic,DOM,1968,144700000.0
Dominican Republic,DOM,1969,156100000.0
Dominican Republic,DOM,1970,171990100.0
Dominican Republic,DOM,1971,169075800.0
Dominican Republic,DOM,1972,177700600.0
Dominican Republic,DOM,1973,193605600.0
Dominican Republic,DOM,1974,291513600.0
Dominican Republic,DOM,1975,222072600.0
Dominican Republic,DOM,1976,151909200.0
Dominican Republic,DOM,1977,189347600.0
Dominican Republic,DOM,1978,271148500.0
Dominican Republic,DOM,1979,419581100.0
Dominican Republic,DOM,1980,504000000.0
Dominican Republic,DOM,1981,693000000.0
Dominican Republic,DOM,1982,779400000.0
Dominican Republic,DOM,1983,786300000.0
Dominican Republic,DOM,1984,870754000.0
Dominican Republic,DOM,1985,357288807.328131
Dominican Republic,DOM,1986,446677429.895263
Dominican Republic,DOM,1987,233540732.602676
Dominican Republic,DOM,1988,190375601.40937
Dominican Republic,DOM,1989,196046703.470032
Dominican Republic,DOM,1990,206978898.103293
Dominican Republic,DOM,1991,315921245.99403
Dominican Republic,DOM,1992,446024000.0
Dominican Republic,DOM,1993,586432000.0
Dominican Republic,DOM,1994,717259078.782383
Dominican Republic,DOM,1995,804848484.848485
Dominican Republic,DOM,1996,945391598.816068
Dominican Republic,DOM,1997,1415444225.3387
Dominican Republic,DOM,1998,1586800235.67801
Dominican Republic,DOM,1999,1745260170.40083
Dominican Republic,DOM,2000,2119549425.02709
Dominican Republic,DOM,2001,2439907298.33307
Dominican Republic,DOM,2002,2706041092.14983
Dominican Republic,DOM,2003,1848566564.52162
Dominican Republic,DOM,2004,1693843702.3428
Dominican Republic,DOM,2005,2894186694.97228
Dominican Republic,DOM,2006,3328510015.07956
Dominican Republic,DOM,2007,4034739954.82498
Dominican Republic,DOM,2008,4839507296.41362
Dominican Republic,DOM,2009,5166621837.18798
Dominican Republic,DOM,2010,5346760770.91483
Dominican Republic,DOM,2011,5409619084.53897
Dominican Republic,DOM,2012,5999065459.84986
Dominican Republic,DOM,2013,6549241674.19816
Dominican Republic,DOM,2014,7034607940.68419
Dominican Republic,DOM,2015,7321968248.14839
Dominican Republic,DOM,2016,7799615486.51276
Dominican Republic,DOM,2017,8435010425.51159
Dominican Republic,DOM,2018,8623075377.93431
Dominican Republic,DOM,2019,9306192090.44306
Dominican Republic,DOM,2020,9430541858.70054
Dominican Republic,DOM,2021,9937452465.31975
Dominican Republic,DOM,2022,12434735385.6477
Dominican Republic,DOM,2023,13585945222.018
Dominican Republic,DOM,2024,14301332961.0126
Early-demographic dividend,EAR,1965,21886823859.0444
Early-demographic dividend,EAR,1966,23104176644.2252
Early-demographic dividend,EAR,1967,23363421765.3212
Early-demographic dividend,EAR,1968,25833125514.3826
Early-demographic dividend,EAR,1969,29186264425.571
Early-demographic dividend,EAR,1970,32575483962.8984
Early-demographic dividend,EAR,1971,36635679738.7389
Early-demographic dividend,EAR,1972,41024595328.948
Early-demographic dividend,EAR,1973,54031641770.3934
Early-demographic dividend,EAR,1974,75419520876.2313
Early-demographic dividend,EAR,1975,90064920853.016
Early-demographic dividend,EAR,1976,99518487963.7533
Early-demographic dividend,EAR,1977,111349038195.577
Early-demographic dividend,EAR,1978,134673768483.345
Early-demographic dividend,EAR,1979,153196576486.348
Early-demographic dividend,EAR,1980,179468403541.489
Early-demographic dividend,EAR,1981,209969168955.821
Early-demographic dividend,EAR,1982,212370152960.274
Early-demographic dividend,EAR,1983,207227970399.683
Early-demographic dividend,EAR,1984,204554379215.701
Early-demographic dividend,EAR,1985,208442099386.891
Early-demographic dividend,EAR,1986,212725490567.392
Early-demographic dividend,EAR,1987,213666802537.658
Early-demographic dividend,EAR,1988,215876304027.038
Early-demographic dividend,EAR,1989,218278943764.829
Early-demographic dividend,EAR,1990,242667445648.44
Early-demographic dividend,EAR,1991,263674323772.054
Early-demographic dividend,EAR,1992,280402549749.193
Early-demographic dividend,EAR,1993,310905408674.792
Early-demographic dividend,EAR,1994,315748212475.03
Early-demographic dividend,EAR,1995,321526160530.947
Early-demographic dividend,EAR,1996,342563777334.104
Early-demographic dividend,EAR,1997,375425099387.462
Early-demographic dividend,EAR,1998,375339139661.913
Early-demographic dividend,EAR,1999,398064004109.908
Early-demographic dividend,EAR,2000,429400755501.394
Early-demographic dividend,EAR,2001,434821777682.584
Early-demographic dividend,EAR,2002,413626228927.322
Early-demographic dividend,EAR,2003,461915219197.17
Early-demographic dividend,EAR,2004,522506014984.256
Early-demographic dividend,EAR,2005,598834728169.503
Early-demographic dividend,EAR,2006,684712538974.089
Early-demographic dividend,EAR,2007,795995521249.135
Early-demographic dividend,EAR,2008,905646005571.504
Early-demographic dividend,EAR,2009,967479537634.821
Early-demographic dividend,EAR,2010,1116697568371.26
Early-demographic dividend,EAR,2011,1297124321008.73
Early-demographic dividend,EAR,2012,1359487484720.6
Early-demographic dividend,EAR,2013,1399605872878.73
Early-demographic dividend,EAR,2014,1465036485669.13
Early-demographic dividend,EAR,2015,1447496359966.85
Early-demographic dividend,EAR,2016,1445200634055.92
Early-demographic dividend,EAR,2017,1550837722200.65
Early-demographic dividend,EAR,2018,1561524665869.5
Early-demographic dividend,EAR,2019,1586477460752.11
Early-demographic dividend,EAR,2020,1566169477474.24
Early-demographic dividend,EAR,2021,1687145799929.11
Early-demographic dividend,EAR,2022,1763158368368.4
Early-demographic dividend,EAR,2023,1914416379466.33
Early-demographic dividend,EAR,2024,2024027725099.59
East Asia & Pacific,EAS,1960,26023020377.1544
East Asia & Pacific,EAS,1961,25333675336.1829
East Asia & Pacific,EAS,1962,23456670962.3289
East Asia & Pacific,EAS,1963,26343687314.6052
East Asia & Pacific,EAS,1964,28490794109.2396
East Asia & Pacific,EAS,1965,31390581438.9694
East Asia & Pacific,EAS,1966,35361275069.682
East Asia & Pacific,EAS,1967,33855054284.2448
East Asia & Pacific,EAS,1968,36180237721.8474
East Asia & Pacific,EAS,1969,41379453772.2416
East Asia & Pacific,EAS,1970,46376311637.0778
East Asia & Pacific,EAS,1971,54662336170.5611
East Asia & Pacific,EAS,1972,69402130878.291
East Asia & Pacific,EAS,1973,91181394937.3584
East Asia & Pacific,EAS,1974,111049076326.793
East Asia & Pacific,EAS,1975,132183786273.077
East Asia & Pacific,EAS,1976,145846339853.868
East Asia & Pacific,EAS,1977,173080377661.284
East Asia & Pacific,EAS,1978,218583061862.374
East Asia & Pacific,EAS,1979,237220342327.124
East Asia & Pacific,EAS,1980,258892753793.013
East Asia & Pacific,EAS,1981,287184836670.257
East Asia & Pacific,EAS,1982,283899918137.178
East Asia & Pacific,EAS,1983,303566265861.527
East Asia & Pacific,EAS,1984,322290421558.118
East Asia & Pacific,EAS,1985,337459925471.357
East Asia & Pacific,EAS,1986,434986120014.932
East Asia & Pacific,EAS,1987,501262700626.824
East Asia & Pacific,EAS,1988,588065761308.211
East Asia & Pacific,EAS,1989,615504830682.296
East Asia & Pacific,EAS,1990,644902918025.291
East Asia & Pacific,EAS,1991,731199223265.709
East Asia & Pacific,EAS,1992,818152411798.709
East Asia & Pacific,EAS,1993,934736540896.284
East Asia & Pacific,EAS,1994,1052302356972.88
East Asia & Pacific,EAS,1995,1207048929968.79
East Asia & Pacific,EAS,1996,1157936176111.93
East Asia & Pacific,EAS,1997,1116043793700.79
East Asia & Pacific,EAS,1998,1047028223110.2
East Asia & Pacific,EAS,1999,1205576897346.19
East Asia & Pacific,EAS,2000,1319101287797.62
East Asia & Pacific,EAS,2001,1262151668554.07
East Asia & Pacific,EAS,2002,1290906785282.54
East Asia & Pacific,EAS,2003,1411332974184.3
East Asia & Pacific,EAS,2004,1558872720020.7
East Asia & Pacific,EAS,2005,1654538329089.84
East Asia & Pacific,EAS,2006,1729046841336.22
East Asia & Pacific,EAS,2007,1908205964179.01
East Asia & Pacific,EAS,2008,2230123256684.85
East Asia & Pacific,EAS,2009,2406417355411.69
East Asia & Pacific,EAS,2010,2758791402303.14
East Asia & Pacific,EAS,2011,3276681786736.79
East Asia & Pacific,EAS,2012,3548418898718.07
East Asia & Pacific,EAS,2013,3547474117399.94
East Asia & Pacific,EAS,2014,3635631981209.24
East Asia & Pacific,EAS,2015,3641935327420.7
East Asia & Pacific,EAS,2016,3803955931530.28
East Asia & Pacific,EAS,2017,4038327684376.95
East Asia & Pacific,EAS,2018,4463038207548.57
East Asia & Pacific,EAS,2019,4640205925642.64
East Asia & Pacific,EAS,2020,4881840056703.84
East Asia & Pacific,EAS,2021,5375814755131.14
East Asia & Pacific,EAS,2022,5304606614419.48
East Asia & Pacific,EAS,2023,5423803304426.12
East Asia & Pacific,EAS,2024,5459982674321.86
East Asia & Pacific (IDA & IBRD countries),TEA,1960,9443569388.91823
East Asia & Pacific (IDA & IBRD countries),TEA,1961,9146681913.08395
East Asia & Pacific (IDA & IBRD countries),TEA,1962,7888016723.82573
East Asia & Pacific (IDA & IBRD countries),TEA,1963,9076830637.43855
East Asia & Pacific (IDA & IBRD countries),TEA,1964,10028240784.3827
East Asia & Pacific (IDA & IBRD countries),TEA,1965,10988469906.732
East Asia & Pacific (IDA & IBRD countries),TEA,1966,12278307075.4483
East Asia & Pacific (IDA & IBRD countries),TEA,1967,10832951212.5594
East Asia & Pacific (IDA & IBRD countries),TEA,1968,11042281699.516
East Asia & Pacific (IDA & IBRD countries),TEA,1969,12855221594.7628
East Asia & Pacific (IDA & IBRD countries),TEA,1970,14223100054.8297
East Asia & Pacific (IDA & IBRD countries),TEA,1971,16256946409.2939
East Asia & Pacific (IDA & IBRD countries),TEA,1972,18850774008.2344
East Asia & Pacific (IDA & IBRD countries),TEA,1973,22740277717.6501
East Asia & Pacific (IDA & IBRD countries),TEA,1974,25344434750.993
East Asia & Pacific (IDA & IBRD countries),TEA,1975,28934451765.3663
East Asia & Pacific (IDA & IBRD countries),TEA,1976,30686339958.1565
East Asia & Pacific (IDA & IBRD countries),TEA,1977,35515460883.8538
East Asia & Pacific (IDA & IBRD countries),TEA,1978,34858256930.2911
East Asia & Pacific (IDA & IBRD countries),TEA,1979,41794409931.7815
East Asia & Pacific (IDA & IBRD countries),TEA,1980,47497035621.216
East Asia & Pacific (IDA & IBRD countries),TEA,1981,49979459818.8179
East Asia & Pacific (IDA & IBRD countries),TEA,1982,53492160115.0894
East Asia & Pacific (IDA & IBRD countries),TEA,1983,56764693378.2535
East Asia & Pacific (IDA & IBRD countries),TEA,1984,63934599440.4723
East Asia & Pacific (IDA & IBRD countries),TEA,1985,70114297999.3872
East Asia & Pacific (IDA & IBRD countries),TEA,1986,66867965395.7258
East Asia & Pacific (IDA & IBRD countries),TEA,1987,59778845691.3468
East Asia & Pacific (IDA & IBRD countries),TEA,1988,65077126218.4596
East Asia & Pacific (IDA & IBRD countries),TEA,1989,75381300496.0331
East Asia & Pacific (IDA & IBRD countries),TEA,1990,82189587046.615
East Asia & Pacific (IDA & IBRD countries),TEA,1991,89100405110.7403
East Asia & Pacific (IDA & IBRD countries),TEA,1992,102402537967.88
East Asia & Pacific (IDA & IBRD countries),TEA,1993,111317714479.387
East Asia & Pacific (IDA & IBRD countries),TEA,1994,132027837439.114
East Asia & Pacific (IDA & IBRD countries),TEA,1995,158637130041.645
East Asia & Pacific (IDA & IBRD countries),TEA,1996,181374567899.84
East Asia & Pacific (IDA & IBRD countries),TEA,1997,195291330995.936
East Asia & Pacific (IDA & IBRD countries),TEA,1998,198304960136.975
East Asia & Pacific (IDA & IBRD countries),TEA,1999,232411827769.721
East Asia & Pacific (IDA & IBRD countries),TEA,2000,259746004136.304
East Asia & Pacific (IDA & IBRD countries),TEA,2001,276872085711.48
East Asia & Pacific (IDA & IBRD countries),TEA,2002,301138939614.177
East Asia & Pacific (IDA & IBRD countries),TEA,2003,328325261654.901
East Asia & Pacific (IDA & IBRD countries),TEA,2004,368562730217.219
East Asia & Pacific (IDA & IBRD countries),TEA,2005,429928260068.645
East Asia & Pacific (IDA & IBRD countries),TEA,2006,520029669655.749
East Asia & Pacific (IDA & IBRD countries),TEA,2007,655883266085.013
East Asia & Pacific (IDA & IBRD countries),TEA,2008,829357644880.497
East Asia & Pacific (IDA & IBRD countries),TEA,2009,934765624260.261
East Asia & Pacific (IDA & IBRD countries),TEA,2010,1120334712931.86
East Asia & Pacific (IDA & IBRD countries),TEA,2011,1424972591776.84
East Asia & Pacific (IDA & IBRD countries),TEA,2012,1638728799392.81
East Asia & Pacific (IDA & IBRD countries),TEA,2013,1826812757203.82
East Asia & Pacific (IDA & IBRD countries),TEA,2014,1968526247325.66
East Asia & Pacific (IDA & IBRD countries),TEA,2015,2106453777303.73
East Asia & Pacific (IDA & IBRD countries),TEA,2016,2159784420396.05
East Asia & Pacific (IDA & IBRD countries),TEA,2017,2364060830685.04
East Asia & Pacific (IDA & IBRD countries),TEA,2018,2699327502985.67
East Asia & Pacific (IDA & IBRD countries),TEA,2019,2833245969893.59
East Asia & Pacific (IDA & IBRD countries),TEA,2020,2992565485513.9
East Asia & Pacific (IDA & IBRD countries),TEA,2021,3355190121781.45
East Asia & Pacific (IDA & IBRD countries),TEA,2022,3419857028673.02
East Asia & Pacific (IDA & IBRD countries),TEA,2023,3511997982699.88
East Asia & Pacific (IDA & IBRD countries),TEA,2024,3509630454903.56
East Asia & Pacific (excluding high income),EAP,1960,9454056315.41294
East Asia & Pacific (excluding high income),EAP,1961,9156839150.98231
East Asia & Pacific (excluding high income),EAP,1962,7896776234.99836
East Asia & Pacific (excluding high income),EAP,1963,9086910306.6589
East Asia & Pacific (excluding high income),EAP,1964,10039376978.7226
East Asia & Pacific (excluding high income),EAP,1965,11000672419.5167
East Asia & Pacific (excluding high income),EAP,1966,12291941930.9226
East Asia & Pacific (excluding high income),EAP,1967,10844981024.4248
East Asia & Pacific (excluding high income),EAP,1968,11054543969.4002
East Asia & Pacific (excluding high income),EAP,1969,12869497104.2005
East Asia & Pacific (excluding high income),EAP,1970,14238894570.5111
East Asia & Pacific (excluding high income),EAP,1971,16274999477.472
East Asia & Pacific (excluding high income),EAP,1972,18871707478.753
East Asia & Pacific (excluding high income),EAP,1973,22765530417.2463
East Asia & Pacific (excluding high income),EAP,1974,25372579323.5945
East Asia & Pacific (excluding high income),EAP,1975,28966582992.0595
East Asia & Pacific (excluding high income),EAP,1976,30720416627.5046
East Asia & Pacific (excluding high income),EAP,1977,35554900211.5461
East Asia & Pacific (excluding high income),EAP,1978,34896966443.9407
East Asia & Pacific (excluding high income),EAP,1979,41840821927.7963
East Asia & Pacific (excluding high income),EAP,1980,47549780288.0642
East Asia & Pacific (excluding high income),EAP,1981,50034961176.3851
East Asia & Pacific (excluding high income),EAP,1982,53551562267.8207
East Asia & Pacific (excluding high income),EAP,1983,56827729624.6595
East Asia & Pacific (excluding high income),EAP,1984,64005597748.1236
East Asia & Pacific (excluding high income),EAP,1985,70192158759.3462
East Asia & Pacific (excluding high income),EAP,1986,66942221157.4061
East Asia & Pacific (excluding high income),EAP,1987,59845229103.6865
East Asia & Pacific (excluding high income),EAP,1988,65149393283.0655
East Asia & Pacific (excluding high income),EAP,1989,75465010174.5266
East Asia & Pacific (excluding high income),EAP,1990,82280857213.9099
East Asia & Pacific (excluding high income),EAP,1991,89199349626.3744
East Asia & Pacific (excluding high income),EAP,1992,102516254280.464
East Asia & Pacific (excluding high income),EAP,1993,111441330946.977
East Asia & Pacific (excluding high income),EAP,1994,132174452153.26
East Asia & Pacific (excluding high income),EAP,1995,158813293931.967
East Asia & Pacific (excluding high income),EAP,1996,181575981336.141
East Asia & Pacific (excluding high income),EAP,1997,195508198765.829
East Asia & Pacific (excluding high income),EAP,1998,198525174491.828
East Asia & Pacific (excluding high income),EAP,1999,232669917232.925
East Asia & Pacific (excluding high income),EAP,2000,260034447747.029
East Asia & Pacific (excluding high income),EAP,2001,277179547550.506
East Asia & Pacific (excluding high income),EAP,2002,301473349390.223
East Asia & Pacific (excluding high income),EAP,2003,328689861388.702
East Asia & Pacific (excluding high income),EAP,2004,368972012989.58
East Asia & Pacific (excluding high income),EAP,2005,430405688239.674
East Asia & Pacific (excluding high income),EAP,2006,520613339253.349
East Asia & Pacific (excluding high income),EAP,2007,656635496834.389
East Asia & Pacific (excluding high income),EAP,2008,830321840974.269
East Asia & Pacific (excluding high income),EAP,2009,935860253917.222
East Asia & Pacific (excluding high income),EAP,2010,1121661271027.44
East Asia & Pacific (excluding high income),EAP,2011,1426678033712.77
East Asia & Pacific (excluding high income),EAP,2012,1640699614711.42
East Asia & Pacific (excluding high income),EAP,2013,1829014525440.74
East Asia & Pacific (excluding high income),EAP,2014,1970900980357.26
East Asia & Pacific (excluding high income),EAP,2015,2108997579892.62
East Asia & Pacific (excluding high income),EAP,2016,2162388490623.57
East Asia & Pacific (excluding high income),EAP,2017,2366918239686.51
East Asia & Pacific (excluding high income),EAP,2018,2702596998112.38
East Asia & Pacific (excluding high income),EAP,2019,2836679982592.51
East Asia & Pacific (excluding high income),EAP,2020,2996184337222.78
East Asia & Pacific (excluding high income),EAP,2021,3359262793432.44
East Asia & Pacific (excluding high income),EAP,2022,3424012491452.54
East Asia & Pacific (excluding high income),EAP,2023,3516257536731.91
East Asia & Pacific (excluding high income),EAP,2024,3513880814199.42
Ecuador,ECU,1960,183549797.462944
Ecuador,ECU,1961,166744279.528981
Ecuador,ECU,1962,140968854.081105
Ecuador,ECU,1963,161370227.338895
Ecuador,ECU,1964,206715132.548491
Ecuador,ECU,1965,225184863.54964
Ecuador,ECU,1966,222321491.994665
Ecuador,ECU,1967,191061518.467346
Ecuador,ECU,1968,185851022.639844
Ecuador,ECU,1969,256317776.214807
Ecuador,ECU,1970,277471909.044432
Ecuador,ECU,1971,234453303.1322
Ecuador,ECU,1972,293978815.852794
Ecuador,ECU,1973,420577456.601712
Ecuador,ECU,1974,1058378963.52353
Ecuador,ECU,1975,1618927466.25634
Ecuador,ECU,1976,1835741320.09232
Ecuador,ECU,1977,2305916534.0198
Ecuador,ECU,1978,2358175566.09616
Ecuador,ECU,1979,2670200025.81236
Ecuador,ECU,1980,3270804715.4587
Ecuador,ECU,1981,3461991293.82974
Ecuador,ECU,1982,3454639772.451
Ecuador,ECU,1983,2639341244.45609
Ecuador,ECU,1984,2739671302.55392
Ecuador,ECU,1985,2531546610.82659
Ecuador,ECU,1986,2391193381.6298
Ecuador,ECU,1987,2130987743.12896
Ecuador,ECU,1988,2124252516.95562
Ecuador,ECU,1989,1900391287.42668
Ecuador,ECU,1990,1874731996.62638
Ecuador,ECU,1991,1926260130.06503
Ecuador,ECU,1992,1798357178.58929
Ecuador,ECU,1993,2008252126.06303
Ecuador,ECU,1994,2488142071.03552
Ecuador,ECU,1995,2739829914.95748
Ecuador,ECU,1996,2743479739.86994
Ecuador,ECU,1997,3173669834.91746
Ecuador,ECU,1998,3104031015.50775
Ecuador,ECU,1999,2311763881.94097
Ecuador,ECU,2000,1670970485.24262
Ecuador,ECU,2001,2264585000.0
Ecuador,ECU,2002,2774380000.0
Ecuador,ECU,2003,3435050000.0
Ecuador,ECU,2004,3957495000.0
Ecuador,ECU,2005,4445762000.0
Ecuador,ECU,2006,4970060000.0
Ecuador,ECU,2007,5574209000.0
Ecuador,ECU,2008,7340281000.0
Ecuador,ECU,2009,8652569000.0
Ecuador,ECU,2010,9307138000.0
Ecuador,ECU,2011,10318679000.0
Ecuador,ECU,2012,12060890000.0
Ecuador,ECU,2013,13759435000.0
Ecuador,ECU,2014,15140240000.0
Ecuador,ECU,2015,14944817000.0
Ecuador,ECU,2016,15324360000.0
Ecuador,ECU,2017,15980950000.0
Ecuador,ECU,2018,16720244000.0
Ecuador,ECU,2019,16337434000.0
Ecuador,ECU,2020,15647726000.0
Ecuador,ECU,2021,15480291000.0
Ecuador,ECU,2022,15719494000.0
Ecuador,ECU,2023,16456156000.0
Ecuador,ECU,2024,16569731000.0
"Egypt, Arab Rep.",EGY,1960,655004278.633824
"Egypt, Arab Rep.",EGY,1961,734833822.456797
"Egypt, Arab Rep.",EGY,1962,610894239.398352
"Egypt, Arab Rep.",EGY,1963,731859341.326593
"Egypt, Arab Rep.",EGY,1964,924139168.274749
"Egypt, Arab Rep.",EGY,1965,942114460.463084
"Egypt, Arab Rep.",EGY,1966,1040146773.14915
"Egypt, Arab Rep.",EGY,1967,1080053073.86112
"Egypt, Arab Rep.",EGY,1968,1314018691.58879
"Egypt, Arab Rep.",EGY,1969,1560774818.40194
"Egypt, Arab Rep.",EGY,1970,1793268023.10977
"Egypt, Arab Rep.",EGY,1971,2094873756.69472
"Egypt, Arab Rep.",EGY,1972,2394260599.79317
"Egypt, Arab Rep.",EGY,1973,2462102071.75341
"Egypt, Arab Rep.",EGY,1974,2321421151.04924
"Egypt, Arab Rep.",EGY,1975,2946295484.43665
"Egypt, Arab Rep.",EGY,1976,3120953326.71301
"Egypt, Arab Rep.",EGY,1977,2976319943.8695
"Egypt, Arab Rep.",EGY,1978,2790479078.22923
"Egypt, Arab Rep.",EGY,1979,2920142857.14286
"Egypt, Arab Rep.",EGY,1980,3395569575.0
"Egypt, Arab Rep.",EGY,1981,3838243243.24324
"Egypt, Arab Rep.",EGY,1982,4413916256.15763
"Egypt, Arab Rep.",EGY,1983,4889406286.37951
"Egypt, Arab Rep.",EGY,1984,5267684368.95291
"Egypt, Arab Rep.",EGY,1985,5967961470.00314
"Egypt, Arab Rep.",EGY,1986,6080449017.77362
"Egypt, Arab Rep.",EGY,1987,5813040062.84368
"Egypt, Arab Rep.",EGY,1988,4883589153.88984
"Egypt, Arab Rep.",EGY,1989,5008260894.25857
"Egypt, Arab Rep.",EGY,1990,4890085240.01795
"Egypt, Arab Rep.",EGY,1991,4154204054.50316
"Egypt, Arab Rep.",EGY,1992,4363133030.42157
"Egypt, Arab Rep.",EGY,1993,4801920768.30732
"Egypt, Arab Rep.",EGY,1994,5338078291.81495
"Egypt, Arab Rep.",EGY,1995,6340312592.15571
"Egypt, Arab Rep.",EGY,1996,7016509433.96226
"Egypt, Arab Rep.",EGY,1997,8879056047.19764
"Egypt, Arab Rep.",EGY,1998,9592680047.2255
"Egypt, Arab Rep.",EGY,1999,10527867885.5795
"Egypt, Arab Rep.",EGY,2000,11184500220.1673
"Egypt, Arab Rep.",EGY,2001,10943396226.4151
"Egypt, Arab Rep.",EGY,2002,10719101123.5955
"Egypt, Arab Rep.",EGY,2003,10173076923.0769
"Egypt, Arab Rep.",EGY,2004,10048701298.7013
"Egypt, Arab Rep.",EGY,2005,11421911421.9114
"Egypt, Arab Rep.",EGY,2006,13200000000.0
"Egypt, Arab Rep.",EGY,2007,14781085814.3608
"Egypt, Arab Rep.",EGY,2008,17727272727.2727
"Egypt, Arab Rep.",EGY,2009,21470054446.461
"Egypt, Arab Rep.",EGY,2010,24446460980.0363
"Egypt, Arab Rep.",EGY,2011,27022375215.1463
"Egypt, Arab Rep.",EGY,2012,31200000000.0
"Egypt, Arab Rep.",EGY,2013,32744186046.5116
"Egypt, Arab Rep.",EGY,2014,36212338593.9742
"Egypt, Arab Rep.",EGY,2015,38733153638.814
"Egypt, Arab Rep.",EGY,2016,37987730061.3497
"Egypt, Arab Rep.",EGY,2017,23790760869.5652
"Egypt, Arab Rep.",EGY,2018,20855374226.224
"Egypt, Arab Rep.",EGY,2019,23217539863.3257
"Egypt, Arab Rep.",EGY,2020,28939488459.1391
"Egypt, Arab Rep.",EGY,2021,32096876991.7145
"Egypt, Arab Rep.",EGY,2022,34650455927.0517
"Egypt, Arab Rep.",EGY,2023,26877467772.5522
"Egypt, Arab Rep.",EGY,2024,24395300951.348
El Salvador,SLV,1965,76040000.0
El Salvador,SLV,1966,81000000.0
El Salvador,SLV,1967,89320000.0
El Salvador,SLV,1968,95080000.0
El Salvador,SLV,1969,109640000.0
El Salvador,SLV,1970,121480000.0
El Salvador,SLV,1971,120600000.0
El Salvador,SLV,1972,134840000.0
El Salvador,SLV,1973,151080000.0
El Salvador,SLV,1974,181120000.0
El Salvador,SLV,1975,210880000.0
El Salvador,SLV,1976,279880000.0
El Salvador,SLV,1977,330320000.0
El Salvador,SLV,1978,394040000.0
El Salvador,SLV,1979,455920000.0
El Salvador,SLV,1980,499960000.0
El Salvador,SLV,1981,544080000.0
El Salvador,SLV,1982,536332000.0
El Salvador,SLV,1983,555035500.0
El Salvador,SLV,1984,587194800.0
El Salvador,SLV,1985,588696900.0
El Salvador,SLV,1986,534863200.0
El Salvador,SLV,1987,544061300.0
El Salvador,SLV,1988,533441800.0
El Salvador,SLV,1989,533153800.0
El Salvador,SLV,1990,476010767.0
El Salvador,SLV,1991,534498500.0
El Salvador,SLV,1992,571447900.0
El Salvador,SLV,1993,618925000.0
El Salvador,SLV,1994,711544700.0
El Salvador,SLV,1995,871680700.0
El Salvador,SLV,1996,1047553800.0
El Salvador,SLV,1997,1112449500.0
El Salvador,SLV,1998,1293488500.0
El Salvador,SLV,1999,1411813500.0
El Salvador,SLV,2000,1542145200.0
El Salvador,SLV,2001,1695807500.0
El Salvador,SLV,2002,1774974200.0
El Salvador,SLV,2003,1828674800.0
El Salvador,SLV,2004,1889985700.0
El Salvador,SLV,2005,2056960000.0
El Salvador,SLV,2006,2293480000.0
El Salvador,SLV,2007,2440200000.0
El Salvador,SLV,2008,2646000000.0
El Salvador,SLV,2009,2834160000.0
El Salvador,SLV,2010,2898460000.0
El Salvador,SLV,2011,3195890000.0
El Salvador,SLV,2012,3369910000.0
El Salvador,SLV,2013,3585820000.0
El Salvador,SLV,2014,3604600000.0
El Salvador,SLV,2015,3866710000.0
El Salvador,SLV,2016,3947180000.0
El Salvador,SLV,2017,4029920000.0
El Salvador,SLV,2018,4191870000.0
El Salvador,SLV,2019,4309590000.0
El Salvador,SLV,2020,4908690000.0
El Salvador,SLV,2021,5618910000.0
El Salvador,SLV,2022,5995070000.0
El Salvador,SLV,2023,6453800000.0
El Salvador,SLV,2024,6780140000.0
Equatorial Guinea,GNQ,2005,224832553.854916
Equatorial Guinea,GNQ,2006,733517425.554624
Equatorial Guinea,GNQ,2007,1001085407.96066
Equatorial Guinea,GNQ,2008,1314082258.51726
Equatorial Guinea,GNQ,2009,1673248461.46532
Equatorial Guinea,GNQ,2010,1906543936.43716
Equatorial Guinea,GNQ,2011,2516119802.96787
Equatorial Guinea,GNQ,2012,2592983186.11804
Equatorial Guinea,GNQ,2013,3392859436.55628
Equatorial Guinea,GNQ,2014,3475156510.5879
Equatorial Guinea,GNQ,2015,2890460398.1635
Equatorial Guinea,GNQ,2016,2846996311.36637
Equatorial Guinea,GNQ,2017,2890998856.03672
Equatorial Guinea,GNQ,2018,3081443720.35945
Equatorial Guinea,GNQ,2019,2893384767.28718
Equatorial Guinea,GNQ,2020,2813299812.59708
Equatorial Guinea,GNQ,2021,3113681673.24558
Equatorial Guinea,GNQ,2022,3033464645.0653
Equatorial Guinea,GNQ,2023,3232855578.43925
Equatorial Guinea,GNQ,2024,3618229046.61166
Eritrea,ERI,1992,103855300.765824
Eritrea,ERI,1993,145854050.332747
Eritrea,ERI,1994,160422077.922078
Eritrea,ERI,1995,253828125.0
Eritrea,ERI,1996,268629949.5021
Eritrea,ERI,1997,205419519.715552
Eritrea,ERI,1998,390150408.928094
Eritrea,ERI,1999,428048594.85273
Eritrea,ERI,2000,387068374.025974
Eritrea,ERI,2001,320884044.602692
Eritrea,ERI,2002,289224673.335247
Eritrea,ERI,2003,405545158.122369
Eritrea,ERI,2004,406035249.320036
Eritrea,ERI,2005,387019529.061746
Eritrea,ERI,2006,313931707.317073
Eritrea,ERI,2007,337858081.300813
Eritrea,ERI,2008,363829398.373984
Eritrea,ERI,2009,373413671.544715
Eritrea,ERI,2010,505565515.447154
Eritrea,ERI,2011,549641365.853659
Estonia,EST,1993,826295316.221223
Estonia,EST,1994,959244013.457352
Estonia,EST,1995,1106445318.64673
Estonia,EST,1996,1082417739.62804
Estonia,EST,1997,1051824842.20018
Estonia,EST,1998,1174398709.53387
Estonia,EST,1999,1262292376.49063
Estonia,EST,2000,1112407629.22694
Estonia,EST,2001,1165227822.03921
Estonia,EST,2002,1339244607.70462
Estonia,EST,2003,1762203026.19693
Estonia,EST,2004,2110304347.82609
Estonia,EST,2005,2377754010.69519
Estonia,EST,2006,2695570191.9458
Estonia,EST,2007,3569403230.22174
Estonia,EST,2008,4487977149.55324
Estonia,EST,2009,4031501806.05724
Estonia,EST,2010,3819286510.55841
Estonia,EST,2011,4263448975.22374
Estonia,EST,2012,4188369957.075
Estonia,EST,2013,4682779519.63766
Estonia,EST,2014,4988802087.2643
Estonia,EST,2015,4481298155.95078
Estonia,EST,2016,4748234686.31791
Estonia,EST,2017,5184855897.44354
Estonia,EST,2018,5858255931.83294
Estonia,EST,2019,6082127401.25489
Estonia,EST,2020,6526023133.19068
Estonia,EST,2021,7372339692.59678
Estonia,EST,2022,7403241522.36968
Estonia,EST,2023,8523998490.11192
Eswatini,SWZ,2013,841443653.977771
Eswatini,SWZ,2014,845796807.712324
Eswatini,SWZ,2015,888115963.063791
Eswatini,SWZ,2016,915705547.889744
Eswatini,SWZ,2017,1095036303.20945
Eswatini,SWZ,2018,1100849495.09445
Eswatini,SWZ,2019,1003156501.93896
Eswatini,SWZ,2020,1043374917.7912
Eswatini,SWZ,2021,1055358757.96119
Eswatini,SWZ,2022,948701944.58805
Eswatini,SWZ,2023,897314414.451127
Eswatini,SWZ,2024,1045189974.03984
Ethiopia,ETH,2011,3296964720.84367
Ethiopia,ETH,2012,3595737826.71689
Ethiopia,ETH,2013,4267128869.54204
Ethiopia,ETH,2014,5143904126.82436
Ethiopia,ETH,2015,5597870813.39713
Ethiopia,ETH,2016,7568391681.22271
Ethiopia,ETH,2017,11831498304.1667
Ethiopia,ETH,2018,8542149859.84848
Ethiopia,ETH,2019,8452828808.87372
Ethiopia,ETH,2020,9008674894.73684
Ethiopia,ETH,2021,9637319095.47739
Ethiopia,ETH,2022,9065262656.0
Ethiopia,ETH,2023,8584215258.56698
Ethiopia,ETH,2024,8259212198.22109
Euro area,EMU,1970,101516956529.892
Euro area,EMU,1971,121119134031.425
Euro area,EMU,1972,148570921934.458
Euro area,EMU,1973,194675641177.889
Euro area,EMU,1974,228216275968.733
Euro area,EMU,1975,282323954321.625
Euro area,EMU,1976,293616740039.018
Euro area,EMU,1977,338025069982.659
Euro area,EMU,1978,421356113934.717
Euro area,EMU,1979,509651636118.231
Euro area,EMU,1980,581064635354.678
Euro area,EMU,1981,522942042109.047
Euro area,EMU,1982,507098890741.01
Euro area,EMU,1983,496573483845.529
Euro area,EMU,1984,471562702851.418
Euro area,EMU,1985,486150708713.912
Euro area,EMU,1986,675824029333.31
Euro area,EMU,1987,845865305513.672
Euro area,EMU,1988,915855689121.376
Euro area,EMU,1989,910740146935.571
Euro area,EMU,1990,1150834849440.72
Euro area,EMU,1991,1203788208872.15
Euro area,EMU,1992,1353470038224.49
Euro area,EMU,1993,1262965350533.59
Euro area,EMU,1994,1316136494845.38
Euro area,EMU,1995,1508120142369.14
Euro area,EMU,1996,1531713456354.73
Euro area,EMU,1997,1382696989975.38
Euro area,EMU,1998,1400158426601.65
Euro area,EMU,1999,1395416190098.79
Euro area,EMU,2000,1264112360585.39
Euro area,EMU,2001,1289009551510.14
Euro area,EMU,2002,1433118060800.77
Euro area,EMU,2003,1789076477138.89
Euro area,EMU,2004,2037674245054.4
Euro area,EMU,2005,2121872343394.77
Euro area,EMU,2006,2235673751862.03
Euro area,EMU,2007,2538167704220.77
Euro area,EMU,2008,2863639302415.27
Euro area,EMU,2009,2833863291578.06
Euro area,EMU,2010,2736574287262.62
Euro area,EMU,2011,2899899300787.76
Euro area,EMU,2012,2690114641818.99
Euro area,EMU,2013,2819272072671.3
Euro area,EMU,2014,2868017773287.38
Euro area,EMU,2015,2439436912096.43
Euro area,EMU,2016,2492853378071.15
Euro area,EMU,2017,2613168849217.04
Euro area,EMU,2018,2812099126227.63
Euro area,EMU,2019,2763775588405.62
Euro area,EMU,2020,2946915678572.27
Euro area,EMU,2021,3237603115077.15
Euro area,EMU,2022,3054906639567.07
Euro area,EMU,2023,3285598878472.13
Europe & Central Asia,ECS,1970,162027524477.234
Europe & Central Asia,ECS,1971,191544976025.864
Europe & Central Asia,ECS,1972,232734051153.014
Europe & Central Asia,ECS,1973,297148132670.999
Europe & Central Asia,ECS,1974,349103901514.124
Europe & Central Asia,ECS,1975,436667259175.372
Europe & Central Asia,ECS,1976,452636546942.025
Europe & Central Asia,ECS,1977,515408251890.3
Europe & Central Asia,ECS,1978,638109403588.861
Europe & Central Asia,ECS,1979,775756313801.799
Europe & Central Asia,ECS,1980,902880903281.546
Europe & Central Asia,ECS,1981,826314401425.028
Europe & Central Asia,ECS,1982,795923044945.402
Europe & Central Asia,ECS,1983,771236094794.95
Europe & Central Asia,ECS,1984,730689377847.771
Europe & Central Asia,ECS,1985,752355174631.371
Europe & Central Asia,ECS,1986,1020852332028.66
Europe & Central Asia,ECS,1987,1267748098404.4
Europe & Central Asia,ECS,1988,1386905872428.9
Europe & Central Asia,ECS,1989,1393304621557.27
Europe & Central Asia,ECS,1990,1719832148384.99
Europe & Central Asia,ECS,1991,1776552396357.6
Europe & Central Asia,ECS,1992,1934269640181.33
Europe & Central Asia,ECS,1993,1812930140020.88
Europe & Central Asia,ECS,1994,1866321853405.54
Europe & Central Asia,ECS,1995,2110995033142.67
Europe & Central Asia,ECS,1996,2155120658154.01
Europe & Central Asia,ECS,1997,2016474831461.45
Europe & Central Asia,ECS,1998,2020492729332.61
Europe & Central Asia,ECS,1999,2007131584988.86
Europe & Central Asia,ECS,2000,1867695897708.47
Europe & Central Asia,ECS,2001,1915566220284.23
Europe & Central Asia,ECS,2002,2152092279162.97
Europe & Central Asia,ECS,2003,2662971940497.4
Europe & Central Asia,ECS,2004,3077399579010.0
Europe & Central Asia,ECS,2005,3269199621128.87
Europe & Central Asia,ECS,2006,3515136856309.39
Europe & Central Asia,ECS,2007,4052577314725.24
Europe & Central Asia,ECS,2008,4554077693597.62
Europe & Central Asia,ECS,2009,4357521078656.88
Europe & Central Asia,ECS,2010,4340695084232.45
Europe & Central Asia,ECS,2011,4673483187085.17
Europe & Central Asia,ECS,2012,4499781859336.62
Europe & Central Asia,ECS,2013,4708260366758.28
Europe & Central Asia,ECS,2014,4746682736494.43
Europe & Central Asia,ECS,2015,4028767277533.29
Europe & Central Asia,ECS,2016,4034359410743.48
Europe & Central Asia,ECS,2017,4228443401696.91
Europe & Central Asia,ECS,2018,4510889016083.52
Europe & Central Asia,ECS,2019,4496760317428.35
Europe & Central Asia,ECS,2020,4772755758212.28
Europe & Central Asia,ECS,2021,5267898713814.63
Europe & Central Asia,ECS,2022,5103930723459.23
Europe & Central Asia,ECS,2023,5499603725066.88
Europe & Central Asia (IDA & IBRD countries),TEC,1989,206144118843.868
Europe & Central Asia (IDA & IBRD countries),TEC,1990,223738963356.636
Europe & Central Asia (IDA & IBRD countries),TEC,1991,189849039739.006
Europe & Central Asia (IDA & IBRD countries),TEC,1992,154461858078.744
Europe & Central Asia (IDA & IBRD countries),TEC,1993,183746479752.513
Europe & Central Asia (IDA & IBRD countries),TEC,1994,155197427687.221
Europe & Central Asia (IDA & IBRD countries),TEC,1995,165767231692.158
Europe & Central Asia (IDA & IBRD countries),TEC,1996,170777048030.226
Europe & Central Asia (IDA & IBRD countries),TEC,1997,186420868130.021
Europe & Central Asia (IDA & IBRD countries),TEC,1998,154475800848.262
Europe & Central Asia (IDA & IBRD countries),TEC,1999,130009351418.395
Europe & Central Asia (IDA & IBRD countries),TEC,2000,137015667128.0
Europe & Central Asia (IDA & IBRD countries),TEC,2001,149956491294.328
Europe & Central Asia (IDA & IBRD countries),TEC,2002,172212274079.949
Europe & Central Asia (IDA & IBRD countries),TEC,2003,211517323575.471
Europe & Central Asia (IDA & IBRD countries),TEC,2004,261450968185.21
Europe & Central Asia (IDA & IBRD countries),TEC,2005,325763647167.376
Europe & Central Asia (IDA & IBRD countries),TEC,2006,402008095200.121
Europe & Central Asia (IDA & IBRD countries),TEC,2007,518324510838.815
Europe & Central Asia (IDA & IBRD countries),TEC,2008,654725502793.898
Europe & Central Asia (IDA & IBRD countries),TEC,2009,574923611509.763
Europe & Central Asia (IDA & IBRD countries),TEC,2010,629641957690.716
Europe & Central Asia (IDA & IBRD countries),TEC,2011,725607496513.342
Europe & Central Asia (IDA & IBRD countries),TEC,2012,771836752455.017
Europe & Central Asia (IDA & IBRD countries),TEC,2013,827772170235.255
Europe & Central Asia (IDA & IBRD countries),TEC,2014,767768264958.006
Europe & Central Asia (IDA & IBRD countries),TEC,2015,580993343097.15
Europe & Central Asia (IDA & IBRD countries),TEC,2016,579386186052.531
Europe & Central Asia (IDA & IBRD countries),TEC,2017,647594518840.281
Europe & Central Asia (IDA & IBRD countries),TEC,2018,671894236752.432
Europe & Central Asia (IDA & IBRD countries),TEC,2019,705167323945.205
Europe & Central Asia (IDA & IBRD countries),TEC,2020,712132263629.358
Europe & Central Asia (IDA & IBRD countries),TEC,2021,762072219822.011
Europe & Central Asia (IDA & IBRD countries),TEC,2022,870890053386.933
Europe & Central Asia (IDA & IBRD countries),TEC,2023,963027815157.429
Europe & Central Asia (IDA & IBRD countries),TEC,2024,1101784306260.74
Europe & Central Asia (excluding high income),ECA,1989,46972656893.8358
Europe & Central Asia (excluding high income),ECA,1990,57022006784.1762
Europe & Central Asia (excluding high income),ECA,1991,58997914331.6939
Europe & Central Asia (excluding high income),ECA,1992,55629859407.6826
Europe & Central Asia (excluding high income),ECA,1993,54292405589.3547
Europe & Central Asia (excluding high income),ECA,1994,42258595785.191
Europe & Central Asia (excluding high income),ECA,1995,49531876781.6345
Europe & Central Asia (excluding high income),ECA,1996,52587246861.4667
Europe & Central Asia (excluding high income),ECA,1997,60492195108.6897
Europe & Central Asia (excluding high income),ECA,1998,58876672934.2326
Europe & Central Asia (excluding high income),ECA,1999,56682134665.8843
Europe & Central Asia (excluding high income),ECA,2000,52773045414.9156
Europe & Central Asia (excluding high income),ECA,2001,50049909366.0876
Europe & Central Asia (excluding high income),ECA,2002,57717748115.1199
Europe & Central Asia (excluding high income),ECA,2003,72688781173.4395
Europe & Central Asia (excluding high income),ECA,2004,89967562259.0853
Europe & Central Asia (excluding high income),ECA,2005,110381964272.812
Europe & Central Asia (excluding high income),ECA,2006,130400991602.691
Europe & Central Asia (excluding high income),ECA,2007,168908782739.618
Europe & Central Asia (excluding high income),ECA,2008,201379973056.273
Europe & Central Asia (excluding high income),ECA,2009,187641238306.95
Europe & Central Asia (excluding high income),ECA,2010,205485612649.216
Europe & Central Asia (excluding high income),ECA,2011,220070549562.863
Europe & Central Asia (excluding high income),ECA,2012,239049736833.448
Europe & Central Asia (excluding high income),ECA,2013,254505549362.451
Europe & Central Asia (excluding high income),ECA,2014,245980122537.623
Europe & Central Asia (excluding high income),ECA,2015,208391764959.779
Europe & Central Asia (excluding high income),ECA,2016,210937905647.446
Europe & Central Asia (excluding high income),ECA,2017,213555046040.956
Europe & Central Asia (excluding high income),ECA,2018,209762904706.701
Europe & Central Asia (excluding high income),ECA,2019,222544461396.791
Europe & Central Asia (excluding high income),ECA,2020,224462553024.278
Europe & Central Asia (excluding high income),ECA,2021,236223919099.36
Europe & Central Asia (excluding high income),ECA,2022,272393303364.033
Europe & Central Asia (excluding high income),ECA,2023,340503015571.6
Europe & Central Asia (excluding high income),ECA,2024,392811538681.266
European Union,EUU,1970,117221516763.263
European Union,EUU,1971,139454026530.047
European Union,EUU,1972,170696869607.908
European Union,EUU,1973,222492225875.253
European Union,EUU,1974,260529721500.07
European Union,EUU,1975,323026664972.729
European Union,EUU,1976,338048063394.784
European Union,EUU,1977,389009312009.925
European Union,EUU,1978,481729792027.778
European Union,EUU,1979,581958062169.754
European Union,EUU,1980,663319403475.744
European Union,EUU,1981,598469433406.696
European Union,EUU,1982,577325406007.651
European Union,EUU,1983,562352949370.116
European Union,EUU,1984,535165720732.742
European Union,EUU,1985,551974231221.313
European Union,EUU,1986,763405828067.491
European Union,EUU,1987,953811818220.78
European Union,EUU,1988,1031813425156.56
European Union,EUU,1989,1028613627609.49
European Union,EUU,1990,1296721039190.88
European Union,EUU,1991,1351453580126.94
European Union,EUU,1992,1514108258971.43
European Union,EUU,1993,1404972238379.45
European Union,EUU,1994,1465118355507.43
European Union,EUU,1995,1677878234934.64
European Union,EUU,1996,1711187359647.17
European Union,EUU,1997,1548830178475.17
European Union,EUU,1998,1573098697738.35
European Union,EUU,1999,1570852072228.91
European Union,EUU,2000,1429874719821.26
European Union,EUU,2001,1458308773120.5
European Union,EUU,2002,1624513120228.71
European Union,EUU,2003,2025932705530.23
European Union,EUU,2004,2307219808939.47
European Union,EUU,2005,2414764472444.77
European Union,EUU,2006,2554496793386.43
European Union,EUU,2007,2912373336374.61
European Union,EUU,2008,3302171856981.9
European Union,EUU,2009,3228060162380.46
European Union,EUU,2010,3145487792453.33
European Union,EUU,2011,3339748923924.93
European Union,EUU,2012,3108264159621.57
European Union,EUU,2013,3262504875639.31
European Union,EUU,2014,3316314068038.78
European Union,EUU,2015,2825593827681.11
European Union,EUU,2016,2890679628095.65
European Union,EUU,2017,3039966644081.71
European Union,EUU,2018,3278656966283.81
European Union,EUU,2019,3230095599808.82
European Union,EUU,2020,3441513522661.84
European Union,EUU,2021,3791928792041.99
European Union,EUU,2022,3575888647961.2
European Union,EUU,2023,3872129421896.21
Faroe Islands,FRO,1998,278025384.030956
Faroe Islands,FRO,1999,292034104.331273
Faroe Islands,FRO,2000,273470322.933749
Faroe Islands,FRO,2001,296137713.949496
Faroe Islands,FRO,2002,339467648.859731
Faroe Islands,FRO,2003,434721031.235157
Faroe Islands,FRO,2004,506989000.438487
Faroe Islands,FRO,2005,532724353.041817
Faroe Islands,FRO,2006,558352775.233917
Faroe Islands,FRO,2007,660708587.778792
Faroe Islands,FRO,2008,781462853.739929
Faroe Islands,FRO,2009,768662979.327784
Faroe Islands,FRO,2010,766757200.072901
Faroe Islands,FRO,2011,816769459.788493
Faroe Islands,FRO,2012,770672161.611028
Faroe Islands,FRO,2013,817796447.205925
Faroe Islands,FRO,2014,841056170.12982
Faroe Islands,FRO,2015,727328721.993333
Faroe Islands,FRO,2016,778092605.780575
Faroe Islands,FRO,2017,821488399.100213
Faroe Islands,FRO,2018,905723686.575548
Faroe Islands,FRO,2019,901843886.007341
Faroe Islands,FRO,2020,967005963.78684
Faroe Islands,FRO,2021,1053838210.4884
Faroe Islands,FRO,2022,974173552.793787
Faroe Islands,FRO,2023,1063529217.51689
Faroe Islands,FRO,2024,1129207481.96409
Finland,FIN,1970,1622141845.97961
Finland,FIN,1971,1875737425.40494
Finland,FIN,1972,2226118439.9197
Finland,FIN,1973,2883270577.25222
Finland,FIN,1974,3736588939.65653
Finland,FIN,1975,4985248100.85664
Finland,FIN,1976,5699006000.92322
Finland,FIN,1977,6156116275.63819
Finland,FIN,1978,6548544404.33213
Finland,FIN,1979,7824744313.84521
Finland,FIN,1980,9499521836.14919
Finland,FIN,1981,9621107743.17994
Finland,FIN,1982,9745898606.14284
Finland,FIN,1983,9577284372.33134
Finland,FIN,1984,10020775623.2687
Finland,FIN,1985,11010168841.1358
Finland,FIN,1986,14655172413.7931
Finland,FIN,1987,18606790206.9525
Finland,FIN,1988,21384506041.2225
Finland,FIN,1989,23107939587.086
Finland,FIN,1990,29517959881.8224
Finland,FIN,1991,30555800617.5562
Finland,FIN,1992,27312184762.4104
Finland,FIN,1993,20787967107.3176
Finland,FIN,1994,23134889015.3671
Finland,FIN,1995,29380446623.0937
Finland,FIN,1996,29279057727.1551
Finland,FIN,1997,27047302714.4657
Finland,FIN,1998,27577881619.9377
Finland,FIN,1999,27404309804.2472
Finland,FIN,2000,24872885945.0981
Finland,FIN,2001,25810251725.1969
Finland,FIN,2002,28961977638.0393
Finland,FIN,2003,36212968794.5097
Finland,FIN,2004,41834922711.9692
Finland,FIN,2005,43869111184.4358
Finland,FIN,2006,46285139431.7646
Finland,FIN,2007,53241701345.4904
Finland,FIN,2008,61614358852.3437
Finland,FIN,2009,61010572697.6562
Finland,FIN,2010,59079237533.3335
Finland,FIN,2011,64384890223.7355
Finland,FIN,2012,62240302420.3125
Finland,FIN,2013,66582541660.0002
Finland,FIN,2014,67361632268.6272
Finland,FIN,2015,57189841947.2656
Finland,FIN,2016,56993334377.0429
Finland,FIN,2017,58255398908.2354
Finland,FIN,2018,63140913821.1764
Finland,FIN,2019,62264052760.7842
Finland,FIN,2020,65935554781.3231
Finland,FIN,2021,72953787806.2004
Finland,FIN,2022,67678382924.1248
Finland,FIN,2023,75583920864.7072
France,FRA,1960,9183552631.46641
France,FRA,1961,10205276007.2763
France,FRA,1962,11673422080.4491
France,FRA,1963,13400652754.77
France,FRA,1964,14888728412.6465
France,FRA,1965,16108418996.5131
France,FRA,1966,17539363178.239
France,FRA,1967,19217434210.2908
France,FRA,1968,21522622841.0192
France,FRA,1969,23764590235.7124
France,FRA,1970,25234439588.9926
France,FRA,1971,28812596187.9957
France,FRA,1972,35414824447.3342
France,FRA,1973,46540954625.8103
France,FRA,1974,51477086743.0442
France,FRA,1975,70642496558.0542
France,FRA,1976,74008467631.7946
France,FRA,1977,82722653115.8064
France,FRA,1978,104117732558.14
France,FRA,1979,125610545790.934
France,FRA,1980,147593914933.251
France,FRA,1981,133901025950.513
France,FRA,1982,129851282563.13
France,FRA,1983,125159652293.657
France,FRA,1984,119566163776.927
France,FRA,1985,124921156373.193
France,FRA,1986,172084477696.752
France,FRA,1987,206882025537.488
France,FRA,1988,221061557097.236
France,FRA,1989,216700596339.708
France,FRA,1990,268671244428.382
France,FRA,1991,274862225322.637
France,FRA,1992,311955390334.572
France,FRA,1993,309658327542.275
France,FRA,1994,323212429111.531
France,FRA,1995,371080299645.157
France,FRA,1996,376847031670.727
France,FRA,1997,339988761519.443
France,FRA,1998,339931065154.547
France,FRA,1999,337915080563.707
France,FRA,2000,304890967719.216
France,FRA,2001,305039773902.756
France,FRA,2002,341137469666.275
France,FRA,2003,426890882716.862
France,FRA,2004,488463025097.299
France,FRA,2005,506770219729.183
France,FRA,2006,528134999548.235
France,FRA,2007,596854149902.747
France,FRA,2008,661151647378.125
France,FRA,2009,650395412014.843
France,FRA,2010,634560911083.335
France,FRA,2011,680318129863.815
France,FRA,2012,642752791976.953
France,FRA,2013,677990977839.218
France,FRA,2014,689026931784.311
France,FRA,2015,580719046953.125
France,FRA,2016,586893313265.371
France,FRA,2017,613597627811.766
France,FRA,2018,649500180347.451
France,FRA,2019,627191191490.195
France,FRA,2020,657740482515.177
France,FRA,2021,722374020003.864
France,FRA,2022,667235837239.302
France,FRA,2023,705692132243.15
French Polynesia,PYF,1991,624932748.421177
French Polynesia,PYF,1992,644418584.884551
French Polynesia,PYF,1993,626332236.274253
French Polynesia,PYF,1994,673973038.819144
French Polynesia,PYF,1995,794950014.234613
French Polynesia,PYF,1996,804155222.707742
French Polynesia,PYF,1997,726346288.856418
French Polynesia,PYF,1998,830820724.871857
French Polynesia,PYF,1999,851153236.214048
French Polynesia,PYF,2000,700466486.190304
French Polynesia,PYF,2005,1812688670.56705
French Polynesia,PYF,2006,1866020749.73491
French Polynesia,PYF,2007,2122849770.91878
French Polynesia,PYF,2008,2328476064.03292
French Polynesia,PYF,2009,2183885154.41172
French Polynesia,PYF,2010,2034895547.39076
French Polynesia,PYF,2011,2100255930.41709
French Polynesia,PYF,2012,1879944308.17064
French Polynesia,PYF,2013,1950023027.76751
French Polynesia,PYF,2014,1930924398.16003
French Polynesia,PYF,2015,1655756813.41204
French Polynesia,PYF,2016,1713834123.43798
French Polynesia,PYF,2017,1823245177.04577
French Polynesia,PYF,2018,1885007328.58278
French Polynesia,PYF,2019,1845810748.04632
French Polynesia,PYF,2020,1938647897.06884
French Polynesia,PYF,2021,2024182678.50181
French Polynesia,PYF,2022,1842706908.42453
French Polynesia,PYF,2023,1950208583.05466
French Polynesia,PYF,2024,2024362353.28234
Gabon,GAB,1960,13835136.5348038
Gabon,GAB,1961,17218768.4240627
Gabon,GAB,1962,18648867.3246477
Gabon,GAB,1963,21756790.4274274
Gabon,GAB,1964,24863802.4587509
Gabon,GAB,1965,25707891.8992449
Gabon,GAB,1966,29306593.1545307
Gabon,GAB,1967,36991732.9339614
Gabon,GAB,1968,41201351.5949896
Gabon,GAB,1969,44622151.0497203
Gabon,GAB,1970,63675109.4471117
Gabon,GAB,1971,71543628.2650891
Gabon,GAB,1972,76182124.2716379
Gabon,GAB,1973,112612059.778603
Gabon,GAB,1974,142913680.427668
Gabon,GAB,1975,263633220.398772
Gabon,GAB,1976,318057513.620374
Gabon,GAB,1977,508385538.605803
Gabon,GAB,1978,327046769.359324
Gabon,GAB,1979,366205753.844212
Gabon,GAB,1980,566074649.295811
Gabon,GAB,1981,550175544.08764
Gabon,GAB,1982,568461489.380118
Gabon,GAB,1983,583363456.721186
Gabon,GAB,1984,650865456.759046
Gabon,GAB,1985,681783332.315333
Gabon,GAB,1986,877547845.67577
Gabon,GAB,1987,805891963.321255
Gabon,GAB,1988,758775730.668378
Gabon,GAB,1989,593401490.159979
Gabon,GAB,1990,797752811.134725
Gabon,GAB,1991,771009121.22645
Gabon,GAB,1992,866558764.319262
Gabon,GAB,1993,670034180.455644
Gabon,GAB,1994,502380476.983574
Gabon,GAB,1995,582991921.525162
Gabon,GAB,1996,640088837.032794
Gabon,GAB,1997,575325717.108212
Gabon,GAB,1998,693446510.945746
Gabon,GAB,1999,549294290.019264
Gabon,GAB,2000,485698571.645303
Gabon,GAB,2001,803630330.386636
Gabon,GAB,2002,878436472.424361
Gabon,GAB,2003,1054931394.02209
Gabon,GAB,2004,1166088851.33474
Gabon,GAB,2005,1201232724.68606
Gabon,GAB,2006,1377681272.81276
Gabon,GAB,2007,1703168768.39839
Gabon,GAB,2008,1935593992.46782
Gabon,GAB,2009,1953167863.03431
Gabon,GAB,2010,1938423627.07108
Gabon,GAB,2011,2329775064.42639
Gabon,GAB,2012,2409154771.8677
Gabon,GAB,2013,2543679508.24761
Gabon,GAB,2014,2703192444.15065
Gabon,GAB,2015,2131058497.42506
Gabon,GAB,2016,2053266060.93667
Gabon,GAB,2017,1975425766.59963
Gabon,GAB,2018,1782168598.50783
Gabon,GAB,2019,1855075833.33307
Gabon,GAB,2020,2017128876.30862
Gabon,GAB,2021,2297859316.09616
Gabon,GAB,2022,2209015848.883
Gabon,GAB,2023,2223097441.61668
Gabon,GAB,2024,2144187334.29858
"Gambia, The",GMB,1977,40383442.0909726
"Gambia, The",GMB,1978,54417006.872844
"Gambia, The",GMB,1979,60262145.6289292
"Gambia, The",GMB,1980,75247692.7430428
"Gambia, The",GMB,1981,100544174.618249
"Gambia, The",GMB,1982,68923044.6689466
"Gambia, The",GMB,1983,84022625.84918
"Gambia, The",GMB,1984,72417912.8797581
"Gambia, The",GMB,1985,35966751.8774362
"Gambia, The",GMB,1986,34245616.335433
"Gambia, The",GMB,1987,47890973.0860568
"Gambia, The",GMB,1988,47522346.1609383
"Gambia, The",GMB,1989,40970079.7103427
"Gambia, The",GMB,1990,43590601.4373412
"Gambia, The",GMB,1991,90304072.7270979
"Gambia, The",GMB,1992,101161952.692954
"Gambia, The",GMB,1993,109772734.828188
"Gambia, The",GMB,1994,84744552.964165
"Gambia, The",GMB,1995,90908781.346704
"Gambia, The",GMB,1996,97005687.2528432
"Gambia, The",GMB,1997,90531253.066739
"Gambia, The",GMB,1998,83947797.16436
"Gambia, The",GMB,1999,84226270.3978169
"Gambia, The",GMB,2000,87899293.2620405
"Gambia, The",GMB,2001,78136881.1355122
"Gambia, The",GMB,2002,57377720.7099671
"Gambia, The",GMB,2003,42640110.0183705
"Gambia, The",GMB,2004,74658468.3099277
"Gambia, The",GMB,2005,84758120.7255897
"Gambia, The",GMB,2006,88399640.4867503
"Gambia, The",GMB,2007,101353118.405489
"Gambia, The",GMB,2008,152665220.222284
"Gambia, The",GMB,2009,139203938.874721
"Gambia, The",GMB,2010,156468913.236113
"Gambia, The",GMB,2011,130135851.782257
"Gambia, The",GMB,2012,123857698.758249
"Gambia, The",GMB,2013,127584609.61243
"Gambia, The",GMB,2014,108645053.758705
"Gambia, The",GMB,2015,114754969.438817
"Gambia, The",GMB,2016,125396693.501472
"Gambia, The",GMB,2017,118389046.609094
"Gambia, The",GMB,2018,114019643.427104
"Gambia, The",GMB,2019,149493747.420847
"Gambia, The",GMB,2020,162946204.064102
"Gambia, The",GMB,2021,196542367.929887
"Gambia, The",GMB,2022,184370113.432945
"Gambia, The",GMB,2023,229109623.490829
"Gambia, The",GMB,2024,229671533.795799
Georgia,GEO,1987,978530247.871328
Georgia,GEO,1988,1204142335.52348
Georgia,GEO,1989,1054373388.31907
Georgia,GEO,1990,775350186.782635
Georgia,GEO,1991,596026490.066225
Georgia,GEO,1992,346277516.695523
Georgia,GEO,1993,158329036.434953
Georgia,GEO,1994,247124083.035921
Georgia,GEO,1995,293802939.821378
Georgia,GEO,1996,238267283.760485
Georgia,GEO,1997,357009633.911368
Georgia,GEO,1998,400488697.432827
Georgia,GEO,1999,297723308.818844
Georgia,GEO,2000,261070225.145459
Georgia,GEO,2001,310481293.689343
Georgia,GEO,2002,332418049.119291
Georgia,GEO,2003,324050986.880433
Georgia,GEO,2004,586080968.280467
Georgia,GEO,2005,922117864.48205
Georgia,GEO,2006,930054655.243977
Georgia,GEO,2007,1678188222.39197
Georgia,GEO,2008,2482237629.39431
Georgia,GEO,2009,1994328599.98312
Georgia,GEO,2010,2150160687.45505
Georgia,GEO,2011,2404090080.3145
Georgia,GEO,2012,2380531449.35558
Georgia,GEO,2013,2564956142.72402
Georgia,GEO,2014,2697730206.20536
Georgia,GEO,2015,2224144575.82859
Georgia,GEO,2016,2345373585.86232
Georgia,GEO,2017,2288320378.77828
Georgia,GEO,2018,2379014164.52949
Georgia,GEO,2019,2318433066.11805
Georgia,GEO,2020,2339423320.57755
Georgia,GEO,2021,2663315439.78391
Georgia,GEO,2022,3130412317.39936
Georgia,GEO,2023,3739059230.46628
Georgia,GEO,2024,4409363846.27918
Germany,DEU,1970,35081779511.5695
Germany,DEU,1971,43379490882.7302
Germany,DEU,1972,53091518738.8824
Germany,DEU,1973,73273110135.3824
Germany,DEU,1974,88265367697.0751
Germany,DEU,1975,102731107401.224
Germany,DEU,1976,106064565014.758
Germany,DEU,1977,122316889581.403
Germany,DEU,1978,151726385589.094
Germany,DEU,1979,179812896169.032
Germany,DEU,1980,198468287066.925
Germany,DEU,1981,171523763738.641
Germany,DEU,1982,164005706456.033
Germany,DEU,1983,160798861738.797
Germany,DEU,1984,149830837743.11
Germany,DEU,1985,150847294047.303
Germany,DEU,1986,214224894172.746
Germany,DEU,1987,268625227421.11
Germany,DEU,1988,286460315179.864
Germany,DEU,1989,272534004993.238
Germany,DEU,1990,338394845660.332
Germany,DEU,1991,349061873895.109
Germany,DEU,1992,409711959924.859
Germany,DEU,1993,400838755471.43
Germany,DEU,1994,425888875497.168
Germany,DEU,1995,502268322642.282
Germany,DEU,1996,492270600467.897
Germany,DEU,1997,428127678772.84
Germany,DEU,1998,427605868622.874
Germany,DEU,1999,422454599962.163
Germany,DEU,2000,370983758114.511
Germany,DEU,2001,368706494498.819
Germany,DEU,2002,399725217697.648
Germany,DEU,2003,483457951607.842
Germany,DEU,2004,529587679586.488
Germany,DEU,2005,534524629615.564
Germany,DEU,2006,548862424927.058
Germany,DEU,2007,611638866989.806
Germany,DEU,2008,683718919290.625
Germany,DEU,2009,681969101698.828
Germany,DEU,2010,665084211616.668
Germany,DEU,2011,714991735214.009
Germany,DEU,2012,679923013042.969
Germany,DEU,2013,732980377134.904
Germany,DEU,2014,761835417268.625
Germany,DEU,2015,661167607626.562
Germany,DEU,2016,690542613848.64
Germany,DEU,2017,732280802530.589
Germany,DEU,2018,790232167371.764
Germany,DEU,2019,787604052423.528
Germany,DEU,2020,856245028681.714
Germany,DEU,2021,942459519643.396
Germany,DEU,2022,896061200208.175
Germany,DEU,2023,960749344966.684
Ghana,GHA,1960,121863082.005257
Ghana,GHA,1961,141473233.132539
Ghana,GHA,1962,142873958.213059
Ghana,GHA,1963,175090635.065024
Ghana,GHA,1964,203105136.675428
Ghana,GHA,1965,296953717.07028
Ghana,GHA,1966,277343565.942998
Ghana,GHA,1967,261381130.387764
Ghana,GHA,1968,279452477.959314
Ghana,GHA,1969,279452477.959314
Ghana,GHA,1970,284355153.011232
Ghana,GHA,1971,313257271.647549
Ghana,GHA,1972,266381568.168632
Ghana,GHA,1973,328073379.52699
Ghana,GHA,1974,353416149.068323
Ghana,GHA,1975,365957446.808511
Ghana,GHA,1976,338559322.033898
Ghana,GHA,1977,402571428.571429
Ghana,GHA,1978,413787085.514834
Ghana,GHA,1979,413532763.532763
Ghana,GHA,1980,496265560.165975
Ghana,GHA,1981,371162790.697674
Ghana,GHA,1982,261577964.519141
Ghana,GHA,1983,237808641.975309
Ghana,GHA,1984,320303326.810176
Ghana,GHA,1985,423332457.983193
Ghana,GHA,1986,634768954.688201
Ghana,GHA,1987,539673469.387755
Ghana,GHA,1988,504598496.835443
Ghana,GHA,1989,517035390.031499
Ghana,GHA,1990,548365832.720137
Ghana,GHA,1991,626189375.187009
Ghana,GHA,1992,776834153.599634
Ghana,GHA,1993,862471674.554115
Ghana,GHA,1994,747425916.624812
Ghana,GHA,1995,780476007.805594
Ghana,GHA,1996,834989330.284261
Ghana,GHA,1997,851481474.247544
Ghana,GHA,1998,772460915.532561
Ghana,GHA,1999,836901399.99925
Ghana,GHA,2000,506836428.900442
Ghana,GHA,2001,516731280.669547
Ghana,GHA,2002,608774546.734863
Ghana,GHA,2003,880297520.432321
Ghana,GHA,2004,1081118294.15394
Ghana,GHA,2005,1644796284.61493
Ghana,GHA,2006,1813240965.26417
Ghana,GHA,2007,2116515854.81317
Ghana,GHA,2008,2504186168.06443
Ghana,GHA,2009,1972993600.56144
Ghana,GHA,2010,2276213073.86172
Ghana,GHA,2011,5423975076.03781
Ghana,GHA,2012,4855345841.64216
Ghana,GHA,2013,5519848385.78573
Ghana,GHA,2014,4520708198.05894
Ghana,GHA,2015,3796989382.40371
Ghana,GHA,2016,4428052761.48721
Ghana,GHA,2017,4201044413.72046
Ghana,GHA,2018,4778629396.2845
Ghana,GHA,2019,4814214987.47759
Ghana,GHA,2020,5484032884.55788
Ghana,GHA,2021,6365631386.22145
Ghana,GHA,2022,4917487063.43375
Ghana,GHA,2023,4429560252.93173
Ghana,GHA,2024,3999669267.78177
Greece,GRC,1960,532842111.33301
Greece,GRC,1961,579797459.394288
Greece,GRC,1962,633817690.4972
Greece,GRC,1963,683521755.111653
Greece,GRC,1964,797377683.744031
Greece,GRC,1965,917810087.104875
Greece,GRC,1966,1029598799.15594
Greece,GRC,1967,1234207807.37458
Greece,GRC,1968,1331435136.69353
Greece,GRC,1969,1487964321.89732
Greece,GRC,1970,1660409090.90909
Greece,GRC,1971,1814034090.90909
Greece,GRC,1972,2021625000.0
Greece,GRC,1973,2473440736.47871
Greece,GRC,1974,3455829545.45455
Greece,GRC,1975,4237396386.82253
Greece,GRC,1976,4539785447.76119
Greece,GRC,1977,5582997224.79186
Greece,GRC,1978,6739656771.79963
Greece,GRC,1979,8522419503.21987
Greece,GRC,1980,8880239808.15348
Greece,GRC,1981,8991359163.59164
Greece,GRC,1982,9505346938.77551
Greece,GRC,1983,8894326625.387
Greece,GRC,1984,8907143288.99637
Greece,GRC,1985,9220340488.52702
Greece,GRC,1986,10305778967.8676
Greece,GRC,1987,12225631605.4353
Greece,GRC,1988,12492010569.301
Greece,GRC,1989,13771233738.9845
Greece,GRC,1990,17114346517.6268
Greece,GRC,1991,17338209011.0301
Greece,GRC,1992,18535997497.3186
Greece,GRC,1993,18061284185.4935
Greece,GRC,1994,18638682584.2697
Greece,GRC,1995,24354349168.9954
Greece,GRC,1996,25683059173.2729
Greece,GRC,1997,25314102084.1133
Greece,GRC,1998,25271345555.1712
Greece,GRC,1999,25637583910.1433
Greece,GRC,2000,23821591350.0769
Greece,GRC,2001,25510249867.3866
Greece,GRC,2002,29718543468.2624
Greece,GRC,2003,38367059021.3415
Greece,GRC,2004,46156624969.5638
Greece,GRC,2005,49625236954.3969
Greece,GRC,2006,55134663975.5399
Greece,GRC,2007,65439764476.5532
Greece,GRC,2008,73748309141.3406
Greece,GRC,2009,77224739819.8031
Greece,GRC,2010,66427952811.4335
Greece,GRC,2011,62531965325.5741
Greece,GRC,2012,53877400964.9473
Greece,GRC,2013,49510738400.4586
Greece,GRC,2014,48472814156.1402
Greece,GRC,2015,40407720540.9773
Greece,GRC,2016,39812905202.9231
Greece,GRC,2017,40954716911.8695
Greece,GRC,2018,41933940925.6902
Greece,GRC,2019,41417845495.4823
Greece,GRC,2020,43492011173.1892
Greece,GRC,2021,46929725677.4256
Greece,GRC,2022,43744786144.934
Greece,GRC,2023,46963143609.2773
Greenland,GRL,2003,742280316.585234
Greenland,GRL,2004,843056575.826269
Greenland,GRL,2005,848136790.44708
Greenland,GRL,2006,913099496.904038
Greenland,GRL,2007,1037253882.9741
Greenland,GRL,2008,1199263024.03763
Greenland,GRL,2009,1229539923.29972
Greenland,GRL,2010,1171854927.2547
Greenland,GRL,2011,1253373248.55571
Greenland,GRL,2012,1194635938.06863
Greenland,GRL,2013,1284828905.51665
Greenland,GRL,2014,1302813896.2777
Greenland,GRL,2015,1104578288.6119
Greenland,GRL,2016,1146304702.60341
Greenland,GRL,2017,1209424414.41956
Greenland,GRL,2018,1318337654.25911
Greenland,GRL,2019,1312627568.67249
Greenland,GRL,2020,1347538241.23927
Greenland,GRL,2021,1457664272.93418
Greenland,GRL,2022,1301399404.64818
Greenland,GRL,2023,1387505383.0332
Guatemala,GTM,1960,79900000.0
Guatemala,GTM,1961,83100000.0
Guatemala,GTM,1962,77200000.0
Guatemala,GTM,1963,83400000.0
Guatemala,GTM,1964,89600000.0
Guatemala,GTM,1965,97900000.0
Guatemala,GTM,1966,105000000.0
Guatemala,GTM,1967,112600000.0
Guatemala,GTM,1968,115300000.0
Guatemala,GTM,1969,134500000.0
Guatemala,GTM,1970,151400000.0
Guatemala,GTM,1971,139300000.0
Guatemala,GTM,1972,156700000.0
Guatemala,GTM,1973,166600000.0
Guatemala,GTM,1974,206600000.0
Guatemala,GTM,1975,250300000.0
Guatemala,GTM,1976,297300000.0
Guatemala,GTM,1977,354500000.0
Guatemala,GTM,1978,434600000.0
Guatemala,GTM,1979,488000000.0
Guatemala,GTM,1980,627000000.0
Guatemala,GTM,1981,680000000.0
Guatemala,GTM,1982,675000000.0
Guatemala,GTM,1983,688000000.0
Guatemala,GTM,1984,725900000.0
Guatemala,GTM,1985,676000000.0
Guatemala,GTM,1986,513196347.031963
Guatemala,GTM,1987,559840000.0
Guatemala,GTM,1988,625877900.763359
Guatemala,GTM,1989,664062500.0
Guatemala,GTM,1990,503705282.362535
Guatemala,GTM,1991,510053928.508932
Guatemala,GTM,1992,670808005.987665
Guatemala,GTM,1993,724620579.011503
Guatemala,GTM,1994,723587994.924886
Guatemala,GTM,1995,807506797.921041
Guatemala,GTM,1996,796330099.159443
Guatemala,GTM,1997,889021224.664809
Guatemala,GTM,1998,1101171650.19392
Guatemala,GTM,1999,1158023370.75
Guatemala,GTM,2000,1350729387.35378
Guatemala,GTM,2001,1880934029.79388
Guatemala,GTM,2002,2007811728.90804
Guatemala,GTM,2003,2104215605.28404
Guatemala,GTM,2004,2099943018.91047
Guatemala,GTM,2005,2306993960.13384
Guatemala,GTM,2006,2530333972.54187
Guatemala,GTM,2007,2953530330.61117
Guatemala,GTM,2008,3527458721.05236
Guatemala,GTM,2009,3840934013.18744
Guatemala,GTM,2010,4330529261.75241
Guatemala,GTM,2011,4855643178.05415
Guatemala,GTM,2012,5214059299.64557
Guatemala,GTM,2013,5982211657.29518
Guatemala,GTM,2014,6511482556.20336
Guatemala,GTM,2015,6895258422.31328
Guatemala,GTM,2016,6896208284.35815
Guatemala,GTM,2017,7575824581.55954
Guatemala,GTM,2018,8154303875.49681
Guatemala,GTM,2019,8571533000.25543
Guatemala,GTM,2020,8915953999.46902
Guatemala,GTM,2021,9700626707.63349
Guatemala,GTM,2022,10985080425.9649
Guatemala,GTM,2023,11732866860.8961
Guatemala,GTM,2024,12337063864.3518
Guinea,GIN,1986,228288286.93742
Guinea,GIN,1987,243414312.474834
Guinea,GIN,1988,266587291.039717
Guinea,GIN,1989,284294066.85266
Guinea,GIN,1990,292118656.757325
Guinea,GIN,1991,300020010.264982
Guinea,GIN,1992,283791499.784846
Guinea,GIN,1993,273315074.345184
Guinea,GIN,1994,265864867.19141
Guinea,GIN,1995,277668954.414993
Guinea,GIN,1996,289116153.572535
Guinea,GIN,1997,279485672.432533
Guinea,GIN,1998,244216995.723145
Guinea,GIN,1999,240830868.727441
Guinea,GIN,2000,212196796.334206
Guinea,GIN,2001,207930049.021508
Guinea,GIN,2002,241669017.24896
Guinea,GIN,2003,281898665.155279
Guinea,GIN,2004,252613826.73823
Guinea,GIN,2005,205236127.339727
Guinea,GIN,2006,264782520.029133
Guinea,GIN,2007,425808146.430939
Guinea,GIN,2008,415686320.167359
Guinea,GIN,2009,669319160.150191
Guinea,GIN,2010,861357461.671623
Guinea,GIN,2011,1016520911.02273
Guinea,GIN,2012,1105644866.37924
Guinea,GIN,2013,1580953353.68028
Guinea,GIN,2014,1561966563.20181
Guinea,GIN,2015,1715036041.26199
Guinea,GIN,2016,1451301969.6409
Guinea,GIN,2017,1577198553.23185
Guinea,GIN,2018,1835694150.3458
Guinea,GIN,2019,2070513250.11246
Guinea,GIN,2020,2453295760.44898
Guinea,GIN,2021,2984028028.53626
Guinea,GIN,2022,3408832946.42273
Guinea,GIN,2023,3023144102.87255
Guinea,GIN,2024,3469304715.27562
Guinea-Bissau,GNB,1970,40810259.7632026
Guinea-Bissau,GNB,1971,44214490.5304367
Guinea-Bissau,GNB,1972,51938810.9095906
Guinea-Bissau,GNB,1973,56843855.9322034
Guinea-Bissau,GNB,1974,64797636.5131579
Guinea-Bissau,GNB,1975,64859690.4298852
Guinea-Bissau,GNB,1976,72760019.69144
Guinea-Bissau,GNB,1977,55395142.1358226
Guinea-Bissau,GNB,1978,67365363.1123919
Guinea-Bissau,GNB,1979,68540772.6164698
Guinea-Bissau,GNB,1980,79508242.3276933
Guinea-Bissau,GNB,1981,114585446.969697
Guinea-Bissau,GNB,1982,126667172.073766
Guinea-Bissau,GNB,1983,108232677.833673
Guinea-Bissau,GNB,1984,55549144.8119815
Guinea-Bissau,GNB,1985,67051709.5409455
Guinea-Bissau,GNB,1986,44832041.7783011
Guinea-Bissau,GNB,1987,48344095.9250839
Guinea-Bissau,GNB,1988,41202948.9099664
Guinea-Bissau,GNB,1989,62214334.6912218
Guinea-Bissau,GNB,1990,65264979.7858036
Guinea-Bissau,GNB,1991,70972909.9265718
Guinea-Bissau,GNB,1992,52819462.9324794
Guinea-Bissau,GNB,1993,43429533.442248
Guinea-Bissau,GNB,1994,43634260.4590286
Guinea-Bissau,GNB,1995,42302996.9525869
Guinea-Bissau,GNB,1996,46104423.9608621
Guinea-Bissau,GNB,1997,70773601.599914
Guinea-Bissau,GNB,1998,65592548.306173
Guinea-Bissau,GNB,1999,77520426.4550655
Guinea-Bissau,GNB,2000,66364119.2810764
Guinea-Bissau,GNB,2001,66848195.6837622
Guinea-Bissau,GNB,2002,69681200.9899878
Guinea-Bissau,GNB,2003,87256820.4846627
Guinea-Bissau,GNB,2004,89206226.0739806
Guinea-Bissau,GNB,2005,100790299.081515
Guinea-Bissau,GNB,2006,101272665.367439
Guinea-Bissau,GNB,2007,123483108.643006
Guinea-Bissau,GNB,2008,135661926.318074
Guinea-Bissau,GNB,2009,150950552.204512
Guinea-Bissau,GNB,2010,154019196.770718
Guinea-Bissau,GNB,2011,183233560.664005
Guinea-Bissau,GNB,2012,160813824.232655
Guinea-Bissau,GNB,2013,167616869.45524
Guinea-Bissau,GNB,2014,197761175.717634
Guinea-Bissau,GNB,2015,189427916.225027
Guinea-Bissau,GNB,2016,205516108.719287
Guinea-Bissau,GNB,2017,245909480.945498
Guinea-Bissau,GNB,2018,258669396.357911
Guinea-Bissau,GNB,2019,298455527.068238
Guinea-Bissau,GNB,2020,331603910.348724
Guinea-Bissau,GNB,2021,353163806.492761
Guinea-Bissau,GNB,2022,351983137.814156
Guinea-Bissau,GNB,2023,338445077.585884
Guinea-Bissau,GNB,2024,378266627.046558
Guyana,GUY,1960,19483284.6251218
Guyana,GUY,1961,22166611.2501385
Guyana,GUY,1962,22516610.3751407
Guyana,GUY,1963,21349946.6251334
Guyana,GUY,1964,27183265.3751699
Guyana,GUY,1965,32000000.0
Guyana,GUY,1966,34764705.8823529
Guyana,GUY,1967,39176470.5882353
Guyana,GUY,1968,34950000.0
Guyana,GUY,1969,39550000.0
Guyana,GUY,1970,45450000.0
Guyana,GUY,1971,50850000.0
Guyana,GUY,1972,55666666.6666667
Guyana,GUY,1973,76047619.047619
Guyana,GUY,1974,73727272.7272727
Guyana,GUY,1975,97041666.6666667
Guyana,GUY,1976,128040000.0
Guyana,GUY,1977,116000000.0
Guyana,GUY,1978,118400000.0
Guyana,GUY,1979,139200000.0
Guyana,GUY,1980,146000000.0
Guyana,GUY,1981,165714285.714286
Guyana,GUY,1982,124333333.333333
Guyana,GUY,1983,132666666.666667
Guyana,GUY,1984,79210526.3157895
Guyana,GUY,1985,81860465.1162791
Guyana,GUY,1986,158837209.302326
Guyana,GUY,1987,97142857.1428571
Guyana,GUY,1988,116300010.0
Guyana,GUY,1989,62536761.0294118
Guyana,GUY,1990,53999997.4683544
Guyana,GUY,1991,52012523.255814
Guyana,GUY,1992,62577937.6498801
Guyana,GUY,1993,69009215.8218126
Guyana,GUY,1994,83790313.8105568
Guyana,GUY,1995,93283097.1830986
Guyana,GUY,1996,114371085.470085
Guyana,GUY,1997,131379700.985246
Guyana,GUY,1998,132294263.847089
Guyana,GUY,1999,131836879.066057
Guyana,GUY,2000,175830179.246834
Guyana,GUY,2001,178616544.482268
Guyana,GUY,2002,186815839.299295
Guyana,GUY,2003,208122596.14384
Guyana,GUY,2004,214123097.714408
Guyana,GUY,2005,222008755.47217
Haiti,HTI,2000,475782976.707155
Haiti,HTI,2001,466097140.941355
Haiti,HTI,2002,486172068.438133
Haiti,HTI,2003,401231281.485913
Haiti,HTI,2004,446572071.914517
Haiti,HTI,2005,463870965.375374
Haiti,HTI,2006,522733658.07289
Haiti,HTI,2007,708355277.063462
Haiti,HTI,2008,849666413.983247
Haiti,HTI,2009,810060101.455804
Haiti,HTI,2010,863169086.139463
Haiti,HTI,2011,852386859.06286
Haiti,HTI,2012,1019880645.15439
Haiti,HTI,2013,1071665484.29693
Haiti,HTI,2014,1160857535.67102
Haiti,HTI,2015,1226253121.53102
Haiti,HTI,2016,1154987817.49049
Haiti,HTI,2017,1192026175.91349
Haiti,HTI,2018,1355521987.88035
Haiti,HTI,2019,1079859827.30239
Haiti,HTI,2020,1060849292.94466
Haiti,HTI,2021,1560159991.1253
Haiti,HTI,2022,1398333161.09931
Haiti,HTI,2023,1234069605.39609
Haiti,HTI,2024,1434217739.70894
Heavily indebted poor countries (HIPC),HPC,1990,18235393079.3159
Heavily indebted poor countries (HIPC),HPC,1991,20300692549.6793
Heavily indebted poor countries (HIPC),HPC,1992,17374273446.8511
Heavily indebted poor countries (HIPC),HPC,1993,17468518521.2636
Heavily indebted poor countries (HIPC),HPC,1994,13206232547.505
Heavily indebted poor countries (HIPC),HPC,1995,14204648888.8491
Heavily indebted poor countries (HIPC),HPC,1996,15146756308.8042
Heavily indebted poor countries (HIPC),HPC,1997,15620024810.5794
Heavily indebted poor countries (HIPC),HPC,1998,18014297673.9919
Heavily indebted poor countries (HIPC),HPC,1999,18061406242.5508
Heavily indebted poor countries (HIPC),HPC,2000,18161054573.2289
Heavily indebted poor countries (HIPC),HPC,2001,19376887353.3932
Heavily indebted poor countries (HIPC),HPC,2002,20978134933.1223
Heavily indebted poor countries (HIPC),HPC,2003,24848803248.7256
Heavily indebted poor countries (HIPC),HPC,2004,29186260587.2271
Heavily indebted poor countries (HIPC),HPC,2005,33207140071.899
Heavily indebted poor countries (HIPC),HPC,2006,38024420220.0005
Heavily indebted poor countries (HIPC),HPC,2007,47117650584.6825
Heavily indebted poor countries (HIPC),HPC,2008,53667863249.315
Heavily indebted poor countries (HIPC),HPC,2009,53383579396.7681
Heavily indebted poor countries (HIPC),HPC,2010,55419179633.4013
Heavily indebted poor countries (HIPC),HPC,2011,67110315805.9706
Heavily indebted poor countries (HIPC),HPC,2012,67463608438.8948
Heavily indebted poor countries (HIPC),HPC,2013,76432573752.2116
Heavily indebted poor countries (HIPC),HPC,2014,82394337259.3544
Heavily indebted poor countries (HIPC),HPC,2015,80110926135.6277
Heavily indebted poor countries (HIPC),HPC,2016,82037188381.2885
Heavily indebted poor countries (HIPC),HPC,2017,89324876857.8049
Heavily indebted poor countries (HIPC),HPC,2018,91431787187.6822
Heavily indebted poor countries (HIPC),HPC,2019,96410109093.9633
Heavily indebted poor countries (HIPC),HPC,2020,100995350538.004
Heavily indebted poor countries (HIPC),HPC,2021,109321100687.119
Heavily indebted poor countries (HIPC),HPC,2022,118463785501.674
Heavily indebted poor countries (HIPC),HPC,2023,117669286930.879
Heavily indebted poor countries (HIPC),HPC,2024,125771238951.58
Honduras,HND,1960,37600000.0
Honduras,HND,1961,41600000.0
Honduras,HND,1962,39350000.0
Honduras,HND,1963,53100000.0
Honduras,HND,1964,56950000.0
Honduras,HND,1965,63150000.0
Honduras,HND,1966,66500000.0
Honduras,HND,1967,70000000.0
Honduras,HND,1968,75500000.0
Honduras,HND,1969,87250000.0
Honduras,HND,1970,99050000.0
Honduras,HND,1971,102900000.0
Honduras,HND,1972,109849505.677224
Honduras,HND,1973,108449945.775027
Honduras,HND,1974,142000000.0
Honduras,HND,1975,165950000.0
Honduras,HND,1976,204500000.0
Honduras,HND,1977,238700000.0
Honduras,HND,1978,270950000.0
Honduras,HND,1979,319600000.0
Honduras,HND,1980,419950000.0
Honduras,HND,1981,470750000.0
Honduras,HND,1982,484400000.0
Honduras,HND,1983,519500000.0
Honduras,HND,1984,556100000.0
Honduras,HND,1985,594850000.0
Honduras,HND,1986,697050000.0
Honduras,HND,1987,757450000.0
Honduras,HND,1988,736137339.055794
Honduras,HND,1989,649517241.37931
Honduras,HND,1990,503161478.599222
Honduras,HND,1991,425433069.385145
Honduras,HND,1992,503519525.637061
Honduras,HND,1993,476588757.078621
Honduras,HND,1994,431809532.870326
Honduras,HND,1995,463826903.023983
Honduras,HND,1996,485363175.675676
Honduras,HND,1997,521193916.34981
Honduras,HND,1998,649785819.793205
Honduras,HND,1999,777212543.554007
Honduras,HND,2000,963618445.988629
Honduras,HND,2001,1123757618.24534
Honduras,HND,2002,1176816435.15524
Honduras,HND,2003,1228042635.02902
Honduras,HND,2004,1331349045.63358
Honduras,HND,2005,1514543438.09177
Honduras,HND,2006,1638034362.99828
Honduras,HND,2007,2052262226.71486
Honduras,HND,2008,2375834476.9331
Honduras,HND,2009,2727823615.64638
Honduras,HND,2010,2839429270.02239
Honduras,HND,2011,2845043928.94022
Honduras,HND,2012,3001956184.54281
Honduras,HND,2013,3095710138.15174
Honduras,HND,2014,3029133339.5403
Honduras,HND,2015,3001210972.34358
Honduras,HND,2016,3065208882.25269
Honduras,HND,2017,3123027107.15387
Honduras,HND,2018,3240061134.44457
Honduras,HND,2019,3453412706.48569
Honduras,HND,2020,3657218094.90494
Honduras,HND,2021,4411351206.06929
Honduras,HND,2022,4486411226.32584
Honduras,HND,2023,5129091560.41463
Honduras,HND,2024,5759662719.26744
"Hong Kong SAR, China",HKG,1960,103275511.340436
"Hong Kong SAR, China",HKG,1961,87419726.0477375
"Hong Kong SAR, China",HKG,1962,92431047.9230855
"Hong Kong SAR, China",HKG,1963,105423363.89621
"Hong Kong SAR, China",HKG,1964,119714911.466647
"Hong Kong SAR, China",HKG,1965,126003490.401396
"Hong Kong SAR, China",HKG,1966,141908265.197608
"Hong Kong SAR, China",HKG,1967,162157459.765115
"Hong Kong SAR, China",HKG,1968,168444232.63381
"Hong Kong SAR, China",HKG,1969,184127609.294998
"Hong Kong SAR, China",HKG,1970,214991857.615186
"Hong Kong SAR, China",HKG,1971,235199382.643561
"Hong Kong SAR, China",HKG,1972,302406292.603436
"Hong Kong SAR, China",HKG,1973,416788108.4232
"Hong Kong SAR, China",HKG,1974,546945166.163412
"Hong Kong SAR, China",HKG,1975,602411225.39521
"Hong Kong SAR, China",HKG,1976,701149893.981406
"Hong Kong SAR, China",HKG,1977,877091377.091377
"Hong Kong SAR, China",HKG,1978,1043840221.77495
"Hong Kong SAR, China",HKG,1979,1240538296.87245
"Hong Kong SAR, China",HKG,1980,1622159437.45311
"Hong Kong SAR, China",HKG,1981,2119036385.91582
"Hong Kong SAR, China",HKG,1982,2337758489.94311
"Hong Kong SAR, China",HKG,1983,2210410304.40181
"Hong Kong SAR, China",HKG,1984,2272320286.51829
"Hong Kong SAR, China",HKG,1985,2500914546.09633
"Hong Kong SAR, China",HKG,1986,2866595594.47226
"Hong Kong SAR, China",HKG,1987,3179174814.86231
"Hong Kong SAR, China",HKG,1988,3651037663.3359
"Hong Kong SAR, China",HKG,1989,4353892483.72771
"Hong Kong SAR, China",HKG,1990,5259347219.10203
"Hong Kong SAR, China",HKG,1991,6341518590.45109
"Hong Kong SAR, China",HKG,1992,7949917984.21385
"Hong Kong SAR, China",HKG,1993,8998028978.55275
"Hong Kong SAR, China",HKG,1994,10242718528.2575
"Hong Kong SAR, China",HKG,1995,11611160685.6043
"Hong Kong SAR, China",HKG,1996,13007977239.951
"Hong Kong SAR, China",HKG,1997,14266057338.8325
"Hong Kong SAR, China",HKG,1998,15241436359.1598
"Hong Kong SAR, China",HKG,1999,15933612632.9359
"Hong Kong SAR, China",HKG,2000,16081544651.7832
"Hong Kong SAR, China",HKG,2001,17285590639.5256
"Hong Kong SAR, China",HKG,2002,17692071860.7468
"Hong Kong SAR, China",HKG,2003,17741291296.112
"Hong Kong SAR, China",HKG,2004,17508217770.9296
"Hong Kong SAR, China",HKG,2005,16788017177.6109
"Hong Kong SAR, China",HKG,2006,16972172290.5217
"Hong Kong SAR, China",HKG,2007,17813046014.5894
"Hong Kong SAR, China",HKG,2008,19008626485.2476
"Hong Kong SAR, China",HKG,2009,19674525107.2338
"Hong Kong SAR, China",HKG,2010,20255839525.6531
"Hong Kong SAR, China",HKG,2011,21649152106.8859
"Hong Kong SAR, China",HKG,2012,23891185840.0599
"Hong Kong SAR, China",HKG,2013,25602372356.885
"Hong Kong SAR, China",HKG,2014,27626219631.6444
"Hong Kong SAR, China",HKG,2015,29833650466.0238
"Hong Kong SAR, China",HKG,2016,31946020805.8231
"Hong Kong SAR, China",HKG,2017,33548093209.4647
"Hong Kong SAR, China",HKG,2018,35902277221.4072
"Hong Kong SAR, China",HKG,2019,39489570907.9103
"Hong Kong SAR, China",HKG,2020,43965863971.5361
"Hong Kong SAR, China",HKG,2021,46774643810.504
"Hong Kong SAR, China",HKG,2022,51424282476.594
"Hong Kong SAR, China",HKG,2023,50681243177.3186
"Hong Kong SAR, China",HKG,2024,52275977715.0536
Hungary,HUN,1991,8660325523.51642
Hungary,HUN,1992,9973525977.89799
Hungary,HUN,1993,11125479505.9945
Hungary,HUN,1994,10996216661.2602
Hungary,HUN,1995,10617356325.7706
Hungary,HUN,1996,10093824498.0075
Hungary,HUN,1997,10053140117.3087
Hungary,HUN,1998,10187395902.178
Hungary,HUN,1999,10431654281.8806
Hungary,HUN,2000,10009022635.2616
Hungary,HUN,2001,11332246607.6181
Hungary,HUN,2002,14782316832.213
Hungary,HUN,2003,19627460971.9638
Hungary,HUN,2004,22929347981.5611
Hungary,HUN,2005,25045261984.3924
Hungary,HUN,2006,25447107752.2696
Hungary,HUN,2007,29128439467.6565
Hungary,HUN,2008,33840568974.0421
Hungary,HUN,2009,28860531467.3149
Hungary,HUN,2010,28286044731.5585
Hungary,HUN,2011,29236283603.989
Hungary,HUN,2012,25706156779.2688
Hungary,HUN,2013,26761027291.6248
Hungary,HUN,2014,28198998287.4872
Hungary,HUN,2015,24676695336.2033
Hungary,HUN,2016,25671943118.9837
Hungary,HUN,2017,28898388193.854
Hungary,HUN,2018,31619493360.1436
Hungary,HUN,2019,32944698272.8962
Hungary,HUN,2020,33595136310.999
Hungary,HUN,2021,38058139093.7656
Hungary,HUN,2022,36529385952.16
Hungary,HUN,2023,42545962530.6227
IBRD only,IBD,1960,34606885029.743
IBRD only,IBD,1961,35334652836.1281
IBRD only,IBD,1962,36567457143.5693
IBRD only,IBD,1963,41665700589.1118
IBRD only,IBD,1964,44200997683.7188
IBRD only,IBD,1965,48897837146.5096
IBRD only,IBD,1966,52625773256.9349
IBRD only,IBD,1967,51817589098.9989
IBRD only,IBD,1968,55565184698.596
IBRD only,IBD,1969,63169458007.3998
IBRD only,IBD,1970,71075740662.4779
IBRD only,IBD,1971,82310239498.91
IBRD only,IBD,1972,92780666276.8483
IBRD only,IBD,1973,116551282174.611
IBRD only,IBD,1974,150916689678.552
IBRD only,IBD,1975,173255125642.738
IBRD only,IBD,1976,190802096331.851
IBRD only,IBD,1977,210193008151.725
IBRD only,IBD,1978,239563445183.393
IBRD only,IBD,1979,275227998556.56
IBRD only,IBD,1980,318170033398.609
IBRD only,IBD,1981,355525945540.678
IBRD only,IBD,1982,364168239672.651
IBRD only,IBD,1983,355119736636.376
IBRD only,IBD,1984,358051005770.954
IBRD only,IBD,1985,381170879248.73
IBRD only,IBD,1986,406447977369.902
IBRD only,IBD,1987,410672099528.045
IBRD only,IBD,1988,432600458758.898
IBRD only,IBD,1989,473747312812.754
IBRD only,IBD,1990,521261220872.732
IBRD only,IBD,1991,471710910468.53
IBRD only,IBD,1992,472958268220.938
IBRD only,IBD,1993,551753898877.079
IBRD only,IBD,1994,600465052632.908
IBRD only,IBD,1995,706691220416.202
IBRD only,IBD,1996,754311815493.845
IBRD only,IBD,1997,824242662793.537
IBRD only,IBD,1998,808489414191.633
IBRD only,IBD,1999,778216278231.806
IBRD only,IBD,2000,833005718889.807
IBRD only,IBD,2001,860695904220.58
IBRD only,IBD,2002,871427267014.9
IBRD only,IBD,2003,969082856867.319
IBRD only,IBD,2004,1124466958954.69
IBRD only,IBD,2005,1349807956918.61
IBRD only,IBD,2006,1609187880716.66
IBRD only,IBD,2007,2003819135560.64
IBRD only,IBD,2008,2451894223740.35
IBRD only,IBD,2009,2537125219516.11
IBRD only,IBD,2010,2982647919204.88
IBRD only,IBD,2011,3595747610547.22
IBRD only,IBD,2012,3857661841288.8
IBRD only,IBD,2013,4126491865579.17
IBRD only,IBD,2014,4234606031833.07
IBRD only,IBD,2015,4032400451878.19
IBRD only,IBD,2016,4082668002230.45
IBRD only,IBD,2017,4507623615025.3
IBRD only,IBD,2018,4825481557091.76
IBRD only,IBD,2019,5000698905119.26
IBRD only,IBD,2020,5031104524484.16
IBRD only,IBD,2021,5542207996679.72
IBRD only,IBD,2022,5820304631772.2
IBRD only,IBD,2023,6172873538470.09
IBRD only,IBD,2024,6348073485317.49
IDA & IBRD total,IBT,1960,37834212345.6928
IDA & IBRD total,IBT,1961,38857261419.0586
IDA & IBRD total,IBT,1962,40358987520.2302
IDA & IBRD total,IBT,1963,45755941824.618
IDA & IBRD total,IBT,1964,48912211554.2679
IDA & IBRD total,IBT,1965,54342555269.6986
IDA & IBRD total,IBT,1966,59286321395.2289
IDA & IBRD total,IBT,1967,58567144256.2087
IDA & IBRD total,IBT,1968,63065218235.6312
IDA & IBRD total,IBT,1969,71420202458.9089
IDA & IBRD total,IBT,1970,79867129457.5568
IDA & IBRD total,IBT,1971,92205520155.391
IDA & IBRD total,IBT,1972,103776307872.234
IDA & IBRD total,IBT,1973,128822983133.668
IDA & IBRD total,IBT,1974,165919230787.634
IDA & IBRD total,IBT,1975,191872464733.357
IDA & IBRD total,IBT,1976,210618633899.747
IDA & IBRD total,IBT,1977,232081229381.055
IDA & IBRD total,IBT,1978,265649401309.544
IDA & IBRD total,IBT,1979,306239590438.048
IDA & IBRD total,IBT,1980,356669393193.738
IDA & IBRD total,IBT,1981,393910062605.312
IDA & IBRD total,IBT,1982,401945263664.853
IDA & IBRD total,IBT,1983,392618305287.456
IDA & IBRD total,IBT,1984,397024493270.754
IDA & IBRD total,IBT,1985,421136575140.275
IDA & IBRD total,IBT,1986,450397018520.407
IDA & IBRD total,IBT,1987,457568244479.954
IDA & IBRD total,IBT,1988,480854919979.582
IDA & IBRD total,IBT,1989,523671094713.318
IDA & IBRD total,IBT,1990,575287828416.823
IDA & IBRD total,IBT,1991,526609052535.79
IDA & IBRD total,IBT,1992,525872388823.533
IDA & IBRD total,IBT,1993,606183801737.162
IDA & IBRD total,IBT,1994,651316269487.242
IDA & IBRD total,IBT,1995,759644728347.261
IDA & IBRD total,IBT,1996,810669812087.859
IDA & IBRD total,IBT,1997,881289813633.422
IDA & IBRD total,IBT,1998,866333906779.512
IDA & IBRD total,IBT,1999,835038937948.694
IDA & IBRD total,IBT,2000,895516695152.392
IDA & IBRD total,IBT,2001,922862842374.027
IDA & IBRD total,IBT,2002,937026347763.196
IDA & IBRD total,IBT,2003,1043303814585.68
IDA & IBRD total,IBT,2004,1210749020672.37
IDA & IBRD total,IBT,2005,1447617286838.5
IDA & IBRD total,IBT,2006,1725808537437.18
IDA & IBRD total,IBT,2007,2143901911370.33
IDA & IBRD total,IBT,2008,2617552674691.43
IDA & IBRD total,IBT,2009,2709152045081.26
IDA & IBRD total,IBT,2010,3173922542025.07
IDA & IBRD total,IBT,2011,3820595041319.73
IDA & IBRD total,IBT,2012,4093543089892.83
IDA & IBRD total,IBT,2013,4380243105235.99
IDA & IBRD total,IBT,2014,4501038755064.07
IDA & IBRD total,IBT,2015,4293984310911.11
IDA & IBRD total,IBT,2016,4354273768444.43
IDA & IBRD total,IBT,2017,4800135281039.64
IDA & IBRD total,IBT,2018,5131585429600.49
IDA & IBRD total,IBT,2019,5316090085015.39
IDA & IBRD total,IBT,2020,5352204915105.23
IDA & IBRD total,IBT,2021,5893966228389.33
IDA & IBRD total,IBT,2022,6191748920129.76
IDA & IBRD total,IBT,2023,6543572670559.78
IDA & IBRD total,IBT,2024,6736040927579.28
IDA only,IDX,1990,22995322744.4943
IDA only,IDX,1991,25947885569.4784
IDA only,IDX,1992,23175408340.9704
IDA only,IDX,1993,23827241907.0664
IDA only,IDX,1994,22862417206.2315
IDA only,IDX,1995,20588568135.7767
IDA only,IDX,1996,20805824687.4875
IDA only,IDX,1997,21548933533.3819
IDA only,IDX,1998,23895139764.5298
IDA only,IDX,1999,23874235475.8957
IDA only,IDX,2000,25760504697.5599
IDA only,IDX,2001,26862914349.753
IDA only,IDX,2002,29261491219.5989
IDA only,IDX,2003,33745389902.6006
IDA only,IDX,2004,39950175079.7579
IDA only,IDX,2005,45493330925.1652
IDA only,IDX,2006,52375474511.1075
IDA only,IDX,2007,64229182799.2934
IDA only,IDX,2008,74490388865.5444
IDA only,IDX,2009,77113850163.2665
IDA only,IDX,2010,83006065615.6768
IDA only,IDX,2011,97192083008.0213
IDA only,IDX,2012,95964680415.7043
IDA only,IDX,2013,104305088211.15
IDA only,IDX,2014,111680112987.649
IDA only,IDX,2015,108440943722.153
IDA only,IDX,2016,111953128561.242
IDA only,IDX,2017,121234014036.167
IDA only,IDX,2018,126142528217.607
IDA only,IDX,2019,134256225077.212
IDA only,IDX,2020,136807051224.929
IDA only,IDX,2021,147253852964.497
IDA only,IDX,2022,158744780952.724
IDA only,IDX,2023,153873316828.94
IDA only,IDX,2024,165688245950.071
IDA total,IDA,1984,44501093672.6131
IDA total,IDA,1985,45391301636.7629
IDA total,IDA,1986,50135769528.1236
IDA total,IDA,1987,53868682402.2172
IDA total,IDA,1988,55232898938.7641
IDA total,IDA,1989,55410067173.0527
IDA total,IDA,1990,59341883029.9476
IDA total,IDA,1991,63784990623.6157
IDA total,IDA,1992,60433249057.6041
IDA total,IDA,1993,60000308410.7915
IDA total,IDA,1994,53367057040.1378
IDA total,IDA,1995,53066302352.4961
IDA total,IDA,1996,56389556511.5093
IDA total,IDA,1997,54621737739.4174
IDA total,IDA,1998,56489187721.9053
IDA total,IDA,1999,56138597532.0461
IDA total,IDA,2000,62694109256.8274
IDA total,IDA,2001,61131067288.2785
IDA total,IDA,2002,65894277492.6666
IDA total,IDA,2003,75199361192.3942
IDA total,IDA,2004,87499089580.3096
IDA total,IDA,2005,96256000116.0313
IDA total,IDA,2006,114777414770.001
IDA total,IDA,2007,135113541295.541
IDA total,IDA,2008,156675624792.687
IDA total,IDA,2009,163035142965.888
IDA total,IDA,2010,174080388433.683
IDA total,IDA,2011,200745010475.355
IDA total,IDA,2012,207145526731.173
IDA total,IDA,2013,223781284464.933
IDA total,IDA,2014,238835523173.081
IDA total,IDA,2015,239372662653.329
IDA total,IDA,2016,251896058047.844
IDA total,IDA,2017,267593756107.921
IDA total,IDA,2018,276520700621.8
IDA total,IDA,2019,283978262317.466
IDA total,IDA,2020,291063965009.88
IDA total,IDA,2021,317917046449.872
IDA total,IDA,2022,336714753420.881
IDA total,IDA,2023,324351369735.896
IDA total,IDA,2024,343205329198.534
Iceland,ISL,1970,69875000.0
Iceland,ISL,1971,91893181.8181818
Iceland,ISL,1972,127682982.098346
Iceland,ISL,1973,169960057.694441
Iceland,ISL,1974,248076038.01901
Iceland,ISL,1975,235718932.986337
Iceland,ISL,1976,266579019.59708
Iceland,ISL,1977,355219490.119173
Iceland,ISL,1978,428360444.100181
Iceland,ISL,1979,502433352.240499
Iceland,ISL,1980,574099549.774887
Iceland,ISL,1981,603683175.991805
Iceland,ISL,1982,582840788.56819
Iceland,ISL,1983,504908907.208527
Iceland,ISL,1984,480428223.905697
Iceland,ISL,1985,527486924.112875
Iceland,ISL,1986,722038185.878815
Iceland,ISL,1987,1043729432.32706
Iceland,ISL,1988,1219243525.36383
Iceland,ISL,1989,1096205554.52317
Iceland,ISL,1990,1241164851.98288
Iceland,ISL,1991,1368721750.34706
Iceland,ISL,1992,1445058588.01409
Iceland,ISL,1993,1298959427.95607
Iceland,ISL,1994,1327209769.47404
Iceland,ISL,1995,1513407655.07785
Iceland,ISL,1996,1571216090.22556
Iceland,ISL,1997,1573756133.26695
Iceland,ISL,1998,1807958829.34061
Iceland,ISL,1999,1984190291.60037
Iceland,ISL,2000,2050365421.79709
Iceland,ISL,2001,1890071378.27612
Iceland,ISL,2002,2284716811.92908
Iceland,ISL,2003,2886449621.29607
Iceland,ISL,2004,3359059988.57415
Iceland,ISL,2005,4121526999.11244
Iceland,ISL,2006,4245222043.31718
Iceland,ISL,2007,5154313121.53618
Iceland,ISL,2008,4385200499.38657
Iceland,ISL,2009,3328566561.84486
Iceland,ISL,2010,3413181209.33053
Iceland,ISL,2011,3786468258.45916
Iceland,ISL,2012,3651907859.62993
Iceland,ISL,2013,3926469414.86616
Iceland,ISL,2014,4310378031.13899
Iceland,ISL,2015,4103819029.43956
Iceland,ISL,2016,4784455834.36996
Iceland,ISL,2017,5854981410.05311
Iceland,ISL,2018,6341262262.17402
Iceland,ISL,2019,6068494840.38969
Iceland,ISL,2020,6071654708.15595
Iceland,ISL,2021,7060279614.72975
Iceland,ISL,2022,7352273754.52899
Iceland,ISL,2023,7962723724.92283
India,IND,1960,2434156450.15645
India,IND,1961,2704945305.65531
India,IND,1962,3279987049.07705
India,IND,1963,4215148283.24828
India,IND,1964,4542440271.32027
India,IND,1965,5233601278.90128
India,IND,1966,3877499634.99038
India,IND,1967,4071544783.73333
India,IND,1968,4458218702.26667
India,IND,1969,4997119463.46667
India,IND,1970,5585091953.6
India,IND,1971,6515435536.31405
India,IND,1972,6670668779.78567
India,IND,1973,7189779958.45998
India,IND,1974,8599735911.0551
India,IND,1975,9342858644.13255
India,IND,1976,10045415618.0965
India,IND,1977,11188642615.9596
India,IND,1978,12960801619.1411
India,IND,1979,15138489045.5907
India,IND,1980,17984212014.3733
India,IND,1981,18625800114.5658
India,IND,1982,20417943019.2962
India,IND,1983,22025097264.3221
India,IND,1984,21970856689.919
India,IND,1985,25413960839.9387
India,IND,1986,28758522474.4848
India,IND,1987,33285953697.0351
India,IND,1988,34417333827.6
India,IND,1989,34233599309.1518
India,IND,1990,36224062036.939
India,IND,1991,29924231403.9138
India,IND,1992,31458044828.7105
India,IND,1993,30729964715.9822
India,IND,1994,34153792203.9115
India,IND,1995,37974677098.3764
India,IND,1996,40589741793.8297
India,IND,1997,45864894957.4331
India,IND,1998,50182477611.2604
India,IND,1999,55863709567.0988
India,IND,2000,55963126271.9725
India,IND,2001,57094798714.0268
India,IND,2002,58260703884.4037
India,IND,2003,66094802386.139
India,IND,2004,73785230628.5655
India,IND,2005,85042131081.0356
India,IND,2006,92168697919.314
India,IND,2007,119995955707.838
India,IND,2008,126345338308.574
India,IND,2009,153775903892.302
India,IND,2010,184445185751.038
India,IND,2011,202075479769.498
India,IND,2012,195262172598.014
India,IND,2013,191152452599.851
India,IND,2014,212902275825.009
India,IND,2015,219368309510.089
India,IND,2016,236560240175.816
India,IND,2017,285489509105.813
India,IND,2018,292543981715.747
India,IND,2019,311992555245.969
India,IND,2020,310615866617.677
India,IND,2021,331815250379.339
India,IND,2022,343144570892.613
India,IND,2023,374961664625.633
India,IND,2024,390552191410.791
Indonesia,IDN,1967,417828248.696695
Indonesia,IDN,1968,527857668.188346
Indonesia,IDN,1969,610429447.852761
Indonesia,IDN,1970,802739726.027397
Indonesia,IDN,1971,866758143.287439
Indonesia,IDN,1972,997590361.445783
Indonesia,IDN,1973,1725301204.81928
Indonesia,IDN,1974,2026506024.09639
Indonesia,IDN,1975,3020963855.42169
Indonesia,IDN,1976,3832530120.48193
Indonesia,IDN,1977,5005542168.6747
Indonesia,IDN,1978,6014930601.0161
Indonesia,IDN,1979,5992039309.19025
Indonesia,IDN,1980,7477312357.09202
Indonesia,IDN,1981,9161548544.35943
Indonesia,IDN,1982,10328838220.1782
Indonesia,IDN,1983,8883377594.05035
Indonesia,IDN,1984,8890773850.86424
Indonesia,IDN,1985,10264996668.4075
Indonesia,IDN,1986,8988818823.02558
Indonesia,IDN,1987,7156066655.562
Indonesia,IDN,1988,7567064347.62185
Indonesia,IDN,1989,8868399645.64163
Indonesia,IDN,1990,10119925224.4802
Indonesia,IDN,1991,10657020932.8224
Indonesia,IDN,1992,12183386537.4005
Indonesia,IDN,1993,14257437867.9777
Indonesia,IDN,1994,14353349531.4127
Indonesia,IDN,1995,15825045991.9485
Indonesia,IDN,1996,17204969474.4482
Indonesia,IDN,1997,14763283406.1994
Indonesia,IDN,1998,5434199705.76814
Indonesia,IDN,1999,9246328959.29841
Indonesia,IDN,2000,10779164212.8096
Indonesia,IDN,2001,11053285490.1216
Indonesia,IDN,2002,14199987339.966
Indonesia,IDN,2003,19085795197.2016
Indonesia,IDN,2004,21373625751.5732
Indonesia,IDN,2005,23182537744.9277
Indonesia,IDN,2006,31452113784.6363
Indonesia,IDN,2007,36074838967.2902
Indonesia,IDN,2008,42980542403.3756
Indonesia,IDN,2009,51741295652.6447
Indonesia,IDN,2010,68003137953.3797
Indonesia,IDN,2011,80891188503.8326
Indonesia,IDN,2012,84891845809.7643
Indonesia,IDN,2013,86851491925.0873
Indonesia,IDN,2014,83959519813.9993
Indonesia,IDN,2015,83928241098.2602
Indonesia,IDN,2016,88787505519.8318
Indonesia,IDN,2017,92630230194.9309
Indonesia,IDN,2018,94025731020.1751
Indonesia,IDN,2019,98575590881.8145
Indonesia,IDN,2020,102259693600.251
Indonesia,IDN,2021,109715858391.561
Indonesia,IDN,2022,101434316222.355
Indonesia,IDN,2023,102218768111.064
Indonesia,IDN,2024,107947174940.699
"Iran, Islamic Rep.",IRN,1960,441628884.173349
"Iran, Islamic Rep.",IRN,1961,463370613.855729
"Iran, Islamic Rep.",IRN,1962,482394627.327813
"Iran, Islamic Rep.",IRN,1963,547619816.374953
"Iran, Islamic Rep.",IRN,1964,672634762.04864
"Iran, Islamic Rep.",IRN,1965,890052058.872443
"Iran, Islamic Rep.",IRN,1966,1006913855.91524
"Iran, Islamic Rep.",IRN,1967,1152311673.16616
"Iran, Islamic Rep.",IRN,1968,1358858105.14877
"Iran, Islamic Rep.",IRN,1969,1629270868.07337
"Iran, Islamic Rep.",IRN,1970,1909195637.73402
"Iran, Islamic Rep.",IRN,1971,2565524339.59903
"Iran, Islamic Rep.",IRN,1972,3297948621.19607
"Iran, Islamic Rep.",IRN,1973,4678795521.13723
"Iran, Islamic Rep.",IRN,1974,9740058792.97091
"Iran, Islamic Rep.",IRN,1975,12344590770.7146
"Iran, Islamic Rep.",IRN,1976,14585955159.0398
"Iran, Islamic Rep.",IRN,1977,16398422908.6935
"Iran, Islamic Rep.",IRN,1978,18189908864.7797
"Iran, Islamic Rep.",IRN,1979,17862741722.8406
"Iran, Islamic Rep.",IRN,1980,19843191801.8069
"Iran, Islamic Rep.",IRN,1981,21558579205.2081
"Iran, Islamic Rep.",IRN,1982,23281068671.9477
"Iran, Islamic Rep.",IRN,1983,25387620380.135
"Iran, Islamic Rep.",IRN,1984,24524297056.4086
"Iran, Islamic Rep.",IRN,1985,28658015875.2643
"Iran, Islamic Rep.",IRN,1986,31876441355.0588
"Iran, Islamic Rep.",IRN,1987,19230685840.6078
"Iran, Islamic Rep.",IRN,1988,18500499586.2312
"Iran, Islamic Rep.",IRN,1989,14436464795.8833
"Iran, Islamic Rep.",IRN,1990,13537713758.0235
"Iran, Islamic Rep.",IRN,1991,13527424585.2169
"Iran, Islamic Rep.",IRN,1992,11635091871.1667
"Iran, Islamic Rep.",IRN,1993,9071295624.44444
"Iran, Islamic Rep.",IRN,1994,10311776642.982
"Iran, Islamic Rep.",IRN,1995,13741170714.8999
"Iran, Islamic Rep.",IRN,1996,14891714526.2244
"Iran, Islamic Rep.",IRN,1997,13206336896.0245
"Iran, Islamic Rep.",IRN,1998,14390152102.4017
"Iran, Islamic Rep.",IRN,1999,13452671230.1534
"Iran, Islamic Rep.",IRN,2000,14172524682.1846
"Iran, Islamic Rep.",IRN,2001,16331278175.0644
"Iran, Islamic Rep.",IRN,2002,15071353299.0324
"Iran, Islamic Rep.",IRN,2003,17347534250.3019
"Iran, Islamic Rep.",IRN,2004,21096673448.9964
"Iran, Islamic Rep.",IRN,2005,27167968428.1503
"Iran, Islamic Rep.",IRN,2006,33109757411.8978
"Iran, Islamic Rep.",IRN,2007,33144876531.5347
"Iran, Islamic Rep.",IRN,2008,40821143574.3054
"Iran, Islamic Rep.",IRN,2009,46301412781.3609
"Iran, Islamic Rep.",IRN,2010,52625627395.0285
"Iran, Islamic Rep.",IRN,2011,83044102526.3729
"Iran, Islamic Rep.",IRN,2012,85834251286.6395
"Iran, Islamic Rep.",IRN,2013,64921571013.1464
"Iran, Islamic Rep.",IRN,2014,59265492874.1559
"Iran, Islamic Rep.",IRN,2015,63706330298.7559
"Iran, Islamic Rep.",IRN,2016,72039732816.9964
"Iran, Islamic Rep.",IRN,2017,76780196940.4367
"Iran, Islamic Rep.",IRN,2018,62464681675.5346
"Iran, Islamic Rep.",IRN,2019,51749858433.4084
"Iran, Islamic Rep.",IRN,2020,38490833659.9818
"Iran, Islamic Rep.",IRN,2021,57339482799.0131
"Iran, Islamic Rep.",IRN,2022,53592272601.6029
"Iran, Islamic Rep.",IRN,2023,57420990804.0764
"Iran, Islamic Rep.",IRN,2024,62182961096.5777
Iraq,IRQ,1970,771959691.216124
Iraq,IRQ,1971,910608203.677511
Iraq,IRQ,1972,1045058576.14899
Iraq,IRQ,1973,1404423902.27798
Iraq,IRQ,1974,2650863528.61497
Iraq,IRQ,1975,2854724009.48188
Iraq,IRQ,1976,3918388079.91873
Iraq,IRQ,1977,3638333897.73112
Iraq,IRQ,1978,4687097866.57636
Iraq,IRQ,1979,5575008465.96681
Iraq,IRQ,1980,8170666666.66667
Iraq,IRQ,1981,11487333333.3333
Iraq,IRQ,1982,14894000000.0
Iraq,IRQ,1983,17662258064.5161
Iraq,IRQ,1984,16093870967.7419
Iraq,IRQ,1985,14296129032.2581
Iraq,IRQ,1986,16944516129.0323
Iraq,IRQ,1987,18302580645.1613
Iraq,IRQ,1988,20193548387.0968
Iraq,IRQ,1989,19322903225.8064
Iraq,IRQ,1990,19812903225.8064
Iraq,IRQ,1991,67562920.2689721
Iraq,IRQ,1992,41805675.8056758
Iraq,IRQ,1993,50600917.5783631
Iraq,IRQ,1994,102855973.813421
Iraq,IRQ,1995,300648410.268261
Iraq,IRQ,1996,254795287.848877
Iraq,IRQ,1997,1770019260.93058
Iraq,IRQ,1998,3636433997.47186
Iraq,IRQ,1999,4152386858.57991
Iraq,IRQ,2000,5725705809.83202
Iraq,IRQ,2001,5681976305.351
Iraq,IRQ,2002,6357232666.03522
Iraq,IRQ,2003,2690827714.46778
Iraq,IRQ,2004,9364935010.62609
Iraq,IRQ,2005,9997137175.98329
Iraq,IRQ,2006,10212510679.3886
Iraq,IRQ,2007,16635841270.9893
Iraq,IRQ,2008,21909048136.8511
Iraq,IRQ,2009,23518762971.9379
Iraq,IRQ,2010,26205763846.1538
Iraq,IRQ,2011,36542605384.6154
Iraq,IRQ,2012,36151711782.8377
Iraq,IRQ,2013,40956897682.5043
Iraq,IRQ,2014,41120840566.0377
Iraq,IRQ,2015,31130218826.7077
Iraq,IRQ,2016,30662853429.2972
Iraq,IRQ,2017,30526310641.8919
Iraq,IRQ,2018,36104794166.1382
Iraq,IRQ,2019,45127715143.824
Iraq,IRQ,2020,40718345382.1562
Iraq,IRQ,2021,37151768620.6897
Iraq,IRQ,2022,39568991862.069
Iraq,IRQ,2023,47128240623.2187
Iraq,IRQ,2024,50950757988.6923
Ireland,IRL,1970,716325836.325836
Ireland,IRL,1971,864699118.436182
Ireland,IRL,1972,1077555074.7443
Ireland,IRL,1973,1302880571.09782
Ireland,IRL,1974,1508944945.68219
Ireland,IRL,1975,1962515679.44251
Ireland,IRL,1976,1897345032.55024
Ireland,IRL,1977,2134752026.37725
Ireland,IRL,1978,2787689519.78254
Ireland,IRL,1979,3684766279.81947
Ireland,IRL,1980,4808310406.2146
Ireland,IRL,1981,4576095829.6362
Ireland,IRL,1982,4724379610.99933
Ireland,IRL,1983,4466665361.65215
Ireland,IRL,1984,4181219054.12327
Ireland,IRL,1985,4390852002.99825
Ireland,IRL,1986,5995139889.78381
Ireland,IRL,1987,6682351357.6779
Ireland,IRL,1988,6782460707.85843
Ireland,IRL,1989,6543063958.03103
Ireland,IRL,1990,8461023837.4365
Ireland,IRL,1991,9037851438.71213
Ireland,IRL,1992,10372314082.8085
Ireland,IRL,1993,9615111059.42551
Ireland,IRL,1994,10371545347.4676
Ireland,IRL,1995,11904449494.9495
Ireland,IRL,1996,12575623739.9194
Ireland,IRL,1997,13355521728.7488
Ireland,IRL,1998,14024160592.1274
Ireland,IRL,1999,14860002711.5556
Ireland,IRL,2000,14776534511.5091
Ireland,IRL,2001,16839201848.7693
Ireland,IRL,2002,20326188020.18
Ireland,IRL,2003,26439341444.3352
Ireland,IRL,2004,31422269907.4908
Ireland,IRL,2005,34021315579.0194
Ireland,IRL,2006,37675337582.1741
Ireland,IRL,2007,45500254635.8119
Ireland,IRL,2008,51377633112.3484
Ireland,IRL,2009,47384686578.3937
Ireland,IRL,2010,41421359694.5334
Ireland,IRL,2011,45639462239.611
Ireland,IRL,2012,41060207847.5684
Ireland,IRL,2013,40917878436.3989
Ireland,IRL,2014,42605490442.2187
Ireland,IRL,2015,36598735049.6394
Ireland,IRL,2016,38290230463.5468
Ireland,IRL,2017,41555959216.6542
Ireland,IRL,2018,46480523673.9835
Ireland,IRL,2019,48099775024.8705
Ireland,IRL,2020,55035413979.5752
Ireland,IRL,2021,62085132924.6192
Ireland,IRL,2022,60676523526.7629
Ireland,IRL,2023,67099768204.7855
Israel,ISR,1970,2643333333.33333
Israel,ISR,1971,2362500000.0
Israel,ISR,1972,2800000000.0
Israel,ISR,1973,4785000000.0
Israel,ISR,1974,6525000000.0
Israel,ISR,1975,6648333333.33333
Israel,ISR,1976,6037500000.0
Israel,ISR,1977,6312000000.0
Israel,ISR,1978,6378823529.41177
Israel,ISR,1979,7585200000.0
Israel,ISR,1980,9194313725.4902
Israel,ISR,1981,10090175438.5965
Israel,ISR,1982,9850246913.58025
Israel,ISR,1983,10121387900.3559
Israel,ISR,1984,10338635743.5198
Israel,ISR,1985,9182563406.56544
Israel,ISR,1986,9621223282.69929
Israel,ISR,1987,12643567038.7558
Israel,ISR,1988,14567965476.2649
Israel,ISR,1989,13739079524.1077
Israel,ISR,1990,16583803194.1276
Israel,ISR,1991,18512393049.8881
Israel,ISR,1992,19686461306.9822
Israel,ISR,1993,19830037807.8513
Israel,ISR,1994,22330008302.6137
Israel,ISR,1995,27230306512.1376
Israel,ISR,1996,29742785662.8129
Israel,ISR,1997,30378363773.4099
Israel,ISR,1998,30042811241.8094
Israel,ISR,1999,29608423074.1358
Israel,ISR,2000,31647121624.6045
Israel,ISR,2001,32703840026.6305
Israel,ISR,2002,31695148803.242
Israel,ISR,2003,32457162556.8169
Israel,ISR,2004,32974078536.3677
Israel,ISR,2005,33951056665.9982
Israel,ISR,2006,35793087661.0261
Israel,ISR,2007,40329651907.2077
Israel,ISR,2008,48256310758.0825
Israel,ISR,2009,46961833278.2341
Israel,ISR,2010,52478797263.956
Israel,ISR,2011,58373273888.373
Israel,ISR,2012,57999738357.5028
Israel,ISR,2013,65822211031.3854
Israel,ISR,2014,69089152791.073
Israel,ISR,2015,66513613224.1328
Israel,ISR,2016,70549551021.1166
Israel,ISR,2017,79091583167.2698
Israel,ISR,2018,84183866774.2227
Israel,ISR,2019,88689797625.0837
Israel,ISR,2020,96007736801.0353
Israel,ISR,2021,108358971509.814
Israel,ISR,2022,109688707973.893
Israel,ISR,2023,114268379549.306
Italy,ITA,1970,17048370508.0545
Italy,ITA,1971,20490252808.9888
Italy,ITA,1972,24718545816.7331
Italy,ITA,1973,28668067087.3464
Italy,ITA,1974,30974796070.259
Italy,ITA,1975,36352689798.3393
Italy,ITA,1976,34573254245.1733
Italy,ITA,1977,40399455782.3129
Italy,ITA,1978,51241900524.7547
Italy,ITA,1979,64337995805.1736
Italy,ITA,1980,78984628080.4884
Italy,ITA,1981,76956172713.3367
Italy,ITA,1982,76658460987.8311
Italy,ITA,1983,81248207547.1698
Italy,ITA,1984,79410936742.3408
Italy,ITA,1985,82680266707.2305
Italy,ITA,1986,115128160800.104
Italy,ITA,1987,150717393187.93
Italy,ITA,1988,170312865218.685
Italy,ITA,1989,175622537397.686
Italy,ITA,1990,231555578539.108
Italy,ITA,1991,245398546901.826
Italy,ITA,1992,257832974076.984
Italy,ITA,1993,206414547803.618
Italy,ITA,1994,205465022814.601
Italy,ITA,1995,204799714727.208
Italy,ITA,1996,231203413226.252
Italy,ITA,1997,219599818099.136
Italy,ITA,1998,222620720419.315
Italy,ITA,1999,219769498210.811
Italy,ITA,2000,203374865231.373
Italy,ITA,2001,214914365803.544
Italy,ITA,2002,236789626763.53
Italy,ITA,2003,299360466623.921
Italy,ITA,2004,346122039106.179
Italy,ITA,2005,364479883007.004
Italy,ITA,2006,379846267291.764
Italy,ITA,2007,421101305197.648
Italy,ITA,2008,471131511571.094
Italy,ITA,2009,454915260806.64
Italy,ITA,2010,439032285633.334
Italy,ITA,2011,454776836322.958
Italy,ITA,2012,413385894330.469
Italy,ITA,2013,424255354565.099
Italy,ITA,2014,422435350895.293
Italy,ITA,2015,350987745871.875
Italy,ITA,2016,357142289357.978
Italy,ITA,2017,369408004068.236
Italy,ITA,2018,394974959621.961
Italy,ITA,2019,374477657223.529
Italy,ITA,2020,392331799266.927
Italy,ITA,2021,418290303542.629
Italy,ITA,2022,395338678873.542
Italy,ITA,2023,409253687878.439
Japan,JPN,1970,23628373430.5556
Japan,JPN,1971,28552179317.3618
Japan,JPN,1972,38762776221.4581
Japan,JPN,1973,53580255773.1512
Japan,JPN,1974,65343773878.9554
Japan,JPN,1975,78229870948.0689
Japan,JPN,1976,86320746528.8608
Japan,JPN,1977,105939579062.232
Japan,JPN,1978,146355132504.632
Japan,JPN,1979,152881749840.285
Japan,JPN,1980,162070963849.47
Japan,JPN,1981,178964140969.403
Japan,JPN,1982,167871181848.804
Japan,JPN,1983,184627957275.368
Japan,JPN,1984,192558599711.606
Japan,JPN,1985,199724737335.025
Japan,JPN,1986,295121404131.74
Japan,JPN,1987,357643073200.242
Japan,JPN,1988,421035382285.214
Japan,JPN,1989,414699009309.648
Japan,JPN,1990,424341039763.8
Japan,JPN,1991,487392980453.088
Japan,JPN,1992,547053208297.112
Japan,JPN,1993,650976907816.521
Japan,JPN,1994,737238253831.899
Japan,JPN,1995,836255948356.149
Japan,JPN,1996,745693795958.966
Japan,JPN,1997,687431864710.487
Japan,JPN,1998,642025189201.659
Japan,JPN,1999,751806740247.29
Japan,JPN,2000,822223253267.511
Japan,JPN,2001,753718662803.662
Japan,JPN,2002,743496985357.45
Japan,JPN,2003,806130238455.666
Japan,JPN,2004,867224312108.917
Japan,JPN,2005,857290356765.035
Japan,JPN,2006,809666094292.915
Japan,JPN,2007,807607417189.298
Japan,JPN,2008,920480458980.548
Japan,JPN,2009,1022656810241.73
Japan,JPN,2010,1105891299116.11
Japan,JPN,2011,1239486203193.64
Japan,JPN,2012,1251796339273.82
Japan,JPN,2013,1034874929709.26
Japan,JPN,2014,975783790301.09
Japan,JPN,2015,871995122465.117
Japan,JPN,2016,983585325457.22
Japan,JPN,2017,957164068982.6
Japan,JPN,2018,986181530452.523
Japan,JPN,2019,1020789294971.31
Japan,JPN,2020,1060124962341.54
Japan,JPN,2021,1070605657157.72
Japan,JPN,2022,919257866248.652
Jordan,JOR,1976,572619682.333132
Jordan,JOR,1977,568535565.361849
Jordan,JOR,1978,766952965.235174
Jordan,JOR,1979,1122420779.60131
Jordan,JOR,1980,1141898128.72367
Jordan,JOR,1981,1381217977.6233
Jordan,JOR,1982,1355775450.22298
Jordan,JOR,1983,1303848473.74814
Jordan,JOR,1984,1390503686.94159
Jordan,JOR,1985,1347355083.94045
Jordan,JOR,1986,1618728676.5
Jordan,JOR,1987,1733444819.01796
Jordan,JOR,1988,1614514870.74263
Jordan,JOR,1989,1076968059.92593
Jordan,JOR,1990,1000283255.38788
Jordan,JOR,1991,1089788592.76275
Jordan,JOR,1992,1162958321.19773
Jordan,JOR,1993,1238217163.57485
Jordan,JOR,1994,1410619722.34149
Jordan,JOR,1995,1585759132.42009
Jordan,JOR,1996,1698307475.31735
Jordan,JOR,1997,1851198871.65021
Jordan,JOR,1998,1928067700.98731
Jordan,JOR,1999,1955853314.5275
Jordan,JOR,2000,2005077574.04796
Jordan,JOR,2001,2057030986.63861
Jordan,JOR,2002,2174330042.31312
Jordan,JOR,2003,2363892806.7701
Jordan,JOR,2004,2430324400.56418
Jordan,JOR,2005,2458674188.99859
Jordan,JOR,2006,3107616361.07193
Jordan,JOR,2007,3525246826.51622
Jordan,JOR,2008,4163924770.35004
Jordan,JOR,2009,5133802816.90141
Jordan,JOR,2010,5222535211.26761
Jordan,JOR,2011,5923943661.97183
Jordan,JOR,2012,6046478873.23944
Jordan,JOR,2013,6292957746.47887
Jordan,JOR,2014,6714084507.04225
Jordan,JOR,2015,6877464788.7324
Jordan,JOR,2016,6881690140.84507
Jordan,JOR,2017,7050704225.35211
Jordan,JOR,2018,7261971830.98592
Jordan,JOR,2019,7285915492.95775
Jordan,JOR,2020,7232394366.19718
Jordan,JOR,2021,7333802816.90141
Kazakhstan,KAZ,1992,4535123966.94215
Kazakhstan,KAZ,1993,3253162542.76394
Kazakhstan,KAZ,1994,2269962664.09731
Kazakhstan,KAZ,1995,2767256151.82641
Kazakhstan,KAZ,1996,2715905614.95669
Kazakhstan,KAZ,1997,2744291632.14582
Kazakhstan,KAZ,1998,2386487175.4565
Kazakhstan,KAZ,1999,1947008957.65683
Kazakhstan,KAZ,2000,2209084198.42656
Kazakhstan,KAZ,2001,2971574093.97062
Kazakhstan,KAZ,2002,2860187125.10357
Kazakhstan,KAZ,2003,3471117556.80478
Kazakhstan,KAZ,2004,5011849156.46709
Kazakhstan,KAZ,2005,6425572697.17038
Kazakhstan,KAZ,2006,8246891842.98088
Kazakhstan,KAZ,2007,11590028595.2741
Kazakhstan,KAZ,2008,13595693476.4145
Kazakhstan,KAZ,2009,13448366938.3526
Kazakhstan,KAZ,2010,16007389637.2705
Kazakhstan,KAZ,2011,20179255836.038
Kazakhstan,KAZ,2012,23964769553.1897
Kazakhstan,KAZ,2013,24073682070.4474
Kazakhstan,KAZ,2014,23668612335.6395
Kazakhstan,KAZ,2015,21449398169.606
Kazakhstan,KAZ,2016,15966640168.3423
Kazakhstan,KAZ,2017,17574560801.3015
Kazakhstan,KAZ,2018,14923239491.5696
Kazakhstan,KAZ,2019,16590140851.4402
Kazakhstan,KAZ,2020,21799390344.1869
Kazakhstan,KAZ,2021,22215235233.0025
Kazakhstan,KAZ,2022,23675467929.9816
Kazakhstan,KAZ,2023,29449479464.6674
Kazakhstan,KAZ,2024,31451548897.833
Kenya,KEN,1960,86715965.3136139
Kenya,KEN,1961,95381961.8472153
Kenya,KEN,1962,100701959.719216
Kenya,KEN,1963,106287957.484817
Kenya,KEN,1964,138319944.672022
Kenya,KEN,1965,148119940.752024
Kenya,KEN,1966,159879936.048026
Kenya,KEN,1967,174159930.336028
Kenya,KEN,1968,205799917.680033
Kenya,KEN,1969,239679904.128038
Kenya,KEN,1970,260679895.728042
Kenya,KEN,1971,319759872.096051
Kenya,KEN,1972,371559851.376059
Kenya,KEN,1973,412786851.153346
Kenya,KEN,1974,505959797.616081
Kenya,KEN,1975,597287991.749638
Kenya,KEN,1976,606658663.140175
Kenya,KEN,1977,773268027.62645
Kenya,KEN,1978,1035011462.10506
Kenya,KEN,1979,1196739827.07604
Kenya,KEN,1980,1438777755.87057
Kenya,KEN,1981,1274164415.39971
Kenya,KEN,1982,1185535131.02751
Kenya,KEN,1983,1101467248.24827
Kenya,KEN,1984,1076185272.87076
Kenya,KEN,1985,1071194904.46666
Kenya,KEN,1986,1326176639.56446
Kenya,KEN,1987,1480082156.28899
Kenya,KEN,1988,1537873793.46485
Kenya,KEN,1989,1495649500.85957
Kenya,KEN,1990,1598096109.81425
Kenya,KEN,1991,1367114360.41188
Kenya,KEN,1992,1287376695.28225
Kenya,KEN,1993,832856720.723987
Kenya,KEN,1994,1083296647.71503
Kenya,KEN,1995,1342738172.99776
Kenya,KEN,1996,1828630713.61087
Kenya,KEN,1997,2037685111.25532
Kenya,KEN,1998,2290269304.10309
Kenya,KEN,1999,2031546784.32369
Kenya,KEN,2000,1912700535.8229
Kenya,KEN,2001,2074243506.17529
Kenya,KEN,2002,2245370495.59219
Kenya,KEN,2003,2702385577.23331
Kenya,KEN,2004,2874637822.10782
Kenya,KEN,2005,3256685880.57865
Kenya,KEN,2006,3705185938.55397
Kenya,KEN,2007,4675359787.03935
Kenya,KEN,2008,5626198946.73388
Kenya,KEN,2009,5739993794.6013
Kenya,KEN,2010,5881376522.79692
Kenya,KEN,2011,5945224886.57626
Kenya,KEN,2012,6920652483.375
Kenya,KEN,2013,7303518034.96955
Kenya,KEN,2014,8018455960.66084
Kenya,KEN,2015,8924004944.34354
Kenya,KEN,2016,9434016579.12873
Kenya,KEN,2017,10119268440.2249
Kenya,KEN,2018,11385859611.6187
Kenya,KEN,2019,12216855990.9886
Kenya,KEN,2020,12559701300.4508
Kenya,KEN,2021,13325547450.3685
Kenya,KEN,2022,13978001745.6944
Kenya,KEN,2023,12660341650.3068
Kenya,KEN,2024,13424600702.5401
Kiribati,KIR,2006,73996866.0432102
Kiribati,KIR,2007,86312306.4468082
Kiribati,KIR,2008,92493269.6208117
Kiribati,KIR,2009,86360321.7817342
Kiribati,KIR,2010,95741845.945408
Kiribati,KIR,2011,112580013.631183
Kiribati,KIR,2012,121531251.432674
Kiribati,KIR,2013,113459548.959099
Kiribati,KIR,2014,127997255.529344
Kiribati,KIR,2015,106444224.510615
Kiribati,KIR,2016,122544088.133921
Kiribati,KIR,2017,127157072.723831
Kiribati,KIR,2018,140439465.457166
Kiribati,KIR,2019,134676183.947206
Kiribati,KIR,2020,120445085.199765
Kiribati,KIR,2021,152805824.795076
Kiribati,KIR,2022,166636504.955385
Kiribati,KIR,2023,161353338.715817
"Korea, Rep.",KOR,1960,563960396.039604
"Korea, Rep.",KOR,1961,321335473.432929
"Korea, Rep.",KOR,1962,381538461.538462
"Korea, Rep.",KOR,1963,420000000.0
"Korea, Rep.",KOR,1964,283848195.927269
"Korea, Rep.",KOR,1965,279278440.605283
"Korea, Rep.",KOR,1966,380338139.770581
"Korea, Rep.",KOR,1967,479452839.695294
"Korea, Rep.",KOR,1968,621373963.021201
"Korea, Rep.",KOR,1969,761727479.934814
"Korea, Rep.",KOR,1970,890983198.510541
"Korea, Rep.",KOR,1971,1008216968.29158
"Korea, Rep.",KOR,1972,1137201821.7627
"Korea, Rep.",KOR,1973,1232671983.47466
"Korea, Rep.",KOR,1974,1877259887.87866
"Korea, Rep.",KOR,1975,2415909090.90909
"Korea, Rep.",KOR,1976,3233471074.38017
"Korea, Rep.",KOR,1977,4118595041.32231
"Korea, Rep.",KOR,1978,5149380165.28926
"Korea, Rep.",KOR,1979,6556404958.67769
"Korea, Rep.",KOR,1980,7739296135.78463
"Korea, Rep.",KOR,1981,8716818375.97645
"Korea, Rep.",KOR,1982,9161188273.52581
"Korea, Rep.",KOR,1983,9689998676.11698
"Korea, Rep.",KOR,1984,10205765483.2813
"Korea, Rep.",KOR,1985,10652283855.5436
"Korea, Rep.",KOR,1986,11903511265.8151
"Korea, Rep.",KOR,1987,14696179948.758
"Korea, Rep.",KOR,1988,19708851361.0228
"Korea, Rep.",KOR,1989,26430481351.118
"Korea, Rep.",KOR,1990,30981504857.1261
"Korea, Rep.",KOR,1991,35361264481.9352
"Korea, Rep.",KOR,1992,39203316002.4943
"Korea, Rep.",KOR,1993,42171460578.8575
"Korea, Rep.",KOR,1994,47668803545.9268
"Korea, Rep.",KOR,1995,57124108924.813
"Korea, Rep.",KOR,1996,63817999130.5897
"Korea, Rep.",KOR,1997,58692351390.0925
"Korea, Rep.",KOR,1998,44154687828.5691
"Korea, Rep.",KOR,1999,55567187102.9403
"Korea, Rep.",KOR,2000,63129074257.8744
"Korea, Rep.",KOR,2001,64421648239.2723
"Korea, Rep.",KOR,2002,73564511793.4521
"Korea, Rep.",KOR,2003,85182855323.4763
"Korea, Rep.",KOR,2004,97849141095.3383
"Korea, Rep.",KOR,2005,119857043635.75
"Korea, Rep.",KOR,2006,140252966488.46
"Korea, Rep.",KOR,2007,156591828764.757
"Korea, Rep.",KOR,2008,145922945007.684
"Korea, Rep.",KOR,2009,137189900777.646
"Korea, Rep.",KOR,2010,161081057710.6
"Korea, Rep.",KOR,2011,179183390356.525
"Korea, Rep.",KOR,2012,186983268736.332
"Korea, Rep.",KOR,2013,204579616569.215
"Korea, Rep.",KOR,2014,225454769955.549
"Korea, Rep.",KOR,2015,220822536755.522
"Korea, Rep.",KOR,2016,228053507700.724
"Korea, Rep.",KOR,2017,249247657472.921
"Korea, Rep.",KOR,2018,276196451926.728
"Korea, Rep.",KOR,2019,281270253977.857
"Korea, Rep.",KOR,2020,296192772848.286
"Korea, Rep.",KOR,2021,330667981873.71
"Korea, Rep.",KOR,2022,317370055204.92
"Korea, Rep.",KOR,2023,327916747245.172
"Korea, Rep.",KOR,2024,327904281653.984
Kosovo,XKX,2008,524665299.545921
Kosovo,XKX,2009,567028341.205891
Kosovo,XKX,2010,656130312.643757
Kosovo,XKX,2011,804970393.115947
Kosovo,XKX,2012,802431591.416583
Kosovo,XKX,2013,872026509.240383
Kosovo,XKX,2014,961206438.447886
Kosovo,XKX,2015,856745175.835685
Kosovo,XKX,2016,807589152.787017
Kosovo,XKX,2017,848979127.392988
Kosovo,XKX,2018,953534556.996567
Kosovo,XKX,2019,986317321.648738
Kosovo,XKX,2020,1073699851.88113
Kosovo,XKX,2021,1211725097.5925
Kosovo,XKX,2022,1103105336.37786
Kosovo,XKX,2023,1318926471.25616
Kosovo,XKX,2024,1389852059.1055
Kuwait,KWT,1965,277199889.120044
Kuwait,KWT,1966,330399867.840053
Kuwait,KWT,1967,377999848.800061
Kuwait,KWT,1968,403199838.720065
Kuwait,KWT,1969,425599829.760068
Kuwait,KWT,1970,390039843.984062
Kuwait,KWT,1971,486663783.565198
Kuwait,KWT,1972,603741005.444613
Kuwait,KWT,1973,723601688.628731
Kuwait,KWT,1974,952069070.20614
Kuwait,KWT,1975,1329163678.49065
Kuwait,KWT,1976,1478519906.8358
Kuwait,KWT,1977,2045951020.00935
Kuwait,KWT,1978,2239204807.80068
Kuwait,KWT,1979,2763726362.86663
Kuwait,KWT,1980,3199813538.44105
Kuwait,KWT,1981,3562602005.1294
Kuwait,KWT,1982,4158229452.85175
Kuwait,KWT,1983,4416163196.41001
Kuwait,KWT,1984,4543541555.485
Kuwait,KWT,1985,4804274604.0771
Kuwait,KWT,1986,4828679089.4544
Kuwait,KWT,1987,4929538546.55982
Kuwait,KWT,1988,5435851112.24998
Kuwait,KWT,1989,6175049952.51533
Kuwait,KWT,1990,7140625000.0
Kuwait,KWT,1991,8392051190.94942
Kuwait,KWT,1992,11031356850.7157
Kuwait,KWT,1993,8586423841.0596
Kuwait,KWT,1994,8429292929.29293
Kuwait,KWT,1995,8753283654.1039
Kuwait,KWT,1996,8585246268.48224
Kuwait,KWT,1997,8081450738.25857
Kuwait,KWT,1998,7913215818.55648
Kuwait,KWT,1999,8091913998.98165
Kuwait,KWT,2000,8101658668.89213
Kuwait,KWT,2001,8244696460.82913
Kuwait,KWT,2002,9638911007.71929
Kuwait,KWT,2003,11010294887.4542
Kuwait,KWT,2004,11802171700.0339
Kuwait,KWT,2005,12693835616.4384
Kuwait,KWT,2006,14110401962.9466
Kuwait,KWT,2007,16055155622.172
Kuwait,KWT,2008,19744223072.0014
Kuwait,KWT,2009,19581979602.8285
Kuwait,KWT,2010,19771324496.6103
Kuwait,KWT,2011,22924084803.5539
Kuwait,KWT,2012,26210977151.9204
Kuwait,KWT,2013,28540653904.0654
Kuwait,KWT,2014,28879259717.3952
Kuwait,KWT,2015,27720320622.7647
Kuwait,KWT,2016,28123492984.9704
Kuwait,KWT,2017,29473429701.6647
Kuwait,KWT,2018,31861695412.5767
Kuwait,KWT,2019,34372693018.3689
Kuwait,KWT,2020,33511084696.9464
Kuwait,KWT,2021,37668038044.9737
Kuwait,KWT,2022,38331755102.0408
Kuwait,KWT,2023,40681022836.4015
Kyrgyz Republic,KGZ,1990,665050655.727516
Kyrgyz Republic,KGZ,1991,555173835.371719
Kyrgyz Republic,KGZ,1992,494740261.362785
Kyrgyz Republic,KGZ,1993,410977666.757726
Kyrgyz Republic,KGZ,1994,317922512.596705
Kyrgyz Republic,KGZ,1995,324562147.194927
Kyrgyz Republic,KGZ,1996,338430897.801382
Kyrgyz Republic,KGZ,1997,305764078.928417
Kyrgyz Republic,KGZ,1998,293877727.911859
Kyrgyz Republic,KGZ,1999,238826890.79937
Kyrgyz Republic,KGZ,2000,274504790.725357
Kyrgyz Republic,KGZ,2001,266525611.782555
Kyrgyz Republic,KGZ,2002,298958002.67157
Kyrgyz Republic,KGZ,2003,322988358.471226
Kyrgyz Republic,KGZ,2004,401893912.758128
Kyrgyz Republic,KGZ,2005,430785553.267679
Kyrgyz Republic,KGZ,2006,509791322.669097
Kyrgyz Republic,KGZ,2007,650354616.219949
Kyrgyz Republic,KGZ,2008,900556867.455965
Kyrgyz Republic,KGZ,2009,864451021.799591
Kyrgyz Republic,KGZ,2010,869077390.366398
Kyrgyz Republic,KGZ,2011,1129694257.96922
Kyrgyz Republic,KGZ,2012,1328020251.00629
Kyrgyz Republic,KGZ,2013,1353093029.59477
Kyrgyz Republic,KGZ,2014,1304926460.54843
Kyrgyz Republic,KGZ,2015,1185735347.03519
Kyrgyz Republic,KGZ,2016,1187805326.61339
Kyrgyz Republic,KGZ,2017,1319526595.94334
Kyrgyz Republic,KGZ,2018,1420124136.55253
Kyrgyz Republic,KGZ,2019,1471382115.91571
Kyrgyz Republic,KGZ,2020,1519473900.3885
Kyrgyz Republic,KGZ,2021,1538403065.13091
Kyrgyz Republic,KGZ,2022,2036929236.45909
Kyrgyz Republic,KGZ,2023,2426068729.68653
Kyrgyz Republic,KGZ,2024,2693392506.80603
Lao PDR,LAO,1984,114285717.55102
Lao PDR,LAO,1985,206666660.0
Lao PDR,LAO,1986,153684210.116343
Lao PDR,LAO,1987,90225395.0216141
Lao PDR,LAO,1988,65049029.8766364
Lao PDR,LAO,2000,111862553.846154
Lao PDR,LAO,2001,114731128.204551
Lao PDR,LAO,2002,156535359.421299
Lao PDR,LAO,2003,154956976.502472
Lao PDR,LAO,2004,183278849.103482
Lao PDR,LAO,2005,223371654.257766
Lao PDR,LAO,2006,261626132.322611
Lao PDR,LAO,2007,334306320.062115
Lao PDR,LAO,2008,423333864.939004
Lao PDR,LAO,2009,780841570.007256
Lao PDR,LAO,2010,848554099.118636
Lao PDR,LAO,2011,1011927952.79068
Lao PDR,LAO,2012,1367545019.36514
Lao PDR,LAO,2013,2046014173.77763
Lao PDR,LAO,2014,2015862383.3493
Lao PDR,LAO,2015,2179343404.3652
Lao PDR,LAO,2016,2223126531.63537
Late-demographic dividend,LTE,1960,26302089978.8723
Late-demographic dividend,LTE,1961,26413696978.8807
Late-demographic dividend,LTE,1962,24673743199.2049
Late-demographic dividend,LTE,1963,28284998602.2095
Late-demographic dividend,LTE,1964,29531191240.4826
Late-demographic dividend,LTE,1965,31712986885.7108
Late-demographic dividend,LTE,1966,35991667178.2258
Late-demographic dividend,LTE,1967,34649973401.9751
Late-demographic dividend,LTE,1968,35751480751.9473
Late-demographic dividend,LTE,1969,40738085536.5432
Late-demographic dividend,LTE,1970,45915141336.1943
Late-demographic dividend,LTE,1971,53681122513.4551
Late-demographic dividend,LTE,1972,61647998487.4378
Late-demographic dividend,LTE,1973,74506696337.588
Late-demographic dividend,LTE,1974,86915188110.0221
Late-demographic dividend,LTE,1975,98704430975.8975
Late-demographic dividend,LTE,1976,108946470073.364
Late-demographic dividend,LTE,1977,121728674521.039
Late-demographic dividend,LTE,1978,129343658056.677
Late-demographic dividend,LTE,1979,157092587193.921
Late-demographic dividend,LTE,1980,174824045559.43
Late-demographic dividend,LTE,1981,184044187027.063
Late-demographic dividend,LTE,1982,195272719016.48
Late-demographic dividend,LTE,1983,187105243244.625
Late-demographic dividend,LTE,1984,197320075934.47
Late-demographic dividend,LTE,1985,217445661836.658
Late-demographic dividend,LTE,1986,233935894998.832
Late-demographic dividend,LTE,1987,242115849335.553
Late-demographic dividend,LTE,1988,267995511083.253
Late-demographic dividend,LTE,1989,313918543458.637
Late-demographic dividend,LTE,1990,348213857135.861
Late-demographic dividend,LTE,1991,316480010313.67
Late-demographic dividend,LTE,1992,306306010238.163
Late-demographic dividend,LTE,1993,347289165305.425
Late-demographic dividend,LTE,1994,394245859515.145
Late-demographic dividend,LTE,1995,506418761632.901
Late-demographic dividend,LTE,1996,546986845662.422
Late-demographic dividend,LTE,1997,584181641625.987
Late-demographic dividend,LTE,1998,566743363858.47
Late-demographic dividend,LTE,1999,519167652071.355
Late-demographic dividend,LTE,2000,557253288729.286
Late-demographic dividend,LTE,2001,582221149413.641
Late-demographic dividend,LTE,2002,619479650071.611
Late-demographic dividend,LTE,2003,688263673464.367
Late-demographic dividend,LTE,2004,795849622088.768
Late-demographic dividend,LTE,2005,961873672025.645
Late-demographic dividend,LTE,2006,1162761212687.31
Late-demographic dividend,LTE,2007,1461590854542.11
Late-demographic dividend,LTE,2008,1823840253963.34
Late-demographic dividend,LTE,2009,1865496776438.44
Late-demographic dividend,LTE,2010,2179669893696.23
Late-demographic dividend,LTE,2011,2658839157370.0
Late-demographic dividend,LTE,2012,2878155042684.95
Late-demographic dividend,LTE,2013,3141827359570.99
Late-demographic dividend,LTE,2014,3249121606698.14
Late-demographic dividend,LTE,2015,3087107797972.55
Late-demographic dividend,LTE,2016,3133754066063.65
Late-demographic dividend,LTE,2017,3476289836862.38
Late-demographic dividend,LTE,2018,3822490758866.91
Late-demographic dividend,LTE,2019,3971081981098.0
Late-demographic dividend,LTE,2020,4046400092771.69
Late-demographic dividend,LTE,2021,4479861371607.4
Late-demographic dividend,LTE,2022,4673493731021.43
Late-demographic dividend,LTE,2023,4888858182443.35
Late-demographic dividend,LTE,2024,4974064675718.25
Latin America & Caribbean,LCN,1960,7943971690.48028
Latin America & Caribbean,LCN,1961,8277947792.53623
Latin America & Caribbean,LCN,1962,9707418811.02188
Latin America & Caribbean,LCN,1963,10399024797.2559
Latin America & Caribbean,LCN,1964,10178779938.5473
Latin America & Caribbean,LCN,1965,11122012219.7669
Latin America & Caribbean,LCN,1966,13324690134.6272
Latin America & Caribbean,LCN,1967,13440778101.3232
Latin America & Caribbean,LCN,1968,14440854617.4654
Latin America & Caribbean,LCN,1969,16102990716.4762
Latin America & Caribbean,LCN,1970,18548228529.9285
Latin America & Caribbean,LCN,1971,21565623956.0488
Latin America & Caribbean,LCN,1972,24247544262.3891
Latin America & Caribbean,LCN,1973,32180523290.7724
Latin America & Caribbean,LCN,1974,42001553845.9373
Latin America & Caribbean,LCN,1975,45839472520.1059
Latin America & Caribbean,LCN,1976,49496133620.4218
Latin America & Caribbean,LCN,1977,52112705313.4088
Latin America & Caribbean,LCN,1978,64288062401.7564
Latin America & Caribbean,LCN,1979,72107114708.6146
Latin America & Caribbean,LCN,1980,83818292324.4263
Latin America & Caribbean,LCN,1981,100058813144.082
Latin America & Caribbean,LCN,1982,93840180826.9177
Latin America & Caribbean,LCN,1983,77086232872.366
Latin America & Caribbean,LCN,1984,75641534994.1354
Latin America & Caribbean,LCN,1985,79050440549.178
Latin America & Caribbean,LCN,1986,82837907350.5387
Latin America & Caribbean,LCN,1987,92281404004.981
Latin America & Caribbean,LCN,1988,100848928141.299
Latin America & Caribbean,LCN,1989,123488469003.37
Latin America & Caribbean,LCN,1990,142687765738.395
Latin America & Caribbean,LCN,1991,138766639328.617
Latin America & Caribbean,LCN,1992,145529651591.829
Latin America & Caribbean,LCN,1993,193646239497.513
Latin America & Caribbean,LCN,1994,234659547370.655
Latin America & Caribbean,LCN,1995,292295772716.66
Latin America & Caribbean,LCN,1996,306242598455.034
Latin America & Caribbean,LCN,1997,336151503066.784
Latin America & Caribbean,LCN,1998,343954521870.928
Latin America & Caribbean,LCN,1999,299876082533.619
Latin America & Caribbean,LCN,2000,318676885583.54
Latin America & Caribbean,LCN,2001,315540121088.869
Latin America & Caribbean,LCN,2002,283216145276.395
Latin America & Caribbean,LCN,2003,291812301162.235
Latin America & Caribbean,LCN,2004,327145298479.373
Latin America & Caribbean,LCN,2005,402792998826.653
Latin America & Caribbean,LCN,2006,476025100808.442
Latin America & Caribbean,LCN,2007,573300477066.992
Latin America & Caribbean,LCN,2008,678391411342.264
Latin America & Caribbean,LCN,2009,695029153719.541
Latin America & Caribbean,LCN,2010,835253479029.876
Latin America & Caribbean,LCN,2011,952703886868.828
Latin America & Caribbean,LCN,2012,948338074528.767
Latin America & Caribbean,LCN,2013,991836112957.894
Latin America & Caribbean,LCN,2014,1003710428913.23
Latin America & Caribbean,LCN,2015,874364939552.641
Latin America & Caribbean,LCN,2016,863298414648.699
Latin America & Caribbean,LCN,2017,959378634392.113
Latin America & Caribbean,LCN,2018,912295801094.064
Latin America & Caribbean,LCN,2019,903167879607.947
Latin America & Caribbean,LCN,2020,807359106177.033
Latin America & Caribbean,LCN,2021,867211410235.328
Latin America & Caribbean,LCN,2022,967622053190.407
Latin America & Caribbean,LCN,2023,1110014562487.94
Latin America & Caribbean,LCN,2024,1117151381418.12
Latin America & Caribbean (excluding high income),LAC,1960,5805737702.65844
Latin America & Caribbean (excluding high income),LAC,1961,6091347453.85837
Latin America & Caribbean (excluding high income),LAC,1962,7170893046.24486
Latin America & Caribbean (excluding high income),LAC,1963,7765564593.89789
Latin America & Caribbean (excluding high income),LAC,1964,7649367352.82038
Latin America & Caribbean (excluding high income),LAC,1965,8377818558.19691
Latin America & Caribbean (excluding high income),LAC,1966,10264998157.4296
Latin America & Caribbean (excluding high income),LAC,1967,10225184468.2816
Latin America & Caribbean (excluding high income),LAC,1968,10998712953.8606
Latin America & Caribbean (excluding high income),LAC,1969,12207911689.0317
Latin America & Caribbean (excluding high income),LAC,1970,13995892342.1924
Latin America & Caribbean (excluding high income),LAC,1971,15884263412.9639
Latin America & Caribbean (excluding high income),LAC,1972,18065137257.7445
Latin America & Caribbean (excluding high income),LAC,1973,24746912696.9871
Latin America & Caribbean (excluding high income),LAC,1974,32858505281.2667
Latin America & Caribbean (excluding high income),LAC,1975,36876497319.3642
Latin America & Caribbean (excluding high income),LAC,1976,39156743457.5286
Latin America & Caribbean (excluding high income),LAC,1977,40218780449.5747
Latin America & Caribbean (excluding high income),LAC,1978,51049677003.1922
Latin America & Caribbean (excluding high income),LAC,1979,56393559479.4896
Latin America & Caribbean (excluding high income),LAC,1980,64697255787.3029
Latin America & Caribbean (excluding high income),LAC,1981,77811205289.372
Latin America & Caribbean (excluding high income),LAC,1982,73263718475.2362
Latin America & Caribbean (excluding high income),LAC,1983,57597503031.6922
Latin America & Caribbean (excluding high income),LAC,1984,59589228875.6746
Latin America & Caribbean (excluding high income),LAC,1985,62821795217.0753
Latin America & Caribbean (excluding high income),LAC,1986,65402672861.6783
Latin America & Caribbean (excluding high income),LAC,1987,76228371477.9126
Latin America & Caribbean (excluding high income),LAC,1988,82845497573.3006
Latin America & Caribbean (excluding high income),LAC,1989,106378243787.781
Latin America & Caribbean (excluding high income),LAC,1990,124353870906.238
Latin America & Caribbean (excluding high income),LAC,1991,118595278504.783
Latin America & Caribbean (excluding high income),LAC,1992,123613143040.586
Latin America & Caribbean (excluding high income),LAC,1993,169831979463.957
Latin America & Caribbean (excluding high income),LAC,1994,209321918202.025
Latin America & Caribbean (excluding high income),LAC,1995,262013755163.809
Latin America & Caribbean (excluding high income),LAC,1996,275079331783.758
Latin America & Caribbean (excluding high income),LAC,1997,294484286501.403
Latin America & Caribbean (excluding high income),LAC,1998,300949130094.536
Latin America & Caribbean (excluding high income),LAC,1999,257159105474.421
Latin America & Caribbean (excluding high income),LAC,2000,272787925641.6
Latin America & Caribbean (excluding high income),LAC,2001,266810654659.82
Latin America & Caribbean (excluding high income),LAC,2002,240521094683.309
Latin America & Caribbean (excluding high income),LAC,2003,249729858077.188
Latin America & Caribbean (excluding high income),LAC,2004,278996970316.254
Latin America & Caribbean (excluding high income),LAC,2005,346862105313.538
Latin America & Caribbean (excluding high income),LAC,2006,409741940466.432
Latin America & Caribbean (excluding high income),LAC,2007,494288898626.261
Latin America & Caribbean (excluding high income),LAC,2008,584407721390.875
Latin America & Caribbean (excluding high income),LAC,2009,589086192976.889
Latin America & Caribbean (excluding high income),LAC,2010,720143971270.93
Latin America & Caribbean (excluding high income),LAC,2011,837386835937.448
Latin America & Caribbean (excluding high income),LAC,2012,829343858797.176
Latin America & Caribbean (excluding high income),LAC,2013,865893828167.86
Latin America & Caribbean (excluding high income),LAC,2014,877393189412.091
Latin America & Caribbean (excluding high income),LAC,2015,757523616756.156
Latin America & Caribbean (excluding high income),LAC,2016,742544936054.785
Latin America & Caribbean (excluding high income),LAC,2017,825468351002.191
Latin America & Caribbean (excluding high income),LAC,2018,777061137094.651
Latin America & Caribbean (excluding high income),LAC,2019,768742807145.886
Latin America & Caribbean (excluding high income),LAC,2020,680335355122.187
Latin America & Caribbean (excluding high income),LAC,2021,730004731201.192
Latin America & Caribbean (excluding high income),LAC,2022,824682695634.913
Latin America & Caribbean (excluding high income),LAC,2023,946967866269.034
Latin America & Caribbean (excluding high income),LAC,2024,952271267710.502
Latin America & the Caribbean (IDA & IBRD countries),TLA,1960,6862889884.64623
Latin America & the Caribbean (IDA & IBRD countries),TLA,1961,7151415738.18874
Latin America & the Caribbean (IDA & IBRD countries),TLA,1962,8386352439.29965
Latin America & the Caribbean (IDA & IBRD countries),TLA,1963,8983838924.9041
Latin America & the Caribbean (IDA & IBRD countries),TLA,1964,8745247927.89049
Latin America & the Caribbean (IDA & IBRD countries),TLA,1965,9552708535.30451
Latin America & the Caribbean (IDA & IBRD countries),TLA,1966,11483848309.4415
Latin America & the Caribbean (IDA & IBRD countries),TLA,1967,11512152579.5943
Latin America & the Caribbean (IDA & IBRD countries),TLA,1968,12317256844.5489
Latin America & the Caribbean (IDA & IBRD countries),TLA,1969,13729972519.2296
Latin America & the Caribbean (IDA & IBRD countries),TLA,1970,15787858265.1635
Latin America & the Caribbean (IDA & IBRD countries),TLA,1971,18283873047.5418
Latin America & the Caribbean (IDA & IBRD countries),TLA,1972,20434651168.5197
Latin America & the Caribbean (IDA & IBRD countries),TLA,1973,27512030740.4024
Latin America & the Caribbean (IDA & IBRD countries),TLA,1974,36678522801.6225
Latin America & the Caribbean (IDA & IBRD countries),TLA,1975,39693041912.6405
Latin America & the Caribbean (IDA & IBRD countries),TLA,1976,43069274418.9531
Latin America & the Caribbean (IDA & IBRD countries),TLA,1977,45410542073.5818
Latin America & the Caribbean (IDA & IBRD countries),TLA,1978,56183190859.6918
Latin America & the Caribbean (IDA & IBRD countries),TLA,1979,63184840995.4546
Latin America & the Caribbean (IDA & IBRD countries),TLA,1980,74574385351.358
Latin America & the Caribbean (IDA & IBRD countries),TLA,1981,90498984167.1825
Latin America & the Caribbean (IDA & IBRD countries),TLA,1982,84047423510.1328
Latin America & the Caribbean (IDA & IBRD countries),TLA,1983,66602835048.8613
Latin America & the Caribbean (IDA & IBRD countries),TLA,1984,64137220903.0738
Latin America & the Caribbean (IDA & IBRD countries),TLA,1985,67881233957.9684
Latin America & the Caribbean (IDA & IBRD countries),TLA,1986,70791536329.8002
Latin America & the Caribbean (IDA & IBRD countries),TLA,1987,79688730343.9796
Latin America & the Caribbean (IDA & IBRD countries),TLA,1988,87261788007.9062
Latin America & the Caribbean (IDA & IBRD countries),TLA,1989,109540831428.734
Latin America & the Caribbean (IDA & IBRD countries),TLA,1990,127866256339.654
Latin America & the Caribbean (IDA & IBRD countries),TLA,1991,124516238402.956
Latin America & the Caribbean (IDA & IBRD countries),TLA,1992,131509687105.678
Latin America & the Caribbean (IDA & IBRD countries),TLA,1993,178860984602.702
Latin America & the Caribbean (IDA & IBRD countries),TLA,1994,219439526519.791
Latin America & the Caribbean (IDA & IBRD countries),TLA,1995,276494292434.041
Latin America & the Caribbean (IDA & IBRD countries),TLA,1996,290555844505.622
Latin America & the Caribbean (IDA & IBRD countries),TLA,1997,319520266209.748
Latin America & the Caribbean (IDA & IBRD countries),TLA,1998,326754067068.467
Latin America & the Caribbean (IDA & IBRD countries),TLA,1999,281298848820.227
Latin America & the Caribbean (IDA & IBRD countries),TLA,2000,299363843941.578
Latin America & the Caribbean (IDA & IBRD countries),TLA,2001,294858526895.205
Latin America & the Caribbean (IDA & IBRD countries),TLA,2002,260280170689.42
Latin America & the Caribbean (IDA & IBRD countries),TLA,2003,267830740878.609
Latin America & the Caribbean (IDA & IBRD countries),TLA,2004,301173718465.139
Latin America & the Caribbean (IDA & IBRD countries),TLA,2005,374767503412.482
Latin America & the Caribbean (IDA & IBRD countries),TLA,2006,445999148839.869
Latin America & the Caribbean (IDA & IBRD countries),TLA,2007,539244665273.116
Latin America & the Caribbean (IDA & IBRD countries),TLA,2008,640710750747.27
Latin America & the Caribbean (IDA & IBRD countries),TLA,2009,656585922342.768
Latin America & the Caribbean (IDA & IBRD countries),TLA,2010,798521410376.301
Latin America & the Caribbean (IDA & IBRD countries),TLA,2011,912332875753.416
Latin America & the Caribbean (IDA & IBRD countries),TLA,2012,908886655517.479
Latin America & the Caribbean (IDA & IBRD countries),TLA,2013,951029076012.946
Latin America & the Caribbean (IDA & IBRD countries),TLA,2014,961218128791.019
Latin America & the Caribbean (IDA & IBRD countries),TLA,2015,831692377661.883
Latin America & the Caribbean (IDA & IBRD countries),TLA,2016,820041353073.309
Latin America & the Caribbean (IDA & IBRD countries),TLA,2017,914552363422.208
Latin America & the Caribbean (IDA & IBRD countries),TLA,2018,867783699313.118
Latin America & the Caribbean (IDA & IBRD countries),TLA,2019,854711902876.512
Latin America & the Caribbean (IDA & IBRD countries),TLA,2020,750177845477.595
Latin America & the Caribbean (IDA & IBRD countries),TLA,2021,806812768765.707
Latin America & the Caribbean (IDA & IBRD countries),TLA,2022,900478436460.597
Latin America & the Caribbean (IDA & IBRD countries),TLA,2023,1034102571798.62
Latin America & the Caribbean (IDA & IBRD countries),TLA,2024,1040071114368.51
Latvia,LVA,1995,1363307187.67827
Latvia,LVA,1996,1311288922.91986
Latvia,LVA,1997,1372441325.91338
Latvia,LVA,1998,1621726438.69892
Latvia,LVA,1999,1698162382.89695
Latvia,LVA,2000,1662434530.70684
Latvia,LVA,2001,1717675173.49452
Latvia,LVA,2002,1971263074.1246
Latvia,LVA,2003,2483305866.43709
Latvia,LVA,2004,2860870300.50735
Latvia,LVA,2005,3037947728.68699
Latvia,LVA,2006,3714700275.89666
Latvia,LVA,2007,5472472985.91164
Latvia,LVA,2008,7066351410.61248
Latvia,LVA,2009,5028833750.34751
Latvia,LVA,2010,4409691093.52422
Latvia,LVA,2011,5117308842.23177
Latvia,LVA,2012,4877668264.40379
Latvia,LVA,2013,5329332891.03013
Latvia,LVA,2014,5597750977.27253
Latvia,LVA,2015,4928953321.93125
Latvia,LVA,2016,5010249722.15838
Latvia,LVA,2017,5487403721.08236
Latvia,LVA,2018,6162593813.78196
Latvia,LVA,2019,6556648017.52156
Latvia,LVA,2020,6972964470.62259
Latvia,LVA,2021,8297618726.49599
Latvia,LVA,2022,7788033919.13233
Latvia,LVA,2023,8603867478.54721
Least developed countries: UN classification,LDC,2000,22584471203.3652
Least developed countries: UN classification,LDC,2001,23774161692.0269
Least developed countries: UN classification,LDC,2002,25820925735.3619
Least developed countries: UN classification,LDC,2003,30352436365.4255
Least developed countries: UN classification,LDC,2004,33472733593.8034
Least developed countries: UN classification,LDC,2005,40839524311.2707
Least developed countries: UN classification,LDC,2006,48916906100.7707
Least developed countries: UN classification,LDC,2007,61064657215.933
Least developed countries: UN classification,LDC,2008,73985419780.0602
Least developed countries: UN classification,LDC,2009,73810914858.2974
Least developed countries: UN classification,LDC,2010,76872372201.185
Least developed countries: UN classification,LDC,2011,93319167738.6521
Least developed countries: UN classification,LDC,2012,98274047817.7485
Least developed countries: UN classification,LDC,2013,114974694606.162
Least developed countries: UN classification,LDC,2014,116774015333.113
Least developed countries: UN classification,LDC,2015,103650987909.739
Least developed countries: UN classification,LDC,2016,97330583401.923
Least developed countries: UN classification,LDC,2017,107535558825.387
Least developed countries: UN classification,LDC,2018,108271854187.494
Least developed countries: UN classification,LDC,2019,115430936426.77
Least developed countries: UN classification,LDC,2020,116079844560.146
Least developed countries: UN classification,LDC,2021,126608008105.925
Least developed countries: UN classification,LDC,2022,149325796868.964
Least developed countries: UN classification,LDC,2023,140439066393.26
Least developed countries: UN classification,LDC,2024,148163841925.003
Lebanon,LBN,1989,491253073.855068
Lebanon,LBN,1990,535688453.147726
Lebanon,LBN,1991,656715545.227622
Lebanon,LBN,1992,818172634.823884
Lebanon,LBN,1993,950668903.902697
Lebanon,LBN,1994,1207826274.74555
Lebanon,LBN,1995,1450007305.97015
Lebanon,LBN,1996,1967529958.57197
Lebanon,LBN,1997,2683988307.89217
Lebanon,LBN,1998,2879696490.80687
Lebanon,LBN,1999,2946591291.93736
Lebanon,LBN,2000,2980431177.4461
Lebanon,LBN,2001,3105804311.77446
Lebanon,LBN,2002,3275621890.54726
Lebanon,LBN,2003,3340630182.42123
Lebanon,LBN,2004,3057498804.64345
Lebanon,LBN,2005,3125959071.11111
Lebanon,LBN,2006,3198918003.91376
Lebanon,LBN,2007,3407443976.91542
Lebanon,LBN,2008,3901693627.79436
Lebanon,LBN,2009,4569701830.04975
Lebanon,LBN,2010,4697795763.25041
Lebanon,LBN,2011,5018338484.44444
Lebanon,LBN,2012,6016930972.86899
Lebanon,LBN,2013,6060348573.13433
Lebanon,LBN,2014,6130199307.72803
Lebanon,LBN,2015,6257017012.27197
Lebanon,LBN,2016,6641042827.19735
Lebanon,LBN,2017,7004276793.3665
Lebanon,LBN,2018,8420165288.22554
Lebanon,LBN,2019,8065899673.74517
Lebanon,LBN,2020,2898410791.75705
Lebanon,LBN,2021,545945470.012761
Lebanon,LBN,2022,761043538.760116
Lebanon,LBN,2023,1037866780.07177
Lesotho,LSO,1960,5739997.70400092
Lesotho,LSO,1961,7559996.97600121
Lesotho,LSO,1962,7979996.80800128
Lesotho,LSO,1963,7979996.80800128
Lesotho,LSO,1964,7979996.80800128
Lesotho,LSO,1965,9659996.13600155
Lesotho,LSO,1966,7139997.14400114
Lesotho,LSO,1967,9519996.19200152
Lesotho,LSO,1968,8679996.52800139
Lesotho,LSO,1969,8539996.58400137
Lesotho,LSO,1970,5599997.7600009
Lesotho,LSO,1971,8389062.34052043
Lesotho,LSO,1972,10406842.4989431
Lesotho,LSO,1973,11528058.5740656
Lesotho,LSO,1974,16188921.7736583
Lesotho,LSO,1975,21636006.642254
Lesotho,LSO,1976,21850005.4625014
Lesotho,LSO,1977,25300006.3250016
Lesotho,LSO,1978,35650008.9125022
Lesotho,LSO,1979,47504640.6095795
Lesotho,LSO,1980,94028124.0931957
Lesotho,LSO,1981,90745868.945869
Lesotho,LSO,2007,622480325.717688
Lesotho,LSO,2008,677444078.195202
Lesotho,LSO,2009,756981458.101881
Lesotho,LSO,2010,891948851.061504
Lesotho,LSO,2011,984709844.488216
Lesotho,LSO,2012,978853239.162202
Lesotho,LSO,2013,959947819.508353
Lesotho,LSO,2014,948063036.366397
Lesotho,LSO,2015,871761748.691955
Lesotho,LSO,2016,837824419.694035
Lesotho,LSO,2017,915328246.046305
Lesotho,LSO,2018,972984305.639914
Lesotho,LSO,2019,901117166.595367
Lesotho,LSO,2020,762647489.034185
Lesotho,LSO,2021,836725862.759849
Lesotho,LSO,2022,829238218.269631
Lesotho,LSO,2023,753656775.48763
Libya,LBY,1990,7052126408.57132
Libya,LBY,1991,8463708643.24186
Libya,LBY,1992,9785013833.98507
Libya,LBY,1993,7004632519.63071
Libya,LBY,1994,6470169475.95646
Libya,LBY,1995,5698980018.89297
Libya,LBY,1996,6646062271.06227
Libya,LBY,1997,7232037078.02268
Libya,LBY,1998,7141115630.89479
Libya,LBY,1999,6688069062.61387
Libya,LBY,2000,7059880122.61075
Libya,LBY,2001,6486917086.45697
Libya,LBY,2002,3210236220.47244
Libya,LBY,2003,3280708984.375
Libya,LBY,2004,4364230769.23077
Libya,LBY,2005,5351865085.58261
Libya,LBY,2006,6048926134.2355
Libya,LBY,2007,9114755137.03377
Libya,LBY,2008,10478749748.6846
Libya,LBY,2009,11085698513.1636
Libya,LBY,2010,13159492227.9875
Libya,LBY,2011,21050980597.1807
Libya,LBY,2012,22552985748.9339
Libya,LBY,2013,23858450002.0445
Libya,LBY,2014,24467817560.8023
Libya,LBY,2015,24766255674.3725
Libya,LBY,2016,24167181517.9999
Libya,LBY,2017,27042085778.6515
Libya,LBY,2018,27099263205.6306
Libya,LBY,2019,30204975744.9064
Libya,LBY,2020,22648338298.5266
Libya,LBY,2021,12197566689.0025
Libya,LBY,2022,13319897988.3341
Libya,LBY,2023,15911668744.0771
Libya,LBY,2024,17127677450.9707
Lithuania,LTU,1995,1887930055.75266
Lithuania,LTU,1996,2018599913.68148
Lithuania,LTU,1997,2444675873.97497
Lithuania,LTU,1998,2909343116.0984
Lithuania,LTU,1999,2596592145.01511
Lithuania,LTU,2000,2585352611.13509
Lithuania,LTU,2001,2590801899.00734
Lithuania,LTU,2002,2935963182.11703
Lithuania,LTU,2003,3676380146.64411
Lithuania,LTU,2004,4341148782.91108
Lithuania,LTU,2005,4834449558.40279
Lithuania,LTU,2006,5779274689.42151
Lithuania,LTU,2007,6933267651.88834
Lithuania,LTU,2008,8928441387.38475
Lithuania,LTU,2009,7950838198.49875
Lithuania,LTU,2010,7368187795.09554
Lithuania,LTU,2011,7975423785.69624
Lithuania,LTU,2012,7492880565.14106
Lithuania,LTU,2013,7749169286.74386
Lithuania,LTU,2014,8063268092.88482
Lithuania,LTU,2015,7132162996.92539
Lithuania,LTU,2016,7317568229.71519
Lithuania,LTU,2017,7784048941.8906
Lithuania,LTU,2018,8800078568.25254
Lithuania,LTU,2019,9258273613.08234
Lithuania,LTU,2020,10541163413.2545
Lithuania,LTU,2021,11729851862.7401
Lithuania,LTU,2022,11893946378.7121
Lithuania,LTU,2023,13784087070.2806
Low & middle income,LMY,1960,26724912556.892
Low & middle income,LMY,1961,27463770375.471
Low & middle income,LMY,1962,28267116213.6103
Low & middle income,LMY,1963,32300557907.0986
Low & middle income,LMY,1964,34879626646.6992
Low & middle income,LMY,1965,38822675151.6675
Low & middle income,LMY,1966,42291897634.0388
Low & middle income,LMY,1967,41662024248.9648
Low & middle income,LMY,1968,44948167226.7023
Low & middle income,LMY,1969,50897658238.6237
Low & middle income,LMY,1970,56760233236.4776
Low & middle income,LMY,1971,65112460374.5808
Low & middle income,LMY,1972,73697658204.0831
Low & middle income,LMY,1973,91774178539.7891
Low & middle income,LMY,1974,117914513306.701
Low & middle income,LMY,1975,138290462801.262
Low & middle income,LMY,1976,150753781325.386
Low & middle income,LMY,1977,164947678363.034
Low & middle income,LMY,1978,189942111094.064
Low & middle income,LMY,1979,217811981609.208
Low & middle income,LMY,1980,251444767577.123
Low & middle income,LMY,1981,275878550044.269
Low & middle income,LMY,1982,283907371019.006
Low & middle income,LMY,1983,279136666776.835
Low & middle income,LMY,1984,287237257714.568
Low & middle income,LMY,1985,304381472124.428
Low & middle income,LMY,1986,325035739775.664
Low & middle income,LMY,1987,331050725122.608
Low & middle income,LMY,1988,348575940278.717
Low & middle income,LMY,1989,384291323251.48
Low & middle income,LMY,1990,427631220232.309
Low & middle income,LMY,1991,404934640559.623
Low & middle income,LMY,1992,426114871977.675
Low & middle income,LMY,1993,478255946401.46
Low & middle income,LMY,1994,532816809816.005
Low & middle income,LMY,1995,631371917340.559
Low & middle income,LMY,1996,679795437394.377
Low & middle income,LMY,1997,733174071069.345
Low & middle income,LMY,1998,748651639031.635
Low & middle income,LMY,1999,741286581157.976
Low & middle income,LMY,2000,788598503449.599
Low & middle income,LMY,2001,798270719555.372
Low & middle income,LMY,2002,805182518233.129
Low & middle income,LMY,2003,888344915986.739
Low & middle income,LMY,2004,1019134493831.79
Low & middle income,LMY,2005,1206635590815.91
Low & middle income,LMY,2006,1419908816741.07
Low & middle income,LMY,2007,1751447298975.14
Low & middle income,LMY,2008,2109230473139.13
Low & middle income,LMY,2009,2258220248117.45
Low & middle income,LMY,2010,2677101704952.97
Low & middle income,LMY,2011,3246814082936.06
Low & middle income,LMY,2012,3484779284665.45
Low & middle income,LMY,2013,3723904481032.97
Low & middle income,LMY,2014,3898139328876.82
Low & middle income,LMY,2015,3848343693074.24
Low & middle income,LMY,2016,3906465234057.4
Low & middle income,LMY,2017,4270465498533.21
Low & middle income,LMY,2018,4569856143704.79
Low & middle income,LMY,2019,4736114593189.71
Low & middle income,LMY,2020,4776916838309.65
Low & middle income,LMY,2021,5272892898760.71
Low & middle income,LMY,2022,5496359701133.22
Low & middle income,LMY,2023,5812049022506.11
Low & middle income,LMY,2024,5913850365937.11
Luxembourg,LUX,1970,154667204.517951
Luxembourg,LUX,1971,179702022.286422
Luxembourg,LUX,1972,225761158.463935
Luxembourg,LUX,1973,297264541.502794
Luxembourg,LUX,1974,368540803.645402
Luxembourg,LUX,1975,471079302.402106
Luxembourg,LUX,1976,509491118.077325
Luxembourg,LUX,1977,607854811.480023
Luxembourg,LUX,1978,745606506.980915
Luxembourg,LUX,1979,890513208.585581
Luxembourg,LUX,1980,1014764795.14416
Luxembourg,LUX,1981,888791829.639287
Luxembourg,LUX,1982,764110895.285185
Luxembourg,LUX,1983,720959368.836292
Luxembourg,LUX,1984,688894861.770455
Luxembourg,LUX,1985,727859229.567226
Luxembourg,LUX,1986,1039243272.53025
Luxembourg,LUX,1987,1367869259.85954
Luxembourg,LUX,1988,1472166758.09106
Luxembourg,LUX,1989,1528467444.71744
Luxembourg,LUX,1990,1990356108.16031
Luxembourg,LUX,1991,2086509155.34554
Luxembourg,LUX,1992,2434840652.44667
Luxembourg,LUX,1993,2483626399.25373
Luxembourg,LUX,1994,2682449963.82927
Luxembourg,LUX,1995,3274261083.74384
Luxembourg,LUX,1996,3355826710.09772
Luxembourg,LUX,1997,3078940009.0212
Luxembourg,LUX,1998,3075841298.06624
Luxembourg,LUX,1999,3282279186.96024
Luxembourg,LUX,2000,3077416054.9051
Luxembourg,LUX,2001,3279397670.41103
Luxembourg,LUX,2002,3773528487.95177
Luxembourg,LUX,2003,4856346435.5047
Luxembourg,LUX,2004,5742080727.56025
Luxembourg,LUX,2005,6246977854.65525
Luxembourg,LUX,2006,6510056403.4094
Luxembourg,LUX,2007,7443477374.39218
Luxembourg,LUX,2008,8526075346.7375
Luxembourg,LUX,2009,8758889098.11679
Luxembourg,LUX,2010,8873827685.73335
Luxembourg,LUX,2011,9899038720.34049
Luxembourg,LUX,2012,9745995732.46875
Luxembourg,LUX,2013,10660958890.5949
Luxembourg,LUX,2014,11044172430.2039
Luxembourg,LUX,2015,9592329200.31093
Luxembourg,LUX,2016,9752010132.16928
Luxembourg,LUX,2017,10658095675.9353
Luxembourg,LUX,2018,11930663792.5647
Luxembourg,LUX,2019,12048416058.1333
Luxembourg,LUX,2020,13614083279.1238
Luxembourg,LUX,2021,14953208329.2633
Luxembourg,LUX,2022,14400564386.1985
Luxembourg,LUX,2023,16284653767.3022
"Macao SAR, China",MAC,1982,66336504.6894126
"Macao SAR, China",MAC,1983,64173269.435156
"Macao SAR, China",MAC,1984,80519205.75955
"Macao SAR, China",MAC,1985,98264223.7463873
"Macao SAR, China",MAC,1986,114811164.337456
"Macao SAR, China",MAC,1987,146570304.806307
"Macao SAR, China",MAC,1988,187050903.714552
"Macao SAR, China",MAC,1989,253800061.564252
"Macao SAR, China",MAC,1990,330507747.670114
"Macao SAR, China",MAC,1991,407033763.31324
"Macao SAR, China",MAC,1992,437387156.747666
"Macao SAR, China",MAC,1993,504546567.012444
"Macao SAR, China",MAC,1994,585155075.516788
"Macao SAR, China",MAC,1995,673464229.209773
"Macao SAR, China",MAC,1996,750150632.65716
"Macao SAR, China",MAC,1997,825298935.763104
"Macao SAR, China",MAC,1998,867803258.322996
"Macao SAR, China",MAC,1999,969612793.032902
"Macao SAR, China",MAC,2000,843519106.891439
"Macao SAR, China",MAC,2001,851559096.284309
"Macao SAR, China",MAC,2002,896876839.577799
"Macao SAR, China",MAC,2003,965311976.039618
"Macao SAR, China",MAC,2004,1023787700.36191
"Macao SAR, China",MAC,2005,1189230146.05424
"Macao SAR, China",MAC,2006,1296518895.50688
"Macao SAR, China",MAC,2007,1610656440.4978
"Macao SAR, China",MAC,2008,1833640685.72626
"Macao SAR, China",MAC,2009,2080587574.36328
"Macao SAR, China",MAC,2010,2301112304.25268
"Macao SAR, China",MAC,2011,2612803259.78074
"Macao SAR, China",MAC,2012,2965131822.0185
"Macao SAR, China",MAC,2013,3350249804.26836
"Macao SAR, China",MAC,2014,3897019817.7593
"Macao SAR, China",MAC,2015,4355688694.74612
"Macao SAR, China",MAC,2016,4686891812.24816
"Macao SAR, China",MAC,2017,4902566047.52479
"Macao SAR, China",MAC,2018,5208790775.90146
"Macao SAR, China",MAC,2019,5621357863.91623
"Macao SAR, China",MAC,2020,6554461587.60565
"Macao SAR, China",MAC,2021,6551219831.48653
"Macao SAR, China",MAC,2022,6848678136.67748
"Macao SAR, China",MAC,2023,6327239535.72877
"Macao SAR, China",MAC,2024,6160388342.12142
Madagascar,MDG,1960,96004237.3396313
Madagascar,MDG,1961,107738206.543976
Madagascar,MDG,1962,127294420.160986
Madagascar,MDG,1963,125516793.39526
Madagascar,MDG,1964,129428117.13854
Madagascar,MDG,1965,133339039.833423
Madagascar,MDG,1966,139384070.681742
Madagascar,MDG,1967,146851032.800898
Madagascar,MDG,1968,162496323.723025
Madagascar,MDG,1969,163238908.416555
Madagascar,MDG,1970,145705181.133523
Madagascar,MDG,1971,177678065.431904
Madagascar,MDG,1972,183187923.785763
Madagascar,MDG,1973,202410402.051772
Madagascar,MDG,1974,214777983.309359
Madagascar,MDG,1975,247370072.48098
Madagascar,MDG,1976,244638711.132309
Madagascar,MDG,1977,260088190.370555
Madagascar,MDG,1978,317396093.594204
Madagascar,MDG,1979,424995696.824902
Madagascar,MDG,1980,1188622611.83389
Madagascar,MDG,1981,924190616.092792
Madagascar,MDG,1982,718058244.303161
Madagascar,MDG,1983,583415464.75064
Madagascar,MDG,1984,602828589.880212
Madagascar,MDG,1985,555330886.656528
Madagascar,MDG,1986,573599879.785463
Madagascar,MDG,1987,474125082.465418
Madagascar,MDG,1988,378800059.023955
Madagascar,MDG,1989,383559674.611577
Madagascar,MDG,1990,427573066.406436
Madagascar,MDG,1991,376613963.20068
Madagascar,MDG,1992,498270817.520226
Madagascar,MDG,1993,488444409.435241
Madagascar,MDG,1994,408273203.478549
Madagascar,MDG,1995,436444063.554653
Madagascar,MDG,1996,518279378.532431
Madagascar,MDG,1997,617706642.895087
Madagascar,MDG,1998,748994863.192643
Madagascar,MDG,1999,727635695.10366
Madagascar,MDG,2000,799963274.738997
Madagascar,MDG,2001,917534133.992817
Madagascar,MDG,2002,797129429.555219
Madagascar,MDG,2003,1125598377.83225
Madagascar,MDG,2004,949769282.530545
Madagascar,MDG,2005,944578272.046679
Madagascar,MDG,2006,1079257879.09122
Madagascar,MDG,2007,1622153397.72946
Madagascar,MDG,2008,1509775182.22474
Madagascar,MDG,2009,1202940244.99006
Madagascar,MDG,2010,1309339863.10677
Madagascar,MDG,2011,1630783508.11743
Madagascar,MDG,2012,1737737029.15189
Madagascar,MDG,2013,1943872683.29136
Madagascar,MDG,2014,1978627577.29504
Madagascar,MDG,2015,1714341590.31584
Madagascar,MDG,2016,1749008407.01644
Madagascar,MDG,2017,2124359985.04546
Madagascar,MDG,2018,1871819330.00897
Madagascar,MDG,2019,2130667449.65063
Madagascar,MDG,2020,2443748099.0219
Madagascar,MDG,2021,2505413287.13048
Madagascar,MDG,2022,2525733170.58528
Madagascar,MDG,2023,2638575324.79833
Madagascar,MDG,2024,2552874651.86251
Malawi,MWI,2017,2023572022.77232
Malawi,MWI,2018,2201281748.83991
Malawi,MWI,2019,2475866279.63801
Malawi,MWI,2020,2464800844.25028
Malawi,MWI,2021,2578931508.40803
Malawi,MWI,2022,2660788392.01192
Malawi,MWI,2023,2544378892.84842
Malaysia,MYS,1960,237487014.980955
Malaysia,MYS,1961,259373713.748113
Malaysia,MYS,1962,279300409.640601
Malaysia,MYS,1963,388733903.476392
Malaysia,MYS,1964,450147326.882746
Malaysia,MYS,1965,501434068.769967
Malaysia,MYS,1966,568400833.654556
Malaysia,MYS,1967,556640816.406531
Malaysia,MYS,1968,569707502.23767
Malaysia,MYS,1969,596494208.191505
Malaysia,MYS,1970,706254369.173075
Malaysia,MYS,1971,710948608.572009
Malaysia,MYS,1972,971074878.456041
Malaysia,MYS,1973,1200820192.11486
Malaysia,MYS,1974,1460698850.50977
Malaysia,MYS,1975,1633910726.18254
Malaysia,MYS,1976,1692257753.55833
Malaysia,MYS,1977,2189102187.76142
Malaysia,MYS,1978,2629485993.77732
Malaysia,MYS,1979,2958725888.09756
Malaysia,MYS,1980,4047530344.99328
Malaysia,MYS,1981,4524494113.81761
Malaysia,MYS,1982,4910952850.74197
Malaysia,MYS,1983,4745288099.08455
Malaysia,MYS,1984,5009724181.42361
Malaysia,MYS,1985,4769955562.57204
Malaysia,MYS,1986,4697761948.55433
Malaysia,MYS,1987,4786401856.13965
Malaysia,MYS,1988,5020652723.03967
Malaysia,MYS,1989,5462850915.63111
Malaysia,MYS,1990,6072739035.99981
Malaysia,MYS,1991,6729706139.07477
Malaysia,MYS,1992,7697805002.55232
Malaysia,MYS,1993,8449571597.00788
Malaysia,MYS,1994,9134659350.70873
Malaysia,MYS,1995,10975677830.941
Malaysia,MYS,1996,11200413387.3917
Malaysia,MYS,1997,10767620129.1788
Malaysia,MYS,1998,7050040766.40848
Malaysia,MYS,1999,8695789473.68421
Malaysia,MYS,2000,9533947368.42105
Malaysia,MYS,2001,11170526315.7895
Malaysia,MYS,2002,13067368421.0526
Malaysia,MYS,2003,14291052631.5789
Malaysia,MYS,2004,15693421052.6316
Malaysia,MYS,2005,16468572720.1769
Malaysia,MYS,2006,18168970581.2996
Malaysia,MYS,2007,22387623346.615
Malaysia,MYS,2008,26554386865.2897
Malaysia,MYS,2009,26391522435.9293
Malaysia,MYS,2010,32084200147.3416
Malaysia,MYS,2011,39540157313.5713
Malaysia,MYS,2012,43525626934.2052
Malaysia,MYS,2013,44338633708.5584
Malaysia,MYS,2014,45059978123.1095
Malaysia,MYS,2015,39437040231.0182
Malaysia,MYS,2016,37852512757.6633
Malaysia,MYS,2017,38907669469.2475
Malaysia,MYS,2018,42945038201.991
Malaysia,MYS,2019,42554525681.5378
Malaysia,MYS,2020,43741991282.4653
Malaysia,MYS,2021,47234710127.0534
Malaysia,MYS,2022,47362451364.1664
Malaysia,MYS,2023,47873036863.6039
Malaysia,MYS,2024,50518968724.0791
Maldives,MDV,2014,694780640.860046
Maldives,MDV,2015,746700809.71183
Maldives,MDV,2016,778980776.668605
Maldives,MDV,2017,700100195.171642
Maldives,MDV,2018,782588737.70153
Maldives,MDV,2019,949215487.77464
Maldives,MDV,2020,852812108.492992
Maldives,MDV,2021,981322322.210454
Maldives,MDV,2022,1063764899.70998
Maldives,MDV,2023,1128296316.95856
Maldives,MDV,2024,1233237291.9287
Mali,MLI,1967,32764957.180773
Mali,MLI,1968,40219021.2955002
Mali,MLI,1969,40854657.8297677
Mali,MLI,1970,40825875.6484374
Mali,MLI,1971,45802087.0017223
Mali,MLI,1972,65092071.0371169
Mali,MLI,1973,54457106.6062008
Mali,MLI,1974,72487583.8303227
Mali,MLI,1975,97785530.8756496
Mali,MLI,1976,84131237.661304
Mali,MLI,1977,111161001.68265
Mali,MLI,1978,144137627.979171
Mali,MLI,1979,182169982.665234
Mali,MLI,1980,556986776.798948
Mali,MLI,1981,411311599.336699
Mali,MLI,1982,332419247.259634
Mali,MLI,1983,275318530.217214
Mali,MLI,1984,232690873.455861
Mali,MLI,1985,279079223.334522
Mali,MLI,1986,391520730.526786
Mali,MLI,1987,411677517.995973
Mali,MLI,1988,470172402.244655
Mali,MLI,1989,465562178.39329
Mali,MLI,1990,556092050.715247
Mali,MLI,1991,400191377.411101
Mali,MLI,1992,480225877.732053
Mali,MLI,1993,330525548.607795
Mali,MLI,1994,158470419.216735
Mali,MLI,1995,146858860.696158
Mali,MLI,1996,206269994.871976
Mali,MLI,1997,196364184.042294
Mali,MLI,1998,640989422.451335
Mali,MLI,1999,524209932.26069
Mali,MLI,2000,502724303.324278
Mali,MLI,2001,545673453.102742
Mali,MLI,2002,630773451.583184
Mali,MLI,2003,765521300.816745
Mali,MLI,2004,913711662.275859
Mali,MLI,2005,927462335.007098
Mali,MLI,2006,1020295518.81189
Mali,MLI,2007,1246280799.84118
Mali,MLI,2008,1678223411.41892
Mali,MLI,2009,1691524821.09026
Mali,MLI,2010,1838785222.4123
Mali,MLI,2011,2473465101.20117
Mali,MLI,2012,1977948651.9664
Mali,MLI,2013,2281383572.38353
Mali,MLI,2014,2411725940.55464
Mali,MLI,2015,2242912318.01709
Mali,MLI,2016,2377193135.43798
Mali,MLI,2017,2437188580.00015
Mali,MLI,2018,2599723122.18795
Mali,MLI,2019,2586327900.27451
Mali,MLI,2020,2539243461.97403
Mali,MLI,2021,2884900821.76248
Mali,MLI,2022,2836416006.29791
Mali,MLI,2023,3186515331.07281
Mali,MLI,2024,3460051540.91804
Malta,MLT,1970,44801885.0720142
Malta,MLT,1971,48715023.1201987
Malta,MLT,1972,52750285.4860576
Malta,MLT,1973,62803978.7443325
Malta,MLT,1974,71003228.5331501
Malta,MLT,1975,80697508.8809154
Malta,MLT,1976,85870948.1975159
Malta,MLT,1977,95715125.0970809
Malta,MLT,1978,121666766.922654
Malta,MLT,1979,152332546.915606
Malta,MLT,1980,186610334.216557
Malta,MLT,1981,198374281.587662
Malta,MLT,1982,210340362.945479
Malta,MLT,1983,193502565.181826
Malta,MLT,1984,177233148.434568
Malta,MLT,1985,182812807.399457
Malta,MLT,1986,231700432.367007
Malta,MLT,1987,289294203.750346
Malta,MLT,1988,323416968.452904
Malta,MLT,1989,349167681.939074
Malta,MLT,1990,413440558.080221
Malta,MLT,1991,462807854.949585
Malta,MLT,1992,524194633.9441
Malta,MLT,1993,502575421.535214
Malta,MLT,1994,565284856.966622
Malta,MLT,1995,660891345.264952
Malta,MLT,1996,724405432.105159
Malta,MLT,1997,689475699.362716
Malta,MLT,1998,723697308.424112
Malta,MLT,1999,724404780.005795
Malta,MLT,2000,712690491.948718
Malta,MLT,2001,767622153.048218
Malta,MLT,2002,835904377.383036
Malta,MLT,2003,1019480168.66132
Malta,MLT,2004,1150909951.23828
Malta,MLT,2005,1161699122.34695
Malta,MLT,2006,1247817320.83258
Malta,MLT,2007,1414761941.9896
Malta,MLT,2008,1775458029.25149
Malta,MLT,2009,1685494723.09654
Malta,MLT,2010,1690235854.1623
Malta,MLT,2011,1851550089.57232
Malta,MLT,2012,1840721819.77667
Malta,MLT,2013,1942202175.55914
Malta,MLT,2014,2123092879.09332
Malta,MLT,2015,1920110725.72506
Malta,MLT,2016,2037382271.26856
Malta,MLT,2017,2240867317.94409
Malta,MLT,2018,2589084190.92287
Malta,MLT,2019,2759499470.43944
Malta,MLT,2020,3230346157.15454
Malta,MLT,2021,3618181744.69539
Malta,MLT,2022,3337883314.75183
Malta,MLT,2023,3716217686.56296
Malta,MLT,2024,4227673134.45403
Marshall Islands,MHL,2004,80598600.0
Marshall Islands,MHL,2005,84915600.0
Marshall Islands,MHL,2006,87697400.0
Marshall Islands,MHL,2007,93395500.0
Marshall Islands,MHL,2008,95035900.0
Marshall Islands,MHL,2009,94089000.0
Marshall Islands,MHL,2010,91988200.0
Marshall Islands,MHL,2011,94929600.0
Marshall Islands,MHL,2012,99283000.0
Marshall Islands,MHL,2013,102278100.0
Marshall Islands,MHL,2014,98730300.0
Marshall Islands,MHL,2015,103194700.0
Marshall Islands,MHL,2016,113776900.0
Marshall Islands,MHL,2017,119139000.0
Marshall Islands,MHL,2018,131869000.0
Marshall Islands,MHL,2019,153795800.0
Marshall Islands,MHL,2020,148336200.0
Marshall Islands,MHL,2021,159446823.120117
Marshall Islands,MHL,2022,160614120.483398
Marshall Islands,MHL,2023,150901107.788086
Marshall Islands,MHL,2024,155418869.018555
Mauritania,MRT,1966,97821648.2468775
Mauritania,MRT,1967,88191284.5293824
Mauritania,MRT,1968,83373023.3658518
Mauritania,MRT,1969,90162854.9156292
Mauritania,MRT,1970,89589932.6454442
Mauritania,MRT,1971,100303602.998791
Mauritania,MRT,1972,155105930.486547
Mauritania,MRT,1973,189558784.252295
Mauritania,MRT,1974,218458319.960171
Mauritania,MRT,1975,283886149.97361
Mauritania,MRT,1976,417269631.793169
Mauritania,MRT,1977,440264913.436
Mauritania,MRT,1978,432333642.675332
Mauritania,MRT,1979,493816420.112219
Mauritania,MRT,1980,544656631.255597
Mauritania,MRT,1981,491787261.343267
Mauritania,MRT,1982,407919178.151784
Mauritania,MRT,1983,441185643.495263
Mauritania,MRT,1984,378772575.976834
Mauritania,MRT,1985,336654697.801129
Mauritania,MRT,1986,321440652.369748
Mauritania,MRT,1987,376929832.469142
Mauritania,MRT,1988,393895913.186182
Mauritania,MRT,1989,420476954.642328
Mauritania,MRT,1990,448572418.340384
Mauritania,MRT,1991,404936065.691201
Mauritania,MRT,1992,316532411.011557
Mauritania,MRT,1993,254900123.611584
Mauritania,MRT,1994,257806125.834513
Mauritania,MRT,1995,256008734.95097
Mauritania,MRT,1996,270826896.364109
Mauritania,MRT,1997,256359211.878989
Mauritania,MRT,1998,422346053.602735
Mauritania,MRT,1999,407325475.885473
Mauritania,MRT,2000,367387266.032162
Mauritania,MRT,2001,356667895.138884
Mauritania,MRT,2002,361000086.958387
Mauritania,MRT,2003,395564639.014561
Mauritania,MRT,2004,461215517.858691
Mauritania,MRT,2005,502651076.807229
Mauritania,MRT,2006,548205740.87863
Mauritania,MRT,2007,640438584.865956
Mauritania,MRT,2008,778017897.566755
Mauritania,MRT,2009,743162815.82857
Mauritania,MRT,2010,761029564.343458
Mauritania,MRT,2011,707285202.640468
Mauritania,MRT,2012,812058448.519992
Mauritania,MRT,2013,844161877.243797
Mauritania,MRT,2014,898799240.234536
Mauritania,MRT,2015,901458387.176189
Mauritania,MRT,2016,860022947.983521
Mauritania,MRT,2017,909943581.425003
Mauritania,MRT,2018,970395907.785019
Mauritania,MRT,2019,1049646378.97428
Mauritania,MRT,2020,1015782364.79457
Mauritania,MRT,2021,1380571230.06351
Mauritania,MRT,2022,1605818329.49777
Mauritania,MRT,2023,1768486520.9447
Mauritania,MRT,2024,1729725500.09466
Mauritius,MUS,1976,95187850.0791361
Mauritius,MUS,1977,120775359.647227
Mauritius,MUS,1978,151380556.603429
Mauritius,MUS,1979,159952873.349664
Mauritius,MUS,1980,159285982.365064
Mauritius,MUS,1981,159121951.197678
Mauritius,MUS,1982,149366983.826241
Mauritius,MUS,1983,145734738.856333
Mauritius,MUS,1984,132967805.921785
Mauritius,MUS,1985,124008554.841861
Mauritius,MUS,1986,153567876.333007
Mauritius,MUS,1987,220139169.886639
Mauritius,MUS,1988,271176854.71313
Mauritius,MUS,1989,267413921.799592
Mauritius,MUS,1990,359741102.126442
Mauritius,MUS,1991,388984340.200819
Mauritius,MUS,1992,429215711.824966
Mauritius,MUS,1993,457467608.981742
Mauritius,MUS,1994,519854649.963444
Mauritius,MUS,1995,572711287.847794
Mauritius,MUS,1996,634439859.17815
Mauritius,MUS,1997,589591930.725263
Mauritius,MUS,1998,573229734.939659
Mauritius,MUS,1999,618125890.580918
Mauritius,MUS,2000,664606333.561883
Mauritius,MUS,2001,642492469.255482
Mauritius,MUS,2002,685536225.886122
Mauritius,MUS,2003,818941991.418016
Mauritius,MUS,2004,934330320.431462
Mauritius,MUS,2005,942338043.64103
Mauritius,MUS,2006,992744212.379771
Mauritius,MUS,2007,1013519468.9499
Mauritius,MUS,2008,1245253636.91313
Mauritius,MUS,2009,1270940368.83835
Mauritius,MUS,2010,1382355998.49274
Mauritius,MUS,2011,1550793476.61373
Mauritius,MUS,2012,1558670337.52977
Mauritius,MUS,2013,1763993631.81264
Mauritius,MUS,2014,1875439824.09551
Mauritius,MUS,2015,1703811254.3394
Mauritius,MUS,2016,1874352014.49512
Mauritius,MUS,2017,1981705619.4457
Mauritius,MUS,2018,2145875571.69126
Mauritius,MUS,2019,2129306772.7116
Mauritius,MUS,2020,2004222285.88947
Mauritius,MUS,2021,1979006447.09159
Mauritius,MUS,2022,2062704300.48814
Mauritius,MUS,2023,2020556815.6652
Mauritius,MUS,2024,2236210853.57163
Mexico,MEX,1960,736552000.0
Mexico,MEX,1961,809224000.0
Mexico,MEX,1962,953088000.0
Mexico,MEX,1963,1104168000.0
Mexico,MEX,1964,1284720000.0
Mexico,MEX,1965,1372744000.0
Mexico,MEX,1966,1582144000.0
Mexico,MEX,1967,1745016000.0
Mexico,MEX,1968,2008704000.0
Mexico,MEX,1969,2233624000.0
Mexico,MEX,1970,2579456000.0
Mexico,MEX,1971,2986512000.0
Mexico,MEX,1972,3899144000.0
Mexico,MEX,1973,5074136000.0
Mexico,MEX,1974,6581448000.0
Mexico,MEX,1975,9079448000.0
Mexico,MEX,1976,9783236094.90471
Mexico,MEX,1977,8814397731.80348
Mexico,MEX,1978,11209078930.0303
Mexico,MEX,1979,14659763209.8224
Mexico,MEX,1980,19552263517.9295
Mexico,MEX,1981,26909891902.9166
Mexico,MEX,1982,18188113896.6703
Mexico,MEX,1983,13104218362.2829
Mexico,MEX,1984,16216936387.2536
Mexico,MEX,1985,17027877697.8417
Mexico,MEX,1986,11782486314.3682
Mexico,MEX,1987,12331796285.399
Mexico,MEX,1988,15409541574.1904
Mexico,MEX,1989,18437195532.9187
Mexico,MEX,1990,22025631453.3284
Mexico,MEX,1991,28545508757.8642
Mexico,MEX,1992,36108327641.1694
Mexico,MEX,1993,45473743402.9921
Mexico,MEX,1994,49687312469.464
Mexico,MEX,1995,30568438294.7071
Mexico,MEX,1996,33125503062.854
Mexico,MEX,1997,41093468805.8032
Mexico,MEX,1998,44770318262.5474
Mexico,MEX,1999,54850432168.2005
Mexico,MEX,2000,67060201206.5285
Mexico,MEX,2001,74474315005.809
Mexico,MEX,2002,79754325257.0071
Mexico,MEX,2003,80367744648.5172
Mexico,MEX,2004,82078526368.188
Mexico,MEX,2005,92456650240.2483
Mexico,MEX,2006,100926075409.648
Mexico,MEX,2007,109661149255.064
Mexico,MEX,2008,119166528133.644
Mexico,MEX,2009,107395668471.655
Mexico,MEX,2010,124625140946.413
Mexico,MEX,2011,139225699158.639
Mexico,MEX,2012,143693532717.899
Mexico,MEX,2013,155479056203.606
Mexico,MEX,2014,160382775936.716
Mexico,MEX,2015,144397160837.838
Mexico,MEX,2016,128726351311.167
Mexico,MEX,2017,133547362200.874
Mexico,MEX,2018,141412876938.063
Mexico,MEX,2019,144858853467.568
Mexico,MEX,2020,136734366977.188
Mexico,MEX,2021,150151239754.054
Mexico,MEX,2022,163285175147.25
Mexico,MEX,2023,200176478289.507
Mexico,MEX,2024,208126773941.65
"Micronesia, Fed. Sts.",FSM,1983,62100000.0
"Middle East, North Africa, Afghanistan & Pakistan",MEA,1970,13529673632.1764
"Middle East, North Africa, Afghanistan & Pakistan",MEA,1971,15256477625.0287
"Middle East, North Africa, Afghanistan & Pakistan",MEA,1972,18264903118.9477
"Middle East, North Africa, Afghanistan & Pakistan",MEA,1973,24280207948.553
"Middle East, North Africa, Afghanistan & Pakistan",MEA,1974,37405058345.4503
"Middle East, North Africa, Afghanistan & Pakistan",MEA,1975,48408967291.8482
"Middle East, North Africa, Afghanistan & Pakistan",MEA,1976,58259537522.1599
"Middle East, North Africa, Afghanistan & Pakistan",MEA,1977,65735994121.6744
"Middle East, North Africa, Afghanistan & Pakistan",MEA,1978,78933101084.6073
"Middle East, North Africa, Afghanistan & Pakistan",MEA,1979,90609640124.2255
"Middle East, North Africa, Afghanistan & Pakistan",MEA,1980,105716137313.67
"Middle East, North Africa, Afghanistan & Pakistan",MEA,1981,126289092639.754
"Middle East, North Africa, Afghanistan & Pakistan",MEA,1982,140099806215.939
"Middle East, North Africa, Afghanistan & Pakistan",MEA,1983,145835292009.917
"Middle East, North Africa, Afghanistan & Pakistan",MEA,1984,142613608401.983
"Middle East, North Africa, Afghanistan & Pakistan",MEA,1985,143668022271.242
"Middle East, North Africa, Afghanistan & Pakistan",MEA,1986,150910938207.377
"Middle East, North Africa, Afghanistan & Pakistan",MEA,1987,142489411062.643
"Middle East, North Africa, Afghanistan & Pakistan",MEA,1988,142643843317.174
"Middle East, North Africa, Afghanistan & Pakistan",MEA,1989,141033025262.191
"Middle East, North Africa, Afghanistan & Pakistan",MEA,1990,148056060805.767
"Middle East, North Africa, Afghanistan & Pakistan",MEA,1991,141168866873.26
"Middle East, North Africa, Afghanistan & Pakistan",MEA,1992,143320045110.888
"Middle East, North Africa, Afghanistan & Pakistan",MEA,1993,131757594404.605
"Middle East, North Africa, Afghanistan & Pakistan",MEA,1994,133807377660.323
"Middle East, North Africa, Afghanistan & Pakistan",MEA,1995,143777247580.512
"Middle East, North Africa, Afghanistan & Pakistan",MEA,1996,156167422955.97
"Middle East, North Africa, Afghanistan & Pakistan",MEA,1997,165228453990.819
"Middle East, North Africa, Afghanistan & Pakistan",MEA,1998,167360548587.942
"Middle East, North Africa, Afghanistan & Pakistan",MEA,1999,166943915251.49
"Middle East, North Africa, Afghanistan & Pakistan",MEA,2000,185371081922.975
"Middle East, North Africa, Afghanistan & Pakistan",MEA,2001,190542769817.431
"Middle East, North Africa, Afghanistan & Pakistan",MEA,2002,189926187330.533
"Middle East, North Africa, Afghanistan & Pakistan",MEA,2003,201554742326.776
"Middle East, North Africa, Afghanistan & Pakistan",MEA,2004,230036364578.607
"Middle East, North Africa, Afghanistan & Pakistan",MEA,2005,259359967825.401
"Middle East, North Africa, Afghanistan & Pakistan",MEA,2006,297831891796.963
"Middle East, North Africa, Afghanistan & Pakistan",MEA,2007,331341880155.111
"Middle East, North Africa, Afghanistan & Pakistan",MEA,2008,389873405523.05
"Middle East, North Africa, Afghanistan & Pakistan",MEA,2009,414824889839.498
"Middle East, North Africa, Afghanistan & Pakistan",MEA,2010,460135108653.318
"Middle East, North Africa, Afghanistan & Pakistan",MEA,2011,580387887515.653
"Middle East, North Africa, Afghanistan & Pakistan",MEA,2012,620416216341.955
"Middle East, North Africa, Afghanistan & Pakistan",MEA,2013,652693157703.308
"Middle East, North Africa, Afghanistan & Pakistan",MEA,2014,698221315051.266
"Middle East, North Africa, Afghanistan & Pakistan",MEA,2015,681409521951.097
"Middle East, North Africa, Afghanistan & Pakistan",MEA,2016,660827885066.912
"Middle East, North Africa, Afghanistan & Pakistan",MEA,2017,675042462113.137
"Middle East, North Africa, Afghanistan & Pakistan",MEA,2018,712787457846.179
"Middle East, North Africa, Afghanistan & Pakistan",MEA,2019,721348440728.514
"Middle East, North Africa, Afghanistan & Pakistan",MEA,2020,705924594247.254
"Middle East, North Africa, Afghanistan & Pakistan",MEA,2021,743910414412.066
"Middle East, North Africa, Afghanistan & Pakistan",MEA,2022,777704474902.07
"Middle East, North Africa, Afghanistan & Pakistan",MEA,2023,816702293808.51
"Middle East, North Africa, Afghanistan & Pakistan",MEA,2024,849420673810.683
"Middle East, North Africa, Afghanistan & Pakistan (IDA & IBRD)",TMN,1960,3562310674.61568
"Middle East, North Africa, Afghanistan & Pakistan (IDA & IBRD)",TMN,1961,3534034993.23316
"Middle East, North Africa, Afghanistan & Pakistan (IDA & IBRD)",TMN,1962,3248903393.47616
"Middle East, North Africa, Afghanistan & Pakistan (IDA & IBRD)",TMN,1963,3811885944.1028
"Middle East, North Africa, Afghanistan & Pakistan (IDA & IBRD)",TMN,1964,4443335924.57541
"Middle East, North Africa, Afghanistan & Pakistan (IDA & IBRD)",TMN,1965,4908748344.76836
"Middle East, North Africa, Afghanistan & Pakistan (IDA & IBRD)",TMN,1966,5643742210.21035
"Middle East, North Africa, Afghanistan & Pakistan (IDA & IBRD)",TMN,1967,5899425153.19725
"Middle East, North Africa, Afghanistan & Pakistan (IDA & IBRD)",TMN,1968,6770797495.98455
"Middle East, North Africa, Afghanistan & Pakistan (IDA & IBRD)",TMN,1969,7747867073.74456
"Middle East, North Africa, Afghanistan & Pakistan (IDA & IBRD)",TMN,1970,8770818686.43608
"Middle East, North Africa, Afghanistan & Pakistan (IDA & IBRD)",TMN,1971,10544014397.9843
"Middle East, North Africa, Afghanistan & Pakistan (IDA & IBRD)",TMN,1972,12500236608.2169
"Middle East, North Africa, Afghanistan & Pakistan (IDA & IBRD)",TMN,1973,14845042859.8293
"Middle East, North Africa, Afghanistan & Pakistan (IDA & IBRD)",TMN,1974,23073785560.0861
"Middle East, North Africa, Afghanistan & Pakistan (IDA & IBRD)",TMN,1975,29796483514.3899
"Middle East, North Africa, Afghanistan & Pakistan (IDA & IBRD)",TMN,1976,35372767844.9189
"Middle East, North Africa, Afghanistan & Pakistan (IDA & IBRD)",TMN,1977,38409488768.0038
"Middle East, North Africa, Afghanistan & Pakistan (IDA & IBRD)",TMN,1978,44259198687.3477
"Middle East, North Africa, Afghanistan & Pakistan (IDA & IBRD)",TMN,1979,47950408666.785
"Middle East, North Africa, Afghanistan & Pakistan (IDA & IBRD)",TMN,1980,57676431363.4902
"Middle East, North Africa, Afghanistan & Pakistan (IDA & IBRD)",TMN,1981,64664725708.3139
"Middle East, North Africa, Afghanistan & Pakistan (IDA & IBRD)",TMN,1982,72824326921.0862
"Middle East, North Africa, Afghanistan & Pakistan (IDA & IBRD)",TMN,1983,79654863308.8512
"Middle East, North Africa, Afghanistan & Pakistan (IDA & IBRD)",TMN,1984,78443652596.4112
"Middle East, North Africa, Afghanistan & Pakistan (IDA & IBRD)",TMN,1985,83441035850.6838
"Middle East, North Africa, Afghanistan & Pakistan (IDA & IBRD)",TMN,1986,93861133118.672
"Middle East, North Africa, Afghanistan & Pakistan (IDA & IBRD)",TMN,1987,81819563574.3822
"Middle East, North Africa, Afghanistan & Pakistan (IDA & IBRD)",TMN,1988,82245114414.6006
"Middle East, North Africa, Afghanistan & Pakistan (IDA & IBRD)",TMN,1989,75096812895.9937
"Middle East, North Africa, Afghanistan & Pakistan (IDA & IBRD)",TMN,1990,74332268061.0084
"Middle East, North Africa, Afghanistan & Pakistan (IDA & IBRD)",TMN,1991,53541786070.0631
"Middle East, North Africa, Afghanistan & Pakistan (IDA & IBRD)",TMN,1992,55598764340.2803
"Middle East, North Africa, Afghanistan & Pakistan (IDA & IBRD)",TMN,1993,52976879289.5379
"Middle East, North Africa, Afghanistan & Pakistan (IDA & IBRD)",TMN,1994,54454468815.3378
"Middle East, North Africa, Afghanistan & Pakistan (IDA & IBRD)",TMN,1995,57365077599.5562
"Middle East, North Africa, Afghanistan & Pakistan (IDA & IBRD)",TMN,1996,61106982083.9883
"Middle East, North Africa, Afghanistan & Pakistan (IDA & IBRD)",TMN,1997,64653529884.2148
"Middle East, North Africa, Afghanistan & Pakistan (IDA & IBRD)",TMN,1998,69041249106.9786
"Middle East, North Africa, Afghanistan & Pakistan (IDA & IBRD)",TMN,1999,69012749415.6174
"Middle East, North Africa, Afghanistan & Pakistan (IDA & IBRD)",TMN,2000,75532274386.5453
"Middle East, North Africa, Afghanistan & Pakistan (IDA & IBRD)",TMN,2001,77678042610.9433
"Middle East, North Africa, Afghanistan & Pakistan (IDA & IBRD)",TMN,2002,76565269796.9195
"Middle East, North Africa, Afghanistan & Pakistan (IDA & IBRD)",TMN,2003,80662854277.6673
"Middle East, North Africa, Afghanistan & Pakistan (IDA & IBRD)",TMN,2004,98949512406.0961
"Middle East, North Africa, Afghanistan & Pakistan (IDA & IBRD)",TMN,2005,110643242844.812
"Middle East, North Africa, Afghanistan & Pakistan (IDA & IBRD)",TMN,2006,128463648928.804
"Middle East, North Africa, Afghanistan & Pakistan (IDA & IBRD)",TMN,2007,148069086060.822
"Middle East, North Africa, Afghanistan & Pakistan (IDA & IBRD)",TMN,2008,179934344674.019
"Middle East, North Africa, Afghanistan & Pakistan (IDA & IBRD)",TMN,2009,195262945829.07
"Middle East, North Africa, Afghanistan & Pakistan (IDA & IBRD)",TMN,2010,216476174703.399
"Middle East, North Africa, Afghanistan & Pakistan (IDA & IBRD)",TMN,2011,289673798738.648
"Middle East, North Africa, Afghanistan & Pakistan (IDA & IBRD)",TMN,2012,300744641272.647
"Middle East, North Africa, Afghanistan & Pakistan (IDA & IBRD)",TMN,2013,286810423328.176
"Middle East, North Africa, Afghanistan & Pakistan (IDA & IBRD)",TMN,2014,291304015178.714
"Middle East, North Africa, Afghanistan & Pakistan (IDA & IBRD)",TMN,2015,278653449870.748
"Middle East, North Africa, Afghanistan & Pakistan (IDA & IBRD)",TMN,2016,285464331834.317
"Middle East, North Africa, Afghanistan & Pakistan (IDA & IBRD)",TMN,2017,282109522020.873
"Middle East, North Africa, Afghanistan & Pakistan (IDA & IBRD)",TMN,2018,275289974923.879
"Middle East, North Africa, Afghanistan & Pakistan (IDA & IBRD)",TMN,2019,275976461650.346
"Middle East, North Africa, Afghanistan & Pakistan (IDA & IBRD)",TMN,2020,247858407819.223
"Middle East, North Africa, Afghanistan & Pakistan (IDA & IBRD)",TMN,2021,259793844866.601
"Middle East, North Africa, Afghanistan & Pakistan (IDA & IBRD)",TMN,2022,264320911756.695
"Middle East, North Africa, Afghanistan & Pakistan (IDA & IBRD)",TMN,2023,275462236084.188
"Middle East, North Africa, Afghanistan & Pakistan (IDA & IBRD)",TMN,2024,289199601534.645
"Middle East, North Africa, Afghanistan & Pakistan (excluding high income)",MNA,1960,3595916066.60891
"Middle East, North Africa, Afghanistan & Pakistan (excluding high income)",MNA,1961,3567373643.93302
"Middle East, North Africa, Afghanistan & Pakistan (excluding high income)",MNA,1962,3279552228.4764
"Middle East, North Africa, Afghanistan & Pakistan (excluding high income)",MNA,1963,3847845727.81787
"Middle East, North Africa, Afghanistan & Pakistan (excluding high income)",MNA,1964,4485252550.92891
"Middle East, North Africa, Afghanistan & Pakistan (excluding high income)",MNA,1965,4955055482.85644
"Middle East, North Africa, Afghanistan & Pakistan (excluding high income)",MNA,1966,5696982981.89104
"Middle East, North Africa, Afghanistan & Pakistan (excluding high income)",MNA,1967,5955077933.9108
"Middle East, North Africa, Afghanistan & Pakistan (excluding high income)",MNA,1968,6834670449.45285
"Middle East, North Africa, Afghanistan & Pakistan (excluding high income)",MNA,1969,7820957304.75108
"Middle East, North Africa, Afghanistan & Pakistan (excluding high income)",MNA,1970,8853559027.46236
"Middle East, North Africa, Afghanistan & Pakistan (excluding high income)",MNA,1971,10643482347.1308
"Middle East, North Africa, Afghanistan & Pakistan (excluding high income)",MNA,1972,12618158763.1319
"Middle East, North Africa, Afghanistan & Pakistan (excluding high income)",MNA,1973,14985084964.5272
"Middle East, North Africa, Afghanistan & Pakistan (excluding high income)",MNA,1974,23291454281.1328
"Middle East, North Africa, Afghanistan & Pakistan (excluding high income)",MNA,1975,30077571437.3653
"Middle East, North Africa, Afghanistan & Pakistan (excluding high income)",MNA,1976,35706460169.3376
"Middle East, North Africa, Afghanistan & Pakistan (excluding high income)",MNA,1977,38771828284.1797
"Middle East, North Africa, Afghanistan & Pakistan (excluding high income)",MNA,1978,44676721990.914
"Middle East, North Africa, Afghanistan & Pakistan (excluding high income)",MNA,1979,48402753346.0308
"Middle East, North Africa, Afghanistan & Pakistan (excluding high income)",MNA,1980,58220527390.4179
"Middle East, North Africa, Afghanistan & Pakistan (excluding high income)",MNA,1981,65274746465.6408
"Middle East, North Africa, Afghanistan & Pakistan (excluding high income)",MNA,1982,73511322042.0524
"Middle East, North Africa, Afghanistan & Pakistan (excluding high income)",MNA,1983,80406294935.7264
"Middle East, North Africa, Afghanistan & Pakistan (excluding high income)",MNA,1984,79183658153.3852
"Middle East, North Africa, Afghanistan & Pakistan (excluding high income)",MNA,1985,84228184691.4811
"Middle East, North Africa, Afghanistan & Pakistan (excluding high income)",MNA,1986,94746580924.743
"Middle East, North Africa, Afghanistan & Pakistan (excluding high income)",MNA,1987,82591416104.3216
"Middle East, North Africa, Afghanistan & Pakistan (excluding high income)",MNA,1988,83020981418.3197
"Middle East, North Africa, Afghanistan & Pakistan (excluding high income)",MNA,1989,75805245726.6268
"Middle East, North Africa, Afghanistan & Pakistan (excluding high income)",MNA,1990,75033488486.205
"Middle East, North Africa, Afghanistan & Pakistan (excluding high income)",MNA,1991,54046877532.6701
"Middle East, North Africa, Afghanistan & Pakistan (excluding high income)",MNA,1992,56123260500.4014
"Middle East, North Africa, Afghanistan & Pakistan (excluding high income)",MNA,1993,53476641651.0268
"Middle East, North Africa, Afghanistan & Pakistan (excluding high income)",MNA,1994,54968170156.2575
"Middle East, North Africa, Afghanistan & Pakistan (excluding high income)",MNA,1995,57970331666.5527
"Middle East, North Africa, Afghanistan & Pakistan (excluding high income)",MNA,1996,61853141103.836
"Middle East, North Africa, Afghanistan & Pakistan (excluding high income)",MNA,1997,65489235146.8689
"Middle East, North Africa, Afghanistan & Pakistan (excluding high income)",MNA,1998,69951799502.9472
"Middle East, North Africa, Afghanistan & Pakistan (excluding high income)",MNA,1999,70018368074.0451
"Middle East, North Africa, Afghanistan & Pakistan (excluding high income)",MNA,2000,76636385276.7186
"Middle East, North Africa, Afghanistan & Pakistan (excluding high income)",MNA,2001,78799616582.1165
"Middle East, North Africa, Afghanistan & Pakistan (excluding high income)",MNA,2002,77554624483.3875
"Middle East, North Africa, Afghanistan & Pakistan (excluding high income)",MNA,2003,81570812022.9522
"Middle East, North Africa, Afghanistan & Pakistan (excluding high income)",MNA,2004,100196181582.543
"Middle East, North Africa, Afghanistan & Pakistan (excluding high income)",MNA,2005,112033048951.703
"Middle East, North Africa, Afghanistan & Pakistan (excluding high income)",MNA,2006,129865377719.009
"Middle East, North Africa, Afghanistan & Pakistan (excluding high income)",MNA,2007,149712773722.513
"Middle East, North Africa, Afghanistan & Pakistan (excluding high income)",MNA,2008,181768974294.972
"Middle East, North Africa, Afghanistan & Pakistan (excluding high income)",MNA,2009,197612400860.337
"Middle East, North Africa, Afghanistan & Pakistan (excluding high income)",MNA,2010,218983163779.081
"Middle East, North Africa, Afghanistan & Pakistan (excluding high income)",MNA,2011,292568258213.136
"Middle East, North Africa, Afghanistan & Pakistan (excluding high income)",MNA,2012,303875455906.963
"Middle East, North Africa, Afghanistan & Pakistan (excluding high income)",MNA,2013,290201245144.248
"Middle East, North Africa, Afghanistan & Pakistan (excluding high income)",MNA,2014,294837547601.662
"Middle East, North Africa, Afghanistan & Pakistan (excluding high income)",MNA,2015,282159332923.055
"Middle East, North Africa, Afghanistan & Pakistan (excluding high income)",MNA,2016,289101840568.035
"Middle East, North Africa, Afghanistan & Pakistan (excluding high income)",MNA,2017,285465440717.065
"Middle East, North Africa, Afghanistan & Pakistan (excluding high income)",MNA,2018,278882153411.957
"Middle East, North Africa, Afghanistan & Pakistan (excluding high income)",MNA,2019,279528486687.294
"Middle East, North Africa, Afghanistan & Pakistan (excluding high income)",MNA,2020,251514541281.899
"Middle East, North Africa, Afghanistan & Pakistan (excluding high income)",MNA,2021,264118206552.116
"Middle East, North Africa, Afghanistan & Pakistan (excluding high income)",MNA,2022,268252358202.548
"Middle East, North Africa, Afghanistan & Pakistan (excluding high income)",MNA,2023,279068728282.17
"Middle East, North Africa, Afghanistan & Pakistan (excluding high income)",MNA,2024,292003616460.11
Middle income,MIC,1960,25937954070.8662
Middle income,MIC,1961,26611399068.4989
Middle income,MIC,1962,27321989937.7325
Middle income,MIC,1963,31291840421.6444
Middle income,MIC,1964,33762902471.4019
Middle income,MIC,1965,37567213926.149
Middle income,MIC,1966,40933456665.4761
Middle income,MIC,1967,40179088273.0576
Middle income,MIC,1968,43260847488.5347
Middle income,MIC,1969,49028864722.5029
Middle income,MIC,1970,54773465200.0197
Middle income,MIC,1971,62882202613.1133
Middle income,MIC,1972,71132067062.9838
Middle income,MIC,1973,88723219220.4178
Middle income,MIC,1974,114286972002.126
Middle income,MIC,1975,133439406531.614
Middle income,MIC,1976,145636843801.874
Middle income,MIC,1977,159446301320.648
Middle income,MIC,1978,183402899486.311
Middle income,MIC,1979,209954151528.63
Middle income,MIC,1980,240736063543.449
Middle income,MIC,1981,265137867722.184
Middle income,MIC,1982,273739953762.047
Middle income,MIC,1983,269049912954.564
Middle income,MIC,1984,276789899262.523
Middle income,MIC,1985,293589643830.094
Middle income,MIC,1986,314554093595.776
Middle income,MIC,1987,320838605880.56
Middle income,MIC,1988,339425381072.18
Middle income,MIC,1989,374325535988.545
Middle income,MIC,1990,415907004608.065
Middle income,MIC,1991,390775296805.366
Middle income,MIC,1992,414476689210.401
Middle income,MIC,1993,465979819833.063
Middle income,MIC,1994,520559834654.865
Middle income,MIC,1995,621550390098.066
Middle income,MIC,1996,670510880364.748
Middle income,MIC,1997,723187163835.41
Middle income,MIC,1998,737402143910.03
Middle income,MIC,1999,730184559234.98
Middle income,MIC,2000,776129027400.399
Middle income,MIC,2001,784956061403.852
Middle income,MIC,2002,791069037908.332
Middle income,MIC,2003,871985173809.181
Middle income,MIC,2004,999272822611.182
Middle income,MIC,2005,1184194619799.56
Middle income,MIC,2006,1394049548724.28
Middle income,MIC,2007,1718744875465.53
Middle income,MIC,2008,2072041787907.92
Middle income,MIC,2009,2221283323810.66
Middle income,MIC,2010,2636673648025.93
Middle income,MIC,2011,3200514372935.58
Middle income,MIC,2012,3441694451020.45
Middle income,MIC,2013,3678686945091.18
Middle income,MIC,2014,3849598923153.47
Middle income,MIC,2015,3802589843400.78
Middle income,MIC,2016,3864536840654.58
Middle income,MIC,2017,4227880342772.19
Middle income,MIC,2018,4523503353167.54
Middle income,MIC,2019,4686598678070.31
Middle income,MIC,2020,4727720919777.38
Middle income,MIC,2021,5221668179826.34
Middle income,MIC,2022,5434831090227.85
Middle income,MIC,2023,5751429972241.73
Middle income,MIC,2024,5847425577889.17
Moldova,MDA,1995,454073860.250046
Moldova,MDA,1996,440291521.73913
Moldova,MDA,1997,555981601.731602
Moldova,MDA,1998,419751396.648045
Moldova,MDA,1999,179408981.205222
Moldova,MDA,2000,188834912.413338
Moldova,MDA,2001,212665076.009575
Moldova,MDA,2002,336136447.358727
Moldova,MDA,2003,389834177.269663
Moldova,MDA,2004,387247876.836222
Moldova,MDA,2005,491211047.947856
Moldova,MDA,2006,681190731.16576
Moldova,MDA,2007,877934372.8493
Moldova,MDA,2008,1235997557.36215
Moldova,MDA,2009,1292620284.75437
Moldova,MDA,2010,1270399274.45948
Moldova,MDA,2011,1393382139.21714
Moldova,MDA,2012,1453567252.1766
Moldova,MDA,2013,1453580366.53765
Moldova,MDA,2014,1307636230.08016
Moldova,MDA,2015,1068236326.2698
Moldova,MDA,2016,1147415878.11338
Moldova,MDA,2017,1403904619.88963
Moldova,MDA,2018,1606966857.38147
Moldova,MDA,2019,1785286632.93514
Moldova,MDA,2020,1982620080.37832
Moldova,MDA,2021,2295068631.10961
Moldova,MDA,2022,2543214679.00783
Moldova,MDA,2023,2996497675.77934
Moldova,MDA,2024,3253842657.85362
Mongolia,MNG,1981,574600000.0
Mongolia,MNG,1982,577200000.0
Mongolia,MNG,1983,583600000.0
Mongolia,MNG,1984,468750000.0
Mongolia,MNG,1985,507625000.0
Mongolia,MNG,1986,757500000.0
Mongolia,MNG,1987,794566666.666667
Mongolia,MNG,1988,824866633.333333
Mongolia,MNG,1989,830500000.0
Mongolia,MNG,1990,623640000.0
Mongolia,MNG,1991,500357894.736842
Mongolia,MNG,1992,208823943.661972
Mongolia,MNG,1993,149011137.360783
Mongolia,MNG,1994,233003004.458228
Mongolia,MNG,1995,161232919.462339
Mongolia,MNG,1996,169515119.355656
Mongolia,MNG,1997,144249927.214269
Mongolia,MNG,1998,175413927.208849
Mongolia,MNG,1999,154741806.182403
Mongolia,MNG,2000,174027310.501146
Mongolia,MNG,2001,212913413.668155
Mongolia,MNG,2002,225161573.149699
Mongolia,MNG,2003,227210700.891378
Mongolia,MNG,2004,288206665.429266
Mongolia,MNG,2005,306321640.630598
Mongolia,MNG,2006,398873966.739014
Mongolia,MNG,2007,553563955.042059
Mongolia,MNG,2008,823363359.619901
Mongolia,MNG,2009,646967089.397306
Mongolia,MNG,2010,912210513.034643
Mongolia,MNG,2011,1275745397.96374
Mongolia,MNG,2012,1662819944.31267
Mongolia,MNG,2013,1693192031.77316
Mongolia,MNG,2014,1591526648.98315
Mongolia,MNG,2015,1728084159.444
Mongolia,MNG,2016,1784017519.63933
Mongolia,MNG,2017,1599151937.23462
Mongolia,MNG,2018,1672693561.69449
Mongolia,MNG,2019,1862164548.4558
Mongolia,MNG,2020,2104814769.43167
Mongolia,MNG,2021,2279626780.1042
Mongolia,MNG,2022,2386565680.03521
Mongolia,MNG,2023,2643563596.31833
Mongolia,MNG,2024,3682249887.30912
Montenegro,MNE,2000,215902762.063535
Montenegro,MNE,2001,291946981.909368
Montenegro,MNE,2002,319383322.315611
Montenegro,MNE,2003,457063213.841457
Montenegro,MNE,2004,545366277.626024
Montenegro,MNE,2005,675811466.235543
Montenegro,MNE,2006,529287793.250533
Montenegro,MNE,2007,746500684.369012
Montenegro,MNE,2008,1040775889.84913
Montenegro,MNE,2009,928525979.438733
Montenegro,MNE,2010,930807533.782575
Montenegro,MNE,2011,974091540.532339
Montenegro,MNE,2012,875530810.521907
Montenegro,MNE,2013,885370246.166719
Montenegro,MNE,2014,923902392.364838
Montenegro,MNE,2015,820559949.228666
Montenegro,MNE,2016,893168522.759599
Montenegro,MNE,2017,930465112.075607
Montenegro,MNE,2018,1056684849.42245
Montenegro,MNE,2019,1028906862.19635
Montenegro,MNE,2020,1118159947.57685
Montenegro,MNE,2021,1167292225.83534
Montenegro,MNE,2022,1129266833.24289
Montenegro,MNE,2023,1365455223.79989
Montenegro,MNE,2024,1458736194.60669
Morocco,MAR,1960,241083353.588289
Morocco,MAR,1961,258868212.366787
Morocco,MAR,1962,288509590.968464
Morocco,MAR,1963,337911941.333744
Morocco,MAR,1964,365577246.47218
Morocco,MAR,1965,353720687.127136
Morocco,MAR,1966,365577246.47218
Morocco,MAR,1967,379409899.041397
Morocco,MAR,1968,418931763.524876
Morocco,MAR,1969,436321383.897607
Morocco,MAR,1970,475645639.058668
Morocco,MAR,1971,536439998.819792
Morocco,MAR,1972,628368979.307947
Morocco,MAR,1973,728282818.19884
Morocco,MAR,1974,923619039.642159
Morocco,MAR,1975,1445778851.3572
Morocco,MAR,1976,2077020133.45064
Morocco,MAR,1977,2293405836.46027
Morocco,MAR,1978,2752557137.34058
Morocco,MAR,1979,3393317593.08605
Morocco,MAR,1980,3873058436.03921
Morocco,MAR,1981,3241920029.32547
Morocco,MAR,1982,3173709144.67853
Morocco,MAR,1983,2677380847.41756
Morocco,MAR,1984,2349936485.13552
Morocco,MAR,1985,2577451058.33251
Morocco,MAR,1986,3453369245.4738
Morocco,MAR,1987,4012303772.17984
Morocco,MAR,1988,4511216820.3579
Morocco,MAR,1989,4563292205.50484
Morocco,MAR,1990,4737513294.15838
Morocco,MAR,1991,5028096984.45423
Morocco,MAR,1992,5550471515.57742
Morocco,MAR,1993,5679071459.2967
Morocco,MAR,1994,6178355471.04205
Morocco,MAR,1995,7039068419.20375
Morocco,MAR,1996,6818338982.79416
Morocco,MAR,1997,6662433179.38491
Morocco,MAR,1998,6651330231.84335
Morocco,MAR,1999,7125903054.53082
Morocco,MAR,2000,6840482665.16093
Morocco,MAR,2001,7058219132.5735
Morocco,MAR,2002,7450683531.43998
Morocco,MAR,2003,9071319300.67974
Morocco,MAR,2004,10676067919.1301
Morocco,MAR,2005,11562755961.4159
Morocco,MAR,2006,12246658385.2372
Morocco,MAR,2007,13843675543.9507
Morocco,MAR,2008,15510833416.6632
Morocco,MAR,2009,16944309987.4645
Morocco,MAR,2010,16730468882.7274
Morocco,MAR,2011,18957029620.3588
Morocco,MAR,2012,19492504153.4135
Morocco,MAR,2013,21213362101.7847
Morocco,MAR,2014,22760091583.2901
Morocco,MAR,2015,20047216670.2784
Morocco,MAR,2016,20486718499.2347
Morocco,MAR,2017,21315935063.1315
Morocco,MAR,2018,22916009222.998
Morocco,MAR,2019,23436333455.1999
Morocco,MAR,2020,23548657780.8403
Morocco,MAR,2021,26947035784.8999
Morocco,MAR,2022,24858621388.7681
Morocco,MAR,2023,26506342040.9128
Morocco,MAR,2024,28832749213.7419
Mozambique,MOZ,1991,505194817.869761
Mozambique,MOZ,1992,451744011.851127
Mozambique,MOZ,1993,530192112.666313
Mozambique,MOZ,1994,732049313.515014
Mozambique,MOZ,1995,380218150.194591
Mozambique,MOZ,1996,444237512.949698
Mozambique,MOZ,1997,597406576.45031
Mozambique,MOZ,1998,770253953.338825
Mozambique,MOZ,1999,950257774.648081
Mozambique,MOZ,2000,843057863.559945
Mozambique,MOZ,2001,938989224.165933
Mozambique,MOZ,2002,883463345.253985
Mozambique,MOZ,2003,1014453151.16511
Mozambique,MOZ,2004,1340542818.91028
Mozambique,MOZ,2005,1459538224.00754
Mozambique,MOZ,2006,1503428737.36274
Mozambique,MOZ,2007,1648882745.00712
Mozambique,MOZ,2008,2051077160.84209
Mozambique,MOZ,2009,2082317181.6573
Mozambique,MOZ,2010,1981732582.69948
Mozambique,MOZ,2011,2761401639.62625
Mozambique,MOZ,2012,3336669974.50814
Mozambique,MOZ,2013,3983004048.84901
Mozambique,MOZ,2014,4689585196.01254
Mozambique,MOZ,2015,4135675676.29757
Mozambique,MOZ,2016,3146940111.37646
Mozambique,MOZ,2017,3258427862.79253
Mozambique,MOZ,2018,3262842738.26726
Mozambique,MOZ,2019,3502035902.37968
Mozambique,MOZ,2020,2937598858.41791
Mozambique,MOZ,2021,3028263791.33888
Mozambique,MOZ,2022,3115438138.44997
Mozambique,MOZ,2023,3600896026.51029
Mozambique,MOZ,2024,4185877596.4322
Namibia,NAM,1980,343691668.571223
Namibia,NAM,1981,466333286.23406
Namibia,NAM,1982,457506911.852469
Namibia,NAM,1983,510098639.26039
Namibia,NAM,1984,435347778.078286
Namibia,NAM,1985,353054694.829888
Namibia,NAM,1986,416913411.715897
Namibia,NAM,1987,566650581.301973
Namibia,NAM,1988,583577760.496299
Namibia,NAM,1989,557212838.637774
Namibia,NAM,1990,654816905.208128
Namibia,NAM,1991,759729042.141154
Namibia,NAM,1992,915072646.908465
Namibia,NAM,1993,838033418.794997
Namibia,NAM,1994,858358093.025849
Namibia,NAM,1995,987960442.062979
Namibia,NAM,1996,988018186.009091
Namibia,NAM,1997,1025002311.21698
Namibia,NAM,1998,937928405.993614
Namibia,NAM,1999,957692384.495974
Namibia,NAM,2000,918682321.809705
Namibia,NAM,2001,809611367.213676
Namibia,NAM,2002,722265139.273336
Namibia,NAM,2003,1094964115.79551
Namibia,NAM,2004,1345766013.95763
Namibia,NAM,2005,1396474676.56623
Namibia,NAM,2006,1555535354.87875
Namibia,NAM,2007,2083077620.29669
Namibia,NAM,2008,1851916843.74039
Namibia,NAM,2009,2105522913.77736
Namibia,NAM,2010,2879502950.10402
Namibia,NAM,2011,2862319046.85258
Namibia,NAM,2012,3256676370.3794
Namibia,NAM,2013,3364903603.30562
Namibia,NAM,2014,3447958122.22335
Namibia,NAM,2015,3086403697.08835
Namibia,NAM,2016,2893588640.02673
Namibia,NAM,2017,3301663788.04961
Namibia,NAM,2018,3470789474.51938
Namibia,NAM,2019,3204993445.64104
Namibia,NAM,2020,2802153758.42474
Namibia,NAM,2021,3107183999.9188
Namibia,NAM,2022,2891849018.25389
Namibia,NAM,2023,2699462738.01782
Namibia,NAM,2024,2871924578.43886
Nepal,NPL,1975,119532131.98935
Nepal,NPL,1976,108078012.948147
Nepal,NPL,1977,100800000.0
Nepal,NPL,1978,119588642.7381
Nepal,NPL,1979,157416658.333333
Nepal,NPL,1980,130416658.333333
Nepal,NPL,1981,160166666.666667
Nepal,NPL,1982,203921783.707949
Nepal,NPL,1983,247616976.550324
Nepal,NPL,1984,238789538.86883
Nepal,NPL,1985,245817270.758935
Nepal,NPL,1986,259120146.6707
Nepal,NPL,1987,268433067.694032
Nepal,NPL,1988,312627522.103831
Nepal,NPL,1989,353316326.077284
Nepal,NPL,1990,314258066.310732
Nepal,NPL,1991,351124485.270827
Nepal,NPL,1992,265211581.291759
Nepal,NPL,1993,310416666.666667
Nepal,NPL,1994,326265306.122449
Nepal,NPL,1995,406967871.485944
Nepal,NPL,1996,418128973.660309
Nepal,NPL,1997,438137822.198843
Nepal,NPL,1998,452219531.880549
Nepal,NPL,1999,449286239.882266
Nepal,NPL,2000,491733024.467931
Nepal,NPL,2001,486870748.29932
Nepal,NPL,2002,508178585.539312
Nepal,NPL,2003,548537858.269094
Nepal,NPL,2004,628764871.453991
Nepal,NPL,2005,723528605.960677
Nepal,NPL,2006,785264231.998197
Nepal,NPL,2007,949799609.859904
Nepal,NPL,2008,1240658111.88886
Nepal,NPL,2009,1385653986.48517
Nepal,NPL,2010,1599079639.3689
Nepal,NPL,2011,1768470401.67864
Nepal,NPL,2012,1713760674.59144
Nepal,NPL,2013,1669775340.93657
Nepal,NPL,2014,1818788502.41611
Nepal,NPL,2015,2146673077.86142
Nepal,NPL,2016,1943785450.68132
Nepal,NPL,2017,2467955906.36112
Nepal,NPL,2018,2669297619.00478
Nepal,NPL,2019,2774924836.79368
Nepal,NPL,2020,3031674647.31528
Nepal,NPL,2021,3047780422.29077
Nepal,NPL,2022,3464540041.86322
Nepal,NPL,2023,2719354755.68226
Nepal,NPL,2024,3192434122.95009
Netherlands,NLD,1969,6091727274.33093
Netherlands,NLD,1970,6972429536.7383
Netherlands,NLD,1971,8497066416.0401
Netherlands,NLD,1972,10751059461.6863
Netherlands,NLD,1973,14051347154.3434
Netherlands,NLD,1974,17294383146.1595
Netherlands,NLD,1975,21668250261.4151
Netherlands,NLD,1976,23630504250.7085
Netherlands,NLD,1977,28408003052.8868
Netherlands,NLD,1978,35357139947.0361
Netherlands,NLD,1979,41729689113.4791
Netherlands,NLD,1980,44983722012.8575
Netherlands,NLD,1981,37886092025.0817
Netherlands,NLD,1982,37327567054.5515
Netherlands,NLD,1983,35954595784.1093
Netherlands,NLD,1984,31743192307.6923
Netherlands,NLD,1985,32161109341.8259
Netherlands,NLD,1986,44750227558.9135
Netherlands,NLD,1987,56828988250.6527
Netherlands,NLD,1988,59217997547.1067
Netherlands,NLD,1989,56476096851.2938
Netherlands,NLD,1990,69055591189.6406
Netherlands,NLD,1991,71689731258.8402
Netherlands,NLD,1992,81308863408.5213
Netherlands,NLD,1993,80135467489.3213
Netherlands,NLD,1994,85256715098.6802
Netherlands,NLD,1995,101432884984.903
Netherlands,NLD,1996,96290196078.4314
Netherlands,NLD,1997,87493788118.3646
Netherlands,NLD,1998,91226394134.6367
Netherlands,NLD,1999,92064966896.9114
Netherlands,NLD,2000,85812841929.4119
Netherlands,NLD,2001,90601883007.8741
Netherlands,NLD,2002,104832922223.922
Netherlands,NLD,2003,132841214134.117
Netherlands,NLD,2004,148184839074.518
Netherlands,NLD,2005,152693419579.766
Netherlands,NLD,2006,170197676128.235
Netherlands,NLD,2007,197158341199.608
Netherlands,NLD,2008,223629839778.906
Netherlands,NLD,2009,226574035739.062
Netherlands,NLD,2010,222381016533.334
Netherlands,NLD,2011,233439247645.915
Netherlands,NLD,2012,218343410841.797
Netherlands,NLD,2013,226213033147.452
Netherlands,NLD,2014,229119887766.666
Netherlands,NLD,2015,191228984750.781
Netherlands,NLD,2016,193533154055.253
Netherlands,NLD,2017,202767604045.883
Netherlands,NLD,2018,222741011048.627
Netherlands,NLD,2019,224044911545.098
Netherlands,NLD,2020,237050238255.254
Netherlands,NLD,2021,265216504391.469
Netherlands,NLD,2022,253258197470.818
Netherlands,NLD,2023,282854466598.044
New Caledonia,NCL,1981,298549874.010942
New Caledonia,NCL,1982,297926370.273883
New Caledonia,NCL,1983,287221944.801269
New Caledonia,NCL,1984,289503792.424074
New Caledonia,NCL,1985,323197571.826437
New Caledonia,NCL,1986,488371141.940328
New Caledonia,NCL,1990,237767400.868367
New Caledonia,NCL,1998,1024379737.23366
New Caledonia,NCL,1999,1019612276.71239
New Caledonia,NCL,2000,916706636.675783
New Caledonia,NCL,2001,933001045.476655
New Caledonia,NCL,2002,1062164715.86723
New Caledonia,NCL,2003,1336594832.19584
New Caledonia,NCL,2004,1510683508.27825
New Caledonia,NCL,2005,1594528707.98285
New Caledonia,NCL,2006,1739568055.32746
New Caledonia,NCL,2007,2022120900.14352
New Caledonia,NCL,2008,2267036261.89447
New Caledonia,NCL,2009,2275392705.49117
New Caledonia,NCL,2010,2230822858.93587
New Caledonia,NCL,2011,2411350522.39629
New Caledonia,NCL,2012,2279608775.633
New Caledonia,NCL,2013,2452470317.24051
New Caledonia,NCL,2014,2491763507.07189
New Caledonia,NCL,2015,2082689582.35138
New Caledonia,NCL,2016,2134521809.82694
New Caledonia,NCL,2017,2157184135.06799
New Zealand,NZL,1970,986397132.937619
New Zealand,NZL,1971,1169070975.18754
New Zealand,NZL,1972,1411035488.5756
New Zealand,NZL,1973,1856129122.02588
New Zealand,NZL,1974,2275234418.09156
New Zealand,NZL,1975,2241924553.87396
New Zealand,NZL,1976,2215510522.21356
New Zealand,NZL,1977,2697738718.27787
New Zealand,NZL,1978,3471989966.55518
New Zealand,NZL,1979,3826505058.59962
New Zealand,NZL,1980,4544489480.79521
New Zealand,NZL,1981,4685704770.62693
New Zealand,NZL,1982,4623452294.24618
New Zealand,NZL,1983,4443349106.204
New Zealand,NZL,1984,3828165508.65913
New Zealand,NZL,1985,4408695652.17391
New Zealand,NZL,1986,5424588086.18504
New Zealand,NZL,1987,7083874961.31229
New Zealand,NZL,1988,7947826086.95652
New Zealand,NZL,1989,7818547671.18423
New Zealand,NZL,1990,8392398254.94532
New Zealand,NZL,1991,7991222147.19784
New Zealand,NZL,1992,7853041259.03871
New Zealand,NZL,1993,8294342127.09474
New Zealand,NZL,1994,9289333903.16869
New Zealand,NZL,1995,10739240170.0319
New Zealand,NZL,1996,11666435410.018
New Zealand,NZL,1997,11123368845.7417
New Zealand,NZL,1998,9866308753.09227
New Zealand,NZL,1999,10152057709.274
New Zealand,NZL,2000,8993544987.48518
New Zealand,NZL,2001,9103047045.03599
New Zealand,NZL,2002,11166642022.771
New Zealand,NZL,2003,14832661536.5824
New Zealand,NZL,2004,17736470588.2353
New Zealand,NZL,2005,20589312117.1583
New Zealand,NZL,2006,20479865118.9936
New Zealand,NZL,2007,25281840229.2937
New Zealand,NZL,2008,26342869192.3807
New Zealand,NZL,2009,24007120994.4406
New Zealand,NZL,2010,28865847770.0732
New Zealand,NZL,2011,32958324738.1511
New Zealand,NZL,2012,34155844022.3743
New Zealand,NZL,2013,35783758128.7215
New Zealand,NZL,2014,37797196029.0906
New Zealand,NZL,2015,32939207447.8286
New Zealand,NZL,2016,34270896782.1653
New Zealand,NZL,2017,37016265120.8783
New Zealand,NZL,2018,38627004399.4443
New Zealand,NZL,2019,40156139339.5372
New Zealand,NZL,2020,43537263506.0291
New Zealand,NZL,2021,53514641391.9932
New Zealand,NZL,2022,52083989390.369
Nicaragua,NIC,1960,19918262.7863547
Nicaragua,NIC,1961,20889891.4798833
Nicaragua,NIC,1962,22347320.9861974
Nicaragua,NIC,1963,21861514.7598204
Nicaragua,NIC,1964,24776377.3492859
Nicaragua,NIC,1965,45048722.9641061
Nicaragua,NIC,1966,52497658.7447202
Nicaragua,NIC,1967,61282783.2430616
Nicaragua,NIC,1968,62440324.8148424
Nicaragua,NIC,1969,65505745.1477319
Nicaragua,NIC,1970,74676034.8058292
Nicaragua,NIC,1971,80623036.1158701
Nicaragua,NIC,1972,82529357.2781697
Nicaragua,NIC,1973,88916801.1715919
Nicaragua,NIC,1974,117395717.95474
Nicaragua,NIC,1975,143101205.246289
Nicaragua,NIC,1976,171532614.931489
Nicaragua,NIC,1977,198326433.043673
Nicaragua,NIC,1978,250075580.718889
Nicaragua,NIC,1979,279821344.119092
Nicaragua,NIC,1980,423018508.916022
Nicaragua,NIC,1981,542903866.689415
Nicaragua,NIC,1982,575412769.22322
Nicaragua,NIC,1983,865685109.568894
Nicaragua,NIC,1984,1101718176.63336
Nicaragua,NIC,1985,958904898.072771
Nicaragua,NIC,1986,1020161414.99985
Nicaragua,NIC,1987,1318383925.61412
Nicaragua,NIC,1988,847370836.538438
Nicaragua,NIC,1989,270489436.525816
Nicaragua,NIC,1990,438903225.806452
Nicaragua,NIC,1991,305958762.886598
Nicaragua,NIC,1992,352680000.0
Nicaragua,NIC,1993,308937908.496732
Nicaragua,NIC,1994,289389880.952381
Nicaragua,NIC,1995,311221739.707835
Nicaragua,NIC,1996,316451879.075282
Nicaragua,NIC,1997,303577339.445473
Nicaragua,NIC,1998,330328729.662121
Nicaragua,NIC,1999,399544662.023414
Nicaragua,NIC,2000,443344269.082822
Nicaragua,NIC,2001,479656567.460433
Nicaragua,NIC,2002,456816338.129963
Nicaragua,NIC,2003,488830560.245615
Nicaragua,NIC,2004,526237731.020922
Nicaragua,NIC,2005,595984140.634291
Nicaragua,NIC,2006,1025744146.35676
Nicaragua,NIC,2007,1040630135.57846
Nicaragua,NIC,2008,1175809363.2136
Nicaragua,NIC,2009,1203128629.33284
Nicaragua,NIC,2010,1234716670.36032
Nicaragua,NIC,2011,1329180752.40885
Nicaragua,NIC,2012,1429054018.01291
Nicaragua,NIC,2013,1511492145.45752
Nicaragua,NIC,2014,1696477057.96471
Nicaragua,NIC,2015,1792608997.8499
Nicaragua,NIC,2016,1921279672.57006
Nicaragua,NIC,2017,1986608702.20337
Nicaragua,NIC,2018,1928073031.04356
Nicaragua,NIC,2019,1931914218.28771
Nicaragua,NIC,2020,1919361281.7519
Nicaragua,NIC,2021,2197499753.84562
Nicaragua,NIC,2022,2178486574.04115
Nicaragua,NIC,2023,2296097877.58326
Nicaragua,NIC,2024,2414896735.2277
Niger,NER,1960,36156337.397622
Niger,NER,1961,44872036.300466
Niger,NER,1962,45540807.4052107
Niger,NER,1963,44292571.314965
Niger,NER,1964,43043323.3073437
Niger,NER,1965,43657713.7178462
Niger,NER,1966,49769121.5774057
Niger,NER,1967,53431504.3953206
Niger,NER,1968,54328829.2958284
Niger,NER,1969,54677906.6582612
Niger,NER,1970,56402035.6975905
Niger,NER,1971,57171347.9012406
Niger,NER,1972,69134485.4030626
Niger,NER,1973,81601131.3568321
Niger,NER,1974,83815986.4851478
Niger,NER,1975,113393084.597334
Niger,NER,1976,138159997.275419
Niger,NER,1977,184766964.067322
Niger,NER,1978,205903758.493132
Niger,NER,1979,240696714.434945
Niger,NER,1980,260318609.626
Niger,NER,1981,237366706.312059
Niger,NER,1982,228236679.354973
Niger,NER,1983,202589558.519458
Niger,NER,1984,149213881.085407
Niger,NER,1985,156033338.541642
Niger,NER,1986,215127721.299259
Niger,NER,1987,250551877.944222
Niger,NER,1988,353535771.855665
Niger,NER,1989,342310843.768989
Niger,NER,1990,735315964.472057
Niger,NER,1991,645379469.596755
Niger,NER,1992,672616556.793159
Niger,NER,1993,655172108.741106
Niger,NER,1994,379253448.173284
Niger,NER,1995,443470741.706796
Niger,NER,1996,476608295.067624
Niger,NER,1997,470489362.597563
Niger,NER,1998,527201451.677978
Niger,NER,1999,557721612.248072
Niger,NER,2000,464312216.955006
Niger,NER,2001,468903696.150774
Niger,NER,2002,518730523.066702
Niger,NER,2003,625760636.67508
Niger,NER,2004,732166789.365953
Niger,NER,2005,779334712.610334
Niger,NER,2006,804106819.989927
Niger,NER,2007,986537243.913936
Niger,NER,2008,1251004628.94352
Niger,NER,2009,1348883890.30267
Niger,NER,2010,1215418324.31355
Niger,NER,2011,1437575288.54843
Niger,NER,2012,1423576758.5359
Niger,NER,2013,1564029710.01249
Niger,NER,2014,1948714811.58568
Niger,NER,2015,1597602014.97231
Niger,NER,2016,1587905980.26986
Niger,NER,2017,1729432467.1159
Niger,NER,2018,1948047611.8186
Niger,NER,2019,2017873443.01036
Niger,NER,2020,2166453521.3986
Niger,NER,2021,2586042481.41909
Niger,NER,2023,2244184652.30091
Niger,NER,2024,2305240223.03872
North America,NAC,1970,211362665082.747
North America,NAC,1971,230065643236.768
North America,NAC,1972,249477362628.31
North America,NAC,1973,266091617011.84
North America,NAC,1974,298706691536.896
North America,NAC,1975,335783689494.797
North America,NAC,1976,360578971682.694
North America,NAC,1977,389447118654.544
North America,NAC,1978,419479915359.736
North America,NAC,1979,457085613949.778
North America,NAC,1980,512921517022.092
North America,NAC,1981,572981633531.005
North America,NAC,1982,626939601171.89
North America,NAC,1983,673100672140.116
North America,NAC,1984,713560726105.265
North America,NAC,1985,771647540209.574
North America,NAC,1986,821986234121.708
North America,NAC,1987,870319824982.253
North America,NAC,1988,928339976782.09
North America,NAC,1989,1002956614537.92
North America,NAC,1990,1083355042694.76
North America,NAC,1991,1152335613101.69
North America,NAC,1992,1194061571273.09
North America,NAC,1993,1211741776020.74
North America,NAC,1994,1240018010546.25
North America,NAC,1995,1273393580825.64
North America,NAC,1996,1304224607388.9
North America,NAC,1997,1350997944240.99
North America,NAC,1998,1393817909415.64
North America,NAC,1999,1482976662074.46
North America,NAC,2000,1580394160074.5
North America,NAC,2001,1682860826375.71
North America,NAC,2002,1796841737581.39
North America,NAC,2003,1925173756978.44
North America,NAC,2004,2051935238278.76
North America,NAC,2005,2186509115361.09
North America,NAC,2006,2327641380402.26
North America,NAC,2007,2482083515804.68
North America,NAC,2008,2660533791075.6
North America,NAC,2009,2736236912899.56
North America,NAC,2010,2859295535872.44
North America,NAC,2011,2891412056589.19
North America,NAC,2012,2901353290980.6
North America,NAC,2013,2913953663984.66
North America,NAC,2014,2929062614878.33
North America,NAC,2015,2929785215724.92
North America,NAC,2016,2975823947451.91
North America,NAC,2017,3057997363752.07
North America,NAC,2018,3217402281802.74
North America,NAC,2019,3376138459114.84
North America,NAC,2020,3555022176649.53
North America,NAC,2021,3797617966230.19
North America,NAC,2022,4018264326480.9
North Macedonia,MKD,1990,851828621.908127
North Macedonia,MKD,1991,1016928571.42857
North Macedonia,MKD,1992,452185621.685327
North Macedonia,MKD,1993,537584353.448276
North Macedonia,MKD,1994,644312278.178885
North Macedonia,MKD,1995,831297216.987659
North Macedonia,MKD,1996,800003501.656721
North Macedonia,MKD,1997,733948623.596348
North Macedonia,MKD,1998,725353341.216667
North Macedonia,MKD,1999,755845664.57162
North Macedonia,MKD,2000,638778905.037545
North Macedonia,MKD,2001,884090750.855125
North Macedonia,MKD,2002,833911009.378243
North Macedonia,MKD,2003,894255905.194515
North Macedonia,MKD,2004,989092618.27981
North Macedonia,MKD,2005,1012951893.226
North Macedonia,MKD,2006,1132827833.87741
North Macedonia,MKD,2007,1400788203.5377
North Macedonia,MKD,2008,1841515805.87825
North Macedonia,MKD,2009,1793446003.82195
North Macedonia,MKD,2010,1720626557.26341
North Macedonia,MKD,2011,1901660210.95017
North Macedonia,MKD,2012,1817301016.38643
North Macedonia,MKD,2013,1893616820.4127
North Macedonia,MKD,2014,1944349232.08327
North Macedonia,MKD,2015,1708588361.91859
North Macedonia,MKD,2016,1646764028.92607
North Macedonia,MKD,2017,1687098276.94117
North Macedonia,MKD,2018,1811614645.74085
North Macedonia,MKD,2019,1764566711.31559
North Macedonia,MKD,2020,2069081108.68498
North Macedonia,MKD,2021,2216338140.92691
North Macedonia,MKD,2022,2092945326.68815
North Macedonia,MKD,2023,2367860385.46027
North Macedonia,MKD,2024,2635538537.94066
Norway,NOR,1970,2012627924.23245
Norway,NOR,1971,2400544225.40002
Norway,NOR,1972,2909747730.79142
Norway,NOR,1973,3815775781.3313
Norway,NOR,1974,4653320576.92655
Norway,NOR,1975,5962425146.83656
Norway,NOR,1976,6781453312.563
Norway,NOR,1977,7937071475.53301
Norway,NOR,1978,9178223298.93367
Norway,NOR,1979,10274876088.5449
Norway,NOR,1980,12044258179.4623
Norway,NOR,1981,11820716090.2518
Norway,NOR,1982,11901921289.123
Norway,NOR,1983,11680828901.9242
Norway,NOR,1984,11285793052.7477
Norway,NOR,1985,11706951100.3583
Norway,NOR,1986,14967071010.3182
Norway,NOR,1987,18824786641.9295
Norway,NOR,1988,20310112014.7307
Norway,NOR,1989,20548048374.2487
Norway,NOR,1990,24298768311.5804
Norway,NOR,1991,25600425735.3962
Norway,NOR,1992,28721538337.7585
Norway,NOR,1993,26495538546.1158
Norway,NOR,1994,27492206982.5436
Norway,NOR,1995,31869396388.4329
Norway,NOR,1996,33300877546.5906
Norway,NOR,1997,32235841321.0055
Norway,NOR,1998,32938860982.6245
Norway,NOR,1999,34120166170.8893
Norway,NOR,2000,32342929855.2569
Norway,NOR,2001,34903522137.082
Norway,NOR,2002,42369172574.4633
Norway,NOR,2003,50330357899.4944
Norway,NOR,2004,55027148112.9836
Norway,NOR,2005,60053550640.2794
Norway,NOR,2006,64413952255.4691
Norway,NOR,2007,75090332156.2004
Norway,NOR,2008,85546985815.6028
Norway,NOR,2009,83411096798.8168
Norway,NOR,2010,91497642354.8876
Norway,NOR,2011,104234956710.531
Norway,NOR,2012,105681822088.526
Norway,NOR,2013,110352851063.83
Norway,NOR,2014,108991007669.929
Norway,NOR,2015,89656505115.2216
Norway,NOR,2016,89841309523.8095
Norway,NOR,2017,95638525085.6337
Norway,NOR,2018,101648078696.588
Norway,NOR,2019,98521363636.3636
Norway,NOR,2020,96077528984.866
Norway,NOR,2021,113002793946.449
Norway,NOR,2022,107908884458.698
Norway,NOR,2023,106479741243.295
OECD members,OED,1970,395714336613.416
OECD members,OED,1971,447670952439.958
OECD members,OED,1972,517202446385.614
OECD members,OED,1973,611897002079.18
OECD members,OED,1974,711081238732.073
OECD members,OED,1975,844327202157.074
OECD members,OED,1976,895548222318.857
OECD members,OED,1977,1002119679192.2
OECD members,OED,1978,1188698814867.75
OECD members,OED,1979,1365037083138.42
OECD members,OED,1980,1555190960205.36
OECD members,OED,1981,1581474697644.35
OECD members,OED,1982,1591366536845.41
OECD members,OED,1983,1627723660585.38
OECD members,OED,1984,1646378655575.4
OECD members,OED,1985,1730571329086.86
OECD members,OED,1986,2113060343494.37
OECD members,OED,1987,2451792882974.15
OECD members,OED,1988,2699686707749.0
OECD members,OED,1989,2787957988568.27
OECD members,OED,1990,3204847692143.63
OECD members,OED,1991,3438124583913.51
OECD members,OED,1992,3738920405718.99
OECD members,OED,1993,3734924376391.58
OECD members,OED,1994,3933490135435.92
OECD members,OED,1995,4313230744039.67
OECD members,OED,1996,4321468770750.62
OECD members,OED,1997,4170995244715.61
OECD members,OED,1998,4189097371784.56
OECD members,OED,1999,4422056319849.42
OECD members,OED,2000,4467800286889.4
OECD members,OED,2001,4536049333054.8
OECD members,OED,2002,4877481930214.53
OECD members,OED,2003,5580978462939.87
OECD members,OED,2004,6198692596044.13
OECD members,OED,2005,6527228302038.32
OECD members,OED,2006,6852639698459.28
OECD members,OED,2007,7520270455912.7
OECD members,OED,2008,8260726272159.19
OECD members,OED,2009,8260923629606.85
OECD members,OED,2010,8524469320862.94
OECD members,OED,2011,9030665419596.59
OECD members,OED,2012,8889923886737.19
OECD members,OED,2013,8903646802703.93
OECD members,OED,2014,8971375802424.12
OECD members,OED,2015,8249921831483.84
OECD members,OED,2016,8402771305601.7
OECD members,OED,2017,8657736807707.33
OECD members,OED,2018,9178620541149.8
OECD members,OED,2019,9342550411714.19
OECD members,OED,2020,9845942982791.02
OECD members,OED,2021,10693858125032.3
OECD members,OED,2022,10508296440447.3
Oman,OMN,1967,4694796.78434037
Oman,OMN,1968,9119992.70400584
Oman,OMN,1969,12239990.2080078
Oman,OMN,1970,32879973.696021
Oman,OMN,1971,62560153.9942252
Oman,OMN,1972,108657982.71374
Oman,OMN,1973,179653013.037676
Oman,OMN,1974,570932252.460915
Oman,OMN,1975,662999420.961204
Oman,OMN,1976,697452229.299363
Oman,OMN,1977,777359583.092067
Oman,OMN,1978,788361320.208454
Oman,OMN,1979,1026925303.99537
Oman,OMN,1980,1495946438.91141
Oman,OMN,1981,1785465836.71106
Oman,OMN,1982,1972205848.29184
Oman,OMN,1983,2107122466.70527
Oman,OMN,1984,2339337052.72484
Oman,OMN,1985,2716021366.84086
Oman,OMN,1986,2432051510.28059
Oman,OMN,1987,2376332379.71391
Oman,OMN,1988,2486345903.77113
Oman,OMN,1989,2537321456.43693
Oman,OMN,1990,3161768530.55917
Oman,OMN,1991,3042392717.81534
Oman,OMN,1992,3446293888.16645
Oman,OMN,1993,3525357607.28218
Oman,OMN,1994,3779453836.15085
Oman,OMN,1995,3868400520.15605
Oman,OMN,1996,3826007802.3407
Oman,OMN,1997,3743042912.87386
Oman,OMN,1998,3707672301.69051
Oman,OMN,1999,3763068920.6762
Oman,OMN,2000,4190637191.15735
Oman,OMN,2001,4504551365.40962
Oman,OMN,2002,4764369310.79324
Oman,OMN,2003,4812743823.14694
Oman,OMN,2004,5552145643.69311
Oman,OMN,2005,6461898569.57087
Oman,OMN,2006,6932899869.96099
Oman,OMN,2007,7916514954.48635
Oman,OMN,2008,8625227568.27048
Oman,OMN,2009,9365669700.91027
Oman,OMN,2010,10642392717.8153
Oman,OMN,2011,12258777633.29
Oman,OMN,2012,14985955786.736
Oman,OMN,2013,16995318595.5787
Oman,OMN,2014,20037451235.3706
Oman,OMN,2015,19392977893.368
Oman,OMN,2016,19627308192.4577
Oman,OMN,2017,19832769830.9493
Oman,OMN,2018,19727438231.4694
Oman,OMN,2019,20349544863.459
Oman,OMN,2020,19786475942.7828
Oman,OMN,2021,19335240572.1716
Oman,OMN,2022,19390897269.1808
Oman,OMN,2023,20011184355.2205
Oman,OMN,2024,20068069728.9851
Other small states,OSS,1993,6645987554.28636
Other small states,OSS,1994,7188073651.44866
Other small states,OSS,1995,7995621130.77922
Other small states,OSS,1996,8341722560.98521
Other small states,OSS,1997,8384784598.4411
Other small states,OSS,1998,9022940032.04164
Other small states,OSS,1999,9562463791.81682
Other small states,OSS,2000,9900068088.72521
Other small states,OSS,2001,10382727680.766
Other small states,OSS,2002,11516245799.329
Other small states,OSS,2003,13753163389.7931
Other small states,OSS,2004,15415420381.0138
Other small states,OSS,2005,16878160897.4806
Other small states,OSS,2006,18410160240.1659
Other small states,OSS,2007,22566910129.084
Other small states,OSS,2008,24369101786.3394
Other small states,OSS,2009,22870519393.4588
Other small states,OSS,2010,23181288515.7356
Other small states,OSS,2011,25706873940.6524
Other small states,OSS,2012,24748253488.3286
Other small states,OSS,2013,25690557262.771
Other small states,OSS,2014,26344318678.4848
Other small states,OSS,2015,24172157020.0396
Other small states,OSS,2016,25378707562.6162
Other small states,OSS,2017,27804267363.3128
Other small states,OSS,2018,30247809055.5761
Other small states,OSS,2019,31064503346.228
Other small states,OSS,2020,32319416094.1414
Other small states,OSS,2021,35844485427.3612
Other small states,OSS,2022,36141202077.5241
Other small states,OSS,2023,39525520645.8569
Pakistan,PAK,1960,384922301.553969
Pakistan,PAK,1961,403401931.961361
Pakistan,PAK,1962,435111297.774045
Pakistan,PAK,1963,477740445.191096
Pakistan,PAK,1964,584208315.833683
Pakistan,PAK,1965,646157076.858463
Pakistan,PAK,1966,962830743.385132
Pakistan,PAK,1967,846913061.738765
Pakistan,PAK,1968,847963040.739185
Pakistan,PAK,1969,914741705.165897
Pakistan,PAK,1970,1017639647.20706
Pakistan,PAK,1971,1106677866.44267
Pakistan,PAK,1972,1115550198.03685
Pakistan,PAK,1973,730540054.85671
Pakistan,PAK,1974,862525252.525252
Pakistan,PAK,1975,1207070707.07071
Pakistan,PAK,1976,1448787878.78788
Pakistan,PAK,1977,1688282828.28283
Pakistan,PAK,1978,1930909090.90909
Pakistan,PAK,1979,2054444444.44444
Pakistan,PAK,1980,2377272727.27273
Pakistan,PAK,1981,2856161616.16162
Pakistan,PAK,1982,3177440758.29384
Pakistan,PAK,1983,3276062992.12598
Pakistan,PAK,1984,3765286435.14396
Pakistan,PAK,1985,3768205804.74934
Pakistan,PAK,1986,4070799752.01488
Pakistan,PAK,1987,4513952810.95252
Pakistan,PAK,1988,5967188835.08972
Pakistan,PAK,1989,6742683748.97412
Pakistan,PAK,1990,6056280091.61875
Pakistan,PAK,1991,6507846744.28845
Pakistan,PAK,1992,6277807435.99384
Pakistan,PAK,1993,6745658216.25071
Pakistan,PAK,1994,6286198446.5708
Pakistan,PAK,1995,7120811699.41644
Pakistan,PAK,1996,8006898946.11878
Pakistan,PAK,1997,7425553372.29774
Pakistan,PAK,1998,7005367590.53019
Pakistan,PAK,1999,6524154506.59671
Pakistan,PAK,2000,9864940491.90626
Pakistan,PAK,2001,8408633732.39437
Pakistan,PAK,2002,9428616882.10458
Pakistan,PAK,2003,10935155231.3471
Pakistan,PAK,2004,12807484648.2543
Pakistan,PAK,2005,13302495006.5367
Pakistan,PAK,2006,18726238800.7338
Pakistan,PAK,2007,19155240869.0145
Pakistan,PAK,2008,21397393363.3377
Pakistan,PAK,2009,21597837795.2134
Pakistan,PAK,2010,21478241456.2228
Pakistan,PAK,2011,23581138782.9904
Pakistan,PAK,2012,25259035617.4078
Pakistan,PAK,2013,26537725888.4432
Pakistan,PAK,2014,27213346042.1899
Pakistan,PAK,2015,29363322428.8096
Pakistan,PAK,2016,33272865810.9435
Pakistan,PAK,2017,36477279981.9486
Pakistan,PAK,2018,39151401398.8462
Pakistan,PAK,2019,34496974199.7022
Pakistan,PAK,2020,35416575957.3235
Pakistan,PAK,2021,38091362850.27
Pakistan,PAK,2022,39333059518.5612
Pakistan,PAK,2023,34827768717.3444
Pakistan,PAK,2024,32942824136.2149
Palau,PLW,2005,57760684.967041
Palau,PLW,2006,63731315.612793
Palau,PLW,2007,64428421.0205078
Palau,PLW,2008,68566131.5917969
Palau,PLW,2009,69456176.7578125
Palau,PLW,2010,68738380.4321289
Palau,PLW,2011,69404594.4213867
Palau,PLW,2012,70347442.6269531
Palau,PLW,2013,73705612.1826172
Palau,PLW,2014,77276145.9350586
Palau,PLW,2015,80031478.8818359
Palau,PLW,2016,86160278.3203125
Palau,PLW,2017,87332084.6557617
Palau,PLW,2018,92925521.8505859
Palau,PLW,2019,95244537.3535156
Palau,PLW,2020,108788619.995117
Palau,PLW,2021,106804374.694824
Palau,PLW,2022,104605987.548828
Palau,PLW,2023,115221809.387207
Panama,PAN,1960,56085100.0
Panama,PAN,1961,59553000.0
Panama,PAN,1962,66847700.0
Panama,PAN,1963,80241100.0
Panama,PAN,1964,78088600.0
Panama,PAN,1965,86579100.0
Panama,PAN,1966,103679700.0
Panama,PAN,1967,122693600.0
Panama,PAN,1968,131184100.0
Panama,PAN,1969,141348800.0
Panama,PAN,1970,179137500.0
Panama,PAN,1971,211953800.0
Panama,PAN,1972,266412600.0
Panama,PAN,1973,294171200.0
Panama,PAN,1974,352041000.0
Panama,PAN,1975,415556600.0
Panama,PAN,1976,454136400.0
Panama,PAN,1977,484718000.0
Panama,PAN,1978,567993900.0
Panama,PAN,1979,667148800.0
Panama,PAN,1980,774654800.0
Panama,PAN,1981,848470000.0
Panama,PAN,1982,1053050000.0
Panama,PAN,1983,1054205200.0
Panama,PAN,1984,1166718400.0
Panama,PAN,1985,1220780200.0
Panama,PAN,1986,1331098600.0
Panama,PAN,1987,1434601600.0
Panama,PAN,1988,1177577000.0
Panama,PAN,1989,1090130900.0
Panama,PAN,1990,1111617000.0
Panama,PAN,1991,1184392500.0
Panama,PAN,1992,1219740600.0
Panama,PAN,1993,1268719600.0
Panama,PAN,1994,1322434900.0
Panama,PAN,1995,1379384600.0
Panama,PAN,1996,1240001900.0
Panama,PAN,1997,1263949600.0
Panama,PAN,1998,1408527900.0
Panama,PAN,1999,1537979200.0
Panama,PAN,2000,1613364000.0
Panama,PAN,2001,1767744800.0
Panama,PAN,2002,1971654700.0
Panama,PAN,2003,1973805400.0
Panama,PAN,2004,2130355300.0
Panama,PAN,2005,2328492500.0
Panama,PAN,2006,2494049900.0
Panama,PAN,2007,2658037600.0
Panama,PAN,2008,3030776800.0
Panama,PAN,2009,3235105000.0
Panama,PAN,2010,3701032700.0
Panama,PAN,2011,4080127500.0
Panama,PAN,2012,4335307200.0
Panama,PAN,2013,4819687600.0
Panama,PAN,2014,4946063800.0
Panama,PAN,2015,5498857800.0
Panama,PAN,2016,6282209700.0
Panama,PAN,2017,7012395200.0
Panama,PAN,2018,7391149763.43645
Panama,PAN,2019,7762804297.29196
Panama,PAN,2020,8409269218.4031
Panama,PAN,2021,9262763754.87384
Panama,PAN,2022,9761174481.42035
Panama,PAN,2023,10278610495.3374
Panama,PAN,2024,10731603480.3772
Papua New Guinea,PNG,1961,68992011.0387218
Papua New Guinea,PNG,1962,75600012.0960019
Papua New Guinea,PNG,1963,85904013.7446422
Papua New Guinea,PNG,1964,100016016.002563
Papua New Guinea,PNG,1965,117600018.816003
Papua New Guinea,PNG,1966,139888022.382084
Papua New Guinea,PNG,1967,154112024.657924
Papua New Guinea,PNG,1968,162736026.037764
Papua New Guinea,PNG,1969,176064028.170245
Papua New Guinea,PNG,1970,194208031.073285
Papua New Guinea,PNG,1971,221011874.148974
Papua New Guinea,PNG,1972,260586631.28309
Papua New Guinea,PNG,1973,353777939.367773
Papua New Guinea,PNG,1974,429330841.46492
Papua New Guinea,PNG,1975,455168459.457018
Papua New Guinea,PNG,1976,457488392.509148
Papua New Guinea,PNG,1977,426707589.511352
Papua New Guinea,PNG,1978,498360193.250344
Papua New Guinea,PNG,1979,521807161.7139
Papua New Guinea,PNG,1980,612866013.062154
Papua New Guinea,PNG,1981,675218844.311831
Papua New Guinea,PNG,1982,633888589.466158
Papua New Guinea,PNG,1983,596905564.339242
Papua New Guinea,PNG,1984,593510447.920655
Papua New Guinea,PNG,1985,569021227.334617
Papua New Guinea,PNG,1986,608494627.419411
Papua New Guinea,PNG,1987,704593792.9219
Papua New Guinea,PNG,1988,764543805.280646
Papua New Guinea,PNG,1989,867375875.78904
Papua New Guinea,PNG,1990,799541877.829901
Papua New Guinea,PNG,1991,895693277.310924
Papua New Guinea,PNG,1992,1041364296.08128
Papua New Guinea,PNG,1993,1225776778.41374
Papua New Guinea,PNG,1994,1023934626.86567
Papua New Guinea,PNG,1995,791872099.985032
Papua New Guinea,PNG,1996,1026310318.66464
Papua New Guinea,PNG,1997,951347604.769542
Papua New Guinea,PNG,1998,684368231.923469
Papua New Guinea,PNG,1999,589335643.954313
Papua New Guinea,PNG,2000,583418836.805556
Papua New Guinea,PNG,2001,500264528.939336
Papua New Guinea,PNG,2002,460043517.42241
Papua New Guinea,PNG,2003,539514196.471283
Papua New Guinea,PNG,2004,601417419.374864
Paraguay,PRY,1962,25428571.4285714
Paraguay,PRY,1963,26666666.6666667
Paraguay,PRY,1964,27809523.8095238
Paraguay,PRY,1965,30111111.1111111
Paraguay,PRY,1966,36452380.952381
Paraguay,PRY,1967,38349206.3492064
Paraguay,PRY,1968,43063492.0634921
Paraguay,PRY,1969,50246031.7460317
Paraguay,PRY,1970,53555555.5555556
Paraguay,PRY,1971,56420634.9206349
Paraguay,PRY,1972,61658730.1587302
Paraguay,PRY,1973,64841269.8412698
Paraguay,PRY,1974,73230550.9920635
Paraguay,PRY,1975,95015873.015873
Paraguay,PRY,1976,106452380.952381
Paraguay,PRY,1977,129785714.285714
Paraguay,PRY,1978,170634920.634921
Paraguay,PRY,1979,196111111.111111
Paraguay,PRY,1980,275650793.650794
Paraguay,PRY,1981,385912698.412698
Paraguay,PRY,1982,384352941.176471
Paraguay,PRY,1983,410693166.363014
Paraguay,PRY,1984,300637883.38531
Paraguay,PRY,1985,219212234.740186
Paraguay,PRY,1986,254555523.792037
Paraguay,PRY,1987,291434981.122755
Paraguay,PRY,1988,267221675.25
Paraguay,PRY,1989,308072127.002462
Paraguay,PRY,1990,358313782.021467
Paraguay,PRY,1991,463735757.621491
Paraguay,PRY,1992,574970987.135906
Paraguay,PRY,1993,628535641.23144
Paraguay,PRY,1994,699199577.899578
Paraguay,PRY,1995,803934030.218745
Paraguay,PRY,1996,942251995.565949
Paraguay,PRY,1997,1014854277.13443
Paraguay,PRY,1998,952981406.093549
Paraguay,PRY,1999,874043905.971972
Paraguay,PRY,2000,921442494.041046
Paraguay,PRY,2001,805499608.760987
Paraguay,PRY,2002,604260241.923915
Paraguay,PRY,2003,610415711.076936
Paraguay,PRY,2004,730229810.296289
Paraguay,PRY,2005,871769497.87764
Paraguay,PRY,2006,1115244964.42007
Paraguay,PRY,2007,1369839598.46683
Paraguay,PRY,2008,1828930990.78154
Paraguay,PRY,2009,2042608387.92113
Paraguay,PRY,2010,2470211218.25027
Paraguay,PRY,2011,3396088253.76897
Paraguay,PRY,2012,3901281960.53963
Paraguay,PRY,2013,4350530703.04727
Paraguay,PRY,2014,4663184775.90472
Paraguay,PRY,2015,4274100576.21073
Paraguay,PRY,2016,4100869269.69638
Paraguay,PRY,2017,4331675874.83078
Paraguay,PRY,2018,4634065895.77636
Paraguay,PRY,2019,4530662824.41747
Paraguay,PRY,2020,4480212131.83275
Paraguay,PRY,2021,4799553974.47404
Paraguay,PRY,2022,4975248962.69173
Paraguay,PRY,2023,5228814654.26958
Paraguay,PRY,2024,5608979102.11643
Peru,PER,1960,196074368.144829
Peru,PER,1961,248163156.892262
Peru,PER,1962,282881848.418452
Peru,PER,1963,322265681.906125
Peru,PER,1964,426758020.187426
Peru,PER,1965,521998508.595153
Peru,PER,1966,615212527.987144
Peru,PER,1967,614909925.007932
Peru,PER,1968,558139544.743104
Peru,PER,1969,602067163.762327
Peru,PER,1970,883720949.971156
Peru,PER,1971,1002583959.63831
Peru,PER,1972,1175710594.34563
Peru,PER,1973,1382428940.6042
Peru,PER,1974,1550387596.93929
Peru,PER,1975,2036123363.39008
Peru,PER,1976,1913701052.81894
Peru,PER,1977,1993237087.99996
Peru,PER,1978,1357221492.65025
Peru,PER,1979,1338116152.71079
Peru,PER,1980,2423359104.61461
Peru,PER,1981,2841460700.24072
Peru,PER,1982,3010464589.95791
Peru,PER,1983,2333243448.88605
Peru,PER,1984,2076810749.41965
Peru,PER,1985,1767663019.64682
Peru,PER,1986,2717332855.35042
Peru,PER,1987,4502301638.37055
Peru,PER,1988,1313547829.4
Peru,PER,1989,1931442786.06965
Peru,PER,1990,1921025120.77295
Peru,PER,1991,2614131636.45713
Peru,PER,1992,2826792386.43634
Peru,PER,1993,2781563672.01247
Peru,PER,1994,3948279002.00328
Peru,PER,1995,5266424328.39791
Peru,PER,1996,5723831642.4235
Peru,PER,1997,5953453453.45345
Peru,PER,1998,6094763432.78487
Peru,PER,1999,5796129413.50273
Peru,PER,2000,5925098140.34786
Peru,PER,2001,6096462472.5635
Peru,PER,2002,6115928021.15018
Peru,PER,2003,6765060933.54794
Peru,PER,2004,7515671685.51175
Peru,PER,2005,8704765371.43204
Peru,PER,2006,9676907103.15764
Peru,PER,2007,10682007031.0003
Peru,PER,2008,12502136094.8768
Peru,PER,2009,13853993758.7146
Peru,PER,2010,15528516437.3258
Peru,PER,2011,17798554881.8126
Peru,PER,2012,20943392935.8133
Peru,PER,2013,23137060267.6118
Peru,PER,2014,24901692259.7889
Peru,PER,2015,24609044167.5912
Peru,PER,2016,25260869281.8088
Peru,PER,2017,27878955542.8513
Peru,PER,2018,29109995944.1405
Peru,PER,2019,30242995818.6631
Peru,PER,2020,31859193045.0328
Peru,PER,2021,31119783412.3684
Peru,PER,2022,32960373969.312
Peru,PER,2023,36210817489.9154
Peru,PER,2024,38789864282.2265
Philippines,PHL,1981,3358355256.24553
Philippines,PHL,1982,3629851064.40281
Philippines,PHL,1983,2936941808.20046
Philippines,PHL,1984,2411827009.01172
Philippines,PHL,1985,2587463530.79338
Philippines,PHL,1986,2630384002.83179
Philippines,PHL,1987,3065150092.56029
Philippines,PHL,1988,3763286199.95331
Philippines,PHL,1989,4428791019.31054
Philippines,PHL,1990,4855976416.3633
Philippines,PHL,1991,4937537456.83055
Philippines,PHL,1992,5588431863.10455
Philippines,PHL,1993,5972093886.0927
Philippines,PHL,1994,7536819951.20824
Philippines,PHL,1995,9216541210.05114
Philippines,PHL,1996,10798200891.8184
Philippines,PHL,1997,11869218437.5388
Philippines,PHL,1998,9588252502.56462
Philippines,PHL,1999,10141088160.3136
Philippines,PHL,2000,9256125225.57688
Philippines,PHL,2001,8477518726.24655
Philippines,PHL,2002,8658394176.51109
Philippines,PHL,2003,8644037981.94476
Philippines,PHL,2004,8684060931.06812
Philippines,PHL,2005,9522980308.49938
Philippines,PHL,2006,11574157862.4723
Philippines,PHL,2007,14399459864.1586
Philippines,PHL,2008,16009180726.845
Philippines,PHL,2009,17292332858.8056
Philippines,PHL,2010,20254279841.2331
Philippines,PHL,2011,22750951684.7048
Philippines,PHL,2012,28266850088.9026
Philippines,PHL,2013,30709641264.5801
Philippines,PHL,2014,31417751980.3175
Philippines,PHL,2015,33438275358.1974
Philippines,PHL,2016,35870924778.7186
Philippines,PHL,2017,37195077071.6923
Philippines,PHL,2018,41769419220.1009
Philippines,PHL,2019,46981416427.2794
Philippines,PHL,2020,55208486782.3083
Philippines,PHL,2021,61395637111.8895
Philippines,PHL,2022,60829603622.2911
Philippines,PHL,2023,62154881728.8861
Philippines,PHL,2024,66974017380.3214
Poland,POL,1995,26881837934.534
Poland,POL,1996,29652090056.0068
Poland,POL,1997,28825734335.3382
Poland,POL,1998,30921620532.8883
Poland,POL,1999,30396197935.6246
Poland,POL,2000,31109909516.0576
Poland,POL,2001,35586115928.5767
Poland,POL,2002,37070043306.0223
Poland,POL,2003,41188200278.9866
Poland,POL,2004,46729012844.8875
Poland,POL,2005,56132268350.6605
Poland,POL,2006,63891687113.5791
Poland,POL,2007,78064993948.5901
Poland,POL,2008,99764573255.8207
Poland,POL,2009,82480861447.9726
Poland,POL,2010,91554737505.3892
Poland,POL,2011,95423727440.6247
Poland,POL,2012,89709882445.8582
Poland,POL,2013,94986516873.1295
Poland,POL,2014,98874575136.4223
Poland,POL,2015,85953840031.8345
Poland,POL,2016,84342194812.3309
Poland,POL,2017,92815575940.1377
Poland,POL,2018,103877472853.593
Poland,POL,2019,107388051440.664
Poland,POL,2020,114137047538.498
Poland,POL,2021,127656042982.736
Poland,POL,2022,126038012380.109
Poland,POL,2023,153945127268.623
Poland,POL,2024,191019439224.198
Portugal,PRT,1970,975704323.570432
Portugal,PRT,1971,1083003533.5689
Portugal,PRT,1972,1308176426.98295
Portugal,PRT,1973,1681545380.21259
Portugal,PRT,1974,2149392265.19337
Portugal,PRT,1975,2520470588.23529
Portugal,PRT,1976,2430165782.49337
Portugal,PRT,1977,2618737558.93138
Portugal,PRT,1978,2847203467.15328
Portugal,PRT,1979,3208663934.42623
Portugal,PRT,1980,4161718061.67401
Portugal,PRT,1981,4187296416.93811
Portugal,PRT,1982,3964664480.32291
Portugal,PRT,1983,3587423090.84329
Portugal,PRT,1984,3297235004.10846
Portugal,PRT,1985,3661935521.8261
Portugal,PRT,1986,5177765715.0516
Portugal,PRT,1987,6357425643.94478
Portugal,PRT,1988,7719988857.93872
Portugal,PRT,1989,8733701298.7013
Portugal,PRT,1990,11959774996.4843
Portugal,PRT,1991,15053561814.9022
Portugal,PRT,1992,18181281556.2816
Portugal,PRT,1993,16612121929.9339
Portugal,PRT,1994,17487278985.5072
Portugal,PRT,1995,20626269072.5753
Portugal,PRT,1996,21679166883.2857
Portugal,PRT,1997,20593303602.0583
Portugal,PRT,1998,22103289180.7658
Portugal,PRT,1999,22981269335.8672
Portugal,PRT,2000,22376056432.9569
Portugal,PRT,2001,23408390970.2587
Portugal,PRT,2002,26355356154.2244
Portugal,PRT,2003,33221029196.3678
Portugal,PRT,2004,38678684778.6966
Portugal,PRT,2005,41394017225.2638
Portugal,PRT,2006,42420904725.6741
Portugal,PRT,2007,47153767911.1205
Portugal,PRT,2008,52074924163.1047
Portugal,PRT,2009,52128606603.8507
Portugal,PRT,2010,49034978351.2501
Portugal,PRT,2011,48301349772.111
Portugal,PRT,2012,39645780144.3352
Portugal,PRT,2013,42678471552.7244
Portugal,PRT,2014,42298431398.9387
Portugal,PRT,2015,35593202378.5851
Portugal,PRT,2016,36305978233.0192
Portugal,PRT,2017,38039772330.193
Portugal,PRT,2018,41137807528.6329
Portugal,PRT,2019,40791246506.0078
Portugal,PRT,2020,43449449519.5814
Portugal,PRT,2021,47769297434.755
Portugal,PRT,2022,44821692653.0118
Portugal,PRT,2023,48793371333.0989
Post-demographic dividend,PST,1970,389031439350.264
Post-demographic dividend,PST,1971,440612321740.434
Post-demographic dividend,PST,1972,508583723860.814
Post-demographic dividend,PST,1973,599621381902.997
Post-demographic dividend,PST,1974,694902086980.378
Post-demographic dividend,PST,1975,825884095314.01
Post-demographic dividend,PST,1976,876344781928.541
Post-demographic dividend,PST,1977,981654952039.725
Post-demographic dividend,PST,1978,1165249649228.14
Post-demographic dividend,PST,1979,1333036916969.78
Post-demographic dividend,PST,1980,1517786900531.89
Post-demographic dividend,PST,1981,1537046932632.91
Post-demographic dividend,PST,1982,1558396907555.09
Post-demographic dividend,PST,1983,1600791661842.64
Post-demographic dividend,PST,1984,1618354484305.98
Post-demographic dividend,PST,1985,1703992578790.84
Post-demographic dividend,PST,1986,2090603210697.77
Post-demographic dividend,PST,1987,2425728753076.38
Post-demographic dividend,PST,1988,2667876708293.89
Post-demographic dividend,PST,1989,2751564024917.7
Post-demographic dividend,PST,1990,3150295457157.05
Post-demographic dividend,PST,1991,3369508274935.44
Post-demographic dividend,PST,1992,3652866408507.79
Post-demographic dividend,PST,1993,3635676963378.93
Post-demographic dividend,PST,1994,3831273468164.17
Post-demographic dividend,PST,1995,4214934925067.16
Post-demographic dividend,PST,1996,4206427028917.17
Post-demographic dividend,PST,1997,4045322892500.24
Post-demographic dividend,PST,1998,4053298375245.57
Post-demographic dividend,PST,1999,4270867160540.99
Post-demographic dividend,PST,2000,4305624674215.98
Post-demographic dividend,PST,2001,4370519893229.94
Post-demographic dividend,PST,2002,4700957606681.42
Post-demographic dividend,PST,2003,5386941689685.77
Post-demographic dividend,PST,2004,5980263173621.99
Post-demographic dividend,PST,2005,6275526763516.13
Post-demographic dividend,PST,2006,6571705694978.63
Post-demographic dividend,PST,2007,7187819686958.53
Post-demographic dividend,PST,2008,7878988630400.99
Post-demographic dividend,PST,2009,7906058411895.67
Post-demographic dividend,PST,2010,8128998454319.08
Post-demographic dividend,PST,2011,8602519773871.75
Post-demographic dividend,PST,2012,8457586198306.8
Post-demographic dividend,PST,2013,8439559580750.11
Post-demographic dividend,PST,2014,8486599503476.96
Post-demographic dividend,PST,2015,7828995944120.23
Post-demographic dividend,PST,2016,7985363807111.75
Post-demographic dividend,PST,2017,8220910165975.15
Post-demographic dividend,PST,2018,8721815056797.86
Post-demographic dividend,PST,2019,8881148237827.57
Post-demographic dividend,PST,2020,9405959282545.17
Post-demographic dividend,PST,2021,10213464391095.0
Post-demographic dividend,PST,2022,10057316849879.5
Puerto Rico (US),PRI,1960,218000000.0
Puerto Rico (US),PRI,1963,313000000.0
Puerto Rico (US),PRI,1964,356000000.0
Puerto Rico (US),PRI,1965,392000000.0
Puerto Rico (US),PRI,1966,429000000.0
Puerto Rico (US),PRI,1967,507000000.0
Puerto Rico (US),PRI,1968,598000000.0
Puerto Rico (US),PRI,1969,672000000.0
Puerto Rico (US),PRI,1970,802000000.0
Puerto Rico (US),PRI,1971,913800000.0
Puerto Rico (US),PRI,1972,1040500000.0
Puerto Rico (US),PRI,1973,1231300000.0
Puerto Rico (US),PRI,1974,1325700000.0
Puerto Rico (US),PRI,1975,1613900000.0
Puerto Rico (US),PRI,1976,1612900000.0
Puerto Rico (US),PRI,1977,1728900000.0
Puerto Rico (US),PRI,1978,1867400000.0
Puerto Rico (US),PRI,1979,2055300000.0
Puerto Rico (US),PRI,1980,2281600000.0
Puerto Rico (US),PRI,1981,2505000000.0
Puerto Rico (US),PRI,1982,2419600000.0
Puerto Rico (US),PRI,1983,2566700000.0
Puerto Rico (US),PRI,1984,2887600000.0
Puerto Rico (US),PRI,1985,3065200000.0
Puerto Rico (US),PRI,1986,3235100000.0
Puerto Rico (US),PRI,1987,3438000000.0
Puerto Rico (US),PRI,1988,3678300000.0
Puerto Rico (US),PRI,1989,3978400000.0
Puerto Rico (US),PRI,1990,4431100000.0
Puerto Rico (US),PRI,1991,4640700000.0
Puerto Rico (US),PRI,1992,4805200000.0
Puerto Rico (US),PRI,1993,5087400000.0
Puerto Rico (US),PRI,1994,5357400000.0
Puerto Rico (US),PRI,1995,5946000000.0
Puerto Rico (US),PRI,1996,6493353000.0
Puerto Rico (US),PRI,1997,6912848000.0
Puerto Rico (US),PRI,1998,7098900000.0
Puerto Rico (US),PRI,1999,7505100000.0
Puerto Rico (US),PRI,2000,7229400000.0
Puerto Rico (US),PRI,2001,7722012000.0
Puerto Rico (US),PRI,2002,8356114000.0
Puerto Rico (US),PRI,2003,8733492000.0
Puerto Rico (US),PRI,2004,9100846000.0
Puerto Rico (US),PRI,2005,10065445000.0
Puerto Rico (US),PRI,2006,10329602000.0
Puerto Rico (US),PRI,2007,10512406000.0
Puerto Rico (US),PRI,2008,10518100000.0
Puerto Rico (US),PRI,2009,11101700000.0
Puerto Rico (US),PRI,2010,10841900000.0
Puerto Rico (US),PRI,2011,10506600000.0
Puerto Rico (US),PRI,2012,10794600000.0
Puerto Rico (US),PRI,2013,10589400000.0
Puerto Rico (US),PRI,2014,11032600000.0
Puerto Rico (US),PRI,2015,9100300000.0
Puerto Rico (US),PRI,2016,8603700000.0
Puerto Rico (US),PRI,2017,9057500000.0
Puerto Rico (US),PRI,2018,8052600000.0
Puerto Rico (US),PRI,2019,8381200000.0
Puerto Rico (US),PRI,2020,7713000000.0
Puerto Rico (US),PRI,2021,7825400000.0
Puerto Rico (US),PRI,2022,9153100000.0
Puerto Rico (US),PRI,2023,9603500000.0
Puerto Rico (US),PRI,2024,10259000000.0
Qatar,QAT,1994,2541208763.73626
Qatar,QAT,1995,2592307774.72527
Qatar,QAT,1996,2990659230.76923
Qatar,QAT,1997,3361538461.53846
Qatar,QAT,1998,3238736263.73626
Qatar,QAT,1999,3179395604.3956
Qatar,QAT,2000,3493131868.13187
Qatar,QAT,2001,3266758241.75824
Qatar,QAT,2002,3237087912.08791
Qatar,QAT,2003,3625549450.54945
Qatar,QAT,2004,4146703296.7033
Qatar,QAT,2005,6365934065.93407
Qatar,QAT,2006,8960439560.43956
Qatar,QAT,2007,9887362637.36264
Qatar,QAT,2008,11729670329.6703
Qatar,QAT,2009,15289010989.011
Qatar,QAT,2010,17496978021.978
Qatar,QAT,2011,18520879120.8791
Qatar,QAT,2012,22884065934.0659
Qatar,QAT,2013,28926280494.5055
Qatar,QAT,2014,31897074258.2418
Qatar,QAT,2015,32715592829.6703
Qatar,QAT,2016,29654129313.1868
Qatar,QAT,2017,28371859203.2967
Qatar,QAT,2018,29848743379.1209
Qatar,QAT,2019,32564466510.989
Qatar,QAT,2020,31706023351.6483
Qatar,QAT,2021,29923483049.4506
Qatar,QAT,2022,30351672802.1978
Romania,ROU,1990,5095853767.27597
Romania,ROU,1991,4370990967.40411
Romania,ROU,1992,3587916666.66667
Romania,ROU,1993,3253996447.60213
Romania,ROU,1994,4139835295.96578
Romania,ROU,1995,4584710418.63393
Romania,ROU,1996,4311709373.98638
Romania,ROU,1997,4515104758.13135
Romania,ROU,1998,4958774525.15779
Romania,ROU,1999,6010823826.50572
Romania,ROU,2000,6280609819.46425
Romania,ROU,2001,6381106638.87664
Romania,ROU,2002,6828893165.20765
Romania,ROU,2003,9274920203.4815
Romania,ROU,2004,11041815975.1469
Romania,ROU,2005,15988966428.0544
Romania,ROU,2006,19430163870.6963
Romania,ROU,2007,26870173280.0164
Romania,ROU,2008,34033994770.6461
Romania,ROU,2009,28033220466.8246
Romania,ROU,2010,25547625790.6164
Romania,ROU,2011,26054907682.457
Romania,ROU,2012,24664696384.2916
Romania,ROU,2013,27108698924.883
Romania,ROU,2014,28317302022.1398
Romania,ROU,2015,24799665074.5057
Romania,ROU,2016,28366052971.7433
Romania,ROU,2017,32987998495.7404
Romania,ROU,2018,40476129466.663
Romania,ROU,2019,43909955933.6232
Romania,ROU,2020,47303977010.3242
Romania,ROU,2021,50760416564.0127
Romania,ROU,2022,49191133577.5492
Romania,ROU,2023,59814354108.8254
Romania,ROU,2024,70828831767.5713
Russian Federation,RUS,1988,95223260643.8214
Russian Federation,RUS,1989,101945181255.526
Russian Federation,RUS,1990,107463884430.177
Russian Federation,RUS,1991,85518518518.5185
Russian Federation,RUS,1992,63784503631.9613
Russian Federation,RUS,1993,87187216387.6205
Russian Federation,RUS,1994,75457662203.2473
Russian Federation,RUS,1995,75451323513.1244
Russian Federation,RUS,1996,76361791790.2294
Russian Federation,RUS,1997,85306828003.4572
Russian Federation,RUS,1998,50757341576.507
Russian Federation,RUS,1999,28562144597.8879
Russian Federation,RUS,2000,39193032349.8045
Russian Federation,RUS,2001,50390812478.5739
Russian Federation,RUS,2002,61958532695.3748
Russian Federation,RUS,2003,77101462024.7442
Russian Federation,RUS,2004,100305449496.703
Russian Federation,RUS,2005,128901252497.751
Russian Federation,RUS,2006,172130750229.543
Russian Federation,RUS,2007,224816654805.578
Russian Federation,RUS,2008,296138776700.885
Russian Federation,RUS,2009,254146471819.883
Russian Federation,RUS,2010,285541499967.976
Russian Federation,RUS,2011,360604350756.122
Russian Federation,RUS,2012,396769359728.333
Russian Federation,RUS,2013,428125713788.9
Russian Federation,RUS,2014,371226305595.777
Russian Federation,RUS,2015,242227916567.18
Russian Federation,RUS,2016,235770338174.252
Russian Federation,RUS,2017,286768885162.027
Russian Federation,RUS,2018,293519195792.86
Russian Federation,RUS,2019,306476950401.882
Russian Federation,RUS,2020,298182198637.574
Russian Federation,RUS,2021,315568812683.034
Russian Federation,RUS,2022,391687562500.966
Russian Federation,RUS,2023,372006258941.194
Russian Federation,RUS,2024,403319887716.037
Rwanda,RWA,1960,11999998.0
Rwanda,RWA,1961,12399998.0
Rwanda,RWA,1962,13199998.0
Rwanda,RWA,1963,13999998.0
Rwanda,RWA,1964,13999998.0
Rwanda,RWA,1965,21000000.0
Rwanda,RWA,1966,17120000.0
Rwanda,RWA,1967,18030001.0
Rwanda,RWA,1968,14820000.0
Rwanda,RWA,1969,16600000.0
Rwanda,RWA,1970,19200000.0
Rwanda,RWA,1971,22064575.7318572
Rwanda,RWA,1972,26382933.6083817
Rwanda,RWA,1973,33125997.9504778
Rwanda,RWA,1974,37105351.237114
Rwanda,RWA,1975,95148042.2583387
Rwanda,RWA,1976,106481295.623123
Rwanda,RWA,1977,129358298.532113
Rwanda,RWA,1978,143036086.428974
Rwanda,RWA,1979,145575007.249624
Rwanda,RWA,1980,156744035.941675
Rwanda,RWA,1981,281780786.563333
Rwanda,RWA,1982,181667809.961721
Rwanda,RWA,1983,173913155.913534
Rwanda,RWA,1984,162082518.780362
Rwanda,RWA,1985,193353391.409608
Rwanda,RWA,1986,232330015.45126
Rwanda,RWA,1987,291439846.011831
Rwanda,RWA,1988,323161941.037418
Rwanda,RWA,1989,305131769.740096
Rwanda,RWA,1990,258613378.761933
Rwanda,RWA,1991,230640939.096283
Rwanda,RWA,1992,293642056.075806
Rwanda,RWA,1993,281654460.958397
Rwanda,RWA,1994,84709087.2727273
Rwanda,RWA,1995,133407199.63196
Rwanda,RWA,1996,158835796.558243
Rwanda,RWA,1997,177428549.959953
Rwanda,RWA,1998,199798861.461557
Rwanda,RWA,1999,352116785.285105
Rwanda,RWA,2000,332352801.233371
Rwanda,RWA,2001,321281663.615068
Rwanda,RWA,2002,336809324.28373
Rwanda,RWA,2003,363848718.230092
Rwanda,RWA,2004,393292605.927104
Rwanda,RWA,2005,481326511.690276
Rwanda,RWA,2006,533985912.896678
Rwanda,RWA,2007,576529905.385269
Rwanda,RWA,2008,636306776.810478
Rwanda,RWA,2009,723771837.64449
Rwanda,RWA,2010,801331912.954707
Rwanda,RWA,2011,827811740.335978
Rwanda,RWA,2012,991493930.127808
Rwanda,RWA,2013,1006067493.85706
Rwanda,RWA,2014,1176643538.77118
Rwanda,RWA,2015,1183292674.24492
Rwanda,RWA,2016,1310194855.61566
Rwanda,RWA,2017,1388617495.15973
Rwanda,RWA,2018,1421365407.10173
Rwanda,RWA,2019,1636903162.52437
Rwanda,RWA,2020,1666915977.77965
Rwanda,RWA,2021,1877163311.86498
Rwanda,RWA,2022,2268117425.4347
Rwanda,RWA,2023,2335921946.74085
Rwanda,RWA,2024,2434107408.85836
Samoa,WSM,2009,70700270.9828622
Samoa,WSM,2010,93302836.6343403
Samoa,WSM,2011,99291370.4095417
Samoa,WSM,2012,110889868.829276
Samoa,WSM,2013,116235352.609636
Samoa,WSM,2014,126575629.573723
Samoa,WSM,2015,125224417.920388
Samoa,WSM,2016,106116194.385186
Samoa,WSM,2017,107236880.495062
Samoa,WSM,2018,117789957.987144
Samoa,WSM,2019,125731843.195826
Samoa,WSM,2020,127233836.786115
Samoa,WSM,2021,142900844.54664
Samoa,WSM,2022,181970651.075684
Samoa,WSM,2023,172080476.573301
Samoa,WSM,2024,197041627.800511
San Marino,SMR,2015,283745873.253626
San Marino,SMR,2016,289214113.220747
San Marino,SMR,2017,303692668.147301
San Marino,SMR,2018,321325253.639405
San Marino,SMR,2019,315514447.793143
San Marino,SMR,2020,333214931.923986
San Marino,SMR,2021,342782471.429906
San Marino,SMR,2022,312768319.252174
San Marino,SMR,2023,286878211.633918
Saudi Arabia,SAU,1968,678877977.777778
Saudi Arabia,SAU,1969,754854111.111111
Saudi Arabia,SAU,1970,852666666.666667
Saudi Arabia,SAU,1971,958360570.460786
Saudi Arabia,SAU,1972,1229988855.78948
Saudi Arabia,SAU,1973,2116231392.25849
Saudi Arabia,SAU,1974,3829014084.50704
Saudi Arabia,SAU,1975,6796656368.0133
Saudi Arabia,SAU,1976,10786402266.289
Saudi Arabia,SAU,1977,13594359252.9499
Saudi Arabia,SAU,1978,19478097472.5568
Saudi Arabia,SAU,1979,24221347241.7734
Saudi Arabia,SAU,1980,26146001102.5802
Saudi Arabia,SAU,1981,36027704886.4334
Saudi Arabia,SAU,1982,40124894586.6469
Saudi Arabia,SAU,1983,38446888567.2938
Saudi Arabia,SAU,1984,36052213393.8706
Saudi Arabia,SAU,1985,33144947542.794
Saudi Arabia,SAU,1986,30146637861.1936
Saudi Arabia,SAU,1987,30184245660.8812
Saudi Arabia,SAU,1988,27300400534.0454
Saudi Arabia,SAU,1989,32031508678.2376
Saudi Arabia,SAU,1990,34131909212.283
Saudi Arabia,SAU,1991,45161014686.2483
Saudi Arabia,SAU,1992,40772229639.5194
Saudi Arabia,SAU,1993,34973564753.004
Saudi Arabia,SAU,1994,32724165554.0721
Saudi Arabia,SAU,1995,33624299065.4206
Saudi Arabia,SAU,1996,38660347129.506
Saudi Arabia,SAU,1997,43202937249.6662
Saudi Arabia,SAU,1998,41384533333.3333
Saudi Arabia,SAU,1999,41092000000.0
Saudi Arabia,SAU,2000,49014400000.0
Saudi Arabia,SAU,2001,50318666666.6667
Saudi Arabia,SAU,2002,49204533333.3333
Saudi Arabia,SAU,2003,52839466666.6667
Saudi Arabia,SAU,2004,59146133333.3333
Saudi Arabia,SAU,2005,70094206186.1173
Saudi Arabia,SAU,2006,83065954606.1415
Saudi Arabia,SAU,2007,85946897931.9546
Saudi Arabia,SAU,2008,92026133333.3333
Saudi Arabia,SAU,2009,95204000000.0
Saudi Arabia,SAU,2010,106713066666.667
Saudi Arabia,SAU,2011,135262933333.333
Saudi Arabia,SAU,2012,151577600000.0
Saudi Arabia,SAU,2013,172125333333.333
Saudi Arabia,SAU,2014,201473333333.333
Saudi Arabia,SAU,2015,200498933333.333
Saudi Arabia,SAU,2016,171205866666.667
Saudi Arabia,SAU,2017,173311733333.333
Saudi Arabia,SAU,2018,205411733333.333
Saudi Arabia,SAU,2019,201571733333.333
Saudi Arabia,SAU,2020,210196800000.0
Saudi Arabia,SAU,2021,212977866666.667
Saudi Arabia,SAU,2022,237147733333.333
Saudi Arabia,SAU,2023,255094933333.333
Saudi Arabia,SAU,2024,264356533333.333
Senegal,SEN,1960,52048567.018474
Senegal,SEN,1961,51307014.8278745
Senegal,SEN,1962,54454662.9243422
Senegal,SEN,1963,59189249.8962243
Senegal,SEN,1964,62646771.8985825
Senegal,SEN,1965,65733635.7046611
Senegal,SEN,1966,66963489.4901257
Senegal,SEN,1967,68268945.8119058
Senegal,SEN,1968,220818704.798835
Senegal,SEN,1969,202378685.811795
Senegal,SEN,1970,202119639.749241
Senegal,SEN,1971,220313890.841499
Senegal,SEN,1972,252946499.317712
Senegal,SEN,1973,307542317.627859
Senegal,SEN,1974,324649107.594374
Senegal,SEN,1975,450987676.094159
Senegal,SEN,1976,469750500.034539
Senegal,SEN,1977,495945819.851195
Senegal,SEN,1978,631845059.064719
Senegal,SEN,1979,816372881.266375
Senegal,SEN,1980,1038908905.45467
Senegal,SEN,1981,879987840.973271
Senegal,SEN,1982,741217691.648734
Senegal,SEN,1983,628140181.246696
Senegal,SEN,1984,583499728.34606
Senegal,SEN,1985,618146685.841984
Senegal,SEN,1986,881610625.529503
Senegal,SEN,1987,1057873149.32417
Senegal,SEN,1988,1081693150.76549
Senegal,SEN,1989,1045293070.38498
Senegal,SEN,1990,1262961402.77971
Senegal,SEN,1991,1167754412.56563
Senegal,SEN,1992,1246343553.34641
Senegal,SEN,1993,1099401396.53835
Senegal,SEN,1994,671870184.974084
Senegal,SEN,1995,779056977.332831
Senegal,SEN,1996,839848682.959047
Senegal,SEN,1997,750935165.568359
Senegal,SEN,1998,769751749.284931
Senegal,SEN,1999,821870154.933386
Senegal,SEN,2000,726761391.47336
Senegal,SEN,2001,742150212.507564
Senegal,SEN,2002,853138652.638088
Senegal,SEN,2003,1055604968.14483
Senegal,SEN,2004,1277646000.50694
Senegal,SEN,2005,1370478628.52011
Senegal,SEN,2006,1505508179.27432
Senegal,SEN,2007,1901437145.72152
Senegal,SEN,2008,2155321405.00409
Senegal,SEN,2009,2190615622.32394
Senegal,SEN,2010,2283233592.14703
Senegal,SEN,2011,2641986153.82276
Senegal,SEN,2012,2573975721.363
Senegal,SEN,2013,2762072001.4964
Senegal,SEN,2014,2917050365.61179
Senegal,SEN,2015,2541663172.57139
Senegal,SEN,2016,2671599728.2611
Senegal,SEN,2017,2862665421.52485
Senegal,SEN,2018,3186551961.05328
Senegal,SEN,2019,3278349369.41184
Senegal,SEN,2020,3503016026.24963
Senegal,SEN,2021,4172831376.73132
Senegal,SEN,2022,4208351382.41802
Senegal,SEN,2023,2477309493.26108
Senegal,SEN,2024,2599361478.09498
Serbia,SRB,1995,4070112994.35028
Serbia,SRB,1996,5361378026.07076
Serbia,SRB,1997,6960928910.91453
Serbia,SRB,1998,5251355824.06189
Serbia,SRB,1999,4876791150.36659
Serbia,SRB,2000,1719726941.27686
Serbia,SRB,2001,3602040300.88924
Serbia,SRB,2002,4975135989.61463
Serbia,SRB,2003,6570901652.15489
Serbia,SRB,2004,6629375109.19574
Serbia,SRB,2005,6005093398.96693
Serbia,SRB,2006,7050804369.0
Serbia,SRB,2007,10096584464.5744
Serbia,SRB,2008,11927705546.134
Serbia,SRB,2009,10056437794.2782
Serbia,SRB,2010,9266306354.52193
Serbia,SRB,2011,10731914789.1684
Serbia,SRB,2012,9690724344.77279
Serbia,SRB,2013,10143194663.1532
Serbia,SRB,2014,9750943913.91069
Serbia,SRB,2015,7539979372.57048
Serbia,SRB,2016,7384266500.47606
Serbia,SRB,2017,8051283026.86972
Serbia,SRB,2018,9499452832.95271
Serbia,SRB,2019,9892366483.85735
Serbia,SRB,2020,10830453142.1894
Serbia,SRB,2021,12414796571.8761
Serbia,SRB,2022,12261452921.8008
Serbia,SRB,2023,13931606052.7353
Serbia,SRB,2024,15761139600.3897
Seychelles,SYC,1976,10985481.2375394
Seychelles,SYC,1977,15320441.223474
Seychelles,SYC,1978,21503158.5191271
Seychelles,SYC,1979,33382549.1697788
Seychelles,SYC,1980,44151967.8658312
Seychelles,SYC,1981,50980853.7710266
Seychelles,SYC,1982,54180181.2182204
Seychelles,SYC,1983,50967843.3049502
Seychelles,SYC,1984,48865082.3142014
Seychelles,SYC,1985,61534065.2027316
Seychelles,SYC,1986,84610979.1296194
Seychelles,SYC,1987,89592467.3679038
Seychelles,SYC,1988,95136237.9255241
Seychelles,SYC,1989,105529880.084319
Seychelles,SYC,1990,105760717.4577
Seychelles,SYC,1991,110664627.584554
Seychelles,SYC,1992,136729865.870087
Seychelles,SYC,1993,145242575.894045
Seychelles,SYC,1994,148854622.413861
Seychelles,SYC,1995,147066654.066654
Seychelles,SYC,1996,155633735.085213
Seychelles,SYC,1997,174681507.94355
Seychelles,SYC,1998,198637198.076813
Seychelles,SYC,1999,176083107.159569
Seychelles,SYC,2000,270741660.084668
Seychelles,SYC,2001,271236330.870526
Seychelles,SYC,2002,343327841.273949
Seychelles,SYC,2003,327080737.613172
Seychelles,SYC,2004,342081418.181818
Seychelles,SYC,2005,332579036.363636
Seychelles,SYC,2006,418501883.800763
Seychelles,SYC,2007,379650219.517509
Seychelles,SYC,2008,275436720.828681
Seychelles,SYC,2009,251851036.815739
Seychelles,SYC,2010,272990026.232713
Seychelles,SYC,2011,300474815.023497
Seychelles,SYC,2012,298624083.672899
Seychelles,SYC,2013,353034488.48735
Seychelles,SYC,2014,303889736.537122
Seychelles,SYC,2015,319286806.858233
Seychelles,SYC,2016,350788772.258702
Seychelles,SYC,2017,361810416.621177
Seychelles,SYC,2018,408421264.805695
Seychelles,SYC,2019,414552722.997167
Seychelles,SYC,2020,364672419.108452
Seychelles,SYC,2021,384361901.815919
Seychelles,SYC,2022,403162288.815891
Seychelles,SYC,2023,532636487.184329
Seychelles,SYC,2024,569545082.611174
Sierra Leone,SLE,1964,30215433.8350675
Sierra Leone,SLE,1965,27719988.9120044
Sierra Leone,SLE,1966,27719988.9120044
Sierra Leone,SLE,1967,27202167.3361346
Sierra Leone,SLE,1968,25560010.2240041
Sierra Leone,SLE,1969,27000010.8000043
Sierra Leone,SLE,1970,29640011.8560047
Sierra Leone,SLE,1971,37910973.0001661
Sierra Leone,SLE,1972,39711182.3192829
Sierra Leone,SLE,1973,51081532.0049685
Sierra Leone,SLE,1974,57629745.8329486
Sierra Leone,SLE,1975,70241653.4110896
Sierra Leone,SLE,1976,53017504.7625894
Sierra Leone,SLE,1977,62102049.7165286
Sierra Leone,SLE,1978,73349633.2518337
Sierra Leone,SLE,1979,90352611.7108338
Sierra Leone,SLE,1980,92684320.8230139
Sierra Leone,SLE,1981,77732723.6649124
Sierra Leone,SLE,1982,111088685.262181
Sierra Leone,SLE,1983,88366492.8686225
Sierra Leone,SLE,1984,75379987.6491564
Sierra Leone,SLE,1985,67805261.0914802
Sierra Leone,SLE,1986,30922197.3651504
Sierra Leone,SLE,1987,61862938.0489381
Sierra Leone,SLE,1988,70738758.6885649
Sierra Leone,SLE,1989,67945095.5477906
Sierra Leone,SLE,1990,50671526.4846876
Sierra Leone,SLE,1991,75996126.5507341
Sierra Leone,SLE,1992,57796500.8949988
Sierra Leone,SLE,1993,77654949.5205821
Sierra Leone,SLE,1994,97567917.6466578
Sierra Leone,SLE,1995,76625760.0474566
Sierra Leone,SLE,1996,102369636.332831
Sierra Leone,SLE,1997,76580032.4610818
Sierra Leone,SLE,1998,60050472.6857839
Sierra Leone,SLE,1999,76746138.8597131
Sierra Leone,SLE,2000,91139391.7667443
Sierra Leone,SLE,2001,222115354.599895
Sierra Leone,SLE,2002,272998912.833237
Sierra Leone,SLE,2003,256381801.594758
Sierra Leone,SLE,2004,234836265.690148
Sierra Leone,SLE,2005,255254659.141718
Sierra Leone,SLE,2006,211461695.818474
Sierra Leone,SLE,2007,210909102.481386
Sierra Leone,SLE,2008,265041396.739577
Sierra Leone,SLE,2009,277031559.670964
Sierra Leone,SLE,2010,287113353.730072
Sierra Leone,SLE,2011,316756561.378951
Sierra Leone,SLE,2012,410446455.578888
Sierra Leone,SLE,2013,451857299.909359
Sierra Leone,SLE,2014,391267678.980265
Sierra Leone,SLE,2015,458797813.238771
Sierra Leone,SLE,2016,476549967.090306
Sierra Leone,SLE,2017,409179893.592358
Sierra Leone,SLE,2018,416223300.660203
Sierra Leone,SLE,2019,458562531.219374
Sierra Leone,SLE,2020,518792555.728707
Sierra Leone,SLE,2021,578494497.907464
Sierra Leone,SLE,2022,475964156.053571
Sierra Leone,SLE,2023,352895841.021141
Sierra Leone,SLE,2024,391850757.280891
Singapore,SGP,1960,53050744.4744252
Singapore,SGP,1961,68012099.7510796
Singapore,SGP,1962,77616113.836967
Singapore,SGP,1963,90454132.6660612
Singapore,SGP,1964,92316135.3969986
Singapore,SGP,1965,101005481.474706
Singapore,SGP,1966,115313502.459804
Singapore,SGP,1967,125864851.268449
Singapore,SGP,1968,147294216.031517
Singapore,SGP,1969,183750269.500395
Singapore,SGP,1970,227295000.032667
Singapore,SGP,1971,282470926.434078
Singapore,SGP,1972,326121873.668338
Singapore,SGP,1973,399857777.777778
Singapore,SGP,1974,533165133.881338
Singapore,SGP,1975,590176043.333744
Singapore,SGP,1976,656728376.839708
Singapore,SGP,1977,700501861.745184
Singapore,SGP,1978,811593014.67574
Singapore,SGP,1979,904397537.379068
Singapore,SGP,1980,1147889266.99163
Singapore,SGP,1981,1330842518.21409
Singapore,SGP,1982,1724381123.6806
Singapore,SGP,1983,1905093457.94393
Singapore,SGP,1984,2095693327.02319
Singapore,SGP,1985,2565843139.09334
Singapore,SGP,1986,2355302031.72583
Singapore,SGP,1987,2408468816.01911
Singapore,SGP,1988,2500759734.09307
Singapore,SGP,1989,2965215662.89008
Singapore,SGP,1990,3439111931.49772
Singapore,SGP,1991,4204978292.32996
Singapore,SGP,1992,4601198182.65195
Singapore,SGP,1993,5461906892.66124
Singapore,SGP,1994,6020777193.79565
Singapore,SGP,1995,7245577211.3943
Singapore,SGP,1996,8621947872.43775
Singapore,SGP,1997,8770708092.50501
Singapore,SGP,1998,8138733103.80843
Singapore,SGP,1999,8099556507.92321
Singapore,SGP,2000,10092037938.1692
Singapore,SGP,2001,10424993149.0526
Singapore,SGP,2002,10956847694.7237
Singapore,SGP,2003,11145442241.1423
Singapore,SGP,2004,11869937073.5782
Singapore,SGP,2005,12649325851.9452
Singapore,SGP,2006,14724409399.2635
Singapore,SGP,2007,16531064254.4433
Singapore,SGP,2008,19580934098.8267
Singapore,SGP,2009,19279072405.5785
Singapore,SGP,2010,23241154434.0041
Singapore,SGP,2011,25803720217.2724
Singapore,SGP,2012,26138935212.007
Singapore,SGP,2013,29970910253.3365
Singapore,SGP,2014,30324612288.3864
Singapore,SGP,2015,31387849362.6462
Singapore,SGP,2016,32720879362.685
Singapore,SGP,2017,34958524177.6346
Singapore,SGP,2018,37568966565.3946
Singapore,SGP,2019,38646989571.5892
Singapore,SGP,2020,42814598671.3458
Singapore,SGP,2021,46457007643.5653
Singapore,SGP,2022,47042541817.5673
Singapore,SGP,2023,50539967097.7913
Singapore,SGP,2024,57991233564.8049
Slovak Republic,SVK,1990,3347324784.15439
Slovak Republic,SVK,1991,3521782667.8205
Slovak Republic,SVK,1992,4698840729.71924
Slovak Republic,SVK,1993,4644561958.30405
Slovak Republic,SVK,1994,4844475026.69356
Slovak Republic,SVK,1995,6146454901.96078
Slovak Republic,SVK,1996,7065190114.06844
Slovak Republic,SVK,1997,6369728106.9446
Slovak Republic,SVK,1998,6922391766.41683
Slovak Republic,SVK,1999,6420466463.94403
Slovak Republic,SVK,2000,6065691491.86668
Slovak Republic,SVK,2001,6431184254.47639
Slovak Republic,SVK,2002,7193336756.67217
Slovak Republic,SVK,2003,9717688075.30116
Slovak Republic,SVK,2004,10815851301.3819
Slovak Republic,SVK,2005,11608607575.6078
Slovak Republic,SVK,2006,13282446324.6176
Slovak Republic,SVK,2007,14839236073.9369
Slovak Republic,SVK,2008,17687453813.4898
Slovak Republic,SVK,2009,17873907992.0109
Slovak Republic,SVK,2010,17499442765.6834
Slovak Republic,SVK,2011,18301953824.4553
Slovak Republic,SVK,2012,16864048741.4016
Slovak Republic,SVK,2013,17883425490.1326
Slovak Republic,SVK,2014,18621833295.3658
Slovak Republic,SVK,2015,16490554732.7867
Slovak Republic,SVK,2016,16983295264.2386
Slovak Republic,SVK,2017,18075025347.8212
Slovak Republic,SVK,2018,19793575833.3357
Slovak Republic,SVK,2019,20702417481.3647
Slovak Republic,SVK,2020,22361027934.6351
Slovak Republic,SVK,2021,25062219860.9298
Slovak Republic,SVK,2022,23757395415.8153
Slovak Republic,SVK,2023,26712938232.0671
Slovenia,SVN,1990,2975233050.84746
Slovenia,SVN,1991,2369356521.73913
Slovenia,SVN,1992,2503977004.71698
Slovenia,SVN,1993,2627743915.34392
Slovenia,SVN,1994,2857160930.23256
Slovenia,SVN,1995,3805602507.07643
Slovenia,SVN,1996,3811009206.79887
Slovenia,SVN,1997,3664545318.12725
Slovenia,SVN,1998,3906286785.92037
Slovenia,SVN,1999,4042464073.82993
Slovenia,SVN,2000,3745604821.3517
Slovenia,SVN,2001,3930526159.92103
Slovenia,SVN,2002,4382094763.09227
Slovenia,SVN,2003,5563490686.10436
Slovenia,SVN,2004,6478692077.72795
Slovenia,SVN,2005,6845985573.93359
Slovenia,SVN,2006,7364518880.94342
Slovenia,SVN,2007,8389708861.31022
Slovenia,SVN,2008,10129704747.5562
Slovenia,SVN,2009,10193312631.2039
Slovenia,SVN,2010,9843899645.10002
Slovenia,SVN,2011,10607158372.4708
Slovenia,SVN,2012,9481095434.52422
Slovenia,SVN,2013,9509241489.34787
Slovenia,SVN,2014,9443473791.69134
Slovenia,SVN,2015,8114187308.85312
Slovenia,SVN,2016,8521596556.19185
Slovenia,SVN,2017,8965991428.94707
Slovenia,SVN,2018,9885784373.02274
Slovenia,SVN,2019,9956947729.92155
Slovenia,SVN,2020,11074526734.8779
Slovenia,SVN,2021,12829135651.0579
Slovenia,SVN,2022,11698541620.3716
Slovenia,SVN,2023,13295076845.9042
Small states,SST,1993,9794163343.45481
Small states,SST,1994,10701734696.6967
Small states,SST,1995,11794345656.6986
Small states,SST,1996,12382272782.1852
Small states,SST,1997,12655226407.9626
Small states,SST,1998,13531043965.1339
Small states,SST,1999,14352898751.0821
Small states,SST,2000,14954503116.0053
Small states,SST,2001,15695637770.747
Small states,SST,2002,17283096057.925
Small states,SST,2003,20352195443.7803
Small states,SST,2004,22693447752.046
Small states,SST,2005,24875681719.1236
Small states,SST,2006,27119764435.5469
Small states,SST,2007,32639087785.2435
Small states,SST,2008,35352500013.6983
Small states,SST,2009,33737704176.8006
Small states,SST,2010,34397028740.5694
Small states,SST,2011,37990954718.9137
Small states,SST,2012,36857474661.7761
Small states,SST,2013,38035491784.6445
Small states,SST,2014,38981277417.293
Small states,SST,2015,36218798127.2399
Small states,SST,2016,37807722915.2259
Small states,SST,2017,41396195646.9226
Small states,SST,2018,44822427785.5991
Small states,SST,2019,46362164240.1611
Small states,SST,2020,48648917426.2375
Small states,SST,2021,53393401643.5225
Small states,SST,2022,53600427289.618
Small states,SST,2023,58474362084.1782
Solomon Islands,SLB,2003,69891142.2733769
Solomon Islands,SLB,2004,97400780.579931
Solomon Islands,SLB,2005,194148894.184809
Solomon Islands,SLB,2006,206085024.977716
Solomon Islands,SLB,2007,217682944.895025
Solomon Islands,SLB,2008,236211212.220477
Solomon Islands,SLB,2009,246386278.825912
Solomon Islands,SLB,2010,283318894.404277
Solomon Islands,SLB,2011,261280829.142518
Solomon Islands,SLB,2012,302059037.808297
Solomon Islands,SLB,2013,392971639.728957
Solomon Islands,SLB,2014,407596425.678948
Solomon Islands,SLB,2015,386689680.156226
Solomon Islands,SLB,2016,401203927.529705
Solomon Islands,SLB,2017,381846664.425581
Solomon Islands,SLB,2018,433468209.136493
Solomon Islands,SLB,2019,447309268.640864
Solomon Islands,SLB,2020,385906694.492852
Solomon Islands,SLB,2021,387972083.734379
Solomon Islands,SLB,2022,388079357.441044
Solomon Islands,SLB,2023,419107415.97722
Solomon Islands,SLB,2024,414809927.553464
"Somalia, Fed. Rep.",SOM,1960,15161980.4952078
"Somalia, Fed. Rep.",SOM,1961,16575972.0896112
"Somalia, Fed. Rep.",SOM,1962,15875983.5696066
"Somalia, Fed. Rep.",SOM,1963,18101979.3192083
"Somalia, Fed. Rep.",SOM,1964,20019969.5920122
"Somalia, Fed. Rep.",SOM,1965,20215991.9136032
"Somalia, Fed. Rep.",SOM,1966,23967990.4128038
"Somalia, Fed. Rep.",SOM,1967,25283989.886404
"Somalia, Fed. Rep.",SOM,1968,28167988.7328045
"Somalia, Fed. Rep.",SOM,1969,30957142.8571429
"Somalia, Fed. Rep.",SOM,1970,33285714.2857143
"Somalia, Fed. Rep.",SOM,1971,32124309.0117244
"Somalia, Fed. Rep.",SOM,1972,85385290.3780376
"Somalia, Fed. Rep.",SOM,1973,99020954.867468
"Somalia, Fed. Rep.",SOM,1974,115011914.217633
"Somalia, Fed. Rep.",SOM,1975,144400297.378872
"Somalia, Fed. Rep.",SOM,1976,136775198.093725
"Somalia, Fed. Rep.",SOM,1977,70297117.6811594
"Somalia, Fed. Rep.",SOM,1978,106353591.160221
"Somalia, Fed. Rep.",SOM,1979,234908069.291339
"Somalia, Fed. Rep.",SOM,1980,94263574.4414718
"Somalia, Fed. Rep.",SOM,1981,154216867.46988
"Somalia, Fed. Rep.",SOM,1982,102865681.185642
"Somalia, Fed. Rep.",SOM,1983,145536803.885446
"Somalia, Fed. Rep.",SOM,1984,133825795.542513
"Somalia, Fed. Rep.",SOM,2012,174172219.999729
"Somalia, Fed. Rep.",SOM,2013,271401159.999585
"Somalia, Fed. Rep.",SOM,2014,319089909.999867
"Somalia, Fed. Rep.",SOM,2015,327416700.000854
"Somalia, Fed. Rep.",SOM,2016,390717300.000954
"Somalia, Fed. Rep.",SOM,2017,485856919.999377
"Somalia, Fed. Rep.",SOM,2018,495000000.0
"Somalia, Fed. Rep.",SOM,2019,529000000.0
"Somalia, Fed. Rep.",SOM,2020,595000000.0
"Somalia, Fed. Rep.",SOM,2021,676000000.0
"Somalia, Fed. Rep.",SOM,2022,759000000.0
"Somalia, Fed. Rep.",SOM,2023,785000000.0
"Somalia, Fed. Rep.",SOM,2024,931000000.0
South Africa,ZAF,1960,706999717.200113
South Africa,ZAF,1961,771399691.440123
South Africa,ZAF,1962,907199637.120145
South Africa,ZAF,1963,964599614.160154
South Africa,ZAF,1964,1163399534.64019
South Africa,ZAF,1965,1299199480.32021
South Africa,ZAF,1966,1423799430.48023
South Africa,ZAF,1967,1553999378.40025
South Africa,ZAF,1968,1726199309.52028
South Africa,ZAF,1969,1985199205.92032
South Africa,ZAF,1970,2281999087.20037
South Africa,ZAF,1971,2733436145.95291
South Africa,ZAF,1972,2703177339.10046
South Africa,ZAF,1973,3425274403.81925
South Africa,ZAF,1974,4428405965.17616
South Africa,ZAF,1975,5164244335.42301
South Africa,ZAF,1976,5258951314.73783
South Africa,ZAF,1977,5651101412.77535
South Africa,ZAF,1978,6872401718.10043
South Africa,ZAF,1979,8432073708.20037
South Africa,ZAF,1980,11418351022.169
South Africa,ZAF,1981,12362419793.5457
South Africa,ZAF,1982,12686311492.9233
South Africa,ZAF,1983,13858720043.0841
South Africa,ZAF,1984,13535763114.3168
South Africa,ZAF,1985,10523741685.0819
South Africa,ZAF,1986,12309236807.1869
South Africa,ZAF,1987,16802772843.0728
South Africa,ZAF,1988,17516850907.9521
South Africa,ZAF,1989,18176466259.4746
South Africa,ZAF,1990,22170422610.8782
South Africa,ZAF,1991,23890429016.6098
South Africa,ZAF,1992,26305971850.0681
South Africa,ZAF,1993,26672513986.7223
South Africa,ZAF,1994,27922225961.6007
South Africa,ZAF,1995,28382678183.7205
South Africa,ZAF,1996,28443236685.3679
South Africa,ZAF,1997,29557433633.3503
South Africa,ZAF,1998,26160130412.9817
South Africa,ZAF,1999,25470805324.9669
South Africa,ZAF,2000,25141206179.7497
South Africa,ZAF,2001,22510957465.0597
South Africa,ZAF,2002,21661392897.4863
South Africa,ZAF,2003,33229851063.1351
South Africa,ZAF,2004,43498529682.4478
South Africa,ZAF,2005,46648873796.0992
South Africa,ZAF,2006,48194235661.5894
South Africa,ZAF,2007,52914289096.4485
South Africa,ZAF,2008,53971363126.2587
South Africa,ZAF,2009,58675227805.554
South Africa,ZAF,2010,75109059006.8161
South Africa,ZAF,2011,83370054159.5994
South Africa,ZAF,2012,81756551200.38
South Africa,ZAF,2013,76494561791.4655
South Africa,ZAF,2014,73624988316.5505
South Africa,ZAF,2015,65823101021.9047
South Africa,ZAF,2016,62476471785.5977
South Africa,ZAF,2017,73375788190.4018
South Africa,ZAF,2018,78426971754.2625
South Africa,ZAF,2019,76231131928.756
South Africa,ZAF,2020,69691522619.2433
South Africa,ZAF,2021,80309710841.5245
South Africa,ZAF,2022,76528468395.9926
South Africa,ZAF,2023,73158795395.8766
South Africa,ZAF,2024,76973813838.4163
South Asia,SAS,1960,2507426485.48322
South Asia,SAS,1961,2779672063.34078
South Asia,SAS,1962,3295700320.54599
South Asia,SAS,1963,4124447625.77387
South Asia,SAS,1964,4488884226.50906
South Asia,SAS,1965,5215408389.95826
South Asia,SAS,1966,4298486914.04572
South Asia,SAS,1967,4458685437.38764
South Asia,SAS,1968,4850632319.1699
South Asia,SAS,1969,5523752634.30502
South Asia,SAS,1970,6125581882.53013
South Asia,SAS,1971,7124270236.43704
South Asia,SAS,1972,7307809987.54814
South Asia,SAS,1973,7847764271.23793
South Asia,SAS,1974,9623136707.46012
South Asia,SAS,1975,10344191645.4357
South Asia,SAS,1976,10832860555.5884
South Asia,SAS,1977,12030621583.8047
South Asia,SAS,1978,13869919999.1529
South Asia,SAS,1979,16443413448.6693
South Asia,SAS,1980,19408645746.7764
South Asia,SAS,1981,19832136754.0243
South Asia,SAS,1982,21651237024.7786
South Asia,SAS,1983,23252232707.7923
South Asia,SAS,1984,23306755151.3942
South Asia,SAS,1985,26939378176.2313
South Asia,SAS,1986,30324978964.6158
South Asia,SAS,1987,34909861704.3101
South Asia,SAS,1988,36196441210.2967
South Asia,SAS,1989,36205855206.0222
South Asia,SAS,1990,38267719500.4303
South Asia,SAS,1991,32152716118.6324
South Asia,SAS,1992,33766643562.9544
South Asia,SAS,1993,33335116194.8599
South Asia,SAS,1994,36931785880.8677
South Asia,SAS,1995,41273333270.5101
South Asia,SAS,1996,44290451044.5075
South Asia,SAS,1997,49811625283.4584
South Asia,SAS,1998,54269966288.8645
South Asia,SAS,1999,59791261224.5722
South Asia,SAS,2000,60357858483.473
South Asia,SAS,2001,61316262806.6351
South Asia,SAS,2002,63114156500.0691
South Asia,SAS,2003,71452848764.3259
South Asia,SAS,2004,79759961944.3027
South Asia,SAS,2005,91842537792.9437
South Asia,SAS,2006,100412622635.361
South Asia,SAS,2007,129118795536.239
South Asia,SAS,2008,137809644833.827
South Asia,SAS,2009,166428545380.826
South Asia,SAS,2010,199122510337.721
South Asia,SAS,2011,218345457685.168
South Asia,SAS,2012,211381907142.087
South Asia,SAS,2013,208025243246.037
South Asia,SAS,2014,232337779027.55
South Asia,SAS,2015,240808593416.531
South Asia,SAS,2016,262455916896.331
South Asia,SAS,2017,314229390156.728
South Asia,SAS,2018,323755547026.337
South Asia,SAS,2019,346135644655.555
South Asia,SAS,2020,346148999962.322
South Asia,SAS,2021,369330224215.602
South Asia,SAS,2022,379865478596.819
South Asia,SAS,2023,409876175952.673
South Asia,SAS,2024,429126928381.17
South Asia (IDA & IBRD),TSA,1960,2507426485.48322
South Asia (IDA & IBRD),TSA,1961,2779672063.34078
South Asia (IDA & IBRD),TSA,1962,3295700320.54599
South Asia (IDA & IBRD),TSA,1963,4124447625.77387
South Asia (IDA & IBRD),TSA,1964,4488884226.50906
South Asia (IDA & IBRD),TSA,1965,5215408389.95826
South Asia (IDA & IBRD),TSA,1966,4298486914.04572
South Asia (IDA & IBRD),TSA,1967,4458685437.38764
South Asia (IDA & IBRD),TSA,1968,4850632319.1699
South Asia (IDA & IBRD),TSA,1969,5523752634.30502
South Asia (IDA & IBRD),TSA,1970,6125581882.53013
South Asia (IDA & IBRD),TSA,1971,7124270236.43704
South Asia (IDA & IBRD),TSA,1972,7307809987.54814
South Asia (IDA & IBRD),TSA,1973,7847764271.23793
South Asia (IDA & IBRD),TSA,1974,9623136707.46012
South Asia (IDA & IBRD),TSA,1975,10344191645.4357
South Asia (IDA & IBRD),TSA,1976,10832860555.5884
South Asia (IDA & IBRD),TSA,1977,12030621583.8047
South Asia (IDA & IBRD),TSA,1978,13869919999.1529
South Asia (IDA & IBRD),TSA,1979,16443413448.6693
South Asia (IDA & IBRD),TSA,1980,19408645746.7764
South Asia (IDA & IBRD),TSA,1981,19832136754.0243
South Asia (IDA & IBRD),TSA,1982,21651237024.7786
South Asia (IDA & IBRD),TSA,1983,23252232707.7923
South Asia (IDA & IBRD),TSA,1984,23306755151.3942
South Asia (IDA & IBRD),TSA,1985,26939378176.2313
South Asia (IDA & IBRD),TSA,1986,30324978964.6158
South Asia (IDA & IBRD),TSA,1987,34909861704.3101
South Asia (IDA & IBRD),TSA,1988,36196441210.2967
South Asia (IDA & IBRD),TSA,1989,36205855206.0222
South Asia (IDA & IBRD),TSA,1990,38267719500.4303
South Asia (IDA & IBRD),TSA,1991,32152716118.6324
South Asia (IDA & IBRD),TSA,1992,33766643562.9544
South Asia (IDA & IBRD),TSA,1993,33335116194.8599
South Asia (IDA & IBRD),TSA,1994,36931785880.8677
South Asia (IDA & IBRD),TSA,1995,41273333270.5101
South Asia (IDA & IBRD),TSA,1996,44290451044.5075
South Asia (IDA & IBRD),TSA,1997,49811625283.4584
South Asia (IDA & IBRD),TSA,1998,54269966288.8645
South Asia (IDA & IBRD),TSA,1999,59791261224.5722
South Asia (IDA & IBRD),TSA,2000,60357858483.473
South Asia (IDA & IBRD),TSA,2001,61316262806.6351
South Asia (IDA & IBRD),TSA,2002,63114156500.0691
South Asia (IDA & IBRD),TSA,2003,71452848764.3259
South Asia (IDA & IBRD),TSA,2004,79759961944.3027
South Asia (IDA & IBRD),TSA,2005,91842537792.9437
South Asia (IDA & IBRD),TSA,2006,100412622635.361
South Asia (IDA & IBRD),TSA,2007,129118795536.239
South Asia (IDA & IBRD),TSA,2008,137809644833.827
South Asia (IDA & IBRD),TSA,2009,166428545380.826
South Asia (IDA & IBRD),TSA,2010,199122510337.721
South Asia (IDA & IBRD),TSA,2011,218345457685.168
South Asia (IDA & IBRD),TSA,2012,211381907142.087
South Asia (IDA & IBRD),TSA,2013,208025243246.037
South Asia (IDA & IBRD),TSA,2014,232337779027.55
South Asia (IDA & IBRD),TSA,2015,240808593416.531
South Asia (IDA & IBRD),TSA,2016,262455916896.331
South Asia (IDA & IBRD),TSA,2017,314229390156.728
South Asia (IDA & IBRD),TSA,2018,323755547026.337
South Asia (IDA & IBRD),TSA,2019,346135644655.555
South Asia (IDA & IBRD),TSA,2020,346148999962.322
South Asia (IDA & IBRD),TSA,2021,369330224215.602
South Asia (IDA & IBRD),TSA,2022,379865478596.819
South Asia (IDA & IBRD),TSA,2023,409876175952.673
South Asia (IDA & IBRD),TSA,2024,429126928381.17
Spain,ESP,1970,4046004278.58331
Spain,ESP,1971,4681686227.54491
Spain,ESP,1972,5869166450.94486
Spain,ESP,1973,7794805825.24272
Spain,ESP,1974,10038214594.7505
Spain,ESP,1975,12508959420.2899
Spain,ESP,1976,13951740860.4825
Spain,ESP,1977,15876976998.9047
Spain,ESP,1978,19960188802.0833
Spain,ESP,1979,27794903321.765
Spain,ESP,1980,31668530981.6663
Spain,ESP,1981,29490522616.6877
Spain,ESP,1982,28842432227.7753
Spain,ESP,1983,25907525522.0418
Spain,ESP,1984,25673200165.5972
Spain,ESP,1985,27455210371.82
Spain,ESP,1986,37674950695.022
Spain,ESP,1987,49364952162.7813
Spain,ESP,1988,57684636480.5028
Spain,ESP,1989,65677402670.4146
Spain,ESP,1990,87184722494.2866
Spain,ESP,1991,97661945556.4451
Spain,ESP,1992,112339151633.35
Spain,ESP,1993,96326090992.2866
Spain,ESP,1994,94237853682.7723
Spain,ESP,1995,108255938083.8
Spain,ESP,1996,112370944437.147
Spain,ESP,1997,100352272727.273
Spain,ESP,1998,104385789063.37
Spain,ESP,1999,106604289198.842
Spain,ESP,2000,99913634715.2943
Spain,ESP,2001,103872425717.717
Spain,ESP,2002,117826050785.883
Spain,ESP,2003,152246270661.568
Spain,ESP,2004,183545250228.572
Spain,ESP,2005,199957653117.51
Spain,ESP,2006,218809440180.0
Spain,ESP,2007,260981503485.883
Spain,ESP,2008,307167279648.437
Spain,ESP,2009,307835454419.922
Spain,ESP,2010,293422195550.001
Spain,ESP,2011,306088176206.226
Spain,ESP,2012,264649764153.516
Spain,ESP,2013,269848351325.883
Spain,ESP,2014,269862349819.999
Spain,ESP,2015,233460373906.641
Spain,ESP,2016,235618717308.561
Spain,ESP,2017,245096757728.236
Spain,ESP,2018,266063146286.274
Spain,ESP,2019,262995907639.215
Spain,ESP,2020,281375442655.254
Spain,ESP,2021,306936486089.142
Spain,ESP,2022,288780687180.935
Spain,ESP,2023,315327126017.653
Sri Lanka,LKA,1960,191423445.378151
Sri Lanka,LKA,1961,193072412.605042
Sri Lanka,LKA,1962,198110645.26749
Sri Lanka,LKA,1963,169771677.142857
Sri Lanka,LKA,1964,181510184.87395
Sri Lanka,LKA,1965,243067226.890756
Sri Lanka,LKA,1966,243277310.92437
Sri Lanka,LKA,1967,255144032.921811
Sri Lanka,LKA,1968,236660736.134454
Sri Lanka,LKA,1969,247226890.756303
Sri Lanka,LKA,1970,272773109.243697
Sri Lanka,LKA,1971,297470489.038786
Sri Lanka,LKA,1972,317755443.886097
Sri Lanka,LKA,1973,315000000.0
Sri Lanka,LKA,1974,412481203.007519
Sri Lanka,LKA,1975,353780313.837375
Sri Lanka,LKA,1976,359215219.976219
Sri Lanka,LKA,1977,351521984.21646
Sri Lanka,LKA,1978,259000640.61499
Sri Lanka,LKA,1979,308156711.62492
Sri Lanka,LKA,1980,343920145.190563
Sri Lanka,LKA,1981,327792207.792208
Sri Lanka,LKA,1982,396059586.737146
Sri Lanka,LKA,1983,420271993.20017
Sri Lanka,LKA,1984,469143081.761006
Sri Lanka,LKA,1985,611156111.929308
Sri Lanka,LKA,1986,659528907.922912
Sri Lanka,LKA,1987,663654891.304348
Sri Lanka,LKA,1988,686859478.151525
Sri Lanka,LKA,1989,732593619.972261
Sri Lanka,LKA,1990,783949076.385422
Sri Lanka,LKA,1991,885496736.765772
Sri Lanka,LKA,1992,934793520.419804
Sri Lanka,LKA,1993,947661423.84106
Sri Lanka,LKA,1994,1133184945.36625
Sri Lanka,LKA,1995,1494712195.12195
Sri Lanka,LKA,1996,1465912791.74959
Sri Lanka,LKA,1997,1562907211.39176
Sri Lanka,LKA,1998,1544279300.20127
Sri Lanka,LKA,1999,1418538282.42648
Sri Lanka,LKA,2000,1744378463.97466
Sri Lanka,LKA,2001,1616394359.89257
Sri Lanka,LKA,2002,2103256234.58081
Sri Lanka,LKA,2003,2296125155.40821
Sri Lanka,LKA,2004,2609635339.46042
Sri Lanka,LKA,2005,3194398009.95025
Sri Lanka,LKA,2006,4342420161.60062
Sri Lanka,LKA,2007,4940598689.608
Sri Lanka,LKA,2008,6588786175.55268
Sri Lanka,LKA,2009,7408331007.07146
Sri Lanka,LKA,2015,7582104311.89326
Sri Lanka,LKA,2016,7189867560.91321
Sri Lanka,LKA,2017,7411040197.16861
Sri Lanka,LKA,2018,8131350065.7189
Sri Lanka,LKA,2019,7985452144.15634
Sri Lanka,LKA,2020,8769135740.71246
Sri Lanka,LKA,2021,8369906946.23601
Sri Lanka,LKA,2022,5360569717.77169
Sri Lanka,LKA,2023,5673855146.1999
Sri Lanka,LKA,2024,6887315633.27963
Sub-Saharan Africa,SSF,1965,5287305777.92303
Sub-Saharan Africa,SSF,1966,5731234647.12917
Sub-Saharan Africa,SSF,1967,6115854140.78363
Sub-Saharan Africa,SSF,1968,7001992922.22341
Sub-Saharan Africa,SSF,1969,7718326820.14468
Sub-Saharan Africa,SSF,1970,8481073288.50647
Sub-Saharan Africa,SSF,1971,9818023402.07693
Sub-Saharan Africa,SSF,1972,10457512548.3161
Sub-Saharan Africa,SSF,1973,12887259934.7996
Sub-Saharan Africa,SSF,1974,15631817152.6242
Sub-Saharan Africa,SSF,1975,19045393495.2992
Sub-Saharan Africa,SSF,1976,19961858195.3762
Sub-Saharan Africa,SSF,1977,22474927997.6718
Sub-Saharan Africa,SSF,1978,26992759464.7413
Sub-Saharan Africa,SSF,1979,32958000219.7158
Sub-Saharan Africa,SSF,1980,43005250900.8358
Sub-Saharan Africa,SSF,1981,43064827847.0183
Sub-Saharan Africa,SSF,1982,41652971463.8719
Sub-Saharan Africa,SSF,1983,42434720205.9939
Sub-Saharan Africa,SSF,1984,41808578675.5698
Sub-Saharan Africa,SSF,1985,36929370595.2255
Sub-Saharan Africa,SSF,1986,45306129404.0966
Sub-Saharan Africa,SSF,1987,56459990665.8058
Sub-Saharan Africa,SSF,1988,58074448568.2482
Sub-Saharan Africa,SSF,1989,58231756633.3771
Sub-Saharan Africa,SSF,1990,70047983774.6496
Sub-Saharan Africa,SSF,1991,75368349850.2191
Sub-Saharan Africa,SSF,1992,75878765093.7609
Sub-Saharan Africa,SSF,1993,74561765866.2206
Sub-Saharan Africa,SSF,1994,71222050968.5934
Sub-Saharan Africa,SSF,1995,74552453180.2241
Sub-Saharan Africa,SSF,1996,76775181245.2427
Sub-Saharan Africa,SSF,1997,79433528324.2564
Sub-Saharan Africa,SSF,1998,76382178612.638
Sub-Saharan Africa,SSF,1999,74776297307.1211
Sub-Saharan Africa,SSF,2000,74342181711.1742
Sub-Saharan Africa,SSF,2001,70799691204.5104
Sub-Saharan Africa,SSF,2002,71758326315.1902
Sub-Saharan Africa,SSF,2003,98634963893.2782
Sub-Saharan Africa,SSF,2004,120363577794.455
Sub-Saharan Africa,SSF,2005,134952277308.091
Sub-Saharan Africa,SSF,2006,148913134878.779
Sub-Saharan Africa,SSF,2007,173734057695.325
Sub-Saharan Africa,SSF,2008,193596653921.371
Sub-Saharan Africa,SSF,2009,200873772694.629
Sub-Saharan Africa,SSF,2010,232663962399.956
Sub-Saharan Africa,SSF,2011,274429389539.31
Sub-Saharan Africa,SSF,2012,279385083556.346
Sub-Saharan Africa,SSF,2013,295357302252.037
Sub-Saharan Africa,SSF,2014,292529732720.301
Sub-Saharan Africa,SSF,2015,257377517194.786
Sub-Saharan Africa,SSF,2016,242057087421.821
Sub-Saharan Africa,SSF,2017,274470266491.648
Sub-Saharan Africa,SSF,2018,280820257585.613
Sub-Saharan Africa,SSF,2019,282714004960.134
Sub-Saharan Africa,SSF,2020,276819375622.826
Sub-Saharan Africa,SSF,2021,313657954007.584
Sub-Saharan Africa,SSF,2022,330236288871.453
Sub-Saharan Africa,SSF,2023,314697567467.731
Sub-Saharan Africa,SSF,2024,331105548313.78
Sub-Saharan Africa (IDA & IBRD countries),TSS,1965,5287305777.92304
Sub-Saharan Africa (IDA & IBRD countries),TSS,1966,5731234647.12917
Sub-Saharan Africa (IDA & IBRD countries),TSS,1967,6115854140.78363
Sub-Saharan Africa (IDA & IBRD countries),TSS,1968,7001992922.22341
Sub-Saharan Africa (IDA & IBRD countries),TSS,1969,7718326820.14468
Sub-Saharan Africa (IDA & IBRD countries),TSS,1970,8481073288.50646
Sub-Saharan Africa (IDA & IBRD countries),TSS,1971,9818023402.07693
Sub-Saharan Africa (IDA & IBRD countries),TSS,1972,10457512548.3161
Sub-Saharan Africa (IDA & IBRD countries),TSS,1973,12887259934.7995
Sub-Saharan Africa (IDA & IBRD countries),TSS,1974,15631817152.6242
Sub-Saharan Africa (IDA & IBRD countries),TSS,1975,19045393495.2992
Sub-Saharan Africa (IDA & IBRD countries),TSS,1976,19961858195.3762
Sub-Saharan Africa (IDA & IBRD countries),TSS,1977,22474927997.6718
Sub-Saharan Africa (IDA & IBRD countries),TSS,1978,26992759464.7413
Sub-Saharan Africa (IDA & IBRD countries),TSS,1979,32958000219.7158
Sub-Saharan Africa (IDA & IBRD countries),TSS,1980,43005250900.8358
Sub-Saharan Africa (IDA & IBRD countries),TSS,1981,43064827847.0183
Sub-Saharan Africa (IDA & IBRD countries),TSS,1982,41652971463.8719
Sub-Saharan Africa (IDA & IBRD countries),TSS,1983,42434720205.9939
Sub-Saharan Africa (IDA & IBRD countries),TSS,1984,41808578675.5697
Sub-Saharan Africa (IDA & IBRD countries),TSS,1985,36929370595.2254
Sub-Saharan Africa (IDA & IBRD countries),TSS,1986,45306129404.0965
Sub-Saharan Africa (IDA & IBRD countries),TSS,1987,56459990665.8058
Sub-Saharan Africa (IDA & IBRD countries),TSS,1988,58074448568.2482
Sub-Saharan Africa (IDA & IBRD countries),TSS,1989,58231756633.3771
Sub-Saharan Africa (IDA & IBRD countries),TSS,1990,70047983774.6496
Sub-Saharan Africa (IDA & IBRD countries),TSS,1991,75368349850.2191
Sub-Saharan Africa (IDA & IBRD countries),TSS,1992,75878765093.7608
Sub-Saharan Africa (IDA & IBRD countries),TSS,1993,74561765866.2206
Sub-Saharan Africa (IDA & IBRD countries),TSS,1994,71222050968.5933
Sub-Saharan Africa (IDA & IBRD countries),TSS,1995,74552453180.2241
Sub-Saharan Africa (IDA & IBRD countries),TSS,1996,76775181245.2427
Sub-Saharan Africa (IDA & IBRD countries),TSS,1997,79433528324.2564
Sub-Saharan Africa (IDA & IBRD countries),TSS,1998,76382178612.638
Sub-Saharan Africa (IDA & IBRD countries),TSS,1999,74776297307.1211
Sub-Saharan Africa (IDA & IBRD countries),TSS,2000,74342181711.1742
Sub-Saharan Africa (IDA & IBRD countries),TSS,2001,70799691204.5103
Sub-Saharan Africa (IDA & IBRD countries),TSS,2002,71758326315.1902
Sub-Saharan Africa (IDA & IBRD countries),TSS,2003,98634963893.2782
Sub-Saharan Africa (IDA & IBRD countries),TSS,2004,120363577794.455
Sub-Saharan Africa (IDA & IBRD countries),TSS,2005,134952277308.091
Sub-Saharan Africa (IDA & IBRD countries),TSS,2006,148913134878.779
Sub-Saharan Africa (IDA & IBRD countries),TSS,2007,173734057695.325
Sub-Saharan Africa (IDA & IBRD countries),TSS,2008,193596653921.371
Sub-Saharan Africa (IDA & IBRD countries),TSS,2009,200873772694.629
Sub-Saharan Africa (IDA & IBRD countries),TSS,2010,232663962399.956
Sub-Saharan Africa (IDA & IBRD countries),TSS,2011,274429389539.31
Sub-Saharan Africa (IDA & IBRD countries),TSS,2012,279385083556.346
Sub-Saharan Africa (IDA & IBRD countries),TSS,2013,295357302252.037
Sub-Saharan Africa (IDA & IBRD countries),TSS,2014,292529732720.301
Sub-Saharan Africa (IDA & IBRD countries),TSS,2015,257377517194.786
Sub-Saharan Africa (IDA & IBRD countries),TSS,2016,242057087421.821
Sub-Saharan Africa (IDA & IBRD countries),TSS,2017,274470266491.648
Sub-Saharan Africa (IDA & IBRD countries),TSS,2018,280820257585.613
Sub-Saharan Africa (IDA & IBRD countries),TSS,2019,282714004960.134
Sub-Saharan Africa (IDA & IBRD countries),TSS,2020,276819375622.826
Sub-Saharan Africa (IDA & IBRD countries),TSS,2021,313657954007.584
Sub-Saharan Africa (IDA & IBRD countries),TSS,2022,330236288871.453
Sub-Saharan Africa (IDA & IBRD countries),TSS,2023,314697567467.731
Sub-Saharan Africa (IDA & IBRD countries),TSS,2024,331105548313.78
Sub-Saharan Africa (excluding high income),SSA,1960,2993323089.54329
Sub-Saharan Africa (excluding high income),SSA,1961,3324781844.04268
Sub-Saharan Africa (excluding high income),SSA,1962,3745263579.52743
Sub-Saharan Africa (excluding high income),SSA,1963,4054327063.03427
Sub-Saharan Africa (excluding high income),SSA,1964,4678255750.39136
Sub-Saharan Africa (excluding high income),SSA,1965,5285415408.53759
Sub-Saharan Africa (excluding high income),SSA,1966,5729185559.94322
Sub-Saharan Africa (excluding high income),SSA,1967,6113667540.66645
Sub-Saharan Africa (excluding high income),SSA,1968,6999489501.08357
Sub-Saharan Africa (excluding high income),SSA,1969,7715567288.28848
Sub-Saharan Africa (excluding high income),SSA,1970,8478041052.05681
Sub-Saharan Africa (excluding high income),SSA,1971,9814513166.11851
Sub-Saharan Africa (excluding high income),SSA,1972,10453773675.9302
Sub-Saharan Africa (excluding high income),SSA,1973,12882652355.3127
Sub-Saharan Africa (excluding high income),SSA,1974,15626228312.1399
Sub-Saharan Africa (excluding high income),SSA,1975,19038584199.5427
Sub-Saharan Africa (excluding high income),SSA,1976,19954721236.1774
Sub-Saharan Africa (excluding high income),SSA,1977,22461777556.6267
Sub-Saharan Africa (excluding high income),SSA,1978,26971605468.7634
Sub-Saharan Africa (excluding high income),SSA,1979,32919700982.0854
Sub-Saharan Africa (excluding high income),SSA,1980,42954239039.117
Sub-Saharan Africa (excluding high income),SSA,1981,43002080235.3904
Sub-Saharan Africa (excluding high income),SSA,1982,41583855028.7925
Sub-Saharan Africa (excluding high income),SSA,1983,42371535832.7437
Sub-Saharan Africa (excluding high income),SSA,1984,41748635470.6175
Sub-Saharan Africa (excluding high income),SSA,1985,36844845975.9944
Sub-Saharan Africa (excluding high income),SSA,1986,45186758272.2134
Sub-Saharan Africa (excluding high income),SSA,1987,56338237829.4332
Sub-Saharan Africa (excluding high income),SSA,1988,57944133125.7924
Sub-Saharan Africa (excluding high income),SSA,1989,58083816682.5543
Sub-Saharan Africa (excluding high income),SSA,1990,69906119810.1709
Sub-Saharan Africa (excluding high income),SSA,1991,75220945966.7586
Sub-Saharan Africa (excluding high income),SSA,1992,75688477366.353
Sub-Saharan Africa (excluding high income),SSA,1993,74356810736.9441
Sub-Saharan Africa (excluding high income),SSA,1994,71009574067.0448
Sub-Saharan Africa (excluding high income),SSA,1995,74344397783.8252
Sub-Saharan Africa (excluding high income),SSA,1996,76553877681.4167
Sub-Saharan Africa (excluding high income),SSA,1997,79181553938.5443
Sub-Saharan Africa (excluding high income),SSA,1998,76088227576.5239
Sub-Saharan Africa (excluding high income),SSA,1999,74519483499.3144
Sub-Saharan Africa (excluding high income),SSA,2000,73925686762.6641
Sub-Saharan Africa (excluding high income),SSA,2001,70380477770.4265
Sub-Saharan Africa (excluding high income),SSA,2002,71218186581.8135
Sub-Saharan Africa (excluding high income),SSA,2003,98117685444.0517
Sub-Saharan Africa (excluding high income),SSA,2004,119821041563.884
Sub-Saharan Africa (excluding high income),SSA,2005,134423212681.589
Sub-Saharan Africa (excluding high income),SSA,2006,148249456521.905
Sub-Saharan Africa (excluding high income),SSA,2007,173128161947.586
Sub-Saharan Africa (excluding high income),SSA,2008,193148482839.191
Sub-Saharan Africa (excluding high income),SSA,2009,200460944130.969
Sub-Saharan Africa (excluding high income),SSA,2010,232214584128.139
Sub-Saharan Africa (excluding high income),SSA,2011,273932054724.65
Sub-Saharan Africa (excluding high income),SSA,2012,278525095286.784
Sub-Saharan Africa (excluding high income),SSA,2013,293681696485.633
Sub-Saharan Africa (excluding high income),SSA,2014,289547862586.538
Sub-Saharan Africa (excluding high income),SSA,2015,253049248510.347
Sub-Saharan Africa (excluding high income),SSA,2016,234505261743.524
Sub-Saharan Africa (excluding high income),SSA,2017,261155137006.108
Sub-Saharan Africa (excluding high income),SSA,2018,272350177096.07
Sub-Saharan Africa (excluding high income),SSA,2019,274396665415.714
Sub-Saharan Africa (excluding high income),SSA,2020,267665469099.955
Sub-Saharan Africa (excluding high income),SSA,2021,304161643556.024
Sub-Saharan Africa (excluding high income),SSA,2022,321841188242.015
Sub-Saharan Africa (excluding high income),SSA,2023,306557712114.89
Sub-Saharan Africa (excluding high income),SSA,2024,323687449728.529
Sudan,SDN,1960,109419873.950086
Sudan,SDN,1961,128374497.783959
Sudan,SDN,1962,149626651.779514
Sudan,SDN,1963,170591614.504858
Sudan,SDN,1964,199023550.255668
Sudan,SDN,1965,225157955.844796
Sudan,SDN,1966,285468122.588938
Sudan,SDN,1967,312176910.718486
Sudan,SDN,1968,351522114.737283
Sudan,SDN,1969,402642160.834699
Sudan,SDN,1970,441412982.313076
Sudan,SDN,1971,439402643.421604
Sudan,SDN,1972,447731190.2577
Sudan,SDN,1973,496840897.463644
Sudan,SDN,1974,557725446.748206
Sudan,SDN,1975,628661690.490125
Sudan,SDN,1976,730040208.874326
Sudan,SDN,1977,875056302.971054
Sudan,SDN,1978,977608183.059848
Sudan,SDN,1979,1215145633.89937
Sudan,SDN,1980,1420000000.0
Sudan,SDN,1981,1395702550.84748
Sudan,SDN,1982,861073191.974757
Sudan,SDN,1983,776923076.923077
Sudan,SDN,1984,1007692307.69231
Sudan,SDN,1985,998253057.186092
Sudan,SDN,1986,1392000000.0
Sudan,SDN,1987,1543333333.33333
Sudan,SDN,1988,1000000000.0
Sudan,SDN,1989,1488888888.88889
Sudan,SDN,1990,1944444444.44444
Sudan,SDN,1991,3838610624.22949
Sudan,SDN,1992,511127456.8501
Sudan,SDN,1993,496503759.870444
Sudan,SDN,1994,618592654.233812
Sudan,SDN,1995,759889408.029969
Sudan,SDN,1996,501282387.479293
Sudan,SDN,1997,632717391.097406
Sudan,SDN,1998,700317078.67306
Sudan,SDN,1999,692063841.514407
Sudan,SDN,2000,1112700405.44876
Sudan,SDN,2001,1367164820.07684
Sudan,SDN,2002,1540092660.32119
Sudan,SDN,2003,2167350145.64145
Sudan,SDN,2004,3285778755.74339
Sudan,SDN,2005,3661915561.94475
Sudan,SDN,2006,4945055129.25661
Sudan,SDN,2007,6626029115.61927
Sudan,SDN,2008,6571106894.53406
Sudan,SDN,2009,5872216961.53846
Sudan,SDN,2010,5573103448.27586
Sudan,SDN,2011,3439789473.68421
Sudan,SDN,2012,2428100000.0
Sudan,SDN,2013,2753000000.0
Sudan,SDN,2014,3011842696.62921
Sudan,SDN,2015,3193838383.83838
Sudan,SDN,2016,2382380000.0
Sudan,SDN,2017,2654371904.7619
Sudan,SDN,2018,2170904017.19902
Sudan,SDN,2019,1995562006.61157
Sudan,SDN,2020,3905266308.51064
Sudan,SDN,2021,3750282654.81974
Sudan,SDN,2022,9223922953.48265
Sudan,SDN,2023,6952093517.69308
Sudan,SDN,2024,8241416948.9507
Suriname,SUR,2006,332762328.242884
Suriname,SUR,2007,297267759.562842
Suriname,SUR,2008,385063752.276867
Suriname,SUR,2009,510746812.386157
Suriname,SUR,2010,582060940.104909
Sweden,SWE,1960,2385265175.10826
Sweden,SWE,1961,2589324157.94784
Sweden,SWE,1962,2968042003.43731
Sweden,SWE,1963,3314265325.15513
Sweden,SWE,1964,3675381913.88809
Sweden,SWE,1965,4175761548.18581
Sweden,SWE,1966,4833198788.37692
Sweden,SWE,1967,5421584899.76084
Sweden,SWE,1968,6057165498.35947
Sweden,SWE,1969,6644197711.52448
Sweden,SWE,1970,7708800742.28717
Sweden,SWE,1971,8816283579.46897
Sweden,SWE,1972,10492458214.3457
Sweden,SWE,1973,12710517253.2228
Sweden,SWE,1974,14452377123.0346
Sweden,SWE,1975,18609611531.2365
Sweden,SWE,1976,20966125714.5481
Sweden,SWE,1977,24493601615.4945
Sweden,SWE,1978,27509866769.9458
Sweden,SWE,1979,32922847379.3473
Sweden,SWE,1980,38663018961.6039
Sweden,SWE,1981,35686595765.691
Sweden,SWE,1982,31297259733.2315
Sweden,SWE,1983,28084868855.2386
Sweden,SWE,1984,28217855484.9005
Sweden,SWE,1985,29138755448.1107
Sweden,SWE,1986,37971661940.5918
Sweden,SWE,1987,44836964071.6674
Sweden,SWE,1988,49361910334.2473
Sweden,SWE,1989,52561907738.6031
Sweden,SWE,1990,65886216124.8902
Sweden,SWE,1991,71262865646.9615
Sweden,SWE,1992,76915324873.7937
Sweden,SWE,1993,58299200863.3759
Sweden,SWE,1994,60443364437.5324
Sweden,SWE,1995,68113916420.1702
Sweden,SWE,1996,75374291679.0933
Sweden,SWE,1997,67872401734.1419
Sweden,SWE,1998,68713946087.3722
Sweden,SWE,1999,69602052672.347
Sweden,SWE,2000,64478509528.2792
Sweden,SWE,2001,59961855340.7364
Sweden,SWE,2002,67917347054.051
Sweden,SWE,2003,85967129589.5527
Sweden,SWE,2004,96361632353.1413
Sweden,SWE,2005,97649168350.4837
Sweden,SWE,2006,104204819603.697
Sweden,SWE,2007,118620613126.591
Sweden,SWE,2008,127550029585.35
Sweden,SWE,2009,113495387911.887
Sweden,SWE,2010,124113631715.19
Sweden,SWE,2011,143162977788.706
Sweden,SWE,2012,142265497780.51
Sweden,SWE,2013,153732477088.351
Sweden,SWE,2014,151801433800.943
Sweden,SWE,2015,129903577512.676
Sweden,SWE,2016,135954348627.996
Sweden,SWE,2017,140786126182.699
Sweden,SWE,2018,144748271070.658
Sweden,SWE,2019,137491223582.974
Sweden,SWE,2020,144634017804.33
Sweden,SWE,2021,164091185504.619
Sweden,SWE,2022,146852590393.397
Sweden,SWE,2023,152373178391.278
Switzerland,CHE,1970,1942358792.5909
Switzerland,CHE,1971,2429758823.38712
Switzerland,CHE,1972,2972676930.32755
Switzerland,CHE,1973,4128173344.28716
Switzerland,CHE,1974,4923607894.47186
Switzerland,CHE,1975,6122423972.417
Switzerland,CHE,1976,6681832693.23092
Switzerland,CHE,1977,7025214478.88496
Switzerland,CHE,1978,9750941834.4519
Switzerland,CHE,1979,11028597461.9595
Switzerland,CHE,1980,11564316405.0844
Switzerland,CHE,1981,10769216984.0138
Switzerland,CHE,1982,11316586218.7854
Switzerland,CHE,1983,11597085417.5599
Switzerland,CHE,1984,10853576626.8034
Switzerland,CHE,1985,11124141467.5837
Switzerland,CHE,1986,16169467452.332
Switzerland,CHE,1987,20148278567.5966
Switzerland,CHE,1988,22204364791.9087
Switzerland,CHE,1989,22321356439.8802
Switzerland,CHE,1990,28901742009.7898
Switzerland,CHE,1991,30814717573.2218
Switzerland,CHE,1992,33110945100.2702
Switzerland,CHE,1993,32232725365.4575
Switzerland,CHE,1994,35733760327.5572
Switzerland,CHE,1995,41663538266.3848
Switzerland,CHE,1996,40458185275.0809
Switzerland,CHE,1997,34284108041.0666
Switzerland,CHE,1998,34394927576.2174
Switzerland,CHE,1999,33814618559.4461
Switzerland,CHE,2000,31160204879.2042
Switzerland,CHE,2001,31993423204.5508
Switzerland,CHE,2002,35702346336.4558
Switzerland,CHE,2003,42489126011.7324
Switzerland,CHE,2004,46510204262.1632
Switzerland,CHE,2005,47049734982.3322
Switzerland,CHE,2006,47443775721.8057
Switzerland,CHE,2007,51156824391.8694
Switzerland,CHE,2008,59964167666.8821
Switzerland,CHE,2009,63095060196.6731
Switzerland,CHE,2010,66973176610.6931
Switzerland,CHE,2011,80720477997.4407
Switzerland,CHE,2012,77667949612.3326
Switzerland,CHE,2013,80599621374.5016
Switzerland,CHE,2014,83418429992.0813
Switzerland,CHE,2015,80084350929.605
Switzerland,CHE,2016,79210899164.712
Switzerland,CHE,2017,80013385577.5496
Switzerland,CHE,2018,81734741022.276
Switzerland,CHE,2019,81910768534.1249
Switzerland,CHE,2020,89978221034.7857
Switzerland,CHE,2021,97152102424.2784
Switzerland,CHE,2022,93080929901.3178
Switzerland,CHE,2023,100689175171.677
Syrian Arab Republic,SYR,1960,129691871.50838
Syrian Arab Republic,SYR,1961,130812318.435754
Syrian Arab Republic,SYR,1962,145120813.00813
Syrian Arab Republic,SYR,1963,150420183.246073
Syrian Arab Republic,SYR,1964,173783848.167539
Syrian Arab Republic,SYR,1965,207476093.88583
Syrian Arab Republic,SYR,1966,196276569.148936
Syrian Arab Republic,SYR,1967,238968452.722063
Syrian Arab Republic,SYR,1968,312959153.687922
Syrian Arab Republic,SYR,1969,365063788.027478
Syrian Arab Republic,SYR,1970,375196726.471514
Syrian Arab Republic,SYR,1971,462831286.360698
Syrian Arab Republic,SYR,1972,543103448.275862
Syrian Arab Republic,SYR,1973,698094612.352168
Syrian Arab Republic,SYR,1974,916639531.097362
Syrian Arab Republic,SYR,1975,1439509446.47
Syrian Arab Republic,SYR,1976,1531336832.35567
Syrian Arab Republic,SYR,1977,1507977207.97721
Syrian Arab Republic,SYR,1978,1852806414.66208
Syrian Arab Republic,SYR,1979,2146242038.21656
Syrian Arab Republic,SYR,1980,3024203821.65605
Syrian Arab Republic,SYR,1981,3221742515.39387
Syrian Arab Republic,SYR,1982,3578570751.58753
Syrian Arab Republic,SYR,1983,3876835941.24988
Syrian Arab Republic,SYR,1984,3967708212.33593
Syrian Arab Republic,SYR,1985,3917336802.27058
Syrian Arab Republic,SYR,1986,2851974034.26626
Syrian Arab Republic,SYR,1987,2040280988.79602
Syrian Arab Republic,SYR,1988,1394509207.40495
Syrian Arab Republic,SYR,1989,1577028227.49867
Syrian Arab Republic,SYR,1990,1766146870.00674
Syrian Arab Republic,SYR,1991,1982583333.33333
Syrian Arab Republic,SYR,1992,1911126893.32643
Syrian Arab Republic,SYR,1993,1861602180.12586
Syrian Arab Republic,SYR,1994,1360380000.0
Syrian Arab Republic,SYR,1995,1531117764.47106
Syrian Arab Republic,SYR,1996,1623073852.29541
Syrian Arab Republic,SYR,1997,1653579766.53697
Syrian Arab Republic,SYR,1998,1702326923.07692
Syrian Arab Republic,SYR,1999,1683275193.79845
Syrian Arab Republic,SYR,2000,2349675528.57442
Syrian Arab Republic,SYR,2001,2529046332.84854
Syrian Arab Republic,SYR,2002,2537311915.41277
Syrian Arab Republic,SYR,2003,2927697622.43446
Syrian Arab Republic,SYR,2004,3918990099.0099
Syrian Arab Republic,SYR,2005,3958448275.86207
Syrian Arab Republic,SYR,2006,3811085043.98827
Syrian Arab Republic,SYR,2007,4971966359.63156
Syrian Arab Republic,SYR,2008,5901434901.07299
Syrian Arab Republic,SYR,2009,6479034035.62815
Syrian Arab Republic,SYR,2010,8179713329.38878
Syrian Arab Republic,SYR,2011,8634661489.84538
Syrian Arab Republic,SYR,2012,6290166684.35539
Syrian Arab Republic,SYR,2013,4083074896.58112
Syrian Arab Republic,SYR,2014,4219550870.21557
Syrian Arab Republic,SYR,2015,2753840853.90068
Syrian Arab Republic,SYR,2016,2107481819.48632
Syrian Arab Republic,SYR,2017,2699584981.96592
Syrian Arab Republic,SYR,2018,3431747691.06025
Syrian Arab Republic,SYR,2019,3470999172.75238
Syrian Arab Republic,SYR,2020,1286852386.67788
Syrian Arab Republic,SYR,2021,981035655.436306
Syrian Arab Republic,SYR,2022,643326021.253803
Tajikistan,TJK,1993,360735910.572892
Tajikistan,TJK,1994,265016576.250753
Tajikistan,TJK,1995,194667937.045663
Tajikistan,TJK,1996,175573604.060914
Tajikistan,TJK,1997,152104535.924443
Tajikistan,TJK,1998,125664767.423145
Tajikistan,TJK,1999,107858186.189602
Tajikistan,TJK,2000,71344732.089103
Tajikistan,TJK,2001,93584203.9767439
Tajikistan,TJK,2002,105000808.571802
Tajikistan,TJK,2003,128535683.568811
Tajikistan,TJK,2004,244671955.099936
Tajikistan,TJK,2005,337615074.535539
Tajikistan,TJK,2006,314272824.950704
Tajikistan,TJK,2007,331185368.23566
Tajikistan,TJK,2008,481734910.259493
Tajikistan,TJK,2009,620560271.204246
Tajikistan,TJK,2010,639077663.750378
Tajikistan,TJK,2011,890572022.845948
Tajikistan,TJK,2012,980220815.634902
Tajikistan,TJK,2013,1123412729.81401
Tajikistan,TJK,2014,1279395297.31951
Tajikistan,TJK,2015,956090887.127406
Tajikistan,TJK,2016,822086163.604284
Tajikistan,TJK,2017,858131157.64195
Tajikistan,TJK,2018,871315804.22582
Tajikistan,TJK,2019,925913975.820658
Tajikistan,TJK,2020,940937277.113163
Tajikistan,TJK,2021,972813327.615098
Tajikistan,TJK,2022,1085823457.82256
Tajikistan,TJK,2023,1305497474.53208
Tanzania,TZA,1990,756967552.027658
Tanzania,TZA,1991,938713381.532508
Tanzania,TZA,1992,903623433.025834
Tanzania,TZA,1993,825416843.833835
Tanzania,TZA,1994,772129435.839224
Tanzania,TZA,1995,605532648.691847
Tanzania,TZA,1996,750597437.396563
Tanzania,TZA,1997,636567027.024819
Tanzania,TZA,1998,1009727800.18478
Tanzania,TZA,1999,995801899.576638
Tanzania,TZA,2000,1050202572.33844
Tanzania,TZA,2001,1085992038.86407
Tanzania,TZA,2002,1252937984.60248
Tanzania,TZA,2003,1579239111.719
Tanzania,TZA,2004,1914042513.61344
Tanzania,TZA,2005,2192369776.80739
Tanzania,TZA,2006,2213868828.23187
Tanzania,TZA,2007,2865742231.29172
Tanzania,TZA,2008,3163021577.69669
Tanzania,TZA,2009,3625989419.59392
Tanzania,TZA,2010,3317241238.87247
Tanzania,TZA,2011,3360661079.33594
Tanzania,TZA,2012,4134367885.19737
Tanzania,TZA,2013,4585703113.43238
Tanzania,TZA,2014,4932585899.92055
Tanzania,TZA,2015,4706919239.43589
Tanzania,TZA,2016,4512799980.76937
Tanzania,TZA,2017,4530193405.81668
Tanzania,TZA,2018,4624475473.71324
Tanzania,TZA,2019,4749351879.01705
Tanzania,TZA,2020,5087018121.46288
Tanzania,TZA,2021,5656040959.92223
Tanzania,TZA,2022,6288504374.79431
Tanzania,TZA,2023,6922817534.47484
Tanzania,TZA,2024,7242808182.51781
Thailand,THA,1960,252197950.936499
Thailand,THA,1961,267161290.200034
Thailand,THA,1962,300766283.524904
Thailand,THA,1963,332405184.829573
Thailand,THA,1964,359519230.769231
Thailand,THA,1965,400673076.923077
Thailand,THA,1966,446538461.538462
Thailand,THA,1967,498076923.076923
Thailand,THA,1968,612307692.307692
Thailand,THA,1969,675865384.615385
Thailand,THA,1970,797019230.769231
Thailand,THA,1971,849807692.307692
Thailand,THA,1972,892883370.499147
Thailand,THA,1973,1055798473.52086
Thailand,THA,1974,1280238926.89033
Thailand,THA,1975,1535383825.59257
Thailand,THA,1976,1863176867.29327
Thailand,THA,1977,2104058004.02086
Thailand,THA,1978,2684044234.04032
Thailand,THA,1979,3271375158.82316
Thailand,THA,1980,3976928899.39922
Thailand,THA,1981,4445693426.11422
Thailand,THA,1982,4789845407.73621
Thailand,THA,1983,5155495737.49976
Thailand,THA,1984,5503530995.26472
Thailand,THA,1985,5262476330.49175
Thailand,THA,1986,5496963502.21414
Thailand,THA,1987,5723483559.09676
Thailand,THA,1988,6195570327.33375
Thailand,THA,1989,6878751987.29315
Thailand,THA,1990,8026198627.9552
Thailand,THA,1991,9057838180.69628
Thailand,THA,1992,11031558581.1221
Thailand,THA,1993,14179443752.1177
Thailand,THA,1994,16211879847.723
Thailand,THA,1995,19044898579.0829
Thailand,THA,1996,21203279857.9377
Thailand,THA,1997,18147555755.5279
Thailand,THA,1998,14851138872.0534
Thailand,THA,1999,17187811726.0071
Thailand,THA,2000,17158964407.5585
Thailand,THA,2001,16209345087.651
Thailand,THA,2002,17690631556.7407
Thailand,THA,2003,19683103257.2869
Thailand,THA,2004,22673004592.0913
Thailand,THA,2005,25848822467.7543
Thailand,THA,2006,29942387123.7153
Thailand,THA,2007,36617253962.4843
Thailand,THA,2008,41790004539.0278
Thailand,THA,2009,45017504927.8456
Thailand,THA,2010,53897333198.0462
Thailand,THA,2011,59856748712.8396
Thailand,THA,2012,65012644173.2373
Thailand,THA,2013,68781236405.0251
Thailand,THA,2014,68906942963.6538
Thailand,THA,2015,68706535971.4342
Thailand,THA,2016,69714990343.3448
Thailand,THA,2017,74378876181.7206
Thailand,THA,2018,81962255541.0166
Thailand,THA,2019,87957506288.8907
Thailand,THA,2020,89056631351.6474
Thailand,THA,2021,92305482552.7761
Thailand,THA,2022,87823361303.3136
Thailand,THA,2023,85725469739.8488
Thailand,THA,2024,87863421343.5899
Timor-Leste,TLS,2000,489187476.447695
Timor-Leste,TLS,2001,650995709.042652
Timor-Leste,TLS,2002,693550147.048855
Timor-Leste,TLS,2003,501539420.174131
Timor-Leste,TLS,2004,343199959.325042
Timor-Leste,TLS,2005,243339782.630739
Timor-Leste,TLS,2006,373997591.884233
Timor-Leste,TLS,2007,570977624.526038
Timor-Leste,TLS,2008,723735575.404503
Timor-Leste,TLS,2009,842692213.784831
Timor-Leste,TLS,2010,909808770.664584
Timor-Leste,TLS,2011,935217850.763019
Timor-Leste,TLS,2012,977112002.283085
Timor-Leste,TLS,2013,870052023.669662
Timor-Leste,TLS,2014,950541105.419997
Timor-Leste,TLS,2015,937368360.179906
Timor-Leste,TLS,2016,912230730.135072
Timor-Leste,TLS,2017,874578462.210227
Timor-Leste,TLS,2018,881929598.935438
Timor-Leste,TLS,2019,959807872.061076
Timor-Leste,TLS,2020,961899739.304301
Timor-Leste,TLS,2021,1022056028.90306
Timor-Leste,TLS,2022,1062362915.93212
Timor-Leste,TLS,2023,1100628884.64765
Timor-Leste,TLS,2024,1130023649.8521
Togo,TGO,1963,18107623.7397724
Togo,TGO,1964,20769412.3440606
Togo,TGO,1965,21282052.209921
Togo,TGO,1966,22417845.9463254
Togo,TGO,1967,22388452.457852
Togo,TGO,1968,23387903.616014
Togo,TGO,1969,23902355.7779958
Togo,TGO,1970,36012572.3066595
Togo,TGO,1971,49407615.1117822
Togo,TGO,1972,62231793.393825
Togo,TGO,1973,70483892.944235
Togo,TGO,1974,76904505.8610995
Togo,TGO,1975,130461483.933072
Togo,TGO,1976,142464649.924515
Togo,TGO,1977,186017555.826665
Togo,TGO,1978,180029388.813568
Togo,TGO,1979,191153724.070504
Togo,TGO,1980,238302125.943989
Togo,TGO,1981,203854006.418609
Togo,TGO,1982,179837182.967422
Togo,TGO,1983,175271828.4581
Togo,TGO,1984,159655836.263178
Togo,TGO,1985,146166745.10959
Togo,TGO,1986,230401214.496765
Togo,TGO,1987,280056187.330046
Togo,TGO,1988,281142676.720185
Togo,TGO,1989,270038855.650586
Togo,TGO,1990,371853264.043825
Togo,TGO,1991,360181534.228217
Togo,TGO,1992,344998365.476383
Togo,TGO,1993,317807576.191062
Togo,TGO,1994,229946200.779253
Togo,TGO,1995,252934772.752344
Togo,TGO,1996,290185423.613372
Togo,TGO,1997,242832525.226285
Togo,TGO,1998,292663310.318882
Togo,TGO,1999,257491670.041427
Togo,TGO,2000,215538612.712597
Togo,TGO,2001,230488443.250735
Togo,TGO,2002,208846049.867808
Togo,TGO,2003,265798241.877349
Togo,TGO,2004,288542056.83386
Togo,TGO,2005,343204365.826247
Togo,TGO,2006,408057447.986017
Togo,TGO,2007,419788645.145138
Togo,TGO,2008,541538066.809281
Togo,TGO,2009,581758082.549243
Togo,TGO,2010,621561371.299815
Togo,TGO,2011,655679365.312356
Togo,TGO,2012,628441909.578253
Togo,TGO,2013,747332012.546744
Togo,TGO,2014,772172840.451807
Togo,TGO,2015,749832930.403214
Togo,TGO,2016,939862846.220247
Togo,TGO,2017,892885512.82664
Togo,TGO,2018,928051646.698951
Togo,TGO,2019,926219149.255008
Togo,TGO,2020,1020111668.62891
Togo,TGO,2021,1090619558.60242
Togo,TGO,2022,1084808779.59123
Tonga,TON,1975,4223589.47506218
Tonga,TON,1976,5757301.72308444
Tonga,TON,1977,5221335.10756265
Tonga,TON,1978,6116287.05505322
Tonga,TON,1979,6664542.81243014
Tonga,TON,1980,7897973.12685038
Tonga,TON,1981,8729027.80969892
Tonga,TON,1982,10490922.0002029
Tonga,TON,1983,8703603.6036036
Tonga,TON,1984,10166739.7981571
Tonga,TON,1985,9587960.05307633
Tonga,TON,1986,10766042.7807487
Tonga,TON,1987,13603136.815572
Tonga,TON,1988,17375032.0430659
Tonga,TON,1989,18516487.8823997
Tonga,TON,1990,21725574.9344035
Tonga,TON,1991,27013728.2122474
Tonga,TON,1992,25964664.8355727
Tonga,TON,1993,24477601.1560694
Tonga,TON,1994,31042645.0537797
Tonga,TON,1995,34197340.4673853
Tonga,TON,1996,38693481.6137673
Tonga,TON,1997,40539612.1883656
Tonga,TON,1998,34909450.4021448
Tonga,TON,1999,37047424.5094131
Tonga,TON,2000,37139262.8556124
Tonga,TON,2001,35723281.8157804
Tonga,TON,2002,31292237.3821734
Tonga,TON,2003,34548285.9516539
Tonga,TON,2004,37724635.4920533
Tonga,TON,2005,41714015.9576526
Tonga,TON,2006,62956130.4388947
Tonga,TON,2007,55623304.1355873
Tonga,TON,2008,65756362.2053541
Tonga,TON,2009,64817245.8332894
Tonga,TON,2010,68851094.9790584
Tonga,TON,2011,76082185.215853
Tonga,TON,2012,91745745.5520339
Tonga,TON,2013,90397704.8898558
Tonga,TON,2014,88790769.6201142
Tonga,TON,2015,93160360.8928076
Tonga,TON,2016,86640782.8965834
Tonga,TON,2017,92363862.8056085
Tonga,TON,2018,93944717.3978318
Tonga,TON,2019,104115717.878022
Tonga,TON,2020,111980084.848726
Tonga,TON,2021,148547340.999936
Tonga,TON,2022,155006637.13906
Tonga,TON,2023,148302791.543684
Tunisia,TUN,1965,150476190.47619
Tunisia,TUN,1966,150476190.47619
Tunisia,TUN,1967,150476190.47619
Tunisia,TUN,1968,208190476.190476
Tunisia,TUN,1969,224952380.952381
Tunisia,TUN,1970,242666666.666667
Tunisia,TUN,1971,263904214.244326
Tunisia,TUN,1972,326148699.492541
Tunisia,TUN,1973,413666163.815596
Tunisia,TUN,1974,468949022.698324
Tunisia,TUN,1975,632664374.656633
Tunisia,TUN,1976,683575301.731677
Tunisia,TUN,1977,826806526.806527
Tunisia,TUN,1978,975800812.646724
Tunisia,TUN,1979,1093337138.52709
Tunisia,TUN,1980,1265003704.61842
Tunisia,TUN,1981,1246850977.31084
Tunisia,TUN,1982,1343858930.36414
Tunisia,TUN,1983,1412855957.93549
Tunisia,TUN,1984,1392577297.82334
Tunisia,TUN,1985,1433200398.80359
Tunisia,TUN,1986,1602964123.4766
Tunisia,TUN,1987,1643372086.56847
Tunisia,TUN,1988,1674275242.36306
Tunisia,TUN,1989,1743877992.79696
Tunisia,TUN,1990,2010340909.09091
Tunisia,TUN,1991,2166630434.78261
Tunisia,TUN,1992,2479667764.54519
Tunisia,TUN,1993,2375012602.84017
Tunisia,TUN,1994,2552706034.47764
Tunisia,TUN,1995,2937083641.74685
Tunisia,TUN,1996,3045999211.01943
Tunisia,TUN,1997,3389432032.32095
Tunisia,TUN,1998,3581900810.11658
Tunisia,TUN,1999,3733945920.88347
Tunisia,TUN,2000,3579894111.18399
Tunisia,TUN,2001,3656670927.41916
Tunisia,TUN,2002,3986543183.56541
Tunisia,TUN,2003,4722389088.35212
Tunisia,TUN,2004,5277056718.48391
Tunisia,TUN,2005,5460243419.12068
Tunisia,TUN,2006,5743994290.11476
Tunisia,TUN,2007,6475941930.35826
Tunisia,TUN,2008,7236990541.67458
Tunisia,TUN,2009,7227194460.3877
Tunisia,TUN,2010,7001907014.11206
Tunisia,TUN,2011,7907190028.57685
Tunisia,TUN,2012,7880653143.7513
Tunisia,TUN,2013,8423926758.73938
Tunisia,TUN,2014,8711207975.61371
Tunisia,TUN,2015,8197081501.30632
Tunisia,TUN,2016,8303876150.8785
Tunisia,TUN,2017,8063568823.17079
Tunisia,TUN,2018,7849204361.2316
Tunisia,TUN,2019,7885168957.6828
Tunisia,TUN,2020,9193246379.01718
Tunisia,TUN,2021,9794211203.78233
Tunisia,TUN,2022,9151888129.91365
Tunisia,TUN,2023,9360893989.28004
Tunisia,TUN,2024,9720934760.7528
Turkiye,TUR,1960,633333333.333333
Turkiye,TUR,1961,744444444.444444
Turkiye,TUR,1962,877777777.777778
Turkiye,TUR,1963,977777777.777778
Turkiye,TUR,1964,1100000000.0
Turkiye,TUR,1965,1233333333.33333
Turkiye,TUR,1966,1400000000.0
Turkiye,TUR,1967,1588888888.88889
Turkiye,TUR,1968,1744444444.44444
Turkiye,TUR,1969,1911111111.11111
Turkiye,TUR,1970,1890909090.90909
Turkiye,TUR,1971,1853333333.33333
Turkiye,TUR,1972,2221428571.42857
Turkiye,TUR,1973,2921428571.42857
Turkiye,TUR,1974,3728571428.57143
Turkiye,TUR,1975,5071428571.42857
Turkiye,TUR,1976,5875000000.0
Turkiye,TUR,1977,7177777777.77778
Turkiye,TUR,1978,7991666666.66667
Turkiye,TUR,1979,10529032258.0645
Turkiye,TUR,1980,7951315789.47368
Turkiye,TUR,1981,7004504504.5045
Turkiye,TUR,1982,6400613496.93251
Turkiye,TUR,1983,5802222222.22222
Turkiye,TUR,1984,4996185286.10354
Turkiye,TUR,1985,5052873563.21839
Turkiye,TUR,1986,5742074074.07407
Turkiye,TUR,1987,6820770128.35473
Turkiye,TUR,1988,6918002812.93952
Turkiye,TUR,1989,10009283694.6277
Turkiye,TUR,1990,16513376772.7098
Turkiye,TUR,1991,18757382550.3356
Turkiye,TUR,1992,20564318975.553
Turkiye,TUR,1993,23262567137.005
Turkiye,TUR,1994,15230402918.0317
Turkiye,TUR,1995,20515886138.0739
Turkiye,TUR,1996,22765664271.2364
Turkiye,TUR,1997,25704453955.816
Turkiye,TUR,1998,29279596815.0228
Turkiye,TUR,1999,32594059930.7995
Turkiye,TUR,2000,32946467237.8798
Turkiye,TUR,2001,25779277212.2442
Turkiye,TUR,2002,31266561749.8637
Turkiye,TUR,2003,40298862138.0052
Turkiye,TUR,2004,51406954993.1008
Turkiye,TUR,2005,63209277804.1997
Turkiye,TUR,2006,73919264547.0309
Turkiye,TUR,2007,94107100299.2484
Turkiye,TUR,2008,108433748488.308
Turkiye,TUR,2009,105996102092.957
Turkiye,TUR,2010,114944153138.472
Turkiye,TUR,2011,118523180801.872
Turkiye,TUR,2012,127868979805.691
Turkiye,TUR,2013,137265773298.007
Turkiye,TUR,2014,137339569539.904
Turkiye,TUR,2015,116849229395.932
Turkiye,TUR,2016,127159808352.938
Turkiye,TUR,2017,121886414612.625
Turkiye,TUR,2018,114407996735.959
Turkiye,TUR,2019,118262108607.976
Turkiye,TUR,2020,110278959636.047
Turkiye,TUR,2021,109575086764.362
Turkiye,TUR,2022,109439837402.697
Turkiye,TUR,2023,151055591314.993
Turkiye,TUR,2024,196477107746.082
Turkmenistan,TKM,1987,466271763.951909
Turkmenistan,TKM,1988,669107203.165389
Turkmenistan,TKM,1989,644354617.832239
Turkmenistan,TKM,1990,744225916.307324
Turkmenistan,TKM,1991,706869253.3422
Turkmenistan,TKM,1993,342671060.326111
Turkmenistan,TKM,1994,217342634.195278
Turkmenistan,TKM,1995,296192289.278765
Turkmenistan,TKM,1996,184990791.896869
Turkmenistan,TKM,1997,437798919.066749
Turkmenistan,TKM,1998,497119684.822396
Turkmenistan,TKM,1999,378795747.223488
Turkmenistan,TKM,2000,537777028.856993
Turkmenistan,TKM,2001,518622874.896202
Turkmenistan,TKM,2002,576493371.805677
Turkmenistan,TKM,2003,837173733.674106
Turkmenistan,TKM,2004,951829550.717925
Turkmenistan,TKM,2005,1186932849.36479
Turkmenistan,TKM,2006,1203233256.35104
Turkmenistan,TKM,2007,1247185741.08818
Turkmenistan,TKM,2008,1354888975.45773
Turkmenistan,TKM,2009,1504210526.31579
Turkmenistan,TKM,2010,1609824561.40351
Turkmenistan,TKM,2011,1938596491.22807
Turkmenistan,TKM,2012,2089122807.01754
Turkmenistan,TKM,2013,2376491228.07018
Turkmenistan,TKM,2014,2865614035.08772
Turkmenistan,TKM,2015,3429428571.42857
Turkmenistan,TKM,2016,3252428571.42857
Turkmenistan,TKM,2017,5759742857.14286
Turkmenistan,TKM,2018,4879457142.85714
Turkmenistan,TKM,2019,5022771648.14774
Turkmenistan,TKM,2020,5053598977.24372
Turkmenistan,TKM,2021,4824240150.9736
Turkmenistan,TKM,2022,4817903533.81665
Turkmenistan,TKM,2023,5832234051.75717
Turkmenistan,TKM,2024,6346687903.50086
Uganda,UGA,1960,37421988.5971639
Uganda,UGA,1961,37421988.5971639
Uganda,UGA,1962,42542097.6032988
Uganda,UGA,1963,44905547.4701488
Uganda,UGA,1964,50815220.6953334
Uganda,UGA,1965,87218255.6348873
Uganda,UGA,1966,93238135.2372953
Uganda,UGA,1967,103317933.641327
Uganda,UGA,1968,111577768.444631
Uganda,UGA,1969,124597508.049839
Uganda,UGA,1982,243500000.0
Uganda,UGA,1983,228666666.666667
Uganda,UGA,1984,396863015.46947
Uganda,UGA,1985,510133965.786569
Uganda,UGA,1986,353596918.123703
Uganda,UGA,1987,499111271.472734
Uganda,UGA,1988,527566666.666667
Uganda,UGA,1989,367857134.055262
Uganda,UGA,1990,323305443.466153
Uganda,UGA,1991,293622866.634845
Uganda,UGA,1992,275962211.395921
Uganda,UGA,1993,359097095.920703
Uganda,UGA,1994,468683572.478457
Uganda,UGA,1995,643402339.452256
Uganda,UGA,1996,710657943.844032
Uganda,UGA,1997,833242760.728601
Uganda,UGA,1998,847264716.947078
Uganda,UGA,1999,771670706.356574
Uganda,UGA,2000,898288612.054054
Uganda,UGA,2001,910058251.908959
Uganda,UGA,2002,1037533418.67282
Uganda,UGA,2003,1040257453.60446
Uganda,UGA,2004,1102580634.76223
Uganda,UGA,2005,1339018549.44449
Uganda,UGA,2006,1407078986.12911
Uganda,UGA,2007,1534601783.67674
Uganda,UGA,2008,1618897362.61598
Uganda,UGA,2009,1654749558.30247
Uganda,UGA,2010,2206814923.59376
Uganda,UGA,2011,4291633567.07611
Uganda,UGA,2012,2073738129.06915
Uganda,UGA,2013,2052466663.60644
Uganda,UGA,2014,2422742968.12272
Uganda,UGA,2015,2900121375.44503
Uganda,UGA,2016,2147061725.13644
Uganda,UGA,2017,2462458657.58294
Uganda,UGA,2018,2843601880.33463
Uganda,UGA,2019,3102076013.46041
Uganda,UGA,2020,3576326863.84675
Uganda,UGA,2021,4025254929.47925
Uganda,UGA,2022,4459600731.68839
Uganda,UGA,2023,4665316634.90482
Uganda,UGA,2024,5402890993.31096
Ukraine,UKR,1989,14342940773.4318
Ukraine,UKR,1990,13451869535.8501
Ukraine,UKR,1991,13478171372.861
Ukraine,UKR,1992,12983508690.3794
Ukraine,UKR,1993,10492842399.7798
Ukraine,UKR,1994,10174442208.379
Ukraine,UKR,1995,10254917349.1958
Ukraine,UKR,1996,9695709738.72747
Ukraine,UKR,1997,13740977504.9982
Ukraine,UKR,1998,10306416097.3766
Ukraine,UKR,1999,6262283891.1671
Ukraine,UKR,2000,5794053306.17273
Ukraine,UKR,2001,7430986020.36448
Ukraine,UKR,2002,7774528899.63157
Ukraine,UKR,2003,9486585376.8306
Ukraine,UKR,2004,11354013912.3895
Ukraine,UKR,2005,15641022188.6855
Ukraine,UKR,2006,19745346534.6535
Ukraine,UKR,2007,25335049504.9505
Ukraine,UKR,2008,31928981145.8452
Ukraine,UKR,2009,23630256544.5295
Ukraine,UKR,2010,27771172554.5983
Ukraine,UKR,2011,29957842818.4377
Ukraine,UKR,2012,34582780265.2199
Ukraine,UKR,2013,36000375328.4124
Ukraine,UKR,2014,24919533739.4637
Ukraine,UKR,2015,17226834630.536
Ukraine,UKR,2016,17366099163.3548
Ukraine,UKR,2017,23184198765.8125
Ukraine,UKR,2018,27188368504.5109
Ukraine,UKR,2019,28900057181.9044
Ukraine,UKR,2020,30219540934.1006
Ukraine,UKR,2021,35442802217.6347
Ukraine,UKR,2022,64530718932.7464
Ukraine,UKR,2023,75851521941.6037
Ukraine,UKR,2024,72333482673.8628
United Arab Emirates,ARE,2001,10242340340.3676
United Arab Emirates,ARE,2002,11142485827.0933
United Arab Emirates,ARE,2003,12124060313.1382
United Arab Emirates,ARE,2004,12929750524.1661
United Arab Emirates,ARE,2005,14219278420.6944
United Arab Emirates,ARE,2006,15365627120.4901
United Arab Emirates,ARE,2007,17365487787.6106
United Arab Emirates,ARE,2008,23019664125.2553
United Arab Emirates,ARE,2009,25948399046.9707
United Arab Emirates,ARE,2010,29068754254.595
United Arab Emirates,ARE,2011,34902927161.3342
United Arab Emirates,ARE,2012,36449285228.0463
United Arab Emirates,ARE,2013,42851191286.5895
United Arab Emirates,ARE,2014,44070524166.0994
United Arab Emirates,ARE,2015,44511095983.6624
United Arab Emirates,ARE,2016,44725391422.7366
United Arab Emirates,ARE,2017,50945949625.5956
United Arab Emirates,ARE,2018,53423825731.7903
United Arab Emirates,ARE,2019,54704424778.7611
United Arab Emirates,ARE,2020,53048604492.8523
United Arab Emirates,ARE,2021,60661402314.4997
United Arab Emirates,ARE,2022,63583117767.1886
United Arab Emirates,ARE,2023,63850782845.4731
United Kingdom,GBR,1960,12866019524.0268
United Kingdom,GBR,1961,13677881965.8656
United Kingdom,GBR,1962,14553083179.7618
United Kingdom,GBR,1963,14901433826.0835
United Kingdom,GBR,1964,15871638998.0677
United Kingdom,GBR,1965,17930088889.962
United Kingdom,GBR,1966,19499115797.7701
United Kingdom,GBR,1967,21236698808.5322
United Kingdom,GBR,1968,19620434825.5699
United Kingdom,GBR,1969,20590228416.219
United Kingdom,GBR,1970,23157237820.9743
United Kingdom,GBR,1971,26754619128.7418
United Kingdom,GBR,1972,31308111888.1119
United Kingdom,GBR,1973,35112822146.0069
United Kingdom,GBR,1974,41483557737.2604
United Kingdom,GBR,1975,54153181415.9292
United Kingdom,GBR,1976,51505883198.5624
United Kingdom,GBR,1977,54591423338.5662
United Kingdom,GBR,1978,67987129434.3241
United Kingdom,GBR,1979,87078763235.917
United Kingdom,GBR,1980,120186404833.837
United Kingdom,GBR,1981,117426141479.1
United Kingdom,GBR,1982,111171443046.82
United Kingdom,GBR,1983,104577864180.688
United Kingdom,GBR,1984,97195724926.8422
United Kingdom,GBR,1985,99206348819.3018
United Kingdom,GBR,1986,121783894752.272
United Kingdom,GBR,1987,145619361006.7
United Kingdom,GBR,1988,170769212024.191
United Kingdom,GBR,1989,169997200589.005
United Kingdom,GBR,1990,202703817471.591
United Kingdom,GBR,1991,221676202821.87
United Kingdom,GBR,1992,234464296244.296
United Kingdom,GBR,1993,203627546490.702
United Kingdom,GBR,1994,214788804713.805
United Kingdom,GBR,1995,229080006312.135
United Kingdom,GBR,1996,235678627145.086
United Kingdom,GBR,1997,250412573673.87
United Kingdom,GBR,1998,265248426631.335
United Kingdom,GBR,1999,277699401391.361
United Kingdom,GBR,2000,277159933424.119
United Kingdom,GBR,2001,284817907010.22
United Kingdom,GBR,2002,323908872901.679
United Kingdom,GBR,2003,387015510204.082
United Kingdom,GBR,2004,469776638593.922
United Kingdom,GBR,2005,498398181818.182
United Kingdom,GBR,2006,536103035878.565
United Kingdom,GBR,2007,608295318127.251
United Kingdom,GBR,2008,597012867647.059
United Kingdom,GBR,2009,530567066521.265
United Kingdom,GBR,2010,535115964957.514
United Kingdom,GBR,2011,556635586242.028
United Kingdom,GBR,2012,561386447223.264
United Kingdom,GBR,2013,560566044788.634
United Kingdom,GBR,2014,608841471001.912
United Kingdom,GBR,2015,572363589786.936
United Kingdom,GBR,2016,516800147388.965
United Kingdom,GBR,2017,500097426884.023
United Kingdom,GBR,2018,532383639024.843
United Kingdom,GBR,2019,544507834114.255
United Kingdom,GBR,2020,609766997584.751
United Kingdom,GBR,2021,699684400570.401
United Kingdom,GBR,2022,648577452425.483
United Kingdom,GBR,2023,692416482704.594
United States,USA,1970,192785000000.0
United States,USA,1971,208960000000.0
United States,USA,1972,225498000000.0
United States,USA,1973,239125000000.0
United States,USA,1974,265205000000.0
United States,USA,1975,296725000000.0
United States,USA,1976,314508000000.0
United States,USA,1977,341169000000.0
United States,USA,1978,370770000000.0
United States,USA,1979,404705000000.0
United States,USA,1980,453650000000.0
United States,USA,1981,507041000000.0
United States,USA,1982,554529000000.0
United States,USA,1983,595393000000.0
United States,USA,1984,634728000000.0
United States,USA,1985,690640000000.0
United States,USA,1986,737989000000.0
United States,USA,1987,776893000000.0
United States,USA,1988,820454000000.0
United States,USA,1989,881429000000.0
United States,USA,1990,948186000000.0
United States,USA,1991,1004857000000.0
United States,USA,1992,1048383000000.0
United States,USA,1993,1073040000000.0
United States,USA,1994,1108101000000.0
United States,USA,1995,1141743000000.0
United States,USA,1996,1172889000000.0
United States,USA,1997,1220528000000.0
United States,USA,1998,1267607000000.0
United States,USA,1999,1351427000000.0
United States,USA,2000,1437588000000.0
United States,USA,2001,1538151000000.0
United States,USA,2002,1645819000000.0
United States,USA,2003,1746378000000.0
United States,USA,2004,1851920000000.0
United States,USA,2005,1962027000000.0
United States,USA,2006,2072953000000.0
United States,USA,2007,2198532000000.0
United States,USA,2008,2353440000000.0
United States,USA,2009,2433429000000.0
United States,USA,2010,2511047000000.0
United States,USA,2011,2511311000000.0
United States,USA,2012,2515439000000.0
United States,USA,2013,2530745000000.0
United States,USA,2014,2562276000000.0
United States,USA,2015,2603988000000.0
United States,USA,2016,2653374000000.0
United States,USA,2017,2715714000000.0
United States,USA,2018,2859732000000.0
United States,USA,2019,3014914000000.0
United States,USA,2020,3178287000000.0
United States,USA,2021,3366271000000.0
United States,USA,2022,3570077000000.0
Uruguay,URY,1960,102810143.934202
Uruguay,URY,1961,158255670.828205
Uruguay,URY,1962,229175848.391362
Uruguay,URY,1963,198242252.031983
Uruguay,URY,1964,265392781.316348
Uruguay,URY,1965,261745544.298712
Uruguay,URY,1966,239369104.685325
Uruguay,URY,1967,225794926.759557
Uruguay,URY,1968,210045826.219786
Uruguay,URY,1969,301612903.225806
Uruguay,URY,1970,356451612.903226
Uruguay,URY,1971,472580645.16129
Uruguay,URY,1972,286346274.908123
Uruguay,URY,1973,424662714.944181
Uruguay,URY,1974,615115675.616618
Uruguay,URY,1975,495877748.78867
Uruguay,URY,1976,527963663.890992
Uruguay,URY,1977,524031563.84505
Uruguay,URY,1978,630232429.441063
Uruguay,URY,1979,860489049.542845
Uruguay,URY,1980,1265582805.18049
Uruguay,URY,1981,1595716491.66152
Uruguay,URY,1982,1441465351.29933
Uruguay,URY,1983,741392935.928827
Uruguay,URY,1984,659309398.854962
Uruguay,URY,1985,683637154.494049
Uruguay,URY,1986,842518853.097719
Uruguay,URY,1987,974304059.027501
Uruguay,URY,1988,1000181307.47796
Uruguay,URY,1989,1041569405.22684
Uruguay,URY,1990,1124906368.96272
Uruguay,URY,1991,1340465181.7474
Uruguay,URY,1992,1491814697.90519
Uruguay,URY,1993,1826577506.94478
Uruguay,URY,1994,2074487942.60492
Uruguay,URY,1995,2284689084.89526
Uruguay,URY,1996,2628232302.40774
Uruguay,URY,1997,2646649045.79439
Uruguay,URY,1998,2766564374.03008
Uruguay,URY,1999,2923966073.74353
Uruguay,URY,2000,2820054477.87
Uruguay,URY,2001,2610682119.54291
Uruguay,URY,2002,1680104579.35979
Uruguay,URY,2003,1444162253.16155
Uruguay,URY,2004,1506183146.48235
Uruguay,URY,2005,1898708010.26202
Uruguay,URY,2006,2227871421.17855
Uruguay,URY,2007,2732027936.57286
Uruguay,URY,2008,3800663973.9138
Uruguay,URY,2009,4233697464.23506
Uruguay,URY,2010,5304999029.12742
Uruguay,URY,2011,6423921907.64436
Uruguay,URY,2012,7198701277.53646
Uruguay,URY,2013,8294336855.77812
Uruguay,URY,2014,8422759452.42251
Uruguay,URY,2015,7980540587.75586
Uruguay,URY,2016,9165215157.89365
Uruguay,URY,2017,10722315507.8832
Uruguay,URY,2018,11036571449.4535
Uruguay,URY,2019,10754305156.8792
Uruguay,URY,2020,9668868136.85678
Uruguay,URY,2021,10220822832.9814
Uruguay,URY,2022,11543496498.8195
Uruguay,URY,2023,13255747600.7305
Uruguay,URY,2024,13899463343.1489
Uzbekistan,UZB,1992,5603076322.36249
Uzbekistan,UZB,1993,4881198545.63344
Uzbekistan,UZB,1994,3881993752.2268
Uzbekistan,UZB,1995,4273958193.75498
Uzbekistan,UZB,1996,4300474051.89621
Uzbekistan,UZB,1997,3022550943.39623
Uzbekistan,UZB,1998,3072830228.61981
Uzbekistan,UZB,1999,3518228498.07445
Uzbekistan,UZB,2000,2573215266.91745
Uzbekistan,UZB,2001,2109264103.33573
Uzbekistan,UZB,2002,1743801932.30433
Uzbekistan,UZB,2003,1763394897.77009
Uzbekistan,UZB,2004,1948863814.75667
Uzbekistan,UZB,2005,2274894423.77846
Uzbekistan,UZB,2006,2651281462.27808
Uzbekistan,UZB,2007,3482603602.74797
Uzbekistan,UZB,2008,4706778889.89991
Uzbekistan,UZB,2009,5212128655.44957
Uzbekistan,UZB,2010,6223335599.95206
Uzbekistan,UZB,2011,7202498019.06568
Uzbekistan,UZB,2012,8348107151.40707
Uzbekistan,UZB,2013,9747867357.73268
Uzbekistan,UZB,2014,10708128668.4978
Uzbekistan,UZB,2015,11737243797.4052
Uzbekistan,UZB,2016,12179928671.7914
Uzbekistan,UZB,2017,7874656025.79401
Uzbekistan,UZB,2018,7102891163.99423
Uzbekistan,UZB,2019,9736977380.07166
Uzbekistan,UZB,2020,9728810178.15008
Uzbekistan,UZB,2021,11543749569.8552
Uzbekistan,UZB,2022,13494057707.4335
Uzbekistan,UZB,2023,14867137752.834
Uzbekistan,UZB,2024,16033830413.7944
Vanuatu,VUT,1980,30631699.1741346
Vanuatu,VUT,1981,23257348.6211373
Vanuatu,VUT,1982,24187178.8208881
Vanuatu,VUT,1983,36832041.8637416
Vanuatu,VUT,1984,41287916.9605966
Vanuatu,VUT,1985,42543760.3742267
Vanuatu,VUT,1986,44211588.0309313
Vanuatu,VUT,1987,46800608.107493
Vanuatu,VUT,1988,50811100.6837378
Vanuatu,VUT,1989,43837576.0500508
Vanuatu,VUT,1990,46617119.4259354
Vanuatu,VUT,1991,49973137.5358166
Vanuatu,VUT,1992,52296458.3039368
Vanuatu,VUT,1993,51841981.8886175
Vanuatu,VUT,1994,58648683.4757957
Vanuatu,VUT,1995,61688861.9314786
Vanuatu,VUT,1996,70444597.6064949
Vanuatu,VUT,1997,53171657.8924657
Vanuatu,VUT,1998,52941753.0927128
Vanuatu,VUT,1999,57811349.9903157
Vanuatu,VUT,2000,56573753.5576823
Vanuatu,VUT,2001,52906666.6666667
Vanuatu,VUT,2002,40625486.513549
Vanuatu,VUT,2003,47369174.7157913
Vanuatu,VUT,2004,50335450.3980678
Vanuatu,VUT,2005,52313208.1385658
Vanuatu,VUT,2006,61848775.1262683
Vanuatu,VUT,2007,85164124.4661379
Vanuatu,VUT,2008,91597930.6367614
Vanuatu,VUT,2009,97394780.496045
Vanuatu,VUT,2010,122551962.377745
Vanuatu,VUT,2011,130223633.355165
Vanuatu,VUT,2012,120922952.368101
Vanuatu,VUT,2013,119353729.804056
Vanuatu,VUT,2014,107477293.039585
Vanuatu,VUT,2015,120333060.257264
Vanuatu,VUT,2016,116321733.11823
Vanuatu,VUT,2017,153449009.246664
Vanuatu,VUT,2018,154758770.934507
Vanuatu,VUT,2019,192682979.97516
Vanuatu,VUT,2020,212861847.807246
Vanuatu,VUT,2021,236138964.390946
Vanuatu,VUT,2022,246155490.324616
"Venezuela, RB",VEN,1960,1032068665.56499
"Venezuela, RB",VEN,1961,915747052.365516
"Venezuela, RB",VEN,1962,994278037.912511
"Venezuela, RB",VEN,1963,1158234650.55973
"Venezuela, RB",VEN,1964,911954022.988506
"Venezuela, RB",VEN,1965,967688888.888889
"Venezuela, RB",VEN,1966,1053711111.11111
"Venezuela, RB",VEN,1967,1118222222.22222
"Venezuela, RB",VEN,1968,1225733333.33333
"Venezuela, RB",VEN,1969,1311755555.55556
"Venezuela, RB",VEN,1970,1419266666.66667
"Venezuela, RB",VEN,1971,1715454545.45455
"Venezuela, RB",VEN,1972,1869386363.63636
"Venezuela, RB",VEN,1973,2160418604.65116
"Venezuela, RB",VEN,1974,2880558139.53488
"Venezuela, RB",VEN,1975,3578186046.51163
"Venezuela, RB",VEN,1976,4455860465.11628
"Venezuela, RB",VEN,1977,5176000000.0
"Venezuela, RB",VEN,1978,5423558139.53488
"Venezuela, RB",VEN,1979,6256209302.32558
"Venezuela, RB",VEN,1980,7899046511.62791
"Venezuela, RB",VEN,1981,9586860465.11628
"Venezuela, RB",VEN,1982,9586860465.11628
"Venezuela, RB",VEN,1983,9294302325.5814
"Venezuela, RB",VEN,1984,5973135391.92399
"Venezuela, RB",VEN,1985,6263786666.66667
"Venezuela, RB",VEN,1986,6549785567.01031
"Venezuela, RB",VEN,1987,4746075862.06897
"Venezuela, RB",VEN,1988,6136144827.58621
"Venezuela, RB",VEN,1989,4027079509.96877
"Venezuela, RB",VEN,1990,3958445352.76346
"Venezuela, RB",VEN,1991,4993219533.65596
"Venezuela, RB",VEN,1992,5369232269.09758
"Venezuela, RB",VEN,1993,4964274837.15269
"Venezuela, RB",VEN,1994,4085793939.39394
"Venezuela, RB",VEN,1995,5334294330.98658
"Venezuela, RB",VEN,1996,3421905343.87731
"Venezuela, RB",VEN,1997,11615720035.5523
"Venezuela, RB",VEN,1998,12300975223.6422
"Venezuela, RB",VEN,1999,12067287960.7082
"Venezuela, RB",VEN,2000,14584482572.6036
"Venezuela, RB",VEN,2001,17499137945.0132
"Venezuela, RB",VEN,2002,12082998535.6189
"Venezuela, RB",VEN,2003,10762624595.066
"Venezuela, RB",VEN,2004,13444595171.1922
"Venezuela, RB",VEN,2005,16087832037.325
"Venezuela, RB",VEN,2006,21486462040.0559
"Venezuela, RB",VEN,2007,28728856078.2487
"Venezuela, RB",VEN,2008,37465760981.0687
"Venezuela, RB",VEN,2009,45181892660.636
"Venezuela, RB",VEN,2010,44075049688.7205
"Venezuela, RB",VEN,2011,36451769985.7786
Viet Nam,VNM,1995,1697815817.61351
Viet Nam,VNM,1996,2059532732.43053
Viet Nam,VNM,1997,2182602555.48694
Viet Nam,VNM,1998,2074389508.5921
Viet Nam,VNM,1999,1946253342.90187
Viet Nam,VNM,2000,2000734087.16574
Viet Nam,VNM,2001,2068771151.38326
Viet Nam,VNM,2002,2185280931.96767
Viet Nam,VNM,2003,2499744781.50605
Viet Nam,VNM,2004,2903277022.73593
Viet Nam,VNM,2005,3149773786.49971
Viet Nam,VNM,2006,3672194694.9685
Viet Nam,VNM,2007,4299687211.36905
Viet Nam,VNM,2008,5576162799.61355
Viet Nam,VNM,2009,6125958951.38955
Viet Nam,VNM,2010,15284351554.3259
Viet Nam,VNM,2011,17226569081.8367
Viet Nam,VNM,2012,20429808920.2612
Viet Nam,VNM,2013,23328810726.3947
Viet Nam,VNM,2014,24086266096.8177
Viet Nam,VNM,2015,25492766050.6414
Viet Nam,VNM,2016,26733810597.6492
Viet Nam,VNM,2017,28514983377.9363
Viet Nam,VNM,2018,30222633579.2373
Viet Nam,VNM,2019,32028302133.2021
Viet Nam,VNM,2020,32855058667.0362
Viet Nam,VNM,2021,35126918559.1962
Viet Nam,VNM,2022,36461413430.8644
Viet Nam,VNM,2023,38385838000.0523
Viet Nam,VNM,2024,42290429471.1964
Virgin Islands (U.S.),VIR,2002,788000000.0
Virgin Islands (U.S.),VIR,2003,737000000.0
Virgin Islands (U.S.),VIR,2004,746000000.0
Virgin Islands (U.S.),VIR,2005,777000000.0
Virgin Islands (U.S.),VIR,2006,898000000.0
Virgin Islands (U.S.),VIR,2007,1000000000.0
Virgin Islands (U.S.),VIR,2008,1043000000.0
Virgin Islands (U.S.),VIR,2009,1110000000.0
Virgin Islands (U.S.),VIR,2010,1218000000.0
Virgin Islands (U.S.),VIR,2011,1147000000.0
Virgin Islands (U.S.),VIR,2012,1026000000.0
Virgin Islands (U.S.),VIR,2013,1043000000.0
Virgin Islands (U.S.),VIR,2014,1048000000.0
Virgin Islands (U.S.),VIR,2015,1035000000.0
Virgin Islands (U.S.),VIR,2016,1048000000.0
Virgin Islands (U.S.),VIR,2017,1212000000.0
Virgin Islands (U.S.),VIR,2018,1696000000.0
Virgin Islands (U.S.),VIR,2019,1527000000.0
Virgin Islands (U.S.),VIR,2020,1469000000.0
Virgin Islands (U.S.),VIR,2021,1528000000.0
Virgin Islands (U.S.),VIR,2022,1606000000.0
West Bank and Gaza,PSE,1994,513700000.0
West Bank and Gaza,PSE,1995,604400000.0
West Bank and Gaza,PSE,1996,743900000.0
West Bank and Gaza,PSE,1997,832700000.0
West Bank and Gaza,PSE,1998,907100000.0
West Bank and Gaza,PSE,1999,1000900000.0
West Bank and Gaza,PSE,2000,1098900000.0
West Bank and Gaza,PSE,2001,1116400000.0
West Bank and Gaza,PSE,2002,985800000.0
West Bank and Gaza,PSE,2003,906000000.0
West Bank and Gaza,PSE,2004,1242500000.0
West Bank and Gaza,PSE,2005,1385200000.0
West Bank and Gaza,PSE,2006,1399200000.0
West Bank and Gaza,PSE,2007,1640400000.0
West Bank and Gaza,PSE,2008,1832800000.0
West Bank and Gaza,PSE,2009,2342700000.0
West Bank and Gaza,PSE,2010,2500800000.0
West Bank and Gaza,PSE,2011,2892300000.0
West Bank and Gaza,PSE,2012,3126900000.0
West Bank and Gaza,PSE,2013,3381700000.0
West Bank and Gaza,PSE,2014,3523200000.0
West Bank and Gaza,PSE,2015,3494500000.0
West Bank and Gaza,PSE,2016,3625300000.0
West Bank and Gaza,PSE,2017,3346700000.0
West Bank and Gaza,PSE,2018,3579400000.0
West Bank and Gaza,PSE,2019,3539800000.0
West Bank and Gaza,PSE,2020,3639600000.0
West Bank and Gaza,PSE,2021,4309800000.0
West Bank and Gaza,PSE,2022,3927000000.0
West Bank and Gaza,PSE,2023,3613900000.0
West Bank and Gaza,PSE,2024,2835900000.0
World,WLD,1970,473848260508.091
World,WLD,1971,537268709581.723
World,WLD,1972,618731009436.689
World,WLD,1973,736392260103.689
World,WLD,1974,867677863596.723
World,WLD,1975,1029263924899.17
World,WLD,1976,1099512995721.27
World,WLD,1977,1230836465453.27
World,WLD,1978,1456587922310.49
World,WLD,1979,1671665448851.89
World,WLD,1980,1909997290947.48
World,WLD,1981,1968388188295.56
World,WLD,1982,2002214509485.8
World,WLD,1983,2040818182404.06
World,WLD,1984,2061670797372.66
World,WLD,1985,2166296403946.97
World,WLD,1986,2597152854147.98
World,WLD,1987,2966310373719.66
World,WLD,1988,3245046272623.39
World,WLD,1989,3379311594402.83
World,WLD,1990,3851219423767.57
World,WLD,1991,4053211382349.79
World,WLD,1992,4352830274749.42
World,WLD,1993,4403818771274.38
World,WLD,1994,4650161085087.28
World,WLD,1995,5159877975147.69
World,WLD,1996,5216366104261.98
World,WLD,1997,5126760211900.99
World,WLD,1998,5117180101248.28
World,WLD,1999,5314803106278.55
World,WLD,2000,5423576402696.4
World,WLD,2001,5519208160315.57
World,WLD,2002,5872438413200.75
World,WLD,2003,6685569349404.63
World,WLD,2004,7467054630728.78
World,WLD,2005,8019384631379.49
World,WLD,2006,8614534525012.3
World,WLD,2007,9669361076025.12
World,WLD,2008,10865063239307.0
World,WLD,2009,10996126560153.7
World,WLD,2010,11695990238841.0
World,WLD,2011,12870016955859.6
World,WLD,2012,13011208350214.7
World,WLD,2013,13315824723721.1
World,WLD,2014,13538206723303.8
World,WLD,2015,12662171441879.7
World,WLD,2016,12857833563530.5
World,WLD,2017,13554832401168.9
World,WLD,2018,14437393664690.8
World,WLD,2019,14786433692416.0
World,WLD,2020,15379499583624.7
World,WLD,2021,16769535195895.0
World,WLD,2022,16902524401282.4
World,WLD,2023,17858747819874.9
"Yemen, Rep.",YEM,1990,1965732353.44386
"Yemen, Rep.",YEM,1991,2449458784.34638
"Yemen, Rep.",YEM,1992,3137801831.80683
"Yemen, Rep.",YEM,1993,3834138218.15154
"Yemen, Rep.",YEM,1994,4899833472.10658
"Yemen, Rep.",YEM,1995,1848518518.51852
"Yemen, Rep.",YEM,1996,912472628.536393
"Yemen, Rep.",YEM,1997,1063905645.785
"Yemen, Rep.",YEM,1998,1031537876.21222
"Yemen, Rep.",YEM,1999,1129876433.5087
"Yemen, Rep.",YEM,2000,1312186335.40373
"Yemen, Rep.",YEM,2001,1400871420.94967
"Yemen, Rep.",YEM,2002,1589135788.4098
"Yemen, Rep.",YEM,2003,1616567485.32026
"Yemen, Rep.",YEM,2004,1741356471.55847
"Yemen, Rep.",YEM,2005,2049093504.23107
"Yemen, Rep.",YEM,2006,2622534586.45187
"Yemen, Rep.",YEM,2007,3373682849.75283
"Yemen, Rep.",YEM,2008,3638420297.87054
"Yemen, Rep.",YEM,2009,3703768028.88262
"Yemen, Rep.",YEM,2010,3663017441.5957
"Yemen, Rep.",YEM,2011,4188676333.02152
"Yemen, Rep.",YEM,2012,5119848810.96121
"Yemen, Rep.",YEM,2013,5291172227.65136
"Yemen, Rep.",YEM,2014,5179533714.92391
"Yemen, Rep.",YEM,2015,4505267935.09412
"Yemen, Rep.",YEM,2016,2708467045.81747
"Yemen, Rep.",YEM,2017,1611539722.67626
"Yemen, Rep.",YEM,2018,1942640328.22124
Zambia,ZMB,2010,1753705363.65721
Zambia,ZMB,2011,2403615096.59103
Zambia,ZMB,2012,3034200590.6009
Zambia,ZMB,2013,3416142325.15053
Zambia,ZMB,2014,3941926596.2632
Zambia,ZMB,2015,3141058916.23789
Zambia,ZMB,2016,3368409696.62878
Zambia,ZMB,2017,3550063850.80116
Zambia,ZMB,2018,3343837875.50081
Zambia,ZMB,2019,4121964569.43367
Zambia,ZMB,2020,2664372683.89339
Zambia,ZMB,2021,2547948398.89748
Zambia,ZMB,2022,4214991568.46008
Zambia,ZMB,2023,3671393420.48874
Zambia,ZMB,2024,3208067775.7243
Zimbabwe,ZWE,1960,111125709.67216
Zimbabwe,ZWE,1961,127400014.77554
Zimbabwe,ZWE,1962,134797489.855023
Zimbabwe,ZWE,1963,149263572.186158
Zimbabwe,ZWE,1964,142523632.660219
Zimbabwe,ZWE,1965,147455249.362855
Zimbabwe,ZWE,1966,154030704.94935
Zimbabwe,ZWE,1967,165209109.512767
Zimbabwe,ZWE,1968,180332727.397445
Zimbabwe,ZWE,1969,195620729.17051
Zimbabwe,ZWE,1970,207127801.459641
Zimbabwe,ZWE,1971,235763814.990066
Zimbabwe,ZWE,1972,278897526.985973
Zimbabwe,ZWE,1973,361081266.992173
Zimbabwe,ZWE,1974,445169678.990582
Zimbabwe,ZWE,1975,527249265.845345
Zimbabwe,ZWE,1976,598705431.35573
Zimbabwe,ZWE,1977,714034786.23211
Zimbabwe,ZWE,1978,781848693.025025
Zimbabwe,ZWE,1979,927459000.877327
Zimbabwe,ZWE,1980,1236994062.81013
Zimbabwe,ZWE,1981,1298059725.83929
Zimbabwe,ZWE,1982,1588624206.70516
Zimbabwe,ZWE,1983,1343320623.38052
Zimbabwe,ZWE,1984,1273628958.33001
Zimbabwe,ZWE,1985,1139500009.64492
Zimbabwe,ZWE,1986,1284451081.07569
Zimbabwe,ZWE,1987,1575931429.32701
Zimbabwe,ZWE,1988,2149152855.68531
Zimbabwe,ZWE,1989,1549538560.5182
Zimbabwe,ZWE,1990,1708984829.138
Zimbabwe,ZWE,1991,1393750000.0
Zimbabwe,ZWE,1992,1631750000.0
Zimbabwe,ZWE,1993,981500000.0
Zimbabwe,ZWE,1994,1151000000.0
Zimbabwe,ZWE,1995,1281500000.0
Zimbabwe,ZWE,1996,1449750000.0
Zimbabwe,ZWE,1997,1392250000.0
Zimbabwe,ZWE,1998,1011000000.0
Zimbabwe,ZWE,1999,1220750000.0
Zimbabwe,ZWE,2000,1624250000.0
Zimbabwe,ZWE,2001,1199750000.0
Zimbabwe,ZWE,2002,1137250000.0
Zimbabwe,ZWE,2003,1026750000.0
Zimbabwe,ZWE,2004,1219750000.0
Zimbabwe,ZWE,2005,876000000.0
Zimbabwe,ZWE,2006,320500000.0
Zimbabwe,ZWE,2007,169750000.0
Zimbabwe,ZWE,2008,90500000.0
Zimbabwe,ZWE,2009,913250000.0
Zimbabwe,ZWE,2010,1845250000.0
Zimbabwe,ZWE,2011,2648750000.0
Zimbabwe,ZWE,2012,3425750000.0
Zimbabwe,ZWE,2013,3522000000.0
Zimbabwe,ZWE,2014,3815250000.0
Zimbabwe,ZWE,2015,3770500000.0
Zimbabwe,ZWE,2016,3726250000.0
Zimbabwe,ZWE,2017,5946414342.62948
Zimbabwe,ZWE,2018,3541911764.70588
Zimbabwe,ZWE,2019,2023041221.57
Zimbabwe,ZWE,2020,2408299768.75701
Zimbabwe,ZWE,2021,5343004170.2444
Zimbabwe,ZWE,2022,5768810896.36983
Zimbabwe,ZWE,2023,4293488554.48022
Zimbabwe,ZWE,2024,5047585037.5077
